-2.230464853773830
-2.456599338836923
-2.343340913302283
-2.282150019184762
-2.360713900994742
-2.662779279722599
-3.095796031688565
-3.605316479541012
-3.843369254874778
-3.716737745218543
-3.634150176697134
-3.411985943019432
-3.022226241213561
-2.484630563428570
-2.110219630577919
-1.946668078241425
-1.849921303946280
-1.718800927241264
-1.657032755423338
-1.418111823542935
-1.071450352120546
-0.844492512334462
-0.569630360347722
-0.004998712620474
0.590537655949636
1.168056707526500
1.706325126015477
2.129092814928514
2.425084184365935
2.490392455222356
2.691818587978837
2.993801652252193
2.936146032564074
3.187709783448716
3.360124144254835
3.680652659108086
4.089869749214293
4.264810691381032
4.364670654383227
4.356965494498113
4.295029189399250
4.142258740740053
3.811865979593091
3.410050259792111
2.965115915086752
2.434713870330673
2.159011550809788
2.012245858555781
1.951968537414368
1.793465381800665
1.590288692010400
1.351077068724067
1.219532943559638
1.208170220260270
0.887277998041904
0.763410861442366
0.519237067938248
0.276166082845833
0.022387936053798
-0.160980840928097
-0.351131225745407
-0.325850325994107
-0.269608195137366
-0.061038772444914
0.136402610964534
0.122033675978421
-0.085637542317956
-0.429408659847629
-0.582663148951051
-0.475166920319256
-0.630945949268732
-0.718014798474572
-0.517215716391766
-0.419587633534653
-0.526563994642138
-0.537420121776580
-0.328083696185330
-0.086035246529507
-0.124155627206787
-0.191533936088019
-0.066683197720468
-0.317286141415804
-0.944710379572211
-1.308133998713904
-1.297869026053269
-1.056746823133358
-0.907473978127843
-0.917028121871403
-0.887192158741362
-0.797762430409574
-0.797619769047863
-1.076987629176784
-1.069621243102330
-1.101484731924895
-1.550653450758340
-1.551476529338754
-1.566166617458443
-1.628971902844777
-1.562576731994507
-1.933807918417244
-2.061668829529347
-2.107367733737600
-2.138654898237075
-2.231419198226716
-2.321187557083950
-2.702388646304152
-3.193704579146265
-3.449483502735780
-3.551913704247403
-3.544106618190634
-3.572242703226026
-3.385369423557463
-3.018360054519689
-2.433144407273905
-2.153280324476058
-2.042746419504282
-1.847927625065519
-1.780054274994884
-1.759237889536548
-1.510635322683405
-1.125076720368820
-0.709418153764952
-0.236483003724894
0.164012595984993
0.589231066986941
1.151911805674029
1.627425469003965
2.123796524807003
2.382897588951105
2.432296341939472
2.708704976656628
2.983637358103163
3.054712656917536
3.233778191471857
3.530758007520103
3.915872414176673
4.248904171706521
4.222783747260062
4.331878787159650
4.481683621787083
4.475148580202856
4.444724823023077
4.221645585661624
3.598769079577727
2.914142810828623
2.448063693501209
2.070024778747348
1.872815399166003
1.849278956310563
1.634707782091651
1.571091356352323
1.525051474489380
1.561401594231208
1.586108538236851
1.178064054000089
0.971919508856073
0.770670236803633
0.462885314964575
-0.031107102927354
-0.247799230027071
-0.322247341786027
-0.429072534428750
-0.632742734781759
-0.443634704006541
-0.091885471301417
0.129652091764974
0.035616180941957
-0.187819166813720
-0.355952814639479
-0.081423322514197
-0.225242564009371
-0.466742607292870
-0.380671341890213
-0.334542645180039
-0.289805394742556
-0.266598671187918
-0.259731032578667
-0.129788086397454
-0.113478169289073
-0.163736248318047
-0.302158004872181
-0.719675470860640
-1.181744576144124
-1.319153009113641
-1.224890335767779
-0.946314292354879
-0.857688813629471
-0.805724260329118
-0.732226727083275
-0.538313127280131
-0.452579143798211
-0.701277940235654
-1.009211707803671
-1.064014781816193
-1.514427696361401
-1.638322640747538
-1.526280935020488
-1.484343058108377
-1.488224606454147
-1.836267845367043
-1.975235228726971
-1.853445998538297
-1.777105583873366
-2.044796079709764
-2.205597031051113
-2.574243457725191
-2.920945963716159
-2.934911002333209
-2.910680252098011
-3.174592613464536
-3.303583176695342
-3.203956469878378
-2.871043031283394
-2.511958793748458
-2.254885340225905
-2.044234917237344
-1.927800120645800
-1.871893532397653
-1.736116377846112
-1.576806978988605
-1.268714615157017
-0.795212397724512
-0.223534908586632
0.350733551563381
0.725659444247993
1.360989492724080
1.739196617467727
2.063636646170156
2.467230873264986
2.622448689368001
2.784200889913088
2.928066233327857
3.067961095460387
3.329782777502071
3.724308239517034
4.070622588057395
4.231370518450416
4.243585480389592
4.444756206596848
4.699141137636739
4.734955701848246
4.744127657369147
4.377141347058206
3.774076630043704
3.068208919636800
2.627396255266450
2.142527289035622
1.977910886352139
1.829001145398638
1.740871234377683
1.756875620737211
1.779350272482537
1.750629546567233
1.639751011537417
1.176687317444933
0.933690213173250
0.709544532872269
0.344602078146963
-0.100731164063055
-0.272411024127715
-0.431950625096980
-0.681021432954253
-0.878984431552504
-0.489484462750748
-0.098532476431169
0.216335124937619
0.280233693237593
0.072610297639135
-0.044101334825448
-0.017636351266823
-0.037727003979255
-0.189261740896197
-0.221207311454672
-0.286046162655506
-0.283529650367539
-0.127280970631551
-0.163801193130819
-0.169068677398458
-0.075762747343439
-0.209123480485353
-0.619915955837033
-0.807642914969409
-1.098547141772926
-1.212439528165285
-1.017407818698123
-0.874643651417785
-0.788057633303053
-0.662781311928041
-0.459545922052452
-0.430475177891323
-0.379792127929872
-0.493974210657769
-0.742675281305090
-0.908813890256873
-1.226093994172993
-1.511279458933919
-1.508198782812665
-1.453233909534386
-1.687880425695091
-1.888996477587672
-1.972521226607062
-1.725587801504179
-1.655508318120948
-1.905633025239226
-2.130228283839186
-2.388216147322983
-2.491430555199347
-2.515579590352196
-2.742228796789802
-2.909764918674880
-2.946303169826176
-2.914054380606941
-2.723441422123290
-2.531722646718180
-2.325571942739066
-1.917033907667140
-1.774143737096376
-1.651676261398466
-1.498936270246329
-1.439044097991631
-1.226417747906552
-0.715406529515380
-0.149029832754874
0.323417023815105
0.748296751447835
1.310526953659787
1.877927192282178
2.232115806154042
2.546895250096427
2.629212251443648
2.802458968143382
3.038283441104187
3.199963127963918
3.501790591579191
3.763416803419186
3.924650797853735
4.206565182467676
4.355513611639576
4.659258662011665
4.926403685617566
4.797242370432863
4.676746799116459
4.452354072157259
3.758426420883436
3.345402895898908
3.059666618663015
2.565202814085027
2.318112543212991
2.177819563238053
2.084063538505832
2.100721293297063
2.141602769746368
1.987656608688398
1.655453616098039
1.408081183624829
1.108272558830917
0.727192648729981
0.346945831342138
-0.028689004334109
-0.236250694084439
-0.573366946495646
-0.833128187555663
-0.800796102360873
-0.498874825332086
-0.111575636884431
0.047848182394647
0.148405944949202
-0.003928480495193
-0.011323409644440
0.016770092159447
-0.081761798099688
-0.052145470579911
0.128900351030601
0.020647222777335
-0.019095338110408
-0.098667010638150
-0.073452441977034
0.028601362441897
0.024998358591898
-0.170449485974384
-0.510152449325986
-0.693904583516698
-0.907978056135307
-1.039293238648229
-0.977968355832805
-0.834525348854845
-0.877700394217531
-0.616174223815979
-0.331886471542848
-0.336477539873311
-0.310897351377704
-0.483201045559185
-0.555220571707085
-0.796135192177723
-1.187526700027436
-1.368960314316310
-1.518136417058461
-1.505653345452049
-1.748143670036984
-2.073057968182939
-1.853298028160625
-1.639866968037647
-1.609920825469456
-1.731714443336797
-1.957468428727281
-2.104276888821477
-2.244460161929262
-2.251391741298339
-2.425294953093477
-2.493115551813179
-2.507931756001630
-2.446365646879446
-2.324499351408132
-2.285504410125036
-2.169549438979742
-1.792233391867752
-1.556360036087151
-1.491732318969968
-1.365603383189144
-1.192228803325451
-1.000484163785340
-0.660075894179226
-0.265539521243552
0.247672922212012
0.729516092682276
1.137273065878137
1.813283722894544
2.246819796605972
2.379597944297950
2.434852517461229
2.678593512700656
2.906130299281810
3.063524164450797
3.506732762628707
3.811528602615390
3.900910524523969
4.175616713048791
4.470457012401061
4.816668706859995
5.129884180676616
4.857436883614902
4.572808282656269
4.338694533656198
3.905453423395128
3.665123047827031
3.476238424988547
3.012316963422850
2.743042322816398
2.473841859025570
2.468067419708316
2.552648678090456
2.382397178838324
2.006501351917358
1.929279300533166
1.721939981297647
1.249178977334382
0.904335010742403
0.483437224198580
0.066700073698358
-0.379100564402035
-0.701920874848549
-0.869235158401017
-0.651109934350376
-0.471057286703832
-0.330611398102758
0.044937362830235
-0.029136174084253
-0.076979627223285
-0.000113899735698
0.109299203040487
0.087121106894786
0.046713840744955
0.229941722436756
0.186672795707032
0.288658198792465
0.275358907063828
0.155164488480248
0.017715258170136
-0.050590161261128
-0.219229784990908
-0.437226556878131
-0.652244399686469
-0.866834009019545
-0.995701595439144
-0.817220145738071
-0.798429849837553
-0.804955641569394
-0.682179046233666
-0.609888165658168
-0.293155321490102
-0.226312934509994
-0.324077253008845
-0.513124880864882
-0.818573742606328
-1.172132800883581
-1.378779999962036
-1.313549635970628
-1.397148240315964
-1.673603967455236
-1.918902628013686
-1.444203550442605
-1.306658292577558
-1.333512307835277
-1.463313298865534
-1.516588925501100
-1.689582084974533
-1.819597841581383
-1.945333522127393
-1.882420003662622
-2.131369309230336
-2.300574184357475
-2.009717227531737
-1.964149309724355
-2.141675974380872
-1.886118961355362
-1.708491940073456
-1.462889201337041
-1.339577221965903
-1.305260523523374
-1.147488370832676
-0.964051882816151
-0.728634761549811
-0.349909518396364
0.153840811605580
0.526756474783466
0.974173359678533
1.631504723944210
2.070283975969550
2.240483654137436
2.279478614804909
2.493645131868274
2.642127406831279
2.944365398228133
3.385039844945947
3.764929932190261
4.088890800875112
4.355084229341917
4.641756059399709
4.863271108632559
4.921109416828943
4.819035833241298
4.530799781003424
4.206720703450704
4.000459079928939
3.931974142640573
3.830680140217754
3.479483229886115
3.113800595040641
2.766484934720423
2.608406091617203
2.663608378126384
2.576064159318004
2.157930967022603
2.100356014572178
1.786573069423983
1.376518156230218
0.955735861677205
0.399458692100007
-0.197426362728730
-0.564802676843130
-0.847653494720424
-0.904867887250799
-0.757293811437785
-0.464858522111807
-0.330675412729731
-0.156966045443598
-0.133309102629654
-0.013967690451537
-0.037780833102831
0.039813346397004
0.179214294159830
0.302814958243368
0.272784294828353
0.253843694042826
0.419939125263465
0.386670611290439
0.230243867117251
-0.006902408125425
-0.132609477339673
-0.241018164327935
-0.515301297706080
-0.605964160624803
-0.705628386150610
-0.872432117746691
-0.867194736774549
-0.964453895843228
-1.015104577389382
-0.805525174881672
-0.739179278048813
-0.459133075473990
-0.363339754922975
-0.367190043761118
-0.734915776503998
-1.011746049695472
-1.297222135768201
-1.467794532606137
-1.377228853549425
-1.280364242219777
-1.420521407359010
-1.564448211773246
-1.106326968843518
-0.923307111974229
-1.002215660833688
-1.172446817436855
-0.990959691789906
-1.035463718526490
-1.329100605421784
-1.361760015716539
-1.499439628152311
-1.773632179204823
-2.016858153128013
-1.791052522775621
-1.706341594338554
-1.957937084155116
-1.861647465142390
-1.656142105352986
-1.351203788806618
-1.138608535440506
-1.008087329707215
-0.943596267471446
-0.800219351373295
-0.698177456903006
-0.432767217308425
0.119259141564466
0.443238178152714
0.873425115356274
1.398086027864706
1.844211043100708
2.147823489782797
2.266039466093703
2.475574731877425
2.644638147161181
2.924075611334096
3.351413984315029
3.716586902370643
4.163809610160794
4.421833493863110
4.751064029517440
4.977710624960072
4.846252123390777
4.733405207906741
4.453941116499999
4.314276992122604
4.225095316166106
4.349328795531169
4.142276177647823
3.843600418571242
3.332591954736714
3.102244183213199
2.988832623904959
2.812670776526766
2.534726357627378
2.266453381972146
2.173755934430412
1.908346391464043
1.448463741809605
0.867178053855671
0.242806121424940
-0.214503754132250
-0.519310668608455
-0.839106667059448
-0.916250304318123
-0.837598233916513
-0.619027326270315
-0.498656451548503
-0.388664971173816
-0.247697964208447
-0.055028354022031
-0.004168365454959
0.067130822037172
0.200826245387885
0.364097737455910
0.408967730389338
0.372236768220682
0.523220715232326
0.410364495313181
0.276249123097633
0.092045273939902
-0.051258712597005
-0.053376902969791
-0.199339765841374
-0.454680595358514
-0.552189027715023
-0.782342038180810
-0.932266418152118
-1.049454555855399
-1.160110423883439
-1.025218234138805
-0.802395165716140
-0.794074631317685
-0.682307333724399
-0.603310644023608
-0.774869893659087
-1.030858866748970
-1.141737542873253
-1.276543459690646
-1.271328785908307
-1.172933185868043
-1.243403996725565
-1.301838955049893
-0.658352734696117
-0.399037711058954
-0.567072369942740
-0.633452298997582
-0.618602115650133
-0.666688542901860
-0.707157235373889
-0.783347588254196
-1.005234087296041
-1.320923500619659
-1.627247776017474
-1.680649212910184
-1.710014535598484
-1.755468751298001
-1.860209406051579
-1.749697798285397
-1.318899399794267
-1.036622822346816
-0.914755557899715
-0.856280004396801
-0.698135611598111
-0.453629516186447
-0.315259273490150
0.043257071215078
0.447699051149884
0.754029103067539
1.257627004477532
1.733324580872048
1.972362804341386
2.145187378249843
2.430185242400478
2.694156181208374
2.922810045129783
3.378585525773093
3.740836012090217
4.238511484042302
4.600048041891237
4.815004319347969
4.974470683205189
4.791493989921938
4.662919992139823
4.561679167576428
4.417508604983245
4.402730373359977
4.473073731524950
4.212114282179714
3.983929484667276
3.806905633843934
3.467747586352977
3.223377758887614
3.050565610206954
2.589785526861135
2.245049759940926
2.264265775616020
2.088912777534532
1.473539301529742
0.995954112184226
0.433763620249340
-0.047557760724766
-0.449670481065741
-0.637077319520451
-0.673284162663897
-0.937562950203879
-0.735817853486086
-0.562155315080835
-0.434923237297238
-0.360550963676660
0.007362810112916
0.030034488057405
0.197249004305903
0.104901215786631
0.172764183437670
0.270013446329547
0.469907043690860
0.514993503977585
0.272117282916541
0.238245288733345
0.002406817452823
0.021065675313879
0.060874282825642
-0.053240512712357
-0.407296069975905
-0.555094445491082
-0.844437922522113
-1.110385814821784
-1.282373050275971
-1.293171186599041
-1.073886768592921
-0.921865735571418
-0.971521985068145
-0.937016842131673
-1.022704520925100
-0.871509032517474
-0.809754117203329
-0.863286686336006
-0.874524357357287
-0.802571277045342
-0.853592425790807
-1.077503701984216
-1.043403818748111
-0.146778468091640
-0.024941681231412
-0.071482800709300
-0.067067093222096
-0.137736019589641
0.060242921043713
-0.048064211481638
-0.283181881424886
-0.653343002044012
-0.858812495723994
-1.252977109640408
-1.479993327852113
-1.510494941874014
-1.728822952207933
-1.762222509923220
-1.522757017837493
-1.190669401689521
-0.880710187774497
-0.896760648743745
-0.909967293251465
-0.563894007678678
-0.298494168945499
-0.175762192955469
0.041821169234294
0.395007723944238
0.803031568638391
1.121292466091432
1.572299658130349
1.872522789921615
2.145959109122809
2.547223118094086
2.834099375615089
3.105474992012931
3.682428716862917
4.140238401637281
4.521087407602764
4.829850551588111
4.820778538854799
4.807678064667456
4.702096680189236
4.735069920161932
4.715488403207573
4.497161390097661
4.470512273853045
4.449162445823794
4.337912409703327
4.216182358000305
3.978682399400750
3.778444362847409
3.414808915349706
3.097864956344802
2.651525666537623
2.369015824091113
2.393567262160100
2.034614373413401
1.578678406145370
1.167928979672050
0.652280607544878
0.177716616872370
-0.337735945694537
-0.477243447859930
-0.468492226651984
-0.664352333592447
-0.595614172122430
-0.500723140431620
-0.381828289938613
-0.241952177445797
-0.173273723582119
-0.081431265049734
0.074575549376361
0.036741235025305
0.066604438477829
0.342952918417471
0.603434032152117
0.462867217219093
0.172080625496389
0.095689548944502
0.200879170650568
0.195577528305047
0.084040882569439
-0.169580531394085
-0.555888802183306
-0.592299562657855
-0.860648727276881
-0.997718901373533
-1.063847055207890
-1.070250588785022
-1.017532447604490
-0.835931648746145
-0.911188309555988
-0.909984378903473
-0.971213649252249
-0.846781754047191
-0.778459346317291
-0.756898090422309
-0.666222242409787
-0.469378150904399
-0.479259643466475
-0.617325458007271
-0.539994087464133
0.323473078545397
0.301031738780341
0.345240630490655
0.433268116133871
0.419682709896442
0.629697139438478
0.477585937664282
0.203256756959061
-0.101651928298873
-0.341975222686915
-0.658261889582741
-0.815995610992771
-1.104921128664220
-1.503972444546075
-1.529172098644458
-1.286712250035125
-0.821612116536024
-0.580290403998687
-0.577822718998444
-0.642648260652868
-0.369633973457810
-0.250108190933246
-0.145139064539488
0.089055609892880
0.387469358506616
0.836573468747456
1.345584924332413
1.693274656813520
1.972103641839050
2.293343711736286
2.629090480185920
2.950284801100230
3.364285580107395
3.807814377022500
4.342818941564186
4.577281745105241
4.777399021421288
4.662229130778816
4.754350568780553
4.845319222105165
4.946448142708438
4.805214851819868
4.615053896154368
4.443946215964505
4.503233851825446
4.428315084031990
4.334877963500528
4.105540176127090
3.978646248931530
3.593953286900005
3.269001799161476
2.869897806197671
2.593782201208028
2.389249224702183
1.987459566353565
1.637427993984287
1.239257758225480
0.756910543108596
0.336872265823586
-0.061063787365210
-0.103746689880599
-0.270552798858689
-0.352768710207847
-0.302363487140783
-0.465776201689304
-0.469075200264813
-0.356877000442854
-0.295275464532981
-0.230429665104873
-0.179649375560712
-0.160248517637670
0.079809423418049
0.475108886174078
0.537143887922343
0.322156136687797
0.226697888438601
0.289576170314311
0.486354108666964
0.285334951116802
0.032043531518023
-0.271255417233942
-0.545972343689014
-0.501174138872996
-0.706425034059613
-0.687109298716814
-0.732945139441510
-0.768789060493596
-0.775493624982414
-0.729058694053915
-0.626407212361653
-0.751807848590407
-0.718063039499703
-0.673242382490498
-0.628046831350870
-0.589175470313148
-0.418642857531049
-0.427156803390058
-0.395449312456933
-0.330593031894404
-0.101131120710937
0.460781078301152
0.518333662769024
0.761625672815121
0.848504988021369
0.789573176876470
0.918889639363969
0.941697497484396
0.730695058229509
0.403149828076013
0.229781276440825
-0.144538360219392
-0.329798725667988
-0.729907695822388
-1.141997517412870
-1.059718254727135
-0.889822673224757
-0.592437263585168
-0.285936840669398
-0.322471503514979
-0.301927083117884
-0.097810561001155
0.032502911214172
0.068252773065116
0.196023725514607
0.451736619893790
0.895080538429054
1.371467500787731
1.505571780472092
1.688837750793102
2.152994250351582
2.633547984677823
2.959959564914401
3.487886561250397
3.835326940417940
4.137063009319618
4.374034494900735
4.371357403313807
4.580870343737348
4.655947981913460
4.740177601954342
4.696296269992496
4.693764596176482
4.582800187902532
4.482079533734019
4.424575934738905
4.531881671748181
4.530421126916787
4.219454191122017
4.043927181211375
3.851468414908868
3.523950437806663
3.139799489545021
2.896291493784663
2.590797317897081
2.216002187640159
1.631837957656715
1.300760802421331
0.936911751638417
0.579301604610702
0.345608316737801
0.222339222675717
0.145335081722333
0.063329562674999
-0.064395534230989
-0.385331176274826
-0.413934681062016
-0.450356317591713
-0.135003057642247
-0.058904897880482
-0.180765527194230
-0.281897713031697
-0.147850256569691
0.193767734534847
0.359221994442052
0.337606820395244
0.426805758580262
0.655803999592216
0.661309226325684
0.405674519783894
0.132210119545195
-0.260171554795031
-0.557581152509886
-0.463592022291216
-0.319497576907434
-0.303876716663075
-0.271717264087514
-0.331833061592243
-0.538410368259137
-0.626998611946593
-0.619929463255563
-0.649199016779444
-0.402866256917179
-0.308443597725714
-0.218097691007417
-0.073408797372683
0.034224615595514
0.005614537992519
-0.006193634959457
0.129504282317351
0.298549116606555
0.773669780265700
0.774752502612659
1.087268888960693
1.074910221216741
1.244621865278581
1.135678057003667
1.045169482655333
0.956773679606906
0.805270492813022
0.651202629596462
0.421735578078899
0.040519121312547
-0.205362975161983
-0.436371647744026
-0.432597743961107
-0.475203280604442
-0.330308263070932
-0.154965947748377
-0.226424585537381
-0.171615374634609
0.079438997632213
0.478111165137610
0.578669994302715
0.667599869945726
0.796930325336272
1.077950297919130
1.406596904995924
1.394426891467863
1.516199236008106
2.063189392883963
2.568386994469849
2.860073583816059
3.216791056741970
3.585774734801384
3.768409832758130
4.151746062797517
4.448698236214029
4.508384010473951
4.473710450474788
4.538228338220769
4.578257859311980
4.617737357152392
4.458617420603236
4.460007824439376
4.417056100989798
4.495282113856431
4.555997950960593
4.334107222641398
4.087267140150366
4.021272855835690
3.815110694132908
3.544518868153324
3.153753791167107
2.732501712532992
2.333043411129284
1.788941228878457
1.272006767727643
1.105365816353005
1.021085443555475
0.822761537397776
0.487978488946188
0.312981667009295
0.270108611322213
0.063344518165660
-0.223857613263327
-0.247600564130532
-0.348487266719726
-0.110903551777001
0.028762973684564
-0.133857328944782
-0.237797345242740
-0.327744580240667
0.002569256868529
0.269960666207825
0.503744439028869
0.631480615549457
0.779476903763690
0.725797645258422
0.557946371564920
0.305304542467534
-0.043838127416958
-0.258849780694666
-0.262608954236521
-0.080013942197200
0.053469804475010
0.338993899276579
0.283512021355049
-0.123644768823419
-0.343816576730231
-0.397314618041898
-0.320050674633119
-0.213528792655368
-0.113959873181778
0.174419892320382
0.232992027663561
0.248300970950734
0.386633097847561
0.518470017734005
0.682643304561353
0.819487175148438
0.942665905054081
0.938586383727113
1.167637254721722
1.341582572899306
1.416609357504029
1.316005662568110
1.310207572043495
1.223964878045587
1.103345112831307
1.056483197890590
0.917906555756342
0.602919020761684
0.355244492622328
0.180764235510601
0.094272101377742
0.082341700807041
-0.077571767985500
-0.096711213818006
-0.116028964034829
-0.026361875195459
0.298841781715818
0.714982374567914
0.961514546855282
1.050271779673434
1.236590464403604
1.248818076940879
1.463200874297661
1.549620882136190
1.754110990025024
2.092221296868161
2.461426224088761
2.935898624837563
3.119107542983813
3.228346259705197
3.475303167921299
3.994155353447501
4.440420881627568
4.465993004512760
4.369926153757819
4.494058100417509
4.496283133734093
4.464686916566814
4.365714079852673
4.268871661297515
4.299647703261087
4.275637780331023
4.477449576837030
4.461579365409277
4.103805515782829
4.010216553091324
3.768330654123148
3.538380725660042
3.196719364674416
2.746174083877370
2.329838334919535
1.946085230414577
1.590243838452541
1.382469190435506
1.353162062523652
1.210503864588802
0.953080077663984
0.635295498206812
0.384673774717285
0.219315827621641
-0.012427959953171
-0.095398109791369
-0.036130818419710
-0.072944026301029
0.112416972978145
-0.033425492812550
-0.166626755025289
-0.355157532518423
-0.211942481272415
0.206197011832452
0.591888223143885
0.780743319103533
0.783605317532581
0.758104393175761
0.684410866854241
0.519226695559875
0.249827034550651
0.067282965653937
0.107036722921579
0.297747577293049
0.479109426014142
0.549334875460399
0.501073410036694
0.228268649789764
-0.054746636223638
-0.100964865691108
0.018573495375546
0.146411780580532
0.402671016365261
0.552601422336684
0.612115778348364
0.691523626183088
0.929146373403387
1.084217462638573
1.220530196348797
1.123623676131541
1.336111511037947
1.170035588826912
1.437160401536096
1.781258100958558
1.845194603612412
1.826807565674119
1.809786053047515
1.883889981946363
1.936359132903781
1.938074026124753
1.543616217355133
1.181260339914141
1.105871518960654
0.967490074402703
0.793563578459142
0.597165854058567
0.314414242545705
0.103341459893547
0.010725978500344
0.133193779137838
0.567487182106772
1.002459907777246
1.203446623337980
1.440788068124623
1.797751043416927
1.824702793759672
1.799516458163274
1.820636339447861
2.105711480495571
2.338278217223336
2.547996229867922
3.059745839134832
3.155763229110776
3.109446721331443
3.422730692846129
3.670740755896042
4.224587153755753
4.511209547614978
4.475525318222440
4.423966997889687
4.423374042322989
4.313637693224042
4.217809496341532
4.288720310580477
4.366609934973353
4.358435068487321
4.493747949117758
4.490290308198206
4.168559646825945
3.977898393388779
3.617651895947667
3.324867843518744
3.042174219914011
2.729157988638676
2.438480109835148
2.135146318160280
1.929311049525896
1.801368908421844
1.702568803926493
1.478953614520193
1.144508088871798
0.877454046090624
0.537327933217116
0.339304005192422
0.031230221138245
-0.071639831529491
-0.132086336760058
-0.183665342604113
0.038446495511236
-0.142763690560590
-0.251294153980016
-0.333174803171626
-0.137169146665392
0.221580941780086
0.622665833003385
0.799035777089291
0.889623734119194
0.812063342086793
0.555807644165948
0.287551107294499
0.287820325562621
0.320300463140950
0.423189250121581
0.555586317757795
0.595611335704721
0.628063935248908
0.624471227449992
0.581827077192389
0.335701867080895
0.248193806384296
0.191063112302274
0.398632088777387
0.574849895677497
0.740647875766992
0.924338285039695
1.448961884865752
1.606202483714376
1.534806376946380
1.611184827248716
1.636923367700110
1.662209072881768
1.833178465638296
1.932666293156097
2.200146309320345
2.480018185674044
2.509363105191957
2.304150224776007
2.457002795660155
2.541294495579137
2.596278685217472
2.188703281386127
1.762748294889823
1.668669826492796
1.629227781032031
1.448294821116610
1.113204287078233
0.866540912862895
0.691248821407737
0.493019611851765
0.458930320167283
0.948418349907003
1.310525819172444
1.527053877596798
1.837329066587159
2.204870858200376
2.283821669571733
2.145891494837584
2.278109033713370
2.409526684380851
2.549630109162054
2.724203729315911
3.174087882958345
3.174294809294330
3.098306410104993
3.413211572413752
3.650064375674352
4.121621589046438
4.297538646492002
4.292675363675101
4.322175638244510
4.418914392227882
4.178125794252380
4.107264193579951
4.176952678175967
4.182202588288554
4.238449108666413
4.374148579269764
4.223650327978032
4.013625951302637
3.823128676832697
3.583828853782885
3.239297523708363
2.955835642130369
2.606658100998227
2.351539839790712
2.110651759966460
2.045175798521350
2.046476776908148
1.930772316643345
1.680313022894636
1.359260851954220
0.862382098398518
0.610902301840415
0.446892092580971
0.171927388640283
-0.036662842706891
-0.177828346331795
-0.276522910363828
-0.203628091165819
-0.318670152515945
-0.411971491599507
-0.359312928072497
-0.088326379860333
0.116636566008447
0.410467986373570
0.742378090564759
0.893124732848423
0.820754144703257
0.460187661470986
0.288931423214326
0.437094209458552
0.433434058175110
0.475215829538449
0.604460600769477
0.610220211137192
0.701783037974883
0.820084545217040
0.857402550190103
0.717425585938421
0.611945350523862
0.482642021654641
0.535995450533507
0.727385455830423
0.886082871326877
1.185648878566573
1.666988938538713
2.010032055234258
1.969884300967562
2.053855005592025
1.933930498208726
2.077812572720517
2.276270586886908
2.231850572846381
2.414087659602555
2.908859628238148
2.794787735351636
2.697299295837305
2.950971494775251
3.004067378711800
3.041102731830531
2.697740091373455
2.245894332697226
2.002188940180924
2.137348984760911
1.895003982736103
1.617085940894988
1.619503465258560
1.472873729880632
1.209316324385556
1.028704682637814
1.393502748259867
1.734916379006680
2.026651275591477
2.364252834584038
2.690407924157432
2.653461940475851
2.583817376005974
2.682413150669018
2.649085914291372
2.831788015314402
2.949871057535346
3.231723420433258
3.229558032567347
3.247931827739745
3.658384518279006
3.785772940349380
4.108466141808299
4.215515736172785
4.201080041879464
4.350800729133944
4.393259423145622
4.139329039309041
3.836012067643791
3.824896123722614
4.045419770510895
4.017155933520265
4.047842244444215
3.963095491922908
3.843310675112840
3.696738237901523
3.347984238895074
3.032471675971611
2.818494673854328
2.411848478439035
2.259004954572574
2.098945335137838
1.965283910041126
1.907460214211017
1.871722955394975
1.601501414747087
1.273381335294824
0.954537697234533
0.714690055575322
0.456413225997367
0.091491301111816
-0.152059659475946
-0.258589636366295
-0.286503618646921
-0.286660032573324
-0.346443472657590
-0.444837531316496
-0.539771087199396
-0.289637548134778
0.038330981425256
0.342890798003259
0.579031141950736
0.672518435596233
0.514925985312048
0.276556376913708
0.399876432976916
0.561814566576868
0.529429402678342
0.382187284494462
0.349387658781910
0.431206008349781
0.752499124434361
1.085533595179560
1.208958684725187
1.088127666209714
1.080211337373700
1.032414435231618
0.895563650110587
1.072304559455692
1.125866421199761
1.315348869612995
1.672837003204655
2.089373638392439
2.248959840980641
2.208579924806424
2.114318864332092
2.422000627399737
2.449595551825076
2.564529126175445
2.784018197367576
2.973553199361402
2.905532797885108
3.016186840105629
3.251564045377486
3.496575178647831
3.344625570888516
2.981012922701590
2.510720230970846
2.343703447716412
2.445943320105790
2.347401290675167
2.310037576816934
2.271632556439011
2.249065701985040
1.975503637986695
1.757880165419849
1.745365457321142
2.093520507440119
2.506745306118426
2.948197490113242
3.238667685031909
3.202876420031317
3.095507035608985
2.972346018952394
2.971680691062159
3.170497931291603
3.369770834996701
3.438188125896642
3.473601325801161
3.765511413538532
4.076310519799509
4.085245089446192
4.026299776385869
4.152043774585873
4.442761662385085
4.352680501318763
4.293525550976547
3.915314410228479
3.590726682521885
3.598714962335127
3.594828482163919
3.718077571698208
3.871845910293963
3.813394157115882
3.887439188289189
3.671295776920281
3.249747164509231
2.787049057215565
2.519278005144644
2.264449958441262
2.005289845715036
1.829147189329948
1.677167554716577
1.658746897154888
1.616642595918289
1.292273348881798
0.986418786618687
0.845062503115372
0.566000502325774
0.158413648942719
-0.104668268345385
-0.289194579104806
-0.454808854978233
-0.509159345755434
-0.575411440269154
-0.536227351705171
-0.715701749717546
-0.711271993542063
-0.425836994240191
-0.183536739479638
0.075200159821642
0.238598567775505
0.304685811026005
0.196191669019396
0.116035599163489
0.341379319981670
0.415170819619181
0.486214235204094
0.373504747702363
0.357518180460713
0.532603775478027
0.930209469687695
1.121709291898910
1.385271507109918
1.496852575187496
1.571349400348586
1.581609243383886
1.313994434172977
1.327605032721418
1.354848033346916
1.287026634112051
1.727160492619788
2.326987659790691
2.359414940477498
2.359054085697575
2.432677861200795
2.510263482742799
2.623645753448960
2.786096441842585
2.859483360487841
3.088023875841139
3.221440380014693
3.337741478569868
3.456709552655069
3.701831042597632
3.424553991601014
3.055401897237146
2.776996022884388
2.663352843959368
2.717515626278083
2.762065459728217
2.851841121565999
2.904937253602601
2.991960328389468
2.748262807771984
2.408343054363443
2.080241048441592
2.462908594726525
2.989141885306752
3.332498831218929
3.492501337135771
3.622027421789753
3.595144993369969
3.407901343656629
3.319541270025300
3.434277164896140
3.727294770120487
3.798395116000531
3.752829533214754
4.018376820627277
4.259166137616044
4.207326653290893
3.954422427820840
4.057240319162492
4.415809954123254
4.511091005350586
4.326530832866876
3.868928805726434
3.651039707854165
3.599692623371970
3.521537544575056
3.598501560880823
3.868064229232454
3.846209972933618
3.740824073142430
3.530021022733066
3.166521444503405
2.616031026416109
2.248635556280478
2.033066795113874
1.693432134903650
1.587902741316454
1.390713790524534
1.387691257815134
1.398797782832681
1.129812179808898
0.720109346529342
0.449570978304324
0.260719119685186
-0.073759929483548
-0.234618464580020
-0.433299338787559
-0.672108878725754
-0.951090508565028
-0.954598608502158
-0.890678973333894
-0.931272620030333
-0.756665348503433
-0.382443304504520
-0.242982744386918
-0.231431119202251
-0.110983995800644
0.110873413142987
0.037799618548267
-0.030558768689597
0.229755316084447
0.398307423380224
0.347375716322899
0.237742616182184
0.348747612326639
0.649015530657223
0.999277674288038
1.400502324227226
1.710130928307351
2.013207299197513
2.117468994206177
2.138308264422861
1.903717303644626
1.720640781757888
1.778764397467242
1.564518281802253
1.720934871908358
2.163028903119963
2.114315636584408
2.287074032778249
2.528265878802836
2.450759274416788
2.792130701394274
3.033837892356108
2.900061576035722
3.001878760142662
3.128180220921569
3.275029457269932
3.294159821281643
3.434861988959030
3.387030939343731
3.025887814168316
2.836804729319186
2.878836139964363
2.946842619166128
2.958130004088829
3.095934708467767
3.347082175585074
3.379150185728542
3.251676769550977
2.951270692338747
2.777628751314559
3.030199417304633
3.505381558885137
3.724549932445726
3.878760660302734
4.054219807361989
3.820823006409084
3.674262160142801
3.587522127798075
3.517973916311108
3.839987789617204
4.086773299881204
4.137276818133120
4.343984222581698
4.584403983399625
4.309955583665225
4.261664397816576
4.096547949921205
4.266461568422876
4.337470729089604
4.157329362130752
3.876513702389637
3.700459852537482
3.835069047255717
3.803073542949178
3.808299369430877
3.812499387809927
3.817028432019882
3.663636504533039
3.474382277209305
3.124575672016773
2.578585091809582
2.120644817386843
2.003481604070866
1.673804265391444
1.335448780685845
1.039875164479142
0.817623461588800
0.830992205340019
0.626339800752638
0.299402468786516
0.091628736535673
0.113584738235542
-0.063545958786425
-0.347193347599870
-0.560580828100359
-0.924511755864749
-1.227615506856644
-1.317689065671620
-1.212305624930050
-1.041236366407337
-0.951397782715586
-0.809934778024299
-0.622445867549441
-0.462463121818590
-0.347188868056294
-0.113951070552294
-0.082852542441283
-0.089081643584973
-0.006576688395230
0.254089413829906
0.221702725479877
0.222763792593861
0.272147851467259
0.663946278284086
1.154590838880045
1.821160137489181
2.080895398211905
2.219777270132419
2.463483200727073
2.581724237341269
2.454426214088671
2.344035697699583
2.186774796415726
1.855950969321840
1.891729913064463
2.112702058929894
2.189431489765711
2.412237232803619
2.407178513818804
2.633791918820216
2.926405113556406
3.069841601903108
2.990239962632593
2.986828003651592
3.108428674775379
3.263200422791968
3.195662733752819
3.353396528379903
3.415645296744170
3.074457088649638
3.014942172295235
3.042094892571940
3.041030429307401
3.183416959463957
3.372725973251300
3.595917088558584
3.587352506951068
3.663284321645230
3.525048560735372
3.429639687089828
3.586080599579613
3.761175795103758
4.134841827561745
4.307070225055512
4.272170550819452
4.031628452675188
3.900406705499856
3.835633089015620
3.781572732014845
3.833347064793627
4.282885373494564
4.425915152616858
4.592731973917199
4.695584817829727
4.495850830877623
4.326957308185152
4.126860942326771
4.174505054385043
4.208346376069586
4.134739855172783
3.879306390004897
3.759840436725034
3.807018468314568
3.768556848796790
3.754320638236710
3.769862937236593
3.745755794816420
3.739932927831530
3.448917102649915
3.123771571551686
2.609683915979363
2.085609431483136
1.867401857449086
1.629966020291111
1.261483801225452
0.884488563106549
0.656069456687063
0.517168635988533
0.291086193410316
0.168180989480723
0.106534991469172
-0.120302052024535
-0.228584373514987
-0.357543645075022
-0.704320204939244
-1.174568808429856
-1.538406727610625
-1.561854250795416
-1.491572794958862
-1.246050200125441
-1.219551786673928
-1.218271081476709
-0.861136728634434
-0.634512044720518
-0.488154155769570
-0.310672551462470
-0.250034687991497
-0.221269077797766
-0.103290483138833
0.142675754887545
0.148279987491681
0.161460779261861
0.437838504624518
0.979978463838538
1.444545140413741
2.056378111713781
2.112935733726947
2.219198154685229
2.683754478255493
2.884535405640488
2.834855030015592
2.641222747207029
2.400223685855051
2.212895706823818
2.309464029391604
2.457364102657702
2.547654789424089
2.438973384313935
2.448180164995283
2.998584438590004
3.292507736578827
3.366453647537403
3.265879641660249
3.210863982558084
3.334638261751180
3.243946947667980
3.386066198711855
3.368793923075771
3.239543839382031
2.945511041623021
2.826415935776631
2.954292440204016
3.207491655564902
3.470885062866241
3.568715586745617
3.582071180549908
3.732017352881696
3.917621431788377
3.959274941031959
3.938043308274701
3.913921317340659
4.116861911505256
4.436786608403382
4.438406741389227
4.162970448342906
4.132487546808941
4.064287198942710
4.061410831618420
4.157649033112801
4.104602418392205
4.265914359036926
4.492278983628386
4.488216587017727
4.598261567703720
4.644902326855973
4.331423741182261
4.253578361870017
4.329805467801936
4.074980464982191
4.023964529884991
3.992148297433553
3.883434432971939
3.843953256450488
3.646142793166008
3.503605470088839
3.486807767713679
3.549126756776931
3.532194429649219
3.282835117820211
2.904282598042387
2.464256595163846
1.954209248869003
1.762674202234039
1.381385032331397
0.907440471551497
0.520305299033337
0.488688584982970
0.356640216555262
0.200160294514407
0.186553677133773
0.075893276392222
-0.247671482105171
-0.445208652657122
-0.533592661364847
-0.907822504567245
-1.225634162177361
-1.608909100534459
-1.865051163012253
-1.811341484976853
-1.717817328206189
-1.607283834039423
-1.498124922892495
-1.329545557329008
-1.086655885982006
-0.828837312065595
-0.620928999035197
-0.330084871309488
-0.213062787540441
-0.117496899965986
0.074732062858600
0.168810218435014
0.251865602856456
0.569362333195189
1.046420061778127
1.491246367100042
2.178294508920693
2.148968163378188
2.272346363622308
2.671944419066676
2.898117224894157
3.053347654419311
2.931028021774286
2.817384261525689
2.678901440850927
2.615090588565628
2.674901061690026
2.662260608218437
2.721788739401830
2.880633452649528
3.518540113350465
3.452818195027558
3.569536833109879
3.456852061866040
3.422068303135363
3.299570550454559
3.083122237958797
3.194950547295094
3.231865573660646
3.101302353728903
2.738374890441786
2.624204197336956
2.904347042710298
3.215272588396794
3.504360209139985
3.577115059730811
3.594680076544778
3.782111966057196
3.972157740854893
4.089383167582773
4.212419186130072
4.281778255319143
4.278257623718862
4.424853553219129
4.311054073696764
4.073329000848624
3.975792875953434
4.183907085252947
4.353968789576806
4.280773767118280
4.259159266295390
4.235994322744999
4.393335937448978
4.515351592558630
4.622711185899085
4.635185285178526
4.530293482163096
4.460250664081907
4.389869346319358
4.176530744373304
4.191478231747962
4.158496104568854
4.033557318556376
3.963376090968706
3.714632122143303
3.398783229317481
3.358878828730272
3.383619006207080
3.204350405364413
2.817132937494917
2.579731394897582
2.228709331034844
1.912733194285905
1.452207043161324
1.141746292022170
0.731353883224507
0.401539749505372
0.372415365422535
0.311151077541797
0.301683939495946
0.167204653298443
0.082067382516999
-0.117413940141397
-0.363670057633658
-0.679754531663899
-0.990704455059438
-1.462926152123490
-1.858289199361758
-2.027272024710811
-1.947032945666063
-1.923792908139769
-1.863224774168171
-1.681549486967985
-1.614670127419839
-1.338395375431956
-1.089646853179743
-0.574806072692105
-0.185260050220681
-0.141627427569520
-0.061722983667127
-0.009244317943269
0.238042304795799
0.469455064657012
0.666855522893489
1.001990980153830
1.435170721498880
1.700515945676646
2.000995841601735
2.348493334864112
2.760913773440258
3.030173052429781
3.088855617611428
3.109377530364569
3.165125735205933
3.083938971615324
2.792154287920931
2.771145393455621
2.935752714915647
2.985905094724055
3.282445459435380
3.580377279138973
3.631518472225260
3.666651921721418
3.596567479510517
3.434784057540569
3.201314582588697
3.081695144621971
3.075361200382031
2.888508250456981
2.944464784894339
2.637646131957145
2.627689666489989
2.866218330196862
3.151031825230489
3.418961161425523
3.517203015833791
3.712088512208440
3.848963470579310
4.165578010188728
4.352099413579766
4.600377682827265
4.536112695492942
4.402659625800194
4.379690789230381
4.211103392311877
4.105517543162416
3.985163869394419
4.152153812595257
4.340741974039402
4.224815720895887
4.327978622474840
4.214776154757785
4.307457419484573
4.393318620930959
4.658653666738676
4.647251162604489
4.529535489954274
4.465702209868595
4.383161587266244
4.251740174457566
4.351405331728321
4.325927886243332
4.184106408929527
3.962074232480655
3.655148521503735
3.213060015158870
3.151255520544873
3.089018762758376
2.819988159825551
2.467910711607097
2.231508227502225
1.906774717743849
1.618374846992750
1.286797732761505
1.096761033767997
0.739690432509253
0.449221346923620
0.245884977833521
0.198498247838404
0.168372556748526
0.057402323448254
0.027532824012730
-0.127142266552384
-0.414842414568057
-0.858567925308354
-1.314495126418987
-1.781718819098323
-2.005332378474050
-1.999911919581296
-2.092146235969703
-2.112961879775930
-2.055461765300429
-1.887302835900398
-1.620417910799908
-1.467710141829841
-1.107978282582429
-0.550792211999702
-0.199063954645539
-0.036641125754144
-0.053550794110889
0.089477014363679
0.398166884048305
0.809618384752624
0.884016156650974
1.069038751911657
1.336288219255817
1.532596379014176
2.091896758269390
2.516217877493116
2.869770973535741
3.154674888041186
3.250389022125125
3.359685199292109
3.430632631804291
3.226914709763404
2.906422386647459
2.768849228216302
2.950901248818965
3.064498379801733
3.375684018560243
3.464067966196950
3.540342616576550
3.607199040282026
3.484636972058157
3.289576123157511
2.990579091657909
3.101702760504075
3.060054592365786
2.944724599329140
2.805668806518599
2.672221214652409
2.691736295994798
2.915842657709979
3.193319761917179
3.344881912846914
3.526280100181753
3.803429032015432
4.022334020995608
4.377029719829776
4.633948108609681
4.868221692952782
4.823152308616738
4.782570661661568
4.561958986692521
4.308283798220462
4.091193345518591
3.930397310625768
4.003029644058496
4.151516290295986
4.056418840214810
4.060649423388567
3.949569113512271
4.105002726058609
4.426227212871238
4.478917169541412
4.590286276250359
4.642114399546633
4.435379035087285
4.194433785460210
4.139439917341512
4.336891105533955
4.414576234676955
4.161999541021366
3.701133959231381
3.213417903716169
2.822411399736203
2.702048958529996
2.588525720517233
2.243573790559042
2.049164542267758
1.996600067877242
1.555431367552430
1.323050217306792
1.109709058177283
0.906808272206778
0.701833981128201
0.492013213694001
0.187932530307343
0.040094678510234
0.005738123378437
-0.064447319644382
-0.175916543442846
-0.361773697559154
-0.539975773882983
-0.998769810686484
-1.512037899808771
-1.861054381267754
-2.044929459788636
-2.114067777633774
-2.032396292826222
-2.107869429163761
-1.942257787443346
-1.730249348832427
-1.337505830840632
-1.233253816945386
-0.846880722211244
-0.387111597976504
-0.171079904963486
0.038486118756628
0.180919056766248
0.371903308468593
0.701105733890138
0.958612215283977
1.144843761565409
1.182721083352733
1.249922262211209
1.598927990740118
2.255293867848357
2.857011100641145
3.070736074661843
3.203909690898331
3.279766744978232
3.555419333537007
3.453399194891832
3.261429865755082
2.981302165319370
2.868591598818229
2.907663876258284
3.055270950838960
3.359435684512394
3.349614584578447
3.404464581594983
3.368781951164766
3.183240814681282
3.200837479135397
3.179282892570800
3.188965268599619
3.007941157456683
2.819191688988512
2.676391737387602
2.734829936374229
2.739282140061186
2.846257727943928
3.111516344317002
3.362195778550896
3.542041250762257
3.691685447787059
4.091205342124860
4.526405637060615
4.898068226687601
5.020565690642215
5.028218116204001
5.051504461101501
4.804510842634087
4.410107281746045
4.126269414653339
4.042446828148162
4.016631346045728
3.786234693740169
3.558697846610779
3.586405776604241
3.632550155985593
3.726039630357925
4.077621362797021
4.251590133650049
4.333791597985263
4.346294752582427
4.191922488511319
3.964897373995889
4.052616944787458
4.172280605246669
4.241281259401616
3.938770294605443
3.468829305418853
2.898378192387814
2.542814160450739
2.419552261861696
2.133528170992959
1.677985955061742
1.518667299262720
1.484269986834516
1.095739535044707
0.923666858346107
0.743064503365029
0.741026236791597
0.687947070392820
0.619677431341452
0.222330015052738
-0.132863926259340
-0.314991140275856
-0.529958479752469
-0.620677561950620
-0.669487844125678
-0.847502782893430
-1.164216764499146
-1.651118514800677
-1.887179739127071
-2.105801411221101
-2.050245467870245
-1.895569699080385
-1.975388796380271
-1.850051483537141
-1.508086851466707
-1.368893788940372
-1.165299224959421
-0.579614531024924
-0.102608001540155
-0.022001237222778
0.109371328332784
0.294975582878275
0.371419673113646
0.693266846892948
0.939759958789677
1.116153133806009
1.222555860375844
1.217311095194950
1.489579553556662
2.357676571200834
3.007520569136306
3.291539740308442
3.277334004814204
3.327305620616846
3.520321103225139
3.347077909369724
3.118228075161238
2.787835356157640
2.631098865524406
2.615789047298728
2.723805266637546
3.081852838649490
3.210490229065851
3.343564212738608
3.277608672127633
3.104044087218519
3.095868083773607
3.226570631144233
3.071358320412872
2.699894756696751
2.411690142985693
2.433064716003162
2.401029148803360
2.504200256153139
2.816043627695991
3.107690457301584
3.465830699017287
3.469002322354978
3.656182879414523
4.050869529591283
4.453531307899806
4.626701442351017
4.711193203722847
4.991480969282913
5.250397184834922
4.894172877161073
4.406029344627830
4.002839099103836
3.813089099558656
3.728633527579330
3.432130664516222
3.331050379052128
3.226917027367274
3.235509070498857
3.369690408743532
3.595120868071027
3.950745497200588
4.093364457730371
4.064007381553676
3.983781722410979
3.749834021559058
3.599133482446641
3.769271989183989
3.780792403515653
3.466964658977746
3.193928486487883
2.654591605270651
2.351590726116912
2.019297335846120
1.571940675305976
1.132371351939562
0.973479652486137
0.891310484960848
0.632563702920021
0.597130301189874
0.714305612180863
0.571664490803799
0.441474895824633
0.393587763440673
0.196347504274293
-0.219206619338014
-0.490648051121920
-0.814136945332441
-0.990463508186182
-1.045003760589724
-1.180645819437766
-1.508058015904993
-1.861635971364210
-1.982479759711006
-1.992460936065214
-1.854612369853984
-1.832329918095776
-1.893876241390868
-1.673161096531559
-1.408140209985641
-1.509530292252384
-1.270238458807287
-0.683203624490586
-0.170941870334776
0.010935508509856
0.136095281079521
0.224988079730017
0.172128938515947
0.399168439320556
0.639358468884274
0.908056508223574
1.171976447419175
1.276015431629697
1.664448462824296
2.464170590739605
3.043652902683844
3.355492653940437
3.406987938610440
3.224209565752818
3.324558114289408
3.174202743370617
2.965596547041331
2.607407989786053
2.421262149447205
2.348799725878270
2.520724760374100
2.966159457023745
3.120468414789444
3.441719800103828
3.462985283621653
3.214280529690843
3.081162941097403
2.996385444313530
2.825160040724800
2.554824312529233
2.349928243183515
2.271247630205618
2.352399904460393
2.555691593208896
2.971421552729387
3.297107896334264
3.260770520425898
3.408094632551238
3.684105679553741
3.994182988896239
4.280455386092850
4.478510879476037
4.585360136741178
4.854743756320049
5.266374343363796
4.807511554522526
4.224910272575913
3.666818226820489
3.366610321077457
3.287334613690248
3.023119819881055
2.874537710810421
2.760621981619866
2.876717599498333
3.044532517706890
3.229350406156840
3.468131246307395
3.640615918685684
3.864287093457121
3.807426601276298
3.495496786717557
3.335529764138320
3.381536261469332
3.150353376726526
2.937342954950090
2.798282512571066
2.424910807764433
2.052670429254827
1.584482099593947
1.096675987744529
0.627391352002384
0.251249389962977
0.389654008683598
0.440653031835151
0.577373334649752
0.599449516658279
0.433431507240682
0.183478805481986
0.022581387639449
-0.156473355090056
-0.437200001511601
-0.586996374560041
-0.704391166646762
-1.033341977472130
-1.440558055814411
-1.722003311618280
-1.711674855127208
-1.838758237180060
-2.015002885926941
-1.902950726260980
-1.732942050905342
-1.705782705661458
-1.714703045695084
-1.623688944006879
-1.436545594014477
-1.385928855684102
-1.285937283559647
-0.897580965700285
-0.388356401119871
-0.124084469603552
-0.148966406751636
0.058757771714995
0.235293174540590
0.339306392746694
0.430012695911521
0.660267847826686
1.120842335169256
1.360770471209176
1.903222597519484
2.595043231817321
3.183370321321712
3.443834148118515
3.495291426247985
3.309077005981159
3.243927008552318
3.264777825724612
2.876953830547492
2.512939402478174
2.296986619834935
2.084633687118161
2.359592984378530
2.699035286107624
3.070584586056380
3.328735832541023
3.555050298901834
3.309349390713855
3.127700817862564
2.900107903414037
2.872307505230871
2.703587466110355
2.452747854206335
2.219918945360554
2.407509452919768
2.626802028510461
3.012006547350186
3.221177554966657
3.267563857443677
3.662484831186384
4.014365785451317
4.123659711287673
4.272531915896556
4.511911811483567
4.564826658572298
4.558751550630619
4.653125104459799
4.332059171627683
3.589441324016077
3.162430331582378
3.015740355062572
3.076725311069660
2.828555126301128
2.353860041322298
2.255146685369541
2.393824884763861
2.641845859764580
2.827805361730306
2.949583752982524
3.207948129523142
3.627217464838959
3.513451130581238
3.353410844117150
3.205831627919174
3.002567677489754
2.804658651299706
2.660379884335412
2.510488241937184
2.109672454737212
1.697067622239818
1.273297784606579
0.753294288498044
0.247246318560355
-0.037090920032828
0.127385064652669
0.257673298498092
0.460180046130448
0.384343308596228
0.189375517523269
-0.139572029953664
-0.152321781640825
-0.273856266774789
-0.520579518539639
-0.678532635642148
-0.821757669219204
-1.242506869642534
-1.840550559003674
-2.116729246325129
-1.894792854596484
-1.805904193179582
-1.853171392267306
-1.740642638852653
-1.664186386251546
-1.745265468565869
-1.704185080127372
-1.561155452875314
-1.437308797610550
-1.517806324662489
-1.507044888437227
-1.053742014345793
-0.530256993466151
-0.333259193577275
-0.394179587162851
-0.168218303674565
0.174836299495964
0.505208925894488
0.514223319748071
0.613360079593038
1.021605964395474
1.506357949888450
2.029552784541083
2.678348823791768
3.036654362778579
3.263339029866781
3.311799522929224
3.357725632960154
3.231127017188279
3.171858182430402
2.833458981351469
2.426425428980646
2.308899331898245
2.150484366746662
2.391102618584726
2.654742736258175
3.017204039458286
3.162431991750631
3.258224684057268
3.125139663728800
2.984300317776927
2.930040526368462
2.887159918612447
2.859417864549819
2.589167617819493
2.343838913750325
2.556787797907236
2.525025313785000
2.907854263389723
3.153350792412635
3.458394137725120
3.863209760147651
4.126718769959106
4.265610219786070
4.419005922817600
4.536508529901376
4.408979391913824
4.145863028938251
3.970592894609324
3.673044656899947
3.110318092836797
2.880829383925509
2.720561577602887
2.824445916198929
2.732288578020722
2.330836832399342
2.061916839965316
1.967185304330613
2.144008064798851
2.466868728406130
2.649862639907510
2.844961421264252
3.183860782873772
3.313945913822856
3.140268195726234
2.824764219420662
2.721146079500434
2.482623601409166
2.226296745414110
2.027879565586246
1.861115296671954
1.423859747667885
0.987073775865990
0.569393654759051
0.404342507485507
0.220349100063543
0.195842166374003
0.310099674986977
0.254403675720788
0.107339048235018
-0.002825452097367
-0.465446374676864
-0.536794841524218
-0.429988874341078
-0.678097895429829
-0.828291523419518
-0.977645405258431
-1.404429900066439
-1.979882673945954
-2.151259480560593
-2.086615679299975
-2.028511648124498
-1.855799759374412
-1.808030341729620
-1.806900957427885
-1.841689178670345
-1.630606181432719
-1.515260418480465
-1.429154977375977
-1.585291493028827
-1.426000220398687
-1.026713326083116
-0.621576409189844
-0.394648793705106
-0.346388355227918
-0.165167500294230
0.249860845884469
0.629774146541032
0.627751437181570
0.663874522734157
1.007957191133137
1.476500795347416
1.810127434225488
2.376713951873646
2.673632754954247
2.856185446670771
2.987651985690110
3.216396224643804
3.349425644285638
3.115884127065765
2.796027837797262
2.421630949196954
2.328567400895689
2.133695711552870
2.397128476776745
2.899070527397042
3.108444970023055
2.972445712666852
2.934555163199665
2.993251645245041
2.862715302909939
2.998635911740758
2.911186282704705
2.840180143211872
2.651266058776971
2.678775067218747
2.589072654852626
2.548630872192753
2.860238176343701
3.158761627212832
3.517023385090845
3.605201803462929
3.929383901856459
4.213469231786918
4.353322999641336
4.385684021977743
4.251751497180467
4.055853980201438
3.753509444861082
3.302503603083698
2.855564358513164
2.752976078953740
2.625501985474520
2.511421685450155
2.387335913108424
2.273734102769838
1.925763955109540
1.859394498958372
1.910790161591332
1.942412423117105
2.281321927794044
2.594522028922654
2.622700352990561
2.647111262847904
2.603550788574887
2.533670389791604
2.354596011505323
2.231257242700132
2.017197743520556
1.819797666524568
1.695192626832963
1.415737789442026
0.900812959848580
0.665393774603002
0.606309284698317
0.341468491586235
0.162039085876163
0.050670903728715
0.020256253399230
-0.237123285089528
-0.433560210382199
-0.769066413140667
-0.860412121283792
-0.739797541433446
-0.855060394893669
-1.071701967177035
-1.266278617781012
-1.464527484620135
-1.670032175974181
-1.787576197616804
-2.025858131029703
-2.010027035393459
-1.827505341408127
-1.827443495484718
-1.786823691277521
-1.742534561020094
-1.567256648857372
-1.316483008559953
-1.378411207988976
-1.425811644903717
-1.143053568376549
-0.777149897639257
-0.631615100441695
-0.606544090034459
-0.330088415075468
-0.199930132239412
0.252322309539003
0.702827089163232
0.661974348233316
0.757337004551737
0.913748721746366
1.357897612515000
1.554389646197466
1.801919376293016
2.213888973212894
2.347327943545793
2.611813464151721
2.862930579009944
2.964514554027755
2.820188461861588
2.557016495448181
2.232279973633314
2.078621923396014
1.922755933868711
2.290758853488255
2.847209300207115
2.830767113371206
2.722255276919019
2.580026329648915
2.611139348829037
2.794633237148381
2.999385956548873
2.911449439951716
2.747257270511505
2.643068198147804
2.846420292268046
2.770631997467929
2.658336561883358
2.925958959609614
3.152610207907313
3.342086435020648
3.347048011976159
3.584825374648107
3.895976484567143
4.137872586524636
4.235154299992407
4.173603319093619
3.778005188698932
3.446908066355570
3.167374572953110
2.899361697696501
2.602738417476854
2.467505564800283
2.241351971700102
2.283325789399198
2.239433586788322
2.058601529170888
1.820830550266955
1.798281092029451
1.826803613027118
1.990763624304276
2.258765371634141
2.195989900665904
2.217482279077891
2.116565326648717
2.088732974896707
1.930521969990253
1.739976641661725
1.650963050515709
1.456149346037924
1.413510982526579
1.067176671898160
0.782435403118783
0.663230563501382
0.398799211130990
0.123938653394708
-0.146762567379059
-0.284764507682162
-0.432766687157567
-0.750006003538479
-0.786630195262384
-0.942554468614422
-0.911141633851532
-1.007954982140463
-1.085623002604424
-1.222362732954865
-1.304230560516698
-1.385969485245080
-1.512744388444961
-1.601327771759765
-1.916425783584519
-1.849117445425929
-1.676489115015436
-1.702601127861212
-1.820393379916808
-1.515321083740816
-1.336712493648389
-1.121805401407211
-1.195567473187567
-1.067210528163516
-0.953112417865907
-0.800290511551194
-0.719037890193465
-0.602690705411052
-0.452423530683590
-0.263188946425367
0.154091864780304
0.563667296940656
0.593008187424605
0.766075340132730
0.885802341249763
1.141742857577928
1.373845432360545
1.568709104333034
1.868971342409382
2.135970835199599
2.410078876592589
2.593504796846966
2.579883383761628
2.535738743650860
2.221980548763951
1.941509388747333
1.771869870717714
1.732486932962098
2.019214211419696
2.490304778470547
2.246542303299416
2.522860638143427
2.659782381523785
2.536538679864487
2.602095051341544
2.823294804294470
2.899331867581989
2.926836688421203
2.783641514865610
2.807674925607535
2.946066729169600
2.957676398938558
2.976585709930107
3.085817850111920
3.035358870629742
3.156430498117328
3.074127761323114
3.467046597143385
3.846756161090549
4.113099574184112
3.971108963555327
3.716623837243790
3.334251681258955
3.166520250923009
3.089020298476072
2.811037735360409
2.613549262774961
2.537987163050497
2.534147018540288
2.384455613115446
2.005933630540047
1.814787002392421
1.599109474464210
1.798458026289546
1.975790745080131
1.990297056833567
1.921927017491770
1.864793667900345
1.652411194173408
1.571757433401786
1.364294508311837
1.098557556572593
1.170481153816911
1.224989288136124
0.996645023652114
0.835685364287500
0.760796499283629
0.459002927766653
0.226492958159452
-0.036895797906974
-0.386810635226641
-0.443070149177493
-0.556227204939507
-0.918638125664269
-1.001128284025735
-1.054858205594177
-1.081314271701358
-1.220650757050469
-1.168407128199469
-1.220425331250989
-1.270218404754234
-1.404404667023772
-1.567655495604494
-1.482803231080165
-1.750664006534018
-1.776679720753834
-1.686296746018537
-1.625977345695591
-1.632037988728251
-1.447042890270196
-1.297407101470678
-1.052222853626063
-0.911833531821764
-0.902608942628578
-0.829671082905214
-0.829378761315224
-0.847809176107415
-0.820606315694067
-0.448926100281452
-0.309179079383041
-0.055656352767858
0.287013039902939
0.428741184120078
0.645205215870565
0.825620244371293
1.175413520262346
1.296290165068236
1.581269976969518
2.016813822588368
2.312896838904274
2.521052458517155
2.755170794740645
2.667078245320833
2.545643184980701
2.287782848228330
1.989229825720149
1.676439236888973
1.648866237898253
1.667723816564713
1.967612050555160
2.099324737735052
2.524028346708448
2.641353248206289
2.482282960699163
2.575865261541820
2.709843498619352
2.882191291716710
3.001201827956594
2.921192532902322
2.970208346133854
2.900065285986585
2.911026366918493
2.933635077022120
2.641971591734025
2.592292212851547
2.787938791779465
2.892550984778128
3.160082520496034
3.440173537853775
3.736626679752115
3.791682256486556
3.558151977158208
3.329139935951892
3.163668253565494
3.095174713450570
2.850358024011559
2.619994252433970
2.581251599813401
2.550531786942106
2.237763073885884
1.902961399294376
1.680526084058142
1.395021935555081
1.595867099731811
1.624501426959745
1.598016240298418
1.571399485724019
1.447950338972071
1.192345131444016
0.880880920585349
0.763384472642251
0.514953165988708
0.780209279835540
1.009174221791427
0.809362120845253
0.536290622890463
0.404327174719070
0.106154489360881
0.046356183350889
-0.203238285252360
-0.479256118999131
-0.674297639194934
-0.877393498421105
-1.072153822988067
-1.222992112921566
-1.333498541977122
-1.357204253319484
-1.336819219581978
-1.412205908948308
-1.348391033223677
-1.457431218988277
-1.619858479535365
-1.576123004849270
-1.663882690424568
-1.652669414598140
-1.671182550007547
-1.642532590675448
-1.448829207510328
-1.357982729067820
-1.395601386198514
-1.183237665361525
-0.945796002342846
-0.870607129845473
-0.699634772060398
-0.709237958650246
-0.717447476883433
-0.752928910394762
-0.728913930355099
-0.434292013752131
-0.348576487183012
-0.329438150297791
-0.036906373348497
0.001482824406930
0.432544140765217
0.729690606384407
1.055434524799054
1.185471570090710
1.593732322327425
1.964393995073114
2.282176038573994
2.661605110962931
2.814116276744215
2.815673790288057
2.668246439667722
2.236530180908410
1.774680542828924
1.496707262421544
1.403601084052774
1.528745567798269
1.720293811930652
2.039301904349481
2.500279574546017
2.810550711092913
2.638489114287663
2.578792474613825
2.716678397918776
2.739674969863894
2.833832726534355
2.844993537914704
2.908016661394587
2.656504517669079
2.479439301609094
2.373243854845370
2.091173526456529
2.088848517695587
2.548452936110715
2.817962560679539
2.800785301147695
3.009249852679536
3.424654168965027
3.523665993072720
3.424596235431056
3.265466580850742
2.955245397048632
2.893660329491592
2.673951743753710
2.610190313898046
2.486050363014557
2.268989802080569
1.867665739214972
1.578782929251831
1.459258148935150
1.277636458365436
1.079939221549268
1.151850725567476
1.088064022671798
1.078485161665024
1.026907947200574
0.763041214553410
0.348500473522828
0.247822466057031
0.129593324234014
0.388572400512398
0.639547457642289
0.482623108296268
0.148764401147814
0.004505571892836
-0.151598107219939
-0.333172698720200
-0.566211191646473
-0.828325149615355
-1.072283557588389
-1.241441765759688
-1.353201543376252
-1.403563352309477
-1.482265263522902
-1.674894930527116
-1.762799818502945
-1.735646780879794
-1.645025556565535
-1.620902632038885
-1.647873704891223
-1.677833195850391
-1.675035355221075
-1.604444525168365
-1.775606271734975
-1.739352506106432
-1.517092891885531
-1.448964905642354
-1.351571150980137
-1.097082271559461
-0.975285483383502
-0.849119954638700
-0.691583469268294
-0.588144340784013
-0.472883189275387
-0.501689676525746
-0.487699338583205
-0.181416336148698
-0.252854631431593
-0.281185862751766
-0.099901895051215
0.083765857995780
0.364997733034122
0.706750742319604
1.028699769443512
1.252141336383900
1.570642314253025
1.767185917797482
2.215560656677441
2.477863725638967
2.513373682937289
2.603592549880157
2.522418451572197
1.977862373079141
1.562293168577249
1.396155155702840
1.377626189463381
1.504784782986087
1.648383207798546
1.832340592898614
2.343275087247341
2.701535520548652
2.614419385657495
2.384260314763974
2.379979881364828
2.527410870496146
2.648525764972841
2.602797959384296
2.768091075098479
2.545512986382369
2.138558777458746
1.693183752742597
1.741341676035590
1.952381231705884
2.169868946055025
2.356910240353742
2.401664072091399
2.754397967121558
2.948297084333256
3.107075504153592
3.043214518651516
2.985086962936274
2.712901378189132
2.599667974091985
2.598042706648636
2.674803806376548
2.530957612073584
2.028009105916483
1.663478874775852
1.171058681310928
0.995312358227422
0.919474143775349
0.657024393652569
0.585159964218037
0.565479558012709
0.678374759322842
0.662043934490917
0.265467031003951
-0.174071809380444
-0.355744141421396
-0.260380849100983
-0.156187943208403
0.095407356060711
0.110438509580889
-0.240620402931774
-0.427010868240885
-0.477731740882915
-0.719887136813314
-0.980440355892432
-1.238712746596168
-1.490977225231275
-1.538671776936940
-1.648279710650385
-1.851454874750790
-1.859246533759812
-1.880013540003864
-1.983822831983211
-2.084779263731998
-2.054381552417610
-1.914794950259944
-1.717435173336285
-1.726230770711663
-1.820069844491954
-1.929307912402833
-1.952756463725380
-1.786059465739615
-1.501785250230177
-1.402785376187950
-1.207912630788545
-1.132916113912532
-1.087871133148434
-0.784811310377697
-0.562648209145388
-0.387002560544552
-0.325902814180122
-0.389079800607940
-0.083878524005078
0.063670785104292
0.026385795391421
-0.099466077091365
-0.027276876064128
0.253239662089285
0.479365671007881
0.620670586258508
1.026333129651102
1.331675686024647
1.587784643313117
1.934058052564758
2.133514219363058
2.073729402288117
1.968955375736004
2.178599930087725
2.216374114291439
1.910919931694973
1.530590408773288
1.233424004671954
1.129214667083658
1.290584665939599
1.479628309719449
1.761684090937565
2.066645952922234
2.364156069290878
2.506530867785824
2.273796075776226
2.220635705624406
2.332162638419292
2.440066742118147
2.527449539793528
2.463489634332861
2.156624301885973
1.860563411991017
1.600585428098422
1.579452925974228
1.843833165559022
1.874815734699308
1.958702038717607
2.091509018891331
2.521487415560431
2.636103221701442
2.699215964936247
2.593832525462312
2.585947993765252
2.466968673170070
2.275160615037341
2.291530961237453
2.412848124872381
2.080021991249761
1.703990432099083
1.384593561198928
0.888272237389506
0.628553155159399
0.644514318992294
0.405404503139729
0.296459449889593
0.183013296493651
0.235567505984802
0.265615786764374
-0.106195170432563
-0.462577128585951
-0.761891168115563
-0.676232933267008
-0.672368278585349
-0.453342754906499
-0.388669904796182
-0.682967585395436
-0.917532546472442
-1.100313634123595
-1.145920520798289
-1.289279716243882
-1.615441087266422
-1.837070242915330
-1.875037572247838
-1.938861695153177
-2.029740902898051
-1.933783009491273
-1.934998630466894
-2.079327167715052
-2.195873521394218
-2.357521267315879
-1.972546759244558
-1.734594014639759
-1.673304822402817
-1.798390873192606
-1.887030115995168
-1.797802238636086
-1.737386201110936
-1.477643360274107
-1.273995257677973
-1.013400787497325
-1.056043754590897
-0.898489095636588
-0.539927682527859
-0.284259922072075
-0.148486911631216
-0.042554092324119
0.073667970271661
0.112516678387725
0.041617357634388
0.060065849168626
-0.020639011197202
0.104363328503754
0.298532056215886
0.506510722178322
0.637192932729568
0.987452836562544
1.425077730802169
1.617049306712792
1.846042630710472
1.944803892106832
1.715711341417893
1.598562398083914
1.721486596649201
1.765185041613712
1.694220800752822
1.430944388155667
1.132973114471342
0.941020901618130
1.104903687338532
1.302870763749672
1.603232967166702
1.952276796232346
2.128214325681665
2.211335051958234
2.177661618448061
2.099048547420379
2.092724419334803
2.086399034622141
2.229706361484213
1.977297884024672
1.780660441587101
1.663455408047003
1.399460568297685
1.270421043304405
1.377213265337974
1.429407389632117
1.524432235978214
1.856860199047073
2.317162609303518
2.401537238421778
2.396267522879680
2.331933766808281
2.339239361636813
2.250939827079916
2.018617236102491
1.987671681986161
1.866237577305958
1.597283065323794
1.146571861997818
0.822749217307450
0.611226834459413
0.388258691140238
0.320913660253226
0.158955197677629
0.213523168453970
0.158361414938773
0.011634728550114
-0.202502187270297
-0.414485386710505
-0.907809931775694
-1.130416220043334
-1.135721715399323
-1.124453211385320
-0.986411312895208
-1.044583588918667
-1.236185464106816
-1.511330408062768
-1.779420058241523
-1.620258097612834
-1.712524545504118
-1.959645384821502
-2.164384075076333
-2.208685209273259
-2.212034095233319
-2.184109072964664
-2.232361644104633
-2.212033876762627
-2.226072834533706
-2.365472049449552
-2.354812083877295
-1.989319124005476
-1.639122825203433
-1.597259910454602
-1.634322753945334
-1.819480247760573
-1.747921880075559
-1.689456257510491
-1.526550256140976
-1.241753978322559
-1.099158009449104
-1.018146489810495
-0.688541685418064
-0.304002360485391
-0.133187012707168
0.157677374537173
0.208614271115592
0.261861185994936
0.169939979106773
0.070702394076954
0.032959844987189
0.026114444437494
0.195584733307121
0.202834612212017
0.488042889371388
0.714033663241519
1.076012785788662
1.462451741452484
1.547462819873229
1.737554898411582
1.572011199724723
1.254065421472166
1.366256573582606
1.261479825503873
1.308629846618675
1.381253206918757
1.271721766289980
0.938636795648075
0.777088632003860
0.955149146965068
1.245264844959271
1.330346785133566
1.554073354170097
1.753873934554110
1.862279104235656
1.864095606468117
1.642340316241312
1.519841230077621
1.481928240591185
1.509259260009201
1.382493802281378
1.408496168408679
1.194730745289714
0.943676178778988
0.901978301049018
0.945033734724635
0.947911963464778
1.184397375694666
1.634506755703927
2.065953591285824
2.111664274212223
1.971103425321337
1.951066080707736
2.031846784782203
2.008206387522942
1.661638921763766
1.639375700722797
1.593316028184091
1.266339312258917
0.743919166713845
0.311145343225418
0.198107463906287
0.077345822179590
0.057755975109325
-0.015762638554250
-0.133499452411585
-0.141414440544985
-0.333055075248194
-0.502030004184883
-0.984298816775338
-1.399728505889035
-1.603244505237581
-1.595277399077911
-1.639291035563068
-1.558318782451380
-1.586271129471404
-1.751055329145857
-2.047909648484808
-1.995185175395981
-1.957130002342377
-2.098259353232106
-2.243575346434898
-2.427605471835054
-2.568412671185516
-2.482446877253850
-2.337530593233885
-2.222989022375832
-2.066811827129176
-2.142183534247685
-2.209434462360131
-2.186375249185767
-1.896396836493620
-1.603616203552109
-1.496809406027264
-1.538957729899775
-1.627557489993427
-1.651155489886917
-1.650058387908428
-1.676037399841672
-1.412409320851608
-1.189755522935922
-0.875494561139418
-0.457534140130277
-0.038711116327061
0.051095068740831
0.173717255507492
0.220154111289781
0.248324147939781
0.181855280967284
0.122593997418252
0.149966255487095
0.363757533255273
0.438460423995330
0.608582322513688
0.813737284171935
0.810745272017267
1.223854178982130
1.396137402869456
1.423648528546328
1.533995322832876
1.367995206115699
1.026239741584157
0.988576204202511
0.971666426378822
1.016311797846800
0.943529867354767
0.873071550894126
0.766440408574984
0.674591229258089
0.779621111787218
1.107787455093421
1.095336921469494
1.276550694350016
1.464427170702822
1.646692957069146
1.501210346857917
1.379263159136604
1.102909425550956
1.130375022356662
1.120425048761372
1.029560919341186
1.028035866998442
0.881046655516477
0.777030842116626
0.704459085545890
0.632804382199374
0.711659703961666
0.836097416516450
1.228991065845850
1.600887787377908
1.721737993193856
1.851072906709977
1.760364951463979
1.714082926989292
1.609490392842340
1.389972553176111
1.404388915648859
1.279370817645423
0.999501886020990
0.564858242318958
0.187930756963833
-0.012716176816155
-0.010471845489100
0.001259477843045
-0.135649127286316
-0.296289450847880
-0.430376702444647
-0.638467917700794
-0.879679705077070
-1.346272259241047
-1.705961692860367
-1.774947074431218
-1.894040026318263
-1.981588441153678
-1.795234730393907
-1.805225703286311
-1.944830766628146
-2.115614281179151
-2.169986683217475
-2.218522876226105
-2.398215741240438
-2.567537937487329
-2.754666915578611
-2.735761725034700
-2.652307952820856
-2.405779706217837
-2.214434550847193
-2.044209706593648
-1.950437678521324
-1.837952462123432
-1.875907168036372
-1.651562336724014
-1.415912618189324
-1.379884486004545
-1.519863656545937
-1.627524885282388
-1.752620135738075
-2.008409125941478
-2.115290600404760
-1.656116197802614
-1.241991882624523
-0.887433546170227
-0.384970666401404
0.023041672462094
0.190168665739882
0.466120884843467
0.478178377713780
0.398520839945152
0.193124461962098
0.275507193154061
0.390595051561375
0.421398943471626
0.758586470425190
0.957516201328135
0.952383913789570
0.934945527731492
1.321197552503459
1.356606944657339
1.430880003591898
1.409919189985333
1.275409278658088
0.964653298429026
0.860447256752406
0.727841287501597
0.831219512737223
0.731134773338246
0.855426058217984
0.853389249833079
0.800166060187169
0.931163193383005
1.066944710842606
1.076226937516197
1.212260007865320
1.515120432383310
1.477784356575747
1.244293438652528
1.068944442580553
0.826824447726326
0.684142315338179
0.590292803850682
0.618885136906428
0.533843431287101
0.381665000395911
0.439446426805492
0.354486022233699
0.204532295568237
0.510838821235733
0.694198223395823
0.975954621255139
1.341817818688904
1.592366072693400
1.628972038766118
1.537146790461654
1.528956174147342
1.451475762879807
1.193270938240538
1.109493813313593
0.989773589832530
0.632675814670099
0.201677436600195
0.032410570528622
-0.148306841910898
-0.342658248310396
-0.440676846930439
-0.452858966773020
-0.596882611432153
-0.842009735326636
-0.983367497054702
-1.041057091538362
-1.474970200520681
-1.754676792632087
-1.910520594923243
-2.209701707665332
-2.140017047288581
-1.917906497559766
-2.046193253414608
-2.333361239305632
-2.433342769085189
-2.386426334047895
-2.313040442671963
-2.495571726263292
-2.945092598507759
-2.990817845344950
-2.854894623695776
-2.834844889345565
-2.514961418220615
-2.296702670187440
-2.271481226061943
-1.859451622638390
-1.702095635129788
-1.657136168998850
-1.502970643647774
-1.458555805462943
-1.363729595781374
-1.443472139916871
-1.617139043377879
-2.050712963105056
-2.290234595025486
-2.516806267989793
-2.243723875230089
-1.789020225149035
-1.177681795272995
-0.583411556567801
-0.267398795119664
0.066309853983671
0.503913488814014
0.554636645712281
0.551465317304394
0.310657179877545
0.316353277192145
0.503341754893684
0.624106745148794
0.912553097560558
0.967698252357695
0.910769297551695
0.930170175759121
1.196660862888482
1.413163431322722
1.541157398764027
1.489816978647138
1.125062181187369
0.796988376467999
0.848903228451950
0.684716322131192
0.713033093858427
0.794874761837106
0.852396720973375
0.815635844243749
0.803573239021550
1.031844663240048
1.093996670281439
1.221591404285761
1.316298407521654
1.335583151872285
1.202121519159145
0.925607174671862
0.772974322763131
0.552645233726179
0.307784051101826
0.296471180476730
0.107022090144447
0.017323450996734
0.065331446528773
0.205125450499658
0.191517160995526
0.086671278035935
0.418143307304766
0.650589439539542
0.828821499697995
1.125407182401040
1.314222158402067
1.476601078134921
1.562557251070864
1.395059437238225
1.201323579845365
0.829171311910782
0.672936456443880
0.599676677029424
0.319787568530628
0.061177584611961
-0.140326409649531
-0.152321808298098
-0.308515345529777
-0.562580029346369
-0.643079441306253
-0.805818290925912
-1.057777039103370
-1.235651396308694
-1.303086072103790
-1.718903428501710
-2.039407995806961
-2.074545122019031
-2.242477524788448
-2.304582190757600
-2.307203475273230
-2.489122558612465
-2.655033639697533
-2.722315221136591
-2.638286433783089
-2.510145348876862
-2.881931204559139
-3.159791130983256
-3.219903987239111
-3.226893570224983
-3.241253397530532
-2.918552820827335
-2.675373134548450
-2.486687472874310
-1.973285054994542
-1.634433002462200
-1.604359958696398
-1.533195533209007
-1.514064607639102
-1.526704439843755
-1.666675334873666
-1.844445432840789
-2.347072612536720
-2.760619031946591
-2.859443921570689
-2.672629624138087
-2.404537027365536
-1.732283640823366
-0.951761078581554
-0.455447491313693
-0.138810825911956
0.225102569216128
0.314408148064054
0.377976769428728
0.454548839876872
0.608289030589844
0.731902921393837
0.885137539464881
0.978424027142921
0.954837911443988
0.977578280296120
1.181315370849279
1.225131836917156
1.341574618464571
1.391744645622180
1.277611165761229
0.964571631969192
0.836991037693114
0.777080126480832
0.669020020608923
0.566926776052036
0.699210762711727
0.701838703223771
0.688685113191019
0.935833453816960
1.094547364311272
1.094924510037914
1.224559379499560
1.279158898959889
1.258899185468912
1.019320856197889
0.702387018067965
0.542295523811632
0.237846453422281
0.018766796831029
-0.034292502020681
-0.125077945200216
-0.123641454629048
-0.024508445497394
0.132610164769340
0.147060421506632
0.379191690995239
0.498075336923471
0.537151507539409
0.560211253422438
0.950030195581859
1.260348266129412
1.381185986232603
1.542918654276864
1.415691303498149
1.110729415402379
0.706215584887562
0.298832663839031
0.109024946856935
-0.028221814778503
-0.173354620078115
-0.128093381100448
-0.232349575813576
-0.524696832600709
-0.686415227977355
-0.872993237034161
-0.921471990204451
-1.109883160091631
-1.308600231670697
-1.461910514631898
-1.898922124576075
-2.179207087231426
-2.316619499147183
-2.421486329910758
-2.420959796354064
-2.583852168024485
-2.691022232334377
-2.709099612754274
-2.956727742869996
-2.953874207895933
-2.967166599443582
-3.213506240054929
-3.428022273110026
-3.483001308659009
-3.462998975835602
-3.425133716193109
-3.274520111296982
-3.066001929763820
-2.673322040445874
-2.181421802040508
-1.819914211226227
-1.669390171971814
-1.511443993566090
-1.392649015383710
-1.637106461362856
-1.873212191075843
-2.039245252035780
-2.447398671982342
-2.921719463515069
-2.973588218730124
-2.869210535042049
-2.606455879886143
-1.904284813214950
-1.188704356127483
-0.687278504980661
-0.308457763650966
0.033997958053895
0.094371061943441
0.218483861691477
0.601921026683104
0.891484625870139
0.997122235054704
1.109248321445688
1.193611884114478
1.139358647264759
1.257754733608822
1.537608807676973
1.296033564347119
1.137292854008588
0.966806542656426
0.710961520521596
0.435595105039851
0.534264172580499
0.569096792540609
0.508062723373580
0.401352724905051
0.312458435711905
0.249020328199381
0.319534917396720
0.652871978962216
1.007994795102949
1.159129992934099
1.099958693599679
1.088014737041831
0.942905233675532
0.822153182820080
0.405547699091260
0.118399004579170
-0.279334069991672
-0.366770560360970
-0.305059591113970
-0.259810495884090
-0.065561085223352
-0.085460777896821
-0.190867071692414
-0.071442188808331
0.338408318895976
0.628642625209271
0.632902265867597
0.494467723896138
0.761165837492803
0.999713620637047
1.181446976546632
1.480955550005504
1.443474032614442
1.244399920884141
0.696259657514070
0.329152786212136
-0.045308665332764
-0.224859423086519
-0.183323068564750
-0.281046029031847
-0.434389873575377
-0.819614592278086
-0.939705635058169
-1.128738804244513
-1.324275007647523
-1.344287452157852
-1.500481624755880
-1.676520330054435
-1.946664191891764
-2.172449338190112
-2.462234737963636
-2.584012505792470
-2.740091011653480
-2.939478706633982
-2.886584910275877
-2.961117174015622
-3.238196452777129
-3.241467918219603
-3.327578366607074
-3.425584021301745
-3.343946710892141
-3.437462360282946
-3.475648939922323
-3.414457261087549
-3.224281680250486
-3.080624155133082
-2.625137194114397
-2.260117134264501
-2.046306959361884
-1.774602540341421
-1.508588924604762
-1.638821619688632
-1.832578382375024
-1.953091731007950
-2.088393912500620
-2.353456028162994
-2.866102578234334
-2.984088157258922
-2.923218577293314
-2.542540797433651
-1.793228688856054
-1.373189002992571
-0.862379261078175
-0.414966083092067
-0.110516080209002
0.094784682515866
0.167317038901311
0.665927868210135
1.014412252779161
1.256353120428054
1.301856866436933
1.422136363422285
1.514474082205385
1.603085469402703
1.812886022657976
1.366073274092424
1.007915467852374
0.664266584635582
0.212782715576843
-0.051827961295064
0.130244547280620
0.212947489146118
0.204224319724825
0.138784497310585
0.009232364184758
-0.094135896460954
-0.100079249196824
0.103404252397626
0.559802998314031
0.972556113272614
1.017163523564026
0.944022738735759
0.682081286309432
0.491851640878260
0.248217171736658
-0.001067179279115
-0.451876795251273
-0.476233738421728
-0.476613862464892
-0.290169919038617
-0.113648057425098
-0.149346626909964
-0.258235669181437
-0.041992381713800
0.346236884436695
0.502934457071582
0.607884780535474
0.362556148873481
0.378060918405270
0.729284975514735
1.219218638266627
1.460988053128973
1.497728682700953
1.211527536516462
0.705167830473674
0.368297169155266
0.090105657919614
-0.201789255988896
-0.303522127023783
-0.613950503551701
-0.698616541463796
-0.802932486154597
-0.926939075030570
-1.136531168470413
-1.343699023733367
-1.500609476665258
-1.600732215774429
-1.827468404599255
-2.044030675710945
-2.379979211161245
-2.561637174544659
-2.743331335366340
-2.918565103882560
-3.105725406390711
-3.307080478025488
-3.511808879513107
-3.671258309486199
-3.504596273997806
-3.512083036679011
-3.591300289055221
-3.474391063899825
-3.376752187365417
-3.508650159580582
-3.533400481443581
-3.323647065714270
-2.892711165828059
-2.694103294530937
-2.453304263034739
-2.096633226570910
-1.929204648449375
-1.798319658290655
-1.943611066691415
-1.821704848858022
-1.943327051557091
-2.122913349822239
-2.435206750914212
-2.720189153558136
-2.795548837710152
-2.609678364587809
-2.371049323140590
-1.834571482490534
-1.322958036980812
-0.722769992727667
-0.515147088340748
-0.267895856889975
0.087314140737938
0.204197919014989
0.530059992348786
1.085257510101621
1.388122816086862
1.495104149864104
1.591278344863994
1.681558258569417
1.668399974461278
1.582134169825389
1.340036322650440
0.965127046511161
0.619241747600758
0.270492691133985
0.065907147237803
0.064240730071952
0.039169553057274
-0.064130930752091
0.100012745212508
-0.121711970546584
-0.335609830018747
-0.229748379770043
0.021004212724238
0.380444685185640
0.742052595757135
0.782612264334828
0.763129972861887
0.518434560301261
0.499273526749078
0.411600026713172
0.205212181441766
-0.190807749790174
-0.405265451332792
-0.459254142658951
-0.303526085702543
-0.085008637179118
-0.095401821668170
-0.105925555278714
0.281113592596521
0.444344229640560
0.451774348353123
0.609184475551140
0.418993450224482
0.359098721507413
0.633730621454452
0.970539635771043
1.347311831835433
1.308621796957722
0.946651689464032
0.645701429714252
0.502145469409585
0.197881594524769
-0.121826163150110
-0.434996858193172
-0.714789194671183
-0.821296683877799
-0.816015726424280
-1.055501477082507
-1.199040429940302
-1.275888967112106
-1.441369450109302
-1.628724646683985
-1.888124961423721
-2.297522306661368
-2.466207748291815
-2.572125029018593
-2.852448431819778
-3.005515833424191
-3.280157764486983
-3.768328172895974
-4.053299509741994
-3.956425989916746
-3.770601424499954
-3.749707149430189
-3.738737805219585
-3.566330518949842
-3.484977745622329
-3.558648251851848
-3.665834277714144
-3.359664701256048
-2.891255758292354
-2.786672958044990
-2.725425329377849
-2.428794064201013
-2.200034553953342
-2.075525260635930
-2.092515205612477
-2.042998423254856
-2.015022641474582
-2.295496571411583
-2.493145289499747
-2.571198235824952
-2.546263043477903
-2.447876523550462
-2.346901213426153
-1.862174757466797
-1.292713425430537
-0.832237479774373
-0.636767417144242
-0.574585593301713
-0.111944159924021
0.135026580342386
0.520924074968103
1.089366949389504
1.303579404485212
1.489895555783287
1.492702517967947
1.409813200055967
1.394243778181005
1.375469779950087
1.270964342199907
0.869772035363122
0.539029725303490
0.193852093915564
0.103126475880401
0.081610951265988
-0.006822074628509
-0.142639167441086
-0.135752075596939
-0.257261673276841
-0.300696640001861
-0.114402814159991
0.098679895516558
0.198990114644709
0.621766639853830
0.580982544195266
0.548589942217176
0.566945973842628
0.581227359542534
0.521986854261708
0.103060637585159
-0.365367435667567
-0.413698083743098
-0.339041363985505
-0.279891436152925
-0.211599263149468
-0.046522679356478
0.102206646500837
0.204054472617760
0.335791079647540
0.454373993897369
0.565916125025926
0.456871198559149
0.498038982755398
0.580840306214646
0.769376991784710
1.174169505428274
1.332136518763681
1.000595688562328
0.605900295173787
0.491369371300497
0.221541431310004
-0.259906973320733
-0.567320386357650
-0.652684452411390
-0.827189269362082
-1.022955417386449
-1.151957355074147
-1.086057926075087
-1.092435216498362
-1.213282726488810
-1.432425739153992
-1.812131994151372
-2.271941787460065
-2.481637302406903
-2.871130386760885
-3.167909395153587
-3.219291592713453
-3.516123049562657
-3.810256379789832
-3.988051026840022
-3.920275134384641
-3.928994106287421
-3.900956008583860
-3.886686283309374
-3.778785326317588
-3.650984308113185
-3.735075447672113
-3.733998216948412
-3.457469990918124
-3.103284862418826
-2.994425244136761
-2.886185224666289
-2.647852875826996
-2.347485344947820
-2.329762317772782
-2.091918490804209
-1.952914104458541
-1.949004573955900
-2.177297379556460
-2.419822204484206
-2.389835979980040
-2.370511783786116
-2.273488599074511
-2.247932771217647
-2.144902422428772
-1.615224134014821
-1.172766580862820
-0.885843651539012
-0.777950996930426
-0.483179795804246
-0.154144546458258
0.380152602532568
0.880172283425883
0.921695327899248
1.006559213984130
1.012107951392142
0.973834917969870
0.983855145121697
1.070252476448672
0.874681115953048
0.694468094571131
0.370667063731761
0.205555903419017
0.108279453086851
0.075770444482030
-0.061939831684468
-0.264779120312406
-0.314728020767423
-0.361706769077654
-0.339111167914031
-0.237145962741639
-0.155279890295919
0.059960726005962
0.432312633814650
0.441182880853282
0.434358072203229
0.447364666954903
0.467817878542078
0.371962627804553
-0.017400855782301
-0.415402467381773
-0.323160190880768
-0.452279216453563
-0.538973083503962
-0.384353015113005
-0.092605470563749
0.099196030893386
-0.076790021223753
-0.105000155693103
0.197960405750266
0.283989328153991
0.288209089784696
0.383273795037855
0.532751543123479
0.635876904417743
1.052018452110363
1.245963281172220
0.991983796926092
0.586747599160218
0.416316298738838
0.258385426940888
-0.192872239150904
-0.510427648637038
-0.598738011699762
-0.812493151536203
-1.202125625628767
-1.279444506189021
-1.239792293511448
-1.239791489956116
-1.292824275649135
-1.447023001792902
-1.700209883010755
-2.155087067380073
-2.610301597533323
-2.906853359740081
-3.346660032671981
-3.504898921061641
-3.711806152685608
-3.893064131013780
-3.885867356799687
-3.840025549290349
-4.190976738394479
-4.280780860781017
-4.244325822909814
-4.163362723867361
-3.953340214795402
-3.813780850729016
-3.763282593509917
-3.638351481449975
-3.361785648034651
-3.239322418826817
-3.007960858860924
-2.653941726280614
-2.423038731411463
-2.383722729272075
-2.130350110073121
-2.064535129571526
-2.226686822731271
-2.346451099668478
-2.503436933021530
-2.433632886381685
-2.283905029564820
-2.381767508044770
-2.295446863123029
-2.256792161879611
-2.004681909799082
-1.488558271912275
-1.112754716710951
-0.930788825069349
-0.738390251973028
-0.202264824923879
0.300967893749761
0.605249195001328
0.610342813002126
0.628728902287181
0.698332901930408
0.814078215750831
0.913651431308172
0.883653910405455
0.617118437049242
0.578392914581884
0.528589559615943
0.341007664218465
0.152093971141459
0.155260299707404
-0.008948428538424
-0.250282591785485
-0.425028940606633
-0.515112188834672
-0.205108221920970
-0.116499629825457
-0.178741684009168
-0.054957183548109
0.231908888780420
0.292782006215084
0.250387072530816
0.176658608454802
0.268878315284645
0.112208503397010
0.004125249450361
-0.033396726637818
-0.066900306523475
-0.303548239935304
-0.542242958850809
-0.564088998521074
-0.417500539447738
-0.205530503551678
-0.356187664374762
-0.431702078171723
-0.169705191234165
-0.019970762417459
0.040536590229609
0.259007539589589
0.500388175984132
0.841895443963814
1.149161382392462
1.226231755458351
1.082018069592097
0.872481715378405
0.529699522724875
0.357709686176243
-0.045881572354136
-0.251604704728584
-0.388955297783081
-0.688942908712788
-1.027313562590832
-1.081922445852112
-1.129216288700181
-1.132589911017204
-1.166236601156705
-1.452029223264663
-1.755793468841905
-2.209977888431790
-2.720522727951221
-2.987212162341229
-3.437578081847416
-3.610908933495578
-3.670945706282367
-3.783043893055424
-3.707254321716466
-3.990920602056551
-4.346135881659404
-4.694677931070150
-4.516324742400821
-4.509632408136286
-4.297566630210209
-4.044473128516608
-3.947739433627508
-3.810106282557627
-3.617924848143391
-3.438277988626998
-3.070092517188004
-2.728222801769034
-2.555960639333850
-2.447792950664259
-2.308028303913863
-2.219465082789628
-2.308986325533767
-2.409103478960527
-2.513379446077642
-2.318911265524607
-2.114963636601697
-2.139472483072053
-2.171738646714153
-2.150340735793677
-2.101003466941241
-1.861358706064734
-1.532123072272686
-1.174299387759580
-0.757739840685377
-0.215377676134920
0.244462379403117
0.394533879207148
0.372690094141065
0.321786395161017
0.360677615091498
0.524310051547253
0.752902663759248
0.771477424345846
0.591279899680545
0.513927018113700
0.522942324103224
0.265620137640873
0.225282300532102
0.180168245421154
-0.060519756946346
-0.365471305887211
-0.394809653289238
-0.479234765920383
-0.277470570606534
-0.165855976044547
-0.271802741165571
-0.152453287224576
0.115196943963508
0.026513019650698
-0.047094824364139
-0.172840834311972
-0.078105765137934
-0.140768620693520
-0.004821402639222
0.136127167694061
0.067126230394800
-0.203127042046974
-0.363310243330010
-0.396937875290087
-0.394472329813734
-0.383194467186635
-0.370707815390422
-0.414692621640497
-0.326342621777054
-0.105551033066977
-0.003169935007710
0.260014612605030
0.538475520014205
1.032929457074584
1.230869753659451
1.244817589692499
1.132104429922638
0.942106217906417
0.803357301621075
0.735077261489500
0.457904299594569
-0.137436774675013
-0.383670281283002
-0.436203109083061
-0.667894803752601
-0.869586997791678
-0.870883800828936
-1.097049437891527
-1.284255308113840
-1.523763191881991
-1.734133583700578
-1.981510176684675
-2.499405132803161
-3.127955948128784
-3.587994516071424
-3.688087081110837
-3.490028383467369
-3.621548829264396
-3.919185464137487
-4.365884748290315
-4.774681997402251
-4.962447088387870
-4.994923759703544
-4.773343058516385
-4.379178582845983
-4.097182410261227
-4.118152745338005
-3.922319064372158
-3.762729439846237
-3.648977735947367
-3.153368941827576
-2.706512964521704
-2.701364527496455
-2.507692711639667
-2.355333908354798
-2.342356712319740
-2.238490951518830
-2.210435945141926
-2.195542706600013
-2.126926320956726
-2.141381171729158
-2.189640167716053
-2.133012460167680
-2.171633797822010
-2.262993851552266
-2.220805011779460
-1.831853831189981
-1.507649854921198
-0.914882674325885
-0.384821332577850
-0.042686260572827
0.130786226596521
0.167870778935205
0.097206992632989
0.208283186038040
0.242077283714474
0.352430988430131
0.432020322271492
0.277248115977426
0.064035013353977
0.168858597229831
0.224261526669506
0.237655530100351
0.123605308914386
-0.151029027981767
-0.306671794178053
-0.319755447692539
-0.406712500323283
-0.230241387024711
-0.212395362064776
-0.341286360749239
-0.225929033550379
-0.051819084731549
-0.498796772089035
-0.456292335828351
-0.485870545799721
-0.256708869728686
-0.026505134249449
0.069531435946618
0.127210436496432
0.081094080921438
-0.186690444666561
-0.131864276688609
-0.130545633275574
-0.158036795716178
-0.308245716164099
-0.279375850445522
-0.174814412364822
-0.036068700464280
-0.046663524748170
-0.017268927085675
0.313232523282416
0.505116136332891
0.853408962783176
1.179537942439199
1.176409451752096
1.181577998127842
1.103703282042929
1.146669161148582
1.063773898912148
0.683347071325365
0.341854092751032
-0.014059139328947
-0.235710285900534
-0.507271411928762
-0.796941120337220
-0.950736683634917
-1.178414617314079
-1.462827809429486
-1.733077133471274
-1.872991796860432
-1.809395462803379
-2.316113003747833
-3.085369516709579
-3.593744746420638
-3.670503677669950
-3.573285545556830
-3.526081188915601
-3.836549856643489
-4.533413248788889
-4.850819097542533
-5.135339981785250
-5.234339282005538
-4.949283833811190
-4.574649376040596
-4.295572631824378
-4.080782389149356
-4.002604985828275
-3.788237243323919
-3.498294336678581
-3.183431656047353
-3.069003102871736
-2.898911232861014
-2.521529603113489
-2.389951553387180
-2.419451274729556
-2.278988865526605
-2.219528781815381
-2.069021901656176
-2.199410668522383
-2.316954626371947
-2.204724871570674
-2.196682221971979
-2.334634129546782
-2.446753990701771
-2.443949949135040
-2.123493449012273
-1.739164069596872
-1.226736767738315
-0.894718217640745
-0.539455829445996
-0.400890277883490
-0.208925677781982
-0.016750380533494
0.131790383434728
0.068538135332995
0.042469800448630
0.068156236913040
-0.044507493493808
-0.122445795826744
-0.105997281330658
0.117857554549042
0.189753542881018
0.096776678536627
0.015397993140724
-0.191467207285656
-0.371977211593422
-0.442041511697428
-0.347347894342853
-0.279364496036969
-0.343869545665893
-0.259244515460401
-0.338537864488151
-0.712109271634122
-0.694733589526199
-0.567620556795064
-0.274979236177573
0.094064159746110
0.098919942564368
-0.009059147798307
-0.000033149610794
-0.171381229941448
-0.029876833402941
-0.021590456809420
-0.126328054294624
-0.075246887003700
0.000590732289129
0.119183753976386
0.151448331679533
-0.003229514213331
0.078520474821398
0.319391687716082
0.607973187856654
0.866444494380193
1.042043088139016
1.249156702229550
1.221931206239137
1.140174494859187
0.992152867744499
0.948909190872523
0.894866557399720
0.731187774318399
0.379027712810623
-0.065908747962512
-0.296334022610870
-0.589278121313629
-0.875074647230402
-1.178449818804875
-1.611171128038978
-1.832714655394463
-1.902935801625054
-2.065860436270777
-2.321101742950614
-2.885459855412231
-3.357181595166254
-3.574187030091861
-3.690169679977746
-3.655945891288741
-4.105801485729744
-4.509969601550654
-4.906268075413422
-5.221235142147052
-5.270948407017522
-5.019830451633220
-4.769769680694547
-4.419791219835686
-4.197706843199792
-4.114550567164411
-3.915719968122029
-3.472549117799124
-3.322351867443758
-3.258944589824357
-3.101550772963801
-2.925861853267163
-2.636073191828638
-2.603787318906658
-2.430975626615108
-2.479705388093490
-2.298332386593558
-2.388795196074574
-2.337398650705880
-2.135561688267444
-2.315610218375748
-2.366943589144337
-2.565665585221602
-2.536548232535323
-2.145400782352064
-1.783741074909619
-1.466643980765258
-1.133453561908358
-0.802661437428245
-0.692611467310311
-0.430166498478037
-0.135549990858998
-0.133290305288312
-0.100938566282951
-0.223313879628973
-0.115729780722762
-0.013122862816171
-0.033135450192469
0.132937961482281
0.133333991727791
0.182098124866892
0.220694199732410
0.155958118053847
0.020911304124381
-0.147126507868165
-0.236999410799636
-0.268732437518397
-0.330450044067096
-0.491495835404906
-0.475499469201652
-0.572156951538170
-0.619004138514592
-0.573115709901910
-0.363910520292233
-0.164276267886019
-0.065026909888941
-0.013702491331786
0.030523475979810
-0.083162050801073
-0.177709830361410
-0.109259068954668
-0.220921457171718
-0.368783342502302
-0.076487575918443
0.243185821735286
0.336187993989258
0.325424208783282
0.196972391527272
0.291908164018308
0.496164604213969
0.822148486775427
0.992862099390626
1.097482727183928
1.178686728000687
1.086597944499608
0.915615350981434
0.744509209401372
0.642754445558162
0.610375030714636
0.678171603805932
0.405814365179282
0.071387130656033
-0.093141273860490
-0.517836324337986
-0.833640295112758
-1.187480913838884
-1.575562213856707
-1.790917836574950
-1.890811824360215
-2.110674594987133
-2.434966955044030
-2.695887806291486
-3.176960025708201
-3.375599263564651
-3.624175956956605
-3.994605115214864
-4.385390460142074
-4.663141546731800
-5.019682806528248
-5.312051663774523
-5.331154467767750
-4.978198576793033
-4.839059410541927
-4.520586750996251
-4.305053250810160
-4.224615571172068
-4.132936879841663
-3.754229279439541
-3.533897085302735
-3.410610611903539
-3.367999200176532
-3.198896511730406
-3.045300088048788
-2.974081665308020
-2.677537336078819
-2.540856547244872
-2.458589494326685
-2.384453375241425
-2.186821956129812
-2.075418736000252
-2.319177646461730
-2.344931637121176
-2.509337463815982
-2.457853333126610
-2.181910688966953
-1.798923075647541
-1.480494824700658
-1.105091534909033
-0.798626109221006
-0.541981445288842
-0.468748821978385
-0.352847842075492
-0.300208360312002
-0.214665119653379
-0.131632252262533
-0.080159960120321
0.052081213772645
0.196125144872910
0.450534524886262
0.396545681811929
0.465701188936893
0.494543515104243
0.534725082319481
0.341092716593283
0.065330050389475
0.079705432518511
0.074657689219121
-0.111437284592983
-0.220734289307656
-0.293010031359234
-0.404773292070157
-0.300480284462998
-0.329913538623049
-0.183780440594825
-0.057649207245407
-0.276743044426677
-0.332859794590281
-0.161663462285866
-0.171511388060521
-0.229741046462674
-0.285998436639693
-0.441362077586488
-0.409328295352011
-0.090109383387545
0.197579102517617
0.262241981305197
0.424217596333933
0.540989544430563
0.653924464511816
0.813420654023012
0.755625348095895
0.855878703777021
0.970160405034262
1.044200485736254
0.871621532754305
0.601411892530080
0.418723004539213
0.236204804086933
0.306704112386059
0.367283101010816
0.252340211098676
0.080263893091534
-0.118691215980715
-0.397998955883942
-0.775332642517943
-0.986328192426555
-1.292924391748051
-1.563698755606324
-1.730822088707743
-2.057088217824203
-2.546561018890621
-2.774273572383434
-3.018999286205095
-3.246470432086111
-3.600174243461607
-4.070697700775093
-4.392298133917263
-4.683999247978200
-4.953630297868603
-5.162413521156934
-5.208039951121991
-4.974433186218402
-4.851782962409963
-4.696901426013869
-4.537954167245414
-4.509889679500557
-4.420329760183031
-4.178689793767891
-3.948283426836019
-3.764785699040713
-3.772998256729580
-3.676410507140506
-3.590245079172619
-3.422912135191577
-3.121245881748163
-2.845406261131039
-2.703314260505344
-2.522738759715297
-2.400826226932567
-2.242834112528562
-2.470187529317338
-2.512086016038666
-2.322220673416220
-2.142766908206900
-2.025844584251726
-1.858235364585411
-1.452326860126561
-1.047973837131890
-0.841994587402532
-0.572662123249503
-0.568253354033054
-0.702003879307068
-0.469307806336564
-0.305300930849947
-0.280460034127544
-0.110691310282672
-0.074864385351020
0.153140085254877
0.477290335515245
0.558937060729313
0.504046890164650
0.591439917605981
0.625039715126242
0.279989251329667
0.221699905782117
0.340147758400886
0.339442597969310
0.210378940729913
0.115347556454188
0.003540528383213
-0.143406879422249
-0.071509340880619
-0.123703406133424
-0.055180576961613
-0.046108928861156
-0.374259892425916
-0.434821379959870
-0.450137731694083
-0.510251570276411
-0.489125387773324
-0.550865324435503
-0.504149575849192
-0.361463325178025
-0.129982017113833
0.171625369147996
0.251804960645178
0.415045799170788
0.559326253462710
0.854126437099621
0.940277559737260
0.627096822828875
0.717511997098982
0.763025431740966
0.674343546439119
0.353103749220122
0.062268675804469
0.077034606021424
0.106951261805317
0.272305382856328
0.257826488107867
0.083687526646135
0.061359091448450
-0.228764407813931
-0.454155077555174
-0.698626339219919
-0.913694352719603
-1.138754227048554
-1.537330231872836
-1.686617628732835
-2.012651620095864
-2.344338197775936
-2.681132901256111
-2.953639963264624
-3.078540117286789
-3.517077863682411
-4.045154406289429
-4.306496366690081
-4.512373894205690
-4.746754455811494
-4.885259080370081
-5.004280482911757
-4.932162419490977
-4.869527217720498
-4.835170609301583
-4.723781120513106
-4.632573827497124
-4.449360984151595
-4.353926083753449
-4.209027009186831
-4.166771589576844
-4.298819019703671
-4.176052155387171
-3.895083898851406
-3.810055323388819
-3.472737897607002
-3.228815055867074
-3.094124473645487
-2.816556444388373
-2.737456678657976
-2.588057033914646
-2.656508847113401
-2.507654082588701
-2.209478674330528
-2.007043472928339
-1.920710890024319
-1.719131508463165
-1.434572950968349
-1.105718293387529
-0.845996050697107
-0.552086792487523
-0.725052056901157
-0.851830505346558
-0.886691997705136
-0.582617433620111
-0.444977048412153
-0.577929086897632
-0.318161521129398
0.035105122330897
0.331187637139544
0.509151313888941
0.526385625198052
0.372103188093996
0.174348662101544
0.219846905660409
0.288381143730442
0.378140653365419
0.550538285503524
0.484102678340037
0.505786194836610
0.324784351514310
0.145886453386722
0.088516974569997
-0.038392988402600
0.032058280893345
-0.284876302762714
-0.483806075460231
-0.471648611884262
-0.618971857221416
-0.831093924324379
-0.755320977795730
-0.701323727308598
-0.560443450727555
-0.540757148981883
-0.264163117955762
0.021068866126409
0.193005686677258
0.396636043083413
0.507220092394954
0.730107476478271
0.711957852218510
0.550219413908498
0.224049992806475
0.288515088268540
0.147028935853112
-0.047456805254978
-0.215220870233489
-0.167631768743672
0.045504907568166
0.189696018758538
0.212823388395030
-0.011212382964181
-0.050277853075623
-0.140802070458477
-0.357915496394539
-0.671165082103798
-0.924549663308284
-1.011681869201363
-1.310847827589979
-1.657209256415248
-1.918055502552376
-2.233739297590584
-2.618966214085290
-2.770436981408292
-2.786800060100302
-3.184094232674446
-3.726973042448468
-4.140635761703621
-4.389645765297958
-4.528250629232312
-4.735851179924328
-4.971232763606388
-4.992916786366882
-4.930462155126992
-4.895923697956444
-4.720371563736198
-4.623570435082194
-4.543901768388983
-4.475388605099759
-4.470150375133684
-4.489113309610405
-4.585136125598814
-4.401896719314400
-4.079476475730871
-4.055479877315243
-3.756487258372040
-3.527725409084156
-3.297045329798562
-3.009969648730150
-2.838477019578974
-2.794215754880559
-2.630538175107570
-2.543885713478777
-2.276267772841037
-2.101874930657321
-2.074501659549661
-1.745278893228367
-1.204711400366557
-0.942164756292642
-0.860252600804908
-0.707673563060192
-0.812020196365384
-0.982167230589232
-0.951520804798135
-0.724876175959256
-0.679538150543387
-0.820306994325453
-0.491385006312353
-0.152460057283720
0.014696047566562
0.094401463726101
0.183330753119128
0.121063456205898
0.032227834299239
0.252349437189945
0.358822042520809
0.628791786362405
0.995412112274671
0.886809089363060
0.608555361779745
0.431324949718437
0.264558616188565
0.160578505819946
0.147814102538091
-0.105773572105019
-0.572667338596336
-0.719525395251943
-0.682953949311936
-0.777473302202219
-1.021862953051856
-0.962554874171063
-0.834539927302189
-0.808036969006039
-0.654819384305954
-0.331640862373632
-0.098051587127583
-0.057488789852882
0.215276112382047
0.426599599813242
0.525003022206911
0.516814442723683
0.355270082660095
-0.010772234285610
-0.018067293096726
-0.324496758616392
-0.570384024372690
-0.540029747357543
-0.313433536854512
0.013628840437979
0.078701308685105
0.146195296155046
-0.030870878039731
-0.203796181650062
-0.182537640772921
-0.381996530394522
-0.671210500417781
-0.730005467439483
-1.117564951162464
-1.590271376063329
-1.970398903217121
-1.996970530321623
-2.184930741291019
-2.498154650546988
-2.535759161553029
-2.505400634572607
-2.743329766201580
-3.350299290787441
-3.793264354090104
-4.014581635148805
-4.328331291382957
-4.625022026396238
-4.850930128125363
-4.939388217135969
-4.885098523010101
-4.818360140692386
-4.730992347850591
-4.680657595027060
-4.521901820569075
-4.470674602383180
-4.703945032536699
-4.845093999932279
-4.796435493441928
-4.590376105978135
-4.332285570493668
-4.134352324462427
-3.991058982463263
-3.753735808566975
-3.491747518199628
-3.241343577394534
-3.130099920998319
-3.024938214634373
-2.898977648302829
-2.875651924429307
-2.756191008330910
-2.378449925307157
-2.189767563816583
-1.774135748073245
-1.243844694027748
-0.927962570967555
-0.931416163052576
-0.842867963492314
-0.829486280598578
-1.041869238112808
-1.008173952642911
-0.955812346109428
-0.837588149662187
-0.739917636290978
-0.501523636016008
-0.253530770419121
-0.251260508154249
-0.202129924575855
-0.147871472054103
-0.160868181023896
0.000166991799330
0.304109178592188
0.670550725229507
0.930978579014588
0.955604855983544
0.972995328310616
0.739657610645071
0.488445802628053
0.293594852122332
0.090261561843787
0.026665312254159
-0.213209123745341
-0.754221739311368
-0.977311007821225
-1.013631289814408
-0.949246569162630
-1.003214590727513
-1.129762723878445
-1.041889513600576
-1.086947060077607
-0.862336842138711
-0.427638467162708
-0.227675620107310
-0.237856393816934
-0.139051854540674
-0.000430640354050
-0.074509391183370
0.051618849713981
-0.028011965021536
-0.188156039694240
-0.301470818496998
-0.478919106699381
-0.700704454209707
-0.863007711193125
-0.580532228764549
-0.214231119138698
0.005953926945212
0.075273045573961
-0.150217044998231
-0.399310757420427
-0.332265163365141
-0.347211322153149
-0.758589911748645
-0.890375321104169
-1.301543702395056
-1.857997394063197
-2.208538034538620
-2.272552846272976
-2.209446879805360
-2.417030148529570
-2.348396905414237
-2.293603437919296
-2.585825506781548
-2.994762050070479
-3.477475871899474
-3.728886122275735
-4.031704718339773
-4.522807391467222
-4.752839632408647
-4.824173044263732
-4.713309414354206
-4.744615355308455
-4.540868206941663
-4.513927801768657
-4.350934570743818
-4.276181059884200
-4.470414693817341
-4.806503243585654
-4.925395482862960
-4.681549634562614
-4.470984609067764
-4.337646358238696
-4.130984658514511
-4.074377416148762
-3.656833207885559
-3.295256639970940
-3.224967810537068
-3.173058621475884
-2.986838106421723
-2.778899251031183
-2.702485426486931
-2.500837399766207
-2.127082996285732
-1.728046577413589
-1.168116745546221
-0.840146489828484
-0.882068465562840
-0.802950685314017
-0.986446406104075
-1.036806105195368
-0.844364109786433
-1.015331982908806
-0.808872264220794
-0.538759602485257
-0.364065207045052
-0.327779112913128
-0.300165815199675
-0.233006717692207
-0.234340797049042
0.050197506549201
0.245791442875845
0.423353424372824
0.682916750917297
0.837165344826672
0.947726969565269
0.921968508993287
0.921010565897105
0.606498121619619
0.210511998507896
-0.064526060068439
-0.393833177468747
-0.508923354822648
-0.962498062362245
-1.222216716306931
-1.432791281832980
-1.347054649871297
-1.211543161351536
-1.307991986954284
-1.336922005757107
-1.486638724883048
-1.108926360552636
-0.834972941603907
-0.578889799397613
-0.489760684955083
-0.380663480981645
-0.318451742855104
-0.348262749014052
-0.253770701321353
-0.352478589018291
-0.627158521768727
-0.810239866052349
-0.714987792301742
-0.883056780018311
-1.064221475768743
-0.903515286700964
-0.378654800864807
-0.038880982302930
0.061207916058642
-0.260373625486108
-0.409610302366368
-0.526633052710090
-0.548634509884612
-0.718050721558587
-1.062345861872910
-1.481442297146665
-1.935984377192202
-2.411305863103046
-2.459476759311348
-2.369039892994116
-2.430286884293011
-2.364594873819650
-2.365660922520002
-2.832282002777602
-3.050579263418852
-3.214748648607125
-3.436443569261260
-3.855281065484894
-4.169088318900305
-4.395493667754055
-4.414155497307000
-4.402430486282809
-4.450855349863973
-4.437397494512934
-4.290908868881149
-4.044917015748195
-3.973079446500954
-4.214648697917274
-4.733010149331204
-4.850781759983521
-4.642587212124293
-4.409513427110113
-4.389942054438658
-4.205951749635484
-4.093958465639503
-3.726149764971381
-3.354710254023578
-3.290131350665262
-3.088300134999269
-2.693393001526379
-2.583262790884982
-2.756011245672495
-2.487991697529895
-1.896159626113673
-1.492320040583092
-0.960834205581802
-0.577612157237616
-0.571888023874779
-0.695599885151707
-0.881620865872124
-0.847279017638640
-0.733209380388512
-0.902052220255458
-0.821595001146538
-0.696043791975035
-0.444240343206765
-0.259200721111664
-0.149549624423603
-0.125495783475590
-0.153047584343809
0.112544492190480
0.502392294424153
0.595069613758713
0.633759965645357
0.740658662835027
1.082599597709222
0.937125607504775
0.834121000557749
0.553749441450468
0.202540161229507
-0.079726049473013
-0.560412388147779
-0.945252637465105
-1.302138492892603
-1.480005557361982
-1.740305387997777
-1.767244106289058
-1.696923442065345
-1.482584644098792
-1.536661334051519
-1.662396362666433
-1.359032395557577
-1.095996701104769
-1.063605728979936
-1.012093185270228
-0.858709351229794
-0.787291248974911
-0.694134113936417
-0.758951878263719
-0.979318016570177
-1.152261381812108
-1.413722876496949
-1.389648521268205
-1.299215072128556
-1.185906468605847
-0.941746208383027
-0.491091773847777
-0.107725756459819
-0.109663978502186
-0.221925771984262
-0.325312566661107
-0.488712733955357
-0.670394132151146
-0.811495321978107
-1.031622477693544
-1.545031893064571
-1.933406260974027
-2.341828486024318
-2.467776545708337
-2.634474719245822
-2.512079400006314
-2.333028868802528
-2.415825674312724
-2.905713100212115
-3.032879918027462
-3.086994489042213
-3.352767699496750
-3.670664949762362
-3.984872831894454
-4.070160564183768
-4.121554183258421
-4.177070121407783
-4.174321109385268
-4.225410334011607
-3.972179528357731
-3.934250723235063
-3.899458234618363
-4.037182245701386
-4.458672690033781
-4.561045248242460
-4.339815965020058
-4.181288741877425
-4.025091039050780
-3.914950365602532
-3.831700749171040
-3.754671329315777
-3.544580644744007
-3.319680342392539
-2.815271591107020
-2.457219787467452
-2.381800737420631
-2.591501676602058
-2.287753639071843
-1.623888193246828
-1.364691105666335
-0.834546652662302
-0.510617953676018
-0.444031130665428
-0.739705344808760
-0.880626296638703
-0.751637700271970
-0.689546355926834
-0.760298025067245
-0.712168605158913
-0.692862526964115
-0.566688179226494
-0.360796943490104
-0.073712306336807
0.042405256126664
0.056821206404647
0.289926359985050
0.706563382875581
0.908234883827282
0.896789779783228
0.913480025941858
1.019275327323241
0.872089257013814
0.659021368283435
0.450659393495362
0.240213340331049
-0.287082598289792
-0.617903794265568
-0.985247389059167
-1.410586044243066
-1.689680329005459
-1.806217097653429
-1.890664247911685
-1.767157957577200
-1.770147007543613
-1.789329317791986
-1.819232830890384
-1.790147805958935
-1.593844130449632
-1.578364140563552
-1.559124552955614
-1.519396533725951
-1.380832351170656
-1.263262804265058
-1.306970465394691
-1.647727715787019
-2.064148903132093
-2.138222382581252
-1.945565297060596
-1.603641057887030
-1.271234411095301
-0.895933909464137
-0.610246272646581
-0.343163513478390
-0.417248383462262
-0.403967413306977
-0.340522464764416
-0.329109152282174
-0.495442172028805
-0.744117941300271
-0.904615563922886
-1.411340358643975
-1.820260591874158
-2.150167857982539
-2.263314377044123
-2.432065384569281
-2.412470655996060
-2.299484535144817
-2.495817983801420
-2.731922813140265
-2.843566622516460
-2.835578755343694
-2.968149166202754
-3.259053747447340
-3.705231371829309
-3.760126402108354
-3.880011907799352
-3.893275950797226
-3.897315691630111
-3.902583373798167
-3.916593626102906
-4.063768631123967
-4.071942416912288
-4.159928143840846
-4.323018642277729
-4.228257227922716
-4.038263896537647
-3.944345681210055
-3.744557385419289
-3.602130317424366
-3.532964936730506
-3.418023293918873
-3.215385816206640
-3.128383277509570
-2.781308730527452
-2.496344580747330
-2.412126942378864
-2.214531219439367
-1.980648139252245
-1.724208630403831
-1.255006558862894
-0.884669066892279
-0.675767134717189
-0.682705776158972
-0.804697597415236
-0.850714439198949
-0.783547628314895
-0.667035125743262
-0.643815632861546
-0.677481158583436
-0.800017717388926
-0.835460280332717
-0.516110122556047
-0.126570272241418
0.065978532759103
0.318808771131235
0.481286186971809
0.726878716195009
0.920475833983270
0.981844345484288
0.958618285442352
1.017431832450913
0.704879498989759
0.324750421189621
0.199458991542442
0.066243485169450
-0.396714992009914
-0.442113885341473
-0.941247625766677
-1.180979425616380
-1.425056824864137
-1.644462318849968
-1.722105609559530
-1.712872853155882
-1.854849288187436
-2.154647783427539
-2.312120781812375
-2.308301818524541
-2.051841250075314
-1.970084410649599
-2.077990297371638
-2.162338648034946
-1.998081801420934
-1.691398235865805
-1.613697448202420
-2.108068120617289
-2.523797180907089
-2.604614118005123
-2.324795236781555
-1.798483382441267
-1.444880414360332
-1.179457025935603
-0.945635660093385
-0.843459739297214
-0.793139495652967
-0.690391695256875
-0.491043421962457
-0.339689680090869
-0.376689525335535
-0.599669322202363
-0.949734854142791
-1.455647071576951
-1.725598383271703
-1.903283159856845
-2.217426061156726
-2.365496633742666
-2.360605334165171
-2.286840480003094
-2.403357542712082
-2.436112363565318
-2.651139658689497
-2.712252406341481
-2.696127781202171
-2.954115797849810
-3.283181334585878
-3.480372015512186
-3.734334185496901
-3.701415831981364
-3.693144426615438
-3.684897448258033
-3.761269503920471
-3.904438349941020
-4.056732840965259
-4.220768038704936
-4.373946881641555
-4.267597672948306
-4.063343336174008
-3.793207838892255
-3.507505302335307
-3.538697239326358
-3.372813261790754
-3.050561835712747
-2.780251881454755
-2.609975230661412
-2.603545934944848
-2.541545512985027
-2.102057134860927
-1.791089335165955
-1.626529876429691
-1.546058510163552
-1.178659916617441
-1.080923439425803
-0.990257261776016
-0.927831734817117
-0.864215119054478
-0.782560515369514
-0.879023480054196
-0.747139132339997
-0.846927505405229
-0.938887737123698
-1.006283800984329
-0.905510009149179
-0.591052274201840
-0.354875514782910
0.043248494984410
0.362151631121856
0.558369266361108
0.721553932972463
0.803727314442891
0.816334941120076
0.739481970950558
0.678724301854089
0.570139052614488
0.231054676226187
0.160214579280019
-0.092422388615720
-0.273796744334697
-0.409914155684837
-0.795531535682042
-1.069905458194446
-1.179380038860648
-1.101190402058885
-1.349860019188016
-1.637502969800973
-2.081159103129911
-2.364529595220442
-2.541477196830694
-2.673558647787616
-2.478507593940078
-2.321100095025675
-2.340301056268969
-2.453580818167387
-2.223224702679977
-1.923430754748033
-1.823141512970937
-2.121958163562450
-2.624100116258967
-2.849931672328067
-2.558059556299735
-2.024347946833224
-1.660326106232966
-1.576174108394523
-1.292086645548551
-1.164324101352847
-1.059700812815459
-0.853643573443527
-0.749285450410812
-0.712069524633294
-0.767450958053702
-0.905808295608711
-1.128448807466551
-1.436155118401186
-1.637572892790613
-1.822413080626119
-2.157287774578497
-2.347281285306234
-2.361100451232167
-2.311531424990169
-2.206976221418486
-2.210306674286180
-2.198101385135806
-2.252792610212743
-2.290635477644047
-2.627445368176202
-2.933256493855672
-3.097534527832534
-3.344150432440331
-3.449630375894313
-3.501834584270373
-3.564073770117729
-3.638831888870379
-3.854325001239308
-4.204800928807332
-4.396447162669503
-4.426914641823315
-4.256986990423540
-3.974625000912563
-3.790503244889254
-3.447491432977326
-3.349000432772701
-3.093664998330582
-2.884894588593185
-2.564500309302763
-2.345282141185988
-2.552075521566836
-2.209113382241322
-1.560674367695114
-1.264164720362900
-1.183579254074751
-1.253104493144182
-1.204756006727235
-1.175665545303762
-1.130321597208617
-1.217689146352226
-1.280958036382033
-1.175878725079387
-1.133115755257848
-1.121472350060259
-1.001779681460646
-0.999948118511352
-1.048026747433956
-0.862361911618146
-0.521862686676440
-0.321555507052195
-0.119429195572901
0.141129740126123
0.344473343248353
0.530599468687955
0.603531268903222
0.667103488565079
0.511482141337730
0.522085393309471
0.461897043715744
0.323650932059311
0.262948065502753
0.052900023834560
-0.451474385846637
-0.574779579859061
-0.851113397204358
-0.998808948654640
-1.039784578547303
-0.974869352881424
-1.184400145997924
-1.648135624603360
-2.159741147305910
-2.509376111256438
-2.655676232783121
-2.793014651649199
-2.818435995917536
-2.658984661158554
-2.579724619625206
-2.691453715697221
-2.347261875613650
-2.211928742148019
-2.295269810590873
-2.346487372315776
-2.608636594098872
-2.595357081029602
-2.452461258589591
-2.161241788197796
-1.899210575025113
-1.775761985857537
-1.447659478578422
-1.261532463150367
-1.188190428253716
-1.116323426835295
-0.985700151853813
-0.932679628624260
-1.094289278223783
-1.176210253267191
-1.195533532656186
-1.213457568066165
-1.500543084389757
-1.789218436050735
-2.014042442320772
-2.042348227202672
-2.123664208018490
-2.020259723649192
-1.900144369507562
-2.065116262545416
-1.964124217959262
-1.882416078194678
-1.979196879916439
-2.363006437049462
-2.607497106778994
-2.786402079730826
-3.083794049541743
-3.367708238388099
-3.390433160029360
-3.479451719327450
-3.614245703137254
-3.759031681139718
-4.021547759400964
-4.174992076577295
-4.216235423359332
-4.019309650782566
-3.768126758204032
-3.364304153490866
-3.086979824092285
-2.937178248981178
-2.647953438842233
-2.561184178308902
-2.359589765778454
-2.183706042466789
-2.125536389811183
-1.864404713412240
-1.476652459487927
-1.243538638706068
-1.132901411576944
-1.180920892857442
-1.222828367728140
-1.200641181422643
-1.103322220683495
-1.201828647460500
-1.497141072243488
-1.603297005732101
-1.569911767509845
-1.290407576948996
-0.974462263886650
-0.849746377006985
-0.881780179559169
-0.780262863663341
-0.627719754141884
-0.514625179569432
-0.320085182336164
-0.208225259686422
0.015665891338629
0.031991642191305
0.140447063732490
0.404632809359106
0.319867404615759
0.311685982561210
0.448533514970186
0.479982640382219
0.379063097673678
-0.000776210769599
-0.410466059204344
-0.644058061023108
-0.970240308131830
-0.920644401797560
-0.959779890794575
-0.995561856346549
-1.329678003702545
-1.758621989114929
-2.171472472546054
-2.555321749946676
-2.707598881835548
-2.829190028659638
-2.890804657261905
-2.778960058037620
-2.698015491922636
-2.533600656532870
-2.433577578657158
-2.365870782178247
-2.397276694482072
-2.516582336853914
-2.557180348998157
-2.451057961996842
-2.251408449439396
-2.159307163824077
-1.815269074704930
-1.702706250011756
-1.510597621792034
-1.176327122999168
-1.182869042194929
-1.185009916823790
-0.979401854320206
-1.032892462128469
-1.306804858037740
-1.476573876013521
-1.327378624835405
-1.276269051685753
-1.552148519555236
-1.599967778306592
-1.753659987398158
-1.920709671141529
-1.794249657444694
-1.665104535941017
-1.572550411683124
-1.696217539889209
-1.735378892089952
-1.732325378898360
-1.825400688298933
-2.121147090620714
-2.275034240494739
-2.714792655002064
-3.049168500927533
-3.174278909417424
-3.187402897264882
-3.190503934253052
-3.288365004583042
-3.483303530379993
-3.676289636857677
-3.685350216100614
-3.691758804701951
-3.518425972460043
-3.189481069718783
-2.872793983154959
-2.707509070511124
-2.661576950314158
-2.356119278166805
-2.206175722882846
-2.108880399153701
-2.069436159696346
-1.931872758466782
-1.639710266673280
-1.359842547432734
-1.208376800246591
-1.218840980888987
-1.214578010223253
-1.232364661351068
-1.230843961781484
-1.313044077597963
-1.609237587503931
-1.798948098529007
-1.959993173267381
-1.825789663442282
-1.441763479386478
-0.959603146898314
-0.901903384021861
-0.904732263112696
-0.969022532077420
-0.957831706656193
-0.872629585323551
-0.602022203361999
-0.493492162912231
-0.498177727802422
-0.568024107191283
-0.457637543378747
-0.052591480712130
0.143096573011173
0.272240320501680
0.556816157860610
0.592889814969414
0.213930517218670
-0.212316738745176
-0.521629689390787
-0.612936839491636
-0.691529018067205
-0.831805763383873
-0.887008403122144
-1.092007662722637
-1.669381162336418
-2.122143655531064
-2.411075209168081
-2.683181214862453
-2.764757800101051
-2.845123223029167
-2.895172103473584
-2.817775059999507
-2.645032449042059
-2.464361171944206
-2.276770835737318
-2.206098086114773
-2.261570434722146
-2.338988693874557
-2.385551140978385
-2.323089566947941
-2.136428255226055
-1.946857960438148
-1.557822334729325
-1.472764179535128
-1.257290561962569
-1.061952303635217
-1.129815186900747
-1.174480915174852
-1.207946171346181
-1.277678941517912
-1.509298621884615
-1.437305137748578
-1.328933162141477
-1.264062095074731
-1.425749196175674
-1.492418037992224
-1.578461252511494
-1.732999417227531
-1.745586047409837
-1.508609527687756
-1.456776303021125
-1.422412801890437
-1.487223838975205
-1.461908594869808
-1.486292978554586
-1.754237581950083
-2.154903496980638
-2.480034167879287
-2.608470926072449
-2.689535935310131
-2.724793821766417
-2.646791026836961
-2.800775964891711
-2.957317030087818
-3.352915833044662
-3.460446619283750
-3.251793898652019
-3.087247031030676
-2.721790372808782
-2.363316260472517
-2.242294198120565
-2.120212633225466
-1.976106532552452
-1.936680660299849
-1.876546568516718
-1.955656789604447
-1.797839661736128
-1.643931480874061
-1.469771029732880
-1.218755910741911
-1.246667164508009
-1.357606664019824
-1.164226781828025
-1.243933202753396
-1.452837357656429
-1.823175731689608
-1.863056948875450
-1.918022003011485
-1.806177015151794
-1.408494764091563
-1.125319488832147
-0.950852003272753
-0.941980861454523
-1.187836220146247
-1.188603429109956
-1.031899233425525
-0.830216260343169
-0.830195487126607
-0.969674990396355
-1.074516599763794
-0.856649253038568
-0.398458249334279
-0.150460987839019
0.112108774453994
0.473614819881855
0.374365612371251
0.138791159122491
-0.363620090482165
-0.738680982755389
-0.747836310330641
-0.861350940081742
-0.861895183623913
-1.076641518861405
-1.449855381316891
-1.880407604377082
-2.209610631146390
-2.393209529179579
-2.724070518241489
-2.814082337805470
-2.649060892969327
-2.780346336629564
-2.751513344699761
-2.683816933189990
-2.460520826317270
-2.244817150090837
-2.082379760490764
-2.277519827632863
-2.305728419009550
-2.282754692912622
-2.301765886591363
-2.195868676805866
-1.900578974326966
-1.404214932808838
-1.250876336884496
-1.131485158579268
-1.055921436001029
-1.060727851412614
-1.167424584838295
-1.243369766517012
-1.363590582052276
-1.519909041345031
-1.338268630925721
-1.267996626221280
-1.321282937321287
-1.327085814194410
-1.233037776206154
-1.460019151031203
-1.582061338437056
-1.720918313009452
-1.649853341621464
-1.615319251344314
-1.625662554022907
-1.567202805561788
-1.326775131428936
-1.403698339708886
-1.768194368442067
-2.121486000065528
-2.226872964171158
-2.080938407034612
-2.201846194789778
-2.245766945440170
-2.179023331500170
-2.294218304335208
-2.620239229431504
-2.762591323180849
-2.948496823642136
-2.937487615084605
-2.713263746521501
-2.202750767574828
-1.869412990840251
-1.884517647388565
-1.831627771839834
-1.578883486539255
-1.579732481340974
-1.533770030753117
-1.671480922798873
-1.617412684118857
-1.589746118342187
-1.634391327080757
-1.438182562858031
-1.374977664905870
-1.216169561750268
-1.275436160786609
-1.410394765587020
-1.612282840759963
-1.669159589893625
-1.652412066363029
-1.723313732670132
-1.777689170347143
-1.547799321501450
-1.341005622147334
-1.259906793918439
-1.216766209238785
-1.260921264922526
-1.216409410330725
-1.138515732151790
-1.163763276819513
-1.182747520993952
-1.289429215837031
-1.435913933868783
-1.151533757990018
-0.715951551917545
-0.396217678444009
-0.065627311346983
0.233496437518566
0.094727086108530
-0.175599632330562
-0.651677177523787
-0.883990520124223
-0.935694534145998
-1.024257292798663
-1.083755230848444
-1.157047200629119
-1.473972656918173
-1.833858750117516
-2.087617633076567
-2.214532808226265
-2.447007117907711
-2.533182701713400
-2.481676146012079
-2.623663181587732
-2.725566255529101
-2.586334257814111
-2.356255464295466
-2.222309032659098
-2.131065567842002
-2.166392142800716
-2.225824837562245
-2.091071263067343
-2.137512236896839
-2.177410637098700
-2.155724723955841
-1.634055040179175
-1.294222352913406
-1.220331622813594
-1.040044308539617
-0.870712151059279
-0.798088698016769
-0.945509283960295
-1.105504551078587
-1.135649349274447
-1.228344637516760
-1.206777936836705
-1.249157929015631
-1.228650974559147
-1.263897728258115
-1.382482789979800
-1.563313192839826
-1.784434224533695
-1.715241493847527
-1.650659515009344
-1.697800074535659
-1.504742699983442
-1.228094811905124
-1.314369405005346
-1.750353512125952
-2.032201841877247
-2.089032678609481
-1.838992112883065
-1.861996527817841
-1.914020300526771
-2.008719144756739
-2.136247562058903
-2.224098448813697
-2.196650636811886
-2.356290308736009
-2.483502468994447
-2.520353376254759
-1.951389404210762
-1.521704907282306
-1.584236350076027
-1.561966234534635
-1.354237511342204
-1.142916871491351
-1.367912229801489
-1.466100790883949
-1.460598114329917
-1.379067841660966
-1.288774744829128
-1.307877058304605
-1.257688717160271
-1.110918431508899
-1.205448777802152
-1.415385738118498
-1.417220093559083
-1.415468158200086
-1.513181264920006
-1.606650414315245
-1.641059390076771
-1.649475895883050
-1.580150697491740
-1.465434586678785
-1.379699735386103
-1.301153907064171
-1.128643242801551
-1.101092883938471
-1.319993214755406
-1.429294126810054
-1.351644443171042
-1.426829979178599
-1.406206125762742
-1.092401394503840
-0.808337414936899
-0.357267447294997
-0.028259247458584
-0.081389160434469
-0.529952757512480
-0.924658513932589
-0.848837868133750
-1.017631934349520
-1.113372167746588
-1.160097375442666
-1.234475279995270
-1.358328866890057
-1.788483650481522
-1.979923874694897
-2.256021058933236
-2.289964245881563
-2.141379237345183
-2.342503104190276
-2.728001053922227
-2.899270290310060
-2.667173253384438
-2.378888676625257
-2.118309169355079
-1.903696616471416
-1.952733198116721
-2.101922793215063
-2.009735171625763
-1.980326134020273
-2.150840286824069
-2.143047122865059
-1.821480802957210
-1.410444762824801
-1.269055826334235
-0.990244765380913
-0.658579089624910
-0.488767177011213
-0.563951499272260
-0.822612181440783
-1.083603789601007
-1.228669424712956
-1.300164120709355
-1.300498574423656
-1.331722296323567
-1.379378324536376
-1.483295779778319
-1.652750100846101
-1.901610318075637
-1.594568883930808
-1.387827619761608
-1.519504352835155
-1.538702235656763
-1.390576926395403
-1.285750881709546
-1.695939365282171
-1.902635336656697
-1.878665475383312
-1.735763261694795
-1.788543990729959
-1.829922399810579
-1.906242001100204
-2.033944103630566
-2.018101472499580
-2.052177745270091
-2.190025878168539
-2.234276739922062
-2.417761749466868
-2.082591817244057
-1.687189296417931
-1.417950735499471
-1.171250876614286
-1.176395366259040
-1.179325994282849
-1.220106419467299
-1.154276605021032
-1.214298407034987
-1.104954389596501
-0.896601940779933
-1.025734813369680
-1.241486215665142
-1.291563083061645
-1.250364787743814
-1.076939934332609
-1.088351950185532
-1.131051388980578
-1.181023699469252
-1.285338555668102
-1.387931888941373
-1.442634600622456
-1.530162096540437
-1.610392122591166
-1.722980620407524
-1.615025537635346
-1.370003772406564
-1.356330626751891
-1.597889408849359
-1.778491330139762
-1.724197095141382
-1.590170846764724
-1.673544387147246
-1.458633669718467
-1.155019618244881
-0.746740944925680
-0.317707610082315
-0.515121614777447
-0.661807960429816
-0.841686022592668
-0.928525312292126
-1.018451205462704
-1.071401456889607
-1.121324511723995
-1.148880745795712
-1.298774731260379
-1.653270672639177
-1.951148696839293
-2.226211995200563
-2.216316910521181
-2.196993631170961
-2.460403271205525
-2.716836005202043
-2.756253884952355
-2.428324494483723
-2.189842196513109
-1.792535469174875
-1.573516935325254
-1.623883987078577
-1.658881286992631
-1.774729616723999
-1.911848028019600
-2.029329160484286
-1.999909973451954
-1.735438594832998
-1.395479429014624
-1.322179508094864
-1.111345955114825
-0.586218114012975
-0.377815048820963
-0.310678509278081
-0.637044762794447
-0.997098517459732
-1.274633559331618
-1.381034120690623
-1.508728893192598
-1.608493459895744
-1.587923366898807
-1.509491223416309
-1.646130620158338
-1.735311969147574
-1.493045869838570
-1.413851430058959
-1.411743940490314
-1.474295462789187
-1.490452896654794
-1.347064035154944
-1.597513382812640
-1.807672481794046
-1.665008902773639
-1.673963324660831
-1.841422458186088
-1.841145437013103
-1.742931967020175
-1.837807322084000
-1.758845756649549
-1.836927360658074
-2.047324297911790
-2.110123326179401
-2.172789587783478
-1.975927301698071
-1.601887826557714
-1.252962015152273
-1.051995375191641
-0.955285995717002
-1.128813694402240
-1.358070114010168
-1.169481178346779
-1.138663905798994
-1.027313504337463
-0.825694807453928
-0.968544485336941
-1.426760723632173
-1.481147451646488
-1.149405895865487
-0.917595532181571
-0.849421328225341
-0.834584199443941
-0.845591688553231
-1.128993873369768
-1.305031134321948
-1.481624796023147
-1.678018365955554
-1.881460313617719
-1.937570162697057
-1.813732056772765
-1.672846870946950
-1.785665799893791
-2.013342567285085
-1.989724492825816
-1.785870722115382
-1.767071546193490
-1.894004195483843
-1.696811742983855
-1.523010581071092
-1.081545831517684
-0.794413322641190
-0.878082688199299
-0.836673084476982
-0.977240975390657
-1.055286201500818
-1.008926599378669
-1.081226736095650
-1.097304475365910
-1.268353256075733
-1.500583324698600
-1.711565799812798
-1.938108883936668
-1.924837646770061
-1.984265260503334
-2.245566028590121
-2.441068918264540
-2.507424680634441
-2.248639097295258
-1.823444266066100
-1.591607960482670
-1.474575546800319
-1.349132069103985
-1.326159252461319
-1.487500650258487
-1.579824704191489
-1.705315769889672
-1.831681047766218
-1.816024640994049
-1.629637832402633
-1.235832512963187
-1.274557134317246
-1.018248986225895
-0.440634874046653
-0.132339046501124
-0.163885692074514
-0.453975498545564
-1.035550422754882
-1.317436084594730
-1.514865286243097
-1.560903541888083
-1.797683927722475
-1.733999119749476
-1.609130533668392
-1.721870328709763
-1.670031404979520
-1.525427687629058
-1.472708574017065
-1.290344046255605
-1.243685639338248
-1.460067871970201
-1.436220905121139
-1.493431157431985
-1.561101951785403
-1.671385150495050
-1.680059297448482
-1.694844060377908
-1.726293676287591
-1.663384261216426
-1.785664163361123
-1.735092648386990
-1.592704771433052
-1.692805765515519
-1.800150863322286
-1.707985632496474
-1.570642725597464
-1.247141437552699
-1.085757977199679
-0.895506255794867
-0.801417046843883
-0.972568397058940
-1.198904623403666
-1.221250277907740
-1.141584950589814
-1.002041936585464
-0.884191701325646
-1.116682579557250
-1.296303792989286
-1.220100000500761
-1.047529952623225
-0.788967628727961
-0.715425311932175
-0.754374649621988
-0.872098782285537
-1.084617024460223
-1.233476694504974
-1.516181274422400
-1.807211921654356
-1.900228748301994
-2.089758310512621
-2.176576109348857
-1.966854727721344
-1.980642422420547
-2.155580733958480
-2.177616455428053
-1.832179905782503
-1.762539990396105
-1.939090861253621
-1.922241472421910
-1.794935717913133
-1.448754754314677
-1.194029179586670
-1.193164466862027
-1.205120780756562
-1.152925856110545
-1.087585291142662
-1.153419200969411
-1.248857177022094
-1.322055472198728
-1.532496774011204
-1.546336293572867
-1.626409081830600
-1.733914212769142
-1.729035825336787
-1.753626352850634
-1.766607423047001
-1.956060970545765
-2.014069923119122
-1.903571486195112
-1.491443696921071
-1.223901340413020
-0.916457874203049
-0.762352439403267
-0.906643718736224
-1.168438008430968
-1.314580922072824
-1.284493893135019
-1.405290709470185
-1.370994645981292
-1.276684772350022
-1.324157579113930
-1.185591719074786
-0.793086528394512
-0.277374878679879
-0.007193250082825
-0.033598455608830
-0.365865987322550
-0.904813269689863
-1.186561099173749
-1.359878470935011
-1.529647506802937
-1.847330915765778
-1.770981906949296
-1.712772200962655
-1.774589173155097
-1.713929134332038
-1.439326905835578
-1.286469815252757
-1.147348134143861
-1.236757636105377
-1.485004733823651
-1.660704147345073
-1.612364070460333
-1.430950044124001
-1.484618039291704
-1.470035681932212
-1.396251979528962
-1.489440171347735
-1.580392734752572
-1.714318645548466
-1.584650545015110
-1.448482178588214
-1.185608225455706
-1.147232874560132
-1.139700920615426
-1.049898977493273
-0.712165527450968
-0.685028791386715
-0.585744877978739
-0.674302467647239
-0.903238913052896
-1.042691120664028
-0.922839657281254
-0.996329404238705
-0.877391853930864
-0.612254388597526
-0.797174954110090
-1.032498101701706
-1.083408636252759
-1.109367467087366
-0.966640004877738
-0.998165823001569
-0.961948228048894
-0.913835676415402
-1.026727841591838
-1.171453184544347
-1.435862645961975
-1.677797655251340
-1.980937927467445
-2.316164332625869
-2.422002825948280
-2.283717625976059
-2.139926171750891
-2.340490922121383
-2.416422818814332
-2.247973098662940
-1.918194410631666
-1.788668885424644
-1.785353990780370
-1.731053298456037
-1.465691183620490
-1.325133154994638
-1.234512845236395
-1.157756269081411
-1.150213506852711
-1.053740058241353
-1.110583669680153
-1.275814126845754
-1.405616219845308
-1.291372483203800
-1.235955603054641
-1.324756117982019
-1.248558590402651
-1.250224986128547
-1.215727292797211
-1.432305426036234
-1.691337201350874
-1.829344593953053
-1.594899078229133
-1.266554212973679
-0.714646643865527
-0.545366661437020
-0.481525034407209
-0.420226074998683
-0.637923543461758
-0.746665513960016
-0.666463410683717
-0.773925127066694
-0.782996853923608
-0.807928078717029
-1.046874187916215
-0.895283241085656
-0.397438070944026
-0.094417860158402
-0.054370644538449
0.071277994082863
-0.099468955599305
-0.411003129372287
-0.744439781810541
-0.991546152056199
-1.236802062980981
-1.447766092787045
-1.452923679400211
-1.614633874250726
-1.658049374314429
-1.669307312769545
-1.445728332669711
-1.232932332540720
-1.259974438032706
-1.522173227128129
-1.632320994874830
-1.835726050017761
-1.736887042164655
-1.448494199421150
-1.463087823651404
-1.413439628228124
-1.408341911471538
-1.317097881821306
-1.359269269139383
-1.443171512764694
-1.226470662214627
-1.120192803096332
-0.735852356180155
-0.536247834603674
-0.738243027171947
-0.708298289227027
-0.451803756850324
-0.263479747895992
-0.309025851014096
-0.550836397118039
-0.883917391556395
-0.913852254884700
-0.732400069736319
-0.618991039196447
-0.555068780892238
-0.500148423397015
-0.590380075049500
-0.805082220691756
-0.952948398164490
-1.144005942219773
-1.171094937252179
-1.170108380711819
-1.192852972760840
-1.113344573039515
-1.046128107644059
-1.018634914638312
-1.237830784284781
-1.669832273271250
-2.006427664418469
-2.318569667041303
-2.610192006937949
-2.492385066853113
-2.253415674829282
-2.361336855024078
-2.388998357846562
-2.367284183792914
-2.195391699763825
-2.005080843346243
-1.758641219880557
-1.802213997984784
-1.533644354103066
-1.263507369082529
-0.976537591396476
-0.955614707297268
-1.153088839636439
-1.061448805871981
-1.102567364911800
-1.277641954657520
-1.343229856936938
-1.136186290660703
-0.828567609347306
-0.765807557907709
-0.751090375006178
-0.770611637187611
-0.851234530088411
-1.113225586944793
-1.224675321220877
-1.390015685340602
-1.340194255673298
-1.024849841563923
-0.591868531565360
-0.275230794298413
-0.034356398650103
0.088226972346919
-0.085626254859522
-0.216348746791474
0.017133331567458
-0.149710647485909
-0.349349543133867
-0.397543357564118
-0.475989428640106
-0.293408103085152
-0.046489828256083
0.156029258297781
0.199237944137739
0.112924732808155
0.009392324989258
-0.160773530355645
-0.408613708459020
-0.790109312680999
-0.944223450349631
-1.026013665360830
-1.265017645795536
-1.485754122908474
-1.452454500858057
-1.447231151983519
-1.426444696375097
-1.218308050870339
-1.196510384636252
-1.522628111986521
-1.840388875447329
-1.832123547866336
-1.535247272827250
-1.409085541789272
-1.475716834107934
-1.359066603665332
-1.246143742071967
-1.214652567840388
-1.138779643148230
-1.123663228036413
-1.009305291300688
-0.940228343808543
-0.542480855561439
-0.182123804380175
-0.277492455632610
-0.224851551344042
0.037772174149871
-0.051372356435977
-0.232509306878993
-0.302760390959509
-0.617755252203311
-0.828348751692718
-0.752042730095027
-0.459590234675998
-0.348522343993862
-0.475600897552049
-0.588296772359914
-0.687228406772872
-0.945434020962506
-1.135601842115838
-1.226436094777043
-1.365534545191005
-1.352520318408195
-1.265139348624906
-1.072998299109998
-1.104939272046760
-1.342100047666004
-1.899438063322387
-2.314495559336597
-2.556289691990158
-2.716589807762953
-2.639980248894498
-2.466704666466014
-2.528435138418325
-2.553673643538099
-2.443184978218115
-2.191136231834740
-2.116797845855698
-2.010912849000102
-1.830803195985648
-1.596699414158079
-1.284983302857265
-1.190729740490608
-1.156234829252379
-1.194428404399355
-1.056429683306016
-1.270533729575938
-1.419600233273546
-1.392178061038196
-1.140001202765387
-0.631330277542440
-0.215322716862905
-0.226749383454568
-0.483647868010507
-0.610967955834090
-0.731627359305165
-0.695428399359299
-0.854316894411310
-0.940529059719981
-0.778924697922305
-0.444654471562614
-0.150404612851552
0.184140619671673
0.419448223863293
0.259859807223486
0.320402154157559
0.537183574623751
0.246955565303725
0.159388891384771
0.168282078840111
0.053429180644445
0.244447328436456
0.361482662359866
0.435669019194106
0.437742831907833
0.311502280297857
0.084237551809911
-0.034938964799548
-0.236114262125321
-0.555356380161929
-0.686112737440856
-0.868311355555747
-1.244856842926218
-1.166630814358664
-1.067849226746464
-1.236416811740717
-1.248663292494330
-1.233819542084367
-1.233176327816622
-1.466579874190320
-1.896203623237981
-1.862306464442082
-1.603565230510218
-1.628883762839322
-1.312308812081179
-1.109700045108307
-0.909435856386604
-0.956344187359209
-0.878898202344458
-0.792541861575439
-0.770849046147337
-0.620880887297485
-0.260678955683459
0.102298553754541
0.267750357272823
0.286280075816968
0.383176039974715
0.041544152642262
-0.088340277645074
-0.089362965659151
-0.363546863759355
-0.632054899854568
-0.623077820199753
-0.513873220349674
-0.409239110659123
-0.504895603284291
-0.638050556627810
-0.685609750696462
-0.953329581740391
-1.156461748774818
-1.261312352617696
-1.406500588848582
-1.547253454883797
-1.473716330688469
-1.398670207923327
-1.427030427619558
-1.511670320950254
-1.827881050616173
-2.277382555867542
-2.645069276799164
-2.714225639855804
-2.755893173989730
-2.830702224856042
-2.782222727276930
-2.691197961133405
-2.487731145255559
-2.249894430078042
-2.194086813650720
-2.149399331092706
-1.769796090820019
-1.626667678170451
-1.615069130175686
-1.408720377902201
-1.389830107915284
-1.262042566605703
-1.373683542759512
-1.395347864913242
-1.350595175078738
-1.245993674119148
-0.959425863667402
-0.394432025100649
0.125671285349388
0.140259882637302
-0.006821116575814
-0.069332825776622
-0.034152832424491
-0.132346437428485
-0.204876123945515
-0.338107596908690
-0.328495886628196
-0.077543604672665
0.289552726723832
0.532132360101760
0.525258448926333
0.616793588424365
0.541505186387238
0.653453737313530
0.474956613060578
0.429856206119970
0.560682121014815
0.638925812386547
0.801452535288786
0.855943298073150
0.777280081754085
0.628765696432529
0.353672300868673
0.160727523794321
0.054819434356595
-0.205439786704818
-0.320209144332023
-0.535398475705637
-0.773978746973934
-0.838567782374791
-0.773681142177098
-0.830306231801330
-0.958896289287411
-0.983703267461171
-1.097826055589925
-1.074372053869317
-1.105048787373851
-1.443579500759587
-1.451309016250517
-1.419253911264722
-1.380560578585306
-1.150319382199977
-0.831259207265431
-0.664592251340269
-0.513197138832995
-0.368405632396415
-0.300297668645123
-0.237388822091887
-0.148310905199500
0.078670616524637
0.506405352790376
0.618270031474141
0.573396686336349
0.496648935551906
0.178868100793618
0.027618139949641
-0.074999514848350
-0.242794683982032
-0.312903368717981
-0.275563604815384
-0.190880153828829
-0.322215941910623
-0.535630263589241
-0.431225957163550
-0.778651294268536
-0.995234851566102
-1.135882358720158
-1.303547997416084
-1.516372598854570
-1.649380786983916
-1.577383799187337
-1.638009592788779
-1.538292835530259
-1.640821774499895
-2.059525119700766
-2.456625055718083
-2.733118854008437
-2.801006814489877
-2.926665503426645
-2.994732694145183
-3.037584993802550
-2.983923890357878
-2.642184239271238
-2.329901467787742
-2.193681175473371
-2.111530473112909
-1.834187080274556
-1.728516263055272
-1.764273587009252
-1.535153336832667
-1.471761597682637
-1.348183182539971
-1.383996037326057
-1.520869682553148
-1.291773188028270
-1.167205763649690
-0.885435612137084
-0.547496460318506
-0.058765530361586
0.223469802501808
0.298447640865314
0.537327876810212
0.384735360738881
0.216172098903366
0.150130045265827
0.105755898821401
0.023276401233428
0.260810894570300
0.562425488962842
0.682497264200735
0.810437599155509
0.829005174424015
0.783645528888703
0.805198790140123
0.716371366236364
0.675049230087085
0.692006418450052
0.931401107212071
1.117135860174475
1.068445762873611
0.720037271099228
0.445308650093536
0.378018375764384
0.268618099502010
0.239432783285259
0.038619847554275
-0.276701593690254
-0.349875049268506
-0.533773112559404
-0.548062749663797
-0.530025093255842
-0.614837759162994
-0.685258783128639
-0.852526207563396
-0.828202130725678
-0.571846488304973
-0.511891022136960
-0.710151660250159
-0.882744584365781
-0.916430585063942
-0.901001131156794
-0.868619355026282
-0.537981153483269
-0.206487188238572
-0.037419106869091
0.041743774311997
0.102083791954415
0.220061402294694
0.378324210013040
0.559217820004207
0.834039307548760
0.857537604977998
0.583442948407967
0.374616374810311
0.316287261683362
0.132092664252726
-0.029515276050806
-0.159021563380557
-0.289373191504614
-0.177800454417980
-0.072318360287713
-0.308519924232624
-0.403233630995237
-0.489730881102534
-0.732581371415720
-1.039387152360697
-1.333297177672639
-1.646861737545869
-1.901026925978289
-1.914495617363189
-1.890127330097057
-1.958600782948296
-1.875385017326403
-1.937438551650008
-2.211356992247557
-2.635937714063781
-2.892056869353798
-3.149940103977718
-3.163784381167354
-3.152395906135167
-3.203121556787853
-3.033786976691845
-2.787502445280722
-2.403372194115780
-2.203750606515529
-2.039167171220974
-1.626520367310463
-1.447400610762589
-1.526398753948249
-1.550151062434583
-1.440921457112376
-1.300082847347270
-1.260529362503699
-1.305823713315259
-1.144417955078395
-1.021547907309004
-0.864872343178134
-0.479827310356793
-0.094688052098446
0.292944325476244
0.620423877222132
0.816037969357255
0.613376979687415
0.502357335103389
0.508083700492722
0.382699443686926
0.435000770212324
0.585130470862490
0.608749288374933
0.757172330136724
0.910895712479744
1.003047116179553
1.020547615873834
0.908849523912667
0.966305293861929
1.082158216637479
1.060946577088796
1.190097971913712
1.259871318662499
1.055240763517378
0.820353010774268
0.440889970090529
0.294899373882359
0.126705547195351
0.181952671852977
0.119228754244766
-0.108311041391464
-0.171548058174711
-0.065979524706979
-0.155087318250625
-0.162005548869209
-0.227954510560532
-0.284858746676172
-0.460383742300791
-0.387847151716569
0.019626699364585
0.202096325847240
0.110221113771505
-0.225503817531870
-0.243877189897507
-0.391351086234402
-0.307531290679358
-0.115303328964265
0.124758032632607
0.384992536410033
0.396739746755964
0.330368123651781
0.505154957713355
0.725587105834100
0.880899082051683
1.085422076249001
1.112876818619498
0.797874572514779
0.516848962554459
0.285559807989456
0.174656897029265
0.026491385168146
-0.230305407535685
-0.264821285101907
-0.166569992719020
-0.004482795213646
-0.145786838644273
-0.262945423881098
-0.374964846594121
-0.765570721753410
-1.250475886542661
-1.719790666465847
-2.082568106120106
-2.298736226496146
-2.238810925674201
-2.306198806502595
-2.278373479708685
-2.231195352863458
-2.261862164529601
-2.252369297970109
-2.535463018359932
-2.836963683744831
-3.161803758085282
-3.248714391836259
-3.184102803539337
-3.076900821436117
-2.887082537247347
-2.592230241275139
-2.468857191202362
-2.184641726721372
-1.804754295986654
-1.426509500202361
-1.286682719788243
-1.379759219089480
-1.404585031574150
-1.248672609265979
-1.224485774211404
-1.003735098109228
-1.018135251888657
-0.954036935598426
-0.904008862931101
-0.698593243209884
-0.325302887619035
0.074957707490502
0.507725383971828
0.659478635787877
0.806383783989957
0.841808362116412
0.844696040015133
0.808402740202549
0.822585906802652
0.821548580693162
0.822369918575328
1.036436078069451
1.094861022166750
1.054963303048547
1.299821702176674
1.311122516043564
1.118624304373666
1.051686106326644
1.294634510076455
1.259921063442982
1.208462395860330
1.055338575797266
0.885124129811558
0.859141367304218
0.507317972171653
0.104095706257606
0.004716362354916
0.084638444266467
0.251950059198281
0.397007519955510
0.437814862956430
0.445891069052469
0.532214674003503
0.684361954231970
0.661751566277912
0.369423459158612
0.117077470497694
0.165192389084205
0.364060938431829
0.630007529303217
0.486363196472284
0.278537120810291
0.128864811656516
-0.040842601715796
0.049704942554222
0.191768813940540
0.482200509983895
0.582665417140015
0.523324080261692
0.507113875394354
0.785171349012172
1.083421822945213
1.215493768114240
1.150404101932020
1.133247257010021
0.918197485699062
0.575948172154857
0.405856824508797
0.302913178027746
0.104270343276806
-0.045613523658560
-0.122731778191564
-0.107194928918837
-0.097956242154213
-0.291930033167160
-0.317869910006430
-0.464301930772291
-1.043113467049455
-1.551532414870083
-1.924812800572818
-2.380579834555645
-2.516967541474494
-2.604933615858602
-2.547342035317781
-2.236319638685908
-2.207322986238863
-2.169758788256635
-2.208167904022687
-2.151777252367212
-2.491585195499194
-2.837687926060427
-3.202385747669411
-3.098412675386647
-3.013697723010533
-2.914331177508219
-2.672537225473499
-2.624735468472871
-2.409738879862009
-1.981610420288998
-1.535177338401329
-1.390072021565010
-1.495366069605933
-1.458799571542839
-1.174826897566376
-1.070582679874572
-1.094135969749600
-1.118263408509516
-0.987041830045576
-0.831173060539047
-0.635948902073920
-0.279641103477838
0.107827752683702
0.518554156503745
0.717939903176610
0.784158537810523
1.011380687550925
1.209123084165551
1.180054068694164
1.098122251014188
1.115600710520203
1.118842187259897
1.173678313406662
1.065675672882075
1.092577430107595
1.449236285274083
1.530365916170738
1.322454369310049
1.154534596814767
1.206160399461728
1.171466102927480
1.139416667672001
0.878195591852239
0.730445766317446
0.627992349795005
0.366392348683214
0.175557464068276
0.177763070690675
0.259528557767561
0.627451923654797
0.817388325351280
0.971934433519274
1.185630102816526
1.190651955241400
1.234227922849667
1.189574681496986
0.895043731417740
0.612706510619680
0.444416481589056
0.612054008192159
0.791006392469040
0.766570642823918
0.501873281451031
0.237557330384564
0.117473488599747
0.227391954139589
0.441738873339764
0.581020241316630
0.566237017726165
0.694754421224725
0.746937702395305
0.996615633611854
1.275645225110094
1.438131477938867
1.370722579589214
1.240898033236274
0.877527662036871
0.627983533550478
0.578301616633202
0.483708783951389
0.323014981637099
0.018555156052308
-0.167732467223021
-0.134636585122805
-0.247534740054885
-0.546279252400717
-0.656487958339453
-0.755292959188513
-1.161652930418595
-1.541879266760496
-2.013602810110397
-2.489654632723928
-2.836660155672037
-2.849355336199563
-2.484232416400506
-2.226882011112037
-2.155197520094152
-2.083178492719543
-2.088331259297632
-2.071698046940671
-2.192981049290897
-2.581086379034527
-2.945495178838456
-3.027610413646450
-2.947332054231213
-2.881813926374815
-2.844361760044120
-2.906375884808472
-2.590433773871159
-2.251256277404104
-1.903806985356566
-1.714298730229379
-1.673114857038341
-1.631476087756454
-1.423517268110606
-1.091935226555943
-1.271363125099566
-1.245756227209756
-0.949280460144920
-0.581901922595246
-0.541471790058410
-0.413295435916143
-0.021077893964372
0.374979078913440
0.469827844411721
0.645509119199730
0.981827800900256
1.234578075637225
1.364868852254226
1.244900481607667
1.134193773912001
1.175413782806370
1.199772987077678
1.168420495367301
1.339130548782679
1.550892050894401
1.526548925532328
1.308622613715920
1.058847709250613
0.883484770106285
0.873293866111447
0.791741231348551
0.545859485436600
0.536506153505812
0.512168780605347
0.370968030232021
0.416504524245829
0.556047793837078
0.627265875714982
1.049115595146327
1.312218341535955
1.521190991960780
1.725631211110106
1.667347317693987
1.608779669785719
1.420995463031417
1.195917212209522
0.819624490459988
0.707831622557502
0.740482332233336
0.833574588691287
0.896449307316735
0.833813356692599
0.643226162636327
0.529564592391946
0.444229100227044
0.435984166411405
0.438562062764431
0.531677044475993
0.734340306583675
0.959305491380545
1.148881639549674
1.256725636069673
1.202391248080960
1.236395892319817
1.111132311751563
0.859081287836327
0.859247666613480
0.728588961737811
0.539159320746628
0.325367426277623
0.066774961755954
0.052470255169914
0.039095800162343
-0.276760657814883
-0.476914516783437
-0.813466437117450
-0.936771674189805
-1.060112079601383
-1.300281624078939
-1.964702326981509
-2.526196713007841
-2.827629664142656
-2.800666422826109
-2.502357242955418
-2.356680104543647
-2.130954849661515
-2.012352359464178
-2.030317330474670
-2.044247927354454
-2.118795364344581
-2.486287475303349
-2.838901695072434
-2.866638368592379
-2.924303349116841
-3.013182879513440
-2.874056005395358
-2.853765174736548
-2.775980407737487
-2.585808605829048
-2.400449974972471
-2.111011552931583
-1.845360854788718
-1.718944085100905
-1.661217044207598
-1.364777157006917
-1.327646348456470
-1.261435140935802
-0.931233541171148
-0.543595755168347
-0.525580233780406
-0.320294168579232
0.015744056502145
0.145118971419711
0.413265961790535
0.531208136919698
0.577902666335186
0.902079759654457
1.084905359943776
1.172587920412039
1.129702837051946
1.079353189710728
1.240929330140391
1.432734996637209
1.463903489809369
1.314343937254079
1.292381419277200
1.142090421620596
0.913902371857110
0.644725105324645
0.585140405833177
0.414576986073055
0.286648497542488
0.401231862701819
0.586749030521445
0.587260376453841
0.738331338293323
0.816397350202258
0.942589938982694
1.345230050859112
1.635911378142818
1.796150322631865
1.923216708878286
1.964197549799788
1.833574261190181
1.534955788001072
1.267997322325673
1.001211268625815
0.981478008158969
0.863791588716191
0.756430773537889
0.958889019682245
1.029091037781012
0.974028230903857
0.772977024863490
0.639154117302482
0.525005069564867
0.502659523415062
0.605520819054396
0.554484735425128
0.768331243550297
0.758433062450752
1.005492298404431
1.054368639888324
0.959010318156504
0.826016148296579
0.825142037516924
0.784645999351025
0.715725867935243
0.479733696980937
0.441532813157886
0.503656172229619
0.520985426634957
0.338477570882920
-0.113194849377798
-0.557090626629204
-0.838430361936630
-0.877968586628623
-1.017269650668363
-1.396960886530974
-1.900595736722906
-2.435157968225497
-2.650127118474950
-2.605659165065535
-2.467264734938797
-2.336833365417884
-2.079895180118206
-1.922225903701142
-1.765507196328163
-1.819298549909742
-1.947227015603018
-2.184341372758005
-2.623529450812903
-2.589659594326243
-2.774161257881256
-2.957555074618760
-2.909552050921322
-3.077891764972086
-3.059391511064821
-2.929932619906754
-2.672104894078304
-2.259840404147019
-2.065939652661918
-1.867968394025830
-1.704780555896086
-1.366856205043621
-1.416075611705819
-1.201497918451241
-1.007930300580477
-0.744672247013638
-0.574376391216505
-0.225649370029444
-0.020049937491495
-0.031015253253040
0.143322070212587
0.306450241043173
0.381174295178694
0.676574981413912
0.782960501126291
1.030850395085918
1.080051796867080
0.985685433222835
1.220691743929625
1.530576421928912
1.544799097733070
1.219064933901814
1.063974357427220
0.951860598041403
0.752156858671129
0.441347793981855
0.300767544833998
0.001208891754268
0.043340787547972
0.286718793190931
0.498905422798029
0.576671928163398
0.815824161774381
1.031091764512545
1.059881549758979
1.357162472692412
1.703951731236481
1.920010403490721
1.983429116028946
1.980511002953400
1.840344884735739
1.627563127316809
1.421679236489088
1.207465440469346
1.187579725552076
0.965448299204747
0.972478411865557
1.027404178486555
1.107558831545473
1.250249684350550
1.026982712267005
1.001020239423352
0.830086103866020
0.809973293433613
0.775072946769745
0.715200922872613
0.610778137277077
0.543203153100519
0.680124205155643
0.749098306744639
0.731340749449777
0.744547526273615
0.868004219790204
0.872364141256454
0.776787522114603
0.758007485071915
0.772280351528041
0.782265562724778
0.718366075402197
0.459443129944759
-0.127688046503804
-0.465864625520553
-0.735107186297869
-0.821223359694250
-1.061788241850778
-1.453787813305490
-1.846871284994908
-2.134329616417993
-2.418439960308934
-2.577173471429153
-2.289870081517553
-2.074627132493943
-1.949161863919907
-1.835138442662727
-1.759476775573985
-1.779530500824364
-1.934531502027602
-2.170365636403214
-2.381139748848474
-2.447473122742629
-2.585341994850012
-2.713127554674255
-2.889204349057529
-3.066669547626835
-2.997769596638141
-2.924794435425030
-2.796355490953003
-2.327449869064774
-2.189000524655587
-2.025232736739028
-1.823177045243787
-1.566144823306478
-1.612385162795760
-1.328357707188448
-1.180101032772577
-0.752641727385660
-0.468184285847141
-0.226578138621874
-0.171737930276403
-0.195382812860786
0.044002871423266
0.243254045539131
0.531253420195348
0.637974886756494
0.569321957271497
0.769027836624570
0.916378451115107
0.861552884399232
1.029493814263589
1.350613274537529
1.396741779285700
1.122574119495004
0.833584623222764
0.786402853306271
0.508202543289618
0.265183776177495
0.109460571773373
-0.017609224998763
-0.025325391384968
0.130956286341805
0.203618502125556
0.386073144464995
0.774213355542618
1.012785737671279
1.070591876885586
1.331617702801009
1.782030185558993
1.986110130477687
2.002781022829161
2.088725742701466
1.991104532099406
1.756876773926463
1.594694144438309
1.479075271324246
1.467164497435394
1.120348796442573
1.030179217234291
1.217029773710138
1.349013409145941
1.371118680637558
1.286036169612115
1.178435550159032
0.949574373982594
1.019928067796801
1.104499102763139
1.053196267671941
0.736123140054328
0.424832414421731
0.439265494082455
0.513797148203722
0.448934328324621
0.700508185031615
0.869673202100613
0.775833531488146
0.686348467723472
0.906456487956305
0.893575944110685
0.843100733137916
0.637199410651703
0.362891190168552
-0.068877461616957
-0.297180039916702
-0.594323856879378
-0.939581854288397
-1.131656233236316
-1.392283895153154
-1.690624594664075
-2.008848876953870
-2.276427885353240
-2.329378390785823
-2.007263090105792
-1.960332004957519
-1.696097614624581
-1.679909912265419
-1.679333728716737
-1.635223621445852
-1.723514792628165
-1.801268821341931
-1.931258018531004
-2.073016340344135
-2.309119584651335
-2.622837051112620
-2.806348917244179
-2.882510633265150
-2.729106552118036
-2.898208389055364
-2.884598429378519
-2.565391497667839
-2.246062538352345
-1.994463159601749
-1.865498633504376
-1.815522760940004
-1.664758900915387
-1.572150402826049
-1.355610711866349
-0.869723011948690
-0.616938235371133
-0.380536689902352
-0.253868901905386
-0.187863739754572
0.099593747655862
0.435211248935396
0.645168808423693
0.529822996355146
0.716093122204864
0.976781622835741
1.025385314086988
0.824949389082785
0.888672187753422
1.157678794260386
1.192710545703910
0.983782670345876
0.695769838190407
0.664556918100456
0.505920697752326
0.385120414890782
0.146924125919400
0.101939421889386
-0.057437992635809
-0.013566644228184
0.093558981019522
0.554328912847283
0.741230819592850
1.004933909351883
1.152921053969177
1.358536827591235
1.744189976795543
1.950477658910127
1.981947780790611
2.103710500018756
1.954368671444141
1.737748300094600
1.733461834083478
1.808852802320105
1.700013626164806
1.387908471537645
1.312060518145953
1.282190643281810
1.254939124150184
1.234547236021071
1.392623604466700
1.355562398984441
1.275841826765268
1.301497790311796
1.334454192930079
1.146163827226067
0.814118732795697
0.516274225637065
0.542347000404216
0.540236288218946
0.467042162883198
0.580988045477071
0.764395129193222
0.696102940554862
0.534166523955264
0.761980421725980
0.814035377799446
0.573413523811739
0.529450062842015
0.503359303602501
0.089706796758424
-0.100432610354240
-0.451391241334129
-0.838001137773027
-1.121760988154516
-1.377093607582258
-1.556566297606006
-1.872763021050792
-2.018424122608660
-2.026683028138540
-1.722429904186233
-1.462444955749535
-1.318094474032111
-1.385799737007077
-1.520706113714214
-1.361521543700259
-1.457713295490543
-1.570334618727262
-1.545419057405175
-1.860602941869621
-2.168056235442902
-2.465481639933656
-2.628335001802288
-2.618796491959098
-2.710564663486430
-2.905756569484608
-3.022810785713014
-2.552633236612454
-2.162285705521474
-2.137726814841250
-2.095471454097966
-1.973261562460288
-1.691190674542172
-1.551910695766504
-1.473823205127795
-1.086980834082109
-0.873532774782122
-0.775082610657475
-0.637408238850171
-0.385890659128396
0.149729848200309
0.433945273744321
0.665932291051108
0.735993156426515
0.878390639827075
1.185795218392583
1.163662315435491
0.845183133295422
0.932723609450023
1.059414351490241
1.003573405918704
0.789065345779124
0.658308824436970
0.817125066475552
0.792923401103490
0.671513763474721
0.508743759732499
0.257558099806517
0.023448251736647
0.018732520658699
0.247997282024316
0.848127079357182
1.110524023585703
1.248755496119887
1.299965395918677
1.235693839576840
1.432187535507590
1.738063302135862
1.704022760213949
1.849574660888253
1.746430774828466
1.685081762796639
1.884576247051776
1.993388450882311
1.825680672520904
1.640606769287156
1.520830855889889
1.163656757029229
1.072570491538135
1.269660576239442
1.610475457633080
1.708375966445878
1.680633190186384
1.540998102592081
1.499298507282896
1.346208561636250
0.991176667739968
0.848061999043099
0.790316092181068
0.771547689610011
0.505446785429576
0.532365070582773
0.655636236410786
0.553155276404250
0.412636015056090
0.412442713420493
0.467750972834237
0.300906304110123
0.432688618561032
0.437315057294711
0.176639771630113
-0.024673299802743
-0.531347448620656
-0.804916557118983
-1.051774721603712
-1.292007899108407
-1.472511306249641
-1.834373584657116
-1.882418367480545
-1.740469138801983
-1.516054019937721
-1.166195017561514
-0.916125280272521
-1.147952572414076
-1.288618787346827
-1.185593903023964
-1.197347490718360
-1.326051813179032
-1.303710414375879
-1.648014845113745
-1.929676293433451
-2.250088032571765
-2.543787036517374
-2.495040729825209
-2.493551338830625
-2.778495831382725
-2.888941098902619
-2.405343514746777
-2.315100336906448
-2.364941716204448
-2.205291429752681
-1.957010655508311
-2.003551633032842
-1.658767122819373
-1.429833143777931
-1.325052779033762
-1.255931941419919
-1.163651929962856
-0.971514352545785
-0.637034341627733
-0.134988253354547
0.283211030248825
0.421318039627257
0.734157621145424
1.004035516693961
1.184898182485142
1.135160817672872
0.828953618945033
0.896860884419335
0.920394608655203
0.869467508467418
0.691384416764276
0.519502614323398
0.604394382756621
0.724173726803824
0.758040940230380
0.792191917315084
0.651911447478003
0.346568146649598
0.316769053350904
0.579434409383068
1.055302254865295
1.311142121926815
1.395268297045421
1.209993044154102
1.252299259645172
1.382590199426939
1.479547049430107
1.619969899402125
1.655974588820504
1.507026219710677
1.730354563966249
2.041882781025289
2.258930828761428
2.024881013677166
1.715130176735205
1.448988711394980
1.245287499466733
1.347699881251284
1.438081989317401
1.691684012043016
1.848752701186086
1.884323995645387
1.756637754611123
1.810033420908104
1.741259792326023
1.429272950738556
1.162096429438586
0.968799796208864
0.939108442764909
0.775701366655951
0.630350086831787
0.574208448631745
0.596153589829376
0.463712478172719
0.276987423489577
0.300072936532081
0.297001500161889
0.400525131214691
0.366953716504305
0.111093986148424
-0.185939440223961
-0.581385044624960
-0.867753155577462
-0.986124827514159
-1.302693789099847
-1.412527606527541
-1.607029234076821
-1.768271215274247
-1.577542625816688
-1.292789192991970
-1.003562676881093
-0.803003125219124
-1.024180727240088
-1.087472591865634
-1.061463669823931
-1.088393468335345
-1.293549130816805
-1.263831468425562
-1.309028030396998
-1.627284697161088
-2.082686342414410
-2.317388405345058
-2.395243564935172
-2.490802641251756
-2.683173422386075
-2.650940095100866
-2.420012282694666
-2.450659448387989
-2.505726675681969
-2.219736166787160
-2.003022373088867
-1.846051188143337
-1.700475342747628
-1.775909033022657
-1.661046104548495
-1.482858741609451
-1.382967841419056
-1.105722065954164
-0.930065104890043
-0.513613210766316
-0.115374965842735
0.259096531275118
0.589492548743933
0.827162286515663
0.920754967348555
0.929052663819657
0.701891566864851
0.670231841415771
0.830159013708085
0.950105019254351
0.637331401861783
0.424032190337895
0.488670183233787
0.527768715559834
0.596135505209947
0.710408905300508
0.673968027942360
0.600976987801715
0.544631070170430
0.700531432687185
1.119987189964348
1.328952543002113
1.314941801751659
1.134343367506337
1.280183531170491
1.330650666113346
1.281765207201376
1.489217246573133
1.606108434043781
1.590402775090769
1.730685852301205
2.188421927719686
2.369364362187020
2.223908442873045
1.840048881515251
1.564802232673364
1.477101097829004
1.667573580548682
1.769766239377115
1.805936040831816
1.985146175679785
2.263857997682730
2.231091898513925
2.277222087880071
2.158497197165234
1.905260648586017
1.600256435325943
1.267655523592668
1.027190180215098
0.931849657456034
0.724314655556458
0.560834467796384
0.503052953900593
0.553687365912023
0.479075435358938
0.520705051482542
0.456088732526947
0.248195850507920
0.245005782857061
0.033044715871154
-0.313911556547347
-0.656522629837696
-0.837806443681457
-0.998223673618826
-1.189972642980688
-1.385553742118375
-1.297428183308712
-1.432275936815408
-1.238673495942273
-0.895854492361384
-0.613429137191338
-0.613793370852463
-0.908522782517872
-1.015563185769881
-1.053558013279776
-1.011691424703740
-1.192064855031033
-1.132634248434008
-1.090255021983760
-1.324093433819310
-1.814345020192545
-2.038519790671188
-2.121923141708806
-2.463576446600699
-2.595729064407719
-2.475139573907280
-2.514247100527917
-2.611557438124365
-2.590494707561419
-2.271478086572867
-1.981620931492360
-1.483913720034985
-1.637377007175913
-1.790690399303487
-1.699677616043546
-1.520834753933978
-1.386071399203272
-1.250595619694505
-1.070211296934772
-0.708814581744102
-0.336700798250207
0.019414604579201
0.258168250242121
0.433464617558046
0.582153496297048
0.654139229783642
0.537626563977965
0.709891880256588
0.839603925222985
0.854734805114867
0.928797862153823
0.706917606178537
0.621929511801799
0.646348592412591
0.632142461241860
0.673101938605665
0.774564714208467
0.733129886930446
0.886938059710322
1.029510898864959
1.064878032335097
1.185188569220813
1.254075997673058
1.267484579445034
1.298981599929663
1.271299498467776
1.216319867946386
1.605514490063315
1.887711328239507
1.781385642023957
1.937003464461119
2.337536288857934
2.288383373271075
2.288679750149156
2.104888968444154
1.636492854843937
1.555497489993769
1.800300284053132
1.899821578698258
2.035200225766289
2.275357255003098
2.370677397307656
2.515311525160393
2.554845151387656
2.336073781091531
2.333715729631646
2.019263411325927
1.590414914698604
1.345162013470284
1.042675765584332
0.820626279805025
0.595826442059050
0.599924524451824
0.611790660659697
0.509229917346770
0.535456105903331
0.592773015675732
0.358672123360320
0.115190302624401
-0.143441925727693
-0.520390737086656
-0.800413809975560
-0.945152851303665
-1.073711244356173
-1.015013106933823
-1.138406630907032
-1.299514345593125
-1.144531680125255
-0.953201195144245
-0.525530039744057
-0.130073187828864
-0.225677357196010
-0.685786346703677
-0.895961538722492
-0.851182274569960
-0.826627902138537
-0.758853264216787
-0.913949064761518
-1.069464968892323
-1.221369726264194
-1.587180785062034
-1.776090930858870
-1.977191293299178
-2.349644328773458
-2.431416147158327
-2.364976050542210
-2.598253699782592
-2.770597725413021
-2.514096733501952
-2.159768379046604
-1.751325092136401
-1.598704949013909
-1.683900406922090
-1.609100243371890
-1.475095877493046
-1.463251620449924
-1.451178591618899
-1.334617569282613
-1.283958385214606
-0.981598689191821
-0.557191639600405
-0.352266038972498
-0.200338332891510
-0.029058053508150
0.039743097937476
0.296482816735652
0.433454670740290
0.591862571029618
0.680808177426869
0.778917675844362
0.865155893731068
0.733887870304667
0.755961255640668
0.753339310096247
0.698983919184702
0.737000013275259
0.906723095126346
1.011728314535226
1.258149202191031
1.421496445544651
1.206945386138617
1.289878730169647
1.464037045654312
1.465363477599098
1.393045669592967
1.382673116753245
1.378850347998240
1.654970474115866
1.914717559059710
1.905552503471882
2.108513126268101
2.414560293162831
2.206729812041459
2.063147668512073
1.917899432692581
1.799475621737846
1.769554922954075
1.978653104886165
2.019959070634826
2.132132177360821
2.554947213260753
2.475640617512359
2.561441684426386
2.706432841180482
2.579743203381612
2.631375429270347
2.340705301182115
1.780548847175422
1.502736082438497
1.211165652849246
0.762155342820066
0.411124181583372
0.421781582254703
0.435669583233504
0.535561420295079
0.535747191687894
0.419973134709940
0.228247059143555
-0.200401475944238
-0.384678719209427
-0.760355984693780
-0.860763375692750
-1.001892708804297
-1.043838941625539
-0.809603976545701
-0.800654885068429
-0.904808084276262
-0.909690786669761
-0.947941190565246
-0.315049309389682
-0.205333512401684
-0.231742173298188
-0.450002140413179
-0.589921743102789
-0.664176710718299
-0.604635572355151
-0.521874574006714
-0.715501216917961
-0.942368730621265
-1.199020935718552
-1.614195908739022
-1.922886026775493
-2.057523563641023
-2.094297620254217
-2.130338738889637
-2.103820276885142
-2.387380872231097
-2.633987756459240
-2.402246928765139
-1.966301770379062
-1.627335019482970
-1.890440536390648
-1.823861224767697
-1.623684378552379
-1.506476724010382
-1.577408054419378
-1.469198403786240
-1.413402750532673
-1.550645065433357
-1.490801965547332
-1.081643935017591
-0.894224101608327
-0.716283415506344
-0.529309386275929
-0.402031740857914
-0.071198733383626
0.218786263963554
0.364087371334565
0.554776082727516
0.610273956009066
0.655993654578600
0.701033562676078
0.671831894898575
0.787557133408967
0.935131744880441
1.189360074716853
1.268936184942803
1.290266091092936
1.456243020323262
1.474111212900415
1.661914069806548
1.787295259380455
1.881475360314264
1.762379129184592
1.667353693784835
1.757281172301851
1.698904929821318
1.889049518442174
2.107642739988703
1.991742715416203
2.182930563233569
2.317805325071376
2.223341570785427
2.041143789926083
2.050803180820126
2.046590998289542
2.135623830607296
2.159325138561561
2.110397859069393
2.205024151746140
2.466988907291666
2.559790375338360
2.592568083772160
2.750612942277038
2.727039895976414
2.694151933496876
2.384175642832431
1.856599109426038
1.546806490235898
1.257680549300766
0.890614448657147
0.380449745801888
0.126953714104583
0.123803971602187
0.220987615317164
0.401528873590492
0.281216766306214
-0.028859107419050
-0.421546914584289
-0.698548435078289
-0.942806631596766
-1.012612982856990
-1.068320809118178
-0.899646382192149
-0.711995394059239
-0.584493085108989
-0.633294540233932
-0.791525735192692
-0.752201517046824
-0.287173552153457
-0.197915184811366
-0.228794228085002
-0.297203964433521
-0.288394744191698
-0.307479134815517
-0.320762543250584
-0.375027369079951
-0.565782440586784
-0.737657752538204
-1.087023241089242
-1.456695347762037
-1.868580470533929
-1.938030118752337
-1.931537859785743
-1.934221768101975
-2.070346970579157
-2.220007165348713
-2.550742788689328
-2.439713023168165
-2.002479567034605
-1.889620044661417
-2.178261992552594
-2.018313403816341
-1.767191871083942
-1.702879854448869
-1.492141008345062
-1.437405413443077
-1.706280217802525
-1.688410013199155
-1.662813036910033
-1.479785697351904
-1.415363869201933
-1.131131679271257
-1.018380710812715
-0.796262751533456
-0.478171311607290
-0.176302808984050
0.080380261104355
0.206189070151371
0.236259396254327
0.289967078647046
0.528000528503175
0.801815204575808
1.112606586414697
1.442049034198125
1.642749619801383
1.745601015328315
1.800062342927081
1.635868373828575
1.732379240641033
2.076589647480504
2.163690718198654
2.163160399062031
2.089647057174156
1.936816923999729
1.822413379306682
1.975232534979837
2.305115790756121
2.323595544717075
2.170139008631228
2.326713952323950
2.234110331128257
2.214256699740276
2.127829401945828
2.229306122336269
2.270138255219906
2.438070829792575
2.410745902945514
2.181932016749688
2.117028208365885
2.269363351182077
2.589625705513421
2.636775245054676
2.629553629690967
2.638101120843220
2.772694620767336
2.488962027616359
1.934780485180035
1.544447309843275
1.234559869869501
0.900669656417410
0.453189021370496
0.049816231905261
-0.035288103718049
0.029116942493866
0.144353612649319
0.048513495169751
-0.167144344691606
-0.556001047609685
-0.856827704214323
-1.068992605373709
-1.148017048291940
-1.111826213968998
-0.760148764419769
-0.540310228493765
-0.320970147154381
-0.310897116575468
-0.416827808780436
-0.368368246809198
-0.347355312208709
-0.210564984501349
0.010294657247582
0.033476337585439
-0.216748472317693
-0.292516140097090
-0.296447559164783
-0.380258057827887
-0.358671082987076
-0.492843304551709
-0.837779426647915
-1.166629518022679
-1.395971699993092
-1.540189179959880
-1.681854177902766
-1.845059013283031
-2.097040348445566
-2.347854061030717
-2.376200516747862
-2.208610976598385
-2.078944325741240
-2.176858439889453
-2.322097645679921
-2.238127047231063
-1.969515312046454
-1.783925612281234
-1.685314100933024
-1.837604604460724
-2.061634347991955
-1.987290968696747
-2.039607136572408
-1.911599807798868
-1.697920434754829
-1.469383025133758
-1.412241426774700
-1.162371101406074
-0.816961513271692
-0.575121806222491
-0.328739290139382
-0.272319878934012
-0.188093033732624
0.110260842876183
0.502901716970420
0.886035003156570
1.365382221529488
1.739396750355022
1.911280776223860
1.979667077318577
2.014553549287406
2.016231835089182
2.182887717141500
2.241124220363273
2.310086042592248
2.485834472407005
2.332746622487345
2.145867460970404
2.005364816733361
2.051004995997550
2.188143890615943
2.329961600322303
2.181388306035493
2.255870336883240
2.218352293240963
2.202784398036531
2.256985873723098
2.338308296610929
2.519583856906988
2.618634574291674
2.404464649166124
2.078187990897773
1.985586301898113
2.085012927461044
2.234221651048670
2.297786853681102
2.301807031047951
2.489807875714912
2.617188153355460
2.383079107190994
1.946768664386062
1.420623243759938
0.946868108462202
0.637594254894192
0.227416662589005
0.062210290312650
-0.037086563047867
-0.105911959569377
-0.096356263907492
-0.158628567209061
-0.253666121875543
-0.568119104276595
-1.018042017210612
-1.199869000778759
-1.361289018968858
-1.080684974508887
-0.795593701737200
-0.695042340630400
-0.343404067400145
-0.308302389564946
-0.340644969319023
-0.329517630375556
-0.203926275368484
-0.094299343663130
0.030133915585671
0.155661792849683
-0.100369791454013
-0.371766825292637
-0.482127855615847
-0.467713036471231
-0.234909822610456
-0.283249604129149
-0.577749250738265
-0.711647660021483
-0.925977635658859
-1.287730705113239
-1.546190155086911
-1.778745130398586
-2.043189812258670
-2.008397996352309
-1.944384092528118
-1.855674098272949
-1.970596253204836
-2.259097809304122
-2.403708527728498
-2.604031392580584
-2.289273311304364
-1.974987194156429
-2.016493620458389
-2.341059488402823
-2.534967581060282
-2.395080878739596
-2.575527707359238
-2.431286857793337
-2.040094040980950
-1.918015687693133
-1.772906511636387
-1.574354417255755
-1.155647314347210
-0.947232618198170
-0.779902067964998
-0.685267449614200
-0.428117188197300
-0.031026784762598
0.468813976637283
0.880466366916791
1.410736031790232
1.819524554200974
1.967153857756338
2.154301677083996
2.250033600509599
2.271952863719497
2.426479021001351
2.320811381130619
2.401823563999297
2.504652072791861
2.488028413504073
2.351479724162297
2.116393998756037
2.110867503105354
2.193137873126404
2.313642545635636
2.218783516028313
2.352742261353782
2.246610312658331
2.273781187502447
2.416126520167820
2.420682210180729
2.568312851226341
2.684309978544241
2.242176213978285
2.025300165028358
2.018316105221189
1.935120156224875
1.941528402980233
2.077391918129253
2.008469047288279
2.203815805113622
2.443225750835185
2.302058326156195
1.934325752974089
1.262419503921825
0.606125940614536
0.384003633723426
0.161769341652019
-0.055013209849790
-0.014310459970800
-0.104838563613386
-0.192271693168313
-0.214912843405364
-0.399618489469187
-0.645307744344258
-0.932372639957914
-1.126061040929787
-1.263502134309996
-1.051373537079508
-0.678693386793693
-0.573543548906757
-0.507461063624504
-0.532704285382660
-0.474319082040769
-0.198152165259117
-0.093990480682662
-0.072649024480267
0.036736727349583
0.041869475385764
0.029463333742535
-0.298966981993320
-0.475146539573867
-0.390722945141020
-0.403460498678746
-0.366485992962898
-0.399861025522948
-0.586100166217386
-0.813340721623113
-1.143365782537207
-1.508844828189162
-1.818322379692020
-1.850425651015948
-1.730495414935215
-1.521238134416752
-1.543828502543032
-1.797681383784455
-2.075021883841796
-2.379740378920697
-2.476741458620199
-2.357351271323995
-2.178623211733470
-2.431810299655353
-2.776146101895197
-2.819528048481549
-2.881606247098608
-2.879727021273478
-2.654017796307918
-2.273040408097097
-2.040251697419379
-1.970703178016206
-1.942116221669476
-1.529340468994913
-1.320509518710603
-1.110851297105806
-0.794996726847813
-0.556974309702700
0.028867525866420
0.509843668893967
0.945917506855405
1.420765418262868
1.817687215025339
2.012466427998290
2.306075607998723
2.506672407326801
2.529883044039807
2.536673744185737
2.474175706652427
2.313302208977523
2.225574124285838
2.279964793699818
2.370880013972283
2.298810186652555
2.177789212275748
2.209790583444687
2.223029223072248
2.269225875621413
2.515733788829011
2.464239745728229
2.572847106330890
2.755348865446838
2.637965287038232
2.474682397089465
2.465571929014982
2.196713090451877
2.025920548220158
2.023725075947115
1.805325016231554
1.728138529881458
1.751593392995727
1.887744627745983
2.125303310855013
2.318058160356322
2.042873906638328
1.711535921351503
1.182804502324472
0.705460069766940
0.362057788281273
0.131651465647964
0.003326123544273
0.002182344856001
-0.099025650269607
-0.247037637212304
-0.315504534332138
-0.553169710756109
-0.721729479598530
-0.772912129330276
-0.966577083950457
-1.020462509293863
-0.783091191545963
-0.446827940558470
-0.395881411016290
-0.573887017071802
-0.624653807570815
-0.495164902152977
-0.210087382446734
-0.138773906379570
-0.133124705613334
-0.004122672731664
-0.005188441526332
-0.251528530868355
-0.648158095622870
-0.651186302582589
-0.530216224098225
-0.645267676276046
-0.402808508259641
-0.337995480353595
-0.598980631661547
-0.688490306530549
-0.919007648139509
-1.226252351936608
-1.590436596083589
-1.620028350562005
-1.550356722101442
-1.348727205237184
-1.431178432648932
-1.843456897463235
-2.099807643925694
-2.376627700908801
-2.506067963684969
-2.523488738046835
-2.461327268023159
-2.662912610156353
-2.989954959902550
-3.122304369909995
-3.162857438650698
-3.117967148361610
-2.894165325440856
-2.517381509890073
-2.401562487506729
-2.343936472319843
-2.020223503415798
-1.786263596030335
-1.692358148124553
-1.481405575074662
-1.055044158410197
-0.692206042446641
-0.088632144425727
0.308894452030048
0.674657949161348
1.119062343670927
1.638893609816300
1.843254154655800
2.219679865625193
2.479870939944183
2.648313551835578
2.549068513458074
2.452266196698457
2.318753144911901
2.214840562272081
2.316660928386979
2.383492710838290
2.456124060827497
2.212402501790133
2.132973482077253
2.279576549273949
2.417889348909566
2.472736480162737
2.638611166077159
2.839130338447263
2.987705983111108
2.947807887115856
2.600780434543247
2.286251318849303
1.987912523076885
1.919395699738958
1.891704694379024
1.616396955250734
1.470228705988899
1.578191550369595
1.727192247357279
1.733588742998255
1.705346090597150
1.432772849969371
1.165303948403474
0.832475400030850
0.574433665767225
0.377859380887431
0.085149290194744
-0.073490104411136
-0.086425188642466
-0.274345493444651
-0.406626987990264
-0.531217727841573
-0.569429991830101
-0.684432710466053
-0.736160196025896
-0.750611464140621
-0.738910855316672
-0.505547783318312
-0.307732206752580
-0.258889268364233
-0.663915015767631
-0.797365120888219
-0.478006234107426
-0.231549733867017
-0.076617362701106
-0.118497266192317
-0.000524812446225
-0.139899444436488
-0.596504697929028
-1.088590234395270
-1.141459030392302
-1.152564856826350
-1.069701619160427
-0.979439776493696
-0.755629295770088
-0.873483781375404
-0.976141161822774
-1.006574366929432
-1.246179852929374
-1.381295525101675
-1.331181647000660
-1.307492338088857
-1.383174851953367
-1.548335355802059
-1.810726858987065
-2.230880187689162
-2.376879246595708
-2.543507191628152
-2.764051144789261
-2.805640891791779
-3.069382876253009
-3.249647149384125
-3.428875692752048
-3.396220374585805
-3.388848886304893
-3.086455765314446
-2.714602373105234
-2.564106711617779
-2.361227295080774
-2.190655256394353
-2.089725989290431
-1.891380951033997
-1.653290991083451
-1.222915244752716
-0.819723192676021
-0.608230543658363
-0.236145928642136
0.211054966493958
0.684638415766320
1.221277037559200
1.615352039398081
2.049897097768997
2.487967915834507
2.583910278647850
2.566771104756639
2.663384258294142
2.524252500240011
2.459408165707575
2.524932978627025
2.593996182653904
2.647946446697041
2.368881219666815
2.349007399806823
2.465676540847556
2.720506888629921
2.651774475044433
2.838999290040119
3.101143768358956
3.151597330402604
3.078947635339053
2.608848578442504
2.277289988169485
1.915041385534816
1.800999502564028
1.697033897499744
1.572645173311600
1.463094283542153
1.522622043147732
1.476539192641564
1.160027258813582
0.972071834599634
0.705046987083664
0.448248665071313
0.331783086244275
0.282594085966314
0.201394592228961
-0.122768958737753
-0.301141651966022
-0.387298110030986
-0.489477664946357
-0.577782280143683
-0.641711228822330
-0.621156306192771
-0.754741262937014
-0.787689717953816
-0.644233354306939
-0.532275347254776
-0.256379451530678
-0.185040455463965
-0.223483284148221
-0.644644266149509
-0.753685987297059
-0.577608074273905
-0.376511117154319
-0.028160981118706
-0.108030006851928
-0.261919050403529
-0.513012577179819
-0.726855397823057
-1.149817581735632
-1.625574187494740
-1.748389819753004
-1.633384091207527
-1.489174847737339
-1.157505699291508
-1.170962740019075
-1.262202976253374
-1.176962728384652
-1.289658247304668
-1.277526942346891
-1.141535023089078
-1.228616191356268
-1.407504007381032
-1.656509162950818
-1.975290566851703
-2.224567833414402
-2.360089372874531
-2.682825578933259
-2.849207323060591
-2.819668325791213
-3.054237419199451
-3.399353282044022
-3.664120564423154
-3.579559053983893
-3.549874362246486
-3.527410460543873
-3.119128025703933
-2.756998075726377
-2.372756669919339
-2.282608205987002
-2.212416489514806
-2.134978817531418
-1.802054283254051
-1.470956712918384
-1.149829782451649
-1.016846628499248
-0.708011903715791
-0.221390067747367
0.435014613548708
0.937562691738090
1.389767713398670
1.896526016941910
2.183540760410974
2.561484665307271
2.785692033308270
2.746440070024039
2.725970646331506
2.760359034656773
2.847633977786087
2.909235992932393
2.741029291392116
2.600568858983587
2.633791891084557
2.771509797452898
2.859954744818445
2.901762216562479
3.137420484732801
3.211501067178606
3.132686299648054
2.820603538770067
2.621333894264720
2.195408999996545
1.893110101773140
1.761910768468619
1.593623502092577
1.569839342472178
1.534466597919388
1.424630599800242
1.234129417197787
0.855371498194520
0.541662077907268
0.228787042513477
0.164550303727337
0.194382460699191
0.215150523354953
-0.037876574864592
-0.190811020997321
-0.190909529153191
-0.282030863533114
-0.430683683396854
-0.574800629203520
-0.617089186611486
-0.768165741607621
-0.760503623752903
-0.644448955686000
-0.481366462808617
-0.254272159178213
-0.121618869192709
-0.160321135729403
-0.293832791636246
-0.575807965083366
-0.595311818551992
-0.623840471103765
-0.563899452568078
-0.359566441704560
-0.261020785881709
-0.347697184499468
-0.450422820002476
-0.758087862935167
-1.176398582579355
-1.630085861984656
-1.744245758629377
-1.658506655465720
-1.501279101145367
-1.361883284899625
-1.412990238042400
-1.404123152688713
-1.311771431322747
-1.114340379376601
-1.069894773561961
-1.133133493170594
-1.261168981584874
-1.320355867712230
-1.552889820863936
-2.009292998311974
-2.293800281850301
-2.413486557670006
-2.743286235188795
-2.672548794255597
-2.676339621530129
-2.988148139515922
-3.443383156522196
-3.724685603405081
-3.906764029243696
-3.869974998713124
-3.721243874058359
-3.353453096857672
-3.000396943739407
-2.754997271545563
-2.662192919732591
-2.313214447543288
-2.124465174505177
-1.824621755363781
-1.540666865360268
-1.383390697963492
-1.163675488492171
-0.953873063213225
-0.462917183607277
0.181026367463284
0.718426953258527
1.230669445440003
1.833536470181192
2.130590992948497
2.405246777627847
2.659883366669964
2.785677383181888
2.828909875072834
3.036357001930383
3.143620138647895
3.226603684343198
3.035744519524861
2.940297335123179
2.999541053275707
3.263584179716052
3.391021386382025
3.383897994936374
3.494327662994681
3.386594316680383
3.290478537864550
3.062735239117497
2.618314932723358
2.284327592933109
2.045563958469828
1.809667419642012
1.603712045779019
1.540966563293978
1.338964391583509
1.108733806943522
0.863750059797692
0.458205389827898
0.298977203282452
0.133272091598162
0.116413474271538
0.267640695406769
0.145302609844713
-0.162710813895923
-0.327672082178927
-0.238864745154667
-0.061780862326101
0.039283108717109
-0.139848536320211
-0.310603351847021
-0.598115353418010
-0.743813773669264
-0.723118944982400
-0.585297816063685
-0.355986120170172
-0.272821519677337
-0.144857929659062
-0.287108382173182
-0.579192606514493
-0.551806408263351
-0.582254549950729
-0.662677408203673
-0.469192953076407
-0.335823879936676
-0.348920496541722
-0.402673137807288
-0.699652299295503
-1.163549151472396
-1.384698481385524
-1.345641172636748
-1.232881152470698
-1.325528777110466
-1.391240065426672
-1.434789080040515
-1.420369180589247
-1.398401148369900
-1.221421876491966
-1.208275782541908
-1.286534083777678
-1.376785015017153
-1.484357362221445
-1.529656851276228
-1.923289976907989
-2.208475051365891
-2.476686110088554
-2.621542814481626
-2.616972338883909
-2.559881550825679
-2.736142934080430
-3.245198392063656
-3.681396161222650
-3.950359493125561
-4.057402000820198
-3.849323050013982
-3.601382672898885
-3.339694785662710
-3.018656484866033
-2.615406713141616
-2.298517903228210
-2.069610389172683
-1.763438305803921
-1.635374734361676
-1.437753725674469
-1.108930036746178
-0.916457334817927
-0.772923851844673
-0.245173169002739
0.408945290608687
1.147156265478606
1.572703433125369
1.869686269138377
2.259258748513079
2.546163311387300
2.631558377354847
2.985879697007415
3.177048139804417
3.351086680874930
3.254598495367849
3.100422139626660
3.183286629567313
3.349810589395825
3.714953141163502
3.947356025493830
3.804984695968135
3.722855715794536
3.626030919538354
3.469047883175611
3.156200691339310
2.641265112578069
2.390674067753611
2.171800805911561
2.026235973941545
1.626394411309686
1.472150035278683
1.195001311558587
1.017699399454494
0.833505511751215
0.416400090903920
0.242322266274344
0.160220403212268
0.231917125789801
0.231084384477750
-0.013578492118939
-0.306926340228925
-0.483652482646739
-0.113099001040278
0.155015916744063
0.292553322310240
0.305100623790774
0.048617258131220
-0.272261821603311
-0.660422830224261
-0.692714863939010
-0.625221455564416
-0.709671774632503
-0.497360551389858
-0.449129554827121
-0.520080338247605
-0.534015985894615
-0.466670818751246
-0.453018928756566
-0.439803914284814
-0.407738338597272
-0.292899294070330
-0.270791282377354
-0.503490373039276
-0.779209265911701
-1.129647830110760
-1.236052708492838
-1.103354959781295
-0.921185191212720
-0.879413693682254
-1.166683858217148
-1.169186466995394
-1.246082611736074
-1.251698552124408
-1.239429274197136
-1.337053832191633
-1.537783812526060
-1.535303729066712
-1.680829359853161
-1.627818729916462
-1.847161666060252
-2.267540285762148
-2.353919635511618
-2.544435270129300
-2.471905563815015
-2.436646872988401
-2.573714999804934
-2.807944150323683
-3.277061845130006
-3.686190477821872
-3.820008699876658
-3.830107747379099
-3.829669627274934
-3.384864461304895
-2.964088312853024
-2.542611106161952
-2.249448993987559
-1.966855618589951
-1.827349254678357
-1.602174147906259
-1.522421393919699
-1.309692074639267
-1.015060290210655
-0.979414301356470
-0.700033049671828
0.084724023669911
0.939060533033820
1.469511976948892
1.724910356344214
2.118550363869651
2.442217726060970
2.657453740840129
2.885004929899727
3.082250979895105
3.165326414657451
3.286703345518788
3.245199906193396
3.467184656722434
3.728487994866893
4.128302358649092
4.175695832488917
4.164196635658683
4.053225451884370
3.910391266830366
3.618962359174837
3.235185729374736
2.854313339192744
2.462033725807973
2.344023356851838
2.053532566729273
1.764506270682656
1.737814024254194
1.534191146887792
1.208870389672054
1.010890715874154
0.730724131132609
0.656406527158282
0.435739967361099
0.366885591043483
0.318466690182041
0.069557049161771
-0.236163970289278
-0.439248340665541
-0.287958783356329
-0.088795668659893
0.297689667814184
0.364740261611245
0.198178901680080
-0.130503415037821
-0.500583433239741
-0.649060171885082
-0.718381657517373
-0.915839506529891
-0.701498369619796
-0.505321244350165
-0.609448769117822
-0.617775010929849
-0.480860674209787
-0.309204740947010
-0.239998899023812
-0.350488196188114
-0.214345325455614
-0.141387569915143
-0.249229760151977
-0.726810349701788
-1.120541297960051
-1.150397949323392
-1.107950531360834
-0.837614815384168
-0.749819671862829
-0.945093627296075
-0.927442200840378
-1.019377340115958
-1.113939995149600
-1.219682771373142
-1.409729059157563
-1.653683805029592
-1.703503438007157
-1.776756355592231
-1.810886530356671
-1.738664594920329
-2.080098308085401
