-0.097466729485234
-0.583491023455356
-0.302996508653085
-0.423921096810277
-0.726196162794826
0.908142493441920
0.468868382265965
-0.059873912273832
0.078341290739455
0.055367668012528
0.450536414380304
1.904127087949824
1.090759861371211
1.443091752261790
0.520254996364975
1.861101246058868
1.892095649846464
0.751348195696630
0.926595917287842
1.358060388123011
0.947342928016545
0.519263476127493
0.360109798706273
0.406087373593149
1.065474338240802
2.288351856190184
1.677024252457589
0.885342326793429
1.118330375028206
-0.082548442303942
0.516134439965300
1.817718196017458
0.646937300577994
0.536864067091470
0.164505353188694
0.918613513068671
1.530659834245168
1.144906858406241
0.718404107735431
-0.115630717545834
-0.976523888026394
-0.786635622060824
-0.483149040986434
-0.547188715038895
-1.503204466950051
-1.787451573988688
-0.290678183108376
-0.080578881230077
-0.849142967432412
0.237851152656747
0.394516574901866
0.907208778679432
1.165170030770282
1.594234517669724
-0.074121548038818
-0.929712564769787
0.147990219313480
1.279965799258905
0.836071477858537
0.245517391684383
-0.581232367458367
0.211253674610981
-1.260267747778017
-0.605425905685737
-1.130201583435382
-1.193985401019066
-0.239406175682643
-0.116313326191381
-0.242249618693729
0.212324115093531
-0.758770979579891
-1.081462627759861
-0.595880645114045
-0.053461993426100
0.941758336616559
0.054975860195216
-0.565456376081618
0.472980890182244
-1.132671095503282
-0.731366067635740
-1.255459760654817
-1.430313090962147
-0.665861531149883
-1.271929482460052
-0.826430005136394
-0.484367715606293
-0.061831851933711
0.258312030771770
0.521872960766472
0.407750459377204
0.344548359130192
0.775427149832059
0.546466575709299
-0.060050505650174
-0.010602410060536
0.827597647716286
1.176816203171468
-0.657503484464664
-0.359429619919139
-0.486191905907997
-0.004577958866371
-0.518794750945321
-0.390278555317978
-0.309891378416838
-0.325214738446272
0.332325429133029
0.469807552877146
0.306870267739694
-0.505102256832081
-0.081434369725935
0.271829957398706
0.498911997922624
0.429986956122641
0.655149524912077
0.182646043944263
-0.278520463193441
0.682501212524384
0.961966050566223
1.374051219134640
0.064234146981845
-0.420010589310548
0.990020441133836
1.343451509163541
1.287462846902192
0.820878010049239
0.762289765063248
1.499734455175541
0.759140872300856
1.060805367987003
0.749869662940201
0.280193373975628
-0.559884457111290
-0.817089507710421
-0.093130209140866
-0.427043150900237
0.390045572674711
0.834154778512508
1.685322740889964
-0.412666118958326
-0.333758518326371
-1.058935147885916
-1.370439699246125
-1.729173642167354
-1.903568063043729
-1.858383305358831
-1.390075204457538
0.265198460439669
0.445441537543529
-0.870031285835481
-0.481425014921405
1.437006734436014
1.024293990600281
0.049937413964681
1.054284490121105
0.211631108394472
-0.521183816880549
0.886246524607888
1.275765314382692
-0.344063319022935
0.439198856455506
-0.816545827970253
-1.638006939736706
-1.259028091453893
-1.449620189634129
-1.671529066111557
-0.850091642709870
-0.289328819398140
0.169202714771483
0.104903752055176
0.455923170868578
-1.467610599469646
-1.475256091969387
-0.902297934714420
-0.136964841250487
0.869460832910672
0.053352993118598
-0.459096591506159
0.071619989756536
-0.873288825679661
-1.723985536883221
-0.938335491935935
-1.884551841262400
-0.790750595907869
-0.774086414617972
-1.093299524024617
-0.569492926234509
-0.174862274895273
0.220463245081705
0.667258450766791
0.594518424114662
0.871270757019932
-0.148706831430890
-0.521060217389547
0.279990669823979
0.745718073367330
0.383000008750331
0.298329378068361
-0.400910403187895
-0.460483553797101
0.092663663580906
-0.750131640477253
-0.570307940479170
-0.374390884175665
-0.240472621663577
0.424565719136299
0.832115081009882
0.320517397652260
0.299536628320097
-0.080009902515619
-0.912055322427766
0.254946571649445
-0.483459504805578
-0.587457405217249
-0.259574182046618
-0.788729036400253
-1.018648883024157
-0.153866708391055
1.722998002871601
1.273764286725225
0.826096031378188
-0.787671775829848
0.840464359269786
1.740148664219523
1.599031442257279
0.859396356775883
1.007797723735830
-0.088321948056663
-0.692573419467174
1.057827067756890
1.419338386694897
0.608823375301836
-0.287392182559249
-0.696212522642896
-1.582442839867761
-0.473463718128696
-0.543404905967336
0.650493992291758
-0.058580998130680
-2.150216586968198
-1.103998920972347
-0.871286540121884
-1.777882013381149
-2.420885032585819
-2.014628288294836
-1.517356385306976
-2.156699940868766
-1.322202644116766
-0.484177583092389
-0.218726433981519
1.394581784736316
1.336961570622444
1.048878907957207
1.473414820396707
1.524617889935218
1.153824446126638
0.953733518942938
1.060655515114601
1.372856709124365
-0.242379732104898
-0.250962148970825
-0.919270062769066
-1.095190840947570
-0.953028027502832
-0.928785685374461
-1.313308404234113
-1.181278792666350
-1.083040067300993
-0.807309012325507
-0.180985639841848
0.568610806091810
-0.460987356910869
-0.729338358961824
-1.572816988858502
-0.939812530661992
-0.145269621734570
0.100929451483592
0.399339497791736
0.101401306790481
-0.016640118379261
-0.587883984430149
0.245355263322366
-0.272830382263662
-0.689987856191304
-2.051998824999457
-1.786996891300189
-1.207512825316138
-0.129375290375414
0.613583441629650
0.173370113082606
0.452487943039981
0.920406496577384
-0.630196288658439
-0.624010621569204
0.983935250970658
0.394592235536305
-0.762676609215883
-1.340018004165453
0.334027327476609
0.452816302854092
0.202201418769986
0.626485943388144
-0.520062492542197
0.011846008587174
0.431128177784856
1.160014226608414
-0.350777124332779
0.149134976365804
0.385188484681462
-1.420127329877847
0.014631291624681
0.089174147579352
0.143897661874817
-0.616807713294859
0.745519716252125
-0.053813884882758
-0.070794935079530
0.137656703066056
1.667038092087698
1.182958629615549
1.746452098789227
-0.012701322412329
1.524022193375915
0.721563696508628
0.765212276618934
1.319702780915708
2.559642159646856
1.656297229575212
1.424515014480082
0.495754850738666
0.013745633688874
0.369764187666451
0.332091404229823
-0.093445382508678
0.034353110843150
-0.475150297142026
-1.230206678913896
-1.756600586447228
-1.386621321361480
-0.908575307591031
-0.005722951271961
-0.198483236629055
-1.099870386766496
-1.810669622697167
-1.332735644175244
-0.522757741738154
-1.302538884627407
-0.974336595168390
-0.981259272507088
0.228431480395166
0.698429579226251
0.997638253400686
0.183147135656386
0.212285777276547
0.326589177078020
1.432086959494371
1.730880326332493
1.056855283022820
0.531632042687030
1.029791178742991
0.315127580126417
-0.552022360791313
-0.361648986707429
-0.941285386974977
-1.415633718525982
-1.202667297114863
-1.696428339385249
-2.570260038658700
-0.831694164921583
-0.173278089297328
0.341672358319905
0.137156841781218
-0.619869762411314
-0.647792896557579
0.323005928519934
0.329057138634729
0.442467347550231
-0.134093569477241
-0.393672612181544
0.070697723789844
-0.688474552131869
-1.303011172301568
-0.005981341783247
-1.003203835512908
-1.770931931977848
-2.275067406464861
-1.746017515995457
-1.045613058326337
0.241240941468384
0.087429675831152
0.387412699805016
0.099642439186994
-0.790584980129930
-0.676372199122860
-1.594032557327875
-1.527434998569820
-0.791131039663461
-0.544979689871988
0.058380879012980
0.943417155171981
0.238373351635990
1.009363544325240
0.488614967743260
0.749443361403108
0.868790896860047
0.211119388352008
0.081827358113440
0.423054030245787
0.117960509103523
-0.241945572932315
0.157329431232760
-0.361880137624245
0.351319525109072
-0.034723418438167
-0.043570737721156
-0.753204066384556
1.056244742955848
0.505570710479789
0.149477084635577
0.456435105399999
0.725207681157672
1.093707622485539
1.213022693538246
0.763396387042660
0.585804236307932
1.757801062244790
2.846987998710148
1.624227247603661
1.000774868239262
2.256190626046668
0.722840522547297
0.109098610700546
0.541557347449698
0.959093442292334
0.846872618125309
-1.018682623376578
-2.031820275052079
-1.387323789352061
-0.294535424932200
0.028830791102120
-0.223807822176509
0.126216050587870
-0.656035849026821
-1.900640461013245
-0.632424794710195
-0.157139040359833
-0.148675026914419
-1.002933801567784
-0.916305969937136
0.227610034298272
0.593650118107177
0.356394845263984
0.511624688889218
0.626722012561899
0.676312303957499
0.623278691839768
0.113232968544534
0.065261450376660
0.059524421776437
1.124787063428674
0.154746676435788
-0.421024863707220
-1.678424065010446
-2.669015564101425
-2.372660769891395
-1.510857218205248
-1.561418744624989
-1.948559321782343
-0.945620932970225
-0.957231233841045
0.588995020304360
0.773932034846610
0.718083359786186
0.921366622241973
0.621021326194859
0.600347415194368
0.620638512775869
-0.223073707475053
-0.064209118552811
0.512011141269526
-0.072884701204009
-1.003386929937773
-1.046448911577638
-1.200924066669697
-1.895049795007002
-1.540252895114701
-1.418962855394322
-1.313420162611962
0.030306102472995
-0.199791626744020
-0.615809167840729
-0.846564117891258
-1.463839084461112
-2.508711824325701
-1.357478787535219
-1.555161935301999
0.504733527956483
0.167928018921380
0.730371442854614
0.620253243736671
0.326142395723750
0.143689559465295
0.544935988173026
0.234995813469637
0.843287193861899
0.208257320744882
0.688451195468046
-0.204127444517853
-0.421492035151681
-0.829091868336128
-0.810062724328163
0.072256533403042
-0.649604685395162
-1.206976708320526
-0.821667711723086
0.233073992695016
0.433381956876604
-0.512484664125554
0.056198410327299
-0.225825401261157
0.970876117951377
0.560136052921719
1.151194025605113
0.791617398763051
-0.327575338396871
1.354846764578401
1.630024997715372
0.707820191795695
2.125816493164539
1.811590074774660
1.296215359160932
0.908530585391664
-0.525141429400716
0.235393498147792
0.728053339030472
-1.210952514240801
-1.445358370309728
-1.128046057812410
-0.716263038682430
-1.059443299446593
-0.618232104303280
-0.733755512094876
-0.352125240402578
-0.544490592341372
-0.383667321371283
-0.472113134154199
-0.638213374371131
-1.535280074132187
-1.379738866046371
-0.540188684797364
-0.179061341713389
-0.271307463306290
0.581292076794087
0.412671685921166
1.197825376584605
0.355526099459019
0.481962769526288
-0.377196732055056
0.113873166361379
-0.136053303562527
-0.366248728044712
-1.308375674281326
-2.116709177848259
-2.398638960134691
-2.740523292683009
-0.930909208344691
-0.848140490071547
-1.521939056554997
-0.792984927202543
0.223618034514336
0.480157693981514
0.554789184738268
1.228857523328332
1.027661387390053
0.198003882955586
0.572757941817239
-0.123504536572096
-0.717896976762013
-0.022370183703443
0.916177765066185
0.042464025073042
-0.413324424235947
-1.914437223407234
-1.672446891515708
-1.888038036167949
-1.058845717301063
-1.596597402409470
-1.721961191047886
-1.287547590234044
-0.686255467090460
-0.319468475921391
0.947646865158187
-1.453825220605099
-1.377689136042016
-2.063279146415283
-0.894332200948443
-1.306263217302137
0.057125545379003
-0.464674527454670
0.621042950191547
0.221049494150222
-0.328187656122653
0.242064851403003
0.395936226182933
0.757070308621521
0.343521497576492
0.805252399591117
0.792175316390721
0.140437907491835
-0.119698192408188
0.429541776000286
1.575514827373091
0.833601178370792
0.309681507048155
-0.264959486084772
-0.022995354432296
-0.432997206477514
0.398877596601431
1.063417505292562
1.183249443542324
1.366021913921469
0.414004284213819
0.986196017204946
1.250471397784662
0.948976138406648
0.394501145068054
0.907147343965204
1.268060541450888
1.394987435315882
0.879044032647766
0.151511619665248
0.189441101972615
-0.245767886041627
-0.861548397156896
-0.181100469012082
-1.424334498902675
-1.783378911707213
-1.565128809522372
-1.706910224077602
-1.619084723104988
-1.636252038966605
-1.366505273878382
-0.990642819640191
-0.454898752862756
-0.734450787560902
-0.132400653718601
-0.446800166134080
0.418935664903770
-0.846274043889305
-1.125546663508426
-0.504180566782748
-1.037488277169464
0.546927591459979
1.246367035961975
0.742612521103728
0.274974303426093
0.465967882979562
0.555416722512804
0.635876543356781
-0.303131552138509
-0.194904862516187
-1.993159457807878
-2.276264683335065
-3.531248885501223
-2.716381126027824
-2.182642369332205
-1.141383751215157
-1.608721601041905
-0.571777964002264
0.657940421519246
0.782522457860613
0.742901667698646
1.143980173249228
0.650196346766267
-0.236347195706283
0.840477440161792
0.190922902478188
-0.573971305832587
0.560971044698468
0.993291073583458
1.161321307176864
-0.060915050500604
-0.608868252764701
-0.016941365988312
0.241047935646655
-0.641355209739522
-0.629483122967828
-0.886224897701015
-1.239033368685872
-0.883185289031519
0.116631832814042
-0.703438645315524
-1.406487493666347
-1.407341214544445
-1.738986328329358
-1.799901297958112
-0.755332526672762
-0.241262017087336
-0.282290050446704
0.953648063275381
-0.247167311775932
0.222863975108147
0.024018240178509
0.077243786387076
0.423604613447352
0.348183433019358
0.433377407013459
0.548244082672107
0.408690989012599
0.991344559815929
0.596457351610834
0.312371080165260
0.710578067025371
1.471276732796073
0.834949449273320
1.125264071582657
1.089432971308792
0.681693424143910
1.605618146790253
1.091540720044224
1.596926596086971
0.728127594426133
1.407751199426703
0.545288209762884
1.469400223201096
0.924580865403926
0.971344228069871
0.995991980038769
0.354087165922326
2.109967963399593
1.537160499767860
0.652258838091624
-0.600635317379056
-1.167369905882002
-1.105245576516353
-1.820694341417563
-3.020667875555948
-1.939053413085753
-1.329225753618763
-1.864029302186210
-2.137453923979355
-0.233622528102664
0.043390769646723
0.614434601865429
0.814010323454285
-0.435288312652899
-0.723681496995684
0.331990467684520
-0.563553513912356
-0.355170061015573
-0.714835238394723
-1.203129278602070
0.165836932610386
0.871504197038940
-0.141324720579924
0.895357848738983
-0.151101529178471
-0.598923240531234
-0.554188105493682
0.031989869869729
0.008057569222279
-1.528767790761138
-1.945673909523012
-2.909222735848277
-2.518345855444183
-3.188339870101217
-2.124863446082002
-0.596833418488778
-1.025846663782084
-0.245704956774357
-0.752798582233087
0.449181988228732
0.770438826598676
-0.036969733876989
0.287553801967017
0.629638939301238
1.155933293661298
0.264401789337670
0.095621908051733
1.423879910141437
0.546055408499623
0.538290430087064
0.459728124367714
-0.071556793925316
-0.079810530429185
-0.252790388649260
-0.192040170740220
-0.311998173120946
-1.030334716076586
-0.252223761185867
-1.077019182132339
-1.302913218573450
-1.711947985080437
-0.612147319859910
-1.399816347634363
-2.331473479742613
-2.257821485200100
-1.175074614639213
-1.069588066357003
-0.017843339752556
0.046203116555720
-0.428960695924070
0.451595139297844
-0.563522444842244
-0.244957590872834
0.699195445229592
0.598868672505550
-0.171980217399283
0.844242673589787
0.711817980502026
0.041350153926985
-0.501866700352855
-0.173697346113551
0.501403928987680
0.479977855742582
1.247789334999606
1.499062968686538
1.094368050502510
1.314523622153856
0.974833539738461
1.336823211992737
0.884410293895404
1.397628243014104
0.215763146628358
1.367384489427868
1.657076021732692
1.056354762374395
-0.198636897525389
0.441546257153925
1.018222958305334
0.576526971385168
0.211283091945827
-0.817211674686940
-1.564808082543332
-1.140216390918398
-2.948752696118409
-2.076050993188216
-1.184770472244740
-1.653236659242570
-0.701891197652314
0.028746099446291
0.272308036192109
0.468844112252109
0.608557400139998
0.297954586017996
0.131775504814575
0.020617765779804
-0.047887875816429
-0.559297948737800
-1.208546823602100
-0.096404771478359
0.486156877700293
0.477196541829720
1.239026401311867
1.113056117873470
0.792652127251656
-0.032224601839680
-0.668464773856001
-0.946210975562623
-0.584012016284443
-1.090563798018059
-0.795907145378860
-2.134856353394823
-2.698355102353984
-1.960342808052007
-2.219638881723509
-1.166930664078123
-0.876816442538034
-1.490724054692869
-0.495503182384294
0.013422410125148
-0.502269289927915
0.348379708716959
-0.104819329535324
0.397149195327409
-0.209425400336253
0.524132161752608
0.390144821923158
1.543366565008274
1.088463849520391
0.484428796050320
0.428066522161488
-0.454949683608399
1.032498217626201
0.285954216599268
0.011809196537794
-0.318312967251456
-0.482988183237494
-0.237404476955375
-1.028751913130473
-0.593278529606184
-1.069687122080616
-1.182903349181151
0.166098755351542
-0.914337223364820
-1.718330543564111
-1.551641534400928
-1.426740211892575
-0.607552254643074
0.197445823988364
0.258477855444989
0.315714901591773
0.800841724904151
-0.841656053011741
0.439158364493745
0.186439204486965
0.585724901231470
0.033863532957406
0.105284493300148
1.189540032204069
-0.168006822672239
0.170697479772697
-0.267052681674148
0.382954616876895
-0.220721526296524
1.003246394017324
1.131419161011306
1.160083961981683
0.779075880701845
1.913218700899068
1.049105140754256
1.439815660833883
1.487896625076145
0.776877355747680
0.361227780481994
0.164141470485109
0.620059814934547
0.792011422718696
0.708034916789228
-0.023613130909070
0.676201111438152
-0.922322905608725
-0.856811504132105
-1.144935948265118
-0.656106004311319
-2.202908744493206
-1.942572520773568
-1.271250910095718
-0.786622413907020
-0.072733468534180
0.134262999784054
0.202224949279575
0.512780841222794
0.472699041121951
1.014624338597968
0.070125847595336
0.298198154312406
1.164425542072587
0.539736346267221
-0.889581480168463
0.516613979260563
0.035067639961395
-0.185790519565203
0.728478147778960
0.503909035984699
1.461526377721578
-0.032064059384440
-0.321764219467980
-0.182370838048026
-1.480972754436030
-0.898975020071196
-1.812446607643692
-1.575751867157944
-2.781403810568496
-2.223160706251202
-1.426061335233344
-0.630862290254221
-0.804383627544556
-1.826576893529233
-1.611843320135068
-1.773228524792568
-0.047914413791285
-0.358962685150310
-1.915361209251316
-1.012937849754782
-0.615602679582045
-0.521588571259583
1.045446231941753
1.278162901851178
1.975542674285508
-0.353319417102580
-0.114015987470445
-0.186720718486488
0.258789497087162
0.387430372866628
-1.124205481536685
-0.126082736884429
0.556753254925324
-0.274052163747040
0.023557630084797
-0.340629348782875
0.037063215911246
0.575810189709451
0.063402754219329
0.242922143262798
-0.478130935446864
-1.214592367118954
-1.573023177754705
-1.718696461123641
-0.834235737037868
0.456563845214935
0.035764921809156
-0.298176030800576
-0.323269824066727
0.396263623642628
0.359108647314394
0.865621842748302
0.991213302626590
0.402922310009562
0.105504158035141
-0.090421285584522
-0.075000812600520
0.917416765400730
0.870931502915767
0.265231760139840
1.085299511529190
1.458464411417900
0.838153549076798
1.254411970937581
1.400091288578559
1.498610431750457
1.007950608349885
0.929945903959929
1.244939414654029
1.329010304351180
0.992206146262963
-0.886778220662034
-0.342860351081074
0.164845900716883
-0.044458282698056
-0.740681114275933
-1.315371720470179
-0.330687137950802
-0.970325816196896
-1.157767531996278
-0.778684784636309
-1.365772836261882
-1.206652565989007
-0.657491611004772
-1.904160885195088
-0.429856899800321
-0.869665253402178
0.258172996895373
0.429728648950256
0.213489253531173
1.230346748707545
0.523452033627435
1.371651796099323
-0.132069540058214
-0.534332838196113
-0.165395833585657
1.865984801029430
0.149884095854726
0.020734523272169
-0.317204303317171
0.129352084933282
-0.196257674446691
-0.227570241257281
-0.661985513272834
-1.134064490815962
-0.214028178742908
-0.789639309076455
-0.682018264974083
-1.712358303603438
-2.162201318946279
-1.398717143661402
-0.913523750010807
-1.999774623735688
-1.305536592192094
-0.141781981278388
0.177017345720689
-0.002924028255487
-0.832090498412972
-0.721489580755809
-1.256044019160849
-0.147315653539669
0.389870493530857
0.509630337801818
1.299646418032529
1.445959172481916
1.427333093687360
-0.049706172383658
-0.468651032840166
-0.024903083295996
-0.978439183897887
-0.557517643305536
0.396325272532863
0.373515028710751
0.392153192984624
0.289549456608794
-0.443321340112829
0.136432228837520
-0.265812971597468
0.398892129534196
0.107519537031187
0.409503326147738
0.244753417860798
-0.495537608118212
-0.668859215658528
0.283992251742993
1.624318223339312
0.170230700932838
0.654192455596995
-0.084285949979253
0.111986465852267
-0.177507015827709
-0.156841139572968
1.562800071775997
0.850475362002690
0.000005671737259
0.045753372059426
0.752056889396243
1.466140097330691
1.084653567730927
0.535414093157865
1.462192941344434
1.934665198419055
1.812296047266231
1.577020405616195
1.047565376867365
0.612933725061278
1.050816237027884
2.118157313044793
1.112553200192338
0.632561732557817
-0.223352539566803
-0.672501066401314
-1.050012088744459
-0.445097198624551
-0.306077607595124
-0.623802697768936
-1.044421677364882
-0.731966153988542
-0.872246702086002
-1.704198428590023
-1.086142057419704
-1.097910216431982
-0.968204071620103
-0.679928301020623
-0.759293099973516
-1.252784376614290
-1.221728960355289
-0.353727487802392
-0.172667593413434
0.529866222950642
1.250992245582274
0.881002211689978
1.037243446559059
0.607292235998315
-0.362475497260383
-0.467598683159023
1.854663444791737
0.890050805441304
-0.022497618592174
-0.303696261740449
-0.590400897703820
0.199618418189674
-0.821836980751979
-0.923293552561993
-0.784128091000608
-0.718449750787179
-1.301200119463513
-1.994730903275676
-2.126534880135377
-1.211260087221619
-1.224906863013358
-0.332617523295719
-0.513985054640216
-0.750977651033959
0.728293038190740
0.491336923094635
-0.094267694481680
0.527454475455964
0.501001825468580
0.431907617118137
0.466114684723211
0.376764273246070
0.473220839209609
1.237531613159853
1.494117111243357
1.072571576698819
-0.038470939832438
-0.438595486059019
-0.547927822278680
-0.451798384658376
-1.116267939625494
-1.148165423850313
-0.375667598902621
0.217847963544934
-0.352330152465534
-0.178039129195602
0.205969388113846
-0.122970637727993
0.219004257468188
0.875849411198222
0.066973641767939
-0.349004269156151
-0.029788461719770
-0.909935459047227
0.303308037234766
0.916252282012815
-0.145194782912518
0.747122603495238
0.946372633611855
-0.382170469494645
-0.210376699466473
-0.033990460777184
0.452395081514656
0.189300604349993
0.177954279657297
0.409553804567097
0.661744410191018
1.683433542735410
2.245143502703884
2.990162502495210
2.531436430575441
1.740773138919115
0.982076697690284
0.718786145803363
-0.119360373798280
0.582773294916238
1.211416917244782
1.449888824238710
-0.206685683074364
-0.307988841472428
-0.485876721374546
-1.589090652222277
-0.350707718756715
-1.138447471737625
-0.903358142519562
-1.003253631164099
-1.849204185301548
-2.565312702747203
-1.808127663833308
-1.788497348726344
-1.468436828500290
-2.058791369318754
-2.069570665572704
-1.396761698541962
-1.408605007580513
-0.336710491412074
-0.186875585714795
0.245876638949243
0.535544736862600
0.629277375115260
0.496887821529027
0.807699920488391
0.861386251868228
1.119863320980619
0.378697127413220
0.631870640365349
1.389015262414770
1.181156535893403
-0.012736148557234
-0.676325975306672
-0.546718224969340
-0.168568942112427
-1.034718584365435
-0.711575431369237
-1.107952413297404
-0.628442736788283
-0.698036731238063
-1.113554766258105
-1.772726454068426
-1.242188019957495
-0.810441587844644
-0.292381392944062
0.162596431691148
0.162710550160282
0.184259898316650
-0.339954210951921
0.314011635228078
1.225661778332180
0.374925292774097
0.809714896319885
0.503665097371898
0.099924131215988
0.168298558730776
0.632285116504567
-0.071390804762578
1.306453826266202
1.353094907929046
0.276543278853216
0.205771055204123
-0.780571754780468
-1.084242195675913
-1.005433954925161
-0.990610416797908
-0.697021571373311
-0.504679849634322
-0.495724946421337
-0.102762330959290
0.231228849235226
0.321454938179317
0.652494625099107
0.081597491009647
-0.304718125636196
0.361168267731422
0.110562072578662
1.188221568474404
1.390270659114439
0.923621589780169
1.229723097938890
0.973167070789185
0.992316949058801
-0.282174117524798
0.061554687382890
0.204631823867062
1.592550444788822
1.385110767484294
1.555669451982717
0.522492697393528
1.067068225886679
1.343213908970430
3.204520596109793
2.527773042568454
1.898897271318422
0.935037149009594
-0.235046727718374
0.029113288309987
0.872957650624243
0.720599778627013
0.415746562355384
-0.158380971537878
0.561416202853893
-0.671932128048127
-1.554283796437670
-1.382990787291448
-2.036939772954642
-1.652442295349047
-1.194419628297317
-1.755843625865126
-1.914589263956768
-1.964895729217253
-1.610040500971928
-2.210345528893056
-1.222956773655864
-1.538386509623008
-1.473986621137888
-0.824888980158259
-0.661713741818641
-0.647246461345972
0.352496467415879
0.482380885472535
-0.032984238390082
0.194524269748246
0.126008049506439
0.500611986102729
-0.110516447500514
0.865703282209323
0.437283438531614
-0.196872761947170
0.045175592823733
-0.022206978590259
-0.806685368261888
-0.613106831940793
-0.016924671114692
-0.326097533437192
0.766821384765874
-1.231920115460844
-0.278031324608329
0.039461742561891
-0.708125877902213
-1.115656788925847
-0.820027288957911
-0.754425132087440
-0.614995046809865
-0.594297584183136
-0.273087839533155
-0.021979353705516
-0.533043871832787
-0.028556226343266
-0.105741108753795
-0.636664439190493
-0.442789805604661
-0.199829145671333
-1.062077505942218
0.640527713693990
-0.354575791177722
0.230963163687985
1.500918609694891
1.537164469388942
0.737422039375721
0.245911905625476
-0.458984533974146
-1.167070675510824
0.042896457280052
-0.033228766434396
-0.350871735721916
0.646199710953875
-0.581068745762315
-0.862340614042208
-0.372310253666761
-0.001490363797955
0.550976438808159
-0.134074561153633
0.064288808573407
0.659032733603032
0.105803760710466
1.564733319657887
1.213385764897114
0.290010724325817
0.029965721875355
0.436572526648151
0.540679343383989
0.031863959094266
-0.152861617550432
-0.427630713805578
-0.012366903679596
0.476712186491928
1.314358193842815
1.175936977674896
0.455904122068493
1.299372057589297
2.169223557713612
1.899971177985326
2.280088179749845
1.467752853884942
-0.019163806745031
0.270980530783122
-0.332758167513816
0.540031932788152
1.500312833797918
0.002030120087049
0.331518781370162
-1.227114530913790
-0.591547610931944
-1.234256528985262
-1.532745410304948
-0.578022670649404
-1.151022719544137
-1.735312418504313
-1.551833414736844
-1.094327383136901
-2.021164642426559
-1.518945157005699
-1.146420476086061
-1.244363525781433
-1.319367650114064
-0.318897120425764
-0.357946200020740
-1.149940653209911
-0.607037737501653
-0.204640648649638
0.779578298651080
-0.727624851637995
-0.990107326154026
0.208245264366516
-0.641423288795752
-0.407835821564464
0.289873117667206
-0.095739003152540
-0.164826174135963
-0.272231422689724
-0.202267395603246
-1.060321843054799
0.495278578554150
0.444461497324707
0.097189348958304
-0.380110918599222
-0.406694487658574
0.502599161655553
-0.600713395588103
-0.994191945069979
-1.155230244521749
-1.812809459373223
-1.569448400329393
-0.850828869004951
-0.238270591125874
-0.335712519649978
-0.070641108841479
-0.750122536692248
-1.066952402125727
-1.507463163479849
-1.413380993288217
-0.076600697459047
-0.233016831829672
0.384789799351511
0.201934144809683
0.222397389566921
1.359041232462321
1.463910443106127
1.757394670352124
0.951627720248536
0.083176441738480
-1.502974590232377
0.052388062838540
0.421427247344508
0.710938063629666
1.348399419163255
-0.866960716551523
0.175355514405395
0.958755328322252
1.212791068354317
0.529159165407277
0.378923060676864
0.148110597757327
0.514824183573062
0.711880857680165
0.291121978675604
1.908259751977040
0.797651095380565
-0.120776001720967
0.765410972793890
0.938605405682708
-0.267294116473680
-0.490670140238912
-0.272260189364846
-0.058177089959396
0.521541074108946
0.486735243298850
1.545155386003228
-0.182996520429678
-0.012800028587519
1.439476369462199
1.792641672843710
2.034883199298456
1.386174869329515
-0.321156954995840
0.427277933491549
0.854567473341220
1.112498065977280
1.738722964981548
1.200165366489701
-0.060866711701672
-0.499931025684961
-0.978507390049947
-0.985601255982927
-1.698652009118313
-1.029871866154842
-0.884144614120950
-1.592195851158773
-0.605541269977698
0.652137445016505
-0.601364881626282
-0.562678311072741
-0.179339687017781
-1.068939551911941
-1.417805265590176
-1.132053972867600
-1.431956606463604
-1.510656310994682
-0.030127740041239
-0.201198445046113
0.363451575768250
0.296315745697900
-0.414905659996464
-0.181137695778133
0.192081284323729
-1.011838509485789
-1.044224465710748
-0.271761200880480
0.642009800873978
-0.744015379241651
-0.396094809911011
-1.547334894266484
-0.681530898566921
0.543805412545186
-0.403459656635955
-0.175797981909053
0.136981287143560
0.086000614832648
-0.732328631298782
-0.639225682325496
-1.109295833334482
-1.822989830308787
-1.688805043306110
-0.466893818864706
-0.336860862424131
-1.088607852529360
-0.875268035756377
-1.088183177912900
-1.044412931243588
-1.124442576128357
-1.660124725497379
-1.271782616376766
0.350609417999324
0.994771714570394
0.452617522743765
-0.160459637156026
0.329900587186997
0.570257315911100
0.937998455190283
0.462997509172942
-0.527514985140610
-0.360224520320860
0.446742929900307
0.101198580286077
0.679271271121145
0.886702263367803
-0.072069852436856
0.211524606902658
0.578576889329942
-0.140264151671217
0.785400762995772
0.706605460069654
0.064016530478494
1.766677550553415
1.392673157914835
2.127618803038684
2.079957538970245
1.860784511775744
1.066326897990661
1.717550372140578
0.672715394704101
0.676424399111076
0.311337277059399
-0.306213910158951
-0.219076208224228
0.208091200308113
0.521676982258426
0.980937705556630
1.059392900355208
0.175305323949915
0.888129838710822
2.093385574550998
1.428195221407664
1.624401923310945
1.368622334541240
1.284372598992600
-0.125934322538709
1.098617307869850
0.694925112426527
0.360786464202139
0.323969737488763
-0.027412231211023
0.378786328599115
0.305325390246522
0.376576294843239
-0.218482426969918
-0.066817762326346
-0.427786892258531
0.244304212088443
0.156611464013635
0.006751270966372
0.369078089633208
-1.096546245325269
-1.885200839036251
-2.788360287740010
-2.106060723972789
-1.897306832203376
-1.315238196712773
-0.934729482841091
0.172283740716011
0.631482930198422
-0.020716820816224
0.121987728173418
1.177746630185925
-0.281864728917016
-0.056920963620435
-0.666330859790135
0.192512870581025
-0.051816932689087
0.018558410784262
-0.841512621151493
-0.206307847161663
0.235380236290708
-0.375195964923213
-1.270026857533283
-1.013915206662797
-0.315858079176813
-1.065962363401264
-0.628609925125338
0.405502168075011
-0.741440037301081
-1.110518483346487
-0.584913443352011
-0.580319892197698
-0.671808594956040
-0.506501513620139
-0.851817783292130
-0.688781995085663
-1.016971661264621
-0.400003852704331
-0.797510544868079
-0.672894414346744
0.265178122376613
-0.038512484166411
-0.265615390607794
-0.040323097112586
-0.145107527362734
-0.207999873346938
0.005143299909112
-0.125224084626946
0.395294415537907
0.096263968228683
1.491987107011348
1.662470959727179
1.261903250117037
0.316870941533206
-0.021666875858923
-0.805282592547646
-0.781871860135490
-0.278299763279643
0.552862622444644
0.860766460867168
0.340644272831379
1.115074739923371
0.683414672082315
0.688420941213907
1.634267209585708
1.380088376578374
1.867047786320698
1.732979245418561
1.098612785682907
0.483334327068235
0.128653293232653
-0.732760512123386
-0.085581213752107
1.480830366650568
-0.327260479277961
-0.049858708736094
0.128187506901261
-0.152648561639857
1.608258856226193
1.497037813576435
0.472017502106965
1.632420529416173
1.846259935377848
1.467702391461056
0.112814716367232
0.481314036116082
0.636297580454673
0.541512592473265
-0.313549288292912
-0.822261980814900
-0.731749482437676
0.119976164264211
-0.153341072952571
0.089177754889881
-0.563538388918954
-0.288399587768303
-0.535827141099074
0.282604780422376
0.080169768852996
-1.233743273457338
-1.026197176230045
-1.649144749987232
-1.770350027370014
-1.272883911313535
-0.320401011973316
-0.315467237687828
-0.895201128870892
-0.295800407266424
0.507100688086940
0.767419671530847
0.291860316086789
0.673687502260410
-0.169403711231537
0.719323134138188
-0.055927484317475
0.575224649000710
0.492700720817699
-0.117214614187901
-0.304547913449490
-0.671482840673901
0.693646244673278
-0.298158551511475
-0.851420370884117
0.049751420573678
-0.683379605596957
-0.964033495651830
-1.653332996873124
0.658598670077139
-0.369947558179679
-0.768779306636197
-0.926231233876661
-1.531422521587761
-0.627692257927939
-0.731711871572214
-1.247936589158280
-1.583943252576397
-0.766432011705766
-0.077577653213372
0.140373866087231
0.114398071763984
0.027739295652036
-0.288683743298567
-0.361595796868200
-0.038798113447828
1.168086604346988
-0.382604752146520
-0.678176146876805
0.274646950308969
1.315297444347533
1.232003866290975
2.035851980792099
1.549451119354963
0.842186066566888
1.214734202659013
-0.345312266629136
-1.051815734575450
0.032692094486476
0.569290077640606
0.065505601515469
0.381257932895900
1.478398693984980
0.746426810374870
0.641890433539143
0.704858016111251
0.932748242058020
2.432173528526637
2.874737086516282
1.152854750559466
1.268471919132168
1.678911406715395
0.820974424130330
0.265393711519293
0.573250019499885
1.130629573243901
-0.500115034463803
1.025207596383191
0.662559822905212
0.063223604109101
0.151842099383158
0.749895699909079
0.819734416698204
1.840242773047227
1.759996209003136
1.185733439999971
0.477716091439056
0.623768407096832
1.212965393198891
0.610275046821883
-0.053944047269184
0.045344068934872
-0.474771502266389
-0.260309508788267
1.017680762182208
0.191305039637320
-0.161747803133667
-0.612499428705992
-0.556218215788563
-0.337842465236119
-1.620270663467048
-0.940348261592624
-0.505827759007611
0.011179359563901
-1.540248356159936
-0.797578893983418
-0.885125602289238
-0.560245648693665
0.342452624056554
0.175067220697424
0.880154733337730
1.314018221921850
-0.792374598459932
-0.230408801847043
0.612500558693631
0.345510119194828
0.169881848345843
1.006434058335365
0.537521406929347
0.632017611247257
1.433298766144208
-0.146563682940245
0.279813580373883
0.572263959437410
0.028683882390898
0.587305342648015
-0.173633599117351
-0.803744597223071
-1.052783189739125
-0.614451059637471
-0.867598435519439
0.044442287188618
-0.308579210209420
-0.490442374914789
-0.558516922187186
-0.050103002122455
-0.868636165012792
-0.163087964375646
-0.781981243509502
-0.055766474441260
0.674453078207469
0.076560924493074
-0.166271063505867
0.142617172874867
-0.607638607742556
0.918009064566111
0.812360641322115
-0.184985106443547
-0.301468788264979
1.172061127047365
1.255010258745156
0.772492552697404
1.037349329542050
1.140760924464796
1.064113470531470
0.535978569566645
0.257166543302547
-0.777101108350519
-0.750625728310106
1.382060718129603
-0.025731904205546
0.244914280821852
-0.055274429778275
0.832598225922488
1.046440985360126
1.175088675753089
1.669901743949256
0.937439891614226
1.996346220274980
0.378896752510836
0.998120351370360
1.510774304616388
0.860700767102093
0.011075826266394
0.834005442143244
1.006601779425960
0.973456244533450
0.545479632211992
1.070907339268121
0.158697136823602
0.155817979111884
0.561379275565288
0.675269703210543
0.272384784760651
1.173635178506714
1.908817811542081
1.522723259977050
0.732534638408679
1.038045329639468
0.538364480339670
0.526537647298120
-0.012810384673422
-0.993281769264687
-0.537358085754319
0.258741320660056
-0.021172223207250
0.192519669549239
-0.088355372801253
1.301508629059774
1.658060254954227
0.436938325898796
-0.215757243422515
0.947213926834849
0.009795337922135
-0.622182277941495
-0.698197882310444
0.235344289823122
0.710536027892937
0.349844226624424
0.256260616333094
0.660945500347174
-0.759789370219755
-0.739311382460537
-1.354459895000927
0.082570904561644
0.405750976752717
0.874669980650073
0.367267079765410
0.734536626327072
0.785331273450022
1.609209780000868
0.404969685460231
-0.382003652362534
-0.267002111386811
-0.510876917806784
1.114614852992408
0.291710728362941
-0.546391693570587
-0.520621363732326
-0.590860681312337
0.597991142605085
0.440788832418177
-1.936922507890523
-1.737763196659876
-0.601246790093912
-1.050167601827105
-0.174437095545681
-0.100279371711055
0.279116642971910
0.383767545012748
0.694769423260395
0.514454718896636
0.195560972015876
-0.600460164960032
-0.531165765713880
0.251197474962916
0.261069444310973
0.203119058631722
0.726360121696159
0.253814940515512
1.204097059108989
0.219016793541716
0.369617088391235
0.770246732173053
1.030707012898421
0.410150872701180
-0.367980997290360
-0.980193182872054
-1.520085606196652
0.909316299512375
-0.182461647495690
0.221680484615269
-0.183365691850041
1.006817322285764
1.453660228556936
1.138668774194223
1.540638847754644
0.766406660054952
1.372119057183790
1.753978769824627
0.588332918164747
0.237299893711380
0.932656615140365
1.057685528601385
1.474720484786316
1.276351852924080
0.783817863355893
0.996695041962199
1.408111965933056
1.518552403828701
0.841579331992742
0.451921951715816
0.706068998340407
0.722735887145989
0.432851477772892
1.016243471007365
1.447653432978358
2.181462954245769
0.749249598801375
0.750916802899990
1.411141394849756
0.900466011570435
-0.030540277056377
0.480740214613657
0.678851563127153
0.323985166572081
0.570084919296755
0.011458335908910
1.494269449041037
1.419871292477688
0.939819906569162
0.419414548655810
1.030845164405380
-0.119698454849890
-0.394403810492933
0.228385576424142
0.599890978045716
1.583736062285549
1.429644869423755
0.101977777543379
-0.937175042946144
-1.055349511713449
-1.352643484803788
-1.290915887594639
0.594033851690195
0.440467101569279
0.214098465430323
0.402148837007172
1.334626651408445
1.733623171130627
2.002360701435722
0.690994482134066
-0.138967163931434
0.718861627701238
0.070400899789265
0.496591221856197
1.023466767564456
-0.447095627576850
-0.404432800854028
-0.571706498227960
-0.603336348254251
-0.332788212000199
-0.821078239457451
-1.548783573451133
-1.078997173365269
-0.994080429600995
-0.532075384789713
-1.079104912261848
-0.846933900739837
0.089185887397805
0.419741524971406
0.407215632550780
0.978353876318231
-0.169872828480890
-0.108970464359299
0.322014301947759
0.034359888958028
0.326772298154636
0.685804972221517
1.788446949639181
1.826087922141003
0.084137863133757
-1.040692360964981
-0.792598846987239
0.357516257273274
-0.962100936321221
-0.194832819696456
-0.280145533768953
-0.460279311680628
1.717248379822991
-0.233149612070212
-0.332621667750612
0.172486599940951
-0.399403916215858
0.423723695559139
-0.138029645863509
0.184635299511485
0.917438683369517
2.118949661855737
1.009652549994900
0.214297403490145
0.376665591058712
1.717587762832109
1.405822376666259
1.031876935162521
0.798864060959053
1.193457145570155
0.754479340299145
-0.310580981459220
0.712596238665334
0.616942675015069
0.511705185563672
-0.277996877050047
0.565538592413580
0.095214926909790
0.121018342695882
0.547031960030936
0.954251752022844
0.766524122803310
0.652521040599083
0.192972865850816
0.828707858288636
0.324538919247864
-0.610914316910255
0.080781156441324
0.435973168225144
0.307236274913168
0.218716097618574
2.204607045775239
1.936391855135966
0.864228508227257
1.403321978071059
0.596603639716170
0.251435506935087
-0.460785468635674
-0.406168565609250
0.070679763357997
1.478844093701678
0.648950413259412
0.173396876600053
-0.518393781492891
-1.310838095854498
-1.861865016537539
0.281414640364791
0.377868730392723
-0.545452351895894
-0.227715969095427
0.096170337903762
0.988829680720056
1.026611873422585
1.558139665022858
0.245807885428418
0.699873192123282
0.225714075627769
0.566693141180106
1.814521586514065
1.650904782805977
0.756964451676907
-0.090717241802538
-0.933819158027518
-1.520146884369941
-0.856846873555393
0.311903436451181
-1.086049085442706
-0.756006629705212
-1.140367007799364
-0.821179892427509
-0.595799900791254
-0.795353056930178
0.116425922088673
0.011142842279891
-0.294932870432313
-0.076058095365120
0.286055886858265
1.301498951707945
0.830671267598954
0.184792913433790
0.853970979561484
0.655113653959820
0.656256825202223
1.475432784381595
0.248971665246035
-0.685625437211123
-0.580783131247725
-0.125331352035022
0.375711147146539
0.031531883083313
-0.540891175313449
-0.203601751588294
0.729603071075105
-0.054302711414064
0.147583571920781
0.557600631716134
0.328317131050023
-0.170134668883708
-0.861388545481364
-0.198305091998502
2.040618945511734
1.470835380654072
0.892859617583402
0.907155840782256
1.232343477668528
1.731497690751810
0.413178713315909
1.191067150751599
1.560622557401025
0.603007107917584
0.726893990103511
1.170729160808764
-0.129648733418182
-0.708566574070353
0.516566340359525
-0.397671797564484
0.360323621484116
0.730845881319602
0.305462491007914
0.146346306129074
0.483664167156640
1.828450334102635
1.833780201310553
1.123601077285828
0.722012020717508
0.369565333778798
0.101060526951163
0.313778734016933
0.435727666752801
-0.208022934554866
0.560412774280795
0.729841625140736
0.216568910652881
0.404767708141247
0.691655956653771
0.962303930688357
0.300344787336886
-0.233278068688903
-0.777707877191460
-0.705401817878890
0.186435467064161
0.169805430552456
-0.410628091122084
0.180828812636733
-0.832813092970429
-1.751933829176823
-0.297664363163384
-0.437777566080416
-0.319645790810036
0.464348212302473
1.053410341505364
1.681218891325151
0.773813085728479
0.979909853497449
0.893895516717582
0.836299612971732
-0.762259048092356
0.212718477130878
0.721478308988157
1.078101033161305
0.413714121514113
0.115105061117831
-1.260006493509141
-1.050407241287237
-0.446385203309929
0.266536286073058
0.001047087555385
-1.006576267003481
-0.930075082260446
-0.747152651693177
-0.256742351026039
-1.164099085309093
-0.657057306566790
0.143205372405750
1.043700064221552
-0.513907985988290
0.638249661327566
1.259902144048342
0.787032074316655
0.926224215677115
-0.010373387747236
0.228174012605005
1.003459102302791
1.424375099545563
0.408487531469445
0.748648729150566
0.789367314014582
0.802301200761579
0.419146029902566
0.025942834530875
-0.134555425390221
1.673747512397088
0.869611897527119
0.939242726738849
1.094768286051524
0.928421352178942
0.628791803675785
0.365788715546786
-0.178262567016680
1.058991560746260
1.609472281303997
1.209783036914208
0.111473606651124
0.905599632498787
2.163849305543227
1.428181744539871
0.636220092945929
0.702976114496208
1.226990695045353
0.832137489528417
0.859768579437936
1.470654308951418
0.726242117499960
0.262491907719909
-0.379234471230433
0.838428451175019
0.599304356827126
0.539405060974618
0.094237816771560
0.245975290083576
1.412145923350683
1.416690608191032
1.887902258751553
2.305036261005667
1.106963489480887
1.718134842515446
0.831430811880244
0.120322453525681
-0.010982496047953
0.292757062191976
-0.404222875767486
0.492911160488545
-0.599437343935068
-0.624790169669212
0.127796729429747
0.655541882017207
0.453246377826456
-0.517635261074618
-0.292561079500549
-1.075351107002537
-0.223405942849180
-0.216121980841858
-1.025339007341485
-0.080243204137995
1.041601236462786
-0.048594234794211
-0.437930245801488
-0.353099161613527
-0.151416610779596
1.098045432585750
0.478579743588701
1.164679733257822
1.052333456979059
1.246510031715475
1.419585502516586
0.805886785588559
-0.439456660915679
0.249076802040425
1.038640899354553
1.131511460077400
0.375419118411342
0.382477484544933
-0.432268620494929
-0.417882629791124
0.625716140941116
1.062422078281605
-0.780015186122827
-1.487394122795142
-1.024671109539429
-1.459615909902680
0.446340778759798
-0.455316320581086
-1.049137971709707
0.175436550752834
0.286477984913016
0.102380642367945
-0.269311547369445
0.923329410053241
1.125129274462570
1.263259961055817
0.930281149933869
0.469216237032005
0.751468036031320
0.977731597560640
0.979900717130628
0.604034850237916
0.949711648641543
0.922244812907663
0.486441936448445
0.037994990829013
-0.210919645764804
0.961826678346208
1.241087556003399
-0.102493362092217
0.192993417244392
0.418397495655906
0.175082149646956
1.261587766857579
0.340027303404303
0.802587515809440
1.370060787382956
1.513919175878832
1.363413335926477
1.878532821986070
1.754569561472834
0.500181040789414
0.912006245899939
0.612782157516556
1.157119667135343
0.155774285960219
0.069116118200432
0.521420983416291
-0.574207280284728
0.840224473027742
0.481371555489735
-1.124396424618244
-0.823540076665155
-0.750860245082952
-0.209573825146086
1.079444211085252
1.845626637602105
2.203728547990550
2.394849733696919
1.894306059153264
2.344800108240801
1.434875360618693
1.450912034789627
0.871019951783167
1.058494368242179
1.051949121142735
-0.177313185450681
1.310016668533616
0.089045327066086
-0.815067664094485
-0.314471843561325
0.037513110926558
-0.277928335713251
-0.441204093957579
-0.224580634645837
-0.084101836018689
-0.454705295327162
-0.433991811563365
-0.522119166708093
-0.482384383441665
-0.475541327409404
-0.269460934404125
0.664800748743837
0.313028767883430
0.767565072323278
-0.128193319316623
0.296151583841906
1.058079882992425
-0.969956015095524
-1.058205960814254
-0.576992183865526
0.793197279759048
-0.324036652691787
-0.236995576042238
-0.377946064195933
0.267964704372498
0.710907076427891
0.485811345216402
0.261462921819556
0.902937297118841
0.674980022987297
0.133840107566546
0.450375598249995
-0.687294107828254
-1.526103346619834
-0.459378504671601
-0.767886015656488
-1.599798911193154
-1.520655198451786
-0.039312752615497
-1.011861005599003
0.116714840163322
0.067281985299627
0.148443179658845
0.684176290215988
0.404278822890138
0.932031144278990
0.775492842990384
0.775333056736491
0.693836216050032
0.661641849395271
0.342941508880817
-0.117321443420071
1.166498602957080
0.097368843756959
-0.724006354244837
0.560443486902844
0.899016592019104
0.858747506577456
0.660045433230270
0.140383847476398
0.915058453399790
1.734920591563337
2.042865463632348
1.272427598028350
0.610026709737666
0.676928067138604
1.541098437188760
0.795043908284945
1.766885223585382
1.927244249743839
-0.105907805614417
0.959411701285503
1.363197024802544
0.452663609559286
0.530168725167968
-0.513606153157523
-0.282451536189518
-0.189961143733577
-0.305332142273431
0.662354639587031
-1.515141171963916
-1.611648244603988
-1.901052958476467
-0.025682712022705
1.217732727153994
1.857716832918381
1.488753689286813
0.545244031719555
2.463558757223043
1.429438715487528
1.953530340450790
1.258187563340326
1.068935514786286
0.916884161465610
0.629234351952868
0.743124788698360
1.233473654898839
1.288258346224558
-0.015950117065444
-0.547627082631660
-0.707165427644216
-0.191276944933618
-0.146768973003533
-0.002481271641113
0.392369126837893
0.136775468233927
-0.061261235166886
0.270920841182340
-0.390784375294128
-0.420029807072326
-0.089015958724335
0.027422959306880
0.498220590483773
-0.418238853350119
-0.205670549344340
-0.307101771949021
-0.559712565563740
-0.424728006311206
-0.771926555772128
-0.786408704108170
0.402593376667136
0.923826041568709
0.903733754317190
-0.222147704474368
-0.479730997275944
0.316436818553732
0.750187127702541
0.705541576351877
0.629202271593876
1.386526047795433
0.142515237761730
0.263244124024013
-0.152493968367749
-0.860542677281468
-1.427223589165378
-1.058364645362286
-1.751442469300734
-1.433286558428978
-1.368389938409416
-1.327684352511440
-0.829196662270270
-0.539289535470269
-0.439321382817556
-0.671655943212679
-0.294780549655554
0.437146158065064
-0.893530955811207
-0.044462568609035
0.222457468985292
0.174793297744680
-0.970882657671133
-0.327449081066956
-1.145659759331235
-0.968070554263746
0.169714537556614
1.270525815742444
0.322528462881837
0.226200561655993
0.325899382522239
1.003075587519065
0.878872917839410
0.557512487623077
1.115972328312043
2.132074862015162
0.847124564568332
1.024908808059484
1.352457619226628
0.898583898264686
1.323518859048873
1.034654908078678
0.212584048385353
0.198986631731463
2.300879901522132
1.255494615281316
0.244312582838952
-0.959861192233316
-0.134197964423877
-0.575960905975974
-0.260435953693544
-0.458438750394671
0.108220576846686
-0.302159461485755
-0.674207786752029
-0.166954433711874
1.284744902628673
1.162352838262197
1.124231596355778
1.430199052521147
1.609991601047339
2.156523718912484
0.734453664702939
0.321306772774819
1.600897183246246
0.697419475834036
0.633527803670569
0.590842355650718
0.611982471443301
0.475451004677829
-0.755182835071278
0.139421992350925
0.013057203760992
0.524800613771930
0.739044230525617
1.156639723170350
1.148757756544123
0.282412183034735
0.332273967898369
0.016337039900948
-0.908186303272721
-0.221164363989730
-0.723179454487705
-1.195307383670608
-1.052836297241787
-0.579410879911959
-0.642412424150382
-0.488183779613876
-0.846245196874052
-0.690893500877515
0.528823228572912
0.094049711196058
0.814730789428687
1.205619268566393
0.946297802098748
0.539733690448263
-0.534956415556224
-0.145159627534655
1.393294882639063
0.998203200213738
1.559529601546824
1.379176705755483
1.853788463771923
0.718559604927804
0.110494672031769
-0.310623783028807
-0.957869174946671
-1.788168540710940
-2.294652092735454
-2.020903763690864
-1.731430761651520
-0.500551347692212
0.024049377905982
0.017213980733498
0.236929859910830
-0.085403490618423
-1.617668618041487
-0.075695742485436
0.271686257822551
0.436962611180064
-0.844048021871944
0.993773028787837
1.337625503486259
0.316373195041457
-0.745785159975471
0.203847915186760
0.352789195096222
-0.274996668593619
-0.358053467585671
0.062286927934255
0.856414140805434
2.153750361601884
0.193156811968684
0.494550114137371
1.176080414289169
1.044335202688779
0.486104266691809
0.991396173162888
1.875536563078523
1.510179734858198
0.955918277027663
1.129761443390907
1.369075501180782
1.482186027039923
1.871313699892021
0.496247115623428
0.503672974454575
0.220110557461967
-0.348871515770971
0.403845882664663
-0.761949558352545
-0.408152900559337
0.144275839552364
-0.860420417957568
0.650980359468779
-0.110013218694578
0.625652489235650
0.351910301495669
1.458399472122951
0.979641429074244
1.209951515350175
1.875543028934478
0.274867568362393
0.431550602677562
0.802074854738516
0.684722842564881
0.498720864962964
1.555728838228118
0.776043481115427
0.406439769163675
-0.365923862843623
0.372294419917229
0.300666340855742
0.365350825781055
0.825198103122436
0.697314025713052
1.388656685251917
1.299320806383423
0.509130064223534
0.478257759850741
-1.461323815140045
-1.455733190078093
-2.046837879140436
-1.556624402187095
-1.382197263816520
-1.136153114421566
-1.180725980030132
-1.236590344833573
0.040675933958710
-0.167782102914428
-0.322128463604208
0.131239252995033
-0.082589306839590
1.037794841175482
1.510918823834114
0.834145619866310
0.863500315507391
-0.403643603398707
0.105292326418439
1.109010929503936
1.646548227419161
0.990936068520592
1.311330317656479
-0.056161925785528
-0.182267391012340
0.071624631729374
-0.592623637865473
-1.656016165503121
-2.349964018659592
-1.653602513459482
-0.151174974561439
-0.685518615474682
-0.665226284871141
-1.413988128893149
0.701181624298460
-0.341705497636608
-1.107273660722027
-0.688031168181270
-0.249391068411666
-0.042212480405174
0.011426697490438
1.006042213547733
1.792299887287840
0.863502522095080
0.853992329846368
0.285097528104095
-0.197171758640441
-0.078289943659163
0.585777790391455
1.145584087379047
1.579745899777255
1.990977288988090
1.863731299573300
0.797518430731741
0.355946137620490
1.188327132158777
0.536875860617218
0.961208063423602
1.240446396857123
0.706825970320266
0.898270338785586
0.795494174138848
0.156843009843459
0.299384044371379
0.380255838476518
0.363250803507971
0.459526577015545
0.655650222942643
-0.152373914751778
-0.173111378356960
0.138822951392067
0.284770591112006
-0.110446821003247
-0.289702186896142
0.612201898438728
0.815442265460852
0.801231466713227
0.920415049298100
1.242477215936101
1.252814465523112
0.663905826237728
1.342965040331881
0.580190880663784
0.791907435845377
1.772893308445037
1.485002608627517
0.872747079969540
0.594819817305415
0.474579375618483
-0.262093968960224
0.027414462137483
0.552767559907016
-0.397539224198498
0.265367746207025
0.390742540520639
-0.790864089035327
-0.615378505262781
0.171810098062925
0.848551134373810
0.313674692154930
-1.806912361295039
-1.538362152327772
-1.184373068089471
-0.612729245392095
-0.973036180002671
-0.650137138436182
-1.219583469528681
-1.245516715810737
-1.253834376924911
-0.733299564094160
-0.307868943747997
-0.215983824247303
1.331883730063524
1.006011112857785
0.691187557933192
2.029911501409106
0.937998033786725
0.228289314756642
-0.122277875532926
0.826216087468295
0.857324255088699
-0.288990742253012
0.675890014189663
1.195680168146524
0.377772797371699
0.819344716921459
0.258040623093202
-0.595341305114608
-0.927327864629374
-0.743291668034978
-0.522619577398999
-1.358455207747644
-0.807089820401140
-1.119591561555460
-0.824023140679257
-0.252751973322278
-0.325754039298433
-0.380167793068927
-0.078759008444438
0.079703418916753
-0.366268786269819
1.456817596534080
1.745768815314132
1.055233966503174
1.411532409447696
0.182865617067074
-0.180064118006599
0.605893124793518
0.202458831963811
0.560679608904848
1.162911437992132
1.452784354942093
0.117497648686677
0.287637977762908
0.826111562465554
0.916015885775369
0.768360349791158
0.140439718821861
0.584386677430191
1.218378788156460
1.460098487240686
1.827327017308343
0.855835402230415
0.907330568754593
-0.588009145625271
-0.867238278286821
0.369967573772903
1.058976947190716
0.977794872128034
0.668566030697041
0.514048927320844
1.051641651710175
0.577417734579416
0.359235300819005
0.460198383092989
0.714670347254986
1.503294241008261
1.335473963393048
1.229015319618869
1.926360584401173
1.424454908827786
1.132431106889573
1.177946695132403
1.141926762524855
1.546479636184568
1.672070169119213
1.181119991334693
1.050158162953169
1.496782292309577
0.457974445194497
-0.305038253588587
0.068924403081540
0.005612372437439
0.850794592994498
0.371705949590352
-0.681732088975625
-0.286326171125189
-0.073771627004065
-0.466862978035375
-0.722791365599554
-2.023659982227823
-2.147370601928592
-2.453999719904563
-2.530737926238999
-1.478602248008531
-1.384383456426767
-1.406702493647195
-0.868951852633154
-0.189069353757281
-0.272034696141759
0.498606165004155
-0.036903870011428
1.396387582535633
1.427194685449355
1.627148376812066
2.359340673718545
2.388015894965656
1.282035685626838
1.058366308186894
1.076542683229807
0.294731000788377
0.382512126585231
0.370060074436282
0.495376244235628
0.268211673892408
0.926163930520468
1.052956944496906
1.929890130436927
0.706488036935624
-0.689554706727437
-1.611883747386927
-1.718960757351833
-0.360331853851808
-1.626691351288267
-1.472743757845827
-2.214111803940359
-1.264472075282932
-0.299516153751580
0.340406719431234
0.048958322408357
0.386571360402369
0.536763872807037
0.806069816905734
0.928908702566118
0.850585202662963
-0.016046718864021
0.246705445156750
0.157879801378147
0.222702726662201
1.115000310591602
1.556279257659628
1.906059802762536
1.143070466593810
0.262698497434873
1.201514930416302
0.443033444114251
1.267633643848449
0.952382774009183
0.902518605717381
0.915906077560656
0.576952311327379
1.377779599957042
1.015048745664152
0.798474107616784
0.493777440789575
-0.027193546720633
1.690193818276569
1.238236112113385
1.035707543134093
0.294543716026689
-0.022404575509157
0.755688553548030
-0.268120680421676
-0.047253771490945
0.950276200489509
0.878006345540706
0.860245915519931
1.109887415989294
0.932192642753158
1.148652381042532
0.442278501489571
-0.102187197235693
1.042947165247425
1.777192829352822
1.549039207617919
0.508765788537261
0.729640231181327
1.527022131263710
0.210152754497404
-0.010566993440987
-1.075774179275010
0.365193070811573
0.087936580915635
0.037361486384723
-1.093942469435426
-1.047742570784159
0.824731563544143
-0.484211628576659
0.235345699535970
0.170420100936321
0.133719715230864
-1.640387762440855
-2.093664167548813
-2.782485398105961
-2.002196442399914
-0.909745150097525
-0.976945667809727
-0.044482820058133
0.664956444561111
1.486669615342703
1.050552627564600
-0.038527703670521
0.457707611847749
1.570347081398423
1.464350973256931
2.014595426530319
2.189817062459154
1.898158103948965
1.526684104412760
2.042781971173647
1.973935988521746
1.090689636295800
0.929845869807810
0.409806865260863
-0.416746663124372
0.518225314974529
0.625565494588712
1.487022415002850
0.751710765570438
0.757254086796445
-0.838019825569833
-1.475691639781791
-1.438853034138001
-1.057593315209375
-1.993659617433350
-1.622853367101931
-1.323691049123013
-0.212596992986240
-0.210186924145943
0.222594495868663
0.381720918975104
0.208420642983171
0.191407147258966
-0.150584914990304
-0.471379760933403
-0.416523155969030
0.396143088691401
0.175000449160153
0.210372034651176
-0.628749131036214
-0.211268887839349
1.315712212051414
2.041042459952437
1.057204018635391
-0.069904209349176
1.074084227053612
1.674248582678252
0.924670185812536
0.446677331530256
0.410090652379392
0.352792619268709
0.216787297923924
0.158363783992864
0.628592642257422
0.863464873520906
0.938113078617791
1.635937307688465
1.155702986502777
1.123880781861481
-0.371218425464128
-0.744997350624772
-0.045216564585166
-1.398467077361767
-0.539351542171059
-0.170897835640099
0.890929722179388
0.811678054376735
1.881629535039414
1.043607832506121
1.861986128892690
1.890378919624692
1.524297771918474
1.230285080611883
1.207591735958687
0.335455728418130
1.318587920259193
1.588809841503240
1.769598678117116
1.875670819762037
-0.531528596410633
-0.134950879391219
-0.060031021366353
1.470554187748746
0.457439367945779
-0.425336195910304
0.387475708211990
1.102709814503903
0.093307782369251
0.538948859067117
0.103143954114844
0.105939642391285
-0.877438407904611
-0.804119937836154
-1.449977011261351
-1.828225134083869
-0.926976123053215
-0.228498998508878
0.424583784829110
0.882329800196638
1.590697634588472
0.502723866333466
1.218364439043160
1.684439403048506
0.800970595748251
1.896950913782496
2.623594566510525
2.591008880470253
3.215050301720137
2.657521182656762
2.707992406723173
1.685252378125707
1.683045866426975
1.864290522367424
0.764025740954068
0.230948584461382
0.101369137973158
-0.298688374474984
0.107472178060272
0.666455140864924
-0.039029054919277
-0.534556274149511
-1.651209335722963
-0.655061296939992
-0.322732490108346
-1.070385461282025
-0.512943820479913
-0.598864752844517
-0.430842177171187
-0.035808569265772
-0.369522540686436
0.786140792246075
-0.818650058878031
-0.269268649445708
-0.086462359640156
-0.503858288329417
-0.579731884624210
-0.111524737868203
-0.057289767289545
0.261001867622266
-0.564730862108846
0.155157841647259
-0.151741678119621
0.549578529354563
1.150338266569384
0.136975272373273
0.301530349583891
0.321083189781395
0.915962683547062
1.238390869127689
1.634860286168483
1.602199369379823
1.083722089583336
0.609533778338542
1.564510180256313
1.428892322026193
1.158492309291176
1.379388134649006
-0.405680120404816
-0.020109889031017
0.293804214396241
-0.837649530366494
-0.388178227754856
0.420519621230099
-0.021582667392240
0.242181162040624
0.871846009773833
0.635491622133098
1.791192854421064
2.237531232088030
1.886992397016213
1.603429265158076
1.105752303549213
1.260472858257234
1.125396866544214
-0.409399156876150
1.666280933340899
1.852098044434111
1.665421438346508
0.312476399773214
-0.465944245118685
-0.117814891997531
-0.612083236851636
1.025436324884896
0.852923899892842
-0.069110702713856
-0.475352121837390
-0.100377113505813
0.079325418653029
0.979365195942161
0.736231857383288
0.620791987321909
0.284972729993100
-0.740727685172561
-1.087467931159101
-1.298340861098443
-0.799699864469149
0.777562085198887
0.006650703616770
0.895639659196553
0.477744853672747
1.048134873421547
0.946595872638044
1.883064774081981
2.113640893852543
2.321532462416931
1.236638351862000
0.983896695767604
2.397138135812009
1.630624620148117
1.401042058601747
1.959289118239184
1.365060386041061
0.821540135213321
0.639568840604219
0.530615992706151
0.346767990228452
0.115173008706982
0.521527391309815
0.826679569649391
-0.484193165675850
-1.257175696900521
-0.480074991887351
-1.100207380605495
-1.461292977707222
-0.626544309634337
-0.476792490331671
-0.160745162157229
-0.414437310952954
-1.061296157794464
-0.715532010930315
-0.834105148794281
-1.005072886294057
-0.590113850923498
-0.221295578898503
-0.240825413890616
0.074016284950015
0.701602744781289
1.303304899317729
0.651477049741209
-0.100242114113246
-0.520874931337916
0.491326942282754
0.405126673562299
0.257748489340124
0.528071781944640
0.769621522222800
0.346469702565731
0.510285065368768
1.807479575808447
1.725198268225245
1.844351478786971
0.572192310268792
0.776094932785381
1.356901219754565
2.273333639408774
1.670037226860034
2.104364799781055
1.697985724140157
0.030289125082943
-0.583546330064115
-0.461907188711778
0.055541838073393
1.089649883586180
-0.381174855180590
0.268539191589629
1.165289083507103
1.043155285662516
1.903745935064575
2.343790556480772
1.909524466159982
1.323390564814405
1.118451619990438
0.612814214674899
0.855155566645151
1.099098281910514
1.954281407063277
0.199344548521103
0.742342076571607
0.157762934318488
-0.085125234426275
-0.607269530143426
-0.294788225413589
1.036602534579117
0.216073265389529
0.925821223403602
0.306889587092096
-0.177168939367623
0.246641745505704
0.495839646134757
0.685122353407260
0.382580630692575
0.503801122167820
-0.066987057877518
-0.195517464235046
-0.376423470524689
0.044956629482858
1.863629828659615
-0.012542247462444
0.398201285239648
1.265426536786344
1.139204704878227
0.210071622761167
1.337685747363592
1.913230351486459
2.489306767238811
1.203877305430746
1.180500742166519
1.714065838277300
0.877565167665396
1.688978144960340
1.296114354829063
1.263122482718155
1.302580559429416
1.155637576193864
1.267304624220059
0.967344842389552
1.073590277766742
0.670811530459488
1.129863499834587
-0.343602834677645
-0.472776560034352
0.115025960311258
-0.561742666111876
-1.389225966761605
-1.149533157715068
-0.264153914874096
0.306541798134934
-0.187060044906635
-0.598825905889823
-1.371168927311081
-0.845912647930547
-1.467004825758168
-2.112102799679161
-1.892975335935101
-1.342891792907851
-0.113948510375731
0.825539878517693
0.726127709615159
1.270173460802662
0.825865026120638
0.130535297496063
-0.262956193012126
-0.776434079124129
0.153688473268918
0.645893636774388
0.506513727800978
1.126119159600086
0.110038807615264
0.918772649979076
0.605914080604067
0.029155696167688
0.400580262666643
1.085773724105076
1.845833484783439
2.487523004937507
2.754059455886807
2.260500103303649
1.315206879618595
0.099988423791495
-0.104052470078421
-0.153523267859609
-0.618983081677973
0.294027824881404
0.933080793568422
0.680368314683005
1.133721747051840
1.284200401542629
1.679427816397342
1.647857965209326
0.247573767055535
-0.614274572680509
0.949476880532170
0.499447174575845
0.908646044784767
1.505746904367373
1.939681087637805
0.753861360846079
0.556340942168304
0.796956866749402
-0.396823719092167
-0.451508120758442
-0.116075276249164
0.262984079027326
-0.277132537272140
0.000709378603794
0.444850798897291
-0.393719810000309
-0.766427141928234
0.543573868872414
-0.473717641595189
0.268506348664020
0.464933611874063
-0.556437664002771
-0.492957540630561
0.179811545330319
0.934439729178599
0.845137832880129
0.348032410582959
0.410922038693829
0.976979882338662
0.814017241001915
1.094685928577320
1.358868013786652
0.904445259939744
1.529265166172517
1.374529267193314
2.159241151416041
1.724741169520390
1.175892514659391
0.955527146388841
0.856109253756419
0.470428940257305
0.842722595328862
1.230402237471735
1.026208685358213
1.130835042026626
0.979816821600769
0.249075914155832
0.472404273309550
0.653289568029873
-0.327505113672925
0.288054148161432
-0.432311957066216
-0.617969434832020
0.274982861735058
0.521407534796259
0.722680151758852
-0.334132554478350
-0.017538547690098
-0.057023013233468
0.023921261866607
-1.000961461870142
-1.757450272511592
-0.853501767376905
0.295256435881993
-0.386148639925662
0.101903782400371
0.661335928048477
0.981468777622026
0.042697151439585
0.042784507897198
-0.120401076937346
-0.386053682044855
-0.024369645671541
0.543271578775413
0.345776697426431
1.020602782204924
0.906614733708156
0.822871319299266
-0.076174135331360
0.026156355922465
1.014846242040944
0.245523616759811
0.886477892140532
1.496106102517407
2.134540594405569
1.061886651911985
-0.338680777128769
0.064785178898157
-0.058711091646161
-0.330684098845558
0.337822097463965
1.287658286858137
1.265209914478490
0.960960226515304
1.398563702924059
1.176179127620056
0.889509951101984
0.802020053628455
-0.596601391669205
-0.588175792153256
-0.356102285571289
0.888448225805040
0.913448964118893
1.244138376484066
0.125834509648914
-0.207013468639672
0.171051335700075
0.457134017150275
-0.640321836591542
-0.777676500200995
0.567300309889751
0.401724372215140
-0.829402468880104
-0.640539082548049
-0.551258321516061
-0.323204012131603
-0.386097795340685
0.142637315588102
-0.060146029198091
1.068953822038642
0.672858117564272
-0.089865406676944
1.309878217609463
1.426202724421281
0.959571473337568
0.386493700167727
0.989473492358568
1.510686739854994
0.345322073276031
0.808070440858067
1.172901434116484
1.430910044426311
0.499705099297907
0.951642982303272
0.530614240700312
0.722053434304960
0.846313244211787
1.901775612785933
0.913898855588466
0.743498014365112
-0.042475113224991
1.187645210395576
0.940587848542760
0.294496476684297
0.611924107158157
0.667097042370359
0.244186498826801
-0.285916435844406
-0.620019194242864
-0.731556478570310
-0.393585953974380
0.163539031565561
0.605145423816528
1.188171074287820
0.336175196130528
0.556184335810430
0.136831878085612
0.682601355806491
0.286106979052096
0.389141277241830
-0.411959933881975
-0.246152420387137
0.970082308889746
-0.023359914821111
0.465551605495740
-0.107678850959089
-0.561871483921789
-1.327531766629035
0.146454186643517
1.266506691560137
1.174246861135027
0.535563477908330
0.406029746085211
1.470090285523270
0.946634673371271
0.860844788218880
2.431238778465499
0.801897641857901
-0.080781005565406
0.887194701437258
0.213373048329560
-0.267427294482003
0.908415342845536
0.738299288024876
0.695392071617037
0.075580103412668
-0.715812043488789
-0.643830456056153
0.531982858174416
-0.921870343646676
-0.455824342120051
-0.746953438752656
0.149230924468200
1.180462155069272
1.401992452575911
1.749513494011192
1.380222267788614
0.880982568877022
1.447449264064792
0.623023794787495
0.694500359507940
0.466070405014537
0.799803831402857
-0.300251433285913
0.130443804213478
-0.295934185873917
-1.062367652012680
0.083783210251095
-1.297245266072271
-1.166055533424311
-1.237610837665557
-1.126090660518740
-0.220498301534002
-0.632461438298729
-0.136411303632395
0.446761310777600
0.466393873915972
0.469903731548055
-0.518975811766563
0.137821848171225
0.117628721995569
0.068521542058706
0.430223995135585
0.382302161484045
0.197614322495362
0.028864484964449
1.714867529024105
2.350696261017586
1.239952464826057
0.412884027079673
0.672033329179039
0.722101976202347
0.044107194073779
1.076619869226376
0.883710352973214
0.446004928088967
0.002797494594119
0.191582496569398
0.150952912823517
0.291760418627376
-0.287813552706775
-0.421404413746364
1.105751901047634
1.008478011595561
-0.656379094392869
0.117856601285963
1.058832085065291
0.211038259201795
-0.932348527121733
-0.372693180242529
-0.562264902424405
-0.313453506604515
0.253296139541804
1.572915119920825
0.533874742304389
0.762380093410277
-0.402834045381966
0.453481446668793
0.482467443147564
0.322364586735088
0.061098957754865
0.129429228398091
0.594379461488213
-0.294552086663131
-0.438848967726993
-0.251814652516778
-0.503027250794680
-0.541679261987537
0.581013987496961
1.312463451036481
1.598246193419761
1.181967513856864
0.558406082414387
0.445591355113445
0.736186340473006
1.286789678201053
2.218336517243991
1.337827985194102
0.127814694195201
0.843433322584585
-0.436026887051131
-1.486492647379674
-0.295402240043867
-0.594502316179938
0.673775722400010
-0.188873658348503
0.577231680162245
0.501272253863523
0.999701204520871
0.179196239560486
-0.395816590476504
-0.046570747943098
0.521021239437842
1.005998178298277
1.165407139766046
1.612792929089572
2.670158417466123
1.659407124294142
1.255946850742773
0.663483235090383
0.348275557991400
0.783367778141804
-0.578303138053091
-1.024548103890952
-0.507177836761904
-0.940389907275393
-1.271301576075935
-0.695271174226768
-1.214039531853759
-0.315156796491758
-1.252926469564831
-1.332554743590235
-1.210630066068593
-1.147248207356287
-0.223490397566809
-0.614809622909190
-0.270900265979225
-0.349537321395259
0.858777266463973
0.100825085506158
-0.642200413449041
0.443071059451313
0.093845569685697
0.399699700737977
-0.143592304090912
0.908774337906154
1.360811721376504
0.955484654160254
2.521633675920942
1.916979867183637
0.999655981741649
-0.107535212468459
0.968615436866371
0.734833540388989
0.918767918716275
1.391881100213388
0.457495907894924
0.721025474976310
0.371469891375126
1.259791597229445
0.345031053912342
0.122319235324114
0.733651489910407
-0.200918325910968
-0.206381913484466
0.257062554476032
-0.291482038459707
-0.434936119405851
-0.466486552616032
-1.075795176934675
0.486534882985998
-0.372996075406099
0.152171958713129
1.195106855905448
0.546147259369778
1.121722745214984
0.762615296086656
1.089461394011651
0.905612577250710
1.765075630608883
1.259829017719800
0.229554083801550
0.678606255952430
-0.239957109995903
0.389421145946316
-0.081336674299199
0.614664514151361
0.727093995553731
0.957135302342985
0.554396294657630
0.465866545485668
1.012035848503074
0.903307530683735
-0.226174277366153
0.406248028206132
1.686271900955209
1.967379585545669
1.513216403001665
0.687301097577315
0.656320274379168
-0.075651786922061
-1.102633066770326
-0.855988364708340
-1.024612162155329
-0.316568278625137
-0.299314728656116
0.609015497247198
0.411722679933807
0.340311911760546
-1.219917795514023
-1.038164414056929
-1.267108831661577
0.251847293859924
1.458167355604838
0.745805361904412
0.869385677098637
1.233206047549524
0.006278082074044
0.491810084730050
0.655631218779229
0.054492585338844
-0.029560963828232
-0.002408576902164
0.006219625359821
0.001414480895282
-1.406369244688858
-1.607428465599977
-1.611300334635555
-1.870522798125974
-0.867224674212955
-0.379806156468714
-1.162746708122704
-1.353001262214468
-1.105439254162593
-0.931990696641223
-0.387750283275286
-0.481111268619712
-0.023408391106222
0.542942075983356
-0.798826275292663
-0.081342717279153
-0.021433557269963
-0.811590060193836
0.098423392293990
-1.550447070746741
-0.283546008182643
1.096515448164354
1.709001517587920
0.892683133691811
1.223535829170088
0.840064900027468
1.477112992905004
1.499217975762480
1.343824891980758
0.585973130289377
2.919677638782384
1.878729846674055
1.261616541218890
0.556503491466075
1.237946839982438
0.545600329854902
1.242695049545394
1.436180163601301
0.437186325444788
0.591573338403415
-0.966120120916112
-0.954669166318822
-0.818005675102489
-0.531989004988833
-0.087223937787908
-0.138329120741744
-0.329805811822459
-0.331340422495533
0.705712120732789
0.301958576127417
1.170545397996311
0.570924925276923
0.903401672817479
0.767704137824412
1.801718496345665
1.945321154653499
1.530815291614227
1.162247905479276
-0.203283694594580
-0.498417748828523
0.036951528705101
1.625413065668871
0.371524156349498
0.555836871097654
0.391209692140817
-0.350138234707392
0.180996493060074
-0.489758719371523
0.111346089021824
0.387607639995134
1.672972112601061
1.780513155171135
1.322704634747948
0.254064566934898
0.827938862853318
0.051917848861215
0.385333034042296
0.021409153943870
-0.024153918786688
0.343092748633068
0.800634192540611
1.056966024321406
0.323884738678145
0.007134887307247
-0.507138330135368
-1.483813525990785
-0.852763503216951
1.410746495906995
0.353110331389968
0.005785406417493
0.082940819955979
0.092866417958634
0.275245797926169
-0.151744896319154
-0.409848202118437
-1.515232406993703
-0.190321478607144
0.032636818389849
0.545154001860844
0.443556887986400
-0.300462408306258
-1.484508356875447
-2.616596269611752
-1.660755194923857
-1.639113167174466
-1.617579641329677
-0.766325352674503
-1.604158687219966
-1.385942144435801
-1.079307969547102
-0.820869654559768
-0.408089906073167
0.317826124265455
-0.475127045985695
0.032215605093791
-0.058954273709310
-0.176683133075812
-0.726676664207034
0.226557310065139
0.726305189774338
0.765764080180772
2.254996818989182
2.639021161506052
1.611664380688888
0.837851477556000
0.449433985248172
1.171961874778649
1.531740892091901
1.900788510959465
1.791517381344050
2.248165823109807
1.654286989084562
0.355430757297796
0.491753012301840
1.318227652577078
1.114359363651196
1.240027392858572
0.867710459620480
0.100225643429347
0.207034021948809
-0.424127763713564
-1.252784290172106
-1.084782306665427
-1.032780357282215
0.423482998395674
0.081461924450028
-0.253069455697562
-0.377963464134801
0.730981955118167
1.353707652823380
0.541675319751300
0.812054858727803
0.554546204483791
1.428052390988318
1.534235434445276
2.396123936925675
1.096267982576102
0.322494880504119
0.867298839010888
-0.265173350538691
-1.299950187122947
0.560284446777451
0.113848977088390
-0.555787328971879
-0.163991791466793
-0.780715162552788
-0.594661578211902
-0.701902348112503
0.160234181938800
1.294475970258560
2.343246566834148
1.818093455287914
1.207360190723925
-0.332826420573472
1.397980312303239
1.045792028862452
0.009726650869763
0.236791983695341
0.670117524693054
1.185059898444468
0.108062839914413
0.005484852895070
-0.762461416138280
-1.238021699507624
-0.370558785609380
-0.072332851987759
0.461948052390513
1.146639879552131
0.511567679767899
0.147849976947952
0.701637659015777
0.304360068792944
-0.260571319596097
-0.659471886284539
-1.032594853293966
-0.679800245152979
-0.480966859044515
-0.243999790235480
1.284275666756477
0.020706496982778
-0.276013874295933
-0.984300558971359
-2.356912950724653
-2.124101728605480
-1.021106486529281
-1.461964801477263
-0.703311107783894
-0.343394892044428
-1.665344613932097
-1.562309229441909
-1.147555601382848
-1.370954524315212
-0.211454419220554
-0.976802402026244
-0.860676978160740
-0.417543635987070
-1.149274702956583
-0.939970051158535
-0.473498245540577
0.802690357950284
1.813076386559823
1.248561140311981
1.384913339658070
0.811386890581155
1.067242866977123
1.503898220995940
1.388470583794529
0.983547147838453
2.058120683112058
1.918646999202250
2.897952760686431
2.157492656171691
1.209148083901243
1.162578143159045
1.246412162478466
1.755046248069594
1.262377392538210
0.634311562027875
-0.043546875544480
-0.613893579753126
-0.279082373921087
-0.370288863324605
-1.058195858135615
-0.263040792674956
-0.165124813938932
0.661776023751044
0.568206221733456
0.322002217126038
1.090798879207708
1.200126062824315
0.667200495175454
0.775800710602577
0.186801029966075
1.276081691562017
1.395832016448131
2.463208827586934
1.318307508336299
0.273131422348213
0.570621456970863
0.581439561538611
0.542171531328697
0.390695335485300
0.267664410264642
-0.285666442385273
-0.421510654907049
-0.707398567681406
-0.314320910300556
0.454611170752432
0.063504585705645
0.615057580257727
1.355940898258558
0.699184872019190
0.009118159247696
-0.767384671255191
0.156180545008120
0.596001944408239
-0.300826655857252
0.240239763494831
-0.669057881268381
0.302268127832073
-0.759008815515957
-0.745358271235590
-0.378084680297711
-1.022233466430466
0.300549020695604
0.591477116345467
0.261173624138519
-0.431645891118780
0.705818622017710
0.385344592211010
-0.001955714791062
-0.111583075368117
-0.692912333838493
-0.142004980188263
0.124834473193336
-1.035331219713400
1.094575502451811
0.129021014432925
-0.750460363768155
-1.277732033759537
-0.892978341894574
-1.333996341535745
-2.452156773431124
-2.275071558115117
-1.660100832463649
-0.104902156883247
-0.544918437513363
-0.576032279623642
-0.559833529934786
-0.683164809696039
-0.790694679866547
-1.234520120228338
-0.519331590967597
-0.540996621284198
-1.612595557097536
0.052239467432877
-0.439686832693440
-0.507271028735500
-0.575851033525584
-0.101038799093906
0.027149409257125
0.606796418722593
0.181169155019380
-0.212193100067853
0.414331656064606
1.607194671227927
1.851130332388084
1.947779755656190
1.834015825587980
2.789453511084318
2.699027173605788
1.766949469863113
1.774030203199121
1.719867461354399
0.797898922794916
0.721620779831999
-0.328694979456572
-0.714172968800320
-1.219364859805269
-0.228912122207280
0.733160539500995
0.905264293924072
-0.529968585941817
-0.002999963541388
0.903798999011276
1.307967586853308
0.869290819348511
0.979636294488247
1.438066670318040
0.254032154173116
-0.041313613693799
-0.028588536408384
0.882893071022397
0.840153689921528
0.750296258955131
0.525127087046643
0.505131617967426
0.556982799525787
0.946803934787586
1.445571810219645
0.937235449386534
1.011474536521806
-0.348297716450930
-0.517651251693157
0.282958935362084
0.722980278931749
1.480138585272228
0.677241317377766
0.091135561863888
0.163134978030252
1.064916397031570
0.319397797725840
1.393877589628019
0.692812274009852
-0.038030991369572
0.268841750835367
-0.089658101847220
-0.800151795257819
-0.525700753807138
-0.966612864255412
-1.542908487829812
-1.245623706457977
-0.520304699762487
-0.474279376243403
0.627851882785402
1.031575525917514
-0.324007401436704
0.736287008029366
1.887973322992883
0.882022311194155
-0.289096791542621
-0.557653547944617
-0.897353020352846
-0.896716299920311
0.254374437975410
0.357318883694270
0.521638542109208
-0.356596829619409
-1.236728512723042
-1.488928402320643
-1.614860799328316
-1.911703360370157
-0.882533716603177
-2.475522902860978
-2.261672607486761
-0.043246016607650
-0.001426812541439
-0.934984034576933
-0.957063496299865
0.258094350757681
-0.442303433398818
-0.974196469451352
-2.035770448345918
-2.270057698780774
-1.307028965941465
0.161291251564191
0.434462832442391
0.860389003261822
-0.342445625560059
-0.021804803042695
0.378437258346725
0.051040271998066
-0.194315652349073
0.349955706860463
-0.005235781087403
-0.238066334695789
1.375019241220795
1.760590007778619
1.019186381180244
2.221345458915617
2.479714343323110
2.158883595879173
2.587039266105083
1.481738232522976
0.539431554657165
1.412293002608165
1.477167892837254
0.009647914525818
-0.370245449005432
0.408457225415699
1.639063898478898
1.712505250637717
1.276404327485755
0.429706296980794
1.117738615754597
1.236571384539796
1.518954261586162
0.785250073253034
0.894258660527488
1.574041232383566
1.144824179145971
0.747234935022016
0.608208543557000
0.241997652298675
0.226200288780327
-0.274661872570967
-0.488342477011272
-0.103569489122421
2.147936739768916
2.196779083641350
1.186076644208270
1.407420094949571
-0.016416043851261
-0.730668308105858
-0.474507020952873
0.847628918245112
1.931773100010558
0.621848529288794
0.059040578272623
0.594330269674435
0.932157882437326
1.613749785923573
1.490011180096435
0.239282011287792
0.181950052462001
0.268736921735808
0.400123092114530
-0.435591922228574
-1.109160818155022
-1.038420551854973
-0.009289916255143
-0.026268920078381
-0.881142652495503
-0.669874346763131
-0.019631197173647
0.851563048822264
0.625254559224012
1.170663988106533
1.839981668730760
0.144830181716256
-0.130990876918169
-0.071593496220731
0.071570893036472
-0.139175440827383
-0.413278025694504
0.232598452440528
-0.616391375767805
0.279146082022159
-1.454779580224217
-1.477887170043129
-1.143506680450924
-1.126497889367217
-0.554597270837763
-1.638900874659588
-1.619846008423001
-0.547386865385419
-0.497768711070835
-1.262479484632293
-0.583925636790326
0.244128318300964
-1.257525041524065
-0.858266948207593
-0.668002992208380
-2.130440917242201
-1.750817213542894
-1.100227946972408
0.044011811987736
-1.037012212047086
-0.817152550676160
-0.641600335251896
-0.027072800038218
0.365785836570936
-0.792919111763714
-0.734875383410161
0.595166598053625
0.001817262630211
0.602237927023324
1.875113344983711
3.427560388786770
2.671430971846220
2.678906730113619
2.472144933509297
2.532912531191212
1.771219425012739
1.111613817836961
2.228157561305393
2.090068613292956
0.719519734297519
0.060987746506591
0.067146820303854
0.428948503572711
1.145203597645823
0.453278686235544
1.554416582430896
1.797318783256056
1.619049573542099
0.959547699119109
1.450817809939432
0.019690383592821
1.614635148916598
1.058740569886091
-0.119732974093566
0.009462502398070
0.689523043095382
2.139871413331708
0.385128882298090
0.378752933577381
0.145714646459231
1.402072572028851
1.033850791860326
1.291011260273859
1.064609397070615
0.181787250996808
0.585479178999924
-0.080271222687962
-0.485890823845275
0.512223478810187
0.432947889701064
0.214752997292703
1.412464659086685
1.056476484556394
-0.064449061730883
0.210132018317876
0.093238179041429
0.212432987827880
-0.202491903650956
-0.105116692090259
-0.845572345342799
-1.488047292961737
-1.759187986787772
-1.003603245177867
-0.886496429509398
0.251103303245539
0.026725535239868
0.629910700648684
0.557277614159215
1.094526551152117
0.438064393869195
0.668434425552337
1.488568687081201
0.937543616760898
-0.785204409657199
-0.507014281425850
-1.247265764122460
-0.145832481334154
-0.388263484008125
0.135355009083335
-0.163395666469493
-0.678343729916955
-0.958688169812487
-1.345992647216306
-0.930484473072266
-0.769487227098232
-0.635146004015100
0.388402974217257
-0.573396691058495
-0.853508964985409
-0.106691937320381
-0.027061333490041
-0.971838792803631
-1.089456764031210
-1.088750064364250
-0.944586437463829
-1.088208856921862
-1.210141914699700
-2.116209361729215
-2.527937310032055
-2.107509339287230
-1.421643573250240
-1.042099514927038
-0.708123815405506
-1.046617020344107
-0.682688937637215
-0.496543666502908
-0.131832411208435
0.712362604814134
0.451497692590837
1.216536503315883
1.988868875631184
2.701290941177837
2.981670433566660
2.809375413890176
1.741789966022599
1.286421833152684
1.249301230556054
1.367807112079376
2.179663584176724
0.405704876764296
0.764125254212098
-0.053280411582109
0.287997003593316
1.243224984079691
1.189561813819497
1.463988071897973
1.396096735336005
1.513447717290674
1.359795014856905
1.870800339821082
1.213196504460520
0.395348519265282
1.775397803018869
0.996082875237214
1.020813561628869
1.547314613843714
1.656610238586366
2.705755289700722
2.004544176308337
0.364415277668763
1.262091796934413
1.504034534095505
1.091168427851703
0.909957275188966
0.093039813847336
0.230080927019023
-0.171335177133747
-0.828239458213153
-0.084201631667328
0.732173452558481
1.308143101271984
1.873438746420713
0.518598076028407
-0.915380471852820
-0.278173358972920
0.480056513548952
0.087631081758309
-0.370819793347270
0.115998451938828
-0.424423923176821
-0.302523892197766
-1.524150007402183
-1.101478471370356
-0.263085282213814
0.198038908522013
0.278503542322005
1.064257765357215
1.160014637504013
0.799593345736782
1.395513543626959
-0.161147740834076
0.764423581848032
1.345694169114976
0.510207495302172
-0.555252587390590
-1.394284657896287
-0.893409940521355
-0.200902909901107
0.025774965272169
-0.446597972162107
-1.010859914181936
-1.246940919726895
-0.987537773323368
-2.337243628481938
-1.824455066526737
-0.817651872186657
-0.516698156903282
-0.660455633617223
0.144436539473953
0.513278652771399
-0.435709211220220
-0.214550681400021
-0.391623303925244
-0.349693459677679
-1.101216323230010
-1.214026874257123
-0.499968981462933
-2.602879838414828
-2.020145208204520
-1.943692778032429
-1.048938904543737
-1.088150212321948
-0.710475734374031
-0.818215318139044
-0.099490326475899
-0.451549536914830
-0.429245616424014
0.639690530858963
0.227976736869958
1.560424292464394
0.999833595962548
1.611051209277002
2.531372499317879
2.773847958584294
1.869859027739066
1.885838545565720
1.889576801966360
2.208673618475332
1.453467193385171
1.391862953896648
1.572968661763861
1.238824480602264
1.683096722112092
1.785708896893786
1.954482027053303
1.786516802841100
2.129009930494023
2.252911535293096
1.298018484626195
0.881091780049509
1.560024470692332
2.154969388133427
2.638382334728396
2.146531941345583
1.120320853195165
0.286330109958795
1.748643513551614
1.865921598955578
1.626754943166751
0.896470273653732
1.095078456403980
-0.032572184917100
1.073783692071311
0.562729187947456
-1.237549829206368
-0.592826125841450
-0.103139064303195
-0.546167399233640
-0.327663748875574
1.417803953465708
1.111053934388539
0.774871979741515
0.700925531765933
0.605230024574735
0.452969959545848
1.059198892685298
-0.376424966685412
-1.342747351999002
-0.857079336903025
-1.546020344103656
-0.945806079714461
-0.718487931463717
-1.123256565710512
-0.298794998929699
0.003085582254996
0.693374495124293
0.632599309755853
1.382853990147835
1.173564554603909
1.119562588664039
0.764776511582271
-0.202359441167265
0.663914944665865
-0.825924580599584
-1.857565880051231
-2.624961038610237
-1.259350012261502
-0.771545869992951
-1.521795580686943
-0.674825318305308
-0.955129072856702
-1.335652170396808
-1.164292726258141
-3.156048431900287
-2.463242060142068
-0.761117237048992
-0.997600543815542
-1.366383138746074
-0.960295301067736
-1.217089995588320
-0.182598629735520
-0.612315109295268
-0.942738684075473
-1.507434908656071
-1.648930577536692
-0.988319295666140
-1.299703649973362
-2.917252894387404
-1.941258347692132
-2.202471221817373
-2.210950754763862
-1.566346717667176
-1.228745196635948
-0.678536423904910
-1.339355908873306
-2.025885608941143
-1.808167655854886
-0.974676353205039
-0.028234606862808
1.172166693583253
1.246338851635707
0.855660938969972
0.963921094956248
1.286024736738936
2.003315619449660
2.154399393371528
1.416960947653378
0.961440010616271
1.559236832021680
1.796313831067996
1.136554458893865
1.455803075210789
2.249471301077562
2.912284214514071
1.835898051376093
1.269810989956213
1.555517468636763
1.926835822563308
1.261450925830219
0.379297558649346
0.934164091246985
2.036782807738494
2.121696334525129
1.591476455783539
1.028005789449443
0.843122630622720
1.418350157468999
1.358066518974951
1.165575970088349
0.551816808121597
1.436064908651158
0.359360665686069
-0.727202708257193
-0.769140336494005
-1.221149227387719
-0.681887122721485
-0.769382489201804
0.349669391314335
0.504439679257794
0.695035005234904
1.032901372782262
0.936515548149379
1.023566412549167
0.169753961355301
-0.116928799579600
0.110729159173053
-0.633143190004807
-1.048418534230979
-1.757308630147891
-1.285953791687191
-0.411526632211363
-0.526312823782267
-0.458397666946169
-0.396805551247166
-0.280537470095115
-0.285631337522678
0.468849324941580
0.820589437843918
1.091733748242198
0.219525228455868
0.445433279058429
-0.128029201829495
-1.306554318643864
-1.505789617961826
-1.750547731221359
-2.779900779708243
-1.414272630833278
-0.616187516849336
-1.441977731083098
-1.216925248429882
-0.255499539285102
-0.857419109078683
-1.555872145138496
-1.695287853051523
-1.148788494571114
-1.235115218045050
-0.685130624017232
-1.398854116797277
-0.268387407586668
-1.242456626011003
-0.347904973827102
0.052368033255276
-0.549333046823530
-1.515092527199415
-0.491851806159651
-1.163366976955479
-1.249562101965905
-2.030059717005317
-1.475781067097737
-1.516083470293251
-0.875126008780744
-0.258087726220128
-0.738883892717866
-0.731487744673704
-1.322394809629953
-1.174766500624558
-1.517190172602166
-2.262122298732453
-0.544452721767320
0.325157880884811
0.998887736246001
1.472727034063776
0.230358172633892
0.887791041134601
1.079559132854959
1.588257109567812
2.283693628787971
1.938123766678329
2.064165622867906
1.484495735338824
0.341148310167960
1.404599367215513
2.732088444661104
2.524616815851163
1.975815764745041
2.017512035958825
1.242176124280027
0.921788565487649
1.072075786920428
1.476523707655728
1.797851397372237
0.694318190686432
1.810477910795490
2.396211594191402
1.341734879514155
1.247044439675198
2.188947813392875
1.429705306944643
0.885270468393240
0.696178027232422
1.350866833497977
1.405897484094632
-0.215467534725165
-0.261647789223959
0.045321480798973
0.736716916555407
1.287338859297390
1.071996221302153
0.843091857521682
1.045291142250485
0.917957689784254
2.203209328461562
0.547221186998398
-1.051832020866138
-0.615371126180481
-0.742172467963786
-0.681521864300227
-0.363496972269010
-0.824501775637330
-0.799187385925553
-0.822412447936130
0.188771960081574
-0.038946119263354
0.185431459734185
-1.258620564062559
-0.911945468211409
-0.942714057707826
-1.463289449540085
0.391575348070819
-0.061270059146021
0.189814466543451
0.018067932964419
-0.440446157439504
-0.436864218167415
-0.243293695574315
-1.909968998256804
-1.292288267992033
0.004886918385258
-0.697295178647613
-1.598248632631175
0.124739564026810
-0.715299385116202
-1.662116917041734
-1.580521515416822
-1.156131930321778
-0.169753406788745
-1.646905188324602
-2.393863720223709
-2.110684935672149
-1.413321502947541
-0.851171623854830
-0.362399291477540
-0.427974464069190
-0.605755508567987
0.178037270582263
-1.284387796411719
-2.247055179177128
-1.793265335461562
-2.019205884740852
-1.501362844027890
-0.663551295026585
-1.319720200851014
-0.338132789237020
-1.329607949033285
-2.487574184355936
-1.168568680310394
-1.026115649849562
-1.839588780984297
-1.168185484128197
-0.326674963411937
1.613074977548900
1.947152977235991
0.825432041513452
0.137974506588636
-0.054568792674465
1.425759730595883
2.081818444931669
1.206593530030853
0.127019724887881
-0.248221464936569
0.477781705925186
1.128218084785304
2.749214475795266
2.240583751320160
1.013926443934220
1.124054903869670
1.026835983772424
0.873026186975639
-0.061530236190943
-0.672386437358081
0.453952875675014
1.126089489134296
2.161682683614577
0.894786872904449
0.846021923866861
1.518387648886094
1.904403968836728
1.205355313584227
-0.119299156883465
0.083727412867553
0.828114274338796
0.519235260004813
-0.180590026887200
-0.025869400491635
0.881232932794509
0.977250127583819
1.064808591695239
1.078627755474050
0.212290842344773
1.005682986618028
1.519738715585011
1.670492470735458
0.008114218091406
-0.718368700475419
-0.724775291126338
-0.567921836472268
-0.194852937669427
-0.155778418454192
-0.756264468284903
-0.586602963333015
-0.510530614191263
0.039541909042233
0.094279590292891
0.077372337078891
-1.148184768312674
-2.506571269156656
-1.480170333038684
-0.696591011893987
-0.892076349753558
-0.055705411274766
-1.224701900600553
-0.866550560483056
0.298894677932513
0.234583963744630
0.257680921032267
-0.438379164969517
-0.345702024327424
-0.559358331785485
-0.757933398824237
-0.991479685472054
-0.199543296771518
-0.532449944296414
-1.156546891999175
0.566353725028566
-0.137623139465767
-0.911521878410474
-1.762857899117540
-1.684093608974081
-2.406095411534256
-1.889933963080479
-2.350424047280605
-0.430857007553772
-1.394618276747623
-0.674592379099147
-1.227254607041391
-0.198151534033393
0.124715410865416
-1.285439927065667
-1.793825912623470
-2.190634900155477
-2.122056747117397
-1.508267523435977
-1.149424256039408
-2.087316657857214
-1.964669421984154
-1.421579058857573
-0.546674493622972
0.228732614677026
-0.233054202711529
-0.776466577107549
0.508784376662154
1.377050291244654
1.439087500172257
0.091248431514473
-0.695692265381415
0.828306445447631
1.890642411861268
0.355502731048344
0.223088582586749
-0.973753504130724
0.491935086872427
2.453625916304471
1.881535740053862
0.880032760174424
-0.045800272086016
0.281055245772646
-0.436393626939089
-0.740364757072468
-0.539167370240644
0.091378526842361
-0.248787961471318
0.615432594463625
0.916436100112635
1.062091165538434
1.887239935947339
1.636432025597111
2.424531848520350
0.620806326958155
-0.348365640487090
0.327500348721728
-0.198635900257806
0.449126658179627
0.479357549666480
0.256811846894621
0.902619694823676
1.515740399595180
1.252814606867595
1.633057504572161
0.542489713267160
0.934101772693323
1.902102367941342
0.961461812816510
0.362331284282324
-0.695043188553623
-1.449656531920747
-1.573486493661977
-0.844535283809624
-0.711217211374411
-1.089345539688098
-0.590776545845253
-1.633222864862634
-0.263947466225104
-0.593794690114133
-0.226836686843930
0.042649094628739
0.143307546329892
-0.835907702101276
0.531430228111515
-0.070782600519963
-0.056884933971769
-0.406557556278140
-1.396857076770902
-1.064979604308333
-0.608844382866428
-0.017746783082002
-0.594488738814954
-1.346509332394722
-0.766451957861102
-0.028727532899102
0.716988868500682
0.948671853915886
-0.028794794457044
0.276465565361792
1.304350140109381
0.386359416949716
-0.038918196643409
-0.257025544026675
-1.379927392478676
-2.041672532706145
-1.964137918039575
-2.714370676902082
-1.035081902473138
-0.257893598848354
-0.966726628717909
-1.030645681516214
-0.221696335324051
-1.181586083066052
-1.887406434224691
-1.193378344271012
-1.809237814361845
-1.599940538189481
-2.198356598549508
-2.116867419770280
-2.551361695996937
-2.357768126443597
-1.868638331315225
-1.006055884291065
1.205713179355524
0.547495685991615
0.692769799657080
1.160546066861327
2.408554734402953
2.809061750068451
0.535177511069599
-0.633938833391931
0.056614004270711
0.293496034680928
0.282221694599503
0.683145127673546
-0.480508409805737
-0.226571496014863
0.548421053229595
0.742893858870551
-0.569400063037653
1.283137042428442
0.745830057579986
0.192387670052804
-0.594517467656803
-1.028657480234430
-0.458328612820883
-0.196702005385128
-0.034975675704993
1.204065475130872
0.731913815934008
1.129182659663786
0.782656255371178
0.783189378300825
0.193842018172091
1.304055852253597
-0.102073627049896
0.252431293805478
0.137535668218153
-0.301789719519665
1.060345671947421
0.355450573670699
2.031335584832992
1.654140609339249
1.817462766400660
1.247232897914044
1.145800296360643
0.922898269478647
0.536840596632146
0.212534246144977
-0.769926239301586
-0.543172357587993
-0.080858092873453
-1.944933650667098
-1.489092420839546
-1.138072153267686
-0.743090178250990
-1.044556561827235
-1.419621120154041
-0.865559125425039
1.183666593856164
-0.200885629823675
0.043094378935313
0.328606648219542
0.276110494133777
0.502851291589673
-0.277889532543576
0.719344764167631
-0.657555350786564
-1.224467301799124
-1.485123150327084
-0.835483100705043
0.048248953852681
-1.514625604421481
-1.302723362576078
-0.474488760279260
-0.254103379522751
0.833707918231084
-0.011567715563405
-0.457423930983930
1.093446637044753
0.368611289050569
-0.397494467652932
-0.556935420718544
-0.580336254313600
-0.983415941954070
-0.621232363798039
0.062399933700649
0.331239191384538
-0.945693294144570
-0.588894394762306
-1.509219487656411
-1.645461950460118
-1.537536545896033
-2.178784677243884
-1.612349845521837
-0.683924355093932
-0.479322332960153
-2.137294226430197
-1.870499627619312
-1.244929346480408
-1.268082708990564
-2.037591573196849
-0.511360959290698
1.499100394212364
1.688680729199987
1.764175651566473
1.457045828838273
2.160345340508638
1.710255241462036
-0.057702171950520
-0.517384759972751
-0.745639728777545
-0.272174962680477
-0.034704581361927
1.376082003237749
-0.129633474497063
0.089379830874263
0.644038966234025
0.333742970400243
0.022385313243095
0.469306780965227
-0.275551171246548
0.810705503332142
0.210250380340302
-0.206183618078049
0.480335454062013
-0.039204524576728
-0.842507649501609
0.449157623929591
2.030782922825592
1.564657602888523
0.351172546379793
-0.223150337275656
0.919471872392187
0.909511476462312
-0.090180352516245
-0.252460696308032
0.320450127725909
-0.126746028449775
0.790728231827684
-0.572039157343221
0.287494662224601
0.926311212755273
3.313425145997581
2.786813119965899
2.466956823631499
1.256515502432337
-0.611557980014610
-0.575596456392034
0.300121357632541
-0.324645280336424
0.061674127352930
-1.467304737706498
-2.376955203257947
-1.967141908833267
-0.129756664135810
-0.936265705892916
-1.858784065659377
-0.964007963194472
-0.622155474820093
-0.495068243866555
-0.547699998020499
-0.295781872670323
0.304897881008633
0.384512581796053
0.283266802868959
0.106804272560968
-0.310065007612655
-0.044544120343369
0.290411811723777
-0.174192761586040
-0.179120534042283
-1.065251769463778
-0.534302318448034
-0.669430020512889
-0.448115686385910
0.234473048659994
0.070251231606519
0.660379646050142
0.078457603828114
-0.701117974850933
-1.907954153281429
-1.451620757382916
-0.662219718324543
-0.995701207657516
-0.418574394455931
0.025076489693856
-0.004757016993697
1.239655382470058
-0.773190699364848
-2.201869586846392
-2.175006485359380
-2.454507194474087
-2.181984491991826
-1.848003590061535
-1.987271042887288
-1.306769240885794
-1.010970653744342
-1.131885608666906
0.030783455425809
-0.330904102009260
-0.016061122861673
1.154766460530034
1.411307295362611
1.843689182119271
1.472618287213458
1.355873585190512
1.569374227897613
1.912072438353605
0.972639512804330
-0.864430506131216
0.307043239692092
0.671033411417571
0.503784896704263
1.062705584884153
1.159631356198377
0.521879650118646
0.852336124622378
0.561545286247652
0.446836544103508
0.462961818845356
0.520983106761654
1.139362483997136
-0.179175586227253
-0.730029116405053
-0.244886864308145
0.795397951896945
0.265413059896329
0.057185487251016
0.753343622964517
1.456337989186881
1.414787941808574
1.482935333870895
1.318784247386932
0.976654220763718
1.127912437742420
0.699009445658993
-0.321930274842221
-0.593556331867227
-0.201139177119107
-0.453483466402895
0.499348311343118
0.248104872735230
0.698976450231411
1.699811218699953
2.171983171747437
0.672205618851411
-0.657988702260259
-0.730711733145248
0.580376772559746
0.939756933659530
0.690641300692698
-0.009105051167176
-0.329623977020186
-0.764996867246693
-1.036136406134455
-0.888043565049194
-1.776489107104388
-1.496452812881669
-0.683116015374685
0.135371898847755
-1.124089743809029
-0.551800645230214
-0.684662066261135
-0.441994359037353
0.168853305813177
0.254381943638585
-0.330478494199703
0.093019655879800
0.277271576460826
-0.474163310927168
-0.667678903229879
-0.510050323545283
-0.715095820920192
-0.904791745796498
-1.580497247027164
0.257294715779193
0.383368751642820
0.074485448671354
-0.598644082405361
-1.778657396984499
-0.970756874580523
-1.138997997063992
-1.265709212702510
-0.474871528787250
-0.444644217938628
-0.122624627630858
-0.629148104180583
-1.504560127519290
-2.084770576039879
-2.315561717510323
-1.655290641348157
-1.569180615451259
-1.640578866224846
-1.398164178170362
-1.657778960152585
-0.352796524688243
-0.837450370534454
-0.932034703795299
-0.339904457425444
-0.154593814386962
-0.253042435260710
0.515410239275390
1.150444872653082
2.187150717418747
1.274277288402734
1.504865208746059
0.168521375494513
1.741269177919673
1.137531957003048
0.124413961136445
0.123960435355045
1.499105315668626
0.655765710861627
0.695993362489215
1.610837704169157
0.598824166172220
1.577957748872320
1.298465438326309
0.295990090228416
0.708295841310409
1.370730203038623
1.695733589382092
0.586722795657720
-0.242667803771144
-0.240156166799348
0.735620365543671
0.179595131791529
-0.517931875850610
0.537006863895985
0.275381806185550
0.898437550060787
1.472129417253856
0.914646680900644
0.545505220969173
1.280482232312597
0.857474657354631
-1.371986123507306
-0.012514616596695
-1.460786477214350
-0.571561744641168
0.231271775461478
-0.014504160844192
-0.661523104908651
0.761587632080070
0.984646187722420
-0.539128369438554
0.104550613619650
-0.030789948680388
0.028825938489381
-0.001295032206993
-0.282654672728547
-0.616258615838065
-0.265549231353137
-0.486476729833919
-0.170878159553572
-0.739641704587673
-1.799510719157901
-0.769703583410711
-0.944421848917323
-0.529936921171639
-0.906450315195493
-0.547220222428603
-0.661958843542138
-0.785575896007397
-1.088212721508176
-0.412360847014524
0.571143692242553
0.786405304877861
0.307550935708507
0.880451768031214
0.117995307401902
0.031551832750164
-0.735551258222216
-0.198052391922765
-0.203224032561388
0.108102117509084
-0.551211693214324
-0.476000322991095
-0.201751180786886
-0.981798525140926
-0.821592551919988
-1.223254907545438
-0.882134291562515
0.000410127832706
-1.912653804157172
-0.449145202467262
-0.420550982858799
-2.019987750410160
-2.447295795499596
-2.050690913282203
-2.399311348506300
-1.378206429924649
-1.398103296292244
-1.939160641841243
-1.951451450168843
-1.962494191279296
-1.222676203881743
-0.719310656456192
-0.353286674737305
-0.814681124720915
-0.378759506122514
-1.053115440862739
0.925332894544495
1.828153535154224
0.449640399018074
0.347610675833379
0.513566854731404
1.062557342210518
1.583844402399109
0.633557832145270
0.174323955043756
0.318538521313539
0.505221036133962
0.213340463689300
0.610493892882767
0.686183675145367
1.760043593614152
0.401736906554015
-0.034959959387180
1.743472366892920
1.581782027148264
1.987654771848635
0.571606291173750
0.400666293393474
-0.171363168839816
0.272896764956423
0.589012451949245
0.158210807447862
0.967636920164197
0.551679318065157
0.712674917398717
0.533467979042605
0.760067193427155
0.371716399792773
0.348495950530372
-0.541256700877166
-0.108206350112141
-0.541675877965222
-1.003673447955189
-0.624875592417957
-0.298656380888333
0.549361938457843
-0.472886535060658
0.174636172292422
0.046487093050237
-1.098737517856060
-0.855588986929997
0.201784817384310
-0.728918998285980
0.527264659301886
-0.039812897486542
-0.873780510321085
-0.308625963720740
-0.094821435370121
0.081195209566253
-0.930958421858056
-1.549512854672337
-0.506588241167932
-0.818169366201660
-0.699308116333320
-1.018611051756203
-0.362486366674270
-0.676042930541339
-1.325955636643962
-0.717398616150286
-0.203511738862141
-1.067107384701404
-0.505992738707677
0.424847387625251
-0.673226225077599
-1.110839649334215
-1.136066342909510
-1.320368533419900
-0.165804530779702
0.264349486836583
0.367705263412024
-1.145528638835817
-0.723380474391538
-0.191660133683715
-0.377980045035601
-1.629375241359678
-1.900896195795039
-0.448425351962155
-0.174440252534342
0.029391487933569
0.792546275058892
0.266665457111941
-1.039847767552326
-2.631190991479964
-1.530291359474904
-1.802508774424318
-2.559929193460095
-2.525066590799141
-2.349683656954196
-2.047935455215469
-1.209100253681960
-0.506321746558528
-0.020472221344850
-0.151869951526272
0.524971177931151
0.344081679610042
-0.125350300940581
0.236868632264447
1.665016756002618
0.342123142829711
0.191486649388400
1.062511157919371
0.810314644878274
0.445867511325426
0.748276786941283
-0.598736264351254
-0.592337666588502
0.213200081780538
-0.709538762180796
0.278649312216479
0.986802396959526
1.347745148569742
0.000245616463071
0.886145995630072
1.152802463042931
0.373437509359807
0.446787365954291
-0.580656523817153
-0.622304622215181
-0.904529674880032
-0.161456463575502
0.560520054974606
-0.095588924551600
-0.160829032366487
0.880483623215088
0.862315289181071
0.465331648924288
0.305813678094649
0.630228422291597
0.117812862155322
-0.194141098382328
0.605716415108308
0.274200073372430
-0.310374749072709
-1.016070136650689
-0.120283894008517
-0.719806098656631
-0.935731844629069
-0.141624432561948
0.052777758013972
-1.013665528606652
-0.748970821539374
-0.318542493428282
-0.475497602094309
0.449926488496922
-0.220727726868631
-0.477336147042679
-0.499390732784265
-0.320963730860774
-1.225870471034466
-1.170155877035638
-1.455601227443489
-0.958187565182299
-1.064989219620481
-0.154968824872405
-2.067199138155069
-0.906835143220171
-0.923351963947260
0.126520253188865
-0.181365097148041
-1.002089224558663
-1.322363341817893
-0.766669307213360
-0.296223398836992
-0.731440392289237
-1.202454633023860
-1.987594419540950
-1.420080513007097
-0.591635582700232
-0.049479321598771
-0.504785649157157
-1.138988806529623
0.379864511491740
0.377802735157882
-0.160254855082789
0.222045093440549
-1.155182753933106
-0.662791485790203
-1.097856707899653
-0.910087770028737
-0.037785167636645
-0.020033516803490
-0.958605815078080
-2.291568547196731
-1.392267525663126
-2.105503176766643
-2.355286380405209
-2.888051528759925
-2.850842736012165
-2.529269202122798
-1.281022510205410
-0.322368192276783
0.231425904122615
-0.214122270380852
-0.336819866615345
-1.372499032951151
-0.789330718346610
-0.473093330748938
-0.103301164392756
0.342215600348625
1.058410631264029
0.403869944201284
0.068868564502508
0.510336144151581
0.667731787836576
-0.084006286237196
-1.094437958376263
-0.893117796700591
-0.540035223543229
-0.595960274828902
1.081777027937636
0.983832879764981
0.505664224818543
1.121554138025826
0.103697444152537
-0.504386346670030
-0.066793689289725
-0.710866652660086
-1.078118882251932
-0.468023915571076
-0.494243169240052
-1.022378029580382
1.327321144399375
1.920329818638415
0.669503015195441
0.076136912391443
0.406745170699762
0.532693077559163
0.707858537995802
0.887278607193274
-0.067211929022591
0.818296480668113
0.351876571151637
0.122863904303680
-0.911174054749140
-0.585386282626287
-0.360827610523785
-1.456946114954220
-0.460820377001653
0.967500768489425
0.714476517199967
-0.743186570214024
-1.053330524222816
-1.157476673072874
-1.175398952179716
-0.066122775910744
-0.777416784190264
-1.226164706001609
-1.294078309766319
-1.010057005591363
-0.557991257777714
-0.219409522041460
-0.136882447603341
-0.914274242875651
-0.809124755402257
-0.561021518468598
-0.601383207583590
-0.563816453883122
-1.017983491680482
-1.777153804080716
-1.290877077504129
-1.998050564164804
-0.739526000077065
-0.694629984521251
-1.395712686810375
-0.955440293211105
-1.950447823071755
-2.682535166158561
-1.174454442304773
-0.532749817633717
-0.460769527696467
-1.591825028995661
-1.023264814268356
-1.251720391708802
-0.586705547780812
-0.154233602761501
-0.840076602743787
-1.527976574046874
-0.237823741069145
-0.450847080361762
-0.304383850842056
0.178879577688215
-0.181102444121444
-1.759780390763140
-1.835584680166375
-1.517389619149393
-2.037675685563819
-1.994144767795388
-1.688085278550018
-1.221331330099747
-0.573164840254327
-0.281344030142772
0.476157015316253
-0.409347918415289
0.163722849346936
0.108811573560972
0.184112140049427
0.449477122039904
0.118269251938826
0.498623512526440
0.563444094231225
-0.042761323733584
0.013787987496644
0.409789801689775
-0.849390903821586
0.252748463880533
-1.430802506817811
-1.306604898433126
-0.589557396038489
-0.655023970109621
0.863275759259170
0.275704639194652
0.907895186367892
-0.087585624191301
-0.357964154038397
1.324128745919819
0.547095864634320
-1.012312507196435
-0.771695122862957
0.661813895459357
-0.144876573198186
-0.079511042362552
1.651608656757679
1.736860361631885
1.664412710068229
0.546773991827725
0.737476173167414
0.341154397550864
-0.016868339056756
-0.781783443109884
-0.489125376551899
-0.083826240471803
-0.323721716622775
-1.033215439745313
-0.288350465176651
-0.138144326671988
-0.560094424698316
-0.740327033593321
-0.920161512660181
0.329519716110322
0.435946696360153
0.362179082205238
-1.115509612929031
-0.193754443764188
-0.032152849307115
-0.354634196730509
-0.186279955715835
-0.504297855686841
-0.996959505601772
-1.775474071311429
-0.798144920976230
0.105908872574063
0.346726517758579
-1.288474969495080
-0.578547684867741
-1.397627718249600
-1.585802562247944
-1.870379309028028
-0.874023457418198
-0.728636294666121
-1.421737825565049
-2.144008195357764
-1.323110077976571
-2.302453588134627
-2.083156519570805
-0.989729772420087
-1.449662943177818
-1.153696201925706
-0.090223864181007
-0.955649155479823
-0.726485921132028
-0.064080676380790
-0.213317571643234
-1.389703309273068
-1.267835596685251
-0.594593231644766
-0.456324871062025
-0.526904821662225
0.453310385980539
-0.715726267829912
-0.966228955335558
-0.513049013379882
-0.438910001150503
-1.179430619223021
-0.545964661618052
-0.444666737650157
-1.881203303850265
-2.153331530557927
-0.566882835282623
0.038950599882426
-0.428261717574841
-0.419566973832944
-0.373988079891306
0.316430979733606
-0.069875629299438
0.392411051877694
1.248934538365376
0.555028414933044
-0.049185052834518
1.598294701380975
1.548566186071909
1.369382003956497
0.495387965469846
-0.740266273160396
-0.864742658171385
-0.939699079148010
-2.739781784096730
-2.875738037430706
-1.923233938915566
-1.418179529846548
-0.145708156502925
0.096823457873863
-0.874678139831975
-0.140044152563850
1.160354935382594
1.561397771949869
1.110052592218355
-0.346484853292665
-0.338115902696094
0.397503890307335
0.017758113975604
-0.195725017517053
1.388618506878125
1.457812516216029
1.165979538829912
1.043358021062051
0.936520229955395
0.724397011969656
-0.104141286825961
-0.379136021916379
0.563765387655150
-0.828272035249916
-0.716548002272709
-0.630996367802198
0.041607336353053
0.639375009052911
-0.161443673681613
-0.780921133227688
-0.461616123240956
0.382587258941084
0.583067287925973
0.181631311809165
-0.428462391694087
1.022747735802447
-0.425676982360405
-0.395624958013903
0.073905329880696
0.137788924940977
-0.832671665275367
-1.396827434119534
-0.793404636028063
0.110181666930039
0.487750657289249
-0.979215646436734
-1.660963547569676
-1.611226124427527
-1.155544301297363
-1.045789171677582
-0.531464609890618
0.053144678864399
-0.753691012943752
-1.175882839361983
-1.284214679441232
-1.806433075077350
-1.601342052411432
-0.932551102746105
-0.386649073040242
-0.719975315114684
-0.698775786017207
-0.681913123102211
-0.474296476210837
0.044498168698117
-1.227861045175789
-1.482803587946403
-0.486832328080122
-1.053311494290126
0.470966948432587
-1.474156157346969
-1.171116635416877
-1.128287723526253
0.350440092924517
-0.446769231455579
-0.485193788365666
-0.517803487080573
-0.362581257618526
0.534080714961710
-0.825074058820056
-0.380546729694971
-0.305333258432590
0.162927042796173
-0.053050478836641
-1.290845756437262
-0.088944264150886
0.083703119206048
0.025340614762570
0.505924227287917
0.156654974601247
0.359645551567045
-0.292160315344155
1.403394276963382
1.736977496252031
0.147930518557563
-0.317749287998950
-0.545988165737019
0.754165378702808
0.126869636899740
-1.435070979209724
-0.854025569127114
-2.300306767199071
-1.882770895888509
-1.185914199265947
0.071609584729738
0.416814082365247
0.919516639353985
0.864223577061394
0.265381438591727
0.959280847588239
1.128507052919845
0.381749317738713
0.072313041645763
1.130790787454056
0.547136698762384
1.683122635588689
1.764456586563558
0.913579459107457
1.288282309911407
0.523346376408514
1.319894570721132
0.183818148136483
-0.605166614758770
-0.434923733149547
-0.949659226991236
-0.340556965519066
-0.523682148194969
-0.120929609842499
0.072730103594103
-1.420979090290914
-1.358460578070465
-1.056218951938266
0.369968434446945
-0.495422484753688
-0.179600256127429
-0.145748101695352
0.533412902446114
0.386615554122138
0.249040261795503
-0.617513322738938
-0.761215282106487
-1.345252179420068
-0.460333984497435
-1.299772385840459
-0.479675388274846
-0.287281497361638
-0.410530461076793
-1.478666816966524
-1.739566572004804
-1.103288175384871
-0.887845661080616
-1.265187366897118
-0.453742752518852
-0.337661037251858
-0.250437612364372
-0.680569369065324
-1.071658352820653
-2.033325280846683
-1.423068717983244
-0.560574275347333
-0.727684532770547
-1.311899240519345
0.282144473048849
-0.514110063980252
-0.411670117920497
-1.915959269570497
-0.908006121822289
-0.918442452970911
-1.168629108889669
-0.872785704036987
-1.312588799807851
-0.783422184760512
0.267106701001642
-0.082377857984504
0.307013931303885
-0.133152161816137
-0.289402964591908
-0.564077867935400
-1.272917971709038
-0.750974816441183
-0.424422945439215
0.000650840627174
0.175253455543745
0.180256334194242
-0.441864283958434
-0.458230805232198
0.029882656953729
-0.589324084567130
0.463462575083955
0.833100785695928
0.862706126725753
1.226989516716638
1.040117513883145
0.871140445874909
-0.010921987475243
-0.309588999201305
-0.348213134088397
0.721682454683558
-0.536197538867366
-0.647222801093198
-0.128394632226768
-2.124380962461524
-1.646225283906327
-0.716366148726420
0.313122443073755
1.252049902574918
0.460364521176193
0.763045742356885
1.069196954736251
1.053331599064845
2.722545773017512
2.064748201332671
1.475256747864881
0.468317453467696
-0.089554770963725
0.091193221220037
0.231064810761176
0.989814014181445
1.948772094979392
0.971165110875568
-0.799364258286416
-0.188263233637863
-1.173528631671742
-0.998630062544813
-0.896399354972753
-0.236045976092605
-1.311606362337432
-0.772546712210664
-1.161698707495089
-1.091173868312865
-1.177628136803319
-1.127628951031431
-1.078230299602071
-0.280793710624327
0.890769929055858
0.394446482830805
-0.174694078033878
-0.693522776914770
-0.210021158033192
0.489572022993642
0.175147453099025
-0.537531459740418
0.417594467150417
-1.063123168626142
-1.881812221579648
-0.223098133829019
0.903317373150244
-0.725093841592247
-0.745640952434217
-1.079200465049910
-1.307163808608385
-1.237698851411738
-0.827269188607793
-0.828842488391485
-0.701287620586721
-1.061099759461156
-0.977305500905227
-1.972842393549385
-1.222460107403165
0.304622420087320
-0.252008698860516
0.297403609123281
0.751520347353707
0.073120791531502
-0.284340785389740
-1.420290597072799
-1.949927060343538
-0.754488944554161
-0.184666470556547
-0.329585146161202
-0.812948037175356
-0.649690305233491
-0.758020852965986
-0.179475680670224
0.646081716635498
0.269335421096918
-0.188667340372240
-0.457180573912082
-0.729181269187840
-0.153479013853663
-0.051882166108246
-0.523818417028504
0.293103056858732
-1.043670582044363
-0.345571266460381
-0.763409987348766
-1.018263411932754
-0.632135407181333
0.277255230606661
1.528185584990638
2.253875935856188
1.676748102716082
1.026365440621305
1.047866431113300
0.944899409741885
0.400810541491411
0.482493075763486
0.212381332891023
-1.074772026535709
0.130833175251982
0.446895717070162
-0.312491066720522
-0.780439653278836
-0.788910092668760
-0.406449363710013
0.116110747051842
-0.166351673651984
-0.268741957614970
0.780185882411256
1.095823640867133
2.192263266831266
1.061128643352917
0.946575484029834
-0.278510251308366
0.376304377454930
-0.409245038140194
0.950893743452083
1.082643799396688
0.384027502938487
-0.275881709790364
-1.460061211132758
-0.951881850248353
-1.555483798968564
-1.876491089617925
-2.249676119920435
-1.877663300022917
-0.391723162192468
-0.935680425809562
-1.357386203483385
-1.568148581586416
-2.232990658237244
-1.387779231929313
-1.364910886766593
-0.368565763783297
0.355351749080738
0.383725813881937
-0.427216320738459
-0.905091697551289
-0.817519311610321
-0.050717919664974
-0.111055484968587
-0.711511839232924
-0.757702013910624
-1.257727534976875
-1.992539902734171
-1.108625254900085
0.484266190920372
-0.523189705620584
-0.009744733795215
-0.990730129302425
-1.483075849127970
-0.400021262321259
-0.510915429412092
-1.163411627601848
-0.762047596829941
-1.067454073633803
-1.122291523261039
-0.251173776702145
0.612999014410976
0.456370563086046
0.563569893456234
-0.124448331589150
0.731423239397233
-0.055172426283587
0.296083291883183
-0.638108401356785
-1.353152946346805
-0.249856619787095
-0.431276811185366
-1.158854574471236
-0.918000746253603
-0.833933374912168
-0.092257777204580
-0.057438057799208
-0.533696035041297
-1.037618411779140
-0.741092782911105
-1.918056215934579
-0.493174660791856
-0.451000022929980
-0.740881336302433
-0.075614672277582
-0.342202810967802
-1.051462854211925
-0.637297742179233
-1.124022620242510
-1.083947466315286
-0.904669588119695
1.358275815965354
2.209433022010185
2.597009606474849
1.951169861742491
0.477418895120066
0.840654390253337
1.186186181391125
0.920041692445733
0.007817294824665
0.118704942467277
0.163862354023604
-0.718123843295394
0.361924174910564
-0.408461389245141
-0.042788667817219
0.308714865878545
-0.199149198391944
-0.702553872571955
-1.066704869385622
0.430526714852215
1.234529325405667
0.574556434144120
0.497793999304544
0.451095590281535
0.685456919824069
0.505132401232438
0.799753081786832
0.314305137150841
0.815007054544721
1.020675670899468
0.431416075889212
-0.817324998640073
0.119235476581388
-1.540025612232641
-1.629316299590919
-1.449550268660572
-1.596322534331908
-1.041573889287456
-0.695241475606552
-1.482211079483798
-2.234890026942081
-1.751252846829279
-1.784209589581961
-1.623237710065986
-1.904251143169596
-0.234483074352882
-0.440746435928963
0.120565270568523
0.484314943141743
-1.387290086007942
-1.386851856851542
-0.557645090777982
-0.363530075578836
-0.604405159624887
-1.118407462782485
-2.427453718116145
-2.633401672473468
-2.098951966093627
-0.386863044208678
-0.944979279102294
-1.450750127569736
-0.928419237375241
-0.092559867074209
0.366876824063411
-0.949657901474781
-1.003429204442883
-0.936422876063404
-1.535286477752479
-0.332173718068355
-0.259922147092706
-0.683016193290662
0.488774161624768
0.602241969159199
-0.327276783798067
-0.939967540889981
0.527160318903969
0.292507283271598
-1.109582573075745
-1.602100931596689
-0.848923828894472
-1.840951706783335
-1.260248508316721
-1.300084588127284
-1.898365287584578
0.002923505508851
0.228296970202636
-0.945774818534878
-1.082675226618570
-0.601020964397644
-1.542671493139260
-0.377146415823473
-0.847006708165697
-0.959599521503027
-1.395759307059237
-0.597996462016861
-1.173899765780268
-1.215343687655478
-1.280699794683498
-1.229250963279069
-0.942626416140783
0.820648352067891
2.461987361198251
1.454317141136547
1.241767008417137
-0.083934947221868
0.020422773571909
0.803018111801133
0.380677005393569
-0.062379076722218
-0.132149154563620
-1.580844109057311
-1.542612051990818
-1.500098716294334
-0.774320304183668
-0.005590870995710
-0.069871422229810
-1.192374149187831
-1.139764429553678
-1.397298631025361
-0.338094234832218
0.630859677277281
-0.216739893810758
0.841957963458895
0.862051590743376
1.500924729021797
0.921393021873563
1.262987442621213
0.904226909147453
1.127737751353749
1.324976072473680
1.004442184344760
0.720793063532813
0.619702726688504
0.023814945953063
-0.288207995382381
-0.878867112150707
-0.799026531616669
-0.368032258719281
-0.369501227151611
-0.934356182899402
-0.807835104600342
-0.136858094963423
0.332616969129134
-1.190929973438267
-0.137543694669740
0.226415000439341
-0.392954582088853
0.271505380558810
0.086550819846207
-1.239423032882591
-0.543002119089573
-0.447758827701893
-0.347198631713841
-1.387865564775532
-1.643505513490537
-0.882984689686967
-0.804059072829183
-0.237047567291942
0.299002680726765
-0.342498605683204
-0.510031935353816
-0.142474856879228
-0.120041308215425
0.359608427663438
-0.116697408697097
-0.538274240312319
-1.603227185166654
-1.418976143895796
-0.776840093799634
-0.429754179645722
-1.040657642394626
0.116483786389694
0.603068142703779
-0.395737164649417
0.608278764306161
-0.294316726548418
-0.730578142593577
-0.250011159003806
-1.519144408353511
-0.968121691095160
-1.467105412353900
-1.834518882669815
-0.990830339223646
-1.602201647069381
-1.615549095547522
-0.422619598928934
-0.197602077921222
-1.742175103816954
-1.733830511239264
-1.525411211098844
-0.710247218829693
-0.814359485057131
-1.820942041512685
-0.718726876766409
-1.272833540799681
-0.580077494130648
-0.314190291081986
-1.664400649208461
-0.446743240970009
-1.635650241350753
0.933066766683379
0.782593523821098
0.113706832007873
1.058377846431108
0.705233661648472
-0.027755039026690
0.746467958177140
0.202893212258147
-0.855838377199216
0.104847124003008
-1.032693002296271
-1.716012532622700
-1.010439983271006
-1.835388227190937
-0.660867622351535
-0.311614018064992
0.567620529943502
-0.186934497161640
-1.459486436165322
-0.676004140157707
1.102227122580417
0.793699462392494
1.587693495292839
1.081109366376297
1.902546993437735
1.039701208436741
1.248528693890508
0.242549740999763
-0.311750308329875
0.572194479793583
1.066842032188213
0.852820760707944
0.574480954373583
0.676986335060185
0.078418135010801
-0.558859012732370
-0.171430611062404
-0.691916440135412
-1.158171624620721
-1.334834858127192
-1.140781400727884
-0.919902444301440
0.523739573895938
-0.373833212113138
0.070166495316263
-0.803331735717315
-0.571132321544630
0.304708411255427
-0.260768271876990
-0.433410756898696
0.640860629088659
-0.622235032004599
-0.642831011110943
-0.273842902137126
-0.277499415372052
0.557460650439204
-0.076627563042965
-0.606359695698057
-1.575078181523734
-1.470446938476535
-1.150419626719240
-1.195418772618190
-1.017655766221131
-0.736234141428830
-0.213033546639367
0.313265718421791
-0.297023604601525
0.786967778706364
-0.523002507568941
-0.903503529149221
-0.590197564982306
-0.381348510496662
0.671604360900040
0.506099533345830
0.328973706325790
0.065799781110616
0.359997518713819
-0.355358624802382
-1.266888585525217
-1.432230271107508
-1.664133355537853
-2.609303433563540
-1.907438508739081
-2.701068815878184
-2.125804385038771
-0.603110829337579
-1.332781178796573
-1.510935940665919
-1.820130912837031
-1.311474685089244
-0.947101943745606
-2.075364562837390
-1.690165066402710
-0.707819219373631
-0.886128631321716
-0.341755582110373
-0.263401114775960
-0.687166206297275
-0.310914336655461
-0.500743377578269
0.387716301746350
-0.565142125714820
-1.301400092035532
-1.267422851320116
-0.658892187749374
0.422027891527406
-0.837508737939141
0.218534452598962
-0.756809903195090
-0.389281666636381
-0.052009349175797
-0.607665417673931
-1.319964628694219
-1.153434460299095
-1.361433422957252
-0.730305213974349
-1.066795407550986
-1.389382198225548
-0.172338950440347
0.526432445814817
0.519253301407787
-0.423863176603840
0.192328198134117
1.200166626156290
1.710554679523901
1.038605511795985
0.857460682653853
0.128783697322233
-0.307227551593487
0.179854183067846
0.478451592104340
0.438165985210852
0.519334708871208
-0.701195426124426
-0.316742264548736
0.092844626815442
0.537409896429143
0.480671370424633
-0.171309060823229
-0.363397620691346
-1.173099454416072
-2.040752655772759
-1.428947876964608
-0.371351313326707
-0.837600455098827
-2.294509696043558
-1.979615587042620
-1.284220800525486
-0.933020812538603
-1.224621911515899
-0.794569147950084
-0.498968230564027
-0.582344796978730
-0.722925977073191
-1.897555238214103
0.304606839510266
-0.670300865817935
-1.279776555641561
-2.190366759001273
-1.051785045992192
-0.913525933244040
-0.295190319546582
-0.114867727954303
-0.331002559861328
-0.202059370090366
-0.650093050939652
0.502250263987877
0.058578462182553
-1.259949065364899
-1.230235762136774
-0.748760565682812
0.058898982625983
0.745455623851953
1.393037324522993
0.617670675185900
0.147831722003985
-0.913931212453272
-1.035795767019795
-0.691477716715480
-1.953119338536577
-2.510098020747585
-2.929325710562143
-2.637981771648575
-2.186167722715286
-1.537211056623434
-1.808223085937927
-1.149636675136019
-1.663158379443516
-1.388849453683660
-1.633395104433706
-1.495073395356753
-2.430836619253003
-1.264026317128854
-1.507509159327654
-0.847371120465749
-0.965823587650596
-0.135076562467646
-0.356646870140004
-2.200645513299606
-0.592099223456671
-0.624066377127698
-0.237008393724501
-1.021467077101026
-1.840236732928397
-1.567532563485946
-1.237347824167580
-0.025753864870365
-0.976172832591888
-0.442307859948199
0.845546828437452
-0.359985049390500
0.026398301653469
-1.670489661865697
-1.609218055435986
-0.787591389848087
-1.635468954079448
-1.476280196270316
-0.503923521246886
1.396384366390727
0.977098206240615
1.285990390282207
-0.377355981205068
0.321846602078729
1.220644013185882
1.728976234548025
1.866365421199955
0.774959998007287
0.171706669999970
0.187691817044358
-0.626318607340989
-0.435422433466842
1.641298319477924
0.561227186479111
-0.400985806409059
-0.338498117292322
0.283523071933032
0.321427614310381
0.000334328499756
0.213133949739059
-0.253690486877948
-1.800072391143713
-2.453024448926931
-2.015872337808013
-1.261108587570463
-1.215350135033390
-2.051494096966222
-2.371352019647951
-1.057224268086830
-0.151703440334714
-1.159410884560909
-1.318772225879195
-0.186441552337428
-0.962483998954388
-1.874747444200104
-1.207792963485594
-1.298415347946362
-1.434738524521773
-0.880063303051825
-1.275562451777897
-1.340601003054740
-1.819622942227788
-1.109715052604002
-0.843972398192908
-0.224916271263192
-0.173686617558236
0.170645529578230
-0.254348584618132
-0.835203601023926
-0.995826460706589
-1.656517728599246
-1.086476042777511
-1.101042120016663
1.234311370489093
1.857853189201820
0.112077141814765
0.157544992116414
-1.720738395161869
-0.252516047556420
-0.914017332282215
-1.689208514714322
-0.874500858387809
-1.383668241857180
-2.112002196849154
-0.727605331327460
-0.567537874014787
-0.889374202843186
-1.050465699499750
-0.072484529817086
-0.168584714445460
-0.801709969350225
-1.408943885169573
-1.803119397555955
-1.036895414995403
-1.177361409283030
-0.199701615495143
0.075635116978755
-0.766941084311375
-1.761204513147620
-1.844223594129218
-1.195399758458676
-0.463506048931522
-0.469451952525476
-0.660609404817894
-1.483133242712867
-0.083009506299608
-0.275330478214542
-0.454144765272922
0.256434582458347
-0.092790687178032
-0.353007561308151
-0.789892904127451
-0.829299712074305
-0.684759589763301
-2.165466717962440
-1.767028680835905
-1.900407235059665
0.036997066202015
0.318689710883240
0.743442793368440
0.572389390941034
0.294430055969690
0.686258047077955
1.823082108101718
1.335890464317508
0.356326190452873
1.409952669190821
0.443968022776721
-0.461970441128633
0.446858098627476
-0.351508514116275
0.981235726358079
1.191100838855020
0.447635067637488
0.512783143901906
0.979093159245095
0.869545425511552
0.049642554694240
0.320303820650220
0.565299083936315
0.012724048210360
-1.154366564974809
-1.618039748704875
-2.232268616316506
-1.985709308305996
-0.952199614668323
-1.428253133567803
-2.322912759735289
0.160955144018917
-0.187693081801816
0.292455040132652
-0.280311422145619
0.380004165617337
-0.562082247681794
-1.380219840995656
-0.517162639008722
-1.852228982496159
-0.765335820434870
-1.991516269202241
-1.427276334209604
-0.296364863582171
-0.870889692673515
-1.293058974740053
0.419347994555926
0.823191737739198
-1.073543436044884
-0.558036771570070
-0.608939353206066
-0.750368206110028
-0.500614625963044
-0.959113580246575
-1.301809099970323
-0.842143134999652
-0.613183597804096
0.297743955694885
-0.271045850411412
-0.608515082989688
-0.828007797768166
-0.473016831513127
-1.752585526350436
-0.862744649526974
0.047360941868712
-0.305729601384859
-1.006130733230567
-0.090615625201760
-0.782532905601241
-1.155890512979825
-1.176466055281905
-0.404116649957401
-0.065879335144187
-0.119503602521950
-0.653019298461497
-0.536827752485367
-0.109747658106022
0.121504462879976
-0.701841987712573
-0.265328699934079
-1.542028807576921
-1.688799521911291
-1.201712228645516
-2.148438667367489
-2.023241389934756
-1.338068389450241
-1.313917979090218
-0.588901274246140
-0.069765117221935
-0.547523702340000
-1.172913534344641
-0.592022867236318
-1.117597394262979
0.007423562484604
-0.429257843920800
-0.341652258922374
-0.465547056181925
-0.952167497940330
-0.258602037477723
0.007618485053535
0.403150429961563
0.011495654526279
0.991020614549562
0.741271858400229
0.283587792008087
0.844196128651522
1.729559682605670
1.603425601039000
1.505639495077353
0.758915101915664
0.685488768972390
-0.104359054348393
0.756699301081680
0.785952699084573
1.168418651272777
1.063958218683473
0.718388821290158
-0.216768576151346
0.094768110549437
0.988827376473044
0.267503913092118
-0.671099933049817
0.050740030360316
-0.623052992376928
-0.306734517254659
-0.496266594670277
-0.564488272753068
-0.174582904620662
0.014332260660799
-0.335546884388788
-0.945404815223213
-0.446127552563416
0.242261961852457
-0.219888676788082
0.103141183447160
-0.075492933290121
-0.958647396191853
-0.435749412169780
-0.716506817988223
-0.793774064348615
-1.247149089420056
-1.207370274323220
-1.222640073434337
-0.663208847758259
-0.405552695130800
-1.270239427391792
-0.743122008421146
-0.628571352397483
-1.178079991665180
-0.660447115186136
-1.311909244942315
-0.983214372310876
-1.284269409043471
-0.688719220152163
-1.529546977454002
-0.213245902944242
-0.307132492853151
-0.656691472952380
-0.003524332875456
-0.059945679251403
-0.314995247406004
-0.942596526968171
-0.856572923900573
-0.980878021699800
-0.384714708361839
-0.151289940474541
-0.185337228668954
-1.024867184261347
-0.975863293900401
-1.459486891797249
-1.007421443300675
-0.842286964700455
-1.741198077431310
-0.719164353510117
0.264809615158906
-0.095204647573180
-0.806529015975287
-0.328923619247314
0.283535395849159
-0.955593010326092
-0.576630912915280
-0.970909065952528
-1.540069559700968
-0.939443256398311
-1.402134223736249
-1.431766818283357
-1.302364625740942
-0.801604422330245
-1.039935077265227
-1.830352313895795
-1.363977255450636
-0.110216068286600
-0.198841651674870
-0.702215854776972
0.048839221200887
-1.780202229255861
-1.185870848021154
0.017720446114741
0.023620628410768
-0.411897127505755
0.257143138164163
1.000483809423626
0.261046958844858
1.015676258399872
-0.290978003149903
0.953801577119037
1.586290881320125
1.605550711445128
1.301769001122742
1.111040253637220
1.450184684874594
1.407284235592195
1.115541521011989
1.527329011524278
-0.018087287422413
0.318926586568455
1.811842521890245
0.201400393340714
0.492394277508414
0.210278802883644
0.265287150718158
-0.970544985531925
-0.761560569476050
-0.481923763076181
-0.876847801633704
-0.758085840157570
-1.220557070805011
-0.124135513501573
-0.170886408860591
0.245493582078097
-0.590615214316583
-0.853139740883725
-0.075384070099702
-0.048955524531022
0.289399328303590
-0.048795243671967
-0.349369184433426
0.069318112618829
-0.536235751086208
-1.057196913209963
-0.780211752826479
-0.175417924621721
-0.568920109578132
-0.939212755327727
-0.359553979378945
-1.017514366465300
-1.885093590230254
-1.953170003260742
-1.324185895114191
-1.247197603027602
-1.006385908108834
-0.769028979695022
-0.535777238836809
-0.914487363685714
-0.319299709918885
-0.410735595805278
-0.453304658872979
-1.438698626815759
-0.181958168755480
-0.605069281448831
-0.298544617726662
-1.313223092633669
-1.196586177697004
-0.158879184976815
-0.160112761561490
-1.234869759300578
-1.127141111981919
-1.049900853898368
-1.276001520466063
-0.073429107533046
-0.939508946356920
-0.879052394680321
-1.211340373633283
0.439279906302122
-0.079494059926344
0.091426997592770
-0.814264478612510
-0.305805013286376
0.328003624652827
-0.555138564443770
-0.659521709944816
-0.319011816075531
-1.003154140871854
-0.479660497216137
-0.742451892128552
-0.210719312847088
-1.070656895523645
-1.179570454332038
-1.607159771499957
-2.390384175043351
-1.942471852604175
-1.381115886844221
-0.370789099857400
-0.396258799605297
-1.226543348379240
-0.859563957954275
-1.035730081811982
-0.886569606595099
-0.378558512962819
1.004123889971639
0.316770705699732
1.889818282667656
0.958442996285407
0.778159675316909
0.177299337638035
1.954435263990171
1.458693887316271
0.461606137806489
1.229468282524609
1.352595345251633
1.519251756841393
2.197536395742341
1.190996955126552
0.742031349750715
1.377268872118744
2.109956119738098
1.655380719273641
1.236780032419966
-0.014617081118631
-0.356872320939762
-0.977824611235232
-1.384021258534585
-0.954689847242544
-1.671661421253217
-1.671617689788674
-1.850204029064963
-1.866586396662359
-0.722127194770698
-0.870392829207064
-0.887956696988388
0.466788147437611
0.641474234758780
0.789804164372352
1.227858474540394
0.074502976153095
-0.464168672690939
0.010486871313847
-0.371958128466481
-0.096960126475518
-0.539133758666865
-0.728641953317204
0.445605059553827
-0.343788438734811
-0.746451210859942
-0.630116024534065
-1.342778183919814
-2.491812526471179
-1.911881074697513
-0.605613910613138
-1.695202254151750
-0.418147496476210
-0.648074766098612
-0.697870411969776
0.125804830832737
0.231553828300593
-0.130615761120865
-0.458893817699706
-1.568866688567098
-0.412380974538087
-0.326626161551118
-0.013416224228676
-1.038298300845455
-0.348483889434499
-0.594644572294697
-0.533064384230122
-0.705509042632532
-1.619789065219526
-1.109405058070765
-0.169764043397595
-0.212875981750597
-0.995951583822849
-0.603469906507709
-0.099708612331862
0.205805636919792
0.466999648320271
0.926979846548152
1.216977378840916
0.015078244224038
-1.740056064221972
-1.518550766276663
-1.968958865003854
-1.381394638327581
-1.439260679622595
-1.451277674375581
-1.694379491242773
-0.863158123908538
-1.041318879496637
-1.435614120559019
-1.646552898706853
-1.941212468270740
-1.569280221283320
-0.840092241928704
0.079613899616413
0.382485778118213
-0.117841651935299
0.348769733412727
0.222359620078208
-0.067143271027196
-0.221882024079954
0.460563305048214
0.278779702078702
1.950926652819660
1.139031448391863
1.194502638080367
0.069520745294178
1.042005172127582
1.083355170490057
1.579574822448060
1.563711042012463
1.517376864115463
2.340858447352390
2.371824777082223
0.614436765686985
0.814026085466291
1.466833588597791
1.064691316696196
0.685231939085477
0.823029719258813
-0.866870785209647
-0.325634978341155
-0.958720469416101
-0.650497706940602
-1.413833350443521
-1.102264654803397
-1.791519861907914
-0.736084947965651
-1.888657675892757
-1.428559266131894
-1.510180137797589
-0.332352261970509
1.590223003659143
0.219207409740055
0.933177398736039
2.127612114060684
0.070009373068457
0.631204491308920
0.637700250816684
0.260419179684437
0.509464085439871
-0.026076103748460
0.024487501857059
-0.084825390630387
-0.720202063612582
-0.369036991193355
-1.303985521659023
-0.754480702199831
-1.348897177660426
-1.865723864700850
-1.449276590795737
-2.421912086078364
-0.571991100835569
-0.706421219297144
-0.985030705770618
-1.153023483909556
-0.670834813935598
-1.511280501990481
-1.648511355380261
-0.551617672463134
-0.633850023091691
-0.689463287243265
-0.240670998705020
-0.536218026244684
0.239629184466709
-0.166187599018432
0.539330040699199
0.445314892888930
-1.479992389510862
0.418534416604435
-0.054144145536612
-0.689849189041140
-1.369432362845065
-0.605981856325024
1.078843692143309
1.322556154413255
1.753353230864593
1.564127397463607
-0.220466280194186
0.212595619338442
-2.029259749398721
-2.131303906466654
-2.098253630302035
-1.633055819528385
-1.642632475304543
-0.705796461603875
-1.764257012190070
-1.913475141285889
-1.280689618572840
-0.920072200892614
-1.827660040880261
-1.400228697549696
-1.154524645520153
-1.031974507413518
-1.444345078587362
-0.546677874003154
-0.154502916757384
0.701825104841756
0.224300385671062
-0.211958628678205
-0.435826377953954
0.539433486548191
-0.168914698190093
0.525254580574945
1.875550599472339
1.556432716290938
1.118304280770102
1.868819376133691
2.083830259125840
1.292392976882665
1.472360942084273
2.063583068501050
2.951553024531866
2.618732264520882
2.209726872949499
0.738266070877254
1.781879487543977
1.389212081228565
1.147592958471800
0.631840857226434
0.022023220361186
-0.528586881968822
0.346603612704308
0.538381412382069
-1.583112391156903
-1.366033484550536
-1.456316405576874
-1.350351743846936
-0.202722306883069
-0.802123193979752
-1.829267525491231
-0.407455412992208
0.183685381254519
0.702659124832922
0.537227835992297
1.319332483041936
0.136908870769949
0.284885768947680
0.523826179067747
0.447678906846824
0.610908393121202
-0.257099560132633
-0.597838175667190
-1.637348110845058
-0.858594568592584
-0.308257619758319
-1.437007450082871
-0.989372711556131
-0.657483281270851
-1.331696072108274
-1.248720018392117
-1.576553407461219
-0.097768497731912
-0.859811706382799
-1.503353087214526
-1.520182311392906
-1.039328253391251
-1.764758482072329
-1.289307366809380
-0.395463787627624
-0.937971030639350
-0.607239398591960
0.696436553408428
0.261109607473240
-0.676016610657111
-1.332397433103709
-1.018735124037000
0.050535047530986
-0.099238562227919
-0.408688646491515
0.260965421008089
0.518153011053476
-0.295700966294075
-0.835809371753154
-0.132522845830082
1.251116118706147
0.743769491764585
-0.226663546666106
0.000861801217711
0.345716342470575
-1.257484072119238
-0.982465168735181
-2.011487105315863
-1.805132843630702
-1.681032083003633
-0.896995296817883
-1.539344527660004
-1.348774464965672
-0.775972178739862
0.139176841437242
-0.847535652556462
-1.402362865991084
-0.431606797873496
-1.349102166681117
-1.424593714296625
-0.784020556282979
-1.040466017174242
-0.805004745437334
0.742365406317369
0.791635737707203
0.628937148905366
0.978289315341039
0.796974177805626
1.159857418018882
1.798472795444231
1.634882299024365
1.578952149052329
1.486797332865812
2.136270843189693
1.086127573474991
2.265270936999819
2.916332496087893
2.311880122851264
1.885542732936105
1.836007439056073
1.445517030156576
2.127183482359356
1.759083599104108
2.240577472922208
0.908417795807752
0.425558328376519
0.104041260347375
0.652619158101179
0.414299577668654
-1.577426436204105
-0.986322935200922
-0.669528576137689
-1.128841695539531
-2.335973435988299
-1.805194586881296
-0.597976469768616
-0.010014222713713
0.084621773466689
-0.608852613769157
-0.787821053979705
-1.422270572587706
-1.556589986404840
0.012981332345491
-0.461361295882150
-0.321827213322334
-0.711295030463431
-2.066243846344758
-1.443332614473472
-2.534491872282734
-1.435654860577728
-0.760270058479362
-1.227299221090538
-1.183606555647537
-1.657519704329157
-1.890345571545561
-1.174171459224443
-0.573809037069558
-1.516177190580857
-0.732450590925452
-0.917515725083914
0.088287868215931
-0.615541119520963
-1.271107563513886
-1.222917555760864
-0.476338186888235
1.386927362480515
-0.356452314280667
0.263070283998772
-0.277227073137698
-0.555716296542983
-0.458556232486933
-0.983092765921532
0.400116143784386
0.187046667333945
0.090191738522878
0.838786719616004
0.037515183666975
-0.198703534331461
-1.231563289617763
0.287285143177439
1.291003967949502
0.831238374099662
-0.202563799567173
0.195629018217808
0.051112755586087
-0.427919896299086
-1.350812894366091
-0.836515466844451
-0.866120227213544
-0.748496206949578
-1.118295254478415
-0.479874491262275
-1.191943702126254
-0.356107405735034
-0.459703237936243
-0.265650234196515
-1.051854254097643
-1.868302073657685
-1.751785673661540
-1.056851562381958
-0.131511873376754
-0.155826220519598
-0.485167884133100
-1.123250159801256
-0.083863093857386
0.126334710464507
1.195986414653522
1.317175428590925
0.772605878918227
0.631212683557955
0.725772701186234
0.352591177209871
0.838270135391230
0.564266889027225
1.670851031018423
2.382553412569118
1.207494965618213
0.510780273199119
2.245301800299882
2.286067493568837
1.454673974010635
1.045214116512776
1.184378629600199
0.739383717061559
0.782609415402369
0.879060686901220
0.677016585921951
-0.010425717896782
-0.410076152107959
-1.188587873895190
0.468296400875582
-1.121279092343311
-1.516577065499575
-2.808651567128572
-1.825130546618783
-0.229184029074300
-0.211180795596987
0.683856568923369
-0.235546149572308
0.044111376781122
-0.694599446047832
-1.866887892804314
-1.160199075181233
-0.484003585127657
-1.158229596122156
-1.379385876079709
-1.357790204340833
-1.268630073035533
-1.770349098608923
-1.064479042982059
-1.724268837454254
-1.283369856720141
-0.732237543217260
-1.730401032181791
-1.499463840728729
-0.676309962896141
-0.984909620509145
-0.194017651233155
-0.099893547389968
-0.583780953367257
0.028686536225227
-0.468508441811045
-0.768341072824901
-0.343708920792860
-0.884655984580663
0.165574228142022
-0.873695169788446
-0.689516611611902
0.173673767656060
-0.916952898392764
-1.024037775170859
-0.878252301220459
-1.126578360723149
0.095207477979801
0.120510566050776
0.629280794686455
0.275802518496611
0.659562624981343
0.715756279412979
1.542328106089160
0.928398190669712
0.657197019557783
-0.229862026013135
-0.722531948512714
0.188122197883701
0.151047033934754
0.167340086275741
-0.062016739370085
-1.166796351033039
-0.827180237670326
-0.854441465756371
-1.479491602116814
-1.330377955456352
-1.394712375379650
-1.471992096747947
-0.345705879364036
0.397474580175165
-0.607411887824462
-0.586058920075525
-0.519207853288990
0.201884038912665
-1.368962029741240
-1.017671221789615
-1.828773994833681
0.327914403263638
-0.948949872548670
-0.053818248159381
0.287927254772346
0.264467233078601
0.323805481807379
1.331818611719372
1.505369231287152
1.430877832456420
1.243402945359838
0.663472204223744
1.302374094691911
-0.068515549105583
-0.114767902283300
1.375250706566335
1.278436777176331
0.391168699695504
1.188683779040925
0.349021607666698
0.251881452910963
0.343093141071794
0.993235485192716
1.118475330709766
0.834675557065818
-0.618424114225061
-0.608932184707154
-0.986365808965683
-2.170872862735047
-1.856971315381381
-2.385598632026606
-1.931054950678102
-1.120911777210695
-0.324939495526777
0.122049987430255
0.427149538586930
-0.540732044881439
-0.776808536305464
-1.431416821581909
-1.749778465260542
-1.636062874651712
-0.891299733484710
-0.506195985757922
-0.715660612963440
-1.771894110920386
-0.755136711552984
-0.493647323120633
-1.760502468723547
-1.527337268909231
-1.706971969879711
-2.168510403743837
-0.667979362831090
0.168590007333735
-0.643448465984267
0.080441237951770
0.102877685079426
0.581830811704599
-0.783018026756587
-0.325228021246211
-0.315781407303702
0.351965737751514
0.208058240114420
-0.613525051523994
-1.079290441243083
-0.763782373821782
-0.823227375714941
-1.547465305210517
-0.065178487479387
0.168671250494054
0.165871446574729
0.268156100519869
0.249194169598292
1.519158254090455
1.028621505462600
1.089257950082985
0.026911265492175
-0.166846045819640
0.480099759421064
0.809504894356447
-0.441516657796174
-1.101556313217626
0.520150036772958
0.780943034375494
1.672997212059997
0.539188981220255
-0.184293447537385
-1.134384714213715
-1.678624635493497
-0.737405111005297
-0.395352544178012
-0.756036131098107
-1.556069587699816
-1.326638119875456
-0.290822994101090
-0.832836323967729
0.178865988368872
0.722653469150769
0.898318004317518
-0.342414543039816
-1.167272770631648
0.458523043161661
-0.503833695940429
-0.497030289673583
1.049583878774246
1.455584847033758
1.083151517386254
-0.048710432181602
0.243164137581168
1.103347024442620
1.715458630070126
0.986254509032104
0.896261670999154
0.982021182890848
0.408403602162843
0.070186449322729
0.678993756302658
0.313091229882295
-0.670981342123735
0.509094088174933
-0.185791333635959
0.152126474569338
-0.518949747518451
0.155328701879020
0.961515640122224
-0.169452244109924
-0.773703662508049
-0.897073167705243
-2.071607421681576
-2.540120129982595
-1.893399919551978
-1.501116507520306
-1.496227354713118
-1.277878667902388
-0.885183401757017
-0.967096731933762
-1.500416687171379
-1.096679861184028
-1.634234841517855
-1.539244039724171
-1.674507084095840
-1.608882991427215
-1.163175981504533
-1.009903375522341
-1.454958960098629
-1.214118103968269
-0.641417507721028
-0.700209764429072
-0.644162142980238
-1.348694544399787
-1.834513096377735
-2.410009534543279
-0.928803733282673
-0.443777758158616
-0.764613001014996
0.359028285261351
-0.091329097705578
0.338997958315214
-0.112261602888998
-0.377564188664645
-0.275397753808107
-1.096707413419341
-0.433628630667100
-0.671519300677511
-1.694996519209407
-0.701181725568300
-0.787726229200250
-0.564315723287059
-0.214112303622511
-0.331052582001187
0.325971743399381
0.150517908807560
0.098961068414803
2.170723826152518
0.907024413334402
0.291252239024755
-0.130766528521763
0.604472969712119
0.406984302318423
0.165498480034806
0.551814106871283
0.274721615464027
0.649015246035868
1.715759146566912
1.266820774828718
0.441822705834606
0.346287406486732
-0.010253813780496
-1.052394856309369
-0.983662967368687
-0.396576401871659
-0.796156700347185
-1.308427200009966
-0.697003974133135
-0.676546814965108
-0.970183397455852
-0.112995722439451
0.224788717740343
-0.168511074069544
-0.193889707108123
-0.581185568555656
-0.862284940198821
-0.404049434896838
-0.247300037883908
-0.658889034124864
-0.107732319040500
0.059424609064456
-0.327480794253451
-0.244688854672698
0.081566253239205
-0.713738887251472
0.033912243310389
-0.248109105877444
0.513190352289435
-0.502374623734939
-0.179594467095784
0.366941859035774
0.295826691096972
0.265007287585080
0.345561265625598
-0.365407778584245
0.232396706501923
-0.322040840248951
-0.608939918380429
-0.059411405271639
0.260060152259535
-0.062076683082204
0.871190918561881
-1.074218251969462
-1.601329351751095
-1.494314627038455
-1.771674402023705
-2.744481609073136
-1.333588907620209
-1.121605723664204
-0.710499215109427
-1.414688566035034
-0.699711667294669
-2.349030866745748
-1.066515332893581
-1.247436144313606
-1.062793181020391
-1.157508082887501
-1.312992718242914
-0.860672302884871
-0.763795275241130
-1.026139706079451
-0.883709944390252
-1.461988006069015
-1.576268343236039
-1.740207482053289
-1.370846289028856
-1.585132383807744
-1.559430502760783
-0.677042712412251
-0.877712680933596
-0.069091490385588
-0.191697171477142
-0.870389096052345
0.194383716279519
-0.082469789730993
-0.643017386161524
-0.020730857439939
-0.157327331521581
-1.186320891531256
0.689844266462644
0.940958495606870
-0.430144431760096
-0.255704177184304
0.122744898096856
1.059413150637416
0.635715375335689
1.094337342866693
0.615195729993738
0.512565918154258
-0.411100090864417
0.751573722148580
-0.012814311168954
-0.936634718094735
-0.155537788756235
0.378288057576857
0.764323574691423
-0.207799255768487
1.472690922481542
2.093095700489182
1.702632848482732
1.526847402164774
0.257911144332542
-0.216157147149389
-0.601788565692289
0.011329159010037
-0.935028086419490
-1.377918327967674
-0.921465059882947
-0.424510408623311
0.089934002237227
-0.500042564619201
-1.004678199471422
-1.485654066336905
-1.735849954226605
-0.834316993402253
-0.316064468583808
0.070290250278872
-0.870043292118876
-1.285715993413584
-0.893683651486665
-0.073373450246353
0.158414863756392
0.673393451222432
0.309665121074288
-0.515428669956315
0.010024109269296
-0.465168080415348
-0.225915118828901
0.706636036513509
0.285818369292601
0.241816697155342
0.660377545561714
0.280859507462653
-0.289708261456342
-0.922208477329749
-0.191692521071328
0.019942583368631
-1.500603083581414
-1.573990211775161
-0.401424036985515
-0.040502983984923
0.182513654612848
-0.885431270411986
-2.277600277644510
-2.691602725218853
-1.191758588529275
-1.219594885350021
-0.508803446744604
-0.552555861741270
-1.332632452828920
-1.226854560140662
-1.174448537857296
-0.847208076503352
0.806051780943644
0.763858026713748
-0.026932665747151
0.036245995527098
-1.034995819152297
-0.699602946304674
-1.071822830161028
-1.184118044224845
-1.901975575167897
-0.991813642671188
-0.897318718877331
-1.116172110001919
-1.240066546076531
-1.529730870609374
-1.330514226616454
0.260403483022691
-0.489329089343804
-0.336142506370059
-1.191491599036876
0.041487137018088
0.747264398749396
0.320375488613103
0.147257969982624
1.212106688898207
0.221012734735044
0.116991339383318
1.069280055981788
0.141176459589134
-0.633140161627789
-0.339548567093187
-1.093879053432413
0.816955780534456
0.187979710120582
0.466300393239107
-0.569788451178724
-0.489758679229566
0.703218853288141
0.718423282312726
0.375862226848078
-0.828562289664376
-0.075518466161636
1.638482596893703
1.063381051119751
1.694166708998642
2.066558393108480
1.471461235289055
1.728808465058359
1.520564067259595
1.325742294359372
1.074682299789972
-0.725463921249181
-0.931960269773402
-1.637201237846162
-1.507717461552952
-0.438024167773374
-1.076870963742496
-0.148319180337652
-0.923262794721765
-0.577917911531148
-0.486515074604652
-1.404102550974103
-1.211035267653308
-1.786146146551614
-1.102666398232147
-1.885771669969381
-1.252349893756980
-0.483931655925286
0.140145519895002
0.102385402629308
0.441291734199013
0.455927824762310
-0.675757188764625
-0.631504396568235
0.218385078443050
0.056843816304650
0.295609601988742
-0.338915390655314
0.057967503481032
0.019478339951087
-0.423483371900480
-0.739920124950159
-1.471371720341575
-1.398124261167790
-0.464348154144164
-0.682251977408545
-1.141762365598136
-1.001959186996755
-0.650681019615462
-0.150497561679599
-0.519028885705765
-0.682902379555585
-1.241046259794352
-0.589605915654427
-0.713207361386678
0.130887543174101
-0.765367063575196
-1.266608511231927
0.359526657697180
0.230699482730649
-1.499835282119391
0.235275251739756
1.503852185319170
-0.580929085980548
0.329099482805503
-1.371493589126966
-1.496788357311241
-1.458228994575705
-0.733049089783075
-1.775883699246207
-1.197545721507913
-0.904271121621180
-1.127303817766174
-1.199345072288496
-1.504731529487968
-0.894413426451643
0.903368687671616
0.628117650105776
1.054878085009321
-0.013507271942774
-0.304876552847052
-0.726052151840337
-0.762138166876163
-0.915671785115009
-1.416039128731436
-0.120383848090584
0.894253237968154
0.512255379257235
0.858644975980376
0.018816231165491
0.028355497587635
-0.560585770377905
-0.083754337873630
0.876324800391630
-0.541456250357429
0.515346241782141
0.137856140674869
-0.500495693171287
-0.003618574849574
-0.235271372314955
0.137756755290332
0.738683402737568
1.204140455405444
1.789582383180653
2.272499113132176
1.977768993094464
1.100993848267682
0.637265246034334
1.293926090744496
1.220339952126511
0.677568816653646
-0.618165291126120
-0.877522845975412
-1.931493847741467
-0.914507020448423
-0.574323918391934
-1.534782859282929
-0.732350511129977
-0.435950988211873
-0.626223021891998
0.383127034974207
-0.927064641353309
-0.773673010137571
-1.199714548193195
-1.208371490452967
-1.220293716438579
-0.660226431332657
-0.156022168391370
0.666576862438416
-0.149307044713872
-0.653625297606069
-0.753629412845663
-0.175527044160889
0.232726055683095
-0.305557461032053
-0.795276020661685
-0.318314632301247
-0.799936466106764
-0.565373368824898
0.451246540658919
-0.576227178586666
-0.902725071140551
0.033830292907342
-1.002841067039661
-1.069865997115031
0.466500810294468
-0.640164479902174
-0.770816268083904
-1.308659994236068
-1.059546726997691
-1.412564724726554
-0.751082838863968
-1.709449258014378
-1.830458412909336
-0.478154578892480
0.415873012876951
0.491194836418715
0.762508656176305
-0.594735574847486
-0.841848811098221
-1.466864176636870
0.242372691687055
-0.195100246819129
-1.050165299067897
0.058902604498701
-0.745194273467727
-0.419335698809521
-0.255251436545708
-1.126942793851287
-0.859023264357743
-1.648448100168590
-2.000954792836618
-1.522190399492355
-0.355270522270074
-0.691562359924921
-1.043988767659340
-0.567901244860153
0.473332214920361
0.780060329116370
0.421025664300729
-1.786385386261143
-0.509991312007415
-1.437989965524930
-1.887349619440485
-2.114636514490436
-0.765487147946845
0.588673540726340
1.235350448762241
0.551999290845333
-0.169740734320358
-0.166080676408891
-0.241263532196754
-0.273468732022048
0.971319853035917
-0.057126249358274
0.556476283170990
0.514055642790380
-0.212471117696014
-0.221411172351624
-0.487828507512516
0.616240301953986
1.126895944008483
1.228239632733013
1.749671413328177
1.478555235567769
1.183770200499326
0.869599216468974
-0.761216533884576
-0.147756954712364
0.103249927785722
-0.600609978822236
0.138661813927681
-0.657955072340016
-1.086330292072089
-0.610119386806522
-1.458912885364331
-2.651571182242043
-0.782268634105946
0.868873948987116
0.467843908815861
0.773107800507651
-0.777942455798197
-0.745382882008138
-0.490836986939188
-0.166919170446887
0.353880440528548
-0.246908620782155
-0.110361277724922
0.582846187266364
0.338941401623133
-1.109283915545698
0.101476358143209
-0.042950351344609
-0.027316233385783
-0.695147522805685
-1.329859322568947
-0.563759185931215
-0.386717796387704
0.123902184256812
0.344350457173853
-0.418554793065397
-1.209749225426365
-0.724617036889714
-1.135353791311267
-0.813453735410602
-0.371078509320717
-0.003841754964137
0.131771247294971
-0.400755172951226
-1.488352116078548
-1.193514407637795
-1.031208577663483
-0.909400252130114
-0.494513831034495
0.258616895482313
-0.422380613775919
-1.078542310331038
-0.366712807021938
-0.016269625493166
-0.245158406269308
-0.255716519387978
-0.034238414224916
-0.308830358948512
-1.298620537933336
-0.714991361072021
0.391262721199924
-0.697499435944636
-0.584814197064870
-0.919530491558964
-0.200336160599879
-1.253127216676922
-1.980972331620439
-1.178602442624072
-1.293038309219131
-0.354944054014740
-0.922064440334959
-0.155984620669018
-1.217749829314837
-0.329335176696153
0.078824575580217
-0.449047274183452
-1.249314292925998
-1.404856776838175
-0.891291166235753
-1.090525544736248
0.331135351395715
0.730807125285149
1.342853066433179
0.395457631779052
0.248847736117294
-0.380902103869467
-0.812479214016618
-1.034646317539628
1.077898277844010
-0.491258102075361
0.798515167937041
1.584474010599987
0.849459832481621
-1.045466615747118
-1.310059516467994
0.929623588756750
0.640501047542487
1.694329873732313
2.306819752356499
1.162899096350915
0.819906434474951
0.467895898184621
0.250386288668405
0.147466919586383
-0.272145668354780
-0.472654705450984
-0.184362256528524
-0.199961567485051
0.173538361930125
-1.382063772166236
-1.570384457325883
-0.357282730150988
-1.286183341565278
-0.185095717754144
0.656552810337085
0.315903844859024
0.271914423507189
-1.155146762280851
-0.565515037070978
-0.090636113866476
-0.920529420724829
-0.092167812552570
0.351544270215766
0.755482723946084
0.214884462094858
-0.597702101317269
-0.618881729545827
0.236642762031526
-0.053488503936805
-0.608035450579493
-1.069853602215572
0.298357540501087
0.519247784745856
-0.343313491994182
-0.050056815401232
-0.840155058481560
-0.554096091751297
-0.121947574143541
0.323580324275737
-0.207641315230067
-0.151127085861647
-0.347574478747166
-0.371180861016239
-0.918333936692954
-1.255702815274872
-0.492147982614761
-1.037281016567716
0.167160347147465
-0.927551941090676
0.069574641209463
0.175621155729794
0.602129482002463
-0.991206575203396
-1.007111925258998
0.528209853905223
0.942068559478313
0.853392321732273
-0.657324286316153
-0.328041684323695
-0.826938793807650
-0.553237915176447
-1.106479949554719
-0.997076126903795
-0.520172075337848
-0.274352585707172
-0.684189595880206
-1.307896947568289
-0.622063732230005
-1.257034159078516
-1.148215887820110
-1.222754538749665
0.067090407490470
-1.125829409513313
-1.066709309784938
-1.226652891588766
-0.400656391202725
-1.740712049895360
-0.467514997443817
-0.341022040307140
0.478867236455144
1.264525386977527
1.089627671583847
1.159920254694049
0.387786080885850
-0.419496819166716
-0.442354427611058
-0.434977908595769
0.700062965309720
1.488270519103995
1.433610593545614
1.101872719724169
1.777981506459540
0.656593783656571
-0.213656315574549
-0.371660991037800
0.408020636482760
1.558813412910248
1.493578319609088
2.460675812061447
0.454759259493074
-0.477788222565481
-0.338631002337825
1.751590883825109
0.608886169574794
0.780206411072750
0.845096676615569
0.134618806972489
-0.332562677111184
-0.829418998230447
-0.897694295096759
-0.355862537312302
-0.303220975041746
-0.850764167053602
1.143393030405058
-0.027259781348360
-0.854832667190033
-0.521578653609490
-0.829214975698523
0.510007189900199
0.016356112453889
-1.034978716101638
-0.032833234920181
0.009474935491117
-0.569172730007722
0.432042538599163
-0.719463265183776
-0.972487265151128
0.091922194158345
-0.605280652456490
-0.684074484154271
-0.746329316846229
-0.126098504579824
1.306309789601580
0.393906457157710
0.147975760490323
-0.734039524306422
0.308140879785039
0.525823634035634
0.593473224558670
0.721557174739236
-0.017885371608553
-0.409896833247562
-1.559615574216328
-1.457713620934813
-0.588985570853348
-0.163431686931891
-0.791955024131177
-0.699758894261108
-0.828544726060709
-0.350610259644732
0.341272325824435
1.297187220608782
0.723977806045079
0.557820511692650
1.972817320556374
0.935206326503153
0.219710077621677
-0.660426852007789
-1.339165131453451
-1.188773120614135
-1.434681325961570
-1.309807213561058
-1.976164767398328
-1.257749697208861
-1.465694592543207
-1.205117291814814
-0.520039518778952
-0.938162199811168
-0.985921007656575
0.194225289031563
0.299389406233593
-0.336543696765724
-1.031545772914327
-1.357368383962823
-0.766757169394946
-1.174952501024031
-0.401568961122110
-0.748672715728431
0.165084387713358
0.966416658777132
0.691465871305258
0.874914818800803
0.643142673936196
1.051318837475835
0.108019941743912
0.125658933336402
0.762883404479497
0.998519936247888
0.843876687597622
0.486440596294152
1.740233026467861
2.118868990562133
1.480832495181033
1.276649649589793
0.663571787134723
0.953435555199244
1.960778722997839
1.750139999193139
0.913100769209496
0.079204537487181
-0.249706103973642
0.300230665055653
0.966464542384557
1.504795275929830
0.779844579111614
1.462246224569717
1.218432728788535
0.076466801233860
-0.921960080827631
-0.452808015097123
0.425952714180911
0.817409647538221
1.133618560218892
1.205326072036159
0.692506188837244
-0.013926087326946
-0.191625047342023
0.361997832102918
0.682669002941734
0.501668380629805
-0.973113416381818
-0.693082990409165
0.110184600653424
-0.737788182824358
0.607726538884047
-0.055725264060894
-0.284542119172916
-1.059820515880716
-0.651588363951724
-1.028455352303903
-1.513282222030141
0.171078302357497
-0.850720897832535
-0.004714793484906
1.469998132763825
-0.979835093968112
-0.522730508337085
0.432345752690874
-0.272368703723647
-0.645095213968467
-1.558630572096709
-1.576321456529730
-1.957004023149274
-1.077878135037074
-1.073573597006577
-1.048384896566654
-0.720780170983139
-1.287312158939822
-1.615021796360856
-0.368781003255802
-0.641728603142385
0.682771534824059
1.044828336835006
2.097692524826391
0.979381844362080
0.510477120270025
-0.301833184043785
-0.856754594051001
-0.568153088541212
-0.355190530916880
0.411703935477021
-1.495503604742719
-1.730646279647863
-1.250464396200148
-1.571153595893777
-1.548978020003292
-1.523297562756013
-1.691549602520872
-0.997382084866917
-0.727861957338450
-0.992953191296556
-1.317791425865816
-1.097900981901744
-0.885804077173106
0.888389057239075
1.222895383004557
0.156247149837049
1.676487514802049
0.291215802548428
0.334663058669465
-0.179248498911288
0.013605132940177
0.262436966324468
0.984391387890903
0.819812957783642
1.348168405992068
-0.463673956903616
0.292193156181364
1.035467345488351
0.707737228189600
1.312865695283975
1.325652593438877
1.567324902783795
1.166911961904889
0.139304688489278
0.834094424871103
2.364505381320350
2.079816425173914
0.712545693743030
0.305834259873463
0.235192949158202
0.204197351318246
-0.660266868930187
0.864578996586001
0.565466723960576
0.672353653055108
1.230813470283017
0.440996998276430
-0.588735121227754
-0.745868572633870
0.245200766322419
0.938141879361325
1.782234320496426
0.961021385894033
0.171852227857841
0.524446826664859
0.547710561193041
0.830101155702706
0.715279111997996
0.354524042621278
-0.498410288414520
-0.783486387615142
1.262016610751005
0.646178023335886
0.818865723317964
0.233210016597214
-0.798604072141470
-1.056253080065093
-1.084912938038098
-1.195652285382885
-1.179964279501002
-1.662748439224421
-1.393188269557775
0.219794350664554
1.112635439519530
1.061020994694841
0.739496972255687
1.905149221137319
0.349348833499471
-1.364239933788776
-1.596403981763109
-2.178547890266922
-1.149521864835989
-1.387078906532250
-0.383026108569760
-0.440171811332770
-0.704608788641774
-0.580159897450391
-0.513601490671800
1.039893998949540
0.507191646922007
0.821364419751719
1.743134155306212
1.792940435266010
-0.248782869499608
0.371032468687970
0.396792350416493
-0.373133843678276
-0.550773753038909
-0.204654714680546
-1.167001045742329
-0.605652170813792
-1.592697693100988
-0.642841008518168
-2.033912924747985
-0.867908707775213
-0.980282057506744
-1.369417523146847
-0.936644288341819
-1.034840766444693
-0.829048206120588
0.087721984453383
-0.137829295853390
0.233330848383335
1.245449991132499
-0.517212814217497
-0.286365525330600
0.770112818581158
0.315717331790226
0.791764833776863
0.517590442027854
-0.291439486411342
0.920139071012479
0.335420578640775
1.228855708805855
-0.035805045132589
-0.068708774442920
0.353932329275429
1.539072429598486
1.720398655096181
1.812137148558880
0.898127054485528
1.584122339553403
0.675177496107308
1.078533440367440
1.722647985947930
0.903192997436200
1.139263020366579
0.985887068953961
0.518144017241119
0.764838800999754
0.194478129841054
0.254784386918813
0.076984614771560
0.585572843101320
-0.232181179144798
0.987673997631811
0.652220602214913
0.546574333177520
0.426887823542560
-0.261565770949310
0.785091107879795
0.897622464089572
0.236826427742446
0.397782363088303
0.174471768594932
0.908982217553938
0.061761660979706
-0.043752136782532
-0.584578920888049
0.621257608419871
-0.872165666445701
-0.126480335259125
0.553804059339103
0.481764798697362
-0.093336570410804
-0.877738597409018
-1.040480640969983
-2.254140546213205
-1.308323195097839
-0.870670681147545
-1.471014016440105
-0.466977950718461
-0.040902531878181
0.254169282258148
-0.299918249137485
1.112794566511335
0.993480151632442
0.423081267059334
0.223195109508305
-0.307964200240671
-1.135345221016100
-0.650264004367340
-0.956611952545405
-1.280329779522292
-0.981840568512810
0.595977699061546
0.130023586652845
-0.408579911848714
0.188151511968768
0.179398703387473
-0.134714752086098
0.882744302721930
0.702182277410966
0.435283527831088
0.518424425989892
-0.101538711631614
-0.854444548394363
-0.745401955472801
-0.393019524355529
-1.111206148014765
-0.618931422241280
-0.798869329427012
-1.488123432405568
-1.819106275370370
-1.438075293411320
-0.709288039289935
-1.307695475729196
-1.746667542439627
-1.141885677083023
-0.416728128230873
0.392833103784200
-0.457345406969467
0.714483217040672
0.797839133968855
-0.684772461469358
-0.046784418104167
0.558961496464854
-0.004225768368819
1.570520940224791
0.857453737089748
-0.195142154287966
-0.663935067219442
-0.533098929911473
0.714841295870823
0.745021255738750
0.097009852154308
1.728367863292897
2.080164420630418
1.883488460597616
2.196100337391792
1.158173820061514
0.327021489919627
-0.009686636601792
0.678659919899215
1.105220558071045
0.398149782391597
1.151534453035888
0.760550991639648
0.213460041570540
0.694750368363350
-0.007618807618881
0.357506156140765
0.496005065675775
0.002335713466425
0.763147162442764
0.099008301160497
0.974212808254094
0.545006257778873
-0.333081907558870
-0.130151702415795
0.090981756109171
0.755978802519720
0.622531371252479
0.210239094680872
-0.127373842709871
0.810106016273645
0.441383138523668
-0.283082764973199
-1.190007443284995
-1.454570151328174
-1.307660242572257
-1.263128295510309
-0.224067141246826
-0.775923579024153
-0.833240787355336
-0.650578302448234
-0.532469087958631
-0.912567630013061
-1.099881854752226
-0.731288985016744
-0.896343286679240
-0.489734007842519
0.267205125480812
0.870146604877975
1.326965744061301
0.836935928998276
-0.006124728945569
0.753619282369895
0.651243044848972
-0.489500910806609
-0.281664997240072
0.418037238525624
0.303795570945744
-1.072141502946626
-0.926441646475515
-0.254255180983384
-1.274235767841110
0.388151061109947
0.462676451333042
-0.800558580334099
0.285993195853041
0.531256258089173
0.253609748408621
0.359158428414004
0.057277516378529
-0.070173338973895
-1.411204712756377
-1.366964509048692
-1.631125755801161
-1.352277724973977
-1.782341489412482
-0.613001786517287
-0.746791303276479
-1.291096104958296
-1.349004225138250
-0.523892872673357
0.151475859350311
-1.012427150895989
-0.765951525566453
-0.407544695127447
-0.293099760506265
-0.922393399286658
-1.013124386512520
0.416158462220594
0.075149303274084
0.415787454302330
-0.121108406195245
1.105562058725267
1.059989628650989
-0.759816549993286
-0.409851010453853
-0.042448095983973
0.575724148057416
0.950397056883168
1.026721439222087
0.824014289710961
1.224678133910275
3.157131633672593
2.752370326867114
1.616978009015470
1.588153881509319
0.327357078945968
-0.268079222577620
-0.273992310534524
-0.129890792964887
0.256092154943066
0.821575655665270
0.736243815653234
-0.269645346536277
0.194770793979225
-0.287157870454106
0.226362350891563
0.256889593024512
0.297673802938290
0.412936820642016
0.658139935168761
0.726139399522314
0.773860025379412
0.238448306173999
1.134566500748876
1.237016548112011
0.948498022484120
-0.083508978235984
0.966884368425783
0.553579067034804
-0.199221384767391
0.305676870698261
-1.017519781614747
-1.765424003916176
-2.221826055316965
-2.143655800861490
-1.779349673114768
-1.482712430568871
-0.612465513755738
-0.561739194003548
-0.966003908946724
1.257891101552240
-0.097117884752650
-0.471761251496182
-0.507535656274858
-0.460474525132461
0.743855068502139
1.026693398417005
0.168417210162776
2.082869782011144
1.098880503666848
0.373522198977777
0.514148444361994
-0.104677268248192
0.284389799852016
0.081345621426907
0.248634550342647
0.434989805670726
0.098011190410731
0.041344480370339
-0.302184863223253
0.318055327538715
-0.256180531451978
0.292352540486018
0.851782983746825
0.429521613032253
0.039227516327468
0.053655238671539
-0.715425177212956
0.026168549016110
-0.251058849058434
-0.188776048635878
-0.165719804103656
-1.030851811272281
-1.298091483322250
-1.677155743671766
-1.546732479771881
-0.040590183101589
0.036776896255462
0.300788326992176
0.193801563936304
0.332535053520268
1.153587504115708
0.924828562443940
0.882374592415777
-0.635059426356711
-1.902427522771591
-0.694569415878892
-0.614623805964725
-0.334724285448854
-0.218285992963506
0.577161171182271
1.015415269263872
0.046616939711389
-0.958332928149261
-1.351073141007329
-0.432819999964617
-0.056099474609812
-0.095128421696470
0.187253920746224
1.018052000481794
1.937883673094463
2.390776782428000
2.845241730715599
1.382964699301956
1.304511822299750
0.398462632401982
0.221992224732634
0.751108493929616
0.141922962516664
0.083388469865068
0.545910328414347
0.391730229169237
0.199880763122785
0.514528050020476
-0.433734999897856
0.655192534514638
-0.092036553741814
-0.369267964526314
0.394413549624201
-0.646280539336931
-1.131590332320416
0.256585267520719
1.378368594814670
0.147677067339812
0.686373214843980
0.895696693390493
0.676898683173982
0.350844467466325
-0.174710659582801
0.256070630308370
-0.506965519272180
-1.030781002651554
-1.738739187091635
-2.292832208793659
-1.593396886051971
-1.247144672635827
-1.142682388974122
-0.176268600703287
-0.638336879496535
-0.986747484272075
0.852324937578459
0.741619757182703
1.066739860236584
-0.437249947688447
-0.434164809490361
0.496307604666574
2.052038913877624
0.293235805969911
2.053406097959333
1.023869154039964
0.311573538430768
0.354716846440937
-0.284061608424227
-0.578597911674746
0.101449647432635
0.058965261260547
-0.146939760324649
0.225317883624952
-1.132553114715517
-0.356467027713751
0.746671086041022
-0.312787721943885
1.050217177926729
1.109111584838517
1.154055218370251
0.141775281866678
-0.387935251597664
-0.276969884966363
0.131037048617408
0.118663872401165
0.432825409667901
0.832833430084464
0.422716399523768
-0.892695728310994
-1.254699105466194
-0.931163300143666
-1.104525396614811
0.465677060660080
1.938799963237468
1.178004456047147
0.870641737391669
1.885641844354818
0.588664305994921
-0.134974443060786
-0.535495198893597
-0.832777502779447
-1.057385650603752
0.340042721344336
0.318824525523286
0.452678475365041
-0.368347669787160
-0.066553934070400
-0.516595836239136
0.036626771775820
-1.051509401704768
-1.290882818723560
-1.012503371983517
-0.318530043329878
0.609577667404015
0.845015098087690
1.055819147778751
2.435945196558175
1.590689888336221
1.517912579049527
1.665147294470964
0.943566796651534
0.705401801464052
0.960844274938237
0.349925660303720
-0.113468977011632
0.555849256041444
0.015925274045556
-0.976177468692640
0.401166526713086
0.117308274418353
1.792447990123765
0.607122752505439
0.482902694243522
1.234414172631447
0.019104623985359
-1.030954673115991
-0.356741465617712
-0.346553678394803
-0.048430661086572
0.161144995433604
0.687826010722744
0.468831519537957
-1.202088949098464
-1.108787862858771
0.251103076771717
-0.348534528599201
-0.082562017780051
-0.638030608853592
-1.719881031960996
-0.724425229285715
-0.422941782566806
-0.668235978355230
-0.217804388617174
-1.135340012666650
-0.578277631805913
-0.603417433135088
-0.303872731372886
-0.401319647330124
-0.181178961676548
-0.695960920141277
0.113777404778026
1.592538294168007
1.921812686405423
1.827589478425748
1.113211853969659
0.965367116902165
-0.154685483587128
0.188032028999163
-0.431454588520118
1.123049219814734
0.027518029298023
-0.287586585452407
-0.425989805794719
-0.341131340955258
-1.007292145114253
0.893631398812298
1.231059648366466
1.374825172025731
1.313896847818220
1.448029569354471
0.563673549815480
0.129782113838568
-0.168170951925552
0.153816114354057
-0.898264575293012
-0.259520628476443
0.217715667158088
0.466365541235655
0.317244860193430
-0.400912025789562
-0.470252338990070
-0.853508346906287
0.188035634905723
1.930263318722681
1.422660611501339
1.525812410610100
1.549533144655684
0.596787205489438
0.057513360380261
-0.138298895501388
0.472550376277897
-0.911189163562157
-0.843054495570471
-0.095089338148885
-0.268817022514949
-0.973865167721461
-0.212962074966981
0.381896527082631
-1.172006697688331
-0.313103706762215
-0.247755748852922
-0.296332281615190
-0.052906672792392
1.184837474297124
1.139270890622810
1.092504267759979
1.899061080371940
1.372864363979666
1.752651876603550
1.365287838817740
2.102958233524358
1.325991355498557
0.344205043571989
0.946500762524168
1.283451581187202
0.810397412466397
0.472925799973289
0.629597506446609
0.398377422387047
0.260218544212952
1.242255174409354
1.234838484223977
0.708767848106466
1.105485037973061
1.241539537543888
-0.817070604678800
0.287411961949227
-0.226588284421573
0.380709138688988
0.601721405732795
0.296699018162381
1.004707237598226
-0.234458918435383
-1.121056917849665
0.481683516673117
0.159552973600605
-1.450072626963999
-0.905022781293436
-1.169211937982044
-0.808418990358462
-0.860996136307585
0.018375567791462
0.388073450537702
-0.764937718223581
-0.349323371035881
0.791472932437733
0.468256032926046
-0.106554176362091
-1.967630425543205
-0.447780778787345
0.443731761305008
0.929463610614464
1.725040103434202
0.007572455276414
1.513859249283548
1.722781455411363
1.596085450913441
1.282696916295682
0.604080778431970
1.556756417863130
0.292668473041678
0.348634838426533
-0.528521425317080
-0.889622691772409
-0.468007939378708
0.727295532511155
1.469940914710170
1.425738688483153
0.434669279425900
0.108516877145188
0.185879565199776
-0.573539640132281
-0.990829935039760
-0.943621120840937
-0.312276683892002
-0.525660693115346
0.150049700831938
0.186056961278404
-0.484962540081979
-0.821550758311536
-1.282934434420959
-0.229670604040980
0.787982335021980
0.729167643434985
1.412807207924021
1.279447356440691
1.082882925475196
0.436277500321392
-0.185167983678370
-0.680949583972500
-0.621967110913091
-0.277461903988205
-1.146744846335804
-1.355017428850754
0.103175439448546
0.193386186392340
-0.678789112044019
-0.176872651215705
-1.423813748700303
-0.576668408400624
-0.289851252386418
0.653198030129731
0.693574172038008
1.179233609528873
1.213522267474916
2.109510640082342
1.750588573536312
1.239788066872788
1.320772577557415
1.328117801892326
1.172898401739019
1.131230529814031
0.383579416905428
0.419896771087498
0.082984252026493
0.235523055145210
1.064530996468995
2.187348376826328
1.029564833708557
1.544399312458810
1.472713857006047
1.125148220965787
1.586998218570943
0.675715383744547
0.157229510176427
0.141983404984112
0.177516724133499
-0.428941428679204
-0.135522660590985
0.846099136799531
1.293873759823057
1.043857475003091
0.788072914605692
0.429011122239452
-0.225664900562692
-0.255541397855116
-1.056107594961952
-1.393575665644720
-0.062058847812070
0.348769828458656
-1.140755811278831
-0.377026225250686
-0.382298082512031
-0.037776378529491
0.163742489748603
-0.374698564237933
0.348805346257270
-0.795109949926120
-1.529866447299559
-0.403878313090707
0.444050172647475
0.320653293772404
0.058604183516342
0.899755131489840
1.623715692081861
1.335082375546663
1.030360249739762
1.295115282232569
0.894025478203096
1.380719104955040
-1.115468839748611
0.487360969783588
-0.118829366093145
0.385687157887697
-0.072188481312378
0.402942293327325
1.485405422744707
2.728339389155313
0.957050377663850
1.003634793445785
0.875436968632070
-0.422203127260501
0.368661527949547
0.399627966041621
0.227943853895059
-0.081968227329185
-0.314038844138601
-1.281439140152684
-0.939757624403328
-1.001885229767793
-1.634676935379521
-0.795776533253311
0.914809816116879
0.622412274311723
1.277399187309751
1.089879502375084
-0.344043626173700
-0.764027931604218
-1.368256014773517
-0.575064411899788
0.299133513978135
-0.397906938579816
-1.285295268866677
-1.221154515191275
0.326290366819608
0.254902814008632
0.518706624974464
0.457098758088081
-0.685190594667619
-0.730961377062814
0.241369865997339
0.735292617506260
1.011651817214592
0.206326259397027
-0.285119669844167
0.059943762335451
0.839170620217418
0.846370164566000
1.796232220295766
1.498894986380602
0.406175814820980
0.784345278935697
-0.181794435859854
0.125327261296329
0.297657102826052
1.315285444497250
1.046771328953937
0.974209726274278
1.477793624652705
1.721518294145685
1.541155506071333
0.871013655310109
0.605817136716496
-0.413622975190803
-0.409041032461842
1.483958392308721
0.850888049652117
-0.401366664665036
-0.246772116360026
1.219639789196783
0.969729085998045
-0.483958799996488
-0.380242504342634
0.374462786882275
0.083384214577624
0.191884813760721
0.227744609041006
0.297634354069438
1.557490267775461
0.030557998273016
-0.170846400566879
-0.789251382914884
-0.865870636473943
-0.617058431632951
-0.903567668958458
0.249457178619807
0.735755505931824
0.629761037381725
0.167425610498024
-0.426247588466024
-1.228019964341403
-0.503380648034387
-0.813085700758422
-0.189463459141239
-0.385607319889896
0.488726405150588
1.038402118242924
1.167961499876384
0.041993506675574
0.952344960804976
-0.564463201946864
-0.098595139967477
-0.419587796916221
-0.080909961581402
0.815261836159868
0.780207024831002
0.846625157734772
1.518058617749475
1.349760035705480
0.297875294023354
-0.473270509655711
-0.378666169473556
1.264994480448208
0.250589302012043
-1.226417005041631
-0.057092245444359
-0.248284101303637
-0.983571933353348
-0.555970339982748
-2.676452112890130
-1.771696555595482
0.635227124539075
1.297600191525284
1.947470773328216
1.366928841006856
0.791784288628757
0.199425723902555
-0.205806928844226
0.311073784046929
-0.603330299607510
0.716267173677617
-0.105608833292354
-0.653451121719779
-0.552828226968307
0.112010512977145
0.083603126946454
-0.136212531977558
-0.711142885119553
-0.568545426994211
0.130910967837353
0.545275160958681
2.023822334769581
2.204392916260811
1.295556899856205
0.588574269501119
0.182601316397609
1.259885770227459
0.964891073015247
-0.423403212408524
1.399328449139807
0.504159145516151
0.110873216574227
-0.229235378410154
0.638055957459172
2.164652998309300
2.498819754829604
0.782230811060459
-0.115932302494317
0.610819179122353
1.963998602729139
1.251275393802756
0.856608067579382
0.431372621218929
0.033073586738428
0.381791716567862
0.873211381096273
1.382658572346762
0.884981151380893
-0.274040328552265
0.090868946159685
0.373195826959850
1.159280035844898
0.792222491482857
0.368666250372139
0.974336462841227
0.404179833112525
0.820912103628413
1.052118815931865
1.625302207966573
0.675920689262134
0.129842803665057
-1.204258330987114
-1.300794249415457
-0.803473844099834
-0.981558112299847
-0.028368340776832
-0.782207329438346
0.557125998489549
-0.484373345831009
-0.323693418925614
-0.798524067358868
-1.107944366600779
-0.402012869205670
0.633618108308093
0.358163842565176
0.888561140226409
1.360017045007404
-0.117476103435146
-0.024293532379806
0.068640021655769
-0.029249143477990
0.126231226495067
0.291644774586964
-0.343103700415350
0.508794799940026
0.650172001136967
0.952579434392118
1.110608914608639
1.016300521951626
0.536626769022212
0.854844177119045
0.747942188872857
0.669643358715263
-0.033425067102878
-0.957602554845242
-0.683091934219978
-0.346171761625131
-0.207320623059910
-0.565630464257175
-2.172655393819698
-0.853663711116145
0.544548706008282
0.517496131292459
0.450407181302471
1.237898826281983
1.035839787400106
2.012438491283547
0.111926135332311
0.636864443840702
0.704294465164565
0.902944805721925
0.574900555233795
-0.035588462007868
0.906366830224292
-0.216576866530943
-0.622973947987550
-1.183946883295114
-0.900920294421626
0.682688249402431
0.231942234066774
0.692587597437460
1.692022985507689
0.968128855156738
1.511808531147511
0.590129696083666
1.399093961214903
1.613371764692908
0.205169951129811
-0.055460180815205
-0.680993454413721
-1.066628498727966
-1.087962165800531
-0.543058174513226
0.044390068384160
1.218110359490371
1.873792835354951
1.771039312934453
-0.300035530784888
-0.223020505269782
0.582513723960631
0.526162970347730
0.086944503043784
-0.032266058855839
-0.344338567146018
-0.513974733628462
-0.694320664736203
0.427467318962249
-0.510093913926045
-0.410139082726875
0.549037452542405
0.988015612094373
1.299118107206413
0.953239913587827
0.283782525564581
0.174465515638847
1.684095674909853
0.885190983551142
-0.191908610453560
0.167896068092033
0.923995161453948
0.314764564124539
-0.975009472760654
-0.630932449295566
-0.912786005698917
-1.563210400664409
-1.220029543603985
-1.630598976938825
-1.042551290070403
-0.815077457023569
-0.509893732204315
-1.178685108755307
-1.002609895582192
-0.791156019031635
-0.128822143829084
0.055024005582719
1.576168263704022
0.773183133122333
0.503974221231800
0.794679856432675
0.506676512492792
-0.477289366822520
0.307577626734539
0.585770155048614
0.118283333355500
1.404640383697239
1.498048696688366
0.538052365176999
0.367817648087223
0.806001605345513
2.354666278292655
1.300736127123032
1.220027917182594
0.241648519886552
-0.302250383096341
-0.623504225208283
-0.563040821231732
-1.320550313368748
-0.119074896560051
-0.487338734621875
-1.537062655000270
-0.199869841378127
0.983384488362818
0.628655498549848
0.521232729709341
0.320886132406608
0.639028844566626
1.257176992083861
1.073464797939162
1.098382761383412
0.267096599212720
0.821384022950730
0.481095841317280
0.308948239830490
0.115180543057184
0.124317026421985
-0.240929999690725
-0.724157329750551
0.421639730379060
1.075291909806430
0.640974469545122
0.940814122452262
0.891866009127860
1.509538669372813
1.081501130482326
1.326642512364919
0.873342405415601
0.405928043445404
0.070260666168066
-0.392593455230534
0.000104874156430
0.039572365056906
-1.117031129347657
-0.787529282069211
-0.909786741676280
0.677327113417709
1.145163673978661
1.042937387131862
0.948864194176182
-0.652022588097683
0.219591126368646
0.424069528827165
1.106161047324596
0.562040490934320
0.810204169190303
0.351892620424428
-0.572684036125154
0.643390211514995
0.054174530467569
0.520883771738922
0.985385963648280
0.360229314920742
0.823418028496591
0.558250085476294
0.108573504277944
0.864946016749142
1.829091735088911
1.260730541696669
-0.146096689618332
-0.109775955970500
0.118964728122759
0.991828291397590
-0.240703937032878
-0.411020406723305
-0.223159928768342
-0.292626771939162
-1.409604112639792
-2.042056504636951
-1.817891028857036
-1.769917360691143
-1.365881533565613
-1.382093942423614
-1.441617890820458
-0.798773932933576
-0.732327373610522
0.380539921876797
-0.123238323507712
0.451160695597007
0.660857633673557
1.052233369662389
0.285651859514138
0.401724046928478
0.281732443503116
0.625520592195923
1.842997474804691
-0.146746646992493
0.852292849390957
1.459158263363839
1.136930662830886
0.628577522932224
2.057525097221562
1.409814833791885
0.382011661163753
-0.772259033793196
-0.199507163941567
0.640522625204714
0.040256850974233
-0.669228310235591
-0.707149763692618
-1.548833478057766
-1.783708979637414
-0.761344515805333
0.567830175262631
0.779856820742412
0.456590922651090
-0.688933945775632
0.106040744740410
0.428023707303323
1.340928246664100
0.517599334488672
1.263522908903855
0.312353076070351
1.780051215165705
1.530182361077483
0.654064528578326
1.162378116666073
0.174208997062811
-0.272412791230653
0.819206435598875
0.461771964803221
0.928154915500534
1.534740347431568
0.327413765381812
1.197650445373895
2.383468020172761
2.297100101802872
1.002309000920852
1.116957780541104
0.435023480635000
-0.001762493546414
0.220810697803790
0.051373608192686
-0.050661530789749
-0.246646715720538
-0.761035347063055
0.571340434303015
1.541799659408338
1.254370360503874
0.266014202440238
-0.493226371866534
-0.507565304582541
-0.543631759602831
0.848805174212119
-0.332558635698949
0.099839369240009
-0.034269745524893
0.052057424872202
0.513069554120219
-0.083369679249207
0.440073100375783
2.028938049029076
1.624025629216881
1.720314243369930
0.494023884750989
-0.171035394044382
0.004586180904882
1.403799412688918
1.278444143484152
-0.038577987674262
0.377900758481272
0.541166338607312
0.696914958025572
0.534185854471544
-0.169404019298020
0.510169693895376
-1.140151092023237
-0.538417167375217
-1.522758115145118
-2.457145021575458
-0.712219746942879
-0.929211668625746
-1.300968826656921
-1.589249445689382
-0.153621619364899
-0.127157547964140
-0.392914515218224
-0.592953252354083
-0.280686361120089
0.036579824975103
-0.663366794284606
-0.403270706239061
0.338693501269340
0.205787792894258
0.571390243652181
1.156736586711687
0.074568903936731
-0.821010465401656
0.554542803430844
0.778935785713261
1.292884417649805
1.381880092184510
1.880090439749775
0.867790396330980
1.422470184188966
-0.206568606403123
0.126848323973480
0.340499585458591
-0.925525104883424
-0.162414335939200
-0.224387878264063
-0.087940132878910
0.538949257694782
-0.309216192129214
0.454999341536926
0.445619029163719
0.885493230329095
1.136902660521075
0.676130245764742
1.626943525498113
1.763325510076815
1.289185674340616
1.133425884173834
1.204112055009718
1.230423447999323
1.547841625624302
1.073578480446587
1.251987655183511
0.497077178340211
1.813512688383923
1.738524168097899
0.921046020560572
1.521732463345911
0.595329827785632
1.511044684097067
2.267294858524099
1.566021260654312
1.532941835211594
1.243222577608801
1.684473853340378
1.284493334109539
1.157949371468420
0.436113139122248
0.401336740988681
-0.836712394790821
-1.068393434983937
-0.087434227642543
-0.174202409387350
-0.069388452118882
-0.241653601382015
-0.041243972174442
-0.410000499989636
-0.523861375448224
1.162829136703615
0.358510591789515
0.466074015854453
1.085653917960740
0.272614828420210
0.138268780870507
-0.332438761369080
1.712753399899773
1.211940917515583
1.649025327526918
1.805106987737875
0.772777144907105
-1.272946085743066
-0.687577271483741
0.584077448903282
0.522433435288201
-0.302720556749978
-0.885685417215943
-0.051057860226753
0.309756294061462
-0.378440606070972
-0.073837426547789
0.014912056317276
-0.271012492078081
-0.308816860381670
-1.186810429769973
-0.273686955700918
0.080546494524992
-1.086924993212544
-1.239760115273483
-1.263999187726249
-0.636423129295518
-0.598102631864253
-0.087638371287883
-1.080501385138319
-1.548881933671699
-0.084526252226570
-0.383963633074567
-0.733058671086058
-0.166601316052526
0.639365586329886
0.809629271292701
0.510334199892461
1.488989178567166
0.194928619985975
0.637026262989938
0.683887403802784
0.441590445871187
-0.051069310131718
0.616785451856533
0.707370027382313
0.562259009857459
0.546428212651956
0.425110506717161
0.302540548107767
-0.215210336942267
-0.247044843085754
0.298125566348380
-0.745334460120688
0.231001969653393
0.489561027365739
0.845259500560454
1.985219111923008
1.686177284371501
1.401234628204115
0.638312584071137
1.923296120885442
2.426701911750003
1.112321677852219
0.600566749443497
0.513444281773530
0.841551516768843
1.356115887439874
1.502987449929539
0.273532903774055
1.404604524775491
1.855125530374442
2.033480060328368
1.711971586824206
0.856772171844533
0.072236551924858
0.371321929133918
1.457148051742831
1.372571927973729
0.348983330121819
0.074964657597587
1.363435502375049
1.539816643377929
0.981308710903115
0.130562152550169
-1.479582014942930
-1.133005493712735
-0.260222764277123
-0.942139895554153
-0.802115653989441
-0.539317554879295
-0.464976251839614
-0.936523997667669
-0.710703796005104
-1.170684149040809
0.109596614997457
-0.305121074797093
0.855366008604973
1.179958587876011
-0.003183616797390
0.042306658821838
0.008052709448168
-0.102444754391800
0.685970001810709
1.578957562094335
0.419818722136006
1.158883393690754
-0.639252758380840
-0.888204067308263
0.110787906187921
-0.941736514521079
-1.194546367463101
-0.537456770422274
-0.273765322941816
0.478814070967186
-0.627707235747067
-0.089723936239387
-0.872334860163445
0.048442862331010
0.442132889304402
1.112678445465771
0.261680841114380
-0.221614628023192
-0.065787167467014
-0.303483422790595
-1.236700365280855
-0.732337106994094
-1.018730089768594
-0.541421553151524
-1.859166093896294
-1.340702901838391
-0.587457530110830
0.101038414827429
-0.466457233418680
0.246324519885425
0.552713391009005
-0.674690210421635
0.016519148598265
-0.853750815897969
0.575263708491716
0.263979129095496
0.869780646654964
-0.137218646356196
-0.183669529843385
-0.437140976738580
-0.974667531039612
