-0.123641341839565
-0.147179730431084
-0.145168237592390
-0.140005762999162
-0.162678103110932
-0.127080207932011
-0.142132209951579
-0.288392093977318
-0.494270175971817
-0.489211626185716
-0.382029344941200
-0.284744008252297
-0.245068763217925
-0.266671366585901
-0.349742303195318
-0.427432780927601
-0.448289383462291
-0.596064345189597
-0.642840173152702
-0.712200094970539
-0.665794151157097
-0.661409050186319
-0.711640387194355
-0.743060414297636
-0.658388181288230
-0.524388726899016
-0.675516980488198
-0.762569739098384
-0.843736760244137
-0.952335985971189
-0.909168618080127
-0.752031525333694
-0.691517780519182
-0.786362528888708
-0.886972847992909
-0.817023708410862
-0.914709509621712
-1.150137143548407
-1.353216657368206
-1.507404505608010
-1.587945902344778
-1.647052697857218
-1.606296758292233
-1.586491078163347
-1.632448953283432
-1.697716605973837
-1.799521550672654
-1.805392587606180
-1.914992624878035
-2.252793622658503
-2.546192426879186
-2.758567631878774
-2.829067400870505
-3.027963454637124
-3.257744555398535
-3.346026523005367
-3.258562497313661
-3.319556329972103
-3.298446280405308
-3.421510729401800
-3.527288714226553
-3.397872007671837
-3.279723896155802
-3.334130716143071
-3.016541797686495
-2.787392924869328
-2.578593587319317
-2.162902637349480
-1.956054115800743
-1.807153088293298
-1.635150867169048
-1.568317809920016
-1.452715597766347
-1.531010203525061
-1.674755889614570
-1.678587365855430
-1.540454157784440
-1.537672827179319
-1.470116175371703
-1.493400344409364
-1.440715662209012
-1.543569486318639
-1.392243593275769
-1.097352600535010
-1.006829190690054
-1.065067510258969
-0.926949137849974
-0.784882872016162
-0.552183516917953
-0.269180329971098
-0.210859580306554
-0.092779563172211
0.024169050655349
0.094292176850076
0.287639803413890
0.220048306372925
0.156923953653803
0.109636020752009
0.090127277124590
0.021136906046305
-0.311433992032919
-0.342154252092748
-0.307218938230662
-0.384747930572094
-0.520202342074579
-0.500038312280923
-0.434869081670263
-0.515433897969332
-0.580221993016516
-0.591861249301733
-0.596927787417054
-0.540730551812381
-0.520545029375009
-0.509177170913099
-0.400535564160510
-0.445695753014092
-0.549862799499055
-0.568924758702561
-0.563819586951742
-0.676023007844835
-0.749030594204518
-0.844999756329740
-0.884680572056960
-0.771079658398115
-0.769692979043457
-0.669307258273539
-0.759503267155113
-0.859969041329623
-0.876694891598664
-0.880302899368579
-0.933120154537172
-0.930628634103153
-0.941687828698269
-1.020444385357176
-1.170249207128146
-1.209153472224339
-1.258358775009937
-1.362518165092845
-1.433878852383718
-1.574646364695798
-1.628865405302165
-1.699331242352472
-1.686809427226861
-1.669383081438343
-1.758463436479527
-1.740933022642155
-1.893985936861624
-1.934118472367805
-2.063290389236374
-2.326742365507435
-2.683481103048811
-2.866811051020917
-2.996141177482039
-3.214775230089415
-3.592907809228346
-3.634514215798041
-3.507331823623896
-3.560242540943915
-3.442385976699735
-3.458339668908365
-3.670953241740374
-3.563181867523840
-3.378785206925198
-3.339368828609711
-3.034262515816780
-2.800887630445327
-2.598500687469250
-2.338660816026743
-2.159700610971020
-2.024180926850063
-1.800991750685326
-1.673085357156657
-1.673121144550920
-1.776891751816860
-1.914044431663028
-2.035416644744848
-2.001252955034249
-1.928399118135421
-1.969038063250476
-1.941091290294790
-1.783185384956671
-1.711068301448303
-1.641970814655695
-1.412887702727317
-1.216243136473249
-1.127414195888578
-1.128701202377196
-0.978260315277113
-0.622795994536845
-0.305280507622162
-0.265918253074578
-0.348053110062412
-0.224436506785982
-0.193040832211919
-0.113712185415385
-0.166754062157558
-0.334397459425856
-0.292371298482577
-0.207108674205421
-0.192086684418605
-0.480458332489120
-0.460175685911758
-0.581068915819420
-0.608706740495854
-0.676354192802991
-0.634166017017344
-0.748096418478363
-0.782064989038499
-0.795625939853962
-0.697529414975760
-0.738323990963884
-0.727832273960845
-0.793355295025839
-0.706074045010508
-0.576460516348442
-0.700346271902098
-0.786777803435258
-0.764370694255067
-0.769017194811774
-0.786184652587656
-0.849395545592163
-0.843934851437669
-0.929825248222050
-0.921219006580057
-0.920409526576241
-0.915237828955757
-0.847258631870928
-1.033608241251015
-1.078965561251256
-1.154320705254938
-1.266799682758670
-1.217272539905650
-1.161257607000142
-1.080327928420330
-1.262988748954182
-1.380010699205449
-1.364076688578207
-1.431770011383928
-1.508767839495259
-1.587297087069300
-1.627637147431517
-1.644388217504069
-1.758884088220098
-1.837345433741709
-1.913897244753989
-1.906684456055610
-1.841800004778803
-1.904767027960353
-2.093869599863261
-2.381743072463777
-2.755367219559314
-3.037836999371144
-3.156785242326089
-3.478461526898697
-3.753552956779297
-3.858715473897943
-3.625760333057300
-3.564541985895187
-3.508188976038444
-3.565692540856312
-3.741116230215630
-3.584296246868521
-3.408879144561639
-3.388001305032766
-3.062008293084614
-2.839551391097026
-2.619555478840325
-2.591261599022709
-2.437468944397364
-2.157263747953772
-1.857813035350865
-1.737767942650809
-1.959522410606778
-2.072058248643304
-2.169648190687870
-2.335963029593439
-2.416567791552360
-2.411929275094525
-2.360789206745670
-2.267892921895228
-2.162348969266563
-2.071995101398116
-1.852426553632328
-1.601530224324278
-1.369540244670215
-1.197293651911191
-1.258553502630063
-1.051472308421543
-0.690395225339744
-0.417447061349470
-0.350958997871267
-0.503403868289602
-0.315238367239413
-0.380798824608461
-0.499249444511750
-0.597483624984312
-0.621418429788990
-0.476878897603033
-0.359122616442574
-0.426335513459205
-0.651541980371809
-0.711108267674986
-0.755366676529825
-0.765516604305771
-0.865864181242982
-0.740214121883893
-0.894551772018022
-0.932114592120233
-0.996484496885997
-1.013094163394474
-0.968906950396099
-0.905625014104232
-0.918402852307961
-0.966035234999320
-0.990410098794191
-1.066102998387648
-1.122938954549519
-1.102787306683002
-0.941494430643881
-1.070381736719850
-1.032556335783243
-0.943877702230278
-1.019491733694139
-1.166518425554512
-1.266310417346352
-1.204202142353738
-1.082984499451417
-1.142308856190702
-1.358850049073081
-1.462672351912639
-1.510843999141849
-1.523215219529719
-1.320338830265299
-1.132137619148441
-1.283215299588161
-1.289976575271044
-1.380447035684826
-1.487119535889681
-1.609349192906221
-1.577678246868362
-1.584420459676848
-1.678618098063513
-1.759097409920408
-1.785268664122241
-1.788952632731829
-1.880134320487667
-1.843160837934121
-2.009580140649295
-2.207542729625602
-2.547651313321798
-2.938989069186755
-3.187253530839568
-3.227729508674704
-3.405358242780292
-3.610140338788504
-3.679982350117438
-3.621664745627093
-3.604314673924724
-3.543041615844152
-3.607560679768982
-3.724788654750944
-3.644593608614704
-3.644629216988143
-3.540169034983311
-3.198586115082781
-2.958029742388611
-2.705704138203773
-2.729164405878293
-2.539047517862914
-2.286047495988878
-2.085026454979264
-1.984423291986646
-2.174451260850600
-2.345374820255709
-2.474034527353656
-2.593633714536552
-2.541935429415697
-2.626972122790609
-2.572367345512393
-2.433208404959947
-2.412671789974841
-2.306198497211962
-2.144305204893322
-1.922007885503149
-1.712255244474068
-1.572015401381239
-1.508151206993229
-1.264967671838195
-0.972143964265466
-0.652204332223991
-0.567293803014678
-0.556767001379222
-0.502256086610806
-0.559867900259278
-0.767876036696194
-0.946085650288280
-0.745506838892092
-0.669884451674781
-0.614060894975936
-0.603469769589993
-0.729385241414307
-0.894468190055298
-0.997204539448562
-0.833796161039353
-0.894813271860055
-0.870298782506133
-0.897311374599693
-0.977972041057198
-1.055770882348984
-1.114715907602527
-1.070862086166777
-1.040021022538813
-0.993902457697843
-1.114884544610857
-1.047655128126705
-1.140242192922342
-1.383076642111278
-1.321867441527466
-1.170121665907564
-1.140260443446368
-1.221761532500781
-1.212987985671292
-1.151267128716831
-1.292532700080870
-1.352277460927121
-1.369564400005374
-1.213300402143173
-1.409889107625889
-1.699663363531002
-1.737367207755831
-1.724976834397146
-1.678854112442933
-1.523851108675511
-1.366321522287420
-1.374311118743926
-1.359918608580449
-1.448228031347490
-1.657654353148363
-1.583404495081264
-1.590724288689188
-1.682207410711835
-1.709670637727294
-1.822013814390267
-1.928944918898946
-1.857244309342283
-1.836789329866264
-1.899685497529405
-2.150677301191087
-2.385329469440942
-2.720341200667961
-2.980044826649876
-3.094595000783758
-3.149801326120470
-3.317369047981555
-3.538128050556956
-3.640362224163057
-3.646453337719378
-3.722015396271029
-3.727809010891159
-3.699565547188001
-3.769240517123126
-3.813481517535902
-3.745858393464822
-3.533759524639538
-3.254346034413764
-3.158700554774097
-2.868821678054186
-2.670908570681687
-2.525710693655243
-2.473450695121964
-2.336296880395323
-2.334808194241678
-2.459245998116914
-2.579420926549221
-2.719770905222603
-2.803197165214916
-2.710703403338150
-2.676227369219262
-2.667053853504006
-2.588049310587877
-2.601197295529588
-2.583961274129242
-2.511400469117853
-2.374562200702760
-2.190099455912398
-1.898095758256043
-1.715510919604613
-1.453894361579414
-1.138167725750949
-0.845751757546721
-0.730769970003844
-0.719100737414012
-0.704143380894290
-0.750704706316441
-0.895929263867741
-1.091791562102764
-1.044143222973295
-0.977413922115442
-0.876088735089264
-0.726373788422537
-0.765268325467441
-0.865701454193576
-0.937017055168007
-0.863082109449307
-0.946986160003897
-0.914307486534547
-0.907954423937106
-0.993253416699537
-1.012418735335556
-1.087483239687627
-1.118627405703604
-1.183157195739830
-1.257228819258364
-1.368039603072666
-1.404006523642444
-1.231522116940341
-1.301194499942839
-1.428884102982347
-1.401456257519285
-1.229286088464826
-1.249419608274808
-1.269430950305360
-1.265671908344209
-1.338756804796565
-1.444709729487386
-1.557831413750121
-1.456850283736367
-1.542434029774156
-1.666253326975750
-1.662106493106241
-1.686525531394604
-1.659714376769529
-1.645245988709795
-1.575939459817151
-1.534424956416470
-1.524414369945865
-1.623365284294185
-1.734496864084233
-1.694049036554825
-1.661575243505235
-1.684680440851423
-1.746126280505963
-1.888790024269508
-2.220181532867376
-2.287867817069898
-2.128301268316310
-2.150463804051554
-2.365881221655576
-2.504918639628724
-2.743907429093752
-2.893353836080210
-3.022421521942750
-3.175085036341531
-3.381877670161294
-3.575459512011341
-3.806081790298805
-3.766288968667133
-3.800627185342240
-3.798544431255576
-3.704282237318458
-3.774734348332973
-3.784219813466272
-3.789087710020472
-3.576189275439602
-3.324173167358822
-3.161379656568501
-2.957802407792678
-2.659982738541081
-2.520279777199928
-2.637227743637415
-2.725122928420724
-2.724762949698984
-2.798611070135744
-2.870025550491880
-2.900836499512766
-2.883006060859620
-2.888221781646183
-2.886715756780721
-2.814848496525467
-2.806084061085858
-2.742360971820314
-2.686812736043283
-2.678198535120059
-2.583773817015540
-2.460876814339057
-2.109166929320051
-1.824239805775601
-1.588289820819411
-1.327377253469038
-1.087919854681141
-0.855791536956210
-0.836889879708672
-0.826203846414837
-0.890361980599671
-0.993112651356497
-1.056967271103893
-1.231002170557998
-1.203913938202373
-0.992828025721230
-0.844947446159100
-0.816787876741031
-0.933938720550809
-0.984733402829045
-0.993921363375489
-1.032208645357473
-1.049974264267538
-1.107432595704745
-1.183540995173978
-1.186239455169554
-1.263092864207539
-1.253630775682109
-1.354029357504964
-1.543770128826816
-1.629099345155393
-1.595909013957036
-1.484242795582081
-1.440001405371294
-1.405367154429715
-1.364744277579004
-1.223465637048274
-1.158708222649761
-1.199024956654566
-1.348804561438968
-1.353487058179609
-1.374470438182555
-1.571206279205005
-1.567023963980563
-1.693630297629612
-1.750265223614712
-1.709648000125831
-1.758404619284571
-1.771581111970772
-1.803015599864526
-1.943007861756856
-1.868737139556690
-1.793498364565593
-1.913268027977625
-1.899850817960690
-1.888443055788835
-1.889248280528996
-1.828712764180362
-1.923690806286636
-2.045369984051266
-2.310968045658327
-2.552732712326682
-2.536846551141230
-2.489586674638032
-2.495428068419506
-2.633935239620913
-2.770925462766884
-2.866512199430996
-3.030693133953592
-3.318179121746546
-3.480889151565568
-3.631506951747631
-3.729898245174595
-3.650835877124722
-3.628288579114849
-3.612523664167807
-3.563173244659707
-3.596850829495457
-3.689035224386904
-3.729173669357541
-3.729340669534989
-3.505571703595381
-3.325969162870205
-3.108206939006630
-2.903350048945776
-2.699479979752653
-2.592021703303348
-2.840253108641090
-2.949141487723052
-3.011416985895076
-3.064675566583902
-3.033040886842047
-3.117425294336974
-3.063204873702364
-3.094535823789413
-3.037624990431056
-2.956174412469902
-2.864421791218867
-2.681013162482910
-2.558342744367241
-2.599223842147267
-2.468827016644001
-2.155518247015682
-1.953477279108560
-1.708460801337194
-1.584617853947704
-1.431999332862073
-1.091652163081847
-0.906184458245391
-0.977322753144856
-1.172023308227517
-1.247960369822608
-1.207976958565307
-1.351241465653396
-1.286186184374717
-1.074949584552253
-0.983490324371780
-0.874753493612535
-0.912455183669171
-1.116106536045775
-1.088597423798748
-1.058695150542944
-1.120125304184826
-1.222732497826926
-1.281380255340375
-1.372843164824472
-1.380522517327566
-1.371556513882184
-1.542002904035065
-1.701096314606168
-1.762063757514549
-1.707045636038221
-1.728525814522669
-1.607423985259002
-1.451692715425663
-1.331918892087912
-1.044066265483068
-0.999834978253581
-1.188699077018999
-1.275407746441840
-1.403395261092412
-1.335580312590350
-1.357068301552436
-1.472935053286049
-1.687691885810302
-1.807151895467427
-1.827174847459364
-1.890481568505781
-1.936781519547183
-2.059348382412644
-2.177460739678228
-2.193161622449702
-2.172389074486611
-2.174771109104006
-2.138444748422874
-2.204647595489373
-2.122341829661608
-2.136927403072127
-2.221525060539693
-2.341297718120314
-2.503967756686362
-2.726120791415141
-2.775084233092211
-2.611068252053332
-2.609738041635939
-2.679968030128168
-2.808689638519082
-2.947819951045029
-3.163244894175115
-3.555390174033432
-3.622463222989132
-3.611754795332651
-3.631822512662354
-3.617976361947001
-3.607923291899351
-3.707732663089090
-3.628227245308897
-3.735451036478870
-3.714265067380845
-3.874491322033844
-3.916312217684542
-3.676862741752681
-3.507531619062559
-3.290863704764220
-3.133051900598207
-2.987942456477484
-2.939370120597790
-3.038319984219605
-3.076695652546330
-3.129708511557165
-3.147246397435389
-3.219809914185948
-3.241608858058773
-3.381074606242207
-3.407714474626882
-3.242001324954295
-2.963732167718043
-2.772305302729145
-2.807849891032887
-2.700668963559069
-2.497970485612962
-2.345434175853455
-2.244948870597094
-2.120458957580122
-1.867654572648429
-1.644619023491366
-1.602290022456295
-1.403927292514752
-1.168760836268031
-1.201647363950222
-1.358966995097772
-1.365119355928484
-1.453786387908748
-1.512488740424750
-1.494806012288691
-1.158228857897683
-1.006865263308506
-1.069289676865879
-0.888455183299882
-1.047902809863948
-0.936826353079535
-0.890406931672594
-0.927550672784706
-1.194409778472081
-1.367218043729815
-1.556588106598670
-1.582127783515535
-1.506050053578563
-1.593172181178358
-1.701547021083531
-1.787413959012381
-1.813187215327603
-1.859841730227550
-1.800497688078247
-1.489157679009107
-1.428975911792280
-1.188705695318411
-1.017461551977274
-1.227045565958495
-1.192524998019125
-1.129768746355835
-1.184859173395457
-1.277900035468182
-1.341121958958713
-1.621147200372710
-1.833417425266677
-1.893741879332191
-2.022888091850743
-2.058002461758587
-2.220762786730264
-2.387504997569784
-2.419828779202279
-2.512499001189945
-2.494122931602650
-2.511610639103573
-2.594690347019223
-2.546512778025269
-2.444007954740982
-2.449845155597156
-2.507435241465625
-2.655699256137592
-2.794618560754098
-2.938794394341183
-2.922873592986987
-2.705825052348930
-2.720237437630555
-2.839854481062519
-3.025402608439621
-3.377065683268813
-3.732183326332703
-3.798355997171851
-3.782819074353911
-3.719519354041652
-3.630442777605532
-3.629404914189074
-3.823434467316924
-3.859240203891640
-3.837933127103909
-3.753099330502284
-3.771220085186715
-3.783750606617149
-3.652314942245771
-3.447764020607050
-3.312864951641115
-3.368151262855575
-3.333143290000914
-3.177501695267406
-3.108068398819506
-3.103256471275821
-3.215979006040404
-3.378304937450282
-3.358360579125435
-3.457529088539123
-3.526809958937262
-3.506689889659043
-3.406091899443267
-3.154700971877313
-2.889437595670153
-2.925896208845458
-2.848457120881462
-2.667688974986533
-2.525365714548380
-2.339144394332051
-2.293047152742364
-2.053094135082177
-1.823153138414646
-1.623251557919600
-1.503788153834082
-1.385424314645849
-1.441551351697858
-1.501154039314422
-1.520402376268657
-1.620167645334947
-1.608226990285776
-1.543590140186698
-1.354054782911835
-1.258837305672780
-1.232396958447961
-1.037872021232271
-0.905840660091285
-0.828449288546250
-0.783550466575238
-0.896090505768612
-1.051986093946373
-1.351997662239375
-1.615692608481473
-1.538310722942765
-1.510166496739252
-1.559593902295511
-1.719483431648162
-1.750621898475776
-1.741734799090243
-1.816808877745865
-1.758350449754390
-1.583784479194826
-1.433139655289596
-1.276282415198052
-1.089240163740474
-1.186631446254585
-1.149014682689342
-0.986551872825409
-0.982323628573174
-1.157849819905162
-1.323490538213583
-1.572040705950537
-1.814188281037035
-1.843653905842630
-1.966354445820931
-2.135882234153088
-2.319338279791269
-2.442094655493947
-2.601607265295310
-2.727255016200025
-2.717310605666836
-2.799925114378770
-2.862339509256813
-2.874521634916518
-2.687979931442851
-2.515703549939149
-2.441339412537350
-2.632823163311035
-2.867189930209875
-2.987263253332648
-2.953543990192994
-2.806274729621169
-2.797891453075155
-2.971662444149063
-3.169123766374240
-3.535872920586813
-3.718798754277965
-3.955437153360565
-3.927729205224784
-3.773044011418201
-3.722319724394950
-3.749883017226252
-3.748678509997228
-3.865592836298251
-3.875820502594725
-3.767164283962239
-3.764787172468515
-3.665703048035689
-3.497330145536958
-3.381081393203499
-3.455981431141150
-3.469868350441918
-3.457492402327140
-3.284657720789511
-3.220963807684550
-3.255439360395943
-3.324261839974615
-3.515633890519309
-3.595306181582761
-3.566433736998627
-3.558364071761539
-3.492415825431101
-3.380169070831363
-3.225883769713799
-3.108198797137379
-3.148702015462087
-3.061120335488826
-2.868509222744149
-2.708677223601039
-2.480343066906170
-2.407985757215921
-2.264937400377148
-1.886094793688223
-1.517843599442443
-1.421929508706009
-1.466835163726812
-1.580237835492483
-1.572904868722252
-1.651756245547600
-1.610025515778581
-1.701068401032066
-1.604042111725687
-1.574062038790177
-1.542641033723269
-1.185179900192619
-1.141128936204863
-1.012276022780046
-0.923231810689544
-0.866706658747256
-0.882044185508353
-1.063473763103705
-1.226514561116568
-1.399523030942557
-1.524177366835879
-1.577100055290323
-1.587183282476197
-1.678902572812661
-1.750821720445130
-1.575862259758620
-1.588759654431924
-1.554036004889499
-1.481228103964376
-1.380728147457431
-1.251751945959835
-1.134887564741813
-1.221964772558899
-1.177193587901101
-1.092177156817374
-1.066975046066654
-1.172945183159289
-1.259482011125749
-1.436680091070930
-1.600792326695910
-1.641101791741575
-1.875824680989878
-2.063162959969269
-2.368122699223973
-2.499287692194164
-2.599084233773857
-2.709562044470978
-2.812700950302997
-2.881702150893696
-3.011657356390193
-3.011635934752834
-2.910727660626595
-2.591759755010798
-2.352885726822624
-2.659286078498529
-2.853252916107375
-2.958186409797932
-2.936396806796545
-3.028412143474786
-3.099815795024479
-3.159666241600255
-3.260473074927868
-3.484839024585876
-3.725632999206748
-3.889017662877524
-3.830118339242603
-3.711186406449608
-3.716302132439641
-3.633799162449946
-3.670854803195459
-3.764128425165485
-3.783195316595085
-3.796425672574840
-3.692581071235096
-3.607249266529229
-3.437799378718500
-3.419197313565756
-3.571895737309122
-3.556216071400510
-3.510484832667165
-3.462534402419009
-3.526878882193607
-3.462504980553398
-3.477062583028642
-3.688047650713977
-3.712953541507895
-3.669004363967689
-3.732170654046416
-3.605916875188992
-3.449403085901376
-3.225958469208289
-3.223547968401407
-3.302066989459706
-3.316485167086598
-2.939312367287696
-2.689950445637525
-2.488182313857621
-2.360254640124011
-2.267993189942842
-1.950730172340058
-1.732034902110712
-1.560411766996246
-1.565705572162401
-1.613300629356917
-1.637523854490097
-1.744050108474144
-1.658216345395269
-1.647184965350767
-1.496189940989662
-1.533142207420295
-1.445884557980424
-1.148965063710731
-1.165399185250926
-1.072397312243727
-1.036240805320461
-0.913407020702139
-0.951018657127336
-1.009509336172859
-1.013069528582798
-1.158247957247114
-1.398401892741360
-1.560092221343787
-1.607997527520829
-1.495229476235300
-1.540288487867629
-1.428958381627865
-1.413923419236343
-1.426981917579992
-1.419836010429616
-1.258659999090848
-1.167007248431458
-1.037279585913612
-1.080604109333402
-1.105550471520116
-1.024704319227573
-1.018333804357310
-1.073822405775028
-1.178878715418709
-1.314544999195173
-1.454753829864470
-1.543721180699758
-1.683379946857352
-1.910857367055442
-2.275714979660542
-2.356515191218400
-2.418830394811653
-2.507539623373091
-2.683252590381683
-2.825329891786545
-2.961836696420064
-2.949378333663030
-2.878382283221147
-2.576545498130564
-2.380381162799238
-2.560590168391144
-2.794262854547041
-2.906305841374633
-2.946279392565891
-3.203090915052972
-3.231401593908373
-3.147692893435083
-3.239066064100349
-3.433024154756556
-3.747602756093968
-3.831956915744531
-3.773594211501509
-3.741115648861340
-3.627072333118624
-3.552528685649122
-3.573707974846328
-3.742050984893296
-3.737068581461927
-3.721886160207727
-3.579577912902324
-3.433863673634114
-3.365395631218974
-3.333535800830704
-3.501572570065617
-3.625256923753062
-3.673787294850214
-3.698161989065650
-3.582420621979364
-3.585717754970067
-3.645258173584441
-3.811342626928396
-3.742760933778173
-3.827129310335513
-3.877227246983205
-3.699122856058173
-3.379227549809886
-3.158625413865517
-3.311120509150665
-3.305965702887569
-3.277185858459987
-3.018279096252160
-2.622779054907609
-2.363573042776280
-2.376501772324167
-2.210916171566609
-2.000825680653873
-1.826173616574323
-1.593594521492293
-1.557775379205053
-1.561618162747847
-1.543260908325123
-1.751159657920151
-1.723742124379850
-1.584722557271311
-1.469876958157167
-1.380917660347626
-1.249822859868090
-1.000820969426513
-1.012856353947823
-0.843448783501665
-0.803728704508641
-0.875794973926893
-1.016110712877019
-1.040754415102352
-0.929107601263136
-1.067287168807945
-1.236108036640685
-1.314359875688922
-1.423628509172481
-1.326114193639634
-1.333049523719122
-1.308385592554389
-1.307523009902750
-1.268043004098017
-1.342882786933530
-1.159844110338863
-1.074985947310191
-0.985818763941148
-0.949162088812196
-0.960854760062318
-0.892346121694987
-0.918853127866914
-1.043360144059847
-1.136323382233957
-1.116924945303005
-1.251225986284615
-1.464085206788609
-1.553512693893858
-1.852257501937825
-2.056116143217749
-2.029543421745637
-2.212438011939756
-2.401349919731190
-2.538101094196335
-2.759802293762149
-2.780262637183815
-2.807219259240736
-2.812553620011107
-2.613121462411176
-2.573131664251499
-2.498927971342982
-2.715527936925246
-2.939827485411089
-3.053104702435493
-3.128915538447706
-3.086403600751982
-3.118626049320120
-3.335770071015828
-3.552010961278844
-3.737737516228611
-3.783686213181475
-3.817069155693839
-3.647657876385932
-3.517266895858130
-3.452967965100759
-3.496777998584821
-3.658976259305794
-3.732469563411776
-3.533278022880245
-3.434828916653662
-3.436425609625610
-3.405997925045102
-3.436358955439130
-3.437883011020828
-3.564677903680846
-3.699857326379533
-3.663478549855669
-3.579219727275846
-3.694009364139255
-3.861374975961324
-3.791617752570383
-3.828930284275082
-3.938096825012597
-3.810807408526419
-3.515589540929982
-3.266327120052883
-3.077178889988936
-3.147947093244345
-3.201793587180208
-3.059291053107176
-2.886463350758679
-2.608720016340946
-2.274994392153537
-2.227209928191462
-2.234057861061586
-2.007164378450957
-1.702919433750398
-1.524806195658570
-1.483335806022746
-1.433831344805890
-1.477357239252700
-1.670497816802155
-1.834698851871877
-1.639999675641513
-1.341400105862202
-1.215772776096617
-1.122659583215674
-0.748139473038754
-0.733571954303205
-0.624613552918980
-0.594899688271911
-0.568425731299588
-0.780689156181812
-0.901816649595869
-0.949986784877123
-1.069582272741426
-1.097578602208020
-1.124221322473418
-1.152506906974954
-1.133859321780549
-1.172365483973217
-1.269190583833034
-1.295488658329198
-1.285392941474923
-1.245885180198743
-1.103224966134327
-0.967720634454761
-0.935278188043427
-0.860174999064866
-0.825808657579043
-0.883554248449770
-0.791511972237761
-0.809456772978764
-0.882722174490982
-0.959068055217948
-1.185848405015127
-1.383442169552277
-1.549789304868497
-1.667128412361942
-1.742185667785383
-1.836572968144640
-2.015630100531184
-2.306751755216526
-2.517672532032922
-2.709395398960994
-2.837334936066928
-2.842046588741808
-2.850249769771942
-2.813036548817892
-2.667485321314810
-2.605309244098624
-2.635376144728834
-2.686327066559956
-2.795519301201062
-2.882054328516338
-3.057958382318395
-3.185875069568826
-3.410184033837489
-3.749563301406291
-3.852165589242987
-3.855709130056621
-3.848410691287404
-3.600085434646446
-3.334885414950312
-3.346614464060496
-3.347813433204342
-3.399233651958133
-3.450398414300502
-3.341442775301978
-3.333919253077262
-3.400673763142238
-3.448981726205169
-3.549051539911743
-3.554632696385647
-3.582292036829089
-3.618712105285191
-3.537296091491746
-3.616108685870430
-3.829717215940695
-3.935415347592824
-3.885081206314328
-3.856889341272703
-3.785318881689469
-3.707044548172405
-3.464880718822405
-3.261188832391488
-3.060073727043593
-3.111300498936457
-3.065000834003433
-2.953771873598564
-2.825872163856196
-2.576748697870519
-2.237840409515460
-2.158237074718865
-2.105911046046587
-1.766622764871653
-1.529774228368679
-1.383983162746805
-1.375482355833188
-1.404815882184891
-1.432659416549374
-1.671465045793336
-1.702416022983487
-1.533658087176718
-1.169228135721741
-0.922252579905158
-0.826868224898919
-0.572320480462700
-0.484574257909846
-0.309972523626070
-0.310365918564340
-0.474791782918500
-0.648699727810887
-0.812560897401646
-0.948392111604005
-1.028483848286554
-0.936350773053856
-0.820926141511415
-0.842529987560388
-0.853778576809496
-0.981798874944038
-1.094492015874767
-1.195285885376487
-1.253699671989945
-1.131238131636484
-1.033203237921229
-0.839974851910362
-0.796093349208360
-0.815116458295176
-0.918331795983669
-1.024123923678257
-0.854260572993322
-0.603850890250681
-0.655135205617147
-0.922908908318151
-1.223559029850308
-1.480153755641969
-1.486758534872467
-1.588890675537551
-1.707224998750298
-1.775021609325524
-1.912332874687182
-2.214251125718865
-2.422585012011023
-2.683101055492717
-2.909110022375490
-2.882231243231727
-2.955514605365173
-2.905418809293696
-2.705522246285343
-2.535159404424702
-2.572972791224549
-2.575449866709441
-2.567115484373481
-2.775309018429305
-2.982583852089582
-3.132616069246129
-3.378756197878903
-3.672004860821009
-3.800297698308295
-3.902147726192583
-3.854272927220172
-3.696932115883615
-3.522085489897009
-3.429568668100243
-3.329681790501528
-3.275312305784551
-3.238444656076335
-3.167751031116782
-3.125897501465882
-3.241895164110713
-3.430542440504637
-3.501022192004712
-3.497812519706238
-3.550706444470434
-3.505277524486890
-3.424930889989846
-3.554271126578013
-3.614700473974371
-3.789087854184982
-3.834481794531997
-3.755958457966367
-3.665793740248817
-3.467681693243117
-3.339674725520819
-3.281160703524084
-3.175245271959727
-2.981059112579776
-2.921600561837201
-2.862316520257346
-2.712196918664997
-2.471005935595880
-2.182400713381918
-2.091100260798486
-2.030987810188583
-1.671710571828002
-1.627747785568431
-1.474289470108568
-1.401023044087723
-1.474043475305215
-1.530693155084154
-1.637722463482441
-1.592475061666775
-1.334615748630845
-0.978309202391975
-0.688434700875945
-0.584782579280211
-0.524617085972052
-0.352822840194097
-0.159299297011838
-0.127594639456186
-0.367347322674362
-0.641255516194294
-0.783064906520115
-0.908096756702606
-0.918996243735764
-0.846124232566880
-0.751706184573542
-0.734275633040858
-0.810034579583510
-0.834874892126737
-0.893874113011696
-1.101507679183179
-1.082210905029860
-0.929194155312142
-0.926240399956144
-0.719633224606989
-0.705386646759830
-0.888480538916297
-0.980771454641736
-0.993138993729229
-0.835911980012257
-0.537308573193879
-0.554347150092581
-0.872231617465860
-1.204675851296288
-1.525130893106418
-1.574907867099964
-1.704817597474863
-1.877403213843476
-1.988919294437964
-2.148931487974612
-2.300093408050856
-2.479925159679977
-2.696327328957912
-2.797180849362193
-2.904610990218574
-3.067346043227329
-2.938688412807368
-2.717643693651723
-2.565277843978409
-2.428021641450913
-2.468027130454324
-2.540825784027294
-2.711795507192103
-2.893718620505164
-3.035195228294015
-3.267537854686991
-3.584824407435563
-3.733147148466653
-3.760162709342265
-3.588911708497297
-3.426477638159846
-3.516874543031540
-3.468803059539218
-3.407818457495580
-3.331125583519142
-3.224397830492013
-3.083515841744213
-3.030905902134973
-3.200545482400293
-3.373946915522837
-3.326886323813933
-3.310897856054043
-3.368979937542238
-3.475373772113216
-3.525925401622601
-3.431219038953474
-3.415877179153551
-3.584747971104846
-3.731518722373708
-3.687848377737674
-3.577561048686862
-3.413718757791430
-3.305247836146478
-3.206418205607721
-3.138338268936600
-3.009722577361032
-2.868025048303359
-2.685516591566850
-2.474855609177667
-2.180831547811302
-2.011409225252987
-1.977072156936200
-1.839944264750623
-1.651400253987258
-1.575293459822352
-1.494854380441009
-1.424069105433430
-1.443892584100880
-1.471714233337488
-1.564817796371856
-1.472351161239683
-1.272794962605154
-1.011256045314516
-0.792033528540576
-0.648578413412013
-0.527182042946024
-0.356065926814934
-0.158459851595380
-0.133147003160230
-0.346501663650190
-0.665593943236647
-0.707322123861215
-0.727158385145862
-0.800921229872357
-0.896668331458322
-0.777655494160758
-0.715461991896893
-0.709910308645981
-0.669624374604142
-0.739009122301254
-0.831809606997928
-0.863311216790960
-0.762650700319028
-0.815025629712831
-0.734078048302142
-0.692989091615789
-0.869395322528904
-0.931650032547024
-0.851504276954229
-0.742946957037978
-0.498602114140699
-0.522797805988645
-0.830746871267508
-1.246065596705127
-1.511736365437511
-1.664856669340752
-1.820027909442757
-2.012454180625266
-2.169142939134681
-2.169349814033454
-2.311385246445333
-2.437160385230363
-2.621309463945802
-2.863207007721874
-2.978403200555176
-3.088247095836468
-2.942250978853116
-2.706075430392785
-2.507002930315199
-2.398045675450778
-2.355979525851666
-2.247286014396169
-2.438551972986843
-2.656074729888536
-2.987519042730092
-3.232133996965325
-3.363601946489101
-3.522819283897626
-3.562370355660694
-3.373386593190916
-3.345940844043804
-3.436387928129335
-3.508368620396881
-3.411663922163575
-3.305398918794118
-3.208786371349343
-3.132083786222532
-3.087569018990373
-3.159793743987310
-3.160933052280325
-3.128742384932404
-3.084903940321128
-3.111842186411064
-3.353196038039496
-3.596495709542859
-3.583722337741834
-3.509536200630847
-3.521268336161478
-3.715196864449199
-3.680926883274468
-3.527488961585740
-3.407119672145870
-3.235486640485857
-3.205150981349497
-3.101808457940628
-2.942272388642479
-2.905557547246367
-2.680358066064601
-2.332782756479863
-1.975419433040659
-1.796061226706374
-1.741983379355435
-1.633628701468951
-1.525195425585134
-1.490489811549021
-1.388444391335701
-1.361769587680308
-1.408560814601068
-1.413636104337665
-1.396142377171121
-1.403424494883783
-1.279077062963705
-1.101920997001562
-0.879502297309821
-0.678189408742937
-0.578936295076312
-0.380112851854550
-0.186642532613363
-0.179334870361627
-0.407131975339174
-0.675791029909565
-0.699731152772059
-0.654546989154588
-0.769329553485416
-0.858082772667427
-0.793105806058602
-0.653955737654992
-0.558250157557186
-0.540690760632292
-0.747323614731406
-0.840974659656255
-0.838580289135614
-0.691687223836447
-0.805235101920637
-0.856460346112493
-0.880485730193792
-0.903985562700041
-0.755746054572724
-0.597528653468100
-0.416386807112469
-0.430824422229814
-0.670989846867686
-1.043740912617144
-1.261052709331787
-1.461607388288767
-1.755087957424165
-2.037981828538477
-2.095270521523356
-2.125571938273165
-2.102957135742578
-2.204167693116198
-2.349066120922782
-2.608079075888800
-2.937403738299164
-3.093054030849387
-3.168917593313426
-2.990462224780989
-2.608697025936591
-2.519107518286531
-2.517941343859220
-2.226671738188609
-2.145461929439390
-2.335652767179823
-2.494777390115893
-2.686091401566729
-3.010993020614452
-3.215069751911694
-3.263661944575637
-3.285079000998614
-3.171909020385662
-3.149746636896851
-3.234103567893999
-3.324139836087091
-3.292631825250562
-3.132796103374161
-3.083258384412583
-3.037511688217024
-2.985740338302973
-3.029968259526236
-3.060176381171113
-3.037041680194374
-3.017039904440818
-2.995127338599938
-3.272896242657452
-3.540139482463845
-3.643322113630392
-3.618347175360187
-3.629740176000439
-3.740720194431917
-3.694797346765725
-3.612666095667344
-3.463667664491523
-3.239169636538927
-3.123726215432924
-2.986625669216417
-2.908621223426914
-2.788720441858675
-2.564160899874790
-2.170894589089008
-1.803504157587825
-1.575812197869555
-1.495104483407273
-1.385496383877277
-1.384866903626466
-1.489731323675131
-1.475099117927843
-1.323090382776850
-1.262087245768457
-1.178277928303762
-1.306108284349751
-1.408432560360730
-1.308607631368087
-1.211635890006555
-0.955142059794143
-0.726392406177300
-0.631526616428892
-0.366818447261449
-0.232031185435738
-0.254514868184091
-0.452284063886421
-0.662086907767160
-0.660916036731807
-0.664239758848534
-0.689650868795551
-0.745014971102414
-0.615063417000417
-0.469038799576060
-0.407008876474635
-0.565327483921961
-0.729545176835197
-0.893546670525446
-0.928676053447781
-0.931866492280558
-0.918674032379998
-0.834643286692072
-0.852486258871685
-0.669941006682366
-0.582429550366723
-0.511450235830668
-0.403003271359668
-0.428893388400268
-0.696046711978016
-1.004813323670677
-1.347582114803470
-1.607767999114011
-1.749571995743264
-1.904216193249458
-2.115766392707085
-2.175016410944981
-2.087380149528633
-2.140138224627277
-2.259971746816122
-2.507618656835095
-2.960663697502282
-3.147007276033667
-3.164375287801822
-2.898106606760598
-2.616927842621481
-2.507236397497724
-2.554218659172634
-2.397016455671448
-2.255983638234250
-2.286571582709265
-2.357365931591598
-2.454973292754889
-2.858805507679278
-3.022617381798078
-2.943491248654610
-2.874820396727773
-2.913614287027343
-2.981924595406741
-3.058094114941876
-3.020256503274108
-3.001441106951724
-2.918289166554968
-2.824232260966146
-2.768761662430835
-2.835220719272247
-2.929332777423088
-3.055650608321300
-3.077982427500696
-2.946932051661161
-2.932922771142361
-3.204022528629145
-3.526896134451625
-3.749049065961999
-3.833885308362159
-3.810194693497584
-3.846036360773361
-3.849667642568883
-3.775195301924494
-3.426194511231923
-3.135538731914313
-2.967850137903106
-2.767587483856565
-2.783288882865350
-2.574512356952690
-2.337543951082460
-1.972327108622647
-1.546671832799173
-1.289780898237630
-1.195127893644104
-1.192055041373992
-1.220948000842208
-1.381154245735797
-1.440462136825037
-1.274659777929864
-1.288566204806317
-1.231218259317851
-1.308682121210627
-1.347588476133452
-1.235220704041417
-1.186494683667481
-1.036010745729994
-0.847756917771150
-0.674551347797312
-0.429246551829872
-0.248845100323955
-0.352642088871807
-0.429227828080769
-0.551298473769032
-0.692371067276153
-0.738890082861702
-0.716054555748013
-0.746711841226262
-0.611096137678955
-0.433893840212202
-0.312385421771861
-0.492500127138931
-0.747615824659336
-0.857034866102235
-0.913088201267818
-1.137528178198917
-1.079841653700067
-0.915045625183425
-0.690979295413375
-0.472455139578555
-0.551813455834291
-0.560951929538763
-0.485432638858309
-0.490671265315967
-0.694521386273437
-1.011911534484147
-1.393473047713890
-1.438306893401293
-1.529395290668057
-1.750890348463952
-2.017674022306579
-2.205245597344452
-2.243776142046461
-2.281549221822070
-2.215441778776778
-2.462213275885269
-2.759844692406376
-2.982990436255657
-2.948326125930370
-2.890497217824200
-2.655577838134137
-2.398541327438074
-2.385730634145174
-2.428947486784762
-2.470919818169512
-2.447692976777010
-2.408172610594288
-2.499635494092775
-2.743836391358658
-2.826268391305948
-2.647009464374636
-2.601434516577779
-2.645266476171245
-2.774719482889645
-2.838180603824701
-2.752360290445286
-2.709275317016492
-2.548375329556667
-2.476700509529681
-2.511503962771758
-2.622070863430016
-2.781494847611840
-2.927973867247372
-3.044278437198752
-2.983035581461992
-3.097901984441718
-3.409955061089167
-3.717311836542317
-3.871376819015577
-3.842005623164298
-3.862115267867754
-3.830639792027634
-3.783885751842365
-3.819217440727585
-3.386083819188960
-2.938528881864156
-2.776129147102207
-2.627899989568317
-2.511783317347978
-2.341616263008515
-2.086019583022837
-1.771651124745577
-1.466327184741031
-1.120092792066774
-1.007925981614399
-1.068650112338080
-1.035904596712316
-1.230077768483111
-1.320301502976160
-1.242831083017147
-1.228483731087074
-1.248986406872254
-1.167510815304475
-1.281578225828310
-1.224160666006480
-1.017606138000683
-0.949800430792487
-0.885463336826802
-0.696363820374653
-0.460802213515551
-0.356370432008093
-0.360304296075806
-0.539956674628536
-0.660560862768325
-0.732759794444563
-0.766355429384385
-0.674573543959452
-0.706736654077571
-0.612449440300022
-0.368404406697983
-0.271394823710797
-0.477274064660057
-0.754161070359870
-0.815292751695294
-0.944779124777830
-1.122490330096155
-1.144722263587076
-0.880716310497090
-0.622578135948811
-0.511655101442138
-0.471739389926228
-0.494870062874513
-0.542529791733689
-0.780452265382184
-0.886339872142530
-1.060085699299090
-1.289881144121587
-1.419578345193523
-1.487121567797494
-1.724063876431799
-1.975731176611331
-2.186406902636486
-2.282110798272679
-2.307998951182562
-2.267873433706691
-2.384451290195626
-2.474424506095181
-2.612605063236804
-2.696060721078438
-2.754089489993010
-2.683139087629608
-2.488081536161343
-2.325301614050486
-2.442211700179622
-2.597405095987468
-2.592188460573891
-2.553059833958444
-2.520135787950374
-2.465231183460570
-2.467740516927965
-2.508655368816196
-2.559188103621609
-2.553104614172342
-2.532111410403728
-2.525212348902831
-2.609174265632710
-2.456906311177333
-2.395110006707258
-2.323066524236629
-2.287750945469218
-2.589666447993242
-2.814227995042086
-2.956634621027697
-3.024100037527896
-3.061035619769625
-3.192121882140086
-3.390025759017466
-3.635863521425386
-3.863781705026172
-3.833085591206594
-3.848228313107724
-3.882319436531288
-3.756070757548037
-3.627538127478819
-3.357449685451565
-2.916168282411723
-2.552885115509295
-2.335444428214182
-2.245362721130657
-2.151462100074532
-1.975229117541478
-1.594377061668051
-1.362431762024835
-1.199387893490879
-1.159388404431481
-1.101038659983709
-1.021976848785595
-1.096862086892824
-1.223708084705107
-1.215671203180726
-1.185983909270822
-1.197544442995640
-1.150069089212675
-1.118280504052655
-1.027952722217554
-1.001535640295535
-0.949839608702008
-0.902511298469457
-0.547169925092227
-0.294292428688983
-0.345413720658175
-0.580164258285829
-0.642147909902816
-0.708568604101158
-0.599469907066812
-0.555225777405715
-0.538457705655546
-0.507521118612376
-0.453716483071007
-0.326654591259859
-0.213558695612919
-0.344456468542712
-0.587666995790873
-0.739100269564848
-0.983462543240580
-1.173893752292746
-1.159553586134654
-0.920041269723714
-0.742601705015195
-0.692669442622736
-0.529372391439289
-0.523835851581123
-0.708102645574608
-0.969108765599624
-1.050588216540157
-1.117877688114336
-1.259087989972544
-1.383153342346805
-1.535641201096603
-1.842998933624330
-2.061656676105099
-2.296607344813546
-2.424809424324079
-2.397920641154402
-2.404214373565072
-2.338388870356590
-2.219878695293786
-2.267810017576199
-2.520012487287195
-2.513760268063900
-2.635069409145417
-2.619315609179430
-2.366395841163121
-2.450339505099421
-2.600929515065439
-2.611144449557066
-2.614397154650553
-2.450904022122963
-2.246078217919685
-2.203379959925404
-2.297873438011881
-2.359700040306568
-2.337730971528694
-2.266736443540756
-2.287907057917144
-2.439941919678546
-2.363270328499083
-2.281190220377467
-2.224050903569557
-2.294344499581327
-2.595207214523932
-2.897547740447853
-3.025442524843259
-3.050419347643584
-3.083042916976174
-3.172559300836134
-3.275627931013399
-3.523133849144396
-3.735374313254515
-3.859695864007556
-3.859040263866195
-3.906340665892381
-3.822140709197374
-3.553882646516357
-3.292832615332483
-2.947675365962411
-2.526245776539754
-2.197052890494611
-2.074343143078041
-1.972282019024300
-1.813403933657343
-1.585055816090647
-1.387401978633339
-1.301241057101831
-1.291201885498144
-1.176451355244470
-0.939699366736345
-0.981075598111343
-1.073536047626721
-1.111945633196235
-1.196176257168518
-0.999828408050054
-1.096077799631409
-1.004037817140684
-1.097011524835594
-1.110550398650557
-0.976794416661917
-0.779371279880761
-0.493671214847816
-0.414207947425586
-0.496033676892177
-0.641743257704588
-0.710475472265642
-0.693516115255384
-0.622319944074093
-0.612633336530731
-0.553541368526702
-0.378778229077767
-0.369998496229548
-0.302355095266146
-0.353194046428247
-0.378290141691664
-0.590613709913476
-0.690776455369213
-0.945874896232679
-1.177965095924535
-1.137407755353067
-0.992091362082261
-0.792059625675304
-0.763603245506067
-0.801285027029070
-0.729876089560589
-0.905790677156101
-1.154376901058566
-1.115929844202025
-1.107660060061759
-1.198517862498833
-1.356802940464390
-1.488919545420440
-1.927423905203086
-2.262038249640837
-2.455795484293497
-2.514920948961226
-2.317227256996445
-2.264622280805616
-2.219655535135589
-2.274179295499820
-2.283254548800796
-2.403469043325016
-2.462647488802420
-2.484532420495753
-2.507329331691929
-2.245685669435605
-2.328419252885864
-2.520713356822529
-2.472560491620931
-2.458505246210029
-2.338732918053622
-2.240321746355800
-2.116369066783300
-2.068108011013922
-2.184762962969555
-2.301195588549430
-2.211790583053985
-2.212580418182003
-2.330092732103984
-2.270072598891469
-2.257762288769090
-2.276035311517778
-2.250547412316158
-2.600213707977498
-2.945360754228004
-3.065417127566924
-3.145204428372176
-2.983783209704548
-2.983631424253474
-3.096272211945128
-3.362294983924818
-3.519501973046059
-3.790851306856734
-3.887524612394793
-3.797170323448696
-3.688255807712454
-3.450613835425333
-3.225605738476843
-2.990689963609698
-2.662675457422612
-2.232285601660510
-2.050465110524118
-1.879535833345398
-1.614511043729452
-1.480643517451274
-1.433649585189688
-1.354828136202743
-1.256154375896552
-1.135757966249031
-0.906405670391804
-0.875379231183069
-1.016900411324099
-1.088549272934687
-1.050239658531827
-0.932075909655400
-0.945107223595377
-0.963806232815667
-1.088321420782327
-1.028512461020386
-0.823406543775723
-0.538667811803024
-0.638075418380884
-0.670605926023807
-0.659198526943488
-0.692338311006158
-0.734487095521388
-0.873930883169637
-0.775740503511054
-0.671002352619247
-0.446401318353996
-0.248562909906918
-0.188912539368721
-0.370825688480124
-0.491041257762969
-0.591101559229651
-0.646994222360501
-0.712918417802425
-0.955855553876204
-1.057336406723414
-1.011970936794884
-0.983716993298678
-0.851825325104448
-0.827662983086653
-0.932150980500126
-0.879032688471497
-0.991085591616738
-1.187025577124154
-1.132661104522483
-1.026337502340953
-1.010625301441997
-1.034761371478606
-1.401221118144048
-1.853156949672021
-2.092018244435421
-2.287746821764848
-2.391110791849529
-2.219793789057393
-1.974820752512424
-2.080472669525937
-2.117718639878734
-2.189674307928437
-2.309917385597097
-2.351593926780157
-2.330895119203249
-2.364838318527537
-2.126427737326399
-2.200159335729793
-2.281264631597467
-2.246229418997659
-2.239254995334379
-2.235612811856363
-2.169707695343151
-2.119214704290159
-2.054243291034284
-2.165670200826562
-2.133641037634815
-2.130615551418494
-2.174666622057420
-2.270232815740723
-2.320745259876512
-2.222133983073980
-2.326314437623771
-2.445035728032694
-2.707254977946708
-2.912908968073456
-3.103496035791996
-3.109138814961987
-2.854520723091284
-2.826985765575809
-2.954403027536098
-3.138588163665538
-3.331368047517466
-3.612301130342081
-3.746417966604467
-3.521722157382727
-3.449806158197668
-3.386573686588939
-3.199177244640851
-2.971104365397156
-2.652133401120666
-2.273059160646245
-2.109529082179874
-1.863271023223654
-1.578310119678031
-1.508584068429692
-1.457067202643648
-1.386280721015850
-1.285430533250422
-1.133074898597967
-0.991062335615493
-1.011179976967190
-1.138796101285200
-1.141337640920552
-1.019558645336857
-0.904420232157384
-0.817867671520096
-0.859289306481514
-0.900593968170957
-0.939605233160480
-0.875348586215624
-0.690911616508041
-0.865838634571606
-0.978659594244889
-0.901211994602587
-0.825528890263892
-0.926797571300232
-1.038532806954764
-0.880343689776913
-0.647395285599939
-0.435657032578452
-0.277054607610346
-0.256570971357328
-0.498999653190523
-0.485251292373371
-0.528965055363248
-0.616829056098700
-0.714403256679966
-0.932030605562068
-1.031019619769943
-1.012113760094451
-1.056476586599236
-1.076711532384551
-1.179279194815578
-1.066428481188423
-1.023312294526297
-1.157767613709425
-1.085801060279593
-0.966408345008887
-0.873266206637654
-0.758995071687760
-0.932583486263532
-1.193981479438890
-1.524163027337809
-1.834744372913397
-2.078819822146542
-2.154034037413342
-1.983422695307201
-1.853782588221091
-1.920498732603505
-1.985943512108859
-1.981253940417585
-2.114770431508428
-2.162039448369419
-2.146871413945731
-2.095829502078757
-1.865648685559367
-1.849519632783719
-2.051860440444817
-2.011709919652057
-2.075929318791309
-2.012705082044493
-1.885960666009915
-1.825562174505799
-1.888632404087335
-1.916212035839970
-2.071670933644442
-2.141122632120585
-2.175530261243913
-2.192862355930751
-2.297849591928117
-2.338110518681561
-2.525301891075837
-2.754873616205380
-2.868461999799859
-2.948742187153666
-3.023720695741565
-2.963143832777059
-2.765248810246826
-2.659939489080878
-2.792605495670107
-2.940936391133601
-3.105196273447343
-3.353679529290265
-3.474241631693793
-3.380521521241058
-3.344187775610740
-3.219150148610974
-3.185652584036926
-2.998925304611609
-2.649301114032548
-2.374412161727598
-2.123739583545413
-1.889672989178560
-1.573377177574783
-1.422377452228651
-1.383082976100897
-1.296319578259444
-1.175422106045479
-1.065173848379233
-0.936535923304929
-1.068857474446276
-1.197993642707627
-1.198032876883757
-0.970768523091352
-0.883432004945701
-0.887463243643464
-0.840739733453782
-0.990784304137526
-1.165806518333587
-1.208266123675862
-0.978436698982601
-1.226412121796535
-1.246220890127439
-1.070758609649837
-1.046982796017872
-1.119510253204535
-0.953886559737045
-0.756636987043898
-0.578428073785255
-0.402491890606581
-0.228072285535909
-0.187314113486248
-0.322452851071583
-0.411349104476877
-0.409757443277750
-0.594801492007081
-0.759047699108813
-0.867880210852019
-0.876620034154316
-0.989963127742189
-1.127721528859519
-1.137948643525782
-1.332062257918394
-1.202618683650589
-1.185215991589100
-1.347429549576357
-1.062433572657413
-0.793206311885237
-0.649290983974736
-0.595592342854937
-0.667161903609490
-0.812061428563693
-1.206020194721029
-1.589431635569625
-1.813359477505129
-1.905180105951632
-1.864828236542827
-1.826638555425754
-1.831385988183020
-1.890725279266320
-1.836575113851912
-1.859346045898909
-1.887834996570098
-1.789314893635149
-1.682609416939441
-1.600778323810576
-1.719865149022597
-1.925940984537100
-1.963771541181010
-1.875431719446830
-1.751734031491813
-1.771957391871418
-1.638426037324273
-1.708911693190134
-1.868724167907822
-2.134861987224350
-2.254965005155813
-2.325109243794099
-2.384615644808715
-2.463635440814715
-2.607378623020912
-2.819919199975621
-2.883876011774635
-2.937616720815635
-3.021399543874831
-2.880811612135541
-2.692857934647587
-2.488765360541145
-2.485580552078325
-2.704161965653268
-2.712122209277839
-2.903346385552223
-3.238087150339808
-3.400144264488018
-3.296714333876732
-3.269590129006948
-3.211830375740230
-3.012128016083361
-2.828739480723534
-2.720236949235440
-2.527160366046661
-2.327958554182533
-1.990908354140396
-1.609937016333673
-1.362699009092599
-1.185484549347094
-1.103881934984872
-1.034155864629612
-0.905207935737032
-0.759104864367557
-0.950051929573367
-1.166141736854801
-1.320197939572193
-1.283621851269539
-1.088530905344311
-1.014693323867433
-1.063290755607427
-1.137231484947156
-1.238528833510717
-1.211024669862172
-1.186204565879342
-1.337477861283995
-1.430489968322473
-1.342030844890151
-1.271575273364363
-1.143044863168062
-0.885808712849619
-0.669109794296641
-0.577688369630285
-0.458962674329137
-0.194095017572206
-0.201755148037297
-0.268634683392004
-0.299792772853250
-0.268828232585198
-0.392956297078058
-0.601993193793122
-0.629226137916237
-0.686712009604718
-0.886193078143060
-1.010387124605460
-1.132826522887198
-1.239869258449320
-1.139216491294543
-1.198493900332814
-1.367254513195217
-1.123414367817357
-0.803757613809027
-0.544600111860315
-0.454990521709613
-0.413888646650677
-0.630129020294625
-1.047607940157380
-1.300042759830019
-1.430750077548760
-1.596670460092429
-1.690695912134597
-1.837315982958109
-1.885884518791143
-1.900517954576513
-1.903573794451386
-1.720113280896723
-1.747225969234290
-1.700187943692773
-1.525577324116198
-1.417068017477165
-1.345429084125167
-1.650506960481681
-1.829869610755155
-1.938789216794653
-1.765262142928928
-1.619039111129330
-1.552574201250989
-1.628683392291290
-1.865254448488653
-2.233536713705639
-2.361467475936509
-2.396771634448453
-2.551464142086628
-2.643214515507594
-2.749533230589875
-2.899692980153478
-3.011672282684193
-3.047900050679124
-3.003125328078970
-2.902483766980513
-2.669358131387629
-2.404630347844540
-2.391361808945760
-2.505328620188280
-2.639956108059043
-2.786398430782309
-2.919699136874304
-3.157087532263966
-3.120461876275083
-3.078918154030529
-3.094621185051706
-3.038972789852984
-2.863058612666248
-2.716781581429613
-2.544787024935764
-2.337506470825691
-1.993132177972169
-1.671039550919094
-1.386479601985038
-1.104276472146150
-1.030781426814359
-1.039851565621335
-0.945189107561833
-0.767945192465264
-0.932704150630103
-1.140585517681108
-1.279047923842689
-1.203773673112595
-1.109237472593365
-1.086602689471822
-1.153771566590682
-1.072601076751696
-1.025614093267264
-1.165868121462440
-1.304517038552060
-1.401728187873382
-1.509483706536259
-1.448894802168542
-1.309605715846528
-1.158728030396829
-0.977840168574994
-0.718496283088049
-0.522241850529182
-0.425309410642713
-0.282740297938794
-0.296190390895113
-0.368654560278606
-0.201674972131134
-0.073632033724669
-0.238509731203970
-0.438336084878409
-0.536951437819961
-0.527377889390350
-0.776716858533431
-1.038264948661340
-1.234434442227331
-1.177741184824605
-1.115860948810971
-1.301974576341756
-1.330007226657504
-1.001976923244581
-0.756395511761795
-0.532999821572461
-0.333419050995203
-0.125362572596651
-0.349528712638025
-0.715632120187083
-1.015569745807387
-1.198755413567876
-1.340892330020800
-1.456527233089849
-1.708790802892816
-1.879410324007803
-1.875979300274940
-1.775316609471069
-1.649965545459070
-1.754921411793832
-1.712286568089341
-1.436133618412541
-1.313260134104894
-1.217537876303567
-1.335941980757450
-1.496546244443876
-1.773008126709897
-1.756151272897039
-1.579857559347096
-1.529898921633577
-1.595282576293913
-1.910297394801955
-2.285711429168558
-2.357855187478427
-2.433556826699140
-2.574191321290706
-2.644771668610894
-2.781595796302864
-2.972006293412124
-3.096722055438262
-3.167202166810837
-3.115217080344588
-3.039136654105188
-2.818191440491121
-2.682889874631163
-2.474519427388693
-2.494369559204283
-2.624748481297672
-2.576879784013041
-2.604094064448050
-2.823577424783569
-2.872209275561849
-2.934579938941409
-2.953709756552090
-2.973987370571930
-2.942162842457332
-2.725024766798231
-2.378054003414210
-2.086277375679834
-1.855820672776932
-1.569736790693993
-1.287829159047702
-1.071121491604904
-0.971200590087006
-0.897695488571179
-0.824074144241184
-0.829609530872757
-1.024002414953264
-1.135302999150884
-1.255986225180919
-1.095992933262404
-1.070220100356464
-1.131102668336247
-1.264854020877513
-1.175768732760992
-1.092659705382043
-1.182513535175052
-1.302834903667605
-1.383887928766098
-1.429593138062974
-1.417818738898359
-1.305525449752842
-1.043533402191819
-0.952540394717198
-0.707076074064421
-0.562963119840902
-0.476362973978777
-0.382577715646443
-0.411350603225274
-0.397052880681695
-0.303880711509504
-0.180051875347871
-0.368605495139085
-0.493412110242342
-0.436224124290620
-0.539890404799068
-0.791854596200991
-1.028787366720232
-1.127331243251722
-1.077616984184464
-1.070270702541900
-1.247949307505942
-1.127111632881713
-1.009064485896269
-0.835153308264001
-0.421922465271420
-0.276136255587090
-0.074729270786113
-0.226881813264935
-0.520508983536309
-0.884784576896215
-0.980716709875261
-1.077316853865614
-1.303306922274675
-1.502455838130899
-1.651570662827023
-1.731888625574285
-1.579286147072347
-1.611384502243413
-1.682420720749302
-1.640244177720422
-1.228559073097473
-1.135663822931621
-1.104421736403036
-1.074257842137024
-1.171319095559020
-1.263131485278130
-1.322802196131856
-1.421903008223798
-1.458137620597402
-1.533193433015876
-1.926174101293501
-2.344829504180608
-2.502909643017611
-2.483462328742858
-2.523141736109596
-2.601232305469666
-2.778445264127713
-2.982562446110336
-3.195469434858112
-3.294735588843852
-3.303884632284804
-3.148861953083671
-2.902691111031421
-2.752141165494570
-2.552980695207886
-2.564468635380562
-2.538554310868558
-2.417935900573362
-2.484638191317937
-2.564151785541695
-2.684690945725213
-2.724842107368249
-2.718682001889030
-2.638998135645997
-2.579124534277109
-2.512126729463146
-2.241684812467665
-1.918556920399864
-1.685681872182520
-1.485347156820225
-1.170050737680920
-1.010552306146072
-0.920553075224245
-0.793273850172071
-0.749585067040810
-0.824374484657072
-0.936058088802007
-0.967487963031187
-0.930851026932034
-0.899450244902938
-0.966867502662970
-1.027567321600529
-1.091365901099102
-1.010163063447303
-1.029935513542584
-1.152808430947894
-1.257764763587308
-1.230980689401765
-1.334965791971992
-1.387105096337065
-1.192851141351577
-1.106706803168637
-1.009382279139779
-0.910379951666963
-0.833786974433511
-0.640689546508057
-0.549238080601386
-0.466397919389268
-0.405801059207830
-0.365679602835383
-0.374464523029473
-0.518178339735725
-0.481138813304176
-0.463870905519511
-0.577638799437816
-0.747581262804630
-0.895635066382344
-0.810976409064514
-0.801611965751746
-0.803779048955086
-0.890790581587690
-0.795391816585947
-0.708425279916858
-0.511594965198268
-0.285554403393237
-0.137724224608625
-0.084253683281793
-0.177659145588038
-0.355130461949982
-0.711893184293324
-0.814218399037168
-0.859931543339309
-1.061069115444044
-1.216907869501595
-1.289000343433945
-1.336755814136439
-1.328011399200205
-1.385542794477596
-1.514260545536775
-1.353903621980734
-1.068293832934875
-0.955845254973490
-0.838589056102665
-0.888472686357148
-0.990315024281964
-0.986979468801004
-0.953214764513855
-1.141297231426192
-1.369656966722759
-1.590627696599511
-2.050213704931299
-2.253698046399834
-2.258597658277815
-2.420537356877724
-2.489663441732881
-2.671413004257262
-2.794677057732096
-3.017802745091798
-3.280816039363975
-3.395344716260399
-3.377469683172109
-3.292749313496945
-3.093860324916769
-2.875724719911588
-2.718493014121927
-2.543454737691354
-2.400145025601756
-2.351170565067293
-2.348324668805554
-2.399374363490233
-2.458191418083189
-2.488291579031272
-2.440778139168017
-2.337931091072668
-2.208580058823761
-2.201438779527784
-2.111319608420685
-1.798369531892133
-1.583716011148246
-1.348961738447569
-0.997127537383101
-0.814415124332461
-0.694894371625926
-0.529619249087697
-0.545155065411727
-0.643349930710383
-0.652388335574873
-0.690819924052795
-0.699169847667359
-0.642624746434409
-0.676684540495315
-0.731961316106937
-0.867385344592676
-0.906311581239770
-1.033759378166571
-1.231895583738886
-1.254614996348957
-1.102242907528579
-1.355368419825438
-1.389124466775904
-1.187432723463471
-1.154614191493946
-1.082433099499561
-1.023432041939969
-0.984001397206470
-0.907389476685590
-0.715710909796445
-0.588633098845111
-0.603259155589072
-0.582158577730625
-0.512226779655140
-0.562961788803462
-0.523701545670614
-0.482007611363216
-0.570314030589525
-0.627412782394589
-0.707510638117212
-0.683504934582067
-0.589735616045613
-0.607446261242128
-0.643526638947971
-0.681354914001700
-0.553383538654836
-0.362462271121219
-0.298404556070186
-0.107300262129925
0.064082972722839
0.027670748854717
-0.243566887212873
-0.552946196323050
-0.682701847304132
-0.813209722303916
-0.888021370352975
-0.862587557036938
-0.901541811837456
-0.985473709598541
-1.043638789423420
-1.165350726718067
-1.198706624605829
-1.010354653361134
-0.839394286012491
-0.729235672259990
-0.861671824399973
-0.878526188583702
-0.934965152918554
-0.925368201165276
-0.904104839287399
-1.015309613807731
-1.298725318982904
-1.730359033452594
-2.126044821941202
-2.209970328602802
-2.105526203654369
-2.264478368786098
-2.536801032700603
-2.785797917605306
-2.894836541857345
-3.078711580973417
-3.258688332588473
-3.335489477862951
-3.366793090939851
-3.344874141685380
-3.199630347882522
-3.027450313342449
-2.925568897279913
-2.522373453457015
-2.270219414490297
-2.326581502300321
-2.337093125661370
-2.234510831916893
-2.208462606939098
-2.242074337279804
-2.169658610694920
-2.086052001478382
-1.917482600153634
-1.926540494539190
-1.862914683301939
-1.672866134549387
-1.388001231593621
-1.188011606726085
-0.881029861108301
-0.609415223393446
-0.534797328235176
-0.414362540244689
-0.372443431153542
-0.355229509963371
-0.330078839264597
-0.414764104900767
-0.540496717034820
-0.514179544154530
-0.391018386606521
-0.411682865460116
-0.567564405573133
-0.797651527437833
-0.992812739303067
-1.102360702882316
-1.187018868644359
-1.044138197903180
-1.276775038975531
-1.304673222532785
-1.244643469266712
-1.211744174448659
-1.123406995603292
-1.026940779929507
-1.003192193989203
-0.919077112400193
-0.804544628874281
-0.749933057794605
-0.746804324939630
-0.767824325052047
-0.706891028216780
-0.609988153984389
-0.722578630033872
-0.618289339309368
-0.632271313298058
-0.693280010999225
-0.637035354151586
-0.454800355967286
-0.381743761333766
-0.437844225161387
-0.473701938549093
-0.493113562032125
-0.449262324314576
-0.300892374071672
-0.215659281130588
-0.092479733889090
0.128171413979139
0.132931468705277
-0.133603835050411
-0.346561767972300
-0.470448599226621
-0.538039370440527
-0.525199337135842
-0.552217539903786
-0.630301576471954
-0.694595244548775
-0.770828205329729
-0.956495542256551
-0.903018827474173
-0.782810295427245
-0.701944392398608
-0.617328100892131
-0.733690668788561
-0.902319521033106
-0.962295849172235
-1.068705036019930
-1.101024873225540
-1.162277618695485
-1.354145986227550
-1.759247859451649
-2.149565022527502
-2.197469616828958
-2.171209743551126
-2.236511643625235
-2.490923324243183
-2.794971385193667
-2.996376982768097
-3.206679751182094
-3.344346819568748
-3.342837054549669
-3.330130134317412
-3.299844757556688
-3.106042078859135
-2.911693569417417
-2.731809107761254
-2.338271829284468
-2.155696768036856
-2.176054391604016
-2.306171601216367
-2.191741314831727
-1.974732415368455
-1.911224413478083
-2.016792789144980
-1.941602055958132
-1.772444927508553
-1.727004563207141
-1.622983279045451
-1.482592046030801
-1.214152430677783
-0.932022964766943
-0.661231533985963
-0.460251261341992
-0.419695994533128
-0.383342052646486
-0.311299062298194
-0.230623949050320
-0.042868568388016
-0.046716423921117
-0.145610577470035
-0.240522707267759
-0.218252093992048
-0.280352123022697
-0.427713416507797
-0.678319060952327
-0.821795251411637
-0.961297044605746
-0.986216532977436
-0.983594665893638
-1.116446421064795
-1.246773335248007
-1.209881713594715
-1.118268314606721
-1.098601566957954
-1.037919146758441
-0.931739332945606
-0.821284283682428
-0.777242115665996
-0.685648908753912
-0.773365271788783
-0.898673239960873
-0.943657531416480
-0.885989047060737
-0.946738415424396
-0.840663224450491
-0.692472999652851
-0.697894336696376
-0.716606845977718
-0.464802115028305
-0.422314074975781
-0.501235381160432
-0.522862042586432
-0.357733950140977
-0.245298668841460
-0.251266855991329
-0.142002597491441
-0.005768056586734
0.135540392783683
0.134683146295847
-0.088849554384934
-0.254167403337817
-0.312482396944239
-0.270548071813890
-0.309978146978943
-0.478626001295320
-0.500454435397453
-0.526342254861914
-0.500620000086838
-0.589272053916918
-0.684733618643317
-0.575898375179302
-0.649016793245625
-0.674628835492320
-0.626825683154071
-0.745176542993858
-0.975170527788538
-1.176214501393170
-1.261320096956680
-1.354165540413261
-1.498670875934783
-1.846872678901425
-2.131088390898010
-2.376476341117605
-2.425004329992253
-2.465977158844193
-2.750453643215967
-3.033745613835621
-3.173387500542978
-3.263727574016230
-3.290391603402214
-3.299620454472538
-3.312806796706401
-3.162558479234663
-2.998437559604739
-2.765362421879956
-2.469648668023055
-2.144610595424852
-2.024793422827024
-2.040667749317930
-2.049864609555202
-1.960663245344338
-1.910416412509599
-1.846437291623891
-1.793647088360260
-1.827734076908668
-1.702571370287500
-1.623572536836856
-1.477654215032087
-1.156616089963949
-0.895704677913210
-0.814241086487913
-0.663115833310922
-0.446598227837006
-0.344623763189956
-0.247412581653215
-0.167717189429787
-0.081913183212090
0.001255062175041
0.167928639709829
0.195227715598014
0.128200221733635
0.139666735800640
0.027056709325606
-0.243302008943690
-0.462279214852689
-0.668746924283692
-0.797335455015220
-0.741422291793779
-0.686718585619296
-0.848755756453200
-1.028365216499944
-1.103744959482418
-1.031283449510414
-1.079656723640581
-0.988989335937897
-0.925287923338830
-0.786034438895397
-0.674975350298040
-0.739983060422274
-0.942366942411544
-1.068497648115562
-1.166425171271743
-1.184812019340722
-1.232084059757980
-1.124861467509658
-0.958035098615063
-0.923998354817069
-0.759458316274354
-0.625987338663557
-0.483709368029144
-0.507719568997167
-0.554553547761948
-0.415733475487239
-0.195572444579699
-0.065736516724140
-0.034979223611802
0.071925734473793
0.278299793627116
0.238207231902127
0.066860682087497
-0.102546535699200
-0.249024026098224
-0.231428773058337
-0.311372952116260
-0.481515539035376
-0.422294507181444
-0.355452791180785
-0.245517406859149
-0.324872001290268
-0.288633776550351
-0.282253498887232
-0.325958988794729
-0.359092366648287
-0.385576811518946
-0.548812856196965
-0.800008934034035
-1.031884627267831
-1.198469514082418
-1.279771055348286
-1.467855557710614
-1.679621786817384
-2.063501186245662
-2.326258851876091
-2.479763623903467
-2.638380684711687
-2.948955941649477
-3.062401192851554
-3.281699634445810
-3.339633305079087
-3.152600131719300
-3.114623731012271
-3.147557687369462
-3.057986044251074
-2.807858373399430
-2.618520404168097
-2.391011866191896
-2.146443857423760
-1.981373058552696
-1.835158495234967
-1.725098100005354
-1.752943127795033
-1.791868966917920
-1.855929217630995
-1.805970983277857
-1.690142426828866
-1.619460927723947
-1.535165177644108
-1.337401993211998
-1.024148224788080
-0.901388504150296
-0.859238819836361
-0.689777027858135
-0.399274675739125
-0.187068581964995
-0.093242619644948
0.048367065595082
0.187943572591672
0.243504441325541
0.360484656859036
0.404384816820590
0.490009236306170
0.452410120547408
0.217688666220659
-0.009749165124703
-0.208253430959202
-0.355645388915486
-0.446796654764951
-0.471197567080042
-0.459507652861357
-0.573252606900460
-0.696909836299031
-0.858307297642565
-0.884853633439092
-0.904505027206585
-0.934902362832415
-0.910596229016890
-0.888884021978581
-0.761371803973673
-0.855723611842105
-0.984142112982764
-1.040689994338702
-1.200453107412675
-1.313133473511583
-1.246601493894538
-1.214190385310175
-1.111246736670974
-1.043826994425756
-0.826000596846671
-0.627675358750376
-0.481250624928803
-0.477057659802751
-0.470260591987143
-0.354029541097369
-0.133394371598456
0.038103111474251
0.043351228695837
0.188765928007241
0.432512165923874
0.572339000399892
0.315491774980277
0.151644023116403
-0.002953363518804
-0.194417382351391
-0.260527528384724
-0.235545698113540
-0.152393533369514
-0.087442946608200
-0.065227129397363
-0.082377970745619
-0.184596253705413
-0.213653412177210
-0.137075200737517
-0.128955770767374
-0.217919180233527
-0.369744847423913
-0.477181717869743
-0.637096514227081
-1.001346301309702
-1.280649072134518
-1.335797255401409
-1.584322394960730
-2.054042525205136
-2.283667845260145
-2.459166698045709
-2.620992659585388
-2.793476629411213
-2.905863608318913
-3.040678463721752
-3.212038885606456
-3.147568215296400
-3.002542238796756
-3.004455057927539
-2.839571593288573
-2.729415188909409
-2.527358781026324
-2.154849438039788
-1.996838819663347
-1.857732282612137
-1.715514293381564
-1.515866717490108
-1.522718808288858
-1.560918692320019
-1.548318766294310
-1.527926654876328
-1.441473042484013
-1.264907034743031
-1.102755368099460
-1.021089974495562
-0.933473472911727
-0.919813956295850
-0.726513042202398
-0.519129221372023
-0.207569041465878
-0.066766118183887
0.171982804582506
0.308942318210357
0.388847759584622
0.556586860116559
0.583914855551824
0.679352417312988
0.761589424901281
0.647811261317601
0.399986472242780
0.233716206383737
0.097404247777124
-0.118647517194253
-0.237557578475755
-0.384134269880394
-0.244451165940724
-0.387635654796052
-0.629284130770647
-0.665635964872471
-0.785101858446449
-0.846613971035349
-0.939723108573716
-0.913782855318675
-0.944936058994948
-0.832415269682297
-0.805598605987537
-0.958831612180819
-1.041191509846233
-1.152504491957993
-1.359144894060330
-1.366247179158993
-1.271832358746773
-1.039414528914414
-0.840093731256733
-0.524085490060020
-0.478082064527919
-0.340278823231520
-0.270215177814556
-0.241373428261967
-0.147921843418218
0.069283184160907
0.102347185661770
0.143534853691715
0.234333631075081
0.456538277119265
0.613770799505422
0.516408220744709
0.340325382545343
0.225670594788656
0.007563152851411
-0.144571816804349
-0.030252565496835
0.043329332149963
0.072915600582130
0.084309493056815
0.019199170084785
-0.066896188962878
-0.114546163931406
0.008662639233130
0.015402852490538
-0.119046823868286
-0.181889148401020
-0.353692407398641
-0.548399772122457
-0.871304138573870
-1.161634107929534
-1.358451824039904
-1.605092322784145
-1.926075388434612
-2.246257432614175
-2.429782917468207
-2.426600972740889
-2.491740002534665
-2.635869598080763
-2.784382650110367
-2.997059741977373
-3.001026941141673
-3.013248568816830
-2.998596691106966
-2.784339021988254
-2.649147461499455
-2.423915711140773
-1.993056769697831
-1.783222446510538
-1.730066407209995
-1.501230497858576
-1.275512577111027
-1.260079158963386
-1.244102460204506
-1.141173411528535
-1.132549888108523
-1.094404785996545
-0.834120711831481
-0.797529725659287
-0.679453296269159
-0.625987263971733
-0.543620512142193
-0.396807667322372
-0.268821505533041
-0.086680697795411
0.170556549756277
0.465334955026420
0.635690942924971
0.533068664868203
0.678556469451755
0.834758518793374
0.940245798645682
0.934464874724980
0.865591770205311
0.664241365588983
0.503786775934979
0.339880289488369
0.209294351316772
0.051393361464494
-0.216065458400019
-0.066035974325300
-0.236045139388045
-0.490181392842090
-0.647741174399182
-0.739079687031718
-0.830581207329142
-0.911096362300567
-0.965409057856206
-0.910402754241328
-0.803729952861337
-0.763748720965638
-0.927027895589760
-1.166795172982370
-1.353079004844786
-1.410836087372994
-1.480091613790717
-1.359575063990544
-0.984350421201981
-0.754827183523027
-0.430552001381501
-0.163996450009826
-0.123419921362584
-0.109414683507711
-0.042184898120705
0.044125387418406
0.138672757977438
0.215284024144737
0.237899600733352
0.442290419304656
0.628431197132922
0.644426282030557
0.567627966086907
0.526895124260717
0.389532497589773
0.341044544302059
0.325441506799062
0.293763884803727
0.186154917742293
0.136406559489468
0.128454912866635
0.046088365004707
-0.168979262274140
-0.218564124239438
-0.137006170524067
-0.052450556299521
-0.134879340071802
-0.182656763054195
-0.424214143154316
-0.716344671157939
-0.854330600630876
-1.035880092123157
-1.393024466763061
-1.606803345307386
-1.860106615827598
-2.217859679700658
-2.323932287687180
-2.196928773584888
-2.209151822977129
-2.373809817107802
-2.554300827598770
-2.740363033621555
-2.954060820905506
-3.001099528608542
-3.012463000511487
-3.049744709827443
-2.773531396767263
-2.292615589679517
-1.863739084219133
-1.606505208082811
-1.493741244403652
-1.290370598236864
-1.009822963957168
-0.983199051912643
-0.906753399514401
-0.866499559846242
-0.791305869086371
-0.755428523635050
-0.610185465399274
-0.691948350857873
-0.582842893061114
-0.377570759523332
-0.284566255146236
-0.199407898379963
-0.087864231455860
0.032401707041841
0.291662383438809
0.588503431410520
0.678464915791764
0.768166981276757
0.821134238859399
0.919130588227177
1.157492569366085
1.057706304368485
0.964398973757524
0.784255348425413
0.580872334355348
0.423287829737434
0.462204461475598
0.341197034605009
0.012133277009601
0.122257224746932
-0.114649966973089
-0.409014648443546
-0.631269367185056
-0.649592062785510
-0.611976223649676
-0.757730341277045
-0.795083436248278
-0.861544756167319
-0.831104803287003
-0.757870343862036
-0.773442468199496
-1.165968046927512
-1.388257927447233
-1.506891284649136
-1.510015021893905
-1.365244264095598
-1.045811033347089
-0.732217006376103
-0.412295289256366
-0.193856045735404
-0.103648951418936
-0.047982118209140
-0.034570852216991
0.096993136222408
0.191272726124884
0.325877420769282
0.299563578389190
0.649324295713243
0.720755882037029
0.661385211840437
0.643440687204502
0.652186224125701
0.670575114492570
0.806575678012154
0.732956678247165
0.498551110808658
0.336490165574814
0.196305329230501
0.059574836972659
-0.056468769108122
-0.173644605604261
-0.353858727872911
-0.286638648832281
-0.191515968359949
-0.144238750558995
-0.288477600757242
-0.486609304054609
-0.595848633492824
-0.765422915884356
-1.018720975042581
-1.336478836134557
-1.582025230958650
-1.780464772113891
-2.118650537401217
-2.273157374977543
-2.187169078651968
-2.276968866843526
-2.398475119682289
-2.508126185149608
-2.733443630043312
-2.884579076093707
-2.923233991323334
-2.950992994584538
-3.049060389900178
-2.852454649516677
-2.152740030384153
-1.823034195494802
-1.610403465349681
-1.432115223837421
-1.093784434417336
-0.857154889366538
-0.773179206609523
-0.688166083744432
-0.663192607847016
-0.593907912949995
-0.532931394087913
-0.478698753456928
-0.466461324282477
-0.426301167624760
-0.247144094541186
-0.072377847805720
0.035023876014735
0.044114049749412
0.035175457073324
0.285308884089704
0.585874025502408
0.743935873818836
0.872447330301903
0.969375448414407
1.061521005363071
1.214375344498383
1.077011891165700
1.044119924665852
0.956826750543261
0.723102165405415
0.451349418079745
0.375990319726551
0.374811522995994
0.252434872640293
0.272487126523667
-0.000931702260323
-0.328489012557380
-0.661737806793891
-0.679150619672846
-0.609956473202750
-0.642496962196254
-0.683825108156222
-0.852289127836574
-0.750066645537185
-0.682538313758649
-0.639836032035727
-0.926609973615078
-1.208622024033316
-1.339891177104780
-1.419489135849612
-1.326587595405501
-0.985132868578682
-0.744554062438125
-0.324959966479939
-0.132670424453664
-0.007592649240406
-0.002342011861419
0.023443325144733
0.139481889176822
0.306226104800914
0.389219224920368
0.510005393786623
0.711235745846608
0.823235579000727
0.770767516831357
0.701627214383986
0.784972445120973
0.784692137128022
0.884154713260190
0.911731354404228
0.658357010313675
0.616251627523464
0.467705198576547
0.224505160085555
0.033741363649738
-0.149258542000918
-0.384244722102046
-0.266375258906587
-0.137314410804771
-0.113799036875524
-0.229194436924823
-0.372226526878908
-0.519912371543781
-0.643019025739774
-0.980105513961286
-1.387759053450272
-1.655489098177876
-1.813910914189328
-2.007896121155316
-2.124188205647033
-2.308521744486162
-2.347290385416391
-2.439429969192344
-2.494442307704454
-2.711019744270411
-2.841451427210681
-2.752039527076863
-2.820711322642377
-2.916060182567406
-2.602599503206423
-2.114064491794940
-1.851507678679988
-1.599366742739084
-1.527233211149688
-1.277554756714631
-1.061457480882609
-0.755756638452041
-0.601821572536502
-0.533797971257426
-0.415756911399225
-0.397061276755212
-0.282180246671327
-0.211193229401627
-0.100555612739060
-0.042970043365359
0.168618102784509
0.234174098458060
0.136269798172329
0.137571312443146
0.330088408145849
0.644535622478837
0.956421848743179
1.116638625331849
1.034496374113694
1.211011904827598
1.293866115810582
1.228689004902515
1.130144264989143
1.048426372502736
0.898195815727276
0.702449073474964
0.434797428563009
0.453508394284845
0.461373037254723
0.331546994594970
0.005529656461043
-0.288273579248222
-0.486043351890529
-0.610993651092294
-0.633529582568942
-0.559942152765936
-0.716338428505706
-0.837355584057191
-0.767766406157373
-0.745148102674288
-0.816623786086872
-0.959558129329071
-1.064793614252323
-1.130029279303960
-1.285767786154614
-1.103100910908463
-0.810242647657512
-0.581328952588334
-0.221122398781586
-0.058752428416715
0.099053092603695
-0.048421345974097
-0.025424820564169
0.192560120521042
0.473968455288428
0.597385404786131
0.812462450227818
0.949283169569983
0.975957161168836
0.959960654307582
0.906282158550710
0.959207629491606
0.968723114860946
0.973197583386694
1.015294425351199
0.929085376926257
0.839122586663783
0.685821007997825
0.401892561235263
0.058132707631098
-0.273730178464965
-0.440931439435006
-0.386981165923085
-0.227165599786918
-0.122766758969172
-0.192270072766931
-0.311139338476585
-0.567049374363203
-0.757850799754585
-1.111605663368806
-1.408707271614564
-1.604320110350512
-1.748413657460372
-1.892040694826203
-2.107886542949648
-2.311601968696692
-2.481537514369875
-2.514928841527351
-2.534603993266844
-2.647165331464807
-2.670656374914765
-2.593635580423253
-2.677209875552463
-2.682391524048616
-2.500615830069480
-2.157002332965324
-1.913556296813558
-1.769881113458046
-1.641217096819549
-1.388192383908208
-1.024815372485032
-0.652792142123237
-0.527198521125645
-0.538145918234566
-0.207669839273298
-0.108022618288819
-0.111031375795072
0.070895188487839
0.193035121616234
0.244226720289820
0.395491317905233
0.356623995910678
0.372276759748085
0.295581782045216
0.305127601460451
0.701583146739236
1.050921210999199
1.269326763850619
1.144501448052309
1.236699360189933
1.343280059937969
1.377423178338449
1.171730846095385
1.130501829591849
1.059044379250886
0.848141267806407
0.632338916317481
0.537201336338030
0.566052465983679
0.326236373363328
0.037009761785983
-0.218184894811523
-0.366577282647849
-0.512484349458388
-0.676192649584681
-0.678369142999231
-0.730108699003722
-0.886618665686211
-0.885725764256149
-1.000747365281825
-1.053945295157459
-1.171663110333210
-1.124636076467897
-1.119581182374479
-1.059297199685583
-0.922550113430184
-0.686712232679684
-0.426799277669199
-0.222848650780219
-0.076108322563085
0.030194134684832
-0.031658260160581
0.004992728378145
0.339275992380871
0.666360538752399
0.797888622531246
0.960789027284839
1.098988285851662
1.234126735788654
1.234697914751677
1.169686164646885
1.149696496626032
1.140682862076959
1.091188774253648
1.026324554807793
1.031562193218869
0.922452768327226
0.715354423662422
0.490590173620291
0.148664097764162
-0.332693805713417
-0.567115104319426
-0.511308739563112
-0.403814663677812
-0.316672110993100
-0.236188826382752
-0.237266904710919
-0.395017555173216
-0.683049571042707
-1.054668170928440
-1.327301586463891
-1.466722180569089
-1.616004006471715
-1.879049205614111
-2.043957901118555
-2.252215352536369
-2.588523150762070
-2.677054483531038
-2.606919703828952
-2.615805819491432
-2.678296203864308
-2.571065907999076
-2.509599248277805
-2.415161414816701
-2.172216004955119
-2.139591570310779
-2.139349794176457
-2.001298688240658
-1.706723630778158
-1.358535587810848
-0.996146477586422
-0.714562947073309
-0.614230755054112
-0.443908805455055
-0.188232226191634
-0.019741028979946
0.093246963341565
0.388191861656218
0.478769447674834
0.476076356257436
0.510598333598376
0.543010572857710
0.540591073558301
0.358736315582861
0.432179331073687
0.809911658305774
1.192680989508966
1.343862690383448
1.282333390032382
1.355369174759099
1.398463536346286
1.385845389701091
1.257147857091462
1.124318340031143
1.098411706552213
0.987707286964926
0.770735880395640
0.695222805286024
0.709438448864661
0.425508272947078
0.089132391182240
-0.092009756769776
-0.377769519712632
-0.509447839020875
-0.546276386906986
-0.587604746132344
-0.699442951759131
-0.857514617000482
-0.976882848456388
-1.228241151715087
-1.208871408082594
-1.281554533628201
-1.123163073041543
-0.933245519969823
-0.760853043799918
-0.607464827696493
-0.543519464316532
-0.392887759835429
-0.240228980986385
-0.185793677325463
-0.004112863438365
0.032910994624093
0.144797890480512
0.474189613858620
0.687175704114181
0.759322340236910
0.864082188262999
1.119380162818208
1.500482385482171
1.471880542873207
1.443592849509226
1.322966850698616
1.181101022010179
1.136882655312458
1.211692077290370
1.223814505528429
1.045012596311261
0.726978113693928
0.466062771390265
0.200575557730698
-0.378670188968967
-0.668626202604199
-0.675551090511573
-0.512166519106280
-0.337109393226499
-0.228204302345937
-0.225404543093316
-0.372828933955308
-0.632801807653728
-0.955546068466288
-1.272348260205825
-1.389998976271047
-1.604220063712993
-1.865503122242477
-1.976751439676603
-2.338237514965765
-2.661190398252949
-2.679942720900740
-2.620014360161144
-2.637191177375879
-2.499190063322394
-2.460909295637193
-2.366602186194240
-2.187273787305332
-1.856397212952384
-2.013452119508155
-2.113371011895260
-2.091090315191908
-1.829354590682822
-1.456192649750587
-1.223922720965562
-1.025652197275480
-0.732417715599905
-0.569082697334033
-0.357258530404998
-0.006382249081415
0.273507644490874
0.515600361386608
0.644741971510964
0.566630080751374
0.600158489576004
0.678688218608976
0.656932590314087
0.688890513510104
0.890679901714106
1.222970931075332
1.443245374013075
1.566307498522188
1.544182890935159
1.533587477493427
1.530792653061734
1.526850582996831
1.337259199012919
1.223149756751114
1.066201568032070
0.980511526472823
0.929785164296875
0.824135189525513
0.717185400741176
0.472244232913045
0.233619210943804
-0.032819003198903
-0.361864421891557
-0.494171039578130
-0.485708661905912
-0.554138024223192
-0.721296633883771
-0.877521059736429
-1.034900501394635
-1.299818724433415
-1.283343249769513
-1.151578149365143
-0.952237926646659
-0.676191863038574
-0.485562194150129
-0.373950718865419
-0.445506880346619
-0.440883215305428
-0.471397493209730
-0.437741411391490
-0.241565270789944
-0.038419568124012
0.072081443504046
0.428230496723579
0.644177023231693
0.806661873538345
0.950012786886063
1.180989191062155
1.601614549482917
1.633777055602320
1.513796221646618
1.447892850951154
1.331276476894749
1.211434378586750
1.298905918680951
1.336441972447546
1.103822338897739
0.862454777329752
0.458501335025648
-0.006317003806456
-0.560381729512926
-0.817414634431498
-0.858954875868222
-0.578752610112709
-0.377929175436482
-0.305855894592613
-0.400059218943212
-0.438393881468899
-0.564701694663047
-0.818398220750686
-1.105222972096739
-1.375938384162874
-1.689215800335276
-1.847084227278962
-2.044897006641268
-2.414953978839297
-2.773506592199242
-2.827386869436242
-2.692658643826959
-2.561329643464270
-2.329550788951658
-2.366350009643375
-2.401149966432605
-2.183848293460421
-1.770372032205479
-1.859516424976189
-1.922083728435776
-1.985608571796345
-1.712346913065847
-1.517826585439385
-1.358198330980526
-1.148072634892925
-0.873177862385688
-0.546449296849975
-0.221421814904601
0.105414026263591
0.306235953223382
0.564544126169331
0.753517103848501
0.753951057054851
0.794293012717224
0.692059968842387
0.676305717631217
0.875737358899238
1.177250812536610
1.481940821389849
1.624405819031067
1.768135763514575
1.717599792430590
1.670121532448116
1.679918743302933
1.755246798445764
1.493992011549673
1.172253217943828
1.024966423580797
0.990914840149022
0.909257873816850
0.920484293416968
0.768051069407560
0.435434896716943
0.354809279707798
0.050453088402529
-0.214306825011643
-0.322943690106920
-0.421483981414493
-0.629203375234562
-0.771228069436547
-0.814937774265426
-1.108224494039670
-1.226105828234342
-1.149358003100951
-0.911005653343411
-0.642706702268735
-0.419025146044245
-0.379210958391842
-0.324182659679573
-0.349646549234581
-0.334158511881714
-0.416423667558910
-0.362001490675120
-0.297430807850325
-0.052574348732180
0.249827489475043
0.478166550988474
0.593568803871431
0.784359708457678
1.099425885686081
1.226817113721228
1.442610715449351
1.616186776141838
1.601823976536327
1.534300101868979
1.458424981165612
1.410102423098144
1.442120450668168
1.426416616828376
1.113912220695853
0.796309028419393
0.342324208359870
-0.138552723590737
-0.608537099625712
-0.803812244397659
-0.731469475870187
-0.499745718247619
-0.411575446136325
-0.366531548440507
-0.387713769627538
-0.403239554246110
-0.528265444020286
-0.871849078024114
-1.205109374956012
-1.460130780539029
-1.722245464954999
-1.913768034871892
-2.254767405900509
-2.616043818767108
-2.808577807461274
-2.876568234634008
-2.730802340653575
-2.587914724097830
-2.417847321459360
-2.410551203708335
-2.340482686793687
-2.137421840935568
-1.821501932740116
-1.734342313739179
-1.757710304623632
-1.649162099396910
-1.483503283356773
-1.321181268419800
-1.228880134311486
-1.108990747255623
-0.733014475752058
-0.346151474794880
-0.033280614520735
0.153719693794412
0.399116500060017
0.696827443088186
0.842426325186704
0.849280108982691
0.948884962989168
0.887595019594331
0.872063158612496
1.050930236030280
1.194795637422266
1.597981236603737
1.747549678324879
1.891445669427040
2.001338133585918
1.908163274137427
1.837674481421651
1.760184794932168
1.603527443957977
1.367434051988287
1.060843142976004
1.032560982093820
1.024113773050346
0.881247707920312
0.686083278227308
0.588520173334044
0.398347117271048
0.176606988943679
0.085865465724521
-0.079715489990250
-0.458352474897791
-0.799492559903260
-0.846902837027065
-0.867929945817822
-1.143864267162188
-1.061171707057582
-0.895993100520356
-0.624036383390647
-0.338822845040773
-0.178322616854853
-0.160982281344678
-0.136585713590976
-0.167485968242529
-0.003078509216638
-0.052302079736904
-0.094591951811658
0.024431563531104
0.170766686328337
0.340637541144386
0.535216347938838
0.709780941896774
0.833884950259019
1.076973624646106
1.306303161987477
1.393013045985662
1.582354880544655
1.648774607814678
1.576176061676836
1.482685447850198
1.559923250537360
1.562418931325451
1.527202966024282
1.233153131856558
0.831023088539957
0.258562532263131
-0.229447675512802
-0.448237821346121
-0.667897588302424
-0.638418585082471
-0.552971456690990
-0.356800446521911
-0.420170180072531
-0.364955889923878
-0.418799926362079
-0.622179877684762
-0.889342006612484
-1.220428460535648
-1.502611355366246
-1.773828129348355
-2.090365637718436
-2.359480368421647
-2.809956067418189
-2.985496833017180
-3.029398319355880
-2.829561992005636
-2.632260168207583
-2.559503495761602
-2.431603736937895
-2.312511754636319
-2.047752645625320
-1.806415949669774
-1.724016441104638
-1.707010654561879
-1.703799312534917
-1.450299895432809
-1.252188881988829
-1.219513153800990
-1.025871415913639
-0.616164679856438
-0.226057285745296
0.031931506753344
0.188730913786855
0.396970813145261
0.623632428372295
0.759087881900125
0.676839899435461
0.665028422692392
0.772759163943292
0.937212143955249
1.085240247761207
1.190677644138682
1.626915137536289
1.941189241639753
2.096646450766149
2.287208878253784
2.178768765977025
2.001911112080504
1.868934584414997
1.755725272855285
1.601527217830353
1.424882144850480
1.326139668709482
1.100469737440380
0.956620875629572
0.766895144178304
0.870334111510709
0.654070899715879
0.366910359799299
0.342066193816188
0.071133048829966
-0.379665196483232
-0.696219647988347
-0.717615878842731
-0.724956501364308
-0.942206715482602
-0.939949494489114
-0.655809414387947
-0.309207979551586
-0.045690480404124
0.077863097964741
0.176685431837026
0.194633920100202
0.251693012484409
0.413423612736770
0.258519935431877
0.336569202346206
0.385641751634915
0.412363632142902
0.553130744788533
0.682504433668275
0.881517704018310
1.087429515800532
1.264740114749415
1.481168197153696
1.572503038151672
1.577232159993505
1.730025071674081
1.710938268765997
1.681831047778785
1.613169938306543
1.609750039978416
1.418942199363617
1.261593471249681
0.903570597264869
0.331416545465469
-0.122854035832090
-0.383760844965949
-0.552424134305022
-0.561733287711478
-0.486207045209586
-0.323558148185140
-0.323019665080920
-0.187902306919557
-0.261628903069384
-0.531336995021773
-0.907665983105686
-1.152317602960086
-1.533574019372752
-1.860437116136154
-2.236306263106860
-2.498445604703981
-2.930969608881406
-3.117422695135561
-3.033177013956059
-2.879707874047883
-2.626746448170001
-2.533818228803620
-2.312833872157084
-2.186966170214357
-1.910505729221683
-1.757193856314513
-1.732093819141737
-1.583219561945960
-1.489040503616526
-1.222939315957416
-1.142003025447979
-1.026936290573170
-0.743588830343909
-0.421987844716236
-0.156242863569511
-0.018831255735848
0.101583164355190
0.329550270516188
0.609608327698186
0.673403757770689
0.508006335673407
0.335207411563322
0.515346051579557
0.793000564925169
1.009093651118742
1.249507103101409
1.739124706879277
1.985707818871570
2.108724833657075
2.244063182288665
2.193191147498021
2.115099513926936
2.073103304709364
2.014474205038984
1.968249780413615
1.839430682333514
1.793099129589651
1.561980717309039
1.242094747011390
0.993529542182334
1.237750264717083
1.014489536514125
0.720454767685460
0.562159569634411
0.347114085540995
0.020310745732911
-0.263424738452146
-0.366548796847232
-0.439636198595099
-0.575982200042868
-0.570997403891675
-0.317812617768336
-0.029656305844934
0.085123030617976
0.258826742747027
0.411774480951705
0.423476843611919
0.500982046409702
0.584082363903439
0.642842967761805
0.840120774225463
0.747264112301696
0.684850286222731
0.800526601997249
0.928756692176494
1.069273328472071
1.321522380388629
1.580866594838433
1.802727390842773
1.881887066493409
1.909011882931515
1.975116101296696
1.918544562475875
1.806931669589131
1.655029544199258
1.549363247111948
1.321713637874316
1.220036206328635
0.879644219699707
0.428986674688858
-0.102170662838545
-0.344203407297957
-0.448439663078517
-0.503637664267254
-0.521710992931073
-0.430619606963776
-0.263427450458471
-0.244855554963108
-0.384827217509124
-0.625469738313881
-1.042240030249388
-1.228942036563345
-1.500648795542972
-1.869989294866347
-2.241079841149261
-2.569824120973821
-2.989091564844226
-3.076045176301457
-3.055655120089782
-2.855421421685194
-2.657916724560013
-2.655783675512354
-2.402100033126679
-2.191065451390714
-1.916654761368137
-1.786631370315976
-1.630064167639249
-1.401898741522745
-1.290566984894350
-1.145234544145945
-1.066367434428066
-0.822033510047443
-0.559182830378906
-0.424490621591767
-0.243146859878086
-0.099812702333922
-0.009267006022696
0.154765844384524
0.450612949811294
0.484539639889097
0.332070713105196
0.250545918697357
0.357466816417397
0.655260069695224
0.993923844520459
1.276073752051299
1.621892007813151
1.998463900126558
2.116925196933796
2.265700371190851
2.417136580490266
2.427503984684340
2.442606862325738
2.383821200596921
2.417047394231536
2.298032338964154
2.252588028767138
2.046011152900328
1.768639882173126
1.487882258817345
1.620534472464341
1.320737078650649
1.057581453448427
0.845429910600709
0.692696677932588
0.481662219099262
0.224348546630149
0.048307241426229
-0.243831292978287
-0.342970365149948
-0.221572746532120
0.027116629178983
0.129740781914014
0.114513658263892
0.326877104387907
0.461313576611586
0.588929413002587
0.621406319110135
0.823079297003268
0.916537136575770
1.085465530529421
1.182596702635913
1.125907779282606
1.124432379891627
1.258630771599386
1.300508042662883
1.508237314072122
1.825593932262281
2.109734222040103
2.236064692741149
2.262754845609323
2.196675106906661
2.001545426314495
1.739389084593563
1.615791369791838
1.530937603934165
1.339440520209319
1.110174479960013
0.823948808466658
0.490274743026822
0.083012365525452
-0.070643697202135
-0.214004489247358
-0.354824011189509
-0.456172913488565
-0.472411540788375
-0.385134538651541
-0.345050548318668
-0.622638954129610
-0.876425343966493
-1.236687775857562
-1.432037503877637
-1.628227658434427
-1.878435490130985
-2.152805831530818
-2.574293211602381
-2.876926121849463
-3.040411229783916
-2.947945465251502
-2.750692554951895
-2.626149507047579
-2.541831916199057
-2.339038811031569
-2.078753541602761
-1.788428215421245
-1.604086722426893
-1.562360591103709
-1.497629108408525
-1.375403922883246
-1.083823889947891
-0.933428142058955
-0.857289524049577
-0.545006843064352
-0.373856088256017
-0.140048631002409
-0.129623448455855
-0.231161931717015
-0.202333655119387
0.166913019133737
0.217594637298184
0.115690749503978
0.096190511907445
0.247190918265086
0.641770943361299
0.957453793650538
1.273722536732592
1.534891975037374
1.906875939023529
2.169749793722786
2.339471198938158
2.568497082992768
2.626526299881222
2.665448362969685
2.808990102592100
2.808369890558787
2.586999398664528
2.509361546948615
2.377066502202572
2.237841187388108
2.015093619384201
2.249774552565980
1.791549193678251
1.424630045842704
1.140797066044011
0.938997187227078
0.760947888364803
0.652279704934142
0.397546276359302
0.037985266689412
-0.036546792004096
-0.029770928177389
0.201534071203955
0.338918119098029
0.260136127683226
0.451372100491145
0.516386885863432
0.657971421009669
0.719880021001479
0.965315017877331
1.065217917418655
1.349485861510125
1.567679412288105
1.517045613241799
1.500177038712110
1.589218156679392
1.640153192873724
1.775030909534435
1.908052019702872
2.152334414479309
2.291750442462035
2.365891176267366
2.144874072749080
2.009242704380058
1.689306948727619
1.468957833772208
1.499259351275990
1.468958131746602
1.121412613129429
0.727686170630631
0.370730319327312
0.162359792400879
-0.055174510993378
-0.180363386968562
-0.242750824816022
-0.422029418366185
-0.513775052097326
-0.521830932479188
-0.566307167002287
-0.792746218208620
-0.974303139763427
-1.216793924072760
-1.522072579590006
-1.672811193750279
-1.771154664422541
-1.991524356623303
-2.425878303998636
-2.679466092492286
-2.804183845576960
-2.607063038901468
-2.298724485676034
-2.161262420153680
-2.198621319890500
-2.198084617305444
-1.947103476052454
-1.769230757534665
-1.569595632526984
-1.562043707123658
-1.460198201129437
-1.279843644409590
-1.053057334440905
-0.966758598728347
-0.905861818104629
-0.634767205824866
-0.374501082144644
-0.220173627615151
-0.290539854689740
-0.435490743130797
-0.404992980018513
-0.219728378240329
-0.071043004662908
-0.137659712089264
0.055118747494798
0.223713647741204
0.607491136244727
1.050454792377971
1.300218236140592
1.746685549418509
2.008483845196148
2.248592153074454
2.396430731217453
2.577197748020323
2.762312934297078
2.930676868524697
3.119043895516620
3.049608522539293
2.872315171922907
2.832598895922018
2.717924085973136
2.713304614166235
2.539990786861541
2.563674605985452
2.130055076475869
1.661931267222679
1.428808997802846
1.142923832753699
1.058690521351869
0.973533686252332
0.798296514380333
0.567469355541039
0.290039189551411
0.319080456314553
0.474243369414323
0.624204314332986
0.543613227801752
0.612407205211583
0.617227000192849
0.804259056543522
0.943734160654319
1.029378373599883
1.097182293721651
1.398958796251851
1.711703140029861
1.748800080127467
1.823623954498590
1.837042875119417
1.814689281048079
1.931542561563169
2.012216867221784
2.013292275382984
2.082305347432478
2.116545877259823
1.996771805173990
1.877559534140138
1.695690471111508
1.494015796631172
1.401316309187037
1.287147223738582
1.059202624400268
0.805402391866452
0.435522476170441
0.172489931012628
0.071284016672477
0.037145555632279
-0.129464792586833
-0.354337501545597
-0.553211278453087
-0.564710375987268
-0.670770748538155
-0.868132847708401
-0.966455790044877
-1.217921483825328
-1.487211897324799
-1.687463505639652
-1.722047615940692
-1.880142321721640
-2.219384405335664
-2.374380278520353
-2.601365563930474
-2.470015832573884
-2.014819224163794
-1.674379112269115
-1.759066672577494
-1.879034111665003
-1.756185256022740
-1.737035955899574
-1.675240535633227
-1.547169981317867
-1.329119875336798
-1.225448805746070
-1.168043681174685
-0.986170441849889
-0.911798052794477
-0.643419293125253
-0.350178672866482
-0.293245398251848
-0.372203987697578
-0.542567189358322
-0.503275380612554
-0.383954906390508
-0.320085446266958
-0.081289884907565
-0.006208500792875
0.365539419449599
0.751708738421585
1.014536040047695
1.353936251382896
1.832111388270127
2.185521165551056
2.396041664850152
2.567201109989492
2.643415184916927
2.799231946259273
3.073781365120885
3.350695677246035
3.344121986642448
3.247755230643811
3.110710507827997
3.006284079955230
2.991822907138239
2.870332930273940
2.721614853252390
2.429282445764335
1.997556694692725
1.603235249794212
1.469377068604294
1.332688087583594
1.292305869723055
1.211244324802822
0.977662181183822
0.821959816274458
0.817767685463991
0.649604664898092
0.696807375612035
0.754949664329653
0.777043375670960
0.769226969423853
0.991954100010123
1.127677906589715
1.208160457259823
1.300198688760675
1.498283044181328
1.773147442774218
1.972051437697845
2.187995955432769
2.113051341508392
1.938410182621333
2.080644877745310
2.015290043538155
1.993029301074993
2.060101551640874
2.002391771313953
1.994317523997277
1.839898181003367
1.610196271025038
1.499026214934478
1.363956962209828
1.244775381383141
1.089754735988899
0.876575187953792
0.553303656271575
0.305260434558368
0.246793413053857
0.084617053166361
-0.058635482271239
-0.247584438237570
-0.395126568831315
-0.477455115883273
-0.587330062724508
-0.755331666236888
-0.904554668471373
-1.134349889377798
-1.422818863307418
-1.643075196452022
-1.665826807664867
-1.808421435803943
-1.956482143652149
-2.079252422775689
-2.284142823470737
-2.312817229678190
-1.895970027244362
-1.588189757570578
-1.468824142856785
-1.596410762664562
-1.610514334509624
-1.485850541981836
-1.543203856354391
-1.400735731605218
-1.206588001938499
-1.061719541087083
-1.099108802302229
-0.912639385946758
-0.774703650700594
-0.632916189017547
-0.348622279290211
-0.341677566696380
-0.459226919297230
-0.467392119968916
-0.444725192493977
-0.340678887315282
-0.234740276476841
0.038172769271873
0.317493066429157
0.709152548669799
1.036744911267989
1.181643192113583
1.545748147747972
2.006077175364664
2.292131451877739
2.467437488927678
2.603485983625240
2.756626093895163
2.855748676129915
3.031418579854086
3.276871555389581
3.276836768816150
3.326138733179564
3.314623241864501
3.236813860874743
3.159204652546838
3.004558146518574
2.897401291652845
2.656202324966920
2.238144378296942
1.860235431923633
1.665816726049049
1.490019258342639
1.395010981839138
1.387761940380350
1.290347429046663
1.150061066160725
1.057278520216717
0.799619292778381
0.745152483136784
0.888272102447224
0.881152628944196
0.888154480730433
1.014030909583219
1.244953278681470
1.402905185447416
1.383798022139700
1.585955673242925
1.865203230032782
2.231123129293532
2.472849901708752
2.398588229039633
2.283760774231191
2.334544449190440
2.217073741438045
2.114381415056133
2.050205580044519
1.944794240400990
1.934712287459064
1.808960063290265
1.666112529662830
1.523727234356986
1.362253892827594
1.136137367032116
1.013668413497334
0.816201234444668
0.529266551852065
0.257463298099232
0.287889316791558
0.073955205367714
-0.183747614860180
-0.265212071893441
-0.326387877478152
-0.440934406701271
-0.501527627542447
-0.570378901555526
-0.751846778601055
-0.956472951283520
-1.184643491414322
-1.485188678985437
-1.668183755534331
-1.840217451461677
-1.823489559483007
-1.853300061659475
-2.087640692366375
-2.096597232652726
-1.800607333366763
-1.560671754450014
-1.470441838541496
-1.448008840025900
-1.420380369454443
-1.367105151975831
-1.275601772992606
-1.045543048102061
-0.927788648813402
-0.916846797266929
-0.938218451623706
-0.761715403882164
-0.643060928738540
-0.547057866832475
-0.301693957918059
-0.268484628512392
-0.341327768126055
-0.258552585680245
-0.350359254009933
-0.364354944701802
-0.100191474000916
0.269044958963885
0.660826204825528
1.019554673651825
1.208863331808510
1.336739442643005
1.592783506811883
1.971606680938650
2.276143737002907
2.484510933653745
2.626387209628700
2.753158128557756
2.903482552101519
3.001113765767452
3.123638964701040
3.232840706111400
3.336604535929619
3.392246830582274
3.429535159121212
3.420666450814227
3.241500438418114
2.732415086134707
2.629814486332984
2.476705493099987
2.254728291454582
1.906142224274439
1.641631208117404
1.557389024239206
1.477309069663812
1.445756602495314
1.415619103525955
1.333413677214436
0.990108502908107
0.879786705695311
0.833359438756472
0.866291949046551
1.030203815851420
1.134504781521861
1.223231649248882
1.444390798667448
1.432117297266162
1.653821568489326
2.056418363965372
2.427501061184060
2.540895045229739
2.530736277725117
2.458139269077298
2.271539065728571
2.150544951968368
2.099336207533750
2.091236351509879
1.978500298579657
1.935986202739700
1.803127527318786
1.693764684557163
1.612495232865202
1.360480359244782
1.042014452032215
0.838551006717710
0.756291988751710
0.574848852454818
0.234907005940732
0.118353397427408
-0.097971882738101
-0.320051867692173
-0.388673719253191
-0.344070023568573
-0.468779118304289
-0.605507328092526
-0.468387965596307
-0.533276110722330
-0.829934531773173
-0.970616467630183
-1.209524658511514
-1.495208590344090
-1.811836420328982
-1.837005207595996
-1.940273618130573
-1.976700704837608
-1.945962382954520
-1.697677008769346
-1.533953767234649
-1.484460330091942
-1.382456183319921
-1.195908618523697
-1.108992977358612
-1.126180981716078
-0.984554666677049
-0.726237439454419
-0.746047173934370
-0.747248693910880
-0.688041062191959
-0.624646991102719
-0.548164280636339
-0.448822468242257
-0.377244703395071
-0.140220592799635
-0.111645214741985
-0.192265487175602
-0.064145973883147
0.293427796198154
0.506437155003684
0.860636861088685
1.158810734101491
1.317860015895764
1.392858923539798
1.664257374579326
2.071687552225418
2.304108448470538
2.398744368912151
2.544759949491478
2.723924418655187
2.929020273561487
3.133713692081225
3.313982820684915
3.345135997656815
3.471233508908304
3.501585305100319
3.525191832399589
3.480978837785542
3.160266704885824
2.739870558091199
2.647769131240969
2.645395133317910
2.505067156975312
2.228600038370577
1.931663553194524
1.781796743143714
1.599938372096396
1.502711058785301
1.524830613206512
1.549143860175221
1.243790733914501
1.085190938637781
1.037171711568365
1.022500448022525
1.044244453257007
1.162331502293138
1.384235763098593
1.462178840496013
1.660768091376676
1.922736727323073
2.319912047971356
2.535374794618184
2.642981439711428
2.626442064573677
2.475159286764247
2.237817792017947
2.005616961065592
2.025263580858964
2.030659936197779
2.018779438496378
1.947609569243589
1.858111199652779
1.725664646534146
1.706687516535534
1.423887050092778
1.020666245086272
0.778379976446644
0.651558628039463
0.511459862465792
0.175301437700185
-0.084606528256379
-0.191819810026872
-0.370653196378025
-0.457914899015640
-0.404578602268623
-0.490402234211267
-0.577737561552248
-0.516332637498237
-0.519579455053788
-0.697583250389124
-0.870830712803320
-1.035401762685091
-1.294656286541928
-1.632704452667464
-1.707243094643499
-1.782221617107415
-1.731308956196235
-1.721367250874369
-1.637301160609272
-1.580959535726562
-1.367914263060219
-1.134881949663886
-0.962689094184833
-0.929483880064973
-0.946516176519448
-0.822181962124289
-0.667460702132633
-0.697668643152484
-0.703749805333166
-0.724796831380763
-0.718901733713995
-0.600845808596700
-0.603979201332365
-0.406542663544829
-0.121794879674822
0.087095422464915
0.114589822298451
0.394961923428683
0.531556399896996
0.731158051931914
0.974869053208829
1.181497823947269
1.431078492882834
1.562000667019141
1.830388361202551
2.146518768992625
2.392946958604969
2.498307690580419
2.665117951583695
2.866573943409597
3.074636321547041
3.267459623185148
3.478123954925830
3.530934861739083
3.579376632531083
3.553803871948863
3.490163901238924
3.347024144581261
2.978346185848666
2.922345603413443
2.965634420772067
2.834111218555356
2.703396606344589
2.594907233802470
2.425053054085776
2.149175214672339
1.903651047484593
1.651864565954236
1.668347001934130
1.632610006848334
1.426795369185403
1.296161733413072
1.189715500093858
1.168133173212365
1.148286197631782
1.282486579943352
1.458040348347182
1.583345840253746
1.729892613100178
2.073482501871644
2.333015946877168
2.518592614471606
2.612021351730760
2.538389185839390
2.446710374290375
2.386253988951827
2.191542164385364
2.166811533478585
2.049512483432022
1.988512437284325
1.948443165414200
1.881774729788822
1.827894327953815
1.635410768314772
1.357650581821188
0.948828796844729
0.582293027917161
0.361479749969348
0.218207005547257
0.021852475081291
-0.243236341126885
-0.297970625670930
-0.418904387631453
-0.493337112941661
-0.501413440501156
-0.549333589859714
-0.561285183807449
-0.511355843701628
-0.546080325584764
-0.646204837809191
-0.833575764625215
-0.954103978164745
-1.170466731084037
-1.404536730552450
-1.445052295928285
-1.486555112680646
-1.561702241530421
-1.681159468142176
-1.491401190797953
-1.367100080998023
-1.240779358536584
-1.038857297410006
-0.842614624656027
-0.784353898409194
-0.718521447285928
-0.607171845917134
-0.650874077634451
-0.701428639813858
-0.765635757675004
-0.947082198413257
-0.912860810293649
-0.655857508260530
-0.633329758499467
-0.448246535724626
-0.119372580626363
0.252232155848180
0.379485670946978
0.586632357976183
0.830045362074057
1.020173787740362
1.120323172422734
1.376166153244886
1.573593048322550
1.562924642301138
1.824383062862672
2.181145946255080
2.501505909731496
2.692380517255115
2.914492651964798
3.092004464929891
3.261976896193228
3.367420683648180
3.575654047524410
3.491114468426608
3.341926587593859
3.396009043725044
3.299347176829863
3.110085499348860
2.953746632986084
3.101685525784680
3.101126744971357
2.954684939810142
2.803367283171012
2.793752448130072
2.733390890470307
2.510572455046658
2.263541550958131
1.964200627768337
1.886935645516303
1.878334413422129
1.773218176177563
1.560462791105721
1.334239724309577
1.103111339171464
1.096623223897647
1.326190555059789
1.460207002885338
1.622885744598260
1.809656672595988
2.190279067566869
2.308520997752700
2.314803398849555
2.366053120380535
2.316399365252677
2.325317073442528
2.360305585577380
2.234251570319636
2.142999920596875
2.151252802517218
1.927213837457844
1.871983501693461
1.862243060376027
1.849761652513641
1.686422282800845
1.306546148888377
0.976600510462552
0.538994395343171
0.285689297188302
0.032927662400384
-0.107600420746863
-0.355092835629925
-0.552914474396674
-0.682545459954888
-0.653362019136953
-0.620577090914770
-0.612380498814689
-0.563320261209375
-0.536877860926991
-0.532418102588242
-0.633549313303691
-0.686146342148715
-0.781783652991525
-1.039114454071934
-1.156544300415507
-1.230209308778399
-1.276373039821111
-1.407232981509476
-1.485577831618904
-1.359169550894804
-1.229160921072008
-1.111294623322907
-0.973616326760163
-0.797643556794709
-0.722715966153488
-0.669360409562748
-0.619677618322599
-0.577092071421158
-0.602660315379997
-0.704070022641147
-0.911320075629948
-0.966138769421246
-0.735068035489243
-0.563199878982183
-0.351501016592236
0.027494068482560
0.351965950416004
0.612715435267360
0.776864756545854
1.099049105667196
1.290996174705443
1.412323139894875
1.630103395073487
1.786316985964606
1.898831140106499
2.128753203181852
2.314441811800907
2.523257568871706
2.772708158338939
3.078228149819365
3.242928494253630
3.329313550627659
3.506248483183315
3.537127446025713
3.433506813837935
3.263152196439291
3.150868201976140
3.052948016486812
3.010697271930028
3.098887593787547
3.013029407461648
3.038223035280261
2.962809035139341
2.889946866157528
2.980876053751425
2.924281653552395
2.851260003802652
2.590889947182658
2.376031107796357
2.177479543878225
2.122113696083440
2.022117734186877
1.818434254812211
1.453806132637929
1.189469516521791
1.276354797297859
1.461258283691732
1.681216250207494
1.804420998477962
1.879298681103817
2.154780826430839
2.283864424173188
2.322107068573501
2.305108360736150
2.288466219755540
2.350203991046676
2.472589989916107
2.335548313240261
2.302900910391526
2.236061232313152
1.992309798302149
1.888788380721282
1.866291388213561
1.750848288106863
1.622671781328064
1.248238533584648
0.872992977294042
0.570842075421838
0.199168071542819
-0.111232744417393
-0.362479293497730
-0.551658733078096
-0.828924392368563
-0.834474519297393
-0.794493644081964
-0.641401331411657
-0.645065063737631
-0.604419128751887
-0.635102482613427
-0.653580470760559
-0.661247587351337
-0.641636290343290
-0.658588242213114
-0.899258290683568
-1.015808225425397
-0.997514005915539
-1.049924036542605
-1.131371775504877
-1.079816963340546
-1.074819534531868
-1.084283777210487
-0.966791910855608
-0.820767491374915
-0.789619242854865
-0.673736587166566
-0.639225616078053
-0.727363354071511
-0.656651626997751
-0.569551166327559
-0.596506391407817
-0.853792061773005
-0.938483994759356
-0.774825546412561
-0.461708559285729
-0.157406473396129
0.194178765668594
0.550279213169528
0.852157511799103
1.162003784226420
1.388147564342270
1.530346205774769
1.680298412365789
1.803698296731765
2.055416346929567
2.299498200731305
2.471589810885215
2.611690266655750
2.759090187293591
2.997681830576244
3.198311275985815
3.278280750416106
3.295633369864936
3.353501774404154
3.574843746278222
3.542058814768636
3.258241273487351
3.035892390268786
2.982294936001801
2.986948463413886
3.025427389695557
2.933564918535948
2.940679989059741
3.015110730362213
3.031234515082816
3.102674515470586
3.142378570755845
3.142491312433202
2.912653437179065
2.654953351278654
2.510801883831157
2.259644640879044
2.124931663904483
1.925131007838132
1.626731360147644
1.470263801153822
1.457579164564697
1.582152010180691
1.818415314292572
1.873303958439938
1.901394701480293
2.084747857406528
2.281674760146295
2.360300040284967
2.378550643372366
2.315427412096901
2.328841549910616
2.443209571296462
2.422607832751099
2.382540414775129
2.260250349582750
1.987435460041729
1.957443165977078
1.946799886813912
1.887368724157976
1.725117726799481
1.351033854114431
0.871404175701592
0.525404684238164
0.101458376337163
-0.353028862490472
-0.618646904649409
-0.823507009433069
-0.931539581694263
-0.985627430441743
-0.951381387630638
-0.679940991816521
-0.609736751596546
-0.553314789682246
-0.579645204871302
-0.600940366487365
-0.528253962149576
-0.611376215153300
-0.614486407058762
-0.672743663955813
-0.656862153166042
-0.680419945373138
-0.796218775482271
-0.821605088072376
-0.825527214953320
-0.929047428374446
-0.984445897616588
-0.907090171485603
-0.802534638089631
-0.703468062865950
-0.661396594730393
-0.661838366858061
-0.637036665708281
-0.624646957371673
-0.558474551044313
-0.559042980878699
-0.720497659857011
-0.744186855390339
-0.581863539199348
-0.437335106003830
-0.032591889257309
0.347785482983431
0.767587315741436
1.150462527144623
1.354413985445684
1.529591788387110
1.665380718343269
1.806910967353075
1.928729473005147
2.206036364535662
2.460473234469108
2.661988346623318
2.787487286618346
2.923244542768129
3.155845407594526
3.227771528259781
3.310533271729729
3.312631544107556
3.325475181010277
3.346602914007587
3.251793751439558
3.118701558449689
3.012343288348340
3.016361364609848
2.957425360970331
2.890245814537529
2.900546206982166
2.980391847096947
3.161824632769644
3.171545841924687
3.256266466789961
3.232767193240807
3.176959922337314
3.037425416178723
2.829379157404727
2.794493649317286
2.568710951211640
2.327423102586932
2.044731171204241
1.733693475567021
1.529570680489386
1.587533174367193
1.589364904723505
1.802835383816039
1.905435234537759
2.084983210722680
2.161527669229302
2.233747930134040
2.315836153871787
2.274094086420162
2.316190473268474
2.175448092083792
2.223256357014671
2.332167402411887
2.223266479787393
2.188336747505800
2.138899825645718
2.007967708096558
1.916456460468478
1.859447808587722
1.786506289036307
1.481088479279558
1.000763238693815
0.530697144402547
-0.003766574043328
-0.428115447249827
-0.711925229765816
-0.945569571493799
-1.018346521043962
-1.102387991550254
-1.034445731370231
-0.817318354241259
-0.609384061064417
-0.530968225768655
-0.479124432117580
-0.395639341136487
-0.365281177544383
-0.405600971496251
-0.430805574330142
-0.564950952546776
-0.531330767277104
-0.448606530984994
-0.475171009200613
-0.670565113791947
-0.754109331227135
-0.849560914533001
-0.997073002770100
-1.009677430966959
-0.903752222773503
-0.761054622850928
-0.770328099736003
-0.753598838291885
-0.685945978681393
-0.691005247326243
-0.657646656258083
-0.567010397633887
-0.618881060014085
-0.544128781852203
-0.378274852212014
-0.196448179551684
0.078378590291497
0.458936371157247
0.928496866521179
1.276305163864395
1.610139411235654
1.761751338436792
1.866677348872913
1.993236758539780
2.077733689288199
2.322221921649885
2.476469224877873
2.705465226727074
2.878724385817304
3.108859794728941
3.367409722354167
3.398398942098845
3.276094231683297
3.300219977129906
3.202194500459033
3.172017015208802
3.092781000150977
2.952742517600635
2.943411647873602
2.925759293744801
2.999870789736754
2.955674547977068
3.060933234579176
3.034524435471469
3.118744194866164
3.235341201116174
3.233433949873750
3.211500222378848
3.189231765022716
3.089191829984130
3.065529973408597
2.971269523432591
2.792226815114661
2.586221599072506
2.147799342561472
1.871994600697295
1.804290534898797
1.803767001571305
1.775745633389954
1.935399137547202
2.070792958126823
2.133023469135809
2.294334860822911
2.287117252489469
2.276923750771024
2.244650745448327
2.259742295672672
2.252507224506557
2.189016345417034
2.210295657153186
2.109277680532136
2.075047461838954
2.140598936156262
2.028698346499378
1.845275366296121
1.702484781047519
1.682001306633792
1.560663876198193
1.097805235402339
0.541147012766359
-0.037290226286686
-0.431050466609955
-0.678159820798654
-0.916644265745783
-1.030149081686408
-1.081884574874307
-1.002849691520380
-0.928173299047263
-0.783928244487390
-0.587641866539438
-0.381918447170860
-0.300780780649220
-0.161526948611927
-0.219168561535073
-0.284731924309160
-0.435014526264770
-0.384722166454910
-0.353658216686835
-0.406988398920914
-0.600307159495754
-0.700965908560419
-0.812426419959871
-0.924995439396027
-0.917086898605920
-0.946304990125319
-0.912061456537257
-0.907506757638358
-0.852206034556924
-0.761898418004596
-0.816871648794018
-0.724925265033684
-0.551994582881392
-0.508049552501899
-0.521480690084550
-0.310933865593865
-0.043395065272381
0.176718515011458
0.508844433176026
0.962981353432331
1.387649102375685
1.706814510073475
1.853844086951102
1.875242714986169
2.027712646071897
2.097797654407387
2.305455415654574
2.597659945497073
2.799094790720166
3.036640179280210
3.271719342073975
3.536320701011425
3.546389139585441
3.553499084853797
3.509425064024739
3.353384203504837
3.148269283199113
3.079747239130026
2.976149903879156
2.910678356859893
2.996306871416646
3.155957747187874
3.137358912020751
3.234048207850284
3.198926800599085
3.207134705562353
3.195647230025464
3.233509409783120
3.257989076972438
3.286976930415759
3.294878145681737
3.243317239484977
3.226920283814359
3.018734684833333
2.826794129021354
2.379704546006629
2.257745593430916
2.141520694839261
2.097772300274494
2.074565262033220
2.130285465752922
2.169206723292086
2.189520713442502
2.388288224524800
2.356591891118604
2.339954686607262
2.346650372304057
2.401366744615319
2.294727950474808
2.059698519963500
1.958713593081049
1.980446408685193
2.070467699983213
2.143464884745677
1.976384260695022
1.876600406817588
1.605073066053535
1.594241227350959
1.513130377862839
1.015971383706525
0.601771743634338
0.122570374049050
-0.239101459433959
-0.510874725425399
-0.725174917725852
-0.792447324197474
-0.948287479999458
-0.947170085312670
-0.946008151159066
-0.911162654296362
-0.658431747085415
-0.493470059760881
-0.346039962983840
-0.108677844769388
-0.120868507461775
-0.177882582078731
-0.093617349682942
-0.139600728276804
-0.214884650120009
-0.418461421366689
-0.534214942484424
-0.624545407076673
-0.695826488241301
-0.754850293539222
-0.795206712053848
-0.833116697193707
-0.775746209682212
-0.793897833031577
-0.966252717089334
-0.966742009831790
-0.873214865573227
-0.715398616730637
-0.451178391748577
-0.266852473150100
-0.280511617960750
-0.097290195023166
0.135475434532694
0.248752158309820
0.647453880782372
1.026045752384171
1.336456518085407
1.718978348416594
1.837562810534849
1.792110401710048
2.072939024843405
2.096458301424901
2.206296150882041
2.552776979267394
2.879147022564248
3.198370720496457
3.433175638622558
3.718881676390408
3.846173658292963
3.871274424446793
3.720710777672676
3.474234341853400
3.258828891453821
3.087714654972173
2.974968564940021
2.963768721357757
3.006095039454111
3.263778447545954
3.332838774785541
3.214800841724694
3.275479201841603
3.225377574045708
3.138429288144115
3.185960531676546
3.267960851498671
3.416422597323923
3.387685306302393
3.390829298951282
3.276430556716749
3.097741558854912
3.019822409891177
2.612613655233701
2.542910904979665
2.612618939296091
2.694055966836765
2.630620885752894
2.483846791403035
2.443882330014588
2.445298528332410
2.452046532329937
2.503841845537718
2.519715237073680
2.483131221783775
2.411287812968951
2.209259018255583
1.975220358708663
1.917808925924971
1.902926996020144
1.907932303351691
1.902051157584710
1.918091590559825
1.931671845295863
1.719978396447280
1.656129830814369
1.443694074201926
1.082499680758768
0.741788565873090
0.375160175094242
-0.040540439845583
-0.219613983537522
-0.370437234223426
-0.570821425806910
-0.727494756192412
-0.966931714650339
-0.968901467153540
-0.822690407900833
-0.653709341602534
-0.524938970397301
-0.318188328538587
-0.170654331474134
0.022491477411441
0.145902831836927
0.130626047806445
0.075553043886445
0.126324245345677
-0.087364714317078
-0.316552481988311
-0.431399636085009
-0.440768750508690
-0.505830272966777
-0.667588858964130
-0.808518721841618
-0.732144954726674
-0.731632132729134
-0.978191585248954
-1.019724197251655
-0.897955262488755
-0.620693443430034
-0.378371049832861
-0.089117568534488
0.028785343739897
0.227586197850597
0.537755436478438
0.606824119679953
0.863023169583351
1.225994396699881
1.474435596476395
1.760007796036160
1.844328504818095
1.916767733886244
2.218641911855640
2.304743789817177
2.358209195817469
2.588730932879785
3.002217860984213
3.315303054690605
3.625358515081140
3.837190354757130
3.830765207428165
3.772379865692755
3.635860650996900
3.357103002823886
3.240676785175933
3.008568665778514
2.994589441332199
2.973359149204245
3.102259826300221
3.351183258289603
3.297289429590676
3.333261345171567
3.354750471251425
3.243847376216795
3.207853141718330
3.278882040329121
3.263757529502827
3.479136460096685
3.499512304644510
3.428638242603557
3.205693091200354
3.035502778591632
3.041539744646442
2.907731013242731
2.783543404370064
2.882581246594341
2.953433665162533
2.942644806181634
2.859736017786529
2.843067737803240
2.692402680323255
2.665683156381177
2.725298996251275
2.747058906317311
2.615949886909624
2.621771254958426
2.384134469895808
2.202681355906416
2.009893069908087
1.892690115113971
1.755629137668875
1.838672846693697
1.871374347382153
1.851571393454944
1.711339786010380
1.565651846434058
1.404682035339360
1.135486000673793
0.810394531969371
0.457493900499210
0.170944138562345
0.102400960534700
-0.227238003773362
-0.425434724807648
-0.574820075005981
-0.829274324323970
-0.929708601896853
-0.855580156619725
-0.644177857273225
-0.523817371270182
-0.357046637985487
-0.105606388001509
0.229779701134897
0.404063077665402
0.399481304755386
0.392660725872967
0.456545196733831
0.354010682151139
0.104614859362786
0.045830814646081
-0.163494566099092
-0.344439276669946
-0.420194609391228
-0.704819467589050
-0.767895562012368
-0.750892876304755
-0.913793630578394
-1.049981482912416
-0.876084687944278
-0.561808191410916
-0.278727787186719
-0.088220474167632
0.159236224358625
0.418662110419289
0.644848789946792
0.866118652222422
1.156204363184830
1.547258409051597
1.733997446617880
1.889918352380409
2.007840819134241
2.074015592570904
2.364787166167235
2.584992381117634
2.646055620259127
2.736188230337143
3.043939891078209
3.342100610020750
3.656711852280474
3.727369453974037
3.695324806371036
3.629450535497949
3.514545597192060
3.269097177530771
3.041355528386570
2.939739185445715
2.911559846682597
3.022019104603171
3.258640674150201
3.356223338892194
3.354049157767131
3.463022671886973
3.426821272356688
3.342814243786169
3.387585483691212
3.367603408211148
3.252140988664355
3.399255271608734
3.504553547217672
3.419394479449420
3.256302503831181
3.164997889320799
3.186887840832601
3.187194291236332
3.056202056744338
3.024293912529761
3.117130650625694
3.131415048890104
3.136914309121295
3.123747558808636
3.027257167200182
2.961678875695156
2.884643855177712
2.902481043160907
2.909975981985953
2.876699866684263
2.715821966069853
2.487346164777269
2.175218742910949
1.835798732811008
1.684382128611140
1.723826606201909
1.705166792586462
1.652766453226429
1.632821034710249
1.568972659322887
1.369633463943476
1.084684954292260
0.726765004145967
0.381081925739948
0.147330803090033
-0.003409520947772
-0.162677613522536
-0.400558804889262
-0.508082348824847
-0.693116612289709
-0.789679847761013
-0.840213849653145
-0.676458519049704
-0.463772522670485
-0.308298365635362
-0.047024273071986
0.268591069829527
0.582634500128787
0.576037666401315
0.543379086884315
0.594056456799746
0.461526662583496
0.310481627068237
0.193500309310750
-0.076490815877199
-0.230950757105846
-0.428183389578706
-0.738740813025159
-0.879527835274479
-0.843122679660324
-0.901679329948215
-0.888182516905176
-0.827487637221941
-0.550829294542602
-0.246686179142950
-0.049093642765628
0.335439965799346
0.627752383695618
0.807209360647920
1.067626981707192
1.336154399169315
1.686437916998817
1.952549922910501
2.086793657593174
2.098327641016993
2.166754507894648
2.397275427694357
2.663873763068537
2.751773776952573
2.953759157121647
3.159102658058367
3.517291984862408
3.737959099693495
3.690206130322627
3.685770862819306
3.604831991929755
3.305499742880595
3.081297057399007
2.952562550837059
2.887019087197078
2.845554882948250
3.018602715554930
3.261211210370024
3.385057253409071
3.386301537198442
3.549600693291871
3.493460695004559
3.482211221523687
3.463821682168991
3.437696697287873
3.380683391209109
3.416576775221457
3.445170538729175
3.520484439172429
3.416593653642995
3.303219300465081
3.297432738031255
3.323868022212814
3.193566017799954
3.275326791222761
3.301143820294013
3.259206478474759
3.275954721884220
3.288695540121635
3.203338632989594
3.045743307527327
2.996564294473677
3.041181346992489
3.111531510102187
3.034140371821185
2.888686758492758
2.593475604442415
2.243940119898163
1.956823232275398
1.709302749410347
1.454375415876116
1.459796083934739
1.518845432203895
1.573988813756095
1.590829397374788
1.349823660221952
1.041351265627214
0.706951375976736
0.340326758170621
0.145506339113281
-0.122077352888215
-0.198402380799185
-0.384381491202759
-0.427191136758421
-0.487618481074897
-0.784501395233219
-0.820300241941319
-0.789521570301396
-0.478984252853172
-0.232902086824380
0.081049596673909
0.508764647034085
0.740285812129610
0.703751388444208
0.630054296521536
0.573757700451728
0.635228756166565
0.606091601858001
0.401924629696444
0.023920720018198
-0.328512763344335
-0.497286537796499
-0.756889856450700
-0.757773186675611
-0.784922638289795
-0.832532031102134
-0.862732772481978
-0.870030610694015
-0.702542139999560
-0.348250398224034
0.048793029439802
0.519799109441549
0.811043787433801
1.056320339369296
1.196735491236451
1.401854767315392
1.694357305206814
1.961242137028929
2.261812272650127
2.217342436326099
2.333438225450905
2.461823066619577
2.690236057672567
2.988788586619958
3.069091940484584
3.221418257206355
3.626149807845362
3.779122004266455
3.836018699880484
3.773407766847571
3.565315972123590
3.352471054605497
3.088603976472149
3.004613174659156
2.973774763630204
2.938754473339271
2.990647588509808
3.253903068920490
3.458914071189916
3.421802572347246
3.617993924562470
3.724167706321234
3.675271137000155
3.664769420902000
3.633924865885334
3.563194908496755
3.600918389067503
3.608148563208622
3.670172356780612
3.668245877335362
3.617734614987565
3.556537292446748
3.577681049032686
3.463239462103067
3.328489812892383
3.398697331317765
3.403149196754824
3.486158126655900
3.522054163332506
3.397044612727231
3.172488194915850
3.118497381335434
3.077355442424954
3.152037647083898
3.041784207907981
2.983863900574947
2.642893168915896
2.184911829585469
1.907012935995586
1.585107135969116
1.461878173543371
1.430726862522096
1.519916242142656
1.530258962194934
1.476709503336230
1.278649448325016
0.982489033492475
0.791032428279334
0.625272883406217
0.312201689449426
-0.138108613166283
-0.273219045960183
-0.364034703491321
-0.462908597340240
-0.654786116885102
-0.737627896558019
-0.864841619069439
-0.860468324635406
-0.603959103718904
-0.276517565951110
0.179381449236409
0.620077090540411
0.805382778560396
0.817759922885512
0.672052207239643
0.691148982426358
0.956967858472097
0.791650203402173
0.592133922468219
0.212691453930313
-0.096230653776440
-0.389627690375822
-0.570463812390972
-0.686442348947140
-0.801497549201623
-0.805944744925607
-0.907727643575226
-0.992646175373427
-0.832798714681157
-0.343569683617401
0.069140226272968
0.576858606518283
0.876068119746934
1.074348512203158
1.269359899346101
1.594424693204140
1.903786248684507
2.109519796496646
2.416624432485055
2.490810394123091
2.454296446516234
2.527346221312918
2.769110645431114
2.971522851713123
3.068019404310659
3.234127452566280
3.508598567719576
3.683591444093101
3.869844094654660
3.804928805261827
3.658251456366118
3.453867421347784
3.239671769218883
3.028877521444311
2.999963520749707
3.092857248033648
3.159962892653462
3.287104403491506
3.400862529729490
3.494473474385952
3.634320654095636
3.719466668425980
3.773680352180742
3.816986307390145
3.862489530973032
3.729320327305483
3.755296543373619
3.861528374562075
3.943331428783320
3.800235666090195
3.773177800276802
3.818797627204499
3.961062746999340
3.814189242168653
3.592247331421321
3.497629954320790
3.525094496733226
3.645544344968853
3.566471434835618
3.510532558837622
3.423051701207604
3.305648770477846
3.141261301471234
3.115347753680698
3.199357296361693
3.073702265036553
2.775212576755695
2.333770271736793
1.989734328127918
1.818874527027682
1.631055485766081
1.558229991773588
1.554180850058772
1.424602169329653
1.256299931116899
1.027194208351083
0.864945490363499
0.889139372032112
0.747857103772221
0.418356605872262
-0.091974494031253
-0.243308119766210
-0.337186010034970
-0.426327522589370
-0.621675584665559
-0.895693749084027
-0.984227518141599
-0.961704942498259
-0.781866833983580
-0.361100353423719
0.195640417699003
0.545343835664474
0.780665952087802
0.931702229374753
0.960203083837013
1.080870884434179
1.155953895568603
0.912929842681096
0.712895029243372
0.422597457498748
0.024019137614124
-0.190769629575170
-0.410014160372446
-0.587566392993850
-0.803851310244416
-0.823846055806387
-0.768872114319502
-0.739944134901269
-0.697698776100108
-0.344814124375373
0.095162431361465
0.546172392405713
0.904284619906648
1.167817685416588
1.508188289448745
1.851062818237492
2.182799977250964
2.440481280169288
2.592526753156589
2.686169832382539
2.550886771920449
2.625365528173421
2.818513961284358
3.121952535017659
3.404281706032358
3.427260105943500
3.524831073097707
3.621503996711056
3.664900500706137
3.663880777627972
3.574775100456018
3.471352207216692
3.315851029888828
3.241555407964558
3.237304723028071
3.242510062900082
3.407078841704422
3.418181154521192
3.395187790671958
3.561299465557620
3.744084288833534
3.777112622955950
3.885596990178469
4.036713500716354
4.051357589694030
4.001798032070401
4.114095956210739
4.164776506820712
4.116530995749412
3.959341601371313
3.853196526858872
3.988733839685521
4.139773981137699
4.054115417266052
3.844909989571762
3.703649776673196
3.746223955539027
3.738078335579066
3.551409029264748
3.494152235571011
3.499883216229374
3.294930081846782
3.138315898902609
3.089100880390886
3.165498962245636
3.121155518133676
2.807907735365109
2.527383174091815
2.090143449800860
1.875697952422004
1.635819239420806
1.378002613614110
1.267836119746882
1.157378224204237
0.940943064685958
0.816934051125837
0.799601948171556
0.751025506552486
0.604398408855494
0.355785454055049
-0.054924471576686
-0.295442810517395
-0.360933496922667
-0.438286609453355
-0.708479565122442
-0.894081299373431
-0.909070411058965
-0.755209296623526
-0.518090599300152
-0.265190709981363
0.123311401593638
0.490726282740535
0.857723403637676
1.147388022326079
1.227927458896345
1.216410652950158
1.205115471746820
0.971622072838182
0.751494194491557
0.408432569374688
0.159675867081747
0.060829488927772
-0.068930947914851
-0.343506604999525
-0.484436913057495
-0.648711288277558
-0.649404369450434
-0.604977890699804
-0.459046053053698
-0.277759105413285
0.127940049329907
0.411757741021938
0.827592889404652
1.276350862142967
1.689921950108497
2.031102553672027
2.407989288405934
2.601597295887431
2.780110919370745
2.766101844097831
2.675235609446249
2.762286670867365
2.994601910335550
3.338292815272196
3.561822298011111
3.593424100882132
3.547899166133150
3.639810900276114
3.628403947110781
3.537539878149212
3.407322816584006
3.433764732542948
3.340699409967801
3.319026149527452
3.389238321130213
3.320968170287750
3.421508397563737
3.362322767031178
3.391264308284433
3.617279135554084
3.858141450790232
3.931169952885538
3.905424869569216
4.125565943634943
4.091514718161473
4.219531062989185
4.375840230516363
4.354974630665504
4.306405179252469
4.068270839179608
3.880554465492674
3.941804792959513
4.183996054950949
4.207249285018747
3.939840377825954
3.847373917182821
3.766623434442237
3.635245157942580
3.448830309850899
3.429530820283273
3.465773799095330
3.375806062246959
3.240935860168571
3.110077053769941
3.128814830592701
3.050039167133554
2.813146574100381
2.571921033140901
2.159810071428413
1.823343354467871
1.651911480476447
1.364810302184068
1.207648727061468
1.060720925253423
0.924425782110827
0.846382143129864
0.909057284739080
0.886025168443996
0.717768646865149
0.488460468989425
0.149508977643377
-0.133574005487442
-0.218713409850734
-0.341476642206130
-0.603907404365391
-0.659349424171804
-0.526929484925093
-0.254799545231300
-0.148381045706822
0.053447724169205
0.323375961322320
0.591859265578316
0.956494488488434
1.259701733818376
1.463855580711681
1.476315096083703
1.373680921610953
1.127490158242616
0.871564905829567
0.654434926901140
0.426321854894444
0.275230592112165
0.137663995128663
-0.014303372034337
-0.235872038903044
-0.351867743481575
-0.469487335579969
-0.364818111998306
-0.295348831152226
-0.128244297324853
0.062562453475789
0.438548917617779
0.800966409011173
1.249845979644495
1.580966043627264
2.014040730418017
2.504601786672302
2.742751852801540
2.914645889130735
2.979781807439621
2.814177395452514
2.863384859581523
3.163727888570711
3.560551765687795
3.556054601679909
3.657993999268145
3.757463292016131
3.766853341551991
3.671377551501911
3.506278158425397
3.398072467195696
3.410757408979422
3.323517191210593
3.314197155167607
3.392490303951513
3.361302888586566
3.428129368049538
3.383574687686920
3.404577410616465
3.614909779796117
3.885717340856965
3.993790547199494
4.114261635914435
4.243440697813396
4.279877882506915
4.288933714463028
4.349508464644357
4.429529977425656
4.358937477043752
4.173961406546509
4.046121539891811
4.056221229906738
4.183646975649221
4.381004078233970
4.220465919035808
3.869339922632004
3.623683875567960
3.342982345776212
3.288154227070739
3.201265164912364
3.190972722439877
3.232068126993048
3.061266448131079
2.988062408042248
3.100827034790151
3.042159449218194
2.812197104916002
2.663730526204176
2.291389926050623
1.877303642081215
1.687283094777890
1.573357675101470
1.422380177910412
1.137878044564608
1.046137552247810
0.998965462003521
1.058001097841069
0.950515654377996
0.750051730402232
0.653618535195068
0.328849192887908
0.097824706485970
-0.015431445127399
-0.229677109422855
-0.452934372540499
-0.401337655599802
-0.105711141211565
-0.009813332177379
0.204102318983887
0.334954271614526
0.565343588257800
0.794278612910868
1.106243800769133
1.484873400942150
1.667149221083277
1.743568230868392
1.609751692044330
1.299586293767975
1.089424729297911
0.913901786456102
0.614161120912827
0.562661405065961
0.460382120704209
0.283366068622799
-0.044147080420450
-0.137404880188552
-0.156980600126542
-0.150377789874055
-0.164875524477358
-0.041588325480015
0.177405714527216
0.507874173841151
0.985611277998865
1.325965813452900
1.586288788845953
1.900708175125625
2.323858470170315
2.785929922205320
3.011936816000919
3.045557965511443
2.933957986775445
2.982600654726446
3.268727089744556
3.647827453153115
3.785368041643479
3.828163629246281
3.894096309599148
3.932238683730796
3.837661867087577
3.682741674075114
3.575009807888204
3.458826459329438
3.379030731666794
3.349797425618531
3.345459175383295
3.451403296361113
3.573597645665829
3.582412401003275
3.779696775922178
3.816454018658552
3.920034334247894
4.029895895881165
4.138801593292896
4.298916028916324
4.319106355947080
4.332402027891085
4.372536622295232
4.399582421414704
4.398422977788552
4.369117258697302
4.324140252708394
4.223644603752572
4.234217546423788
4.415537460124194
4.308912197149384
3.882260207877748
3.505575343103911
3.363334448709604
3.175496411970140
2.957875397143872
3.006858217182131
3.032842151117539
3.057719980118394
3.086125833024450
2.923456307053420
2.938544593106806
2.720457003515821
2.576986159321054
2.335140816035868
2.076862189905552
1.868132649277055
1.804719320530293
1.610862727269775
1.323217650173241
1.185499752786108
1.181362867963446
1.185091756271989
1.015561420573454
0.777944233383580
0.637685478692380
0.487123501559137
0.340034059967978
0.171801215626741
0.034253344294434
-0.135723126688543
-0.107067348175694
0.196903968262524
0.301155450118352
0.433778005249461
0.543627803145260
0.608146516933948
0.976896497388285
1.253852720842641
1.631312544066227
1.866430611758770
1.995578260243211
1.866514900523171
1.526352254137960
1.186345761741332
0.963634645396454
0.866629581410050
0.894629903782253
0.774944171158436
0.453463541706124
0.074119978322722
-0.060111940925132
-0.008709830177321
0.032024728342921
0.147771242582818
0.168885882275658
0.303510309983329
0.732938859410758
1.130922276002395
1.427522309520220
1.616047663166430
1.897078962017573
2.287285452134188
2.714515997076179
2.958932820360888
3.017077250698991
3.054631994886563
3.156609732719784
3.259647619383931
3.612708418966507
3.912349285372998
4.023425267193526
4.110128029696221
4.099500258182688
4.046859706012635
3.820398059896503
3.693187358778856
3.503107094189378
3.426389391707947
3.327699867187861
3.311784367914074
3.488782892687641
3.668206889209487
3.791404995026376
4.008217340248207
3.940403980518951
3.857011353618028
3.944752218374524
4.049813848960335
4.217154331373202
4.251238858428427
4.210548113371344
4.194595962434204
4.271501217500847
4.405058312955746
4.409284712441084
4.420237811205362
4.321045090272395
4.249200476893380
4.242066662030311
4.124116286901304
3.769405030897336
3.563567023517662
3.455176142407841
3.271031436194824
3.075106582646567
3.090227705457395
2.964287980399588
2.956497647684346
3.023940750175031
2.943492968972326
2.841045611357612
2.552670371594322
2.345500729640965
2.199937642819083
2.139596176523964
1.995626895580940
1.858994391975409
1.715068798495223
1.505722527221026
1.276001266850652
1.174636220656259
1.065511450553797
0.963654737712147
0.613622688613025
0.552298186261622
0.639700995097181
0.575431498477218
0.343183809290435
0.208116100947842
0.128384729220369
0.324164293854259
0.584372117373541
0.612357281864793
0.753160285616443
0.763892630228601
0.903041736964854
1.214903590238107
1.507775589078964
1.753326713293953
2.043627338815441
2.155875894487919
2.028550683392329
1.644670720423979
1.317053321885319
0.997834516805237
0.937140823488045
0.903637629664637
0.794680250309147
0.620672076104622
0.302949793679617
0.271345731010252
0.272779685222220
0.312941805633522
0.445015324022426
0.380284974817056
0.490276693473541
0.940616739727997
1.327439549494866
1.642467249886709
1.831280872988181
1.976372747826719
2.220989211957755
2.579417703952551
2.827024476908943
3.089164143901256
3.193496081619517
3.331384557519013
3.363427416655988
3.672806963513235
4.046212482768972
4.171579924726770
4.307829068813801
4.304682771922018
4.159705451025001
3.909335469625388
3.662389999774702
3.440009670839068
3.359260461733179
3.396991383777356
3.413588478046469
3.522896749578770
3.638933921596628
3.820961512024854
3.827989633120142
3.819610848104595
3.788305693248712
3.856735036528080
3.940347568825268
4.018257093141572
4.096118576687935
4.159316750719422
4.073417212730736
4.234958347136236
4.461363291035882
4.428286751709227
4.515932183819389
4.481317460493210
4.169561953022864
4.115904128001402
4.005398527813902
3.751325731191361
3.578520751183801
3.380145342739471
3.180857745574570
3.099612037793981
3.050471804419313
2.872193231960756
2.853458841917827
2.854889480439628
2.883221316549756
2.710543700029669
2.524045132858767
2.351848412140515
2.048115824399997
2.039333604540046
2.082004853643024
1.992987865643579
1.839138195768180
1.634653682694125
1.335409584014784
1.221193812973417
1.063151174267998
0.956430774328656
0.753535895639384
0.583539979163120
0.673697467856766
0.674698384874305
0.489713223315316
0.310254511213569
0.332813813539894
0.597115014010930
0.804564961511090
0.758285367948856
0.893249013314105
1.024640801358969
1.221974863758841
1.535548677033917
1.880594200144553
2.044963109609288
2.221017172037778
2.148719694988994
1.942560722460321
1.651675227872319
1.278346241922762
1.130720275551276
1.005380349603814
0.830092246768281
0.749958569196194
0.747499482809796
0.598572101098471
0.497747300558681
0.484924999883365
0.358217599258722
0.345854447094410
0.499313475263037
0.600619174234364
1.006673188415779
1.416228913115881
1.688932722946754
1.910797173997308
2.059088843089993
2.403553695282656
2.751443071610296
2.990503927250027
3.121441497958223
3.177680619551721
3.308315341172785
3.454482301462940
3.718353897979992
4.025800552561432
4.244981043350092
4.335468086440036
4.316876135732153
4.223288125318108
4.089731903971927
3.742306059612682
3.448957214691512
3.399402287019571
3.467011650125086
3.527545271547700
3.506566147176036
3.529003148705738
3.721148350319490
3.895318600933837
3.780367641284981
3.633848243599679
3.684129159737873
3.868872881388542
3.891288077909839
3.941271077619388
4.042817769762035
4.171342476470200
4.223049495918624
4.370936276671805
4.434938632046108
4.465364747761650
4.411953705438889
4.186252647300844
4.120631643919834
3.963804540297208
3.652035754018412
3.431430942682465
3.310623858822967
3.152571977680412
3.126095497557169
3.137508027700663
3.020386595423692
2.900954039352730
2.876198053958878
2.690239037496250
2.526280446744430
2.430120896714436
2.320364219868405
2.099192490011802
2.123727986812674
2.152130769314541
2.025929327319286
1.865070513611141
1.762964318604565
1.471712563709537
1.244689849726649
0.923002013398219
0.914536069380432
0.802880075344784
0.677804333377497
0.773429162816277
0.869109873523539
0.796311869196807
0.520590069438466
0.435963289021107
0.750505604130291
0.826620392845289
0.828864149410478
0.990766654065001
1.202113914831335
1.493186196286247
1.745918388096386
2.044303549154741
2.231398187570820
2.412463940085519
2.253116939578637
2.018270448283293
1.780945888916369
1.477782879461669
1.396487597170140
1.169965355935269
0.923086671694329
0.759615016591063
0.719047472410116
0.638008222703418
0.513650057627496
0.453804410810874
0.289141101053476
0.203692260604329
0.461629171023534
0.605225754438011
1.015065345996017
1.451734580444876
1.613657010647846
1.998035413568041
2.412839129621228
2.606928309028010
2.926090324071171
3.091048159825359
3.274754194862319
3.350899228013924
3.362464052712889
3.563113507371787
3.769225597695189
4.015717547301992
4.191484039362201
4.253471740657059
4.137660330359363
4.129336208231636
3.983873550373722
3.785957342860451
3.660386546666954
3.583674586694683
3.662884408997413
3.617977391542442
3.520729438009472
3.583073456158421
3.719936891918289
3.788978715854676
3.704967273685411
3.576559567447067
3.654879754003234
3.735743947740958
3.822696775361085
3.943459687301338
4.111067693476929
4.266516760925743
4.333939791467436
4.365480389731144
4.377223256623167
4.365412967867055
4.349723107598892
4.224078201876298
4.044061036173536
3.785718342128108
3.487538250474775
3.386843571726994
3.352286451140895
3.200315046865437
3.345453860920016
3.296134094867196
3.178981968686512
3.108663580818289
3.061458925900117
2.785687577454018
2.539124958564890
2.512904342849334
2.444240389800933
2.153688808871396
2.097900361465264
2.098215801969004
2.007547583243657
1.941871217297768
1.753692516030705
1.457575886943862
1.188625196035912
0.772211583423206
0.812503944356893
0.848323791936442
0.744209992794386
0.796371461386877
0.919772616485115
0.808334787950838
0.647844541947841
0.632868336312174
0.817570701892916
0.986585536641249
0.958966234165750
1.112352171415879
1.381915418605288
1.621714071595950
1.740810738060925
1.875833807389396
2.148789916227407
2.289666812094279
2.213048171781759
2.136398977429411
1.915651647030522
1.662815347064720
1.450546967375679
1.282442273809641
1.095781467601892
0.865236451356283
0.698201238052785
0.602581336086375
0.402689937061301
0.243488558631629
0.289062565552138
0.213169269669796
0.443380861694261
0.742266560142766
1.057366452224852
1.419298500600320
1.785655629362816
2.185045235074395
2.498496355777426
2.724460746655387
2.933462581738922
3.197359462722386
3.428191268124934
3.487890193516510
3.563889103073238
3.796759999998280
3.922443732952600
4.044255824965242
4.154856382749086
4.163364540598915
4.032695417626387
3.956005608824342
3.931393477773944
3.772451837468289
3.718693591299320
3.676164363985771
3.673594372264605
3.651519652836181
3.633676981007104
3.658681902751667
3.677814223806004
3.705514156516907
3.621079700384724
3.577788771887324
3.576228300695063
3.683549968749023
3.810805562398589
3.921230241070102
3.985029761195722
4.235989474687520
4.413994905589768
4.417644682138463
4.368936180355562
4.325906897062762
4.291536502461835
4.163562171584594
3.938807295033131
3.761579440567369
3.549680210118116
3.476039759104424
3.408338020431489
3.400452177944312
3.445889771298639
3.354502725433327
3.226677781315620
2.997599557793119
2.875468790582207
2.792009476986823
2.648168598850042
2.469631821921006
2.317107870050148
2.173425320673912
2.027213705691044
1.997743782159694
1.924361918443645
1.813641747213067
1.679340829359309
1.393627965180497
1.062339275550102
0.847346110036961
1.019672749441607
1.060675303162073
0.944623452721641
0.969955974400994
0.982556190863963
0.865118280796247
0.856205756770221
0.778901616380353
0.806366599957939
0.966283099948515
1.168507087472330
1.289809265709184
1.502919977060367
1.669000312656151
1.788489692566317
1.919713461784385
2.023882008788593
2.175367805909736
2.281157573159325
2.107613628927400
1.845283526333157
1.710199989899140
1.521704702404085
1.261327518956139
1.092632737916245
0.811935037051669
0.612430771759193
0.421667718303935
0.331117601590889
0.361472415117699
0.398762392993668
0.287781817759704
0.465828460422420
0.601306813456842
0.870694963297823
1.251426878160314
1.708600945392138
2.113313065455145
2.383363523148041
2.643309954463348
2.916053161582702
3.285894667444705
3.531500724500222
3.618386343662732
3.746233047649481
3.913225275195800
3.935579196916128
4.001700538898209
4.043866658062531
4.017739471490509
3.964242189192171
3.699806439342148
3.702247433148965
3.715434042188140
3.645104152794852
3.656818226242232
3.606592642949976
3.659477503230550
3.762060799590964
3.803766818114116
3.555505196213095
3.658067268637295
3.694238294805285
3.428773325609543
3.391795755438604
3.559377715384166
3.734525897062518
3.750107730441163
3.730032401803915
4.030673912166213
4.382742059764125
4.453032702600304
4.404829218810584
4.391737438386195
4.227832059608322
4.087962657986042
3.966854092678296
3.783290816356331
3.611247193829143
3.484795097862678
3.458567152830666
3.461310542732943
3.414235719324547
3.386992464565772
3.242547538839746
2.955838024102605
2.773820855056380
2.749985870860316
2.563171099381184
2.310088142087816
2.154412123956559
2.023031369340079
1.923947875582303
1.932080694791587
1.831203724542993
1.769411196807173
1.709919986196531
1.363315615103865
1.152308098496309
1.069314546776033
1.177928825411737
1.152037864624920
1.078359768420801
1.037020681507738
1.049999752508332
0.890058313668511
0.746117834084366
0.856718238236891
0.930330833840972
1.078728625149694
1.288666110574406
1.397486344143983
1.649660880616225
1.843305211932722
1.983146243849208
2.007564218786468
1.994600276650436
2.003189360340635
2.064482015609351
1.845350533217867
1.619511825962626
1.546832642821699
1.403736329478688
1.201486231052743
1.082103249656066
0.863515733904084
0.559215907724828
0.424545253950448
0.375964634400666
0.386726358915348
0.453883667814544
0.532760030009680
0.606680332681794
0.636041018183980
0.875945967358139
1.147481999053072
1.460028458477496
2.011228990632476
2.260363099294940
2.387924950043995
2.661822540436626
3.041819833957231
3.267443374030658
3.530157043864802
3.807364892443587
3.880554636963180
3.799259076058293
3.848214111500383
3.830860408115767
3.843137652422195
3.742002913411342
3.503142361662299
3.547571914585141
3.618839778921763
3.591075160134070
3.546808121115554
3.513894264868517
3.566974202632761
3.680541570750773
3.716107105408514
3.582905320229981
3.633726216676648
3.659941034460335
3.164975385211684
3.230473750337878
3.329793627378538
3.486546447461690
3.654312254548498
3.753379778927995
3.952431515997954
4.347699325433735
4.550402095990839
4.411258447383186
4.382820458395226
4.256942030327759
4.065956802874720
3.921091505838953
3.812066073990414
3.675565154895672
3.646137494746374
3.622256358164394
3.444984706753109
3.291998172941136
3.268506050721820
3.192539451052006
3.044515894733884
2.807464795120396
2.595840296006629
2.294581534175034
2.111438363372800
1.993955724976399
1.889555028453180
1.807297751196908
1.780483132013471
1.684022366878909
1.613498663776380
1.642355652031946
1.522588572169095
1.363616581426613
1.303115909660758
1.123270834662407
1.062128807849961
1.076505976996259
1.045216849995495
0.933373398734154
0.756661477796529
0.713150939731092
0.839525092355404
1.041981595168958
1.262565088516925
1.385822739284610
1.561399364423088
1.690272200545255
1.863269127534586
1.932524167678562
1.870770820899432
1.808550900687115
1.728381772235889
1.628345973234117
1.450093306162937
1.418493711523048
1.220511912961306
1.056703032103593
1.050427294318143
0.944462878420802
0.856411092509956
0.640762850462672
0.468744087033226
0.356385335015749
0.396141237148973
0.459387326543830
0.559534310713803
0.633584427753829
0.789759536611240
0.906700330573946
1.138222535915538
1.493537013290441
1.904354228055865
2.122794754891168
2.253401914548906
2.426899982292248
2.728757557348017
2.990552395657768
3.410876057560947
3.580074065086044
3.626804447060146
3.551163978623213
3.512012928648028
3.598479492771980
3.593549926735222
3.571573727388849
3.501219470032858
3.494416907651102
3.555025927706613
3.591343607672297
3.573297636124027
3.454672968952833
3.468443628254234
3.537297188102135
3.552014403179832
3.451486125362041
3.490312151077484
3.413396763526122
2.932040550520395
3.020489784126845
3.127782228517158
3.276002377952625
3.597068755463531
3.880054171534125
4.074560117996429
4.244696070356201
4.415527753772730
4.328227907796232
4.244335182634456
4.242079956575265
4.151222784323251
4.044097188342723
3.916432999582757
3.737417840360294
3.700464475287746
3.670163266170163
3.498072661605737
3.349257612415636
3.304037439105552
3.186210785703369
2.958248609238395
2.735331359547998
2.664175355468322
2.564233238429668
2.333962218078365
2.065936154371064
1.820916744927164
1.684872129759976
1.638362736117648
1.597724466294535
1.515968338881942
1.567986376828605
1.464232818125803
1.383110424424161
1.274183657385419
1.077408524835413
0.978314128672541
0.974213894318284
0.926676772512033
0.852266202109106
0.738963709715491
0.782567043042622
0.850390440933039
1.104206411102006
1.383412537772275
1.529421918727466
1.668541482515830
1.619021863966953
1.736641820682919
1.757017363927426
1.641460724876863
1.451388308279063
1.413295450832915
1.347882426869122
1.116453188736832
1.047853897016598
0.897336037912091
0.758134242368526
0.770386002510119
0.741967892345532
0.554791744378698
0.333174903117478
0.297208186484075
0.229245870857155
0.279868469791611
0.471233418692341
0.536832675656106
0.647753307213549
0.798928630168336
0.809734640255676
1.042978827515584
1.383267726639849
1.704177296586413
1.950162267255756
2.090415815921867
2.418429310427637
2.558606275945247
2.767307278672859
3.183338716832270
3.340688242556968
3.285457733198094
3.241002445913957
3.243697984730762
3.338295563556430
3.390954413664593
3.511825666950218
3.488600339325005
3.533208333435059
3.476755254255508
3.670268859020799
3.654806791565353
3.534293761448923
3.424624060426797
3.383836848078976
3.341370373251742
3.256958449248510
3.243443703545169
3.033684143792602
2.787737208630367
2.879894355359250
2.990656375180704
3.151677869631980
3.557897312603389
3.966974502256436
4.232224110499494
4.184565182594003
4.229179446045231
4.223369847080375
4.256530308013191
4.304746198954266
4.299191644408196
4.072899988036314
3.938901167447820
3.764605542740313
3.696950844655494
3.565122885345322
3.507834697957296
3.459919941979536
3.396945349971577
3.121988550384889
2.838261119787203
2.744462318656840
2.857606663674931
2.778756489623532
2.532405958839760
2.384542563076134
2.049192723248160
1.738871759024718
1.637539951804942
1.510070261740849
1.426381831915644
1.519974497278383
1.365913615235612
1.303455011055559
1.259653752045342
1.085881131085633
0.967773331285671
0.932422297440347
0.972846939986003
0.995559730830253
0.926408494530044
0.960927596240103
1.129476404324602
1.295193487659074
1.449487085116077
1.637398542877717
1.685171369029633
1.489304280437619
1.642268276273438
1.584908814893310
1.386254272232515
1.161690199679670
0.923102812367079
0.849171566244266
0.692807049610915
0.490207958182708
0.548052041383108
0.613029630226041
0.582443247335633
0.553652392255458
0.263567526163491
0.055314859532021
0.143394030307914
0.188505849363545
0.114289127258660
0.109390453054911
0.243514755370683
0.384605942957503
0.517463816174123
0.635731873428635
0.806448235863227
1.100951567050343
1.461713671720095
1.833641518312014
2.067001132226920
2.412117452756870
2.494368167981124
2.574512212782923
2.947958089181931
3.213648468950231
3.090361143191708
2.947268682260438
2.965680868681974
3.056574016114834
3.166673014764365
3.384764342979885
3.391103810309021
3.485894990400177
3.553106400492110
3.576663266077826
3.569122475460186
3.580097784993721
3.443003424432457
3.337425084095656
3.300451731377605
3.209984614093235
3.088061672813787
2.899613738532430
2.735400794448981
2.719157518933267
2.888714183228736
3.074117265447047
3.440389078525006
3.876221078526377
3.983910709461512
4.058683572366537
4.124575496194903
4.131115383176295
4.122415698817429
4.154087593378782
4.002492207765793
3.958970115117476
4.042775916790625
3.880177886459493
3.800140466696428
3.613037504576362
3.489121632013079
3.278207827860350
3.224626608682090
3.016006066538914
2.821313531044616
2.683844156958124
2.800154121824746
2.860452468545279
2.629629856984312
2.436615774602896
2.123340205042705
1.823338521638322
1.574983227917100
1.458801883027484
1.389379905570325
1.391875706947810
1.418532097730486
1.367568305295228
1.188769169017825
1.088143355629466
0.961891804023351
1.001795720678925
1.031142575974872
1.114937817234543
1.212518605359474
1.213221401496296
1.325529877797154
1.428053372210123
1.414181297680086
1.485816171236998
1.543984311700717
1.461190245034734
1.404478522624259
1.343747621051949
1.224611257430855
0.980500465317387
0.647200266284089
0.608471292868539
0.410911961941732
0.254295036546169
0.275692227467279
0.322082834537733
0.331033398337035
0.249623019121506
0.064873065609200
-0.099880270845408
-0.070560484345976
0.055074520351283
0.024130764679458
-0.002835904502943
0.032318532357977
0.153105771440777
0.211055847484681
0.387495426435782
0.697634046579463
1.035990552236413
1.353865409335933
1.727164775150606
1.962034384960993
2.231035628762645
2.375269809857130
2.490010749842140
2.769620364997079
2.926435207235010
3.005814393218784
2.908813317119392
2.874261337619035
2.917590235160544
2.962913258550093
3.078990739671608
3.181025769209983
3.305193237855657
3.414678208777238
3.410754124385849
3.393434085060549
3.492413757952646
3.401588721513201
3.301050530430790
3.266734340400842
3.116340109289335
2.937889883066364
2.812363020915445
2.713753575593261
2.690534647412298
2.825035382780500
3.060373476373538
3.372285300409119
3.643582290487092
3.718577891849842
3.794529710656027
3.901794128399970
3.941542115738022
3.971547343705078
3.985058703910152
3.950054257602561
4.013062243124550
4.097704356690625
4.000131139569818
3.734967192141513
3.514531063029402
3.270560837988406
2.960671018349735
2.903267212438913
2.853995542407371
2.608911439203321
2.458616102229098
2.636182101717614
2.662364260093220
2.535726974792766
2.428479767012202
2.268381559614015
2.050819810318140
1.753498793517370
1.489947374235524
1.328233689609890
1.248139205116437
1.258161553972503
1.256855285674362
1.196558806076686
1.120595612280088
1.103056020661081
1.131208075217432
1.085860990947575
1.072672603610715
1.222998364805778
1.261254300884780
1.325108473548324
1.291766148940309
1.149364429533828
1.254485411840674
1.340055819497278
1.235200135819847
1.269337445509661
1.200632006967934
1.055637917076039
0.845770039098381
0.658123863521420
0.512645683141100
0.402471804994053
0.253112794124326
0.199357082306872
0.121040614403135
0.042056793355527
0.048932309396260
-0.039021652671070
-0.179793345584860
-0.202874051979926
-0.103758604349505
-0.046630728051120
-0.128285110354268
-0.129911628362890
-0.114710564348096
0.045285954444822
0.212170247998806
0.672580387724472
1.063458971080627
1.352593502754543
1.493136889691741
1.781391669116311
2.085188122825775
2.305298792587390
2.515145029210662
2.734663481483684
2.764830775702791
2.793230442979334
2.693040133137142
2.573201806924396
2.644274050261832
2.742094413800679
2.776839359929394
2.929374719094195
3.175685278740149
3.273331696740402
3.195300691971775
3.181142801916425
3.184022737390920
3.072900457780941
3.065129358645026
3.179739701760968
3.028293185524705
2.865380054833845
2.716033346266720
2.614492373470930
2.681106855376353
2.836177209426233
3.000238843340819
3.196351166425297
3.361820038042837
3.463299927193025
3.539978725683461
3.640101501516344
3.697801201765962
3.766497594492439
3.841449873994796
3.866853935916646
3.889340119553124
3.981586280552753
3.916239160972331
3.612705113623659
3.274351051638513
2.960490804397204
2.752337060406531
2.655758566796233
2.571574333075936
2.249290568798642
2.237793038981492
2.353808595021506
2.347541238080214
2.364091152725266
2.384560773158594
2.363024257756167
2.170467211590836
1.951135639469708
1.595944799943462
1.337716533506125
1.331654941248559
1.269113597954141
1.262238201018586
1.371530403098585
1.231621287251192
1.167925683924175
1.224469577000666
1.164579976938532
1.121059226094698
1.305155069126674
1.312052769690046
1.319773931726575
1.216092517043917
0.986126690649313
0.973187938258208
0.982031477470026
0.937435046133391
1.035568996023251
1.009716386629876
0.880863163607829
0.663472039630225
0.574466394589755
0.422621268171217
0.260578410930543
0.199545714317552
0.114044925360895
0.048408523449124
-0.156053136998725
-0.202261589469499
-0.204972943871365
-0.177819498060162
-0.276545005336025
-0.162024482003695
-0.132950899172495
-0.295291992781948
-0.383780907681627
-0.262832763163253
-0.124359770048736
0.170885413749477
0.601232375884007
0.958076012690402
1.164496303009621
1.328546721471166
1.626150768420060
1.985894224803873
2.220628276836969
2.428433956954663
2.656190242259881
2.697839942520463
2.620388362489731
2.520058614582821
2.495427143456833
2.558066751670392
2.536377031633965
2.667596055298485
2.879655352224035
2.981295353787377
3.002508357111667
2.913235167775750
2.983431166931084
2.941972633489204
2.939251009308747
2.950399503362888
2.919753017443815
2.881805516282355
2.765242732755512
2.626029416859913
2.770482167925277
2.830196128161083
2.857444113829413
2.875915757073324
3.015427116464581
3.073152361486229
3.239063666678482
3.357505575212673
3.486868798786723
3.493376479939050
3.539097732739265
3.632001785383257
3.588051658199261
3.504201052322323
3.573485374652557
3.559546752671388
3.364298307030614
3.090973296032044
2.753037747848100
2.508605479382052
2.408979680758862
2.247951466136942
1.926590424283397
1.990341812573716
2.145862590526881
2.095179540855367
2.171123186218173
2.330741404315501
2.285767012876151
2.202836002844131
1.931126890904016
1.735635341005913
1.541357797154254
1.474624141935531
1.281553784861391
1.231455181646920
1.355409543887830
1.248144192096369
1.269443678032670
1.219386913208241
1.140647037773215
1.197556053847467
1.353213731825386
1.413726609205645
1.316550581217125
1.235324365045380
1.018709873247495
0.828944241410187
0.766429338487249
0.755333031634429
0.726266343407391
0.705437604854850
0.562894704828623
0.589506963622941
0.446069267089103
0.178508504504333
0.055654073905625
0.092223729260161
0.094074095207609
-0.016557522832596
-0.145020434252226
-0.288274523707703
-0.297565360048359
-0.360776678824196
-0.417275122124677
-0.369968037118706
-0.422704996732767
-0.398483383409481
-0.451285613842065
-0.235713996404649
-0.127717838348230
0.116789789544505
0.371627551081547
0.698130655830462
0.958362593549230
1.137707165343038
1.491572932946448
1.866015379936100
2.144800704994791
2.269626315934782
2.483672198683192
2.580544650430318
2.480090762017760
2.395629248152258
2.291649046641754
2.322001320732511
2.367115370088028
2.572313368435278
2.814936553039686
2.831747946984522
2.845325146980585
2.799278229744540
2.868351018202911
2.895616352002035
2.945495754576240
2.881641418137596
2.760023755790450
2.751136985122307
2.677117672182530
2.648420520561713
2.878934229226663
2.934894187325338
2.810871037521865
2.722548292355933
2.764568611287987
2.890815357936135
3.113246078994096
3.318713315422468
3.371970489478474
3.358054252045483
3.498859308389143
3.488049832983874
3.289356980102123
3.157293794913590
3.059897792712705
3.026231477526747
3.008380660483046
2.769221259047405
2.448479109348484
2.161830715739760
1.963867069268462
1.794351243677604
1.635146871231218
1.780865676031807
1.907452630058040
1.897432970322522
1.968563815284800
2.237992496209699
2.273404526668976
2.273443854523141
2.044413620791834
1.876624713135056
1.722702622117617
1.466186579432846
1.227223353827767
1.102325770335653
1.193296790553380
1.221154581028272
1.302284025288752
1.218412412630991
1.173909765152193
1.280975211586701
1.387750028650150
1.441756246233967
1.280174477003565
1.166669075900013
1.059637612370128
0.840870743100444
0.681093114436124
0.566449168121387
0.546476348020451
0.512794233857578
0.340464123780954
0.344863457454788
0.278577026107003
-0.010527617660679
-0.138942637951620
-0.098639737699708
-0.148728867180974
-0.182246508757275
-0.167240346956078
-0.274895323747637
-0.321418110573040
-0.478221549421322
-0.590121269193138
-0.764489018119581
-0.657135077859961
-0.520220405573451
-0.461123517073875
-0.290728440130674
-0.178451507505327
-0.038652646379843
0.075593869887477
0.405725529614582
0.647767442155715
1.008576112780906
1.379959506613804
1.750030851670411
2.129842995763254
2.216566874484689
2.381218756075959
2.334992699486631
2.247987153812179
2.215857449817149
2.059762466556114
2.054519382523032
2.093235759969445
2.347240020226876
2.629837532256647
2.692836853831214
2.732778774279895
2.795314815497613
2.751623718471169
2.802248211827824
2.779999483089307
2.719776626075920
2.584465033073964
2.658740272599218
2.705784259605288
2.714011969946196
2.921577960779464
2.812124050525604
2.692812739824588
2.668493593326761
2.718281998954543
2.835197395874089
2.933909051456802
3.146994800286581
3.119577634854623
3.172065125023787
3.391523050239574
3.325083252527128
3.194498126965597
2.986331665080651
2.656089904566453
2.548103902173758
2.524789669836189
2.369680436235054
2.133638315490099
1.853433718261743
1.719169678356774
1.491291845909382
1.419834027309719
1.498110541684308
1.563062449849953
1.651333417173311
1.774094972037398
2.092582622986355
2.200448829149855
2.133327918525016
2.033174074030795
1.909961747026501
1.776183932510172
1.455928986274194
1.202710937071609
1.077683598799480
1.070681241948502
1.111086068665956
1.224458808954165
1.247430406739410
1.271312697359294
1.348164749002167
1.460433863090875
1.583316508684958
1.316412391029627
1.166428559540512
1.109776558362026
0.814242263412291
0.581166525739185
0.400232963477701
0.399008972022780
0.486853040275586
0.387964102369575
0.188214425422455
0.127230356683361
-0.036905430307521
-0.214582000256503
-0.328571763735573
-0.430753794516417
-0.514402143959478
-0.334779617658204
-0.329167192061286
-0.489904855064561
-0.638342532633133
-0.806072020090095
-0.885230746331507
-0.726071002311411
-0.562883142330002
-0.494431348759563
-0.415475535334512
-0.210194289837134
-0.146671144801851
-0.064902951456101
0.184609804241613
0.411212565473269
0.723506711868583
1.151803862157717
1.494379602338301
1.784729339263586
1.924993571310740
2.058301105249269
2.038417047763923
1.978700065741863
1.880788325182976
1.831767463438295
1.856433878160481
1.884428408412246
2.162817491049714
2.335305296367707
2.473623684693500
2.508500603752186
2.575798719867621
2.680020701741874
2.641482433525923
2.627326345864329
2.591463503112915
2.575922021232569
2.642891669826982
2.857412771286620
2.886070146824541
2.695438925211310
2.479763970448620
2.403136573331030
2.430628439154890
2.601505327816722
2.694913167291336
2.676686523830801
2.893427280889974
3.028299090627639
3.001072594144632
3.162835002183547
3.115883914532875
2.984458502659097
2.713034876716655
2.517871981195632
2.394000535886630
2.322843275095626
2.151826675514180
1.939044359995933
1.731845231460187
1.529022001247379
1.365487384084531
1.243318501390669
1.249522783516520
1.371847046539076
1.552428253174747
1.721128646887154
2.026784098931088
2.164626896081712
1.980047587454566
1.839462314829227
1.790009685363980
1.655095078145831
1.349432706324382
1.136421344477883
1.062997268898131
0.993269960479484
0.995530257952522
1.045986322666397
1.130307785572460
1.257911052473368
1.273785835696695
1.379754658436010
1.448232409405923
1.202104322857668
1.052126382613481
0.932553151658933
0.629568123076566
0.328011061675539
0.187619683786048
0.263449456116217
0.321072065941647
0.247783418589262
0.112637277930425
-0.028736063362822
-0.153795142059372
-0.287275569352869
-0.517075439386765
-0.681815504595333
-0.771514582993682
-0.553340345065420
-0.544316244104004
-0.624901107550726
-0.849342806346354
-1.082531807965204
-1.048794524141602
-0.919038632231320
-0.732271922186542
-0.652840225815378
-0.482116568729709
-0.327338201556515
-0.162199299917371
-0.074895941461857
0.048218252707095
0.273137312962972
0.603805218036663
0.806058851335606
1.049000363805739
1.381500337313010
1.615841784862430
1.668041245225411
1.615841930923107
1.592358964819413
1.565292133846979
1.678720756380665
1.808695274572077
1.958925618064834
2.148647305607149
2.265656007727457
2.329817843615381
2.329507996252392
2.379099159685910
2.613217199697078
2.589912081735306
2.517307774780854
2.581562159390210
2.605911883593237
2.762450497475145
2.868410764493729
2.776415333446238
2.568738312979235
2.312048128285082
2.186496454277122
2.225442766623753
2.332946403483226
2.465862394060126
2.559501481241214
2.700208661753742
2.899111748313754
2.970517275778350
2.885625673678931
2.911214116166923
2.732876576158660
2.436866602538966
2.368924938795009
2.243004519446079
2.094148844615192
1.855820499794008
1.610809793085298
1.464860249417748
1.341731859056327
1.217097353462038
1.179028261483656
1.209605325946385
1.311379520508406
1.572487222376155
1.680956996816513
1.856511042503084
1.858827090325623
1.743066133761144
1.583797855744949
1.519005145267513
1.589152631639667
1.364171248553384
1.163582893887695
0.997534193539601
0.850255582234451
0.864315383337196
0.820658342157885
0.916624068435156
0.975641724853075
1.019227645131506
1.129273188266697
1.109079891560131
0.933156582720104
0.746242447647619
0.513128154276802
0.165946305705717
-0.092427122959041
-0.139635772792316
-0.062844312340539
0.119985555788201
0.062739606171550
-0.116410713257608
-0.164049285306385
-0.313942542284993
-0.466352063125852
-0.731281687378665
-0.990617117046318
-1.190619649086033
-1.023698892248433
-0.984484240565472
-1.143778666023587
-1.204542744964701
-1.233385363259847
-1.288928452433236
-0.920972554513254
-0.706971825440243
-0.613216701437913
-0.386406301898103
-0.132606507023339
-0.018280341315267
0.019253077801868
0.074268402658835
0.255376508442753
0.524040340275361
0.538148148222288
0.650576340018879
0.821257902521959
1.141366486477643
1.217526200933204
1.255615033816031
1.370600491121889
1.336628145413629
1.481614590243621
1.662204431016989
1.761518525372929
1.923862449804271
2.086624634840756
2.150785443304410
2.223661193096436
2.415760412048947
2.667938566519809
2.663939021222411
2.665339495352794
2.713829685525017
2.673850548156672
2.773368025867299
2.740349511011439
2.607757455955446
2.353258892829821
2.134793662688925
2.015154228057058
2.184488117110129
2.277626740651220
2.401749040876540
2.507401321040001
2.605285226684618
2.700664957315054
2.790613375186250
2.665659106913878
2.612582821955741
2.543922610124650
2.304069104349955
2.113309611324919
1.926288328015871
1.646502545502693
1.414073958748970
1.193975852846332
1.184077458054249
1.183492098576779
1.157247959432812
1.108957058801784
1.099930478684336
1.218794110712606
1.430501673896566
1.462573621090892
1.486864315146024
1.543566062241313
1.462820922657726
1.327739348675659
1.274125117071529
1.313707378193367
1.236831020933770
1.103619092756658
0.907288443780862
0.637638602615451
0.682677114034030
0.799718110218234
0.826600965161038
0.931018289642830
1.020870131083648
0.998420222709738
0.921364889823130
0.782363884468429
0.633208783729154
0.432978059222581
-0.012829133451487
-0.283863486214686
-0.470485105077216
-0.331057375426074
-0.186244143544459
-0.357123263005127
-0.571945873224960
-0.651114222697727
-0.731964623074838
-0.795949153226504
-1.000438597300625
-1.318487185941887
-1.512411787448138
-1.451782288765429
-1.386402082678391
-1.528481970208985
-1.545363685920299
-1.498643219524018
-1.289873529572559
-0.906404054362084
-0.745501542601061
-0.573652216436013
-0.207196050916363
0.122691049624666
0.201931026905377
0.282844493509553
0.202181999594352
0.296526950310606
0.484219205220330
0.384951074924412
0.311861559829089
0.407774736898092
0.614323246831973
0.839473535416002
1.002981153134240
0.997406210483919
0.939724906378630
1.165535533140794
1.304429788142317
1.508124652113735
1.680935819441925
1.868984749856137
1.986784640092287
2.105628138172878
2.327316554962950
2.536198330594401
2.656840768955441
2.780750079649922
2.840257189003796
2.690777547419305
2.620225763119605
2.497021266876121
2.323676743370210
2.171584153974110
2.001885142497040
1.943069085841949
2.035535042096726
2.227666649839638
2.351608082713314
2.446560485624339
2.514137597818960
2.491483582138970
2.386367732342226
2.269859800677346
2.241953057244043
2.212874558907639
2.051126543802841
1.946744942764283
1.682470309284655
1.396693213804653
1.170046369787964
0.966088372102854
0.914037900251025
1.010629390920051
1.001739857854386
1.034089203403794
0.918473769569416
0.944397160152418
1.047873655484199
1.000218901076057
1.073499137627466
1.151209911329359
1.129725510372847
1.018175342653426
0.996474179527988
1.046145266770466
1.082395074899572
0.909879135200927
0.729362218877718
0.650364950278938
0.751196818801631
0.835146661766310
0.778338121202555
0.820528885940539
0.972997255214680
0.916880625826454
0.822230019613946
0.722349599886530
0.497150408939129
0.265035328307826
-0.101569734501294
-0.439016539405088
-0.692341748389604
-0.618453987499713
-0.387865613222491
-0.630747647350465
-0.803366111472998
-0.967086035009530
-1.048023914097901
-1.028801350987405
-1.159459317869374
-1.506010576646329
-1.750662292786251
-1.714201132786681
-1.668416907524738
-1.738845621822389
-1.813103339418850
-1.690191099663551
-1.221156946682898
-0.897516127123043
-0.633846278846697
-0.471666756773060
-0.051718817719029
0.179292487486469
0.241898645378209
0.378880472159136
0.367314687652887
0.339791815677517
0.363545711050712
0.188604203032254
0.063371535655035
0.178072727290363
0.308595247126200
0.543882829905419
0.595222224980734
0.634915069050500
0.695281982782572
0.802859102286933
0.990968849430795
1.316681218415659
1.566426144131994
1.787346352856803
1.925635286456717
2.055731847584047
2.215432957208488
2.316677578031328
2.496138050420722
2.623527873958624
2.714767304394463
2.602591851767559
2.393547523029036
2.324974130501084
2.194284999415886
2.081378978753952
1.891409152775827
1.755356008082371
1.808543454027894
1.937092903714633
2.059771051437312
2.144372103294763
2.164237092021914
2.091029961355852
1.984034055455983
1.943177424722518
1.819270730668673
1.782950253372395
1.747063788087909
1.652610303093832
1.478109855280233
1.272900039051225
0.946463379644665
0.778363376534713
0.706870856743493
0.725860156155731
0.859354978639310
0.887748732304068
0.752416371529607
0.772177797501965
0.728147946956494
0.654833497444253
0.758879120707768
0.762483200583823
0.648720683639045
0.653778475449951
0.713603178292013
0.714952172471303
0.682618456867067
0.681376649057552
0.525677935790927
0.612465301591368
0.616875248601196
0.635416413164820
0.625742464824577
0.659142245843504
0.829863749999626
0.824829404630408
0.760901582766916
0.650411202512368
0.410525985332019
0.107187818726515
-0.273078692971641
-0.617250940741836
-0.844192332522460
-0.818251665779637
-0.685103477615974
-0.914363422917084
-1.056712881807167
-1.184984637214839
-1.416153372306951
-1.360281973221464
-1.365130603638896
-1.558967639382903
-1.877111337377645
-1.888588684603621
-1.873350417375830
-2.044184801720105
-1.940247684419732
-1.713232088753441
-1.185240843846001
-0.888528627933413
-0.619271573074421
-0.331715389632098
-0.082405231711854
0.186908166177172
0.268297949767541
0.434601507974596
0.318930288029895
0.264665597001444
0.234908480350728
0.090554185477546
-0.020256793585305
0.025905875824156
0.158692679586492
0.323378070489022
0.382030101528021
0.375088274774538
0.358683669988313
0.488440691615682
0.706758820192308
1.056719706623145
1.473155064102147
1.686893887930137
1.771886294018033
1.891417910251083
2.174963480387631
2.245910105625360
2.324615116002632
2.439486613216812
2.480331137822793
2.632517798787297
2.515464702944636
2.338079141578252
2.187931114170854
1.806269312828449
1.605081369759225
1.373860754344689
1.496408057644991
1.702667819706076
1.855140067866795
1.847047028571061
1.694624006768207
1.633154030890827
1.665197844001614
1.547104566741473
1.426157972707643
1.396251572288896
1.430231866937339
1.398229389112174
1.330887186981163
1.177688628522158
0.883675498780806
0.647722395218242
0.494831473822544
0.433722288068746
0.602163057745131
0.639809176979023
0.614721744622805
0.526670665813201
0.414824719794717
0.436421644300834
0.425513603340547
0.327828481816768
0.246929091778010
0.393176959877532
0.420657825599503
0.372917446469453
0.366777718900473
0.330060846458613
0.256184445663833
0.378763294859365
0.475611165880104
0.468331243785678
0.418393807838827
0.441491357616962
0.593033576663141
0.656440971862079
0.604367979806723
0.445123224401630
0.211479490322218
-0.154004197132277
-0.501162581088938
-0.725461428624586
-0.891331981738327
-0.854959114672476
-0.834563634968456
-0.996131083952025
-1.134556857047030
-1.349267355581668
-1.538434521351343
-1.623815801662701
-1.533210872291193
-1.534766858605140
-1.897325586065571
-1.958120985130000
-2.178481633342198
-2.233462966062651
-1.982019212327282
-1.631733861901764
-1.217403450456663
-0.896363269070083
-0.541044298226724
-0.288008546996748
0.015411618577892
0.237377631169768
0.270262994196384
0.412381049238344
0.302996372385056
0.109000055929858
0.099713821270779
-0.047546009718761
-0.085753358393172
-0.055033916646632
-0.001965897724868
0.194836671718683
0.114893531216587
0.098382600582791
0.042246198463587
0.122298143333516
0.367449323126647
0.709111532530961
1.060696880427360
1.391048700965538
1.554661814842735
1.745706756404153
1.994894314680916
2.088863965730833
2.262293896354035
2.322266940109768
2.320411796971583
2.489479733195876
2.453511462187587
2.316742521961351
2.071055215399730
1.704615958565944
1.297267619372876
1.134822710955668
1.252284268845365
1.423088811498991
1.571790644571069
1.472198667252905
1.368524195046253
1.438837976174134
1.514163413218818
1.504405713912556
1.321343807712428
1.174262076346898
1.085459849820727
1.163428711928833
1.164754409025361
0.986255708954441
0.751482805801110
0.482433870573656
0.273394319416462
0.240899598403609
0.364197792928798
0.452841436874281
0.330055090779019
0.197994466614164
0.184013937571269
0.162392658684195
0.167424877053211
0.115414362635597
0.142182339142735
0.211522804868211
0.245182754189359
0.296371070519692
0.205621505939725
0.149725343958139
0.141210150899546
0.186134573811267
0.239037498481372
0.315680087810057
0.223216942620336
0.240670407827355
0.361456636972812
0.372495488428556
0.302532854582088
0.243826738479075
0.000562922448893
-0.352680145710081
-0.667479957721618
-0.796176708235292
-0.894222995626088
-0.901735450086389
-1.033695220431208
-1.137230925666886
-1.264557727641522
-1.477733190832309
-1.679734917858942
-1.802159098607836
-1.725657669047174
-1.661562716838760
-1.915403458755507
-2.013889286222634
-2.356551046588610
-2.411704197970169
-2.053045263999276
-1.708147490456949
-1.352647805087830
-0.915729367653483
-0.638836205009175
-0.380284935088680
-0.187073643099947
0.108341857568899
0.162523231966019
0.188494551224245
0.107855993351269
-0.074338585389858
-0.079818424804619
-0.148940803029839
-0.117400285084821
-0.055340769636775
-0.076461172174955
-0.069145672050810
-0.033426341520774
-0.050078591867373
-0.066602810356922
-0.051935239506429
0.281707763116371
0.517184651408578
0.651396289459407
0.967177769187211
1.219859771242756
1.505709456411643
1.731723646977503
1.881848459340330
2.106476931525028
2.163572233074915
2.081521563401834
2.162784339470034
2.146272664998175
2.048265359045488
1.920176652481550
1.504901256485192
1.127158397134519
1.040693486230590
1.023492666127783
1.135378852155498
1.332392297971418
1.218317743997301
1.206994999744845
1.232849792583282
1.311830863174582
1.346378839968454
1.333516928909919
1.175556971302115
1.026353759126740
1.053081767637861
1.031560816186245
0.905649048488324
0.638194360545660
0.504861373610886
0.330215019708515
0.295614710094422
0.336897594282278
0.236325925693900
0.020971563198275
-0.043366096585898
0.000992598610575
-0.013875177568204
0.060490766462415
0.092683300935286
0.055770709115586
0.009596239162390
0.036688705672308
0.092219172031558
-0.008548179058916
-0.040259599091752
-0.032299764956715
-0.019854530292313
-0.112753283465066
-0.042415779613231
0.056140047998742
0.126170517800129
0.015175452417738
-0.055632555365683
0.000411576503808
0.026890529248867
-0.176017650808777
-0.474018391448225
-0.846947070071253
-1.029101521727824
-1.062497557724805
-0.956192787545160
-1.066501249775898
-1.234477988099293
-1.450557931331658
-1.774364061521013
-1.919033308192586
-1.872949540133314
-1.804053570237054
-1.898306280746407
-2.042847286008186
-2.160305735268447
-2.287210244798694
-2.378637554605301
-2.205942505373720
-1.854888385343996
-1.574376862026935
-1.267370584093952
-0.993199224568599
-0.840473958852324
-0.562068169843444
-0.163116875394541
-0.132613931647476
-0.001452162715136
-0.070473976031358
-0.129919151449530
-0.217043670672785
-0.221305167759816
-0.345717393667956
-0.385961353793176
-0.257112154583587
-0.305991526907242
-0.244868776595099
-0.074666684178151
0.073720545733565
0.065398395178074
0.206397872143715
0.394503306148343
0.526004260294811
0.669812296767574
0.941572738915633
1.117103932253766
1.478039304207552
1.785757419433544
1.898981099128199
2.012107929857550
1.950350802699411
1.920379592483987
1.987926480848470
1.916020175408779
1.778169143814958
1.221424824948033
0.984403710792019
0.804352153480411
0.786999136043543
0.936145403248835
1.091879035004923
1.143006120271413
1.050903373657443
1.048750027915780
1.106190680988241
1.214477947528249
1.327584767191297
1.187395699429698
1.014162425685915
0.989645070790076
0.854972843405155
0.728139172541952
0.462530350634144
0.327849380118152
0.298051496962340
0.196670487683706
0.186210917650792
0.057309124142882
-0.090638490725082
-0.233939857346197
-0.283850562616879
-0.270747773037688
-0.152802057962419
-0.121228822294446
-0.098265630410019
-0.117800553632412
-0.193979682133454
-0.179076329247662
-0.170112821406914
-0.077442406348901
0.012497320737172
-0.128423762072914
-0.218098662800157
-0.321002595481390
-0.262120291099870
-0.082709206242258
-0.223311218734203
-0.299861373327563
-0.259030791639325
-0.202975855967496
-0.363605822517826
-0.636097703171602
-0.959330282483661
-1.206324964872420
-1.222399141622360
-1.191846244513006
-1.286612994678300
-1.403349428656608
-1.616258404656898
-1.919256848905143
-2.069111029480849
-2.119926776676263
-1.992124240007687
-2.142858423068930
-2.284068184137863
-2.318507631150946
-2.379642355104345
-2.338807644594396
-2.175765079565402
-2.057881258103849
-1.872366140792911
-1.632073724455942
-1.379618878350464
-1.227515582251896
-0.918616306990513
-0.646784499403848
-0.516093330187010
-0.295171004869145
-0.188289452092347
-0.131927379357792
-0.196558444610045
-0.400944652117899
-0.544136327280041
-0.594514706261198
-0.468890944569603
-0.495700645820116
-0.373538718611370
-0.148688979031664
0.074866550154596
0.137809360917210
0.218863065545911
0.346722630088351
0.458340432174470
0.516067779282467
0.697323589187418
0.941296904329830
1.341957134023873
1.578906675894416
1.603636895460245
1.757447012475718
1.755729142738679
1.746974853537773
1.709509894353198
1.650104898145738
1.501412276882861
1.031884357247120
0.891953924970990
0.748255092199849
0.714901681345282
0.700445685130673
0.796949038883440
0.801983877541163
0.735969516088781
0.751319937551658
0.835434637920829
0.927700300934640
0.898868631079001
0.981400411395209
0.879637182144512
0.752995802192905
0.609472644929936
0.510067586419110
0.173139158262978
0.080948940976754
0.008726462242874
-0.051989382707404
-0.026846713843503
-0.227751858943452
-0.261874172695793
-0.374258896275985
-0.531030849662587
-0.301820010859910
-0.298178535516841
-0.247004378459420
-0.232561731538401
-0.126294984476378
-0.179354231195230
-0.289613276126975
-0.324517573234420
-0.182623943683418
-0.149584701153169
-0.362599017741485
-0.417714322045645
-0.507447244659980
-0.566796581777189
-0.504398272085499
-0.575958724423903
-0.616229845779880
-0.636112316023666
-0.644988778710229
-0.646381497513618
-0.836264675443694
-1.240189664392340
-1.549250402229993
-1.592864562694981
-1.653377115390202
-1.548815315595919
-1.594185438161769
-1.783679378305765
-1.997356230617496
-2.155444303594575
-2.225330738866925
-2.253666355637411
-2.441923435756848
-2.538446722463019
-2.497285843163625
-2.505664377155680
-2.490141812022834
-2.323977452391243
-2.264961914679145
-2.128697179471803
-1.891850631301884
-1.686910617427046
-1.537214873207855
-1.280525245692053
-0.990526525391341
-0.733263129369465
-0.533336007535628
-0.399952008492701
-0.308054600560472
-0.378100708437516
-0.552585827171820
-0.617283881858705
-0.721188499002424
-0.619938164076762
-0.642296603692691
-0.548052964003560
-0.296522012807814
-0.056973582331768
-0.051063343408532
0.049786546850083
0.175065274913019
0.319050248035828
0.356478432549630
0.517157975395950
0.821240201742159
1.154974688949653
1.345770059256077
1.356647214118298
1.533197576953593
1.579392837111756
1.463628543392717
1.347791386336131
1.349520700498473
1.220493782939142
0.934903164417517
0.766811238878590
0.680739114252616
0.625910485205111
0.404533737136500
0.400688801214711
0.415582079915082
0.451147363128960
0.471698274762999
0.552406572790119
0.629755335867997
0.666412968636674
0.688046619911190
0.648750372218013
0.652034714810443
0.425108815249576
0.210818153866483
0.067496855961045
-0.111135417733128
-0.172486700841143
-0.167723819281151
-0.219909277641869
-0.372340691426086
-0.421215441820486
-0.425247395319041
-0.468559302031681
-0.348958360995474
-0.282445426239965
-0.305683314894027
-0.381712206219006
-0.260105669975333
-0.341982508184882
-0.308809206716398
-0.305131766537099
-0.277351042799232
-0.316566722050501
-0.439746209720298
-0.502627402144115
-0.651693657929265
-0.833551039400751
-0.972134336814506
-1.048094966279360
-0.987011444109325
-0.947155125250328
-1.030900192884513
-1.068333606575386
-1.254704550135068
-1.510902481226595
-1.714248695050218
-1.923068219133541
-1.958681668385540
-1.925329284728668
-1.796609884306175
-1.854019138362101
-2.066817944957725
-2.240138000641014
-2.250530599115536
-2.446705953468554
-2.648515845993364
-2.867002008022017
-2.698473939413527
-2.680434716768592
-2.765397300262982
-2.786744150217442
-2.656888664358133
-2.463861340577774
-2.146979175019245
-1.847630139483258
-1.663389707308717
-1.394422343187939
-1.153917686030856
-0.913615039631561
-0.662352521248705
-0.547608691947392
-0.526748639720227
-0.500885774700360
-0.545921664108112
-0.630456954874179
-0.743050374599011
-0.710955245686268
-0.762996111340957
-0.758272234312422
-0.601229487939542
-0.408125878560561
-0.399488810008419
-0.332837655323533
-0.201355805654517
0.028864400879810
0.168275545713517
0.346110990907915
0.608828351232367
0.804654895658623
0.989247540745076
1.107648125823943
1.175323880411552
1.238164905154991
1.205787374085862
1.055792262211523
1.111840327243822
1.065614018402123
0.754365726739164
0.604135769717339
0.474301657830058
0.462618976248156
0.225021780447366
0.147358294847165
0.139946409317193
0.195779081366574
0.179611044369388
0.170222765405460
0.380986773956468
0.479467060640144
0.349853357250600
0.374548768692951
0.388226685930348
0.172932732211152
-0.007499458772636
-0.010581448261016
-0.223299168123109
-0.296406262447563
-0.175290067823908
-0.317439998175749
-0.519853918259677
-0.541486667271002
-0.594082987615090
-0.497503125267425
-0.408702087410831
-0.352921468571321
-0.359976766346250
-0.493446349138266
-0.576163699573765
-0.590469183639422
-0.495464057356300
-0.436076462210783
-0.419416618328501
-0.406594934823089
-0.466259807215265
-0.579424032942891
-0.815541317068145
-1.105816398566442
-1.223840142798692
-1.325833945168759
-1.390360661662863
-1.200529124860060
-1.144923613990638
-1.322920650427500
-1.537301721655731
-1.622401086267630
-1.750202185735945
-2.018193593776617
-2.151633316576017
-2.170356104869859
-2.071989397347651
-2.012834337998686
-2.113114857503278
-2.178977038483663
-2.354175497895775
-2.596452929997071
-2.770516540237004
-2.877613348489485
-2.911592534473816
-2.953599589174103
-3.041319245363880
-3.146425978755680
-3.053598261769806
-2.755657251103886
-2.394482787051301
-2.006402412669278
-1.669151360158720
-1.491017722692985
-1.361603450891707
-1.144198691622136
-0.922108334233857
-0.719558414851633
-0.697575783234080
-0.667364908952425
-0.707742417181811
-0.685155276812825
-0.733801016781267
-0.830882588654514
-0.873235301114188
-0.826456058745554
-0.706351510313142
-0.759235263003069
-0.730022737000674
-0.655839562725176
-0.434723593738857
-0.167284014475825
-0.022403524791874
0.195162339070974
0.413933391853645
0.462770056746072
0.513343734752831
0.690006660140277
0.824072018768070
0.892305897504573
0.986785273853412
0.932956039459309
0.854127498326165
0.830545508310243
0.384008572230665
0.303367789060220
0.176700070685501
0.187171534577991
0.094210101675627
0.045829501052986
-0.004396259574334
0.038698756908150
-0.018206410321072
-0.129666302404788
-0.065008640492421
0.027381588025583
0.046915416743144
0.111317622438403
0.016785884655133
-0.204219410438701
-0.172218336098883
-0.105891175423504
-0.362178387933979
-0.430709960876964
-0.338804287608298
-0.461558610367178
-0.599476749439028
-0.639684169890106
-0.596580850112551
-0.645545810076702
-0.588782677955668
-0.541789260699589
-0.567375572030444
-0.755333082811491
-0.750568529483153
-0.680853219191394
-0.599110820539278
-0.594184735737097
-0.620568122690376
-0.542393294259295
-0.591853041051478
-0.799240788552065
-1.023700215516223
-1.322948093624077
-1.429286916214970
-1.477004642630939
-1.481591250650283
-1.392827918333730
-1.317139195035854
-1.440209854510715
-1.647681094269887
-1.712620497574800
-1.924380434571116
-2.189057906273460
-2.383661804414462
-2.385648765231776
-2.459764382672785
-2.349294410892381
-2.378173795104774
-2.497767273589991
-2.692979848455739
-2.882036257283081
-3.053545420739963
-3.041607196288725
-3.027628804376191
-3.062757622153873
-3.217413569230668
-3.274913117053961
-3.182710888732421
-2.919649945837432
-2.515211761993362
-2.057209725588781
-1.816209561032640
-1.571331501019412
-1.389523698163713
-1.333689576206018
-1.186763644906387
-1.143913177996028
-1.146134526685034
-1.050640231385547
-0.952090598447106
-0.878608160466021
-0.891481710069432
-1.026053598617297
-0.983527780335017
-0.908880802814508
-0.833515752934348
-0.923857766414444
-0.931765987705936
-0.800214285822035
-0.551575717287517
-0.281708556962431
-0.224465430927676
-0.101561998529181
0.160744324233659
0.209250220035897
0.217481810186671
0.397758292957582
0.605451778210236
0.727205091110907
0.805016988262438
0.809799255068204
0.659721529644675
0.502143400498071
0.170580200705979
0.097313963683793
-0.018052025024523
0.058480902107850
0.054898218823801
0.090710074711455
0.037574896350753
-0.061591912189350
-0.227978382224255
-0.253117366477961
-0.275010447112799
-0.154076125919376
-0.054656787772278
-0.073450870664317
-0.238607180204550
-0.355889712104962
-0.338345476500276
-0.375770797954546
-0.577863496251099
-0.660931861099073
-0.609145857742112
-0.570466444787337
-0.640398133836076
-0.631449877430966
-0.609759616047191
-0.568269641506105
-0.734009280159377
-0.719085289387754
-0.845376238574041
-0.923123883965341
-0.856765180095200
-0.708948809040185
-0.624569286014442
-0.675890940120398
-0.734918297048993
-0.578838364258321
-0.702830951078743
-0.985947633191389
-1.164071021482805
-1.459799935142416
-1.488136603892815
-1.556334215917689
-1.557633480323729
-1.481808107371902
-1.521700182954167
-1.600121268811043
-1.739676794158113
-1.766255059252326
-1.922565517339462
-2.327369561308864
-2.444300792368299
-2.558298784736749
-2.758084459391689
-2.801087310292186
-2.801900792522363
-2.970482724992566
-3.040092235979595
-3.107105327813217
-3.180451109829005
-3.202961938122828
-3.354140613364884
-3.255488494154228
-3.269683812222456
-3.340310116388621
-3.193209608349521
-2.974824588479764
-2.481550919087052
-2.091117843492533
-1.892177759371907
-1.758928836957478
-1.497974962100705
-1.442680619875363
-1.408503021026574
-1.330878792493798
-1.481653558533549
-1.430932306605064
-1.295920451015025
-1.182361546826229
-1.206097869498515
-1.193013756271204
-1.142995462475407
-1.133207559492442
-0.997241249663621
-0.926004916844920
-0.994901973964792
-0.892115474529774
-0.749104680523112
-0.569171792899037
-0.425900507572287
-0.273179140415824
-0.167951154515666
-0.014303459951386
0.135451216116155
0.260240960779332
0.524685773084008
0.545112288125252
0.592146666640729
0.549085709244062
0.411392079949061
0.257603544813400
