-0.147487831265478
-0.057612903042577
-0.045509554190165
-0.043410713349983
-0.196765733131053
-0.284031533992823
-0.381218198691918
-0.393840767595682
-0.449500400522358
-0.513651569977366
-0.534918359081452
-0.610587346890359
-0.798446508481900
-0.845064881397804
-0.747832525336417
-0.664659218624643
-0.555622716018011
-0.472210987956588
-0.444237847962967
-0.459000617117378
-0.437979511474809
-0.367772929566220
-0.451899698148349
-0.527445653941784
-0.495791389447079
-0.303327808618860
-0.121635683332200
-0.071149101532028
0.063509455439091
0.189426686878225
0.447539459398263
0.699092521989869
0.931936797560554
1.095945238399233
1.299846174827961
1.460966688205429
1.575436786935356
1.621012376350735
1.487118278454119
1.427576078311922
1.353919498698400
1.379656956655546
1.438095633187682
1.449281002744423
1.466207328360186
1.372658246309368
1.478050542778061
1.597014910723862
1.653713117995429
1.707697873510819
1.679903194198880
1.690610176793462
1.628729934111219
1.436967381568003
1.347902850100769
1.257999515203158
1.115561036906714
0.952580296278431
0.830814416862754
0.756407322908102
0.762259071766775
0.710492080857972
0.496191635780796
0.343370227443944
0.158553406805675
0.147507775609297
0.092405940853244
0.106069567289195
0.145502899902474
0.056582692423863
-0.029400177629696
-0.117042314123816
-0.211654946795672
-0.341028080730911
-0.336079664669623
-0.325659566126601
-0.267142051415104
-0.288766197182306
-0.243705340441389
-0.182608050918502
-0.043036158455118
0.010216869293810
0.013230284474809
-0.017808236179773
-0.070382777309814
-0.118152354786304
-0.076048589965828
0.013909080799874
0.137312245085005
0.132033934142273
0.082722316643763
0.019322206649631
0.004966047894276
-0.040176133845938
-0.104696387039052
-0.153126018606590
-0.146317609795313
-0.220440707353954
-0.232192300638849
-0.199658904718529
0.042151298220661
0.116053508796034
0.126227188549296
0.018952583917847
-0.067545184447232
-0.084665862171830
-0.264693800332240
-0.415706168273487
-0.526488448163003
-0.569633771230048
-0.585260495113107
-0.630088932647313
-0.708293393428350
-0.762598682207386
-0.758515188184120
-0.777360694275842
-0.698179403973173
-0.659033710298373
-0.633716208036123
-0.584305362867554
-0.525934585697014
-0.472695448582939
-0.480798751543427
-0.490325117011906
-0.453603053144721
-0.352562766397278
-0.220499280159260
-0.098991695615479
-0.000980401695531
0.136256434087803
0.334647888509349
0.606852333876846
0.848259887302094
1.035322014444415
1.200040648107303
1.360526213573691
1.479104426982205
1.520000997307990
1.413234264242913
1.331750998576684
1.284130753156136
1.263428442117452
1.316734684623113
1.356973826644767
1.391004301741098
1.376310632444409
1.503611507277116
1.592570080214216
1.601661333400797
1.649452748695605
1.669091749183947
1.682651732370116
1.607633881515144
1.400341167008220
1.277600572462513
1.206913825943235
1.080485978707163
0.818664602810140
0.689050727053977
0.632564832239775
0.727401512989705
0.768515233990894
0.569637512161591
0.339248956638542
0.204015642841365
0.184853147809944
0.123629027356164
0.093683558616456
0.058024898803369
0.054503681145499
-0.060419050917412
-0.145989528901569
-0.233715779102893
-0.309751587639181
-0.300905620052636
-0.240573447258820
-0.196245307906544
-0.193614819061547
-0.267065359236159
-0.256357328781652
-0.104621999049335
0.023005217634440
0.076419122789312
0.027567935246902
-0.004427467849328
-0.075385068587031
-0.084137199967397
0.015756580920448
0.050437193780841
0.058365772768607
0.018108621401576
0.029944919132812
0.051081182452322
0.008063721525930
-0.043788164015585
-0.089235389859617
-0.178730163882554
-0.210744033050090
-0.186867804514424
-0.072879249920693
0.148457994184583
0.259490849513018
0.257129155194205
0.183207444898793
0.054537397444899
0.066268787726937
-0.106010771028604
-0.303507098514744
-0.542253786452888
-0.712923127450335
-0.738710960023752
-0.757622305715350
-0.703669036851702
-0.734996369072038
-0.773597184401529
-0.829110323154950
-0.818353723844023
-0.789932233618712
-0.708141378026009
-0.647926727257980
-0.598812055140650
-0.533455472421925
-0.508599415512561
-0.484563153833237
-0.382817752125090
-0.301155170681347
-0.155110633442421
-0.051803874999051
0.043546111844751
0.165797254165728
0.309093320189034
0.573744142333747
0.783068683998401
0.973640926700283
1.139228859499462
1.252272541563196
1.254672840723696
1.297247989091771
1.274197563849097
1.221073013521854
1.175295391513393
1.160878567591429
1.252426125988081
1.299242538886443
1.327758908123767
1.320226455500394
1.428268863009684
1.573657251344918
1.608732153944237
1.620337577248659
1.613676139984927
1.556458501451782
1.489458401987994
1.382771337398534
1.267651582769872
1.194662835548735
1.028701615587767
0.817186919282467
0.703615445718667
0.592301396371055
0.606806975718589
0.678712805066232
0.545256145558067
0.399985165994111
0.307863045359870
0.177218302459791
0.132640439418190
0.108960580476723
-0.001984368677462
-0.019392881832191
-0.060619032899531
-0.134284415921973
-0.175522647544411
-0.244087221898578
-0.293810803581949
-0.310147891241624
-0.222752752507300
-0.216866472016631
-0.280859794026211
-0.281578114298344
-0.113807196813436
0.036604596845760
0.077554145430316
0.124019624084646
0.085104458001511
0.023017272786425
0.038193259060408
0.039621986815166
0.034374672760171
0.009248347631254
0.027385535838380
0.035467065744905
0.054878036994872
0.084744559395273
0.101074414423735
-0.011734486271244
-0.106298719691427
-0.108643624518431
-0.115005482980534
0.016678801307763
0.260196490214983
0.369209223361318
0.297919889913487
0.204702169534024
0.160581042888053
0.133457578710850
-0.034670891473187
-0.274122874919562
-0.507546666381791
-0.684737281551682
-0.762752695003447
-0.806688094041366
-0.789198109365646
-0.795165919415225
-0.816326878214542
-0.867219567410058
-0.894744244579963
-0.825753956415677
-0.807311753313154
-0.759998238619063
-0.671582468695077
-0.557435855756176
-0.552255274687638
-0.421053413970270
-0.305726171093707
-0.256694983069028
-0.142228742771338
0.002900186839615
0.109185078156379
0.180560687242486
0.323091244697952
0.456537459218872
0.652386089115552
0.832881793314777
1.005228144337274
1.100908149753131
1.080836401941998
1.116132756150102
1.106019927040877
1.103645856364722
1.088856662368586
1.034252303093117
1.137010147379363
1.169172751597902
1.271391107351169
1.351940835040928
1.377751524393535
1.475761825729452
1.522534623127859
1.517287224628873
1.514103668750547
1.448853748729891
1.338129883068352
1.258623690330144
1.224952225388645
1.085546471052157
0.909257461444095
0.743760989895583
0.709816989608975
0.592740320674442
0.580544686833304
0.559373279574514
0.506509264666867
0.431609182901155
0.316240492883699
0.208062217037673
0.142030901578567
0.141471429170152
0.029380995550204
0.017102851756503
-0.038554723575666
-0.166136233353085
-0.233527823352346
-0.267437590363480
-0.317326714978834
-0.296333268105651
-0.256914008320905
-0.253573301089338
-0.264120372480668
-0.190401067673113
-0.104011300719597
0.017949561545413
0.087014788880395
0.155176650212165
0.112741425723947
0.105587967366288
0.071597905404423
0.061303153687176
0.074221093499315
0.095462275930573
0.132303981859579
0.122265913279605
0.218217640778193
0.241374773632096
0.140831138108951
-0.014705885540373
-0.045849587446829
0.020351086309266
0.016245111623780
0.104670448320451
0.350487890762700
0.427865428133420
0.354636743831967
0.223534275240372
0.177877244183094
0.107727133305957
-0.043112785588136
-0.226629185970293
-0.447148009672372
-0.631242890791818
-0.720984557075898
-0.793056283690121
-0.873918648469257
-0.956603908682768
-0.929455298107179
-0.965114866595042
-0.967813652424362
-0.848784034424015
-0.837603674622815
-0.829301080886110
-0.682122558887471
-0.597103621393664
-0.502678448779711
-0.381089858183446
-0.300360562034035
-0.289549150752891
-0.141562674864664
-0.007243650577925
0.022669016036844
0.075867055214252
0.160513747311151
0.299985664644626
0.472302757304904
0.614974029416976
0.774323246853958
0.899208630335826
0.879332164359556
0.894209613128102
0.943407357957625
0.983181972828679
0.991825398074407
1.010808507818180
1.084993215560210
1.149707251683291
1.212953462384827
1.273991078750717
1.340460953575096
1.366028612242148
1.437169226983164
1.429410279808527
1.456404109780455
1.372555021429546
1.236910865869705
1.118789278023345
1.059903830684659
0.931869454966561
0.823065909732298
0.727481963047419
0.659892780582704
0.625274598900477
0.607500036253065
0.535720321939257
0.477066861933187
0.467108965620049
0.380038040609437
0.352292308118225
0.259027095841960
0.125114277544885
0.054633315935490
0.071051098627521
-0.042058955564042
-0.205849066797834
-0.251698144374012
-0.278824948972558
-0.280914055472180
-0.256544587308608
-0.258695698274770
-0.333617540750796
-0.276339337543107
-0.129189313197663
-0.085504108708993
-0.001827970431408
0.072643029267267
0.059270976434188
0.042697040451507
0.119249902771217
0.115229520458253
0.102217110319927
0.110757890140460
0.126901441645499
0.157058812644008
0.220359884769647
0.344201168487969
0.351098554946639
0.237350560158703
0.129285133788130
0.043167914678744
0.092356500815575
0.147965580063465
0.235742787009530
0.335706004020529
0.358939048910127
0.325268650204629
0.303809557522094
0.243366639836381
0.130330025165038
-0.040832751538057
-0.259181484621378
-0.438559609340638
-0.613678102282780
-0.737087551984361
-0.851504480577099
-0.977424561187174
-1.038257413683241
-1.021678329280883
-1.039728877731829
-0.978613884140198
-0.902126372757988
-0.846774377731019
-0.768507723510814
-0.683529085430452
-0.549820657161646
-0.443432015681703
-0.367003924046544
-0.299657406893777
-0.247845360462447
-0.192330899764892
-0.119077643304706
-0.058588642920660
-0.037688705704341
0.024582061390712
0.127353206258041
0.216025015759700
0.425387001388240
0.473589751846151
0.596698215525407
0.712885073343736
0.748277526386833
0.819761947648758
0.888040183684402
0.879715948559849
0.924868430375237
1.023758837096076
1.122006572053260
1.072723141638892
1.097551979129660
1.218128904870683
1.282194877977481
1.298145988003426
1.306492438004372
1.319969168475714
1.247638883858796
1.158471133679801
1.106259583339571
0.976049225804925
0.853200200942177
0.777339029178920
0.772939132574263
0.733593503694140
0.656848469225980
0.698647769436572
0.653373449687911
0.611413931239987
0.548514280686322
0.494285155331692
0.424700685454233
0.337216170604934
0.227336168686894
0.060059602793829
0.021395559560473
-0.062884949210142
-0.213087174490709
-0.287491337339544
-0.299161577874641
-0.248435521392822
-0.216496930331397
-0.279295576372334
-0.334811192040323
-0.266937002481104
-0.179695927794131
-0.097117727722490
-0.056141439718113
0.030782101315143
-0.010256974277562
0.047098308338884
0.059806641832548
0.108288904787502
0.143425161585602
0.083048924853372
0.107394570316069
0.205929800351625
0.274385709483638
0.315585541102673
0.356640508519135
0.237562302369640
0.063763769434321
0.026747775280419
0.111145776156470
0.193987489289755
0.258499631694964
0.365340706846958
0.368933326264960
0.326993662665992
0.313561683335833
0.263074826193809
0.169165892221415
-0.007794916664356
-0.246891025276742
-0.399267927756776
-0.538177046735828
-0.732441573089373
-0.980053176343139
-1.120126594668851
-1.107912400671150
-1.056492413409934
-1.057482470125506
-1.005224495203870
-0.844119858360037
-0.761263946221689
-0.702076727996035
-0.630066067441988
-0.490713769154455
-0.385401304558168
-0.330649753448683
-0.271386089502491
-0.245908869891961
-0.231784599983721
-0.177067937967244
-0.130805006428453
-0.148401148485297
-0.089906975583741
-0.040745318876762
0.067632678749167
0.209116158128052
0.271354285299977
0.312743862833008
0.476764220985907
0.531355597472925
0.650290092519713
0.760842247863183
0.768752279806924
0.783030809829085
0.893051227713978
0.941521255264843
0.994948898368313
1.059343181873829
1.164609182972786
1.218442673348232
1.182176547016137
1.202687066328588
1.192263001577481
1.133575111556437
1.122475518832527
1.056862425622585
0.945872989162958
0.823445381683766
0.729678079612531
0.741166220988597
0.752407460394861
0.699651522744481
0.791475711677816
0.828309680016283
0.776170502434813
0.748627686137032
0.659517062235499
0.515788597314547
0.469360046811416
0.346216091395154
0.066883947548837
-0.082289420917353
-0.167746752892783
-0.308675700025931
-0.401293784283244
-0.425571570257613
-0.338782775129765
-0.307756212496650
-0.347787355901852
-0.287950347085859
-0.201081093941439
-0.237393741724411
-0.149004420509163
-0.146990754809471
-0.095274064544039
-0.078319667302468
0.063201849590649
0.027057505459033
0.025417297217941
0.131679683726375
0.150640639723031
0.137459285537140
0.199042089385626
0.245424759834310
0.286880985570250
0.279194244545966
0.129308427207527
0.061237613356706
0.005431490006586
0.093902802179656
0.219925045441202
0.326812322268643
0.398976358797802
0.318568084647255
0.273806662190626
0.284552313091898
0.214856946715594
0.085429172473921
-0.067829131493339
-0.222234879830060
-0.422425190230216
-0.575829555416066
-0.768131891607350
-1.017018814286465
-1.186092709143115
-1.165962552340802
-1.075779928408893
-1.068541960465418
-0.949119173073071
-0.720219031809023
-0.666408394470477
-0.610011798448783
-0.502720497571467
-0.430559836190933
-0.395958270792044
-0.306832829106973
-0.229986971270419
-0.212490977325013
-0.248105163864492
-0.211698669466039
-0.259565079802679
-0.268241720287356
-0.224721677750207
-0.140183483927074
-0.018776050003960
0.115001391301085
0.139571689776230
0.151866930194483
0.227018734344972
0.303426012100033
0.474789881252473
0.528859394237694
0.560682946646455
0.547814656418362
0.686827191837293
0.793109029455028
0.895227973181520
1.053838511745756
1.155667395395368
1.181190325317494
1.154622199432862
1.199651175503420
1.126671140107615
1.094380709831192
1.100670886387980
1.048048025731667
0.941908433776107
0.876384802479152
0.809951154986610
0.806745476040514
0.826104735051202
0.791267383580113
0.872472622543135
0.862601901356489
0.887063660802642
0.871239736444656
0.728614258365253
0.627746125575096
0.490169826956052
0.444412944710265
0.163566817899207
-0.139929897530115
-0.283424450142968
-0.402941942574678
-0.600236225154324
-0.667493439991346
-0.512530816761892
-0.430765839201835
-0.355865496277899
-0.313901948727130
-0.246074859070173
-0.277366985035986
-0.208936159566828
-0.198679221151204
-0.211673343642068
-0.181524129639433
-0.106472796031432
-0.124698377485703
-0.043763629042584
0.104375003866066
0.102677502748834
0.174408814522167
0.220378931766621
0.235384142473915
0.279124203717262
0.246918815768046
0.153098821245497
0.128252410340529
0.076004642196812
0.087528503658586
0.229559595496980
0.336046852252214
0.279266788601598
0.285854933738638
0.269559738291535
0.210362125928346
0.127467699301651
0.045596787403177
-0.169806542904815
-0.291994329781980
-0.447714884152973
-0.599318443652220
-0.784862410118633
-1.016105930113041
-1.201242915976169
-1.193705507608680
-1.082336590179525
-1.013691489235471
-0.938496232095354
-0.732783445297030
-0.628292321895590
-0.572599763400626
-0.475517478498049
-0.403486123137446
-0.416217924262469
-0.396691558298790
-0.312856414295521
-0.240325294595919
-0.260121475678625
-0.267114104710197
-0.282699512871557
-0.312404971122416
-0.255507820774578
-0.183763724893946
-0.082473035089023
0.020042779795688
0.084747990206048
0.061530917679217
0.087308866246183
0.201265168291276
0.309518652737067
0.342461374873390
0.361081176925468
0.401163652123729
0.495922930575251
0.591612175504776
0.746995900722741
0.875527538631709
1.024642645050691
1.042245898180496
1.082163770321772
1.139148944063414
1.158223693901143
1.138373451131502
1.163906691647599
1.087366559542497
1.026478447169692
0.957939884102237
0.890143459199387
0.904440990388324
0.952503308659351
0.915838531215438
0.846688065902707
0.890478556856869
0.975817789173945
0.878616942059282
0.731873239527979
0.605437929171918
0.514676268766515
0.376662252357933
0.118107278302063
-0.122798620027876
-0.308046327904080
-0.473295612475956
-0.699881774008734
-0.757729724047801
-0.612648917415487
-0.495529442034210
-0.383379729557410
-0.354581015902147
-0.363689898653355
-0.328683558532000
-0.288594164502731
-0.275551455142446
-0.217975387192852
-0.257785519941210
-0.263395379524402
-0.240752448244219
-0.082044831221921
0.056044587523100
0.095634347196596
0.181815090865123
0.295226160751316
0.339981567418116
0.359701594906851
0.361993307633391
0.311302233993576
0.180146462020630
0.128124781242687
0.198556020970123
0.271234794354146
0.296282697737347
0.236698897572840
0.205042352842960
0.181508338519397
0.152978951424525
0.044887977847299
-0.023093712703683
-0.187640260234418
-0.345755769335252
-0.486227127923639
-0.616340437782783
-0.808287743781904
-0.953157023924186
-1.134324213794317
-1.147877413108525
-1.101037206692041
-1.052005458245279
-0.953053516294899
-0.804667325342602
-0.674791432506882
-0.642608991421181
-0.534268976899448
-0.448294352094002
-0.419081522932929
-0.385073918512473
-0.308219960170492
-0.284787678154192
-0.275901144113773
-0.223947419618218
-0.223189888686218
-0.242516125466195
-0.240080211756254
-0.193730708448826
-0.095721133369613
0.033044609053208
0.057045769084296
-0.014539838611464
0.012439103309843
0.105414273613474
0.129551932481774
0.193649443693752
0.311095735527439
0.357191000993772
0.399496837540016
0.452458833378266
0.579917629666894
0.740594910171305
0.833018102318371
0.854210518480433
0.968219774464852
1.092209465012640
1.164167359248740
1.211410704300670
1.215511036841621
1.143569119571948
1.087984832093927
1.027441716430624
0.995339941689096
1.022957284644235
1.003608044762542
0.916843525549602
0.767349227669259
0.825766651448066
0.866479561193954
0.736196911003618
0.642644792208879
0.531821399627425
0.466350149010398
0.335452653575424
0.132479588329836
-0.100271001157366
-0.320881205392658
-0.566022416441719
-0.797110959450457
-0.829924748423243
-0.709043205073996
-0.551962258527439
-0.412128027751151
-0.390970101034184
-0.371785552760601
-0.348332269970984
-0.360951243526552
-0.284565436896544
-0.302409749569962
-0.358697729240735
-0.387338458806210
-0.304439609879300
-0.226865145791234
-0.033799211367524
0.111762924841062
0.199239026871433
0.323736255076328
0.439822867825764
0.460314173215032
0.435094778015873
0.371512108207689
0.353361301995431
0.346729315324907
0.364838307618558
0.339664948595623
0.273563234037402
0.126591994604172
0.104317711589528
0.104408236119159
0.116364176600192
0.031533590454527
-0.074155230639868
-0.204988709763378
-0.388471521748180
-0.547096842317521
-0.685594413493268
-0.806396781456879
-0.923347424985055
-1.004269320227780
-1.078465419095836
-1.064469184464541
-1.023331287408277
-0.953522651332581
-0.878148011632008
-0.759239903599826
-0.685542387699319
-0.650896294629923
-0.635675758504425
-0.547032056033891
-0.442700523835655
-0.345235364816200
-0.296938008142004
-0.222955135516067
-0.148537920392636
-0.206767871500387
-0.230985353281549
-0.218858606720738
-0.178402187676997
-0.111233291518972
-0.034340410021311
0.029350261489109
0.025971381735186
0.029111279258135
0.008572114190397
-0.024032367319693
0.088830539998993
0.195227842353184
0.269158998705068
0.293760475871926
0.364907270886988
0.427530226414495
0.515979113978886
0.590676777278724
0.728633744314921
0.860241839187278
1.052547847990431
1.146896034482436
1.190810516570407
1.244902111826080
1.155732886526855
1.118563020084189
1.140841915290018
1.148500852131611
1.110047532614280
1.011396355120063
0.920510164821369
0.838449002855964
0.826602164286575
0.722146613993569
0.612598016537756
0.524079521751404
0.445756520890057
0.308740839955874
0.173584915622830
0.095106745359616
-0.089847640798279
-0.328136373874050
-0.558985921776303
-0.757893602669655
-0.759789512161419
-0.686013917025475
-0.570913536266213
-0.455517437712896
-0.397387959608027
-0.406607483437270
-0.446637530340521
-0.438323378475783
-0.425524329849720
-0.438054171365314
-0.513873866349642
-0.458862221635095
-0.415351562645900
-0.301639478807452
-0.089392624134570
0.088797087844566
0.301053034003208
0.420895226369110
0.553973522650523
0.589817732324791
0.558462207672941
0.573629337855306
0.588769696666218
0.514359696502402
0.377367649597114
0.240405445392086
0.182829529075451
-0.060574098963317
-0.072647505168128
-0.017683996568279
-0.009300776341748
-0.013227191496700
-0.105586994400882
-0.219642608272577
-0.342590283431019
-0.497922136303355
-0.654076586966855
-0.739033634529809
-0.880467168580044
-0.942438509881624
-1.016710672999788
-0.944627569403288
-0.867437518847553
-0.905584725684298
-0.861459190548604
-0.747508496467227
-0.746875473331767
-0.713305895900309
-0.721885686313896
-0.619731258589141
-0.473829949204149
-0.399178536728625
-0.365456672062016
-0.245942835217250
-0.140690263128039
-0.193176560398201
-0.185055739374680
-0.199572058061078
-0.200936519195463
-0.165952421940899
-0.051883357586111
0.018092722584455
0.055687960912150
0.062886759460404
-0.091142253956723
-0.090698148262991
0.138563948268772
0.184970618715855
0.214420905315067
0.232332878037332
0.229373035257618
0.292578237962503
0.402906518041267
0.492136330132746
0.657934981639323
0.827236070347274
0.987723507955742
1.133837899593357
1.069604222402988
1.064922017455862
1.115161097855800
1.154549662804205
1.192648486722864
1.212902293411655
1.158565064251212
1.039610630187110
0.975519474876764
0.882301761299261
0.822350741609160
0.685467234336939
0.556275183908075
0.438250451691193
0.303214523752867
0.151865172859008
0.072448354914731
-0.019658820884638
-0.147362519211741
-0.384990930085338
-0.555454243053697
-0.603201190199151
-0.625369513743057
-0.601298613601935
-0.557477369462406
-0.448273070111556
-0.487452058264381
-0.553586702590098
-0.433255047008607
-0.490332697173329
-0.517820649462541
-0.529209206413392
-0.593780916769525
-0.515880979804041
-0.452450294781593
-0.309106281185697
-0.116075275388705
0.075658890265198
0.338362428676270
0.511319313911895
0.643180887706018
0.715437633849464
0.719972530236943
0.717810915481525
0.676643401960178
0.570094443257957
0.360552916224627
0.126580191035420
0.036984516401950
-0.130569514013363
-0.139593374456735
-0.143816811951997
-0.151264513982837
-0.219605594985412
-0.228816308948208
-0.360809828025442
-0.393704590384488
-0.471429006476141
-0.609766100183722
-0.657212994425232
-0.783957626665130
-0.867333086779949
-0.858454471906767
-0.735552476680205
-0.758411100773731
-0.749008701470640
-0.724221057308517
-0.749039336755464
-0.756918235526087
-0.806471414095079
-0.827252767854050
-0.675158569338921
-0.529273853787683
-0.418640637838787
-0.397466197892636
-0.304262957964669
-0.170626084706870
-0.195696224325340
-0.223563043250907
-0.259911975966248
-0.305660738160558
-0.291170690804571
-0.071449416969220
-0.031122235948405
-0.038768948268401
-0.037250213959100
-0.149654262394921
-0.148910009422089
0.011220559657983
0.091100396917525
0.078367087904115
0.084444367473986
0.134781188957001
0.200739262258011
0.323648787065389
0.483730378387313
0.609517164843241
0.761612710695724
0.899014670137311
1.044402522851363
1.052328226898046
1.042661955250272
1.053911851875416
1.130219190137437
1.156377233492737
1.204246374007103
1.219741792690566
1.105360033584404
1.058026116438102
0.937787942563935
0.757922847284606
0.619692779012058
0.544475453227762
0.378118647881994
0.189930823542216
0.085435698067567
0.035935367324692
-0.076502896496851
-0.283995222080587
-0.473472900058095
-0.609938425986396
-0.638019637813949
-0.642380055708434
-0.605437691616869
-0.503502279970320
-0.441022994581010
-0.499661545546652
-0.525955911378605
-0.434421269167453
-0.456857714729123
-0.450288356290010
-0.478458853874336
-0.548095056699303
-0.515742617653397
-0.385955343685704
-0.248099815110479
-0.128173028402608
0.075957841893411
0.304027642150984
0.492101768973469
0.655498504684427
0.729691821880552
0.732409249148623
0.769915521346457
0.734765976202527
0.585727755322253
0.356575616376630
0.135153508640959
0.007664413781476
-0.112216190668160
-0.190599991336154
-0.196296419699717
-0.249812536295844
-0.327626777534058
-0.318419364951367
-0.399628704364692
-0.425665669071345
-0.496427827166685
-0.599750338904914
-0.643134724400074
-0.658768322860402
-0.711577329710223
-0.739109937955357
-0.659802357485916
-0.632987820488709
-0.622468201025440
-0.667231875123949
-0.731437209211926
-0.824959509708707
-0.901527795458373
-0.888061070399415
-0.755245714301820
-0.626745583357685
-0.512965439658778
-0.427630666286920
-0.388617830716882
-0.260496791998397
-0.283203353040516
-0.344161947319294
-0.373734595477527
-0.416996214752931
-0.407668047405897
-0.249590603192200
-0.099317032581668
-0.177672711229013
-0.142130472451423
-0.152317456533984
-0.156187851355938
-0.022022835474825
0.063413621044019
0.037279071857463
-0.008644338255203
0.119366985508404
0.245569411800716
0.384845369447619
0.568588986381951
0.634482650631649
0.789497758505742
0.877178146266328
0.939414652870243
1.045681778484294
1.078898337774589
1.063792854904561
1.121860217503757
1.172263969259300
1.225397615543999
1.206539723146195
1.088381094457698
1.066513556471511
0.968885513515335
0.802338811126902
0.609203423701526
0.510991353192591
0.343700276728327
0.137835144982953
0.052259939388519
-0.059998662277757
-0.220578146191230
-0.327627973281682
-0.457399568822521
-0.590151228464499
-0.701390592768787
-0.666858907213718
-0.611987708420961
-0.485701024497889
-0.445623108788886
-0.472084714455343
-0.500941950428126
-0.497170505526588
-0.443995012741282
-0.465483032807157
-0.498515851209357
-0.494993717997603
-0.467021682793644
-0.342536312804953
-0.170297833622671
-0.048774156709962
0.124131652115330
0.346484170079230
0.496340911677152
0.617417642243155
0.736013720571338
0.756429882427728
0.732709812057216
0.705502198100566
0.530435422187180
0.355501498496504
0.243325542232146
0.060375055790077
0.005887754726351
-0.117861882667906
-0.193956697146892
-0.253279290166385
-0.318687446083187
-0.332332925537115
-0.371478590623433
-0.376678232395850
-0.457391229629493
-0.577734748740564
-0.613062271958728
-0.565544605151294
-0.570216689668676
-0.628263976270726
-0.625446822007956
-0.593428617631422
-0.636322631920418
-0.678829105219675
-0.799542295389543
-0.842108664088571
-0.867013732359149
-0.896606242649891
-0.806538314372345
-0.708609991885666
-0.604736618284777
-0.498152928967065
-0.421546175455670
-0.382145750117842
-0.350969953383068
-0.358442230543020
-0.455350416090625
-0.434754813017547
-0.515522455684091
-0.428087729549353
-0.290674877988870
-0.274986527256346
-0.172976114856689
-0.130677484992423
-0.120474156415910
0.049443582253498
0.181033502192461
0.194279583622261
0.110803616157952
0.154545991353008
0.276132209228493
0.398366502073835
0.586264522633571
0.698276569043214
0.796765668089667
0.909149281523559
0.941049636822336
0.993173643594378
1.067635223841731
1.146201846678667
1.180842155059047
1.168177069632176
1.171247330975912
1.149989505224557
1.100386216736646
0.976377403997487
0.900481159661957
0.780271855536239
0.619922983285991
0.461710922847578
0.277501479041980
0.143249088638658
0.045745727819069
-0.104926483629434
-0.249068978104565
-0.402414189144348
-0.524084391184450
-0.560818116133717
-0.648416526759290
-0.631938089468747
-0.603242917507709
-0.542284390124693
-0.502676719967988
-0.509602923123526
-0.500794098719805
-0.495899855405277
-0.511264064907849
-0.497411816258199
-0.469555711199180
-0.464886975191836
-0.425615860541715
-0.340521962330118
-0.172169868022739
0.018400975853622
0.122106116804171
0.286557856766360
0.373561347308127
0.540611492006519
0.683313117458281
0.712651861213287
0.670499616088571
0.563487904040408
0.464376609517604
0.366918350552883
0.298485119326895
0.106832444653630
0.017363275267973
-0.050835611992360
-0.112973404057321
-0.210419894398818
-0.257907148415068
-0.287235874744825
-0.310752332861592
-0.330006627825240
-0.457450571570310
-0.552319412537397
-0.604808750345387
-0.596445440307246
-0.589091358221711
-0.602320187714069
-0.623726670065600
-0.626244962383356
-0.659265646728080
-0.690332939902601
-0.812414143388857
-0.865424741023990
-0.872111994033582
-0.902874386682649
-0.897021935229748
-0.831491624880824
-0.713666005399398
-0.501665987961154
-0.416046333079620
-0.449653618202905
-0.456709018991498
-0.434038414471277
-0.524350528624864
-0.463667204848895
-0.527083311812612
-0.528679141983951
-0.480336609744807
-0.370301947020232
-0.239712426811346
-0.116861753983913
-0.159709908492199
-0.017644953513646
0.145431459829111
0.235553794044193
0.260666663928663
0.214633584350882
0.251328883433303
0.377521377410361
0.556997001916672
0.653928936188014
0.718521642327262
0.828361510061885
0.947952581579875
0.886097598116991
0.932162742547657
1.060340052237534
1.125283082903508
1.102578448667839
1.107618251447844
1.132669056347397
1.023238943749364
0.882705730925491
0.792789991316729
0.726777485152654
0.605616814341135
0.390671735214131
0.201228234243139
0.124188392895959
0.021068666944985
-0.097384825390623
-0.318983191562430
-0.571600158187405
-0.627250898409620
-0.595957990599893
-0.574686984430652
-0.524050976490146
-0.514289660895029
-0.520593691135557
-0.497563961539735
-0.509814074403535
-0.466411447942479
-0.434495042168617
-0.441726532602509
-0.429168996079908
-0.398713282650233
-0.408702384484014
-0.403636953671113
-0.292352791718324
-0.153731637745204
0.051213394447456
0.140526450099785
0.216337344316329
0.309528099277523
0.433733162736286
0.562402161583672
0.582842460014810
0.530845634983504
0.387211824497573
0.363219517088177
0.344025539336922
0.272462780209220
0.081749644876836
-0.033995841919162
-0.031602512410601
-0.216629141345657
-0.217986697754066
-0.231171027211955
-0.297301444983596
-0.304834634269739
-0.356548872188146
-0.411612413688398
-0.483875877473453
-0.560960727790986
-0.589093715939075
-0.637629877342858
-0.621056786553245
-0.634009078430089
-0.710871156154111
-0.721262807400111
-0.694623854951694
-0.723517162102554
-0.827795778243762
-0.826489748739956
-0.872272873137519
-0.890615382603738
-0.877480945505705
-0.779354087588686
-0.656187023954578
-0.580996743368509
-0.629732236398986
-0.581104773269294
-0.537171440580493
-0.576975627575107
-0.549141229137158
-0.511870323942607
-0.507113777019029
-0.483219127639847
-0.406352718509793
-0.275752591621457
-0.219335757139036
-0.145435072361837
-0.018649134582981
0.103483406446444
0.297758677044272
0.319250704264734
0.296130894345761
0.379933671513716
0.473720567125087
0.512296550153023
0.569524000123800
0.675071441050695
0.778604585236079
0.879557881361331
0.826915416132931
0.845310940247165
0.939546255171360
0.982483722655184
0.979118401004051
0.987291306744590
0.990094896567525
0.881206405836948
0.810610268342364
0.759055611175996
0.675264195875007
0.549611806721964
0.351925702522650
0.155130461831803
0.014631613651513
-0.030460430591867
-0.151224755485165
-0.396223340979606
-0.644715651957178
-0.666077132247737
-0.615776913607867
-0.606942487160108
-0.507098373509791
-0.478943488669530
-0.445945828837465
-0.500504850998990
-0.471384051428113
-0.408630981773031
-0.391764416095108
-0.362846192117910
-0.410268431466360
-0.414646130362624
-0.338948897805308
-0.210276947080269
-0.054135794265228
-0.014885336277908
0.103470749430019
0.177298357743395
0.257996176675531
0.259636075596414
0.342632660637945
0.422832617538346
0.477090849678188
0.427340412409433
0.317411171611474
0.245826046836664
0.260350625099429
0.227020981329028
0.008282868752621
-0.103233208503573
-0.135375434446867
-0.315132074447398
-0.302761861050294
-0.277791261311410
-0.335332542064858
-0.356873940007083
-0.429889384635564
-0.415267772581003
-0.503597219393158
-0.519504752028836
-0.556948415958447
-0.606028108947075
-0.612285634556719
-0.637610943436690
-0.722597708747792
-0.701839311806569
-0.659495166974760
-0.630872338411795
-0.701063825047972
-0.749970688822445
-0.792213406871027
-0.830440537989887
-0.906463481937015
-0.854841011412650
-0.769499289054076
-0.764655182497179
-0.712872630085149
-0.697850096196795
-0.653590724523917
-0.658266804639977
-0.597654515863206
-0.567424482926535
-0.471047653375926
-0.317294627716156
-0.268020548583844
-0.245462736444819
-0.222483004698235
-0.069963148773306
0.068480607298829
0.212245617270950
0.357609343669323
0.415469091296045
0.399358746587118
0.425373102049989
0.473971355523433
0.537234035382571
0.542477566764369
0.605484238348504
0.711434197731673
0.804549691682787
0.765283809542472
0.785706679071795
0.869859634832221
0.917520052144024
0.919966078963172
0.927281868347952
0.936493885301269
0.872893641529837
0.786824792573155
0.698796625315345
0.677478485678193
0.541723537225784
0.315628461699567
0.103476766770422
-0.030707993395769
-0.053916906860592
-0.195421352872707
-0.392920125355010
-0.510755841462577
-0.593084323736394
-0.630454009287821
-0.670155698315460
-0.586202347834411
-0.542179232005523
-0.496440807891452
-0.538610721515623
-0.440376732485186
-0.390437997559101
-0.329966136505499
-0.322798859349516
-0.390122349394517
-0.359055573030215
-0.217700388751200
-0.096206719180512
0.031482276334081
0.034383302123494
0.122845458908285
0.208660681966801
0.251490771659895
0.168648901173607
0.221693274051755
0.269729065566810
0.308806511546096
0.292372296766173
0.214184159567925
0.110024498926892
0.132843861575900
0.070012723756368
-0.026038455645256
-0.224357331982356
-0.317830822921910
-0.402404544159569
-0.388714585830653
-0.393876478655466
-0.420944818738016
-0.426931175577581
-0.410529531957015
-0.437824600888687
-0.485429125501941
-0.518337401397577
-0.500940979965394
-0.583125232949363
-0.624996229578320
-0.637514387488849
-0.676329384347674
-0.647755666614291
-0.627773847673913
-0.601511836666700
-0.659084759792152
-0.700773820994398
-0.762078785789126
-0.835661900588069
-0.865653396304789
-0.851613522031686
-0.843901905510681
-0.812045873017289
-0.765004628396941
-0.755762801084579
-0.685993762335677
-0.608876402854152
-0.573230393022163
-0.522830707667595
-0.447427759836333
-0.292798519058851
-0.237254475307596
-0.212852608910790
-0.160224535734636
-0.071970172276165
0.089340550810606
0.290736224288030
0.425214222240637
0.494599763576924
0.491620461117768
0.520555360639299
0.512365455879566
0.598625168197429
0.626270340249855
0.596639876570459
0.654339996280031
0.701994793914954
0.659187052592527
0.717029137758325
0.780052790728789
0.812845340315002
0.832874047380438
0.845128311736460
0.865783216821599
0.861525364398474
0.797799093470744
0.706723069707533
0.689083873181049
0.539497155236371
0.330596717128128
0.096374403566792
0.028159061676565
-0.025738183884440
-0.147287481570113
-0.260961337005156
-0.324749335882070
-0.472865053992903
-0.631270969548265
-0.668443733318098
-0.554286173927588
-0.514791374077715
-0.516153549788261
-0.528821428627523
-0.497037382425878
-0.410640603481927
-0.306437802790849
-0.326200913272939
-0.372000275244731
-0.320783063557068
-0.260668310125077
-0.115787034224854
-0.032072158676781
0.023255538924145
0.126857235002216
0.106177386597692
0.084558909757815
0.102756008439932
0.122270743170213
0.180740037935413
0.185710337613197
0.157477790533000
0.020815875349251
-0.111171708449843
-0.134692650754501
-0.100066541992142
-0.124837605190879
-0.261166735763089
-0.412008179123327
-0.496723319414332
-0.457254851248575
-0.457906853693540
-0.459566310625924
-0.465847469937414
-0.468100844973795
-0.458448569180292
-0.520093631336575
-0.524245010156679
-0.479086197773683
-0.517656930997694
-0.586989060984586
-0.605663378006350
-0.565666435473291
-0.487875100644732
-0.482968294202203
-0.511065996843595
-0.566021103694711
-0.621487342090600
-0.696137876684153
-0.809239446351691
-0.851542081255551
-0.889089826263332
-0.863018428133050
-0.836480509905635
-0.803163525257934
-0.762772598150667
-0.683331106094055
-0.637060135534540
-0.645334439540698
-0.609629085532888
-0.526215683327751
-0.345876848352366
-0.315595947602162
-0.264571500274870
-0.200326505174290
-0.045910412524310
0.136794553417340
0.319318897160687
0.508933522052336
0.543824659991334
0.540353782240153
0.589190260788473
0.652247013155620
0.717688369322237
0.696432232536436
0.656767966305547
0.667814847564981
0.641016972069370
0.662069087668778
0.659760768873396
0.643413125444019
0.672790893848140
0.740009165297994
0.744552898944918
0.734341170071108
0.754947419907737
0.755603409057186
0.705532974064551
0.659775345629534
0.583899463676029
0.299913470841474
0.063682981246981
0.047330771271753
0.010307523722254
-0.010481130010372
-0.122726960242566
-0.265147827755741
-0.450863565675666
-0.595556522952055
-0.636897035032346
-0.557203154749780
-0.543725374412875
-0.544462971908823
-0.546006239273024
-0.531373626206106
-0.474229792216896
-0.420634914121518
-0.406765347408712
-0.395900796056226
-0.363925494109590
-0.254199858349963
-0.154478196796203
-0.040337924587265
-0.004329879515704
0.005742349046565
0.023328005353695
0.060107184603954
0.180627029106628
0.150913605030765
0.116058197412912
-0.011596968842188
-0.086527370969251
-0.240603760663153
-0.323557510895002
-0.360694908869640
-0.222323091933334
-0.161283220400036
-0.291062668630984
-0.425516614639183
-0.491032985426786
-0.517704568132580
-0.525081937409407
-0.516658171293587
-0.515541881087830
-0.506402344319870
-0.484087080063210
-0.475545883199000
-0.489677285664047
-0.473209117529772
-0.522588100534376
-0.605591725203221
-0.589089838843836
-0.468630391099700
-0.386153642039036
-0.414727410220356
-0.440706410153028
-0.458423322961064
-0.563869074461908
-0.688132844829348
-0.786800303561770
-0.817695009656908
-0.890757597231549
-0.900885341534284
-0.881634189903581
-0.842562497242488
-0.761391541523743
-0.685526179090931
-0.716037862569070
-0.752495097908448
-0.708864227310316
-0.595660822787536
-0.498519059788079
-0.355889545802222
-0.319900559304427
-0.148864418188842
-0.048905852597040
0.091201247476225
0.266870844528573
0.437181084460612
0.517800585371459
0.564726447861693
0.658047231908259
0.710256833388778
0.758571332047898
0.690810795257586
0.612145550266133
0.590472171932639
0.552767469278114
0.577577471340977
0.543162102516661
0.493564271794970
0.526655641313901
0.573792887646660
0.548072122871817
0.601823175720972
0.648050006574590
0.654897456977866
0.690492277190347
0.627029724029669
0.527004585843732
0.294152867542942
0.093539988141680
0.025121437010113
0.022843117640465
-0.002239880946482
-0.108946447595014
-0.255471145950350
-0.422217322434669
-0.500663977787650
-0.570011421965713
-0.576122091537850
-0.613121585802943
-0.612005144822453
-0.638422018014153
-0.620127637990558
-0.554530464736781
-0.525886320149871
-0.469167708393414
-0.397591784228421
-0.291895119177145
-0.236859228039313
-0.145661013208703
-0.081826761740980
-0.069579997985335
-0.117403954802213
-0.017276457610097
0.081208263420936
0.126467114493153
0.047430020143830
-0.040096194779370
-0.189709817328220
-0.277365522680296
-0.455673064332073
-0.476902655718700
-0.404126206181967
-0.250991668336843
-0.168648236817919
-0.382818464670246
-0.486113445581962
-0.500121071585661
-0.531785917033180
-0.611029421291283
-0.660427865357165
-0.624871396918413
-0.560779739468141
-0.578166500942043
-0.549178186341352
-0.472418562758102
-0.417416204014833
-0.496444351047973
-0.544696847144235
-0.529013871958421
-0.459472963427660
-0.444923780764486
-0.435522896789791
-0.351920612772229
-0.387497752844182
-0.524838336717907
-0.624394969629285
-0.784568711274419
-0.813657802537374
-0.785529395981454
-0.845053088959938
-0.857921850981542
-0.792161150844118
-0.740159167889636
-0.767441569220108
-0.876141352983538
-0.898332097384800
-0.855026354902348
-0.718625595885158
-0.594402155743501
-0.451832788491057
-0.328247975962091
-0.182529185764735
-0.068501628303032
0.001877395895881
0.078210701622008
0.258157223254159
0.432952312523830
0.553530071301095
0.671778932218712
0.661714409402792
0.638100975472276
0.654350833061476
0.564573280466897
0.418248006120122
0.422956383841629
0.432451966705321
0.379945329751172
0.303439004559187
0.321157093772209
0.399683818849442
0.416101548547967
0.462714494148720
0.534363865011194
0.604389386410826
0.656107165479789
0.557338752536117
0.416545718805984
0.242507316833460
0.079873901227161
0.002540511963682
-0.011747336997544
-0.081482160850124
-0.181562622113750
-0.357231044558900
-0.477323316875808
-0.488421888058059
-0.583733264171674
-0.662686936592448
-0.711235646143570
-0.718655400091321
-0.792106089321800
-0.762283604377283
-0.649360336411124
-0.481311687223069
-0.386938650185795
-0.330510804058784
-0.214871154121714
-0.212810413415248
-0.183556992602941
-0.194855016371439
-0.191338159429426
-0.204626643960874
-0.108974728156930
-0.016968151468449
-0.018736906701531
-0.175479102420151
-0.276413785890009
-0.316444176520902
-0.393850298637338
-0.538703137211939
-0.549072079283087
-0.491404826123568
-0.357748343504866
-0.296361980777730
-0.449189939121913
-0.506943752226824
-0.605902617774162
-0.608294696248507
-0.679436657646158
-0.752453070392883
-0.706949031499576
-0.644358429760513
-0.648051872606545
-0.598774283675248
-0.545624662974737
-0.478997906220085
-0.506199965383168
-0.452296455306227
-0.477275138483778
-0.529494550744154
-0.517224647351617
-0.492463731213719
-0.391158887827699
-0.407554910212853
-0.428851952545596
-0.581667059285391
-0.737353533438429
-0.772007911367349
-0.740743969763553
-0.786832361340619
-0.765194986164295
-0.661366896835201
-0.627506585468990
-0.768943894478506
-0.979279307208052
-1.094017874285701
-1.040081892522979
-0.849445889050989
-0.658277525279196
-0.474023418451471
-0.269447439085907
-0.202429701300557
-0.127456231981169
0.000662834342881
0.020655700637560
0.132790688662748
0.273959093515426
0.423242914497229
0.582283940450113
0.609006658605869
0.540878994112895
0.534951122816652
0.471940424216197
0.335405602054268
0.302254698643603
0.343089273801354
0.299067411778306
0.189379854255342
0.149565836387701
0.209948481287187
0.277169895474583
0.296023621156844
0.427508133620257
0.517958805441252
0.553488212619970
0.484423216185031
0.331179070577771
0.166860287236135
0.073625006685542
-0.042326633252103
-0.162829370721845
-0.228773907209184
-0.320517990002467
-0.434090696949862
-0.536371377168944
-0.590604230562968
-0.705426827264333
-0.789349028445633
-0.839074166920846
-0.842344064198893
-0.836548533554561
-0.840125710925055
-0.762357138581504
-0.515826885671383
-0.322349408797723
-0.261566949818858
-0.168223000400554
-0.137199029566332
-0.163737958428723
-0.186302751756988
-0.240101103154343
-0.298770404448774
-0.251035681603958
-0.146633036003869
-0.278427190533531
-0.350880197358962
-0.351857740326968
-0.405579023863013
-0.483735296855878
-0.591916588536731
-0.632983257896438
-0.607126709859360
-0.506585053652004
-0.463860768634376
-0.615368526301713
-0.619415393258276
-0.625502330496566
-0.672946180034661
-0.740849256747225
-0.818597558629213
-0.767357513597464
-0.723119904311992
-0.655147840871194
-0.566273886785295
-0.588914624049227
-0.571616663924866
-0.543146008143975
-0.431898765805087
-0.482038735643184
-0.580055601437410
-0.548885029246896
-0.482080728941475
-0.451720608652877
-0.492464603906499
-0.582396385684939
-0.656541832723037
-0.694232840089152
-0.747611943030925
-0.773138611400064
-0.818053228230975
-0.751597641796123
-0.632962013577245
-0.639393492493285
-0.740776124963573
-0.975242452163354
-1.121818967307513
-1.128222040375463
-0.980053976467385
-0.709725678192377
-0.524382015397852
-0.319468564736492
-0.242219327250148
-0.201308064978908
-0.141062220552407
-0.057669533855330
0.049321252911067
0.194946030588136
0.358289106442069
0.471687858973533
0.455949895199556
0.415541980703645
0.318633561180604
0.334684753647787
0.272061374463873
0.255658392917914
0.220384272996003
0.164566475143983
0.102722609342808
0.048483984273998
0.105447474893675
0.151319363420713
0.196857740873752
0.323914455360480
0.328678332188300
0.395852218114194
0.395293299209260
0.264303447596472
0.103676579296905
-0.067902577145150
-0.204208504212740
-0.267062218627881
-0.335688363808565
-0.438314182387324
-0.495449101235631
-0.539248925682434
-0.616029386846913
-0.743248501608110
-0.785064373597908
-0.821519723170298
-0.889620216275457
-0.859916285613002
-0.813528325301816
-0.668460571629832
-0.474308528989812
-0.305714438560463
-0.220985748607778
-0.087499530631245
-0.045183862331423
-0.146240448867139
-0.243163916611592
-0.320275330990277
-0.422775072538774
-0.456368394584050
-0.390171232904444
-0.457495910419735
-0.430051007996025
-0.410709086116410
-0.490880297685665
-0.616146152657168
-0.704941223178541
-0.715599640198285
-0.712978798410507
-0.643684529219570
-0.670480657884595
-0.800169033810200
-0.775143548605794
-0.799390442511137
-0.837898328846879
-0.881736165694086
-0.898175377678984
-0.870630403765073
-0.823980121041799
-0.711839589310627
-0.614533492943638
-0.643429411134927
-0.597138669099726
-0.564602546699636
-0.550308215860843
-0.576946819383962
-0.628765846819114
-0.580336716432579
-0.541990634947441
-0.574464295184553
-0.691196880405451
-0.778323165486480
-0.727543764967640
-0.699048825760326
-0.767593244436948
-0.808096481418911
-0.829895433341800
-0.804453652683502
-0.737451919584269
-0.702421145460706
-0.776093191207261
-0.959185618033510
-1.104420363189475
-1.126328528649103
-0.965536634575796
-0.715217092294662
-0.538061042736988
-0.380222342406469
-0.306280961152890
-0.210274754566275
-0.108866950006413
-0.017788494095677
0.113315801616493
0.249378679781208
0.375824524723410
0.374063678505394
0.358963301260303
0.310981911975271
0.225135466724929
0.220662563011252
0.139387468507931
0.120335535552373
0.137382136159073
0.094569156831464
0.070614274660308
0.052841187713255
0.039889050968430
0.053751460663540
0.064314126003053
0.147540922290583
0.206105269842748
0.259399689956127
0.271582064683300
0.237343879934069
0.067802435973447
-0.141553186771474
-0.304035924992470
-0.354848831654149
-0.458545927814628
-0.511083602355648
-0.503397619382722
-0.503528802058873
-0.544698527366916
-0.673297645723215
-0.691650345590967
-0.737657542291238
-0.792684005318010
-0.780091538718441
-0.730499946252930
-0.598516296129223
-0.485066600630072
-0.367547563866667
-0.287811097942545
-0.190007870558771
-0.162423335968174
-0.244939445957514
-0.339097698218358
-0.392287970625077
-0.497469114725323
-0.584320159438474
-0.516813488425726
-0.554040998853309
-0.525884230007952
-0.533381812635743
-0.589231848996893
-0.676401196983072
-0.784868984887979
-0.780661354479103
-0.809548197906525
-0.825662405525047
-0.849766054790740
-0.891886866591451
-0.870810361978525
-0.894573358139821
-0.906050644768647
-0.933237022858494
-0.980488195606745
-1.020181999157600
-0.940052715157805
-0.796914496990213
-0.724264223043551
-0.716479325427520
-0.649584995210687
-0.585771374946446
-0.639852061063600
-0.659308330316338
-0.697025020186642
-0.700359566970620
-0.674384294693470
-0.743688951674697
-0.835372179843737
-0.863292683081468
-0.853778369858562
-0.772059578835166
-0.785538875860903
-0.795963401698258
-0.821031946231429
-0.850238545755082
-0.797438393754064
-0.762384693797899
-0.759682758115684
-0.864279246792488
-0.916568813297953
-0.963240438961650
-0.843863547239301
-0.674169412738098
-0.578505284491093
-0.488929998978770
-0.367549501689928
-0.239121116189655
-0.136599739290815
-0.044480211015774
0.085848134088313
0.252206850186080
0.353256289231815
0.325371428789284
0.218666629586288
0.191585435213556
0.158038763638778
0.108040481348120
0.042670476813477
0.030628064515255
0.073489347201765
0.074274157752695
0.001740362392591
-0.048858013648248
-0.033348092005107
-0.043967484511106
0.016294811591247
0.054105975660792
0.129225858283142
0.185272248656233
0.196183965539758
0.196615535849358
0.043017131625329
-0.208862985613829
-0.337818929434317
-0.350815332930773
-0.413540351308730
-0.535720979194310
-0.542170007652394
-0.517690656214633
-0.536926495233848
-0.598611576872362
-0.664859549792488
-0.719451168409065
-0.767840274792923
-0.723660581937131
-0.749958657351496
-0.694442962529147
-0.600982456273588
-0.557298306914661
-0.464823107959863
-0.457097362264957
-0.471504532651727
-0.503299716376163
-0.446215645813083
-0.484398796535916
-0.625615607467150
-0.694705807469418
-0.668519437953501
-0.696351620681393
-0.637646388441224
-0.651298289364990
-0.726597935353994
-0.736129356549977
-0.786375895207637
-0.843585714980131
-0.868396308947908
-0.882039410615049
-0.913040570295315
-0.920910712344470
-0.898994584215406
-0.939686957237167
-0.982987651331816
-0.937359850111537
-0.928024993239969
-1.025698127181228
-1.022170053435266
-0.905641333049019
-0.889420095876204
-0.805866186423026
-0.703467676575759
-0.596551796374240
-0.638249458567974
-0.759021442833882
-0.823375527373801
-0.863733756001234
-0.900704856886523
-0.954604777384243
-0.974374901929929
-0.959850809755683
-0.927920022654307
-0.941155680196987
-0.923372025152670
-0.873302219325840
-0.838565785757076
-0.869906982608642
-0.783925836606156
-0.768269070289203
-0.732560133468009
-0.787182888889936
-0.857566957472327
-0.913294711843616
-0.853892758767029
-0.698896778369677
-0.573300923657722
-0.498537547546077
-0.358602912880902
-0.287976299509218
-0.206365127501031
-0.094393158528866
-0.009518576671846
0.102909031528829
0.199189483989275
0.162815799105849
0.076573013205128
0.113024184817355
0.107386600846736
0.071495561486273
0.032503930372522
0.027310309957399
0.066170364140280
0.048007313866262
-0.022500092937846
-0.089484416732392
-0.099687011676603
-0.088915407726258
-0.061224802601071
-0.067191837723905
0.036084688328378
0.150454117753848
0.127366640679891
0.100166240491213
-0.020240595575346
-0.221434395454958
-0.320197459863986
-0.374522465727095
-0.411469241619787
-0.509043373680224
-0.549220657781864
-0.527039520934197
-0.533659746848083
-0.560729862848462
-0.612464827974923
-0.634087962125270
-0.665328114082775
-0.695289289943215
-0.755879041920779
-0.728029223660750
-0.695779178773707
-0.721459908398527
-0.639187957647082
-0.684736123503298
-0.709828919173346
-0.670136894342467
-0.605554016371654
-0.712726229318432
-0.811157112730034
-0.865701682280461
-0.842653217875502
-0.784417298472227
-0.766696554149471
-0.767145897571851
-0.753294435819543
-0.776979212818090
-0.823118136812772
-0.866346861720198
-0.824267868532434
-0.822591304280667
-0.880206508583327
-0.896552682322462
-0.938549610554017
-0.969325733661018
-0.906946259732116
-0.911942721007240
-0.949003668616578
-1.091983340646754
-1.122020287988954
-1.080342330731019
-0.987041557853908
-0.894720850968259
-0.791533116929355
-0.756596324517764
-0.812825365779271
-0.907461914883718
-0.999206192753077
-1.056121457560858
-1.104590675823920
-1.136811708898769
-1.169144160303273
-1.103233102172389
-1.011562157156097
-0.987238523643138
-1.053743251512725
-1.012019500263210
-0.905966239333607
-0.870033644948521
-0.836128235291157
-0.815472871337942
-0.762523256903444
-0.762490937363859
-0.848909210780574
-0.883212083104676
-0.797630428593095
-0.715998034836580
-0.618697677361670
-0.513724375836682
-0.444124109532321
-0.317727996864563
-0.285846784221096
-0.231661757266301
-0.119318451689514
-0.071438167603296
-0.001927136502674
0.039768833864697
0.054707592943950
-0.000321505957116
0.026085396103886
-0.000924478207719
-0.002416235588627
0.016222024401175
-0.001512149371524
0.001022024847192
-0.041252205162734
-0.104579954887886
-0.094050882807240
-0.119538571273039
-0.194557986380999
-0.212949848429146
-0.105467526112258
-0.045864655385252
-0.022984053986497
0.028469730387853
-0.058142802234453
-0.175168353838117
-0.306253094087930
-0.352108194236971
-0.358986525180332
-0.424870773353319
-0.407673705123847
-0.374738930541461
-0.450464904961949
-0.551235985478509
-0.585329338461491
-0.548982977509041
-0.542481304487328
-0.623522841076058
-0.700985308050712
-0.787371437924266
-0.775580324908472
-0.823680007680708
-0.812792667468378
-0.865620794895683
-0.796882182850494
-0.777721647648838
-0.775818918618039
-0.944669305853769
-0.997540884817106
-1.041583647031797
-1.043169056698680
-0.963959422317914
-0.961793720691202
-0.937553518925371
-0.847008095534950
-0.830772761262551
-0.856229359880955
-0.870104195158875
-0.812775824874244
-0.779661440463182
-0.871809364568667
-0.951641691524971
-1.002840290443245
-0.966874211276877
-0.926975350449277
-0.961995501633429
-0.995945653447615
-1.155862064016618
-1.198281587412754
-1.156153498778259
-1.035440096027378
-0.969794377333551
-0.976715737899125
-0.979342497600727
-1.004438171069627
-1.096565543020839
-1.168349721827963
-1.177798189707914
-1.197109661595739
-1.191115873765826
-1.196552761724133
-1.172137102065549
-1.151585204015059
-1.132962006837109
-1.085841189277830
-1.042696986925886
-0.903072674933414
-0.907797087323751
-0.933872420464472
-0.851017628107501
-0.828546056275556
-0.800745613771775
-0.836907428286585
-0.873633188451046
-0.792464838248334
-0.735573403255509
-0.645713304270777
-0.585638893925238
-0.487510663041536
-0.355231106992359
-0.340045851223544
-0.330395468303359
-0.201658063179898
-0.155442866986378
-0.127704363112522
-0.021878106195371
-0.044622927526013
-0.121867047565267
-0.041636126581590
-0.026384651548944
0.004405949918426
-0.035537401381721
-0.031791639260828
-0.012293047806786
-0.095586549664001
-0.136821310788366
-0.129385054260069
-0.263617169602817
-0.323091118998615
-0.353972224638351
-0.285528884551497
-0.214377567931556
-0.156524731710688
-0.122647532232240
-0.091487663313964
-0.157983163879234
-0.288638491082301
-0.255277554564009
-0.331423009051187
-0.390500402892135
-0.297686433875261
-0.316730306145801
-0.422537315718412
-0.482864753237550
-0.459442910935491
-0.425961968226212
-0.467951640607242
-0.526910525253019
-0.664198262398666
-0.800358448600508
-0.836050940506945
-0.891334436336755
-0.884408966941026
-0.933990612580442
-0.939220792548927
-0.904968071144355
-0.948249914919871
-1.020125517088996
-1.068675412524096
-1.086467235006638
-1.094465824412366
-1.130527900026381
-1.108796280711277
-1.049398253875988
-1.011455993867617
-1.002924311398663
-0.914045492986879
-0.889704152807654
-0.852797341236907
-0.818164827421736
-0.886607094606028
-1.078602104671972
-1.147968736319655
-1.074384013744857
-1.075830181429945
-1.067841864327165
-1.075246072526518
-1.222093295257949
-1.296792020478241
-1.251097396909235
-1.121268382981405
-1.058116934643699
-1.059301264867091
-1.046161621690658
-1.074532282364728
-1.147867083368218
-1.234749433382512
-1.200277420969306
-1.141329356519760
-1.146522926748780
-1.130907497437345
-1.172388901638514
-1.165220860960426
-1.139760121499656
-1.131401610921527
-1.061689095844505
-0.931230891238975
-0.961117397439304
-0.960149429923621
-0.809096712376618
-0.813888260013802
-0.898649274127897
-0.987388225499514
-1.023073599633658
-0.863368320922610
-0.768663042616554
-0.729117787686062
-0.669322126423387
-0.551803516490866
-0.459086021699438
-0.389187749554242
-0.398488214312358
-0.336196261747456
-0.159224213444929
-0.140779274209196
-0.090855352346939
-0.120495955189643
-0.141263735537056
-0.096693499966516
-0.057674977833952
0.010970467856808
-0.063291347311720
-0.127484843650691
-0.095234612989484
-0.144028473762635
-0.187086345430004
-0.280699670002352
-0.408264621440557
-0.447211516390484
-0.425485291859264
-0.370864777471937
-0.325670774771508
-0.224158981700281
-0.188971064481470
-0.070620463977355
-0.136815694346937
-0.284867812203075
-0.259081815556306
-0.259438180071075
-0.285374672974892
-0.218989351907089
-0.259492395398967
-0.390664334901983
-0.411877152151175
-0.358167449079969
-0.320605268412965
-0.364921443355590
-0.423959037105779
-0.554294493750492
-0.745094997676833
-0.897021432085410
-0.934982673072971
-0.982122760569888
-1.003336250715814
-0.978271176983453
-1.032134572418026
-1.070508512905949
-1.114200498143864
-1.117915666844480
-1.084589097090646
-1.086562269934931
-1.109748658263601
-1.123134197148635
-1.120783171578035
-1.121283664396414
-1.068373030515201
-0.941103766557410
-0.876040913368675
-0.918901827270877
-0.908505491433309
-0.940049590571963
-1.214129496371606
-1.226436020385659
-1.133736259020244
-1.123309841034912
-1.118929677659754
-1.185302892457348
-1.325540760237998
-1.335810223142487
-1.304760202990351
-1.172146131735230
-1.083259222358123
-1.082015662436914
-1.119613308137401
-1.128793194710674
-1.187240620326440
-1.212923991541318
-1.146950674406038
-1.008180391065187
-0.946183806914579
-0.982463260210391
-1.052498144073160
-1.067797554394964
-1.048572016125917
-1.047619610273527
-0.993980350521910
-0.973005456255425
-0.978947364580620
-0.930138716638042
-0.855194874870694
-0.832755567791688
-0.976492556700483
-1.086017032256815
-1.126704246270458
-0.962428251623317
-0.800509324799822
-0.714334566853916
-0.622371546739446
-0.574704061670298
-0.541249589526117
-0.504111110216469
-0.483730549087258
-0.360380142541011
-0.132375150799317
-0.070379751905342
-0.057386507429108
-0.100707690277295
-0.135749637675971
-0.096439665168887
-0.087115280288704
-0.079624312195697
-0.098991768397694
-0.133358685394179
-0.143497317238883
-0.147417466068420
-0.128866515224094
-0.259467424795791
-0.452138960094944
-0.491298161032362
-0.529419747154620
-0.435988056931353
-0.350542213482254
-0.300278719686770
-0.245135985284895
-0.136310901360270
-0.130521139862358
-0.221006425839141
-0.212867110798765
-0.188050490502812
-0.236298719556606
-0.272754158204678
-0.234626900528493
-0.326700761282120
-0.363075008197266
-0.268300909878119
-0.283607913289786
-0.285522651624866
-0.379199022294995
-0.514017490223578
-0.721717460935169
-0.880572964910205
-0.986585145747186
-1.074426047478515
-1.045006152953822
-1.063812824443712
-1.089495424859346
-1.128544983883495
-1.098333867534393
-1.154644934428537
-1.094130087105702
-1.060668511497900
-1.134582023872065
-1.141335303365303
-1.169614663797863
-1.138285161562105
-1.086586634866607
-1.030271219235358
-0.963143630766104
-0.972268824572053
-0.970953190500933
-1.046077975254384
-1.260594542163776
-1.230658049548723
-1.244120614967420
-1.204741518303629
-1.229127638530945
-1.266178378831404
-1.299208560037140
-1.304459928407262
-1.278911603795776
-1.181725665842792
-1.160608010299925
-1.174202312158067
-1.150340486255508
-1.131505054388570
-1.138533568688847
-1.116802058416946
-0.987546864222650
-0.811043950259492
-0.808951505616445
-0.885094576707304
-0.943719136643356
-1.005038368390114
-1.011095222327747
-1.006338571391982
-1.034781655175770
-0.986714062978351
-1.022898632165615
-1.004701412786355
-0.978380386249386
-0.943465794711616
-0.999053086202051
-1.089202874406886
-1.097244903358584
-0.945306213313021
-0.782722796964992
-0.725032403712033
-0.690334742727279
-0.695997019568643
-0.626354537649457
-0.637715953626280
-0.560750272444385
-0.320404138793236
-0.106820989684456
0.009613441417683
0.045173690678790
-0.033646270092130
-0.074575885401363
-0.101172717436760
-0.094315313389942
-0.111143477672027
-0.131913775525257
-0.126208587392672
-0.215423710607130
-0.257345527344700
-0.269363101010710
-0.366535819267129
-0.465534937089992
-0.526516801371207
-0.554033459223800
-0.557329939162091
-0.488087952476172
-0.411733289101547
-0.375961674162830
-0.291811484293217
-0.271898473276293
-0.240349903078190
-0.175340626148171
-0.203717533026019
-0.238415169897163
-0.273462682777078
-0.290493877954693
-0.282743324251404
-0.296104053411472
-0.251768607171503
-0.339420209433160
-0.344742402391742
-0.461217970256706
-0.569476937981714
-0.695621590056671
-0.802549931674334
-0.977910925082392
-1.134181719218012
-1.151221219500609
-1.139397860116337
-1.141042672433191
-1.115490584965724
-1.115452368975885
-1.210860399740644
-1.204271323386952
-1.132310189528951
-1.190236753640489
-1.160222488998294
-1.163189877173253
-1.159518068506294
-1.111679982832363
-1.094423050768591
-1.015601553391841
-1.033720281672440
-1.075797309714277
-1.174068689226867
-1.198517742580962
-1.194356520925038
-1.246931152681668
-1.232202699156110
-1.270055237581502
-1.219451694628410
-1.217430798994774
-1.253894359605952
-1.257655454315431
-1.218350931985675
-1.167894483072699
-1.120547623939496
-1.089919972611417
-1.118665079746249
-0.998066371291044
-0.911275466753879
-0.755814653294226
-0.698930690989076
-0.781168884923001
-0.883289134270630
-0.925612263384388
-0.953178684405377
-0.960493585139301
-0.946817015018865
-0.995808456170584
-1.003710276175801
-1.041346472565164
-1.025809220682833
-1.016733804116521
-1.051504328815464
-1.055217493405488
-1.068164848038681
-1.024719762227258
-0.897892595838492
-0.784132344917179
-0.780199144452854
-0.851828481739821
-0.866070838044387
-0.747423660471979
-0.663461899609319
-0.512195465739745
-0.339102073332186
-0.185093380273743
-0.010321830214073
0.082469367128457
0.001842527967899
-0.094324409232696
-0.199934571010288
-0.193191824719181
-0.225368232779188
-0.281486481986382
-0.290728395647589
-0.357537518281503
-0.393056889464530
-0.430548158287716
-0.477782650269505
-0.557838359614357
-0.624599598329017
-0.636927150019006
-0.669091009734643
-0.652077642884995
-0.572643277046303
-0.497787336667722
-0.427068003545844
-0.348716076915738
-0.308787458449147
-0.266209716651952
-0.260070442281071
-0.226307998292909
-0.221901731813155
-0.229042054954904
-0.232158893512795
-0.243387845301091
-0.234620920078325
-0.353971259651291
-0.405706868978741
-0.540161842992682
-0.639762772870278
-0.725357717662574
-0.852462391700276
-1.052729743132946
-1.161295276062436
-1.180767135171826
-1.156813620519146
-1.197802328450604
-1.174281572014090
-1.226345212277393
-1.306931314684128
-1.353790064412108
-1.326763709678586
-1.321812578052878
-1.265974026930716
-1.204043238543520
-1.132256068031557
-1.133673473139211
-1.154432451818363
-1.097844236116080
-1.077398220795441
-1.176123574440901
-1.244387824858069
-1.215730886542518
-1.150015183246454
-1.148399515398596
-1.179595909003074
-1.212043162510813
-1.214489738766983
-1.261480121890398
-1.277165704672340
-1.126362044187690
-1.113003695931109
-1.070017405806098
-0.989930148433573
-0.970966359325712
-0.970729472997604
-0.805138783458414
-0.674460605435670
-0.608964512938167
-0.682601737740527
-0.836148643139136
-0.900895157484325
-0.932110813469780
-0.884678677239981
-0.895246034931034
-0.920185447721997
-0.915525625052596
-0.975464084857253
-1.001180798199579
-0.995859279872265
-0.953026644510797
-0.999206479264768
-1.019424422282434
-1.012734294532461
-0.999001447843698
-0.930034705457563
-0.833378298222013
-0.809063384455954
-0.854380038859764
-0.831520726108410
-0.754646396245910
-0.613333562564016
-0.443869074246483
-0.295376540128586
-0.198370443933382
-0.110069776000467
-0.013646533748962
-0.044248731441031
-0.198412854402124
-0.345593476408145
-0.329483851644494
-0.356030641611518
-0.416424430290501
-0.483021719249695
-0.489502530376573
-0.487980464901218
-0.554442691247810
-0.561849050599985
-0.599985264945131
-0.692304463805499
-0.717125781147182
-0.798927837044551
-0.799168003157744
-0.715058276293886
-0.639943023985661
-0.658004594433330
-0.538636190994259
-0.488379823333758
-0.454207357348029
-0.373264869482940
-0.289106441385321
-0.215471552593920
-0.167861709721840
-0.211905441069578
-0.221810405172242
-0.222228222824791
-0.334042636619055
-0.411769107950291
-0.551406384202114
-0.744551392641621
-0.841442765965496
-0.956855451700393
-1.178681494866266
-1.227916668452208
-1.184978558794600
-1.135468463739299
-1.143351252580640
-1.162762504233331
-1.311969141123777
-1.426052951306100
-1.455086995437304
-1.533624474591776
-1.431514129301930
-1.289808869284608
-1.216896359099228
-1.158836123178553
-1.135144966123788
-1.079133939532168
-1.012847000914180
-1.060620950082356
-1.104072499079611
-1.210321111057228
-1.179033390868938
-1.186235124838596
-1.152345085425765
-1.166461223235377
-1.231863048963652
-1.199657854693490
-1.236870171461416
-1.165940287680635
-1.027615275608836
-0.992922637986402
-0.919786918084418
-0.870957306115937
-0.875785518869954
-0.798935435116858
-0.691608257086127
-0.605720838278889
-0.609437283768740
-0.753047811155732
-0.846651700120102
-0.883083546613089
-0.910455628672021
-0.884658193378171
-0.872606362089564
-0.896153066186793
-0.913592296751866
-0.954463752440667
-0.938963824651759
-0.904646352674599
-0.911687529721290
-0.970373805298972
-0.998001116344854
-1.087946537116242
-1.052006830088160
-0.918386838185277
-0.849033365811213
-0.793791829220500
-0.811933976606668
-0.748165329845436
-0.650252925711473
-0.551941291750920
-0.332778343793594
-0.172574605937567
-0.075839279103190
-0.005989097121576
-0.007126868274269
-0.063961321918710
-0.257420516489793
-0.376512320364870
-0.382200499994842
-0.398942825848298
-0.494511709913870
-0.597595207980810
-0.629226110084776
-0.702564842625394
-0.759278346111813
-0.709263616720718
-0.681619472825461
-0.814984272981251
-0.806047667482951
-0.779712891945845
-0.822484238031808
-0.769160965251350
-0.744227603855952
-0.723316209991508
-0.610793863127148
-0.577899567232394
-0.548907267299638
-0.488720407698670
-0.443458342026706
-0.351820127634625
-0.298482593827148
-0.280963796134002
-0.217384776567509
-0.187338912898446
-0.316486059732429
-0.428919288255113
-0.606303788118401
-0.803901229676303
-0.965349898364814
-1.044078181698551
-1.227363692907585
-1.303431842399422
-1.206947201369462
-1.177165408580063
-1.144651049757697
-1.175881968744082
-1.370363919602305
-1.522628196498280
-1.601912091639393
-1.664621680095402
-1.554824564087300
-1.390700748112586
-1.303603240551557
-1.275240225399047
-1.222988010261148
-1.069600568701894
-0.963160468211029
-1.024098279868400
-1.077587865258251
-1.089137520278159
-1.131081457248577
-1.174508958314496
-1.167224841989382
-1.157633311922780
-1.180092514223423
-1.185677588030407
-1.129892150816664
-1.028157711947103
-0.949281060327415
-0.826647319623822
-0.801639645998677
-0.817540282890918
-0.744689718087053
-0.732463358263040
-0.739522837785911
-0.639068326379341
-0.619300772604072
-0.718607123157746
-0.798670735713289
-0.877583758267821
-0.839891760974561
-0.882831049543244
-0.857910025955620
-0.870157067234002
-0.936928222441379
-0.887569371009627
-0.838113199445405
-0.851011049553791
-0.920429164161816
-0.967525937236237
-1.006188516959921
-1.053709934144650
-1.006286029306368
-0.848288782590285
-0.774736635402136
-0.748762874712911
-0.698820483707195
-0.650535418238560
-0.581345118317365
-0.426306394013036
-0.145610969628225
0.011346033595754
0.079135692693689
0.075468058379217
0.086476972655566
0.027996137530607
-0.188742964813516
-0.303294595566539
-0.424423066072760
-0.562391183493971
-0.604680921976602
-0.679369128307046
-0.710984892431435
-0.770647066175853
-0.852190802065855
-0.849363447534684
-0.847025667770400
-0.945558467548089
-0.888052665533800
-0.874339923467833
-0.876478915942319
-0.801988879645535
-0.777256564943269
-0.676713586117588
-0.606958528378689
-0.537621832183743
-0.559184461722095
-0.529072992096842
-0.533033019856230
-0.501120034067447
-0.458960546924029
-0.426602485839408
-0.363299323238405
-0.338467052259281
-0.394219721597312
-0.424674431186644
-0.611967413929856
-0.767284508282794
-0.943470467103776
-1.088698107272507
-1.185645794888772
-1.253799694996289
-1.271483962628212
-1.261401795311918
-1.263486117724161
-1.324518634998309
-1.426053594819926
-1.570974831004657
-1.693426155352153
-1.774038690254023
-1.769853879127232
-1.611808586139169
-1.435543795483316
-1.304805749796453
-1.163296006606569
-1.063202712567196
-0.942479416625720
-0.948126656205043
-1.020781682279309
-1.021132915422782
-1.099303726913687
-1.091294551028256
-1.098134537956999
-1.069745253525480
-1.126762456436123
-1.100312912596437
-1.057420893848912
-0.927566652620091
-0.830962475877761
-0.716296789048415
-0.719902314708891
-0.767222791876591
-0.726712553276420
-0.697208446091511
-0.746760475172307
-0.645527050452809
-0.563069262517494
-0.631095295395221
-0.688895001179243
-0.751593187309960
-0.704318429462038
-0.748438284595783
-0.798443973329538
-0.792052074340319
-0.821440081470662
-0.784471169078428
-0.779053547159321
-0.742371576068266
-0.826839990781351
-0.859897167199312
-0.894808656749575
-0.934653808419686
-0.871140841479191
-0.685483212590743
-0.645310651320935
-0.536371079450784
-0.485701444817728
-0.496169783440035
-0.446147323006155
-0.338032991568973
-0.115179230929464
0.021308912179163
0.076680216195163
0.115079429432235
0.157417004688845
0.091699601706673
-0.082141860713237
-0.274482756039617
-0.528811463372721
-0.689158047387447
-0.679799758189361
-0.686606173792946
-0.764218807148145
-0.828271899388833
-0.861106212593623
-0.921003298718428
-0.899722164609205
-0.912618479970191
-0.923665584195913
-0.960901568291944
-0.988991164478765
-0.906203601665465
-0.802599783497630
-0.669522402220843
-0.582538948859989
-0.545436613400288
-0.560739350800359
-0.552038684216848
-0.515329645101191
-0.504558164612911
-0.522281063164397
-0.500677113835619
-0.500182919504988
-0.500709944657092
-0.498847413334749
-0.513809335100230
-0.626679054073257
-0.768358277621446
-0.923464733733271
-1.020832231900178
-1.145778273716378
-1.263069917253416
-1.283507636302203
-1.321699078527588
-1.390831337781226
-1.555394837282315
-1.620834252497961
-1.703887351565070
-1.782966303965082
-1.887343631600477
-1.863509050620970
-1.712527651188798
-1.515041681724183
-1.266562102690021
-1.084392195864168
-1.063418892307975
-0.992498620888664
-0.998989754462073
-1.034559543628537
-1.058598201481495
-1.090385764977919
-1.120929981632704
-1.068344237430664
-1.070593885320435
-1.023214999505704
-0.962730525713291
-0.936519752246014
-0.852075065878724
-0.765049574220206
-0.688992078205239
-0.585266338580577
-0.694133219818403
-0.774415004154822
-0.800148420110293
-0.807695717879117
-0.720231120768983
-0.651294819771743
-0.655257032668360
-0.667990627869214
-0.671790409528291
-0.697035396547950
-0.734543302729646
-0.754622926279541
-0.742408232947227
-0.713669435921330
-0.683367458895889
-0.689242322804084
-0.699702014528333
-0.727555392506541
-0.696859721650053
-0.767052347820626
-0.785604608514581
-0.676579414434456
-0.533212576553171
-0.403700699488854
-0.328854350967427
-0.345081566822283
-0.337432444949916
-0.293680439727992
-0.191222118992737
0.006426140002186
0.080552355149063
0.049962620604562
0.198986503105493
0.201022669442779
0.092615674168019
-0.061010521545643
-0.247744320405949
-0.515570262072820
-0.620540265512984
-0.680970379584951
-0.717882471024497
-0.762058284712695
-0.775210981647793
-0.790390822620636
-0.856043787927602
-0.873531037619840
-0.857663240245325
-0.911484404524772
-1.012598672877447
-1.041056035480258
-0.990501223528016
-0.796302706613220
-0.658394513901320
-0.630929334851514
-0.658010795919196
-0.621245165915078
-0.581571398216493
-0.566964429371632
-0.555907655280916
-0.545672706743192
-0.518612519193164
-0.515188599420295
-0.608525169122847
-0.610649905754569
-0.615008047989693
-0.696888346095865
-0.872826005614192
-0.989680379118664
-1.054291426177406
-1.180791256283039
-1.281453828728004
-1.307018054506883
-1.446590203082103
-1.584731748175930
-1.696422878617682
-1.753725503250867
-1.870169712673840
-1.961884509038323
-1.962978397096742
-1.935076039646464
-1.817740462058221
-1.564750990976574
-1.328932937109601
-1.184397531029033
-1.046615146687825
-0.992085233318281
-1.033752060625277
-1.056479952275727
-1.042835012559213
-1.102573712736399
-1.113832186937009
-1.001410475956752
-1.015551816164399
-0.946938819316663
-0.886643038407978
-0.885954080871977
-0.831170874074171
-0.769078515148586
-0.663539756683164
-0.602154727777151
-0.716852923327136
-0.774294361250596
-0.802149392042355
-0.729103167463523
-0.689948610570154
-0.710769081451267
-0.719789826483375
-0.720909438974685
-0.662429111027607
-0.644426608473403
-0.686885087852727
-0.703799320282441
-0.708316235611293
-0.688332301102759
-0.638792370022055
-0.655886510778910
-0.590311223702384
-0.566883204557817
-0.577891745936700
-0.631160415419808
-0.629026747233411
-0.588527047691064
-0.454932725111242
-0.312569074661913
-0.184235612659096
-0.201635276751034
-0.230532289829402
-0.129439863401127
0.033183152544501
0.168285083144297
0.197146574106293
0.123114949785769
0.115630040089872
0.035970170533527
-0.101116624193157
-0.226199042261020
-0.388777216209593
-0.572734219821392
-0.612722613345700
-0.623661888612930
-0.678796368952988
-0.687562335768210
-0.718527229290829
-0.748192954500810
-0.773100221416897
-0.853915033331735
-0.866028568092558
-0.898675121709836
-0.945990725064982
-0.948052337272851
-0.889464154980932
-0.720145005966591
-0.638277565661114
-0.651154362222563
-0.650225356329714
-0.588530251295073
-0.555326129714509
-0.574017424074418
-0.500565161285068
-0.502923339051113
-0.506428213920828
-0.560420383241081
-0.647960937125023
-0.726757798437082
-0.766734496308126
-0.865352832891565
-1.004290856069347
-1.117105170972737
-1.139408225611267
-1.293139250737878
-1.428529185828039
-1.473286903410105
-1.557865606869874
-1.719256833324027
-1.852683276014600
-1.957290770239738
-2.047869992638831
-2.163622366473561
-2.128529764293373
-2.060194438602344
-1.912927425741165
-1.631203604944860
-1.432574477318308
-1.288977119900468
-1.140817050652469
-1.031799531788374
-1.016515553030824
-1.031835887743076
-1.028486776833358
-1.046206727398321
-0.977114825912437
-0.913417499187051
-0.944009754580048
-0.904360686788824
-0.832255362111308
-0.786588098034787
-0.752685405925476
-0.703280414199650
-0.641604593908993
-0.639132061717159
-0.678061714912784
-0.720408010046164
-0.750701730020053
-0.683634123791450
-0.645479041840783
-0.675298781744376
-0.686054643624713
-0.702078395556645
-0.643543222999648
-0.548597513813875
-0.559746663158596
-0.583715169256082
-0.571493086692164
-0.595090686340870
-0.560795894429008
-0.496854773079328
-0.399192840579794
-0.436343403258382
-0.519662163393554
-0.528843052622636
-0.576914574570358
-0.501049455523209
-0.409826199656176
-0.259079763179285
-0.120638584456823
-0.164330624171397
-0.154746101892909
0.001609011224579
0.163115626335023
0.206803470909724
0.195899446857022
0.251229527364012
0.170596027157836
-0.024642964470648
-0.216742435865310
-0.343157121820365
-0.429779978642792
-0.593856465384121
-0.622565015538344
-0.541294898222031
-0.590947977442971
-0.631812398378724
-0.658830300585838
-0.719262749070191
-0.765157843048259
-0.804698553390743
-0.811767496916487
-0.882337378379140
-0.861047159818137
-0.818198920599431
-0.742396231535883
-0.649738909636051
-0.586787515994176
-0.611861936815837
-0.550578591216119
-0.552647901955758
-0.581842012762276
-0.518367197894977
-0.468749183576226
-0.495811172134016
-0.567791832657320
-0.579018921647243
-0.725559419800809
-0.793488515711716
-0.866596867085195
-0.986596897379030
-1.067575988733460
-1.134004757858704
-1.204444970041497
-1.337915034036676
-1.468188622587482
-1.494063637373698
-1.635189218533619
-1.798226741305306
-1.990001962690666
-2.099609364753787
-2.167604201106488
-2.289332379627781
-2.236103109876657
-2.173424347737188
-2.014365975851264
-1.762134385068854
-1.576571737233175
-1.436587444862107
-1.303217662006482
-1.159373370014796
-1.083525990409668
-1.083477685777073
-1.080438011104426
-1.056815432911575
-0.982184711443839
-0.896536897306991
-0.925812213172752
-0.865774693655776
-0.801541296411705
-0.726834391730333
-0.723949645850851
-0.648368127732272
-0.651639793338275
-0.726273408519363
-0.680757349051725
-0.634842725192567
-0.637308350529298
-0.583926593463557
-0.533738319661360
-0.557263102248796
-0.562651195419402
-0.643727727745791
-0.618030869776730
-0.507346119597537
-0.457860611971564
-0.421135075858884
-0.465606919355858
-0.494827883248966
-0.370247240725564
-0.294030296598472
-0.284557481067070
-0.358152909565158
-0.414613540134167
-0.420931433133387
-0.480752763975494
-0.422722839417271
-0.351015592362885
-0.207251847740318
-0.076735817444621
-0.066130217719985
0.003269944942132
0.091022488973661
0.184618924664141
0.291463367740254
0.231583493121700
0.235303018819321
0.133567656887712
-0.012886522694921
-0.171003780468967
-0.280562647707589
-0.390620411807019
-0.518093338950955
-0.554543642500247
-0.515016179495015
-0.518609178717891
-0.561615546704073
-0.635923834468914
-0.681910652199476
-0.714296841400941
-0.786190939932879
-0.755547404163516
-0.776649197901318
-0.751326325870183
-0.676933971452447
-0.649600411519303
-0.626677905075377
-0.579791827383960
-0.593926807355823
-0.550122136672899
-0.457942564388636
-0.505970222038799
-0.448319694130417
-0.446869498050434
-0.466137216396510
-0.535796785251283
-0.602215002002380
-0.708379498949013
-0.862743505297503
-0.928108383192041
-1.044517034034941
-1.109378655427402
-1.201708443921379
-1.284818535447870
-1.350886059294037
-1.459630710388777
-1.507579613634976
-1.677562467247450
-1.868415353178921
-2.015029543931028
-2.150742664966942
-2.223729712048173
-2.293021728134482
-2.284058039766372
-2.265885848670684
-2.185376452001122
-1.981994944215285
-1.774218961248373
-1.547444930571010
-1.408735410932668
-1.282460197855877
-1.217138702143032
-1.145239839111795
-1.083584078971297
-1.090647915836440
-1.050761660921166
-0.964054610314490
-0.885146173472018
-0.830135732619727
-0.718177656330158
-0.662532578167548
-0.688936133070177
-0.678335023280002
-0.638850985178627
-0.640103902250177
-0.585969829307771
-0.562650530529039
-0.442459747945659
-0.379407655492955
-0.401282870332383
-0.412266421497200
-0.498030156032124
-0.554654791482006
-0.556722801741699
-0.514320044199265
-0.463585998545225
-0.428043152330851
-0.429487606599845
-0.376627829472534
-0.257208773204722
-0.186750526662171
-0.190303311756187
-0.217645437021026
-0.275288582152102
-0.274664165805321
-0.303678680583036
-0.269944432652518
-0.162653690656427
-0.130464397440272
-0.109979548563253
-0.035140765011046
0.121969470578232
0.212358461083322
0.204616599794988
0.287057840022764
0.246420850602308
0.121684775566206
0.027885777146462
-0.055035833731483
-0.158624719570903
-0.249641930497359
-0.409885924754858
-0.457331577316708
-0.434786967150852
-0.452037533358537
-0.477177908268128
-0.469345341547037
-0.575632682251771
-0.602064081333012
-0.705843700555183
-0.746669486443710
-0.748635339087493
-0.686634013889449
-0.653193079131774
-0.601338853286465
-0.532441916616844
-0.590597951631183
-0.582895976339493
-0.608878668437172
-0.594651739204206
-0.492448760906397
-0.435875097823085
-0.431799444658849
-0.444717875177081
-0.415866324696779
-0.437937152014796
-0.552872809192239
-0.664473788552515
-0.835821702542564
-0.924517417187904
-1.076259555640893
-1.153693179983293
-1.269647017984759
-1.368655204503555
-1.421634352198793
-1.525993688711639
-1.606393477426202
-1.785934473363874
-1.911839234855872
-2.026976781674416
-2.209766746847404
-2.267706310871063
-2.240795981623088
-2.267728160230891
-2.272095781039457
-2.238459233672048
-2.126575298050814
-1.891563401778914
-1.668076701834045
-1.498472734956412
-1.469899235702865
-1.405455179747304
-1.217575107970102
-1.144791440739724
-1.093606508349161
-1.036270468099287
-0.942047352245881
-0.767169878639683
-0.677245650922249
-0.617525147032543
-0.637699613068783
-0.646282449875195
-0.622661321231891
-0.572109641287323
-0.508571702347517
-0.502567274312666
-0.503164087176497
-0.302516410989179
-0.174835815489439
-0.153922498407145
-0.180996096030380
-0.326142257008586
-0.516810727858757
-0.534244568448263
-0.524073869159202
-0.489369368660833
-0.406573631873618
-0.377843512618312
-0.233990440518379
-0.162627949232199
-0.140030089164883
-0.079407055533509
-0.109807891365414
-0.187403978429672
-0.135080136302329
-0.126558154456850
-0.071002848872556
-0.037478902780252
-0.100274431527259
-0.167120671729794
-0.089156741593524
0.089166474952004
0.173329910883413
0.173406196739136
0.146634462073262
0.127840178947428
0.039079826644891
-0.019407369333285
-0.076853512636087
-0.132542691794298
-0.191259800880670
-0.328317360602590
-0.389578970630532
-0.345116967579880
-0.332688438093508
-0.292513974122437
-0.354380976534053
-0.410910325041220
-0.509809414290203
-0.610505678129939
-0.678958209863992
-0.678529406814277
-0.594528563930362
-0.547224891123886
-0.534404969320914
-0.522382877232250
-0.570579395686464
-0.583686168842600
-0.622794129233733
-0.638374979205463
-0.597954037913769
-0.559233857471409
-0.539735151401960
-0.486631506882663
-0.396656725802376
-0.433812326132620
-0.564941676370840
-0.642758034693491
-0.831563470097855
-0.989017671152379
-1.081079757518749
-1.148876659448549
-1.316181054801643
-1.459737316566314
-1.535142756547994
-1.652124035516462
-1.807761196309650
-1.863901873708447
-2.019045241450575
-2.114493338178896
-2.277028011516746
-2.280436172928151
-2.280703542728032
-2.299665241145115
-2.279742910153983
-2.299978430583631
-2.231611976747175
-2.000268363725054
-1.755986431789751
-1.623329459739256
-1.558421081471513
-1.539558731325181
-1.385309147048413
-1.189489342916483
-1.278425615971119
-1.067414080888606
-0.884394818390817
-0.754220848165449
-0.620248054521656
-0.556073181704297
-0.567665667720530
-0.612594621490321
-0.559544887575577
-0.431917365117056
-0.381547439830577
-0.396282564625254
-0.337184238880761
-0.171752798544303
-0.017072430130714
-0.010032133216185
-0.098687366464103
-0.237592659540603
-0.450281000759287
-0.474320437911139
-0.510568095957137
-0.462371117839259
-0.349532122758858
-0.339809227665104
-0.219255424567290
-0.126844345322462
-0.057869259017715
-0.059257505785926
-0.056420546185462
-0.084016920284957
-0.075979267305472
-0.044610369231074
-0.019309231687322
-0.017391607159682
-0.121927230474650
-0.176383228085805
-0.109855463018140
0.015328581952010
0.167130544638663
0.186616251414308
0.155483497723456
0.085721331653770
0.069236327139324
0.007191713187238
-0.027734084444213
-0.113695635295108
-0.159821709357026
-0.250897457246296
-0.328060715574297
-0.236533776163231
-0.134779315866779
-0.149490204334003
-0.227740372525069
-0.326317458822969
-0.336572079275818
-0.446369593003785
-0.604644932266904
-0.536628237236859
-0.475525937344723
-0.393869295955768
-0.451168156445158
-0.505378295858373
-0.628606336576818
-0.678646474082434
-0.693964895843978
-0.706624175387241
-0.686125777235282
-0.675006012253222
-0.644797162356717
-0.586133069147082
-0.507522991871707
-0.522026581510756
-0.601104799215692
-0.645586072835204
-0.857524483943931
-1.049484305111443
-1.138178271935618
-1.262742579682963
-1.371889748969271
-1.498437778977838
-1.649867885043762
-1.763869896965983
-1.890564774407352
-1.929916456228749
-2.103921512144656
-2.206021635714215
-2.345942965644300
-2.334436383324528
-2.364331662049198
-2.426503898597310
-2.391224090285084
-2.336724786422148
-2.294142193918761
-2.150436667471080
-1.892319131643284
-1.744964627610601
-1.709953178232603
-1.655733328478863
-1.559338171795062
-1.398340412019429
-1.407020599540015
-1.196052218257595
-1.022619129775894
-0.824210835677835
-0.628776011267014
-0.557961170224319
-0.522470520696991
-0.533274384212212
-0.467319578463479
-0.363798633786035
-0.319259541956235
-0.277120403643727
-0.256604040338643
-0.177397476200619
-0.075044412376562
-0.050849035242757
-0.098475678262094
-0.195400876116915
-0.297657144156518
-0.327784934692002
-0.376385924387106
-0.362020854874157
-0.303197796547221
-0.246409427517597
-0.120061326059439
-0.089450772838482
-0.055918511962524
-0.059521195282021
-0.077430749277131
-0.126558975394533
-0.065723023199749
-0.031695173576352
0.021096262422453
-0.032087941511062
-0.089797205815648
-0.110958557748233
-0.113664401858056
-0.025605690041534
0.108304084363158
0.181172302342539
0.160683571577636
0.097582239281570
0.087080126339844
0.092542881030040
0.082510538852329
0.047977088615937
-0.061968652006750
-0.114005026616745
-0.156132593837053
-0.135418428389113
-0.080479204704383
-0.117668945346793
-0.175089646957689
-0.246743490404806
-0.230040287482893
-0.304110068197624
-0.403657656814647
-0.389777428217107
-0.335123263937749
-0.278039170163078
-0.393069482564557
-0.535409202378283
-0.685029284036264
-0.703236485755699
-0.785671624886494
-0.754933260650252
-0.745047037638276
-0.698084640342258
-0.609196696653109
-0.496802723847281
-0.429041524699595
-0.482161544925416
-0.560945996103290
-0.685910398999349
-0.859724326363393
-1.092346622454564
-1.235953504933159
-1.353042130188095
-1.461934426244914
-1.547394494148197
-1.709706319650636
-1.827478522477326
-1.935637289221815
-2.098716620625186
-2.153842082045553
-2.223830943003780
-2.356451524487875
-2.401248478663176
-2.389958259569279
-2.451125268857072
-2.487008446996435
-2.434258932693212
-2.401679788212449
-2.319567556349305
-2.114082183054255
-1.945311977908478
-1.826333322385848
-1.700913781923503
-1.589376906965597
-1.522953588772970
-1.479026762400801
-1.311987024853835
-1.139028828971195
-0.872612605618738
-0.615276526764769
-0.510653604986176
-0.472927951208303
-0.380337439190562
-0.274274621180400
-0.262832595476547
-0.225743848476102
-0.165363629448254
-0.248038758957382
-0.224198466206929
-0.077409950045919
-0.048191633405240
-0.053932561927073
-0.138832540420055
-0.106771037284425
-0.031202515658518
-0.107431387380196
-0.146675077094852
-0.150844159323650
-0.096376889252057
-0.104663122365727
-0.111466263247551
-0.080216822284174
-0.067136285029823
-0.137934183584235
-0.119442652895207
-0.082412376494483
-0.073589649236850
-0.053272401632496
-0.074478542782836
-0.071048774297848
-0.109776204820442
-0.086868772062755
-0.047210299691505
0.073005844856828
0.078684652190345
0.158104789335042
0.150445282887701
0.156138648456146
0.253122503448718
0.302611812684932
0.209430504932786
0.082644330091560
0.102520203834482
0.085348328351874
-0.000387514775440
-0.025753751083822
-0.057619304549806
-0.157822040279687
-0.195593226092471
-0.237689249263892
-0.235432802232588
-0.244683755787608
-0.247659189053906
-0.247098994219159
-0.251159749189467
-0.359660060758645
-0.489245141134704
-0.687477918383518
-0.833646270542910
-0.865233892897729
-0.799370039609401
-0.746589574027205
-0.642804481835927
-0.571337380016716
-0.469921689282413
-0.411063258130540
-0.437463140043722
-0.569094014361336
-0.770712660714926
-0.963226633360981
-1.159951479557979
-1.300079883827656
-1.414477262037109
-1.567303916598662
-1.705240266238239
-1.846870060872265
-1.928859383511533
-1.958489891810924
-2.130973061548559
-2.262746261475450
-2.283480356785363
-2.375439858474178
-2.408955106496342
-2.419792209718195
-2.423793128867368
-2.477917747145078
-2.545881138888705
-2.498378210927812
-2.412521476762197
-2.254597527730292
-2.133271255368478
-1.968581418172322
-1.834982954225998
-1.678831271824923
-1.590082293541879
-1.466568047184711
-1.237103296786961
-1.113252536550635
-0.844569775589786
-0.549517372886392
-0.420226040069939
-0.354734835530657
-0.291313119187448
-0.231255031724497
-0.201194650957645
-0.182618104553289
-0.143545549908315
-0.176531510398438
-0.147644054173677
-0.062617214672137
-0.019822531392107
-0.054668054531220
-0.075074866331475
-0.041366172783469
0.101599876491535
0.123499745857906
0.057240872198435
-0.024317095568120
-0.042753774969502
-0.043717053173724
0.005321412981163
-0.000616781179025
-0.021654613667709
-0.023708891262915
-0.000867981200253
-0.077633276162101
-0.040374198903304
0.025090207714960
-0.008187499245340
-0.031002808050433
-0.076037171585520
-0.024395572344855
0.061289050208447
0.122229384289485
0.177911065225662
0.269968776577601
0.301935369267898
0.270153039452381
0.320333224574589
0.349204716942030
0.284730919000555
0.248433297817546
0.276038680639853
0.239878747033648
0.109528740269509
-0.018093015316136
-0.007750111140710
-0.048502440085608
-0.163554865924121
-0.219684544649905
-0.211910268406585
-0.209726404218201
-0.146833645568178
-0.198402268980634
-0.210725700800800
-0.302861343245604
-0.521288120377061
-0.672765785841274
-0.770127836355750
-0.800349350887930
-0.817072040110487
-0.774929450681588
-0.648114936803445
-0.613312305717031
-0.547705851095832
-0.449717312918504
-0.512847202645400
-0.695353090154395
-0.872940810485166
-1.084281660743296
-1.216906905593372
-1.351581907332489
-1.494677948148266
-1.690842877898624
-1.883999696678843
-2.055383902955069
-2.127994897435192
-2.118303537642919
-2.188422836791248
-2.289715336256554
-2.272512032834325
-2.355317192340576
-2.443060460002778
-2.526630360186601
-2.479148015639433
-2.488657378733387
-2.524044436814941
-2.497935832842395
-2.446939357096927
-2.349050721476385
-2.216891244281992
-2.047438542663661
-1.935983459079942
-1.824093317651457
-1.664394470561764
-1.547987211666105
-1.273308336074707
-1.067015801153806
-0.824578563190402
-0.577273277017949
-0.404785784472013
-0.263573361878771
-0.206972472008837
-0.176054145129030
-0.124360848243863
-0.138352009793050
-0.165303546788068
-0.159393522554437
-0.173456805458586
-0.092801166399562
-0.089605328625580
-0.121338607208851
-0.089576026177870
-0.005881357913622
0.135534964923395
0.210932917741357
0.220690937266478
0.126217192418582
0.135750089435968
0.114171338737602
0.079219778578299
0.140056562246334
0.074503645101048
0.066362799927259
0.046054622911445
-0.006932862904877
0.033320790205818
0.144307414498736
0.145480935825491
0.071885671272248
0.063573622788939
0.071075398965642
0.175106909976055
0.284518887914237
0.268241260807776
0.321928484613403
0.318709045098661
0.310565223162621
0.306145366901993
0.366751188139312
0.286896945063859
0.275682110896035
0.372718125023369
0.356566215695037
0.239123845088313
0.147867241381022
0.135556610542453
0.049569816582925
-0.132393924341402
-0.169608789558278
-0.110597131067828
-0.078509793181762
-0.036019900936276
-0.149688029038464
-0.179224827005023
-0.287426358884866
-0.520999609595670
-0.647218897114909
-0.672448550863538
-0.684275080186869
-0.799920033462773
-0.797972265849202
-0.719103721218926
-0.715191894025619
-0.650509109512321
-0.605856609400968
-0.639557753435936
-0.758043904864622
-0.943710071176188
-1.160681058824612
-1.376533701734960
-1.523983319013702
-1.627804147978246
-1.810229928725221
-2.015568524331794
-2.077527740577608
-2.138538922568324
-2.207498277729189
-2.264737065013322
-2.340128602146565
-2.373400998305210
-2.509299361625657
-2.603599026866139
-2.598823299764756
-2.565327700566853
-2.516710820927059
-2.520640967457156
-2.475814667896834
-2.469667167749699
-2.413537297584127
-2.281540997409247
-2.118367147068473
-2.005948499927529
-1.901717006350180
-1.779739681063865
-1.566488043393721
-1.339854956613683
-1.102889113574251
-0.849175888519550
-0.583405577849195
-0.380039408010385
-0.189620216069976
-0.139146287599895
-0.082945016203114
-0.045030951794110
-0.124140008738451
-0.158644370618507
-0.188620373939541
-0.160260537971553
-0.126553549828011
-0.120627319306879
-0.120907110323169
-0.091266834848049
0.057694540499365
0.220546906037978
0.263758921879276
0.237310733452116
0.207089694823646
0.292947370196694
0.252272954709250
0.259584883834289
0.286648334988849
0.206852382106720
0.194646060375052
0.103466212527614
0.067118651043682
0.133659647641781
0.166427987137209
0.207360591281415
0.221951688374616
0.273995934469717
0.251168351787149
0.316193475927496
0.350808400222390
0.318236155513784
0.306536018587961
0.316909141231219
0.342351066077087
0.409559222634355
0.420920683312207
0.347424856145288
0.303835810242422
0.375539674793765
0.456183532583266
0.388245263844420
0.321988563662496
0.272102948249375
0.073891919552068
-0.016066748129344
0.002344160640055
-0.015052078749563
-0.015647167555394
-0.021056371558054
-0.121009302801820
-0.212216013749755
-0.297221826835437
-0.446755351800326
-0.581004323962200
-0.572265395744870
-0.586486232376242
-0.670417250438367
-0.797460691765113
-0.754633990580275
-0.792645218731400
-0.757747149041168
-0.726121579186174
-0.757299311801531
-0.878749183846925
-1.092970346157776
-1.320936512600325
-1.522718191243378
-1.685877278017726
-1.812828110693079
-1.878673583449588
-2.008475111165683
-2.075801987550473
-2.138380075010679
-2.237465428582495
-2.303806370692151
-2.345201347488972
-2.423141467282795
-2.516213533126206
-2.595639400074424
-2.604372813887373
-2.594283815138298
-2.546559813559245
-2.494565448108206
-2.501068456838127
-2.448832552366325
-2.349513786520408
-2.185767573142665
-2.122563234908367
-2.032992186950393
-1.939448043464737
-1.737415835315840
-1.416362899031188
-1.247324311650476
-1.034078117014775
-0.814315551969312
-0.569636854689468
-0.352741832933426
-0.201761074981563
-0.163808433435604
-0.143077185030453
-0.057689450781908
-0.095069567834786
-0.176185866550226
-0.271703105931130
-0.202717929794911
-0.144892785626878
-0.156092121174425
-0.172133657634205
-0.125503278436011
-0.009128511668998
0.188862210593269
0.289373213883876
0.278504372443468
0.289891520818925
0.275030531835686
0.280526933355084
0.326377825802820
0.323910697527902
0.270340759907926
0.205357239361708
0.077774180329620
0.061556143864111
0.128740419744575
0.196338949796857
0.219688929694087
0.287194446172012
0.355462203180201
0.371535589366043
0.371029304783154
0.356942652135898
0.278565034338198
0.269278244266350
0.274929102671905
0.335331897283078
0.393889062229341
0.442461645061238
0.455331260810207
0.364497769447917
0.397737561713247
0.421085847997834
0.375963481315885
0.367110255097088
0.296406994155901
0.195912734611960
0.105084762679191
0.079235002005918
0.080293643170557
0.017068561402912
-0.070855583811436
-0.103768897534627
-0.124542176416898
-0.254080285943635
-0.351891949127309
-0.433465002878146
-0.463935135952983
-0.489610294866619
-0.586223859232632
-0.645401493305367
-0.650539737612552
-0.708338946516806
-0.698818884398333
-0.815190322518562
-0.934277040775079
-1.071724970017846
-1.256941386895747
-1.504410174249606
-1.705074164439232
-1.792424173740350
-1.870865899359782
-1.934462525098761
-2.013459018701420
-2.089498785445559
-2.191369097215008
-2.264873780757331
-2.315289163039584
-2.320296313316072
-2.384050404824575
-2.471123983527740
-2.496767990695727
-2.507964873730837
-2.494840973219747
-2.523056763145344
-2.468567864798425
-2.461306105384632
-2.379753177422597
-2.246096451527682
-2.121065280780533
-2.084021703533305
-1.910938523756010
-1.796863411051183
-1.632546478855192
-1.220210367956755
-1.054983643669554
-0.836501525775196
-0.628068591347398
-0.499808170649545
-0.365325662254118
-0.229989200520580
-0.207291621688022
-0.244853130890495
-0.129134939754725
-0.131099915084973
-0.220072705915012
-0.273554640968893
-0.208247577639933
-0.192136555798741
-0.280286569005186
-0.313515950898692
-0.203334733615196
-0.086404852094207
0.088809607478553
0.233698780447068
0.288895607741310
0.260981291591915
0.216905809983126
0.257178679372136
0.245422094975144
0.229741908664363
0.246846057591787
0.148253805121345
0.058038394656027
0.088281483736715
0.151619422004555
0.200227480354417
0.219697435459291
0.258719834418296
0.357547330540211
0.407766955704907
0.470369649092370
0.400266072827767
0.301935901508311
0.222459995593558
0.237407756017240
0.331939720709233
0.432363853202276
0.463659462658535
0.445841600382871
0.400782818709906
0.384035584137454
0.362644692482861
0.327226067254727
0.326224822284884
0.326056827816550
0.237235238360584
0.179022070050380
0.208786981156333
0.217750889064439
0.150435530208953
0.007080380764584
-0.003686523218833
-0.055124267254459
-0.135043267547912
-0.200889691609126
-0.272948996599407
-0.427061624302530
-0.475209545426053
-0.500643456105135
-0.498530553596345
-0.552219693536363
-0.581187559565560
-0.674968521456850
-0.873710620721663
-1.011353470046794
-1.144399756555630
-1.328366754776475
-1.521684623921445
-1.750942601401613
-1.853862010420938
-1.866221543556503
-1.972198398874808
-2.005387244322294
-2.087215306253134
-2.187896538524675
-2.276846581362641
-2.319631625878114
-2.291324623746659
-2.327695699031980
-2.467691293265983
-2.424093707552463
-2.409421460654813
-2.348174238210428
-2.359579955243931
-2.332871493428107
-2.404683192595332
-2.316303514637603
-2.205200097045157
-2.083221401529986
-1.936632617106218
-1.790872075598712
-1.680113117904382
-1.468697368717332
-1.091917814304768
-0.866295440836164
-0.680789945284541
-0.518641224278791
-0.419373982510899
-0.384169550148845
-0.269884449628847
-0.189468155299852
-0.212663951073863
-0.161233512050380
-0.197172458642080
-0.296911211544306
-0.273355031933863
-0.213887721276513
-0.225976270876177
-0.309880300671400
-0.291887976911150
-0.262596518082713
-0.130601157013363
-0.044414238177761
0.118939761600812
0.207685711683148
0.224186765208637
0.192252922174546
0.186001794734631
0.152879593341112
0.163176347476649
0.152506623371349
0.145022546358382
0.057352870104014
0.115515611978324
0.230023029426647
0.284532318211824
0.311660222576188
0.311826913433154
0.350677008042771
0.449664277173581
0.496040409090184
0.426163468717353
0.293257844189519
0.267932203203168
0.322552175520324
0.409294666543703
0.474947559200326
0.477980909910131
0.411635758382308
0.365405931128196
0.356876726270562
0.354795489183788
0.346528938959281
0.319417111739599
0.295767686380764
0.233923572215290
0.224988567409808
0.246146600481569
0.231657139176921
0.173718832460503
0.081064093439381
-0.030651394471994
-0.085831409517726
-0.027744900716296
-0.092099158715516
-0.201724938945541
-0.376912633473906
-0.384523772864176
-0.382457686593047
-0.367122007717721
-0.452436420760160
-0.566181693546740
-0.737675071636435
-0.894748168583102
-0.995737523988623
-1.136675175557128
-1.314824083472211
-1.488591769543946
-1.624757490370165
-1.723561198199418
-1.784031359771161
-1.978022666367608
-1.999532882804004
-2.013887177335710
-2.100592673622013
-2.200181118914745
-2.214630070433970
-2.288906995315319
-2.329861156969832
-2.374034473128028
-2.391350330413358
-2.331240792605400
-2.240300909689080
-2.170814625534626
-2.169716726432571
-2.273743101981242
-2.274480367631953
-2.198446100615044
-2.058928483594069
-1.865828278625763
-1.666702534470988
-1.491316600580806
-1.284945766059049
-0.944404109258949
-0.721969050850050
-0.534753263762096
-0.398490943589933
-0.301483769813889
-0.314934219469762
-0.219430092111855
-0.195866975150644
-0.214496164399134
-0.194310209842681
-0.236684799701315
-0.282854774232396
-0.211297214530982
-0.237368108742487
-0.260344869081988
-0.370351417542914
-0.329279152362163
-0.300981866286655
-0.276588581781871
-0.195071795940396
-0.069068522243774
0.086350482152268
0.166010879733310
0.159195088974374
0.137314048687345
0.100513949189880
0.093871604898846
0.144053425240159
0.158961886321373
0.135124051233966
0.186509240115633
0.253509686288652
0.296416642582941
0.329353177607011
0.329285771100247
0.338488502352916
0.435034562329377
0.502487610737798
0.423487943500163
0.317339936488374
0.339456108059165
0.382671159972781
0.484569355700010
0.446729533521920
0.410864236523501
0.408376131637911
0.416418516359211
0.357159049140558
0.328269688346376
0.336483125084105
0.341286449140259
0.257598920806229
0.188802455502788
0.197783502251709
0.305686969696606
0.271723691599642
0.232307486423816
0.226606886175089
0.106820119952084
-0.004495124226039
-0.022777578259248
-0.104558661712695
-0.237428464256080
-0.287440487864935
-0.312089484154807
-0.326009339149736
-0.390690480554060
-0.436388562354881
-0.604159315989206
-0.766326742599017
-0.913829537136627
-1.019340115675682
-1.116746360839319
-1.298622214541384
-1.432957464151946
-1.543146529438661
-1.553076120233076
-1.669174867874879
-1.893817404118673
-1.950107749433285
-1.992624007031163
-2.073788404982656
-2.092909834202842
-2.170383682553902
-2.283726886651797
-2.393758811441063
-2.324388672512272
-2.305455298038475
-2.225687014294262
-2.108627130567922
-2.021114799511571
-1.981508635523706
-2.020567243446974
-2.072425354162018
-2.104687205080244
-2.037932118201470
-1.817038440613841
-1.570619828800699
-1.362237454538226
-1.159224418506821
-0.739752746283865
-0.530150848526620
-0.401014435137833
-0.279866027667532
-0.245467973637154
-0.293000175376557
-0.247249478704440
-0.218972703860249
-0.262647324180722
-0.202220614073661
-0.175979650322753
-0.189947734496180
-0.185538235110404
-0.302742416609708
-0.378632355199874
-0.428405659364486
-0.416211027052831
-0.401578901418936
-0.438490485342610
-0.370432436111904
-0.271797555664465
-0.144050325909077
0.002009527163280
0.042167955018979
0.083152087484715
0.118405283941384
0.134381965372598
0.159561334820603
0.235460656646785
0.229290226839730
0.249472689816659
0.208136288890924
0.253710904571330
0.340712936719052
0.325052948628056
0.385040767769022
0.472968629345832
0.536355700890452
0.422730798640498
0.358725138163732
0.404645768959542
0.449865398656907
0.516383873195363
0.479549470485907
0.445425403083963
0.530243367946052
0.524056723995665
0.437592019680332
0.374506558243773
0.338492182517083
0.316200584233878
0.214169988106172
0.169685776459453
0.215243035512040
0.296404432747160
0.300808588463346
0.284764454875698
0.244734501120225
0.222094620971448
0.160878360264350
0.054868904246964
-0.034292540911805
-0.208481991758208
-0.287975866590352
-0.311466430721315
-0.346729859792406
-0.439524383224266
-0.498512203965646
-0.618897556871713
-0.842537977506068
-0.950133621630246
-0.994562448973497
-1.099726563488438
-1.263949103440519
-1.384111176460223
-1.459896579383384
-1.445365062478430
-1.583566158506578
-1.776062757651910
-1.895531092072614
-1.994237901925561
-2.067885633647686
-2.098347835436229
-2.143183705017718
-2.284789021494990
-2.352409809626053
-2.318470272208384
-2.227883110548912
-2.160071211889323
-2.086435609538034
-2.021545042616703
-1.929997556467546
-1.876966423783861
-1.895896014525174
-1.894888633010649
-1.851210916247113
-1.633907165764680
-1.453794891098815
-1.235645986166763
-1.002794025837998
-0.512570948248131
-0.279912035341379
-0.202417823450010
-0.135428753748897
-0.192528759007677
-0.255209202526280
-0.210519386514296
-0.229156395512843
-0.188540694563412
-0.183548169736217
-0.199681939087794
-0.171438540373751
-0.227954831194253
-0.383449232588777
-0.475783540838483
-0.552984129263296
-0.446792430951212
-0.482640114803483
-0.536383152863956
-0.535617823049590
-0.455173066012609
-0.364076591779035
-0.208782219411014
-0.087915170433831
-0.015187199443400
0.086048338162369
0.119654149247615
0.119510673315341
0.217352380981975
0.316142333415467
0.294378039099071
0.213469515416671
0.310726856948668
0.344294177779969
0.333018836996824
0.346422539141253
0.504617168223162
0.535946308616950
0.525692181165292
0.462044830171175
0.452801714160938
0.583446636770320
0.614597212403045
0.503399718594327
0.495952595686240
0.568656968754855
0.553443171626662
0.479885297884904
0.419464473384432
0.329633550026014
0.284301194931786
0.241611203414168
0.171039736480248
0.211548270686323
0.253316208678946
0.341878068873766
0.320532489860620
0.257230840647899
0.265865208199723
0.256969308432230
0.190016098989889
0.034302473217269
-0.189522152024880
-0.323459982985972
-0.357469625227147
-0.400164295079482
-0.432825003561880
-0.522253782610214
-0.650518145884229
-0.802828018351027
-0.953983926002589
-0.971350401600553
-1.066758104698797
-1.154458250721552
-1.310372942675677
-1.340599439233240
-1.375535600687195
-1.534903292681657
-1.732228805847905
-1.845105096355923
-1.961875878724009
-2.020390879290763
-2.083502643160052
-2.187262301542029
-2.270814120174971
-2.272767792887236
-2.193588613815615
-2.092379219677377
-2.132026980683555
-2.064947709388330
-1.958515408275024
-1.881531717689931
-1.725779354140592
-1.684925256640799
-1.640524086125888
-1.535717617529462
-1.339619537245940
-1.159062225776210
-0.929864088800362
-0.744701144191276
-0.384390505103143
-0.186872456975802
-0.106727916059827
-0.076383020195326
-0.073290190761148
-0.172189571204031
-0.208764384391846
-0.226573424422737
-0.209516963802204
-0.266432848909507
-0.307561407554735
-0.226842274410096
-0.305478235011307
-0.448405726526405
-0.539984256049659
-0.529718390307844
-0.555570972820507
-0.548792416863126
-0.570198477459751
-0.564821025748830
-0.547972275918514
-0.511052586330147
-0.347381643957045
-0.160562231253015
0.002697743761235
0.056216421466613
0.118249290599724
0.093701664577558
0.193988264625888
0.289955840653726
0.287153140522128
0.283343406495217
0.323476982640142
0.299812783338801
0.330939880809999
0.422604296410637
0.515161353930154
0.584282974784976
0.611034225352700
0.592587899094293
0.638634684754987
0.702256314572327
0.667873081880381
0.560702312434988
0.535147709565463
0.553794970267441
0.580739401873877
0.503459649671955
0.433466791036720
0.379397098517380
0.340884431215112
0.349745392893356
0.266433262146607
0.277548491872747
0.285728309969286
0.310039085189455
0.323666218066764
0.303584863139898
0.286768529979245
0.317710369628520
0.293973119658655
0.111176985090039
-0.056003277269053
-0.239918455385251
-0.360680492098252
-0.415179435037676
-0.389723646389191
-0.418397430435936
-0.561473669550446
-0.710223428391667
-0.862956494141600
-0.954440591019529
-1.063754943920699
-1.103408006568119
-1.224413428955173
-1.280519687618525
-1.343067376130954
-1.523670136551379
-1.707886986367141
-1.787924643052829
-1.844727323023124
-1.981439025902415
-2.038601498679993
-2.200577239289084
-2.250334898962653
-2.204894693744755
-2.119437271402862
-2.071237431634966
-2.051317864943340
-1.977531194336088
-1.825939786123735
-1.701731205238571
-1.540406611189286
-1.437828427112734
-1.297904591980581
-1.155357851673918
-1.100144454883747
-0.957120567474437
-0.778074072035656
-0.591619913188402
-0.297614460607469
-0.162704253979249
-0.099915172261301
-0.100659020784716
-0.075476384211028
-0.110695452584318
-0.183710653483208
-0.283198611781157
-0.261965223782728
-0.304043300535421
-0.369139994025621
-0.363612408099134
-0.387998901068511
-0.491679108367691
-0.559485388780129
-0.534771554535051
-0.556118410910835
-0.568806382804808
-0.562724017619785
-0.539226282243402
-0.538411127016654
-0.541072385899367
-0.429703407663720
-0.262363903439530
-0.038547192363711
0.045929433229610
0.098208865069225
0.124474119463337
0.253158890354480
0.395589172658845
0.390712518640250
0.415253180107096
0.447552433291536
0.496141943666416
0.474498657508074
0.489322974579893
0.568138817064675
0.633847286801539
0.711580394585923
0.754571922321201
0.760587613892762
0.744574933957704
0.723453888906474
0.658908303206208
0.615277155343651
0.663597470458209
0.661233248825857
0.596073720632406
0.574769647395149
0.484797993772461
0.468725207793727
0.494553106042769
0.396044190243369
0.312889938018220
0.313592636350532
0.332040528964335
0.340195392671374
0.340382022735300
0.335191741649730
0.354986041303947
0.371820173282866
0.260037775259261
0.093924766363336
-0.127450512093778
-0.283046772773793
-0.279805029350553
-0.313796800411296
-0.374783773810044
-0.522031329297253
-0.693066657405255
-0.822452109012729
-0.937847173782523
-1.042927778883502
-1.070907986269353
-1.161991119231252
-1.290323334607818
-1.327580752527083
-1.479326273710836
-1.611450073768107
-1.714035474793151
-1.789234273747655
-1.891497683109475
-1.976985968867309
-2.163781222968009
-2.205781006625800
-2.213183542789926
-2.153780581027248
-2.069099597246580
-2.023759532464772
-1.918485515152501
-1.783919840288673
-1.599482591885921
-1.415812768870058
-1.177842357614645
-1.019605851193682
-0.885280913749944
-0.850855396586816
-0.812815085451359
-0.673951884133107
-0.436269316818406
-0.252025186777761
-0.158520551698974
-0.149040152744379
-0.124709799120201
-0.137780090057143
-0.151668375719383
-0.206345447365879
-0.280362786788820
-0.315122191206076
-0.277698557404817
-0.350414161654515
-0.390832764134863
-0.379829017042430
-0.465025377323633
-0.486701512862831
-0.463459787260502
-0.443060199929412
-0.442634869639345
-0.474739348037130
-0.536001264368583
-0.514381622078035
-0.529554069187260
-0.402523242712408
-0.220085583168134
-0.093900061206145
-0.029238425526423
0.028520193139045
0.189877853643617
0.337376461164997
0.488241449318700
0.491728330829973
0.491418188070267
0.537520393218179
0.675051295419093
0.704721616138016
0.680196612653842
0.687786526535625
0.729153979642483
0.788977991100116
0.794086828460498
0.813654203554076
0.798151645869984
0.856919102146340
0.816985353316380
0.793237876841179
0.819588621857438
0.821937065471619
0.785808549351979
0.694667521394861
0.618108431445841
0.618555469031673
0.514269897737659
0.450306552375167
0.379140562818068
0.400729375925998
0.460256711643303
0.449396992464701
0.375080779377267
0.386446812097924
0.410823578252762
0.477552313559704
0.384951228677741
0.234210095347317
0.103172592160597
-0.036796874178689
-0.120624310318329
-0.225970860023109
-0.366387479962052
-0.517528053627842
-0.640167947862358
-0.750043145566026
-0.871400714143677
-1.029190854947161
-1.101428126001773
-1.260341895088815
-1.332581878192022
-1.361831575669421
-1.437234851686631
-1.549615796261765
-1.704855165941544
-1.780527064413738
-1.783146724796199
-1.903156372672243
-2.076932319497697
-2.114922663115553
-2.179932292705626
-2.123572955741374
-2.034448596687898
-2.016296338009869
-1.937760627093943
-1.802025512004414
-1.556018757148152
-1.288929927945224
-1.072607287812798
-0.919038388948203
-0.760004232350511
-0.647430390646880
-0.650135963527889
-0.524827697526557
-0.337333191086930
-0.264127697703178
-0.258854635001524
-0.212776472892914
-0.174840912183722
-0.094774474872577
-0.141569488149532
-0.158750102134774
-0.218507965901239
-0.245800566759301
-0.262382876789397
-0.316056939659471
-0.327592662597102
-0.345872471221748
-0.359687553923942
-0.394528240332615
-0.332406292699342
-0.317786418914867
-0.364795917711754
-0.417952447523804
-0.394417100686800
-0.424606476502359
-0.478225640367881
-0.330288601721163
-0.228848242117934
-0.155752361673658
-0.073931997929292
-0.004729463795903
0.213687447902060
0.432605944025857
0.555632878635445
0.599283198564639
0.612669343375881
0.735971527480423
0.791408017663684
0.870160584978754
0.855928308451883
0.845273943465378
0.873776276380240
0.936209552138622
0.885426720497479
0.896370486317825
0.930916379925363
1.002945322143688
1.017426018535837
1.016660033708568
1.069652629573550
1.014845007006360
0.942001391520684
0.858915688462100
0.751306140448272
0.725455670667334
0.609919964113702
0.526816895078338
0.483538574572780
0.415754307660642
0.441072119108757
0.442476982065480
0.445176122274429
0.422440753149073
0.449509153062433
0.504095145488311
0.465898067485684
0.371055610083512
0.252413407584764
0.183407589646186
0.041661633174570
-0.153951400603838
-0.284107949876726
-0.408750650563207
-0.539531997679759
-0.684627569936367
-0.857918686986662
-1.012927678906483
-1.115589731328426
-1.329748763544443
-1.420823179824772
-1.472159509077169
-1.530418723703739
-1.592668337465068
-1.705196567012879
-1.812974252007832
-1.862350682021713
-1.862706003295194
-1.909629908324530
-2.023473874273294
-2.125678630468981
-2.043696407491630
-1.999018231016081
-1.964019794706404
-1.889928885362699
-1.707662369826371
-1.399581600409876
-1.211597183500959
-0.996775689299934
-0.854108543628563
-0.682609748995545
-0.539934807335340
-0.501145755840228
-0.491168050081881
-0.290371556852395
-0.223807297159668
-0.197781721784732
-0.162506362633357
-0.113720999788882
-0.036414498665407
-0.078910263716852
-0.122697452645229
-0.164192508693449
-0.145129407619306
-0.229554604026991
-0.299016734429858
-0.347573259412055
-0.382694199267843
-0.292571426935827
-0.281261993000407
-0.313972798314315
-0.257892608011139
-0.268633531872898
-0.310257956059055
-0.351150300579376
-0.391478151715936
-0.353306247660100
-0.237173643780379
-0.203679501792815
-0.101922830852330
-0.004687626876429
0.119712081043492
0.255905400841281
0.450853005190244
0.549959166689158
0.627452460063103
0.678108972226962
0.776410886103262
0.843632162925544
0.902443989816946
0.914040193150096
0.962876977817277
1.046802968650901
1.091122525271889
1.039941433010304
1.000489995107016
1.031705876170823
1.064081660252491
1.105364200097175
1.193148734618164
1.190249204142953
1.136954584128824
1.070041852781597
1.034715533478881
0.908093217487586
0.798056478357959
0.678577916817396
0.631794599864393
0.541886333862605
0.482467184841830
0.532094105527778
0.557775449865262
0.626809702911592
0.605571127181043
0.605847261483043
0.655297291904048
0.618258594512592
0.545826287908847
0.411275204618741
0.338505034692358
0.236463090415536
-0.030443525515878
-0.125345902952613
-0.303826822569415
-0.490005709486550
-0.739272670594713
-0.879966379301102
-1.005884137942383
-1.198627027157007
-1.352014280915441
-1.489504273654864
-1.573232535420236
-1.630568627141178
-1.613738797620626
-1.692471095160710
-1.847100080761046
-1.963866597744081
-1.920311267398340
-1.884624951232249
-1.984275655378494
-2.090569208485717
-2.122431576499163
-1.996343740888131
-1.928526782287030
-1.824838656142265
-1.577922102816956
-1.375803312246342
-1.209962313766276
-0.987404054556308
-0.758758850148143
-0.584730425214622
-0.464465405751467
-0.407093127407003
-0.396272841439986
-0.277731101450423
-0.201737273395527
-0.149707587797807
-0.096540029772171
-0.052798902173040
-0.007099042182710
-0.059051471531060
-0.122926480242305
-0.092157439822863
-0.083452629399626
-0.183469401959990
-0.197549864945571
-0.251467642558213
-0.363975762547838
-0.359952151393419
-0.304285044891844
-0.247627603400939
-0.230525229791063
-0.226981314899908
-0.236329114793482
-0.322575593455827
-0.376411943489376
-0.241415282859829
-0.177998382724722
-0.134517484452572
-0.035289320302523
0.071139931065183
0.210251754647840
0.315887060456427
0.444520645166421
0.571657085444033
0.692568789770633
0.766297099683567
0.803906883875957
0.842802231985958
0.994314208738732
1.096680312101369
1.128044058260159
1.163618134071477
1.175289541556736
1.150880901677438
1.177963565531359
1.214368385953782
1.227832992715951
1.215014460789446
1.284987087166597
1.298260150600608
1.292481842097068
1.236179411932374
1.250402190140705
1.204668476990214
0.985854627054995
0.804265370701809
0.701609177952350
0.605996219552114
0.636603311154606
0.792544760492912
0.843688582961456
0.835006721794605
0.809167856527198
0.774533230015090
0.905166473395985
0.881030495369469
0.752251022375551
0.666304187896279
0.504186074280647
0.317708366802736
0.073126521306063
-0.058794208163177
-0.195713964219753
-0.388343042259452
-0.632227198377790
-0.872771099411628
-0.972044954481617
-1.126826923139699
-1.312501048586943
-1.467289898791682
-1.530017252675993
-1.588400654509270
-1.687754776146860
-1.737086729771590
-1.829917326625291
-2.015813316190735
-1.972593691824564
-1.929543776811719
-1.964325040651896
-2.076492411067659
-2.077659609018852
-1.929680512244377
-1.827845068861269
-1.733641119221739
-1.592113764402553
-1.415387329174121
-1.256187393481436
-0.933802186925467
-0.765350476948489
-0.645422365430204
-0.542469486568175
-0.399381310922299
-0.306132108429657
-0.239011335239277
-0.204321036260548
-0.089211043835252
-0.001671622281846
0.043572473667026
0.052058349824751
-0.024118904388801
-0.036609182784487
0.023186603561337
0.065915784182833
0.004493309504948
-0.068108020949031
-0.188699619035311
-0.291473240731167
-0.337013713266674
-0.319560554797236
-0.264751306836764
-0.155334523018458
-0.164486044565982
-0.195156204938552
-0.242805925425493
-0.241006360799919
-0.140970762761545
-0.046821876119261
-0.005750163639105
0.030073243517337
0.123901799148982
0.277815179329699
0.500038309042193
0.565502800338571
0.658966107126363
0.723827569748060
0.769574118406992
0.791511239232899
0.859455197983890
1.010597076452664
1.166272065735506
1.277289871724768
1.242558864310628
1.238150708959141
1.223624243351850
1.275100901374681
1.346634955342114
1.336710273987608
1.338428646425257
1.399729241845716
1.415272361665143
1.417320334137961
1.449499977158208
1.503111345925049
1.374726650370328
1.218780761037572
1.059505991318957
0.859065244659527
0.782889847127169
0.804283196627113
0.936145944410179
1.018718051386773
1.016060477334786
0.906941842204551
0.964782256263447
1.042617285981539
1.078752645287219
0.995128049588756
0.807944333552919
0.617328228612946
0.359228118171729
0.080923863064926
-0.087577657447179
-0.202487540882594
-0.244203211055503
-0.436848981604013
-0.730659315181547
-0.893265284014263
-1.118692284968204
-1.324269122809599
-1.476794001156438
-1.538916170124819
-1.580761351029629
-1.715422384768786
-1.810276414512229
-1.925122109296205
-2.024758491752574
-2.030500618292918
-2.016012328367696
-2.017371778072504
-2.063552046761355
-2.028159808292906
-1.896742641885114
-1.731197577145359
-1.569631644327339
-1.546936606603587
-1.452137956220251
-1.281152638200120
-1.015235484273664
-0.870309982689098
-0.736831045488148
-0.673841198559107
-0.548105349072235
-0.412994503886117
-0.285354354788422
-0.233566612374814
-0.115357716323267
0.016877434834237
0.120620179770102
0.122052257584045
0.064299463111284
0.078373409338598
0.163307163454517
0.165053373058236
0.151816067384620
0.029336662881793
-0.143757625181135
-0.267871502876976
-0.284973536500548
-0.290401865389800
-0.202653156004612
-0.075608900085191
-0.102050949011465
-0.177289471220042
-0.260217883166376
-0.237053158054398
-0.052603811822683
0.064848161806634
0.109170447891871
0.134910254975227
0.196133559671175
0.310199683173933
0.532384603844235
0.630946904954854
0.635556228027754
0.787053172844755
0.838828402475422
0.850824705437595
0.982518041069462
1.149799557216220
1.309156868868288
1.391074288825705
1.380700353727095
1.333753044190451
1.282349626324675
1.410163675605067
1.493183018946406
1.497601680561759
1.529530116524042
1.599509454785693
1.582581218988359
1.509375955304781
1.601471930313899
1.674495914216817
1.624978444323975
1.503207739768946
1.342977413780054
1.100000594701199
1.126009530935119
1.148725140949664
1.150565515048481
1.124543046376864
1.162519370551458
1.084200624642746
1.067289200941059
1.128108247799813
1.188952055541288
1.166676250055115
0.987059868796975
0.704840791868256
0.487579526426155
0.276207067354537
0.027704022106238
-0.155301796538772
-0.190182072047637
-0.333554733793246
-0.623518843848658
-0.898696208023992
-1.155111278424621
-1.353895547473104
-1.525380540117667
-1.598666008381246
-1.594195995216787
-1.735579688280475
-1.850325560320646
-1.959268887474326
-1.985464878815460
-2.006278065884906
-1.992799157471233
-1.975741525574980
-1.973574319576175
-1.924461872362680
-1.803895790103137
-1.675394296306257
-1.548508435538855
-1.516471779663348
-1.450559024485448
-1.360395357356208
-1.196268867391187
-0.986311637391956
-0.876634783802429
-0.791968577252986
-0.665552114766974
-0.541219817279779
-0.379988752216766
-0.294302524360866
-0.115149323251067
0.020327388740159
0.143941024573385
0.157240544803122
0.139959715486929
0.179045168831207
0.256358348012860
0.261934378887587
0.223031657884492
0.056444487872687
-0.081117265219836
-0.132314758551145
-0.208101893551830
-0.315854174768343
-0.177620731628985
-0.089227638249518
-0.127045673100697
-0.161281641486974
-0.272218778301826
-0.195438446698704
0.013399399283060
0.065601492420408
0.117236640419054
0.186135477413226
0.255408403213542
0.389472990892993
0.526002860601255
0.690825604252752
0.770047888597519
0.923364335509807
1.063686111200784
1.103300017254954
1.206055917194206
1.306534001260713
1.390912328817793
1.456721496821003
1.515197261783849
1.424302439198822
1.420522065920858
1.470107245357997
1.521909447392589
1.597920297981199
1.703954679475052
1.748860729857020
1.808283208174094
1.734892154294859
1.741251608449892
1.815233934423721
1.812025606271315
1.688049134674000
1.540563559617770
1.432629882953473
1.436107437130997
1.444735483935988
1.358028240299501
1.277512228078899
1.299815023858316
1.232549387015195
1.203279730202928
1.229023170522491
1.264793602985320
1.232645034745002
1.051033630789873
0.819394166449129
0.633567247593477
0.418589385099915
0.183634656793236
-0.005093614837552
-0.117270409729995
-0.335997274072464
-0.654248231027713
-1.013264316822236
-1.268354317555722
-1.372777568337902
-1.553623323942778
-1.677129193453944
-1.652038104179001
-1.735128163166618
-1.879910551593268
-1.980784389856012
-1.947302678418441
-1.927057621597389
-1.918620576324345
-1.951305165539386
-1.998249305231612
-1.942624086227559
-1.848570267192519
-1.786389346703725
-1.729374088199829
-1.662551350802330
-1.567982073196687
-1.452544256799382
-1.304026471324686
-1.066940834678061
-0.952305103916692
-0.847550205209878
-0.744152954233179
-0.635396003587087
-0.494221180898384
-0.322041737536009
-0.098084821587726
0.006302402118323
0.067305338728571
0.092369864270537
0.183597761362395
0.272817421634934
0.358609694098097
0.348211678405974
0.185870507135024
0.040822615795886
-0.017812830067637
-0.050384497842332
-0.094401702751126
-0.215159364440340
-0.146300870383584
-0.119461859849875
-0.159527422977873
-0.173108923118246
-0.180893146222873
-0.073410043560639
0.101881037070484
0.100703534636004
0.127047623177902
0.217793027905792
0.329578973904637
0.458629569225560
0.560063873892645
0.686805077364913
0.886087991144448
1.090331617039878
1.251170909454678
1.382916173120829
1.463671861696364
1.466740329904907
1.497615319657541
1.531246800663430
1.550308625416536
1.527275329332183
1.579519769222748
1.559528961193808
1.570180343069377
1.670363927960981
1.808366412047255
1.890901510198357
1.925683873441835
1.928030123578348
1.888433391820217
1.891088678183878
1.967238090348907
1.861364670483755
1.730958840893030
1.710368440127339
1.688157707544574
1.676286441553393
1.576485758282701
1.416622742145670
1.329153103938681
1.304852581309148
1.341940987283796
1.345620653657819
1.323058404822753
1.274851112463389
1.203351136548021
1.010939467397472
0.793055110895290
0.595674604409048
0.327075494503248
0.136575856969715
-0.117912313378295
-0.368726755929458
-0.727790710024186
-1.117963807604833
-1.389337426167150
-1.465437670103160
-1.637532079501347
-1.717636701633580
-1.714223726337758
-1.775149084247116
-1.838782495568177
-1.935545415706728
-1.925200898377591
-1.832697445688385
-1.810707800155959
-1.881685512250895
-2.002250005633948
-1.973550213501658
-1.824967671050569
-1.794632528571414
-1.788974708719460
-1.761308960360030
-1.613715218768283
-1.472813095233708
-1.324236997343817
-1.166323634033532
-1.020820293757580
-0.865440758450913
-0.795927489545359
-0.706200358335803
-0.587003372425420
-0.273679335778629
-0.124746279243416
-0.045020538047397
0.054313519682594
0.101086780446668
0.220925483581755
0.328991630225096
0.378863569027100
0.263035029444793
0.168536407475147
0.082055841375167
0.065366704003490
0.088538742293439
-0.014055658380040
-0.089109341237796
-0.000664521228362
-0.003429419579041
-0.033365513957093
-0.030743651065822
-0.072667830489637
-0.002746003662374
0.125177256710857
0.164312581973034
0.209583443039094
0.267999132165601
0.377319469651106
0.521682672248530
0.658861057139954
0.824676701339347
1.060981575489761
1.244636500592376
1.393454309874817
1.558017913421581
1.611690988032464
1.572011729014438
1.619125485544781
1.617456872081420
1.577214464290980
1.640633539748646
1.659292214345096
1.614199667826145
1.670301844274533
1.690400847297333
1.785920633678656
1.925673065141740
1.990890674640911
2.027933163121193
2.042359797479356
2.044798842043126
2.069097267507276
1.907215621830530
1.787828405147737
1.767689475736525
1.821874821414280
1.811285395099945
1.692438423904667
1.514266479705164
1.450768300131022
1.425158823186182
1.473073531431331
1.476037663711526
1.449983005058079
1.398740236897168
1.314927842889924
1.122775011525063
0.899387816674750
0.719192649912543
0.492161229623874
0.220390763428449
-0.002434484391059
-0.389440577180665
-0.776275469507532
-1.097237760860308
-1.416866023801928
-1.591118584353133
-1.657695722423445
-1.665408859469495
-1.746003230315435
-1.837153061177922
-1.889775502908903
-1.916081659658635
-1.878560874499298
-1.782990973652871
-1.749048945068022
-1.841896026291201
-1.935395330039379
-1.923709072131825
-1.862704752729470
-1.890010127228733
-1.857295743665466
-1.772037684883562
-1.612852600082060
-1.462069497637591
-1.266030381982025
-1.101217138609088
-1.008257737619181
-0.862683327875829
-0.775453329787992
-0.705070197719346
-0.520796497937070
-0.300922661041164
-0.188710770994186
-0.088639517403615
0.064415100760232
0.163014517521978
0.212580295305204
0.280964795774635
0.251944158107486
0.176816088054256
0.196666788413614
0.126972047406551
0.066984710102440
0.116797025527822
0.057868702219652
0.071628329685114
0.130257624667121
0.144589688124946
0.119857117863168
0.106284815065593
0.067809905274424
0.106211547527278
0.170524572816505
0.223811839962103
0.334537257910877
0.372032907782897
0.407187839309294
0.571566529340811
0.705122670277178
0.875888345959992
1.065909338634092
1.316866904022784
1.486699256207175
1.593651948227415
1.655194473367362
1.611663442167999
1.670644959658960
1.642431329257982
1.686413264943554
1.770676172297665
1.769171845037924
1.723853592808755
1.710693756700966
1.782647325213333
1.899166035350230
1.941653870557925
2.004644299407017
2.021366980740787
2.073022094017505
2.045968745745550
2.007713367449102
1.945758489482522
1.810636466533919
1.787506300843962
1.842104444482171
1.841447713910005
1.779902848553408
1.632354544845382
1.591828155356458
1.629733479360490
1.650200301550361
1.594309832735522
1.530971828009602
1.504178261696372
1.363566097868333
1.171601258502797
1.024359079033025
0.860896870739541
0.606327887448441
0.286920874276716
0.070983319095855
-0.311934727924008
-0.729174943356099
-1.011241661203554
-1.341812014293471
-1.571898296737732
-1.635629884613265
-1.645855682093860
-1.732852492714767
-1.788457905281692
-1.774984563511522
-1.835412081673002
-1.907408931237845
-1.834386412645338
-1.813323681985482
-1.888237417801988
-1.959830708578123
-1.940659795579385
-1.910416350141058
-1.879246692121445
-1.827891607258604
-1.768786296621893
-1.627921089773097
-1.416501498373063
-1.250618969514498
-1.043881599203656
-0.962549708682180
-0.880315602142822
-0.743351106845271
-0.548737378849716
-0.393135984984943
-0.272147752882851
-0.156772618509913
-0.047988705858005
0.100242928068149
0.247686541281726
0.286402038217072
0.282937004166515
0.242999781161725
0.181762646185644
0.204721377473315
0.126179386280216
0.072481516345549
0.144231550849033
0.167168715208860
0.188725158852182
0.222750437623187
0.248720285881258
0.164764961349697
0.157101586190264
0.210116192295130
0.307762572182746
0.309506246354687
0.368094213623777
0.477328560317934
0.559996561370022
0.542827297963116
0.634658889441730
0.782420125339190
0.959088993787717
1.129656825384763
1.294120326110263
1.511854093811676
1.588436363008902
1.693166232415474
1.746635845882885
1.716542875317955
1.720997358812046
1.804676771353552
1.912560959002624
1.895645768242904
1.862998275077418
1.818693497967102
1.848372007243111
1.944079860430494
1.962603192087577
2.051068932587600
2.057190962530999
2.020179114096108
2.018801809311339
1.962966739964974
1.915765555342960
1.813898150127505
1.774671752583296
1.790125263526917
1.816435098561339
1.801106942801727
1.687576826582581
1.667440901701403
1.763114196202736
1.775292768993580
1.680884352238985
1.603051353695235
1.534798702822812
1.420496159614431
1.202895440192054
1.058789441488537
0.900196375115900
0.686528657326783
0.366714231113441
0.048501610952065
-0.274823556085788
-0.682667601612680
-0.992620471077775
-1.286788839762036
-1.499680653904252
-1.592876172112922
-1.622096268133774
-1.700026909876111
-1.696397761034632
-1.700293099974010
-1.752269080377319
-1.848519253484711
-1.870959997781331
-1.895688003059881
-1.971539367291521
-1.967317582645685
-1.974823839868008
-1.922162517249958
-1.848877986266960
-1.817105805346988
-1.759398929136186
-1.608031231713841
-1.451820904635990
-1.223278351886219
-0.978400023388912
-0.901748089171472
-0.793305870616607
-0.624568202643529
-0.427701598466165
-0.313130373257573
-0.150529251523268
-0.130643629837645
0.044344135421509
0.117956438530250
0.242685366155140
0.377398094557090
0.387009867412743
0.336056670607133
0.273285482132254
0.221104284383936
0.162268004276893
0.094795198760972
0.164263971430040
0.305608688476152
0.306491454400191
0.365461471568589
0.370276836193935
0.253577048113449
0.287034615263932
0.332540623520322
0.402116119044094
0.437883016391671
0.496276588680363
0.569665967415403
0.643761093665814
0.633753754277356
0.708334945315192
0.847296713599696
1.009905893496057
1.179594610336719
1.329794097367251
1.485189869614914
1.667171570586795
1.761916695368466
1.778735193621509
1.819867436220121
1.827297414571054
1.921580341621518
1.998361840300638
2.017263394612562
1.949562550987385
1.895412138947142
1.815347932717854
1.918288418611246
2.037026746838758
2.109244273953135
2.133408852766065
2.093602311620287
2.071930331705061
2.006958864829881
1.944489551627468
1.917845867295716
1.833937578406332
1.804058349306950
1.824390592892050
1.805943872070118
1.811496576688995
1.777000499599870
1.800896502435904
1.843751251944541
1.826132145108950
1.675559718498003
1.522112570070248
1.448265724956365
1.272675280558305
1.103154262356805
0.933436895354416
0.661476460865644
0.279595435420819
-0.019581361971463
-0.322091157581149
-0.694768903369287
-0.980429030226645
-1.244602544284654
-1.433989993827869
-1.481614672615943
-1.538210719687632
-1.607201750314636
-1.654677930554823
-1.688123994729970
-1.746089435958577
-1.790054351170365
-1.883091536098832
-1.999518363082869
-2.022772599064833
-1.991195740858093
-1.996935975173954
-1.938027683680719
-1.899990611444621
-1.782131186199706
-1.651013694265254
-1.509952851072708
-1.368295393839879
-1.203596788502795
-0.988887524446679
-0.914570895203897
-0.798479847793606
-0.603656592177717
-0.377613203517038
-0.222935044888416
-0.119651270202314
-0.007915216492606
0.166275165099584
0.257711129740229
0.368150101786203
0.445998374772500
0.445420437173134
0.426258747941573
0.382372675508800
0.330453822738437
0.262627834706799
0.269770301350465
0.347336008840407
0.447113157325766
0.494357924469890
0.534241551474276
0.491800742433460
0.396903521233094
0.407366484358817
0.445762707639988
0.462502869514406
0.535616809991700
0.614253905176472
0.652801949692235
0.686999229031319
0.719297859627542
0.780490181354156
0.873544469223814
1.003420373346856
1.222709958369170
1.365228882941357
1.534037273057600
1.747073077145940
1.803183526427740
1.858246954774438
1.861452372806721
1.877043480171876
1.968209596600712
2.047843267424310
2.120054625564505
2.168556671390557
2.059966711371954
1.946860249014637
1.947064886737607
2.022828378772030
2.119580172636722
2.186692551453109
2.172718790159570
2.063313568624692
2.039606540867201
2.021624849916893
1.984113378197701
1.882913627529449
1.859906336293999
1.791465907608448
1.810019594313916
1.855494842891203
1.818140119777745
1.846370464133746
1.893441378804378
1.854650176317053
1.723725016836160
1.565210975058293
1.453832572609588
1.337826191744365
1.137217628186073
0.867955368998274
0.585654177954056
0.274590503597008
0.086896383372710
-0.240373152449697
-0.603680169864584
-0.800661516201867
-1.036068987095084
-1.289084033228487
-1.378378845004750
-1.524637805898189
-1.589590635104232
-1.644951075637644
-1.673635760761335
-1.682305620705403
-1.751422826012727
-1.867477636244591
-1.939834173342908
-1.984894792029804
-1.941450907171084
-1.949520132687299
-1.922106289030347
-1.847815267507673
-1.687149204560206
-1.583557322059292
-1.531123568822683
-1.317479543691728
-1.147289731814437
-1.041790460250608
-0.995495853096359
-0.859700197692890
-0.661942808764879
-0.421674438846820
-0.229017785567534
-0.103236902119313
0.085699462659049
0.182185721500222
0.324380238722284
0.491104651092617
0.536798623629847
0.503299640846130
0.493594470753896
0.541624583189594
0.549532296468925
0.462751474191336
0.502103091427175
0.630744942552779
0.660215710386355
0.752446320791570
0.746473870342148
0.678138798927654
0.570183750526981
0.521549631772581
0.559509293704548
0.563981502823185
0.602581615212355
0.638412246173253
0.651195613925059
0.651461279544525
0.793487080977522
0.765312982802425
0.816040936055897
0.982009207445756
1.226349454055098
1.411437709637620
1.552880432926967
1.717388349529083
1.863846882219757
1.865328482600320
1.936647207632898
2.024454453744681
2.118795889627578
2.171927162411372
2.240155672583273
2.362417772105016
2.326142146828881
2.128289348375026
2.081832838295152
2.072787384106698
2.141835056092433
2.232443131890146
2.239773851973492
2.173288636399598
2.066764561181853
2.034953115694741
1.984233107420134
1.879108721676795
1.804387806896420
1.741128624304057
1.806527840784918
1.896115345153983
1.825764021808699
1.809130783387207
1.785363732532185
1.818792283457405
1.757268127952832
1.639300926388735
1.567923368312766
1.446417400734666
1.189520445989658
0.853742235201145
0.605066367626073
0.366806230768670
0.154196316331530
-0.142012750560523
-0.417637590931451
-0.600276920252310
-0.869232484026967
-1.096459586827177
-1.250839659957991
-1.402554883166881
-1.497069596587166
-1.631715729097255
-1.638565601724460
-1.709456607718666
-1.804248368343279
-1.864860732798552
-1.852406015788050
-1.879581547605675
-1.849663117023441
-1.902136434736432
-1.933808683123343
-1.892534006755743
-1.769809291384285
-1.598136702919704
-1.497617919335393
-1.326614154388510
-1.095731086737876
-1.045836289447720
-1.009671887031202
-0.846945349346602
-0.649370391712693
-0.416852859377245
-0.273551795197728
-0.120301974596364
0.013094589257320
0.215318217000809
0.433369282006307
0.543151552813563
0.567963233910299
0.523195893126905
0.561651886020510
0.600877176417591
0.687094492118858
0.683063702887024
0.736811279456892
0.858118499030862
0.886950697406219
0.911042861269368
0.906202299960476
0.864115178834230
0.741379335698046
0.649017981937706
0.650681792260738
0.614665415577157
0.683423409365957
0.728573609044893
0.669594998706125
0.694591428020320
0.792395690528954
0.792316932330046
0.838018285084024
0.948674375373188
1.167551821610109
1.396855833744158
1.624469869843072
1.799900080907669
1.893065439112663
1.982313948730479
2.116457612008996
2.249670988655442
2.291948896568316
2.353766188357212
2.468055659966094
2.562976478587968
2.561023518386405
2.340306722026691
2.224529760824644
2.146604734932512
2.207831178096125
2.251614378382725
2.236176699423281
2.240495076333184
2.149020963007116
2.055603151057221
1.995917207312093
1.857261607732759
1.761932897849718
1.736177734734826
1.818340141991971
1.875168365329236
1.809523736277465
1.755532441327436
1.716486344178344
1.767814162512332
1.743752298270876
1.674171374400740
1.630306301061202
1.436829595484940
1.156786885676796
0.906642077959856
0.652836090496532
0.414008651164155
0.208465577403608
-0.048984718631648
-0.302161026229383
-0.489762004357339
-0.722608625329000
-0.980231838804368
-1.130323904864586
-1.298626871129398
-1.346587310163409
-1.492312708122479
-1.543721622574808
-1.657687818975337
-1.779806080956309
-1.762767611967612
-1.763563343900064
-1.781446345382274
-1.755503300428511
-1.807341028681776
-1.832477445941546
-1.851063369651647
-1.709662090657825
-1.563485707412276
-1.485612902452631
-1.292791829804850
-1.033307720592560
-1.017713968865632
-0.949327658171713
-0.756273922667851
-0.630753849266504
-0.420717385919950
-0.259352958690216
-0.104272839699719
0.076802403613807
0.346213948294674
0.541572641686673
0.648101532271335
0.614939927885613
0.554394335996859
0.591277316137358
0.661778498691897
0.713202959837648
0.772052022209314
0.839178252964609
0.945686784018646
0.977966843135656
1.002526612458134
1.050674388536541
1.030913681512121
0.884861822153227
0.757428174044796
0.657051729410677
0.610073874837620
0.666170288368570
0.713013756685162
0.773897379017784
0.784738484348122
0.789691854461371
0.832343133465482
0.929600321467267
0.977655555456097
1.114519862084856
1.392246420416323
1.730290404356407
1.907265164585096
2.016002364545745
2.149868831507844
2.252752733785001
2.370616430456848
2.410955721392491
2.443605399354660
2.583833318058154
2.679994438831248
2.627941755024591
2.488640328167052
2.334048096212162
2.236373362523645
2.243438214050375
2.217552931778400
2.240226033221617
2.200844757553330
2.154464542667881
2.080713666752472
2.047632522749503
1.912113938175969
1.848071564252342
1.801444033331314
1.810053980907089
1.855926674866552
1.821302361670511
1.728903364359199
1.695454166245972
1.663877800830975
1.705126084395240
1.653119776218776
1.572947455596927
1.421701819240495
1.119261871566594
0.897841064544171
0.626086714168194
0.385527401788532
0.153859221470539
-0.091732399354589
-0.291870695931497
-0.409295046698231
-0.585901008585718
-0.813242891483100
-1.008921382121641
-1.188786919874552
-1.270826016462136
-1.363354230410297
-1.458826452748313
-1.553658761305377
-1.641649851383565
-1.564143222903075
-1.527320212845308
-1.576090541757315
-1.632727445696539
-1.649963031524753
-1.698945595948347
-1.695249195198346
-1.562175587513231
-1.433184442828087
-1.356532019657208
-1.201200031709465
-1.048936914354708
-0.874525148792390
-0.794079431199976
-0.695867316507625
-0.546688566309528
-0.461269952019307
-0.283872154680552
-0.051350547607833
0.117350917048047
0.407225359621693
0.596237597596328
0.653008985421719
0.640461176993780
0.561678918327342
0.606777737728589
0.648602818423660
0.651657546431155
0.719416978240500
0.859477762051230
1.052705970685829
1.106590926319533
1.164513140973716
1.147425082390961
1.103517773663897
0.999891026584740
0.853285810206270
0.695192015321777
0.674414486269989
0.713929785793528
0.759414492552315
0.794743389139276
0.823663517421831
0.821885043785898
0.878503425443868
0.971759576210364
1.080806611036112
1.201015190661645
1.468683214720847
1.770116350733676
1.939727175422592
2.102669145000866
2.230518071112409
2.379318492707850
2.439048768714831
2.488365183946388
2.556029648213339
2.665848471733033
2.755814490694457
2.728401655934266
2.640252290989921
2.521373946312657
2.429230937124568
2.346981363844116
2.305660219681755
2.263749168382549
2.231205577724218
2.163896972910213
2.182174458051725
2.120291693220917
1.929655008588557
1.862147006020215
1.853144917268801
1.869009947508404
1.904657903185128
1.934134790619816
1.804798295017563
1.709092772995245
1.711707038806062
1.735725057204617
1.661181542141274
1.588595136198794
1.397064756776383
1.144540044562198
0.848639138316348
0.540774473438203
0.274679012449086
0.083569292946262
-0.100041162467190
-0.200625092454872
-0.303461994280625
-0.451628025244144
-0.620465708488678
-0.867578658732590
-1.094672007230018
-1.247360352619041
-1.350810484648629
-1.408931871930848
-1.436890367589017
-1.515903798326974
-1.425344598994595
-1.357084476872356
-1.399630571391741
-1.425258591107081
-1.447169806408368
-1.455951462615495
-1.440435375330331
-1.362135976241636
-1.263398036660496
-1.141423105558133
-0.985204663809467
-0.885734665125418
-0.745751937860615
-0.643201029361991
-0.577176244165605
-0.473500628603110
-0.387732747077151
-0.259281202093237
-0.031520558746151
0.203567402567128
0.427886295734394
0.582547215004086
0.616457658462056
0.593300438338840
0.603356944328124
0.652180326176673
0.695100959719062
0.706433141831537
0.748809840696728
0.927406163650818
1.077050927944400
1.170905305371863
1.245672532107487
1.224940051714569
1.159933787626276
1.055460888042401
0.940890887157646
0.759389384690287
0.761783208020856
0.824515698897832
0.845180959670066
0.865072733984504
0.837132790273800
0.918781983399086
0.965114122553140
1.008042194357740
1.120611064200906
1.270593352467835
1.503316438485771
1.729896421832119
1.943695576974583
2.116158887669873
2.263734096168776
2.389080518999938
2.518069017370773
2.640915119958160
2.664154959504370
2.724909499543267
2.805318439755189
2.815725306174085
2.729291336175314
2.611749471341613
2.510587980085460
2.437612024157745
2.398433031156931
2.271904286167344
2.150368874730788
2.094104040548284
2.124224045093751
2.095602964580365
1.985198353175605
1.919397699278283
1.912123394680852
1.940974538956879
1.981894324239967
1.915079126745170
1.854204018153631
1.798712906276276
1.763456552639682
1.707216720723255
1.657179520356382
1.574426123641413
1.372402390422856
1.096315724520942
0.749134182651356
0.445404239355665
0.265987491466953
0.076503023623343
-0.031629086875641
-0.046475161667918
-0.142606503434600
-0.339077218789005
-0.514294297002153
-0.726947032244880
-1.014079876569807
-1.205942333447008
-1.331593043426336
-1.378444455901985
-1.426824131769974
-1.419493210932609
-1.347950928375242
-1.240616152368153
-1.241036555505007
-1.322905965088493
-1.238171292911544
-1.207760972679593
-1.151886998626689
-1.084671365147783
-1.029823407365228
-0.950461489958676
-0.808710972492747
-0.695665872394052
-0.674409698601869
-0.575302405354952
-0.526604132058095
-0.451729421956174
-0.344597009292546
-0.156037558951630
0.071238620297672
0.315040429706331
0.484316253673586
0.572676792540363
0.620949486877235
0.676117139715067
0.723496916801338
0.738605780788184
0.719385523010473
0.770443972705766
0.902052064616260
1.014853553346865
1.107440897221543
1.201841484325684
1.330335623829794
1.298976362565069
1.231703571942185
1.033066953339671
0.919899207272544
0.858045093421616
0.894651814266606
0.854133782395593
0.888702961733175
0.898038093965020
0.875838538522314
0.955820644122619
1.000081265547844
1.038336899176625
1.088034704466319
1.293007254386451
1.512302992806414
1.735557948627948
1.957103480869598
2.105106470033228
2.254874731809413
2.436473240082280
2.579415326105573
2.641942288090317
2.658191568795089
2.758376162666691
2.805832878294291
2.778245909806864
2.712121880224137
2.633247982024471
2.591056974562227
2.513971479410813
2.415865325430998
2.237038929588833
2.139065130281288
2.068029220466883
1.995463412056030
1.993602202198572
1.934524375377265
1.925393132951502
1.878536353829674
1.828719937971945
1.812039451875583
1.810498215049359
1.817094278446532
1.770782252108793
1.737857350168206
1.624148294478876
1.546657719632849
1.386823194302919
1.246969721812744
1.032671870809873
0.727956960531899
0.462952630668753
0.316571832851875
0.154856473065935
0.079310105003049
0.057905136980470
-0.048723220733147
-0.234131526750189
-0.453979417696491
-0.653038120168726
-0.894085060019097
-1.053142716644951
-1.197033203539431
-1.293753362554777
-1.335431966890192
-1.359391057292030
-1.245630588932320
-1.083881838859484
-1.024958786178266
-1.051756040373128
-1.047520615310542
-0.940089096416402
-0.879130118465037
-0.820846309599908
-0.791835937167874
-0.770780443801827
-0.720282882554037
-0.635445738294861
-0.598359231154099
-0.529414118059347
-0.501970228962109
-0.437045785738365
-0.301461498021826
-0.077860391740376
0.145910355326856
0.308681275643403
0.469054382063541
0.532120003665049
0.612630478913289
0.658436814703214
0.742685992358620
0.750996820971821
0.727197742367516
0.796716994946539
0.872120909575298
0.964650226898918
1.085818887242161
1.278833245088045
1.431755564953841
1.355539153801176
1.254761463531741
1.093691810476414
1.002684323944463
0.954096993044193
0.933817180522316
0.900472397981330
0.913094001570874
0.926755565677516
0.885363487484056
0.935377381785786
0.945363345144413
1.046647614669811
1.140353534296739
1.262368810095921
1.483775356888286
1.726335015729108
1.957747481251421
2.088857815547641
2.245423593399292
2.449237903320876
2.567421260348644
2.598188985639414
2.646922050524284
2.723163590806585
2.757903663067722
2.761064092546271
2.674617334557079
2.639154902881208
2.649326564333254
2.607708600508486
2.450080830131810
2.302833714243236
2.162429099810820
2.114328829412776
1.951857986699458
1.866819665438917
1.813610822484734
1.769470714469086
1.684473673256910
1.649135585186619
1.654316103809973
1.696921959446803
1.698693929316177
1.625348745225020
1.572330122019562
1.453611339744756
1.318875687898256
1.174179191527094
1.042002885252304
0.879845899751242
0.682849539171928
0.490263146671825
0.392117917389836
0.266996205559923
0.185173268552235
0.102019219062934
-0.027404202705424
-0.210589621131155
-0.434721064699586
-0.603965043630241
-0.784193250818430
-0.857021438575556
-0.986291304506610
-1.120880442988156
-1.126588917198412
-1.132368289517652
-1.079433500485235
-0.983073401239790
-0.871458798885724
-0.839577277991615
-0.847892137563350
-0.733198572965228
-0.690660296290012
-0.646159750353094
-0.622742674630223
-0.587299969248558
-0.590122476625626
-0.512075634580114
-0.493002099372615
-0.511823544389782
-0.535501384454764
-0.477904016199932
-0.282436438313564
-0.058439180407209
0.037202261743781
0.206881055494166
0.402057065545689
0.431307194242646
0.544705730415853
0.614577750840405
0.593602894399913
0.661490107285008
0.737167126308502
0.804628803641421
0.832437400265747
0.941439021518969
1.084472153302562
1.282178276744157
1.377968991047185
1.388694879276707
1.299821260999349
1.146564633108150
1.111797683070604
1.011693691974950
0.978814089339273
1.002799509872569
0.987402210681339
0.951815386508206
0.857281805442576
0.826809132548691
0.898021380494201
1.052006052789304
1.196379110820416
1.322986743765402
1.485844804691438
1.713724864057902
1.884142529818270
2.080313181729341
2.181796394694478
2.380796198947856
2.490553884263729
2.528332425600236
2.629694323956165
2.723902406054054
2.775912192813963
2.767582311767595
2.750254050289436
2.706702172486095
2.684714431612418
2.640563240577643
2.508844802511118
2.370896633288329
2.221625577174144
2.155137362170358
2.016963757202724
1.910715503429282
1.798691897178000
1.635799386535819
1.607622976804107
1.603498159671972
1.644456943319470
1.603015399962026
1.606923369321393
1.519190451394499
1.379479965216508
1.231423549451036
1.095278566733632
0.931484497659530
0.780324972694038
0.655056515935685
0.552666026843162
0.474587660453136
0.371380170958426
0.244828602182801
0.195390540240171
0.114729411510648
-0.055974827682366
-0.247097839465074
-0.454331819165352
-0.579256239457901
-0.665840274798923
-0.686403226511618
-0.774769182964002
-0.923645817170922
-0.956845705930497
-0.968116382584027
-0.916956787101986
-0.791903658798231
-0.723318358927385
-0.623119874941767
-0.618406068609800
-0.551189997640324
-0.551400706598585
-0.580601267721673
-0.531663432602249
-0.440963705453018
-0.416253375978201
-0.364072047216087
-0.326093651309138
-0.410093072130486
-0.424803523550899
-0.432306293349181
-0.315534564306604
-0.135328694993636
0.088149684125859
0.252678336560789
0.351354484001320
0.383147953608429
0.490148611215200
0.552468949006952
0.527142750686353
0.546577110130009
0.637158248273048
0.723385727325209
0.837820743912474
0.994125350476748
1.161927365700312
1.282007188778775
1.375134600944046
1.391125389731026
1.284630460987753
1.121145215481622
1.122424984922421
1.087974907588671
1.096561185874588
1.025274654317651
1.005955635817487
0.968892775664568
0.885762262736397
0.861824040991432
0.919528510345020
1.059459186752999
1.246737905436991
1.435884614258570
1.629105467032379
1.816216967575583
1.914274467155599
2.001518846376670
2.161107066158416
2.287074498838485
2.459762631149765
2.565145329077025
2.612592313754475
2.646933023273931
2.730192822943954
2.758701260589008
2.743047557144189
2.713265120606447
2.645485942105720
2.601769021601552
2.526700809520287
2.409125705428135
2.223395013352864
2.161944564378572
2.117012591772715
1.970163295886671
1.834988267149692
1.652097478984988
1.609402299932365
1.639043403412603
1.660505443918458
1.590262144686205
1.568898183172228
1.520341020444427
1.348534849276382
1.141105097681711
0.986676748914038
0.764953084954395
0.549611767865254
0.454990903221792
0.422062687778176
0.363317263898711
0.231369785609941
0.099514994137124
0.144590145731330
0.077196175612873
-0.107561369898310
-0.263329931608616
-0.449193489865615
-0.598710860121772
-0.616534402772262
-0.543730741165286
-0.675427239521596
-0.838783003542937
-0.881752099264460
-0.854765510454732
-0.760790836605479
-0.634243413896209
-0.601224580031401
-0.508438239491059
-0.427136077740947
-0.398804786978898
-0.425704971428562
-0.427748422674290
-0.390002702000718
-0.368529746070396
-0.359301237576014
-0.296521657532821
-0.207867886150244
-0.293701596704980
-0.281834738691982
-0.301087845290201
-0.288639445663338
-0.189844848281239
0.257544788904133
0.344725381216432
0.425104333118340
0.447213838584140
0.481702707923181
0.521286967051447
0.513952360378051
0.461791873498972
0.572685235015242
0.642531891195815
0.735880981469598
0.934303939093856
1.110587432933955
1.200372137345380
1.252816523373373
1.222943835176326
1.199551229276817
1.088458654125566
1.033216038099637
1.065039908674385
1.042719106767504
1.027240312273552
1.006562409574143
0.975838684542023
0.911486266040925
0.868303057443524
0.933750890255564
1.079883613246488
1.279363356514783
1.532337887489504
1.743092506830781
1.876854529962162
1.983461373320134
2.046250592227934
2.146899357603045
2.255620607773046
2.424896757298526
2.577870831179043
2.597128037032217
2.626712483776859
2.645612912926360
2.665811792909140
2.666893175125984
2.673592000723497
2.591684718080102
2.538735124218666
2.517832619652051
2.423644708682130
2.250250412214360
2.160215565057290
2.051146518556302
1.956821344164623
1.866973963530156
1.754974991421871
1.641398393296390
1.595348661833443
1.624556173251354
1.544314791159061
1.562874822501198
1.542323059651667
1.345708634431568
1.120812705954626
0.970566666401555
0.740057751826559
0.504669840990296
0.436700959724519
0.409462693025726
0.241764878777245
0.118432017921450
0.027876166828856
-0.010705395950092
-0.035646859106330
-0.097957853548738
-0.248177922770276
-0.358148480068736
-0.478169540275735
-0.551338447854651
-0.560036254534708
-0.661890107705609
-0.830095735816856
-0.834845537636514
-0.780970536004091
-0.644905874066914
-0.557703726058609
-0.502207552949193
-0.453638595689064
-0.383690564253258
-0.394180652290776
-0.394070701648832
-0.293892515481096
-0.260117655531145
-0.275245939289131
-0.324374835730644
-0.279364177980840
-0.177113504337144
-0.180970027456103
-0.157253542023799
-0.177498844808202
-0.182409138397053
0.024893640278168
0.244698283146149
0.351907750896820
0.526424005624178
0.600521368351023
0.573236844295217
0.554825457796635
0.583904466101663
0.611354480310177
0.632698862967681
0.654183494197110
0.719511705731186
0.932504912563575
1.079895986814110
1.174934422910455
1.112266554555125
1.109524368607569
1.087289932553307
1.079537726826842
1.033265224301868
1.050834394515746
1.047807896759137
1.062489373063695
1.054967992667919
0.985372871202913
0.981074808070144
0.926680892399376
0.964072723030318
1.005741702722646
1.224567733519931
1.477391611222149
1.691643582938748
1.825280028607255
1.974285378739296
2.090249635404441
2.150796121041564
2.248237805580949
2.364930371493942
2.493509489372032
2.500789289978133
2.517678094058479
2.554751967871364
2.631639247133763
2.562163854068150
2.496970854573051
2.482447075682300
2.459185938737945
2.411550993798826
2.360518411602867
2.195365512028845
2.141605321049474
2.002498916833746
1.907479271414557
1.874866145766399
1.771706438597108
1.629668008747029
1.549296542382577
1.528748655099310
1.497543285823178
1.513498697434973
1.427628000216601
1.282084728997417
1.061898264534940
0.865947319936212
0.651005933514619
0.538228748759736
0.464990987818258
0.418316410693792
0.268342674287010
0.143648670444190
0.030182039913668
-0.076116833944595
-0.106330679308307
-0.139475324155823
-0.216289724929304
-0.254879090140742
-0.322029358431740
-0.408892412317678
-0.486527384766794
-0.539667779220048
-0.665636844011007
-0.649287174953638
-0.658843210176031
-0.540447720855622
-0.460241054426629
-0.423790646799883
-0.404669390811035
-0.369788446087121
-0.424764245011229
-0.324859307869965
-0.186600233167189
-0.182823316444522
-0.269980448140999
-0.259529711468257
-0.259201402244690
-0.158603041971826
-0.050164786705211
0.032685485850370
-0.051823529578204
-0.052942610906110
0.133743746571617
0.216742672414550
0.376552645563126
0.562641944961479
0.623205467825720
0.652464254005261
0.645407143061440
0.663726378026683
0.698701823673756
0.653689890444085
0.644078321670541
0.770598210436559
0.966406637976871
1.068176248656182
1.116633897953774
1.094859015738835
1.089780861086078
1.049689504427541
1.100522990434946
1.159152796503431
1.174934122594867
1.073719388389672
1.047176489462795
1.069832191744715
0.947375294342999
0.894329592405625
0.826401045178397
0.846234683476729
1.000311018755400
1.202073132893056
1.396397722360937
1.585730173614750
1.740261959848117
1.893083495819879
2.007695484068420
2.097576634104407
2.237296912119366
2.354305711666759
2.368548809324026
2.379746435926215
2.322998971602667
2.407542801919395
2.531887485017868
2.554709407844774
2.509063483330499
2.424491442768054
2.353340823251946
2.319964927311128
2.208702820031976
2.074595989977643
1.982794243590175
1.842068645255112
1.834513832544671
1.842585893266894
1.831828357740131
1.701187667237801
1.519277761197172
1.397471184140929
1.396734640708018
1.423379712083445
1.331903659236989
1.199654930342134
1.035921273182007
0.779316509992412
0.561163369608878
0.507355319448280
0.489906788595765
0.452261904192177
0.294248189485864
0.148511861783356
-0.001465904249662
-0.100275088817564
-0.077701479685189
-0.152902795855475
-0.227894266494778
-0.253401133177063
-0.247506120795463
-0.293475511881733
-0.331396926575012
-0.415039806066474
-0.516937513835606
-0.553102751341118
-0.575764296404476
-0.522709238707486
-0.351304575783327
-0.287366683559290
-0.326200974898666
-0.373248411711157
-0.385315816064596
-0.304834924886555
-0.127774512555891
-0.104397774410575
-0.187464263273191
-0.206138417283004
-0.217839561134088
-0.138937990777283
-0.000486140530978
0.053124320536294
0.063737929942861
0.071878110716075
0.136713474743258
0.268670972560734
0.406913185315171
0.577844115859044
0.648213953593359
0.695258421460803
0.689452763063568
0.688839177568322
0.686016685530983
0.678470173597961
0.643972457534527
0.737283648111887
0.905501430131788
0.996963621591903
0.993015897127811
0.985982979372366
1.003179060534840
0.959866353914053
1.055643650037893
1.184545305756927
1.144644099332985
1.119639019195416
1.095064774931403
1.002488405947827
0.851810144214226
0.750552452339838
0.716127894325633
0.802326060861423
0.960119510080756
1.111620787655691
1.292868392576151
1.421448468887867
1.614607390662939
1.793177713900262
1.855267022419826
1.995500987853768
2.083364231557324
2.244341008338706
2.223292326946043
2.192978769735967
2.213428899750669
2.273425907789306
2.361165676628278
2.380850891028446
2.373261562892865
2.312648529174589
2.216222424431691
2.175889820994734
2.119731339325774
1.982190259392529
1.883442149907882
1.817478070873601
1.787077642620975
1.845220789767564
1.831174331975676
1.706006560368556
1.495875642003023
1.410744200880935
1.433279997155015
1.431280226162442
1.292417440755943
1.142934865855126
0.958897489692698
0.770412710530486
0.553660236881249
0.438323910871058
0.456283445503971
0.418561192239907
0.258868687094117
0.186310949458552
0.027563954580299
-0.109525026981227
-0.140238395582778
-0.148340006932002
-0.165857744963045
-0.169781321345052
-0.171292512428938
-0.237647495779116
-0.263538890878296
-0.284788967759307
-0.401542499985544
-0.484914022228026
-0.541097818367449
-0.538795711649171
-0.395427619472533
-0.294852710559078
-0.325114210578527
-0.320884911343615
-0.255114464264120
-0.169008284053307
-0.125170288777608
-0.012003240173654
-0.082745119918330
-0.156564786213942
-0.116483460927046
0.023446589767014
0.094425120972372
0.124619718276739
0.146685049150877
0.185824187613210
0.187273403439547
0.338128238455141
0.433284627086061
0.563349113320230
0.692724920622966
0.725377434242983
0.694497322347611
0.648725142101908
0.629066877742469
0.691640517562447
0.727147604145443
0.718539620033416
0.772664602798452
0.864993174919660
0.803544207433796
0.829470463925255
0.889069491113641
0.912315357790406
0.990757024201536
1.069922279527616
1.087415409424952
1.150751600571340
1.131170028041941
1.023266160776494
0.851111603153353
0.758934914834971
0.735834562391496
0.833720757844531
0.947171894073235
1.095432353274329
1.224418137757323
1.313395449965046
1.472823942966189
1.615413787039132
1.730925225816555
1.890528310753681
1.988495885105002
2.075505199222491
2.143790498743982
2.151763279259371
2.116519746523196
2.180552750355179
2.188804945922076
2.159014796170245
2.164782205728033
2.130553240860872
2.084424978081997
2.063826605448626
2.056789741025807
1.935364957462989
1.862633249290979
1.806530409287345
1.718066596893294
1.692158490144536
1.713594347905549
1.592905890583378
1.448482872061062
1.391550262022164
1.449684959988305
1.372857550004402
1.283597462429216
1.126428033769328
0.966411997225096
0.811673839964765
0.629073600394598
0.484545673487458
0.489955378241806
0.434696174458258
0.313339118790637
0.191173381887805
0.040955733708626
-0.075712075394612
-0.102331536085419
-0.102310011060741
-0.050644572951100
-0.057292152376219
-0.100689721514884
-0.154207535932291
-0.165513353684624
-0.205373400004010
-0.279866783519710
-0.374649307944180
-0.477876517480312
-0.525328268367862
-0.401693082910876
-0.307185879285429
-0.217891771630632
-0.194212528718204
-0.166578319801576
-0.075989967485888
-0.002807131775391
0.056305316095604
0.016160960323648
0.064698523398222
0.072894496140680
0.165667722639407
0.154216655389471
0.187026502488772
0.214285605218324
0.250194590363025
0.279848111556565
0.333891745022659
0.394267679152827
0.587707692627994
0.661538012418155
0.667513236721456
0.651413314526574
0.616864305486680
0.636796263938664
0.697143704700091
0.727954833337605
0.748185574282103
0.709533449612923
0.700128422245339
0.751800311973060
0.793649073294410
0.812820984129790
0.875732275492377
0.937728779108510
0.971311444914019
1.017076137749853
1.081876136936600
1.058200524142024
0.930479600246888
0.814899762013991
0.774360154587557
0.776716822250721
0.939453257592305
0.944054607121768
0.953062837879985
1.080030903389476
1.190212178757834
1.353693114199596
1.551320598408980
1.589913806751161
1.745118052906242
1.922837395486203
2.001412005944558
2.104995131391511
2.121870586720139
2.097913354348516
2.012217902269333
1.971067093943648
1.939890955381677
2.026032189550100
2.030721265119205
1.953467148902554
1.914514322637283
1.870623067592758
1.889897959905238
1.835758110352860
1.705922682224459
1.616618296010533
1.514663319361758
1.571713964689236
1.482147733586973
1.377214220156955
1.399133441742357
1.379518219573228
1.324458017147388
1.281896680689670
1.160412839094193
1.043601176617055
0.838553318971129
0.684541644224846
0.599717428312538
0.584457030046353
0.485229221362110
0.350575483369604
0.210941806266541
0.056578430825557
-0.050592168120187
-0.045253566387666
0.004738582343220
0.012083604086126
0.082218306740773
-0.012167585677736
-0.105126428779387
-0.127782623687613
-0.243034063120132
-0.289818437371739
-0.317896644529753
-0.438247562221071
-0.483777423860957
-0.388924504854346
-0.294368285693030
-0.210847947376465
-0.160885585382999
-0.131333139768780
-0.006550876059022
0.040314456888333
0.058353208392573
0.090117367921837
0.182170271664386
0.185940275570228
0.180258775125351
0.178547272868170
0.172817126660287
0.212233459134160
0.281252095686397
0.347979008717996
0.326864051065168
0.403735604471459
0.506280696932784
0.528520968937912
0.566236649487038
0.603822550653749
0.595316783551667
0.620580657634455
0.619425767656256
0.621441238571963
0.704132593894776
0.672066941553662
0.600382700778004
0.685987594059235
0.713577117062101
0.780809866476171
0.840788909490786
0.871960797228088
0.932977766289227
1.005167586859102
1.015416300190491
1.075935824266005
1.036479225603003
0.911875527945567
0.815155140799008
0.828512707227563
0.884739955896768
0.940239170579830
0.990712082622857
1.047703049230764
1.193815601953243
1.276758147509798
1.433228131669230
1.582147430348658
1.707127536870383
1.861437738253822
1.986574269233915
2.103246186969681
2.084753911439861
1.992293103573247
1.900281737609219
1.912323812514816
1.914221256761741
1.957644994317566
1.959992607389585
1.910386038754878
1.842859120962556
1.792739785733384
1.854654202826612
1.727886857543838
1.637261567141381
1.596969163297969
1.450847080084768
1.464270736931205
1.411262465415001
1.384756276909476
1.402768038878274
1.392906095732065
1.381884119849574
1.308716880147694
1.173477311939059
1.011297595079880
0.858137110311375
0.723718927482782
0.659274676302486
0.591311929738763
0.491875009104448
0.382441486410799
0.256405957350913
0.146370632135670
-0.006618203214638
-0.054487351778785
-0.026556150170895
0.031675445030688
0.032628018820365
0.000795082976980
-0.091220987232137
-0.177475503843097
-0.257805881305716
-0.261350494265269
-0.333619393054394
-0.375470220576328
-0.460430993157772
-0.400505752495237
-0.298143916611185
-0.220361268635177
-0.090923869476278
-0.001313664989589
0.065200712535887
0.043019356001939
0.034364390827499
0.074577421545319
0.209508355276423
0.206350939801522
0.156252023724262
0.157948720584816
0.147640618836005
0.164972163610952
0.251560055446920
0.319867797615494
0.294226020438685
0.335429062180939
0.367437134577603
0.422714956213796
0.531943928328472
0.616012408014218
0.572922661304631
0.587563441141828
0.629742979827841
0.557800198629442
0.594101530424796
0.595134876711481
0.603997955049296
0.673855533606216
0.769560717427581
0.828256437453852
0.842440742248571
0.868763957623021
0.998364599357570
1.129303508077163
1.107576155801811
1.093379400786780
1.022478443326958
0.929364280026317
0.787052007701616
0.767143328431182
0.819399852883768
0.917107343668398
1.034692776294318
1.159168259782547
1.264055021641628
1.359711912572218
1.417610206442266
1.574965732065893
1.816289135780513
1.896144719395180
2.041437296009017
2.110016161292106
2.053024591754804
1.956384915573973
1.872322782160125
1.880415988259873
1.937976908300927
2.021375080698452
1.986054115897751
1.885371348469693
1.817370927979576
1.736047778741618
1.764264291271243
1.692692862595904
1.615025146046754
1.553038006159960
1.469073804611531
1.427447369346029
1.361123060590655
1.352495806335884
1.344878542180357
1.402818765476368
1.370161921754978
1.252250370609887
1.130839691573880
1.025705299235786
0.892026360610058
0.699029617057509
0.630046110105164
0.602486352954468
0.477113803426840
0.382151662300136
0.267330304430913
0.143941757752730
-0.005632787848988
-0.091292119562316
-0.021746098242618
0.077167856442569
0.065004202982920
-0.067451119720609
-0.117864368990125
-0.154799524263763
-0.268219139976415
-0.270113882620569
-0.430700430201629
-0.484019023887478
-0.483999414119537
-0.525610298054901
-0.347114463885878
-0.221435654426317
-0.090799303549201
0.020082730668495
0.054077709018317
0.037893187545312
0.062982398735099
0.147314217397776
0.295501668930771
0.242463817110465
0.160484367193965
0.145697083692481
0.129765630352599
0.169219977490029
0.228187872965112
0.314485960093164
0.323052336785005
0.347168152555421
0.361548927703888
0.382401018600372
0.539527870756947
0.644847390056970
0.600035354259833
0.628350730685091
0.643737625654891
0.547169468512317
0.513585097195631
0.546853323681915
0.583006503855872
0.672372375613626
0.801134032608272
0.819845087804883
0.809747274958026
0.916362663326543
1.027623022970509
1.105890512716496
1.118015506341624
1.090285232164004
1.035830704720104
0.941529837325397
0.841990502737775
0.769150469563701
0.816664629169020
0.891492747544848
1.025289177028253
1.135017786899121
1.291266846751387
1.426708256802689
1.473227253665523
1.643030803910775
1.851696048216773
2.017373676963354
2.103059464276658
2.056807231684911
1.943435646123868
1.908489945928951
1.871496720604380
1.844479825183542
1.894106663578899
1.988275654477323
1.977422279024992
1.890764597772881
1.779866594488907
1.692781039258831
1.701573985844549
1.683562326417874
1.613938591586052
1.517212511713043
1.462868731997303
1.426770356238393
1.305630190665308
1.248104197521467
1.301103058247514
1.348308621419922
1.341901384621974
1.248953598360895
1.130199374744620
1.063600131569844
0.928285204890857
0.732403404098544
0.575119674352059
0.535477842835647
0.412500922698348
0.380840613185558
0.312501457961837
0.107850642119325
0.020107927096394
-0.054526622665154
-0.035356727002080
-0.028135145408223
-0.009804030675309
-0.122650252018050
-0.186139424973772
-0.234014347714653
-0.344596723894990
-0.374308630576418
-0.476611202903043
-0.544344140130664
-0.471331012323173
-0.447491285984528
-0.336371288878335
-0.262182538379148
-0.152603809882600
-0.073248435044290
0.002340643539348
0.027933555785763
0.083905786720972
0.191340188837112
0.297426283904566
0.263851376804051
0.194654142017706
0.190977153070932
0.194627805107417
0.252716972606526
0.274095749899715
0.283864529961197
0.370598013900597
0.331016975976212
0.319809224419440
0.376851591648205
0.500999224492851
0.550447690562897
0.504719125107643
0.556474620562869
0.581907011889605
0.575426372054316
0.613581703379621
0.535832082687569
0.535286115707594
0.686160941898634
0.784494436160236
0.742722093428984
0.803074730099185
0.957476329846735
1.022772108403161
1.079554523657789
1.093855806522761
1.087709534405193
0.956955943622231
0.814155650590053
0.762289742397558
0.782411945013719
0.829871200156937
0.906023732786859
1.004957817686764
1.129618033889485
1.354287132084482
1.484765738877309
1.550205324539932
1.749624744918692
1.892340542875846
2.022126197619337
2.102549918713235
2.049731491981715
1.931566937671291
1.926781688462056
1.850400007792024
1.787924123580871
1.833692804018916
1.884903185659562
1.931397646101563
1.844904997307651
1.776983769171022
1.726142014414417
1.745883356743099
1.743184131548003
1.672007475520171
1.525599790695164
1.369795971000841
1.328404637202655
1.234901950986111
1.236663105650118
1.329264992708827
1.336535977246786
1.327683712818732
1.304364639832842
1.182739809707700
1.100611289484137
0.916133152047280
0.717403690150212
0.562730215849946
0.473603293424272
0.380315860410751
0.335517251550770
0.206327846342080
0.071259642987850
-0.044068202128925
-0.123258810052828
-0.150923585279910
-0.197086850192100
-0.158570898105529
-0.193509838233323
-0.225831439557528
-0.335051073402069
-0.434134896679450
-0.414483945486649
-0.407376580194381
-0.432188733652480
-0.374365836541173
-0.354659430582847
-0.311591678673678
-0.262703288250539
-0.244407789364864
-0.234913287419940
-0.160024522363524
-0.061814007803748
0.060878282178953
0.145835760518508
0.259872770071246
0.323666153023601
0.294630269087332
0.288389867512357
0.282923029076903
0.362807073538053
0.310395270079183
0.331758102585731
0.341413333965674
0.311745611490224
0.354192397574527
0.448744894377701
0.459531987149796
0.484226084921905
0.461627713744604
0.455586600102638
0.456147310411969
0.495934463143248
0.536476767059716
0.501656877950186
0.499439738080658
0.680470562839514
0.830245603748146
0.788922084529657
0.846566846503632
0.988130340441743
1.031203254261339
1.052553885535277
1.058087903446909
1.032581367331946
0.872012689842788
0.670879437381636
0.656756411665113
0.725920646332538
0.805215295784846
0.852899858404287
0.916138803717320
1.039302650851407
1.243393267671494
1.433750372183334
1.579267764023868
1.747177652609651
1.929835451001541
2.059194183455277
2.093052124881754
2.013354126077412
1.977214113551006
1.932895062974080
1.851684821849736
1.769957433033614
1.780665640926239
1.797417163264584
1.808778722451233
1.764788654881980
1.686955161306510
1.749760171471483
1.855035789555159
1.877319783888636
1.719663254442158
1.554586013250636
1.414312846105661
1.363398893136164
1.319679642421496
1.327747580169475
1.435360894928279
1.466956118481306
1.435510696571835
1.363876117112134
1.145913565843611
0.982552893195906
0.848173071272503
0.702184951072967
0.559372742053604
0.467894138169452
0.346518313064341
0.178580569794266
0.108792287943989
0.037656209437281
-0.127525886874273
-0.197885441013046
-0.260640831659966
-0.326195342498643
-0.325276851274492
-0.262744418149594
-0.317539008675136
-0.440513124598790
-0.453489716043138
-0.434213860775711
-0.461293577406143
-0.372808474982923
-0.358399368860057
-0.405170835334400
-0.354208010592327
-0.243645096063905
-0.286269820335734
-0.263414502555995
-0.164946034937557
-0.076560368417938
0.105575931793675
0.228942439138212
0.376367933370021
0.519139650379581
0.492454934791061
0.391420860983386
0.342308918686148
0.342237200586921
0.378119423150473
0.376133722293162
0.441230669467213
0.440744717030758
0.415134931764318
0.487468868701277
0.486481905375813
0.418217409911281
0.375683225701847
0.351357037668001
0.354774745495019
0.425891144295583
0.411700906308316
0.396997894573147
0.430310983849980
0.639320586099740
0.765430011744988
0.807018209668627
0.856826977042733
1.003981768143850
0.988930174510419
0.930234782355017
0.948407150474637
0.902830453812178
0.819733673174697
0.678919407149712
0.635955961170439
0.666744998917082
0.727421219180026
0.738720814106631
0.847527513228616
0.931898684436998
1.068493615806499
1.252041713516580
1.515770790220576
1.777407792543250
1.986919402143972
2.064265594926971
2.046566181639988
1.966978709943677
1.936765880999493
1.909626724108506
1.856881613878109
1.807533484064120
1.745223530312255
1.718931226889941
1.693755362595423
1.736860149171519
1.740552592347154
1.783408533502007
1.904671519192169
1.908619613566709
1.787224703240117
1.646712005836060
1.538236569183888
1.457622159281659
1.392344374036634
1.386705063487671
1.453028080942510
1.506264747394036
1.542421991663470
1.438860213193165
1.166129946747132
0.916768086904068
0.785286321385960
0.690654117823482
0.525226006258987
0.411908988114590
0.294267789089119
0.134559473614334
0.007848684303429
-0.090416858525691
-0.209533906030076
-0.275543278664001
-0.363520087774293
-0.495208822511514
-0.482407919955120
-0.429416054799599
-0.469836487458077
-0.518388914663553
-0.470437847017811
-0.513947183024851
-0.526303327196584
-0.459620444438753
-0.366675866279151
-0.396965538701162
-0.348586709626391
-0.271408399015785
-0.301435650494773
-0.201425137106250
-0.085287147029330
0.038638584283880
0.134672367610973
0.345979574608197
0.513117585743717
0.488029271085684
0.477327037927858
0.435863837690803
0.401519449310326
0.400556072272096
0.454091004434639
0.424698365261625
0.429676696303180
0.480655487602086
0.416191296004019
0.419879880481177
0.446170382918870
0.393911882112006
0.344743541026489
0.320312471546430
0.326589517944517
0.396428710579652
0.351536806431568
0.346005572683288
0.374719863105004
0.539926850896746
0.636592880950360
0.708614100558902
0.859971867630299
0.922251296970541
0.897813218973265
0.818398345179273
0.833009802121122
0.786763564591962
0.758052595544740
0.729099010946134
0.654542733625940
0.625053835571274
0.618224375739683
0.728756675975341
0.802037159950788
0.857822406142058
1.026377993837220
1.197642024357695
1.422207403149266
1.694348795737051
1.892070186400271
1.984489485249327
1.999786696109337
1.944746396911529
1.928622257827364
1.901974036631092
1.844646051529743
1.773215649055060
1.736814798341459
1.656217738525441
1.634264307443930
1.691218026423701
1.735463593089347
1.697142536199533
1.756949895388226
1.792056052743400
1.761415983880358
1.733809917500208
1.628231957564232
1.517079322798528
1.440429410755215
1.436974194435344
1.433078759010943
1.461540977400132
1.509537845677428
1.417756489483263
1.185056470390145
0.961733248073954
0.787084636764175
0.637630704916979
0.486847224680752
0.353158612324041
0.262911948902277
0.095796028760752
-0.062862454637431
-0.174883760473999
-0.276813285318917
-0.317776221187288
-0.440284159263527
-0.599311808900140
-0.674020303142242
-0.622626605766067
-0.610750268146282
-0.575629265391998
-0.532668287717791
-0.535191905736037
-0.576829875020855
-0.572861604412528
-0.478505730685402
-0.419936496529731
-0.363113277669763
-0.261333204999168
-0.264376312388271
-0.170215291750560
-0.013420853806813
0.133067964917400
0.245184976373244
0.427943415087775
0.540148343961584
0.542122078774203
0.535503948489941
0.494213808197593
0.493945272192626
0.483954926963638
0.542469419266608
0.449387682857470
0.431138568803622
0.420056026517115
0.280786875092892
0.278109077111360
0.354984058775687
0.272972782613887
0.211776958382480
0.281830615062713
0.296351607456801
0.332686472496372
0.324109490882923
0.287159735833586
0.271881538282165
0.366389153250503
0.526980805663380
0.691722137839207
0.832131495090908
0.814213056267791
0.775217139353706
0.752218911362578
0.774149051935120
0.725243079604509
0.681232111574809
0.644044181087072
0.665211449021829
0.604140273502052
0.589328677430682
0.645523963673174
0.716474944575259
0.825178734498108
0.953635673069206
1.107285189581346
1.327668943276120
1.548499169955526
1.771192962784014
1.964532722391652
2.002835522296799
1.975669123528210
1.936117999176072
1.934070596569769
1.833783235825457
1.761197815944635
1.675508743900842
1.621560861262093
1.666990685674326
1.734593534167362
1.714402382863740
1.629856215924327
1.632992957743388
1.597922815667188
1.631604718513710
1.697348919366507
1.684936455222234
1.584840582881413
1.507533699072172
1.490139381189690
1.381617917405294
1.368453828704380
1.407367087013965
1.308257978694514
1.168373006238788
1.004651258332243
0.785994886198830
0.667052697884837
0.551023476718578
0.382581342592890
0.257179685991247
0.115252743722438
-0.071487904430262
-0.188779841896436
-0.306225531539238
-0.409192852223761
-0.492919624717182
-0.590286028887298
-0.700228803660526
-0.756222615748045
-0.708341308226565
-0.734788427597262
-0.664926767277474
-0.601297671630990
-0.619444315639845
-0.555663923208117
-0.469528513414619
-0.398726386567319
-0.290906953115264
-0.231749836671624
-0.163319326269553
-0.094019604923685
0.082790670576485
0.283129154905496
0.453337919976178
0.558850966282869
0.634615555616465
0.641859740360218
0.642192211122555
0.564857964479207
0.538150699080936
0.509294507530637
0.517541491605162
0.454724170766998
0.302276245462947
0.298572600974309
0.156170097707369
0.135665067358053
0.237996489511089
0.185557230349574
0.118469098860291
0.222545306689442
0.331081912988889
0.283152246664546
0.178328420190771
0.123380045035684
0.168526312595021
0.233779172637450
0.374423973562249
0.560663830722342
0.698936515009659
0.640476142475194
0.647753095435825
0.662985529456689
0.596402467136698
0.589974676096823
0.608084841612572
0.612312939772129
0.614022293004356
0.523881658730388
0.475052351195049
0.556001297002868
0.652942147494046
0.822804702089311
0.955790930112248
1.054092869151220
1.226456038089793
1.454740777766205
1.704037827985184
1.865483989397863
1.936900078667419
1.939175070268994
1.881092586411693
1.864319215952290
1.848366372247578
1.821363755505695
1.742385179989113
1.688364878824859
1.722582684696676
1.730523613689948
1.704317635674626
1.644912114729828
1.660978187096516
1.626750798720073
1.596332399032472
1.630270269854924
1.719598706140776
1.699030614240161
1.598328087929608
1.492298284527334
1.374930852145903
1.334276146409058
1.347567406024629
1.256763773485312
1.105645642188207
0.990251324608867
0.836464770257012
0.613199976251849
0.485084811868119
0.349732112578921
0.186584609858845
0.062271875114121
-0.049601500448243
-0.208487699353828
-0.314752364764880
-0.460277144382831
-0.600700642000023
-0.645626048645301
-0.731305657922367
-0.749330482431814
-0.727876793685844
-0.740375513347219
-0.746531689798853
-0.747723308846743
-0.706509076739618
-0.594296657942621
-0.446415310454151
-0.395424531633829
-0.354514028362913
-0.233726371020853
-0.087915821533410
0.077312180596275
0.179634088261830
0.312281808192468
0.511644905736355
0.595301207474950
0.629589144684008
0.719712435159784
0.736371841752284
0.620990094034541
0.571963870162516
0.513150179955632
0.431986008983075
0.360200625581881
0.143382844189353
0.156788986189540
0.083903562722325
0.022405675555877
0.013399154740037
0.035250301820328
0.070454473632918
0.138504256981278
0.155414839059006
0.061841145988103
-0.001713634667285
-0.023941126472884
0.011711355411548
0.093921318030088
0.220771885607131
0.412065806383286
0.510195975554625
0.462648535512267
0.511418970119734
0.531145244030298
0.457034222195974
0.478353587589806
0.494378323266726
0.466193327411814
0.472402137148237
0.472363093577999
0.401710951364106
0.532418442021660
0.659371214605847
0.849151787501189
0.943760879049056
1.033976820869416
1.148810767665214
1.360338098643662
1.604809272518099
1.790489232892738
1.840742309395490
1.875963761160219
1.860379064466532
1.822752086706062
1.875336896873514
1.888944659798056
1.828110665766897
1.778675032798960
1.771184170533917
1.799509459927511
1.735684877618078
1.705757755874850
1.718716546968730
1.701060942628254
1.670391676552097
1.664539898682303
1.760280789498020
1.726002416449329
1.665023416899847
1.485639716619027
1.345493175571584
1.303567114018526
1.247108268155507
1.189814176846157
1.078151301388276
0.955339324544168
0.846399847297579
0.562613676741880
0.344678530408465
0.206253930961893
0.090610669066630
0.028981761885808
-0.045223947131135
-0.243991634983025
-0.315718118154309
-0.379120388780198
-0.553107198084074
-0.650046025348223
-0.636083032981338
-0.651249846870662
-0.690320947956676
-0.706890332597210
-0.774409635657102
-0.783118916100933
-0.681552622643027
-0.557452381338674
-0.427862775646482
-0.373765001662130
-0.308922049898543
-0.206506002297163
-0.068429591396856
0.114852638441885
0.184184781477117
0.284647715931915
0.457341815616971
0.544373734914346
0.601733654949897
0.632934418107306
0.678593046291885
0.590290911280740
0.484292313821516
0.402920381841746
0.324831804629246
0.267766791314384
0.036868801028764
0.062754290476131
0.003706573790039
-0.094307461685220
-0.149937812602984
-0.185734843889504
-0.132289041891199
-0.085295369310924
-0.092556851836225
-0.120917133232354
-0.146990663704340
-0.171332620199377
-0.188051608678427
-0.069248003547055
0.036927299419681
0.145181794045779
0.259564100904975
0.303245440983898
0.326623782152534
0.347385083156482
0.357367512197792
0.337839241666982
0.338293021470799
0.330576511675745
0.343508947193423
0.287019816777303
0.295712811780617
0.467571969976095
0.681879890485102
0.810041362029678
0.885168442052426
1.022605281737261
1.155802450730854
1.392803606691539
1.569400086100125
1.690132814185695
1.802450433714558
1.813347445137923
1.867699626260766
1.879616727289244
1.911920557054078
1.876173131724825
1.796717150615823
1.801934893381093
1.840766195049415
1.801875023699857
1.751149617700080
1.779067864189359
1.811164496075252
1.785443764532977
1.797302782972090
1.753042463420546
1.723281787418269
1.691442716504235
1.570584443384160
1.439288652091748
1.336688882763681
1.211824853484305
1.170968615379027
1.150406442502063
0.991434233541394
0.908947610490223
0.760373836951305
0.523451935436293
0.268186970196979
0.112197815025336
0.060373913678104
-0.021134615714482
-0.081452790312571
-0.220758228892633
-0.266126827440195
-0.286498888693109
-0.376739629160220
-0.465088228105548
-0.480636387223470
-0.563171373371476
-0.609220303679641
-0.598319580286085
-0.734953891717088
-0.705802402869324
-0.585936017199360
-0.447062124814546
-0.329638720356881
-0.313960219851028
-0.171854572856067
-0.029459219973071
0.076468515280801
0.254935249425050
0.255956550478414
0.296255207372420
0.390956509844703
0.491217965257417
0.483717267031336
0.471657630452234
0.483673811819843
0.392313322226259
0.377376236997785
0.305368110415630
0.245615052298764
0.123811480994614
-0.024646670192771
-0.013523905967327
-0.071425029166213
-0.128200195230429
-0.195333193930407
-0.293288554823602
-0.245761548908237
-0.228437320426531
-0.262514107959069
-0.254200059322978
-0.273355396165006
-0.296801149794791
-0.364746625827982
-0.261473233602240
-0.166817659481624
-0.069427590407210
0.063217963204129
0.137301478247077
0.169287648104909
0.164258707368018
0.236519865549267
0.206571692812658
0.184661987549704
0.164258086952156
0.184758105847225
0.174076727606103
0.243872192879598
0.351601243593422
0.552369895807499
0.747783597623417
0.888261166333599
1.093246187063333
1.300811103196528
1.421864199972487
1.536787323454940
1.684979558185436
1.800641764983283
1.823366655583095
1.898483293109386
1.929321782082941
1.911008920513540
1.795113774994949
1.717065669103134
1.668184100767654
1.751481665717011
1.764592112814426
1.753385883834325
1.835313923407303
1.926694767245970
1.907415453651816
1.841735510604876
1.782538936862447
1.767958368744458
1.672664760845987
1.507944982359091
1.397523905888469
1.277330579348496
1.164014735430895
1.137636532701958
1.086373738399354
0.983379312448675
0.851890576919285
0.741132004182417
0.501600002344220
0.239582808594353
0.113574740511213
0.071426566714346
-0.039172756557624
-0.170203613329622
-0.216045044864392
-0.183196991170096
-0.195922833268498
-0.300936697021117
-0.368820673683936
-0.450768503794098
-0.509272553361273
-0.559197171651938
-0.588831075144755
-0.686950856801367
-0.661147333282306
-0.528369839447969
-0.362166883761991
-0.232887940776459
-0.176208820753837
-0.034850743180267
0.105601515732751
0.192828378690386
0.310775216687312
0.342631583744586
0.270412163470962
0.251459503625149
0.328262562877334
0.324326324144846
0.284899003870754
0.298759209812242
0.233324711539730
0.215138254539964
0.167194992219370
0.096501841573347
0.001320511666870
-0.121354498163779
-0.089188553496154
-0.103068897801221
-0.122638007513888
-0.232646999741545
-0.282615503588642
-0.247848032880466
-0.236624250643708
-0.308725331424167
-0.331066051396630
-0.384835773888226
-0.468755042478643
-0.585525381167461
-0.531620204019820
-0.353484752007374
-0.247382386126005
-0.084353085336127
0.026098069174988
-0.031384005719505
0.054389631469163
0.096820717126264
0.069575968125548
0.038359939794740
-0.036429583203843
-0.029680875414775
0.032336969028244
0.110427565583241
0.246810975032750
0.473657948309620
0.668038459859069
0.878271697910017
1.135766009886909
1.314539945015468
1.389182214012807
1.519721658147773
1.649583186654969
1.811852774733823
1.857460065076457
1.882188126335073
1.883206434960768
1.754233362626001
1.744931907129143
1.724299265397896
1.664737649142925
1.654865662069804
1.643415287570317
1.748739176294704
1.951642892096189
1.938718958142621
1.952887396622247
1.851845298601441
1.833811324596835
1.795458520814554
1.702683597627255
1.551187613080188
1.415336901795312
1.304317802583033
1.208157364580709
1.107273207274975
1.047221903867043
0.997323328101225
0.814201860058307
0.648933351045983
0.460338409543507
0.198725033597543
0.112201344641185
0.086556618599224
-0.096414482113999
-0.177674530519662
-0.145843352527822
-0.079719736382593
-0.120169261848843
-0.262181732508929
-0.351875528036177
-0.400654740938605
-0.455749970027368
-0.516423924888329
-0.593224825392701
-0.634340660745419
-0.526840573902182
-0.341476037492480
-0.248953706595575
-0.191490860426994
-0.107656919410792
0.035038069102685
0.135999467424268
0.261436217849647
0.341305340474004
0.353878998482546
0.166125103068549
0.074057673350272
0.139911086286855
0.186197184720169
0.199339780395115
0.195422786234040
0.100085088910108
0.028496832793621
-0.000608011199347
-0.017510018020410
-0.100938633716938
-0.173581796514526
-0.213721508155962
-0.169834950108816
-0.153291694011125
-0.211089431838679
-0.344838420057207
-0.305387329605985
-0.284423298042234
-0.350187934902425
-0.437936394432694
-0.572537978406775
-0.644840370575303
-0.704535977811341
-0.637779180737252
-0.455678898615395
-0.340799860154743
-0.231747765385781
-0.164197917332988
-0.161199389524268
-0.098377465488284
-0.065941779085604
-0.128644404766858
-0.139905854144895
-0.232326382147430
-0.233927036023335
-0.113521116804124
0.041091533110197
0.219451944465124
0.413860951260617
0.525874542367607
0.738449821327790
0.967157735480488
1.173969288296810
1.269837421461927
1.443705602473717
1.657892384137851
1.761340958520058
1.862103352429270
1.842481412303804
1.701802600999631
1.633560562587797
1.589884247162519
1.619440458019471
1.624926829049530
1.587157421158623
1.526950861267437
1.669635710279223
1.899304925280911
1.967635332783629
1.940926658829366
1.860090854597949
1.831552968780095
1.699199631355972
1.553660247859098
1.461534242407421
1.468730675234201
1.367177034322442
1.191438350823173
1.029215650949211
0.992890460333743
0.952610706564072
0.793155956663684
0.587761694441953
0.397302717434695
0.194383802383448
0.077666157361024
0.028717208049572
-0.048263978255823
-0.081187750444948
-0.047304519228111
-0.024526633293619
-0.078815625161302
-0.152594775627643
-0.296501071518694
-0.404827108548242
-0.457410426455872
-0.494273467704197
-0.509954323079332
-0.484510649736883
-0.344155882283311
-0.154026065989982
-0.102634114448551
-0.142033322901599
-0.088133645694707
0.038072250125118
0.174943091720315
0.251583216039517
0.306279366489826
0.245652167740923
0.150935777175560
0.046082433855958
0.111606137216276
0.137060575037930
0.139082909879406
0.067153847176250
-0.049358996368229
-0.033780611279533
-0.063197042090203
-0.072574095075189
-0.140664931532772
-0.221913857411098
-0.204233979045815
-0.135642794824516
-0.083258009316543
-0.206398715969806
-0.374153592386882
-0.412068197082686
-0.406196513801311
-0.407385954658387
-0.475519562883928
-0.587603012219400
-0.642147984579050
-0.747837078011276
-0.756527538921033
-0.590538208500294
-0.505705075383340
-0.431528033387190
-0.347872226312755
-0.263881891416797
-0.251017454747904
-0.265321212398401
-0.220326376580542
-0.264574849846240
-0.427488700539069
-0.427765172387574
-0.228806206042367
-0.000197002701319
0.111730830362683
0.257567646220424
0.346628242704697
0.551549405227807
0.805159755700885
1.022660251231688
1.179839068195458
1.384464888547387
1.590263442319502
1.708063943354485
1.756152984189313
1.658927275835691
1.548218010989938
1.504606631004384
1.509338093101056
1.515674125875715
1.532143121163861
1.486422390694984
1.412361427393657
1.536666529711452
1.760607510576745
1.803000193554448
1.806734238270479
1.796841185233364
1.762580648197522
1.572536745779023
1.441833321447630
1.376361597380802
1.348802367662739
1.276341193920603
1.096525989250722
0.939070224862159
0.863056183505759
0.826313825549581
0.742253076862525
0.533280181768927
0.405889352345605
0.200498675447557
0.054794602507709
0.043391819362245
0.030783952921120
0.035462272973216
0.086707399624196
0.039534301531111
-0.046883461671320
-0.180868344541187
-0.348952626888072
-0.445335146170792
-0.473577595410435
-0.466694264667603
-0.407180052065441
-0.315821271509191
-0.174522148835954
-0.029323164429869
0.020807892288012
-0.056747583958560
-0.048914809180468
-0.039669601817818
0.001104354217847
0.084622046283692
0.125531977484320
0.144125296581231
0.155502055940724
0.098310440723519
0.038642074716124
0.056218660956703
0.026461761550550
-0.078519046669125
-0.150617878110111
-0.129455426476702
-0.170486787415742
-0.178739785506879
-0.208881197733602
