0.926087228227529
0.768273035598102
0.099734204101214
1.936531978339534
0.928335279138482
0.729196612801541
0.338120230230055
-0.252972674099585
-0.091151296706835
0.169007790154720
0.962383265859707
0.698230200316738
0.189579709683585
-0.219235341550854
-0.318756872200798
-0.828013590089709
0.462182792643734
0.521459928247030
-0.275948729630309
-0.738863370607690
0.794533723819658
0.859020572969280
0.215236979573907
-0.187383786994186
-0.711776424256699
0.092470126076443
-0.852452461293956
-0.261586014442372
-0.471181873258800
-0.521514534593307
0.933404440013442
0.556178360542152
-0.064302030886814
-0.515419329571614
1.226636473875804
0.882453627274324
-1.442667353469191
-0.703438280379105
-0.898037802854331
0.115041571683672
0.414097473420658
0.882035753873700
-1.449080162888529
0.952854399054906
-2.072945088070004
-0.474454273352548
-1.001160670155790
0.154137960237690
-0.885806039541768
0.073364440415809
1.695596222801485
-0.654464725330777
1.386941364711927
0.823768165273606
1.387694489909778
-1.141040247393885
-2.187201792424929
0.041059863034482
1.319061077832796
-0.477256693447246
0.194991553676822
0.849594666628352
0.444686037428418
1.565070166954953
-0.416479519974015
-2.317959170001397
-0.101286405754751
-0.045118131037144
0.092374977974785
0.043780142275228
0.572500720192567
0.470647373396226
-0.789255155468421
0.280643608114759
1.170382195958604
-1.397502162684754
0.262436866903963
-1.193585284740440
-0.640490186869350
-0.205370209112823
0.328007432321826
-0.116566344215806
-2.856538842702995
1.544765919652633
0.842131953047048
0.152401405905213
-1.372864542188477
-0.264489794698733
-1.873867482039692
-1.463047683908459
0.580436905886480
2.219072966753900
1.129612297318721
-1.414797073470763
0.919050715170606
-0.842870493684215
-0.734486821825319
-0.672246471263229
-0.103017045327785
-1.382230870708900
0.583111979117394
0.053374014994462
2.116042305966563
-0.514616305048919
0.340246220308915
-0.542137976686759
1.583195833103830
0.506202051118125
-0.920001128656874
-1.620166867788249
-0.342477437640545
-0.226087305190197
0.992908012093063
-1.725069952818349
0.384309323272961
-0.116417670709965
0.812679399764687
1.004920180501516
0.025448308433816
0.488480357031204
0.862235705919233
0.682736505849550
0.656256454995311
0.537682214658778
0.913235470136655
-1.334284672478543
-1.056239794501214
0.962645136214460
-0.414433694477141
1.461845747970094
0.705758863279013
-0.112306762085996
-0.750451019082310
0.789113758640494
-0.182339647758354
-1.226807528741181
-0.800877510106054
0.686473106373452
-0.026006672617675
2.241024730178858
-0.942751422921560
-0.149951362590134
-0.706444870747423
0.802459982709058
-0.170993850057029
-1.044138560910422
0.673266010937525
-0.072781553541709
1.612533452337664
-0.092430622493799
1.071889656500171
-0.463479562053569
-0.406964921285718
0.290013946697961
2.006054287851422
0.085503086476346
-1.030405519094980
1.668061859689189
0.979841230459323
0.241833248193016
0.000161253617666
0.505305484436210
-0.816053137159464
-0.345772262257992
1.715312140822138
0.730862178509262
0.847736863664436
-1.155565590224207
0.392954667350783
0.489991171072561
-0.392068065426910
-1.990097924149924
0.404967331764747
-0.780967670208285
-0.352606669511797
-0.404889103208046
-1.206670713802601
0.354704291802795
0.831380280564131
0.204136681275337
-0.981566825624416
1.502573667017574
-0.027888166365214
0.778843867875250
-0.023209907717188
0.572352966770458
0.024574364682977
0.500509557037498
-0.797657146449316
0.146060539472195
0.544440924062237
-1.191906827416995
-0.639368760441619
-0.231105190127223
0.974278591761992
0.032335350242346
-0.660942746469514
-0.015042329808795
1.532581477115885
-0.799728607914211
-0.617439959333502
-0.444552244111418
0.402205863420590
-0.457809501080762
-0.256196639788246
0.312273998446511
-2.179285736339833
0.251411322823849
-0.611812677844401
0.665466241393518
0.252376114394697
1.022141310246220
-0.038326554279727
0.178002319657578
0.881078707059133
1.013151524723450
-0.529920423086997
0.127633757460160
-0.709409496357263
1.190278781875538
0.868238176920158
0.758896979796732
0.072810889285925
0.262143990728740
-0.502786046583567
-2.039238929838517
-1.092128647196759
-1.523775385083905
-0.257951909452240
-0.564428064329951
0.123604811734028
-0.757785074968246
-0.535711667076222
0.048712116549231
0.329681236294650
-0.743604833788140
1.956838535277280
-0.719140927979914
-1.407101264887971
-0.901705168428127
1.180544326037362
-0.494870300944838
0.769302585389081
-0.645229996482918
2.028923554904258
-1.153556677132007
-0.104966812418716
0.226189834753675
-0.688781026149447
1.718818480692589
-0.230700021635236
-0.996877629375507
0.469174998216894
0.155912275137310
2.753265650988401
0.483990431269128
0.388784522403759
0.022825466788099
-1.608161179192100
0.791164057980370
-0.669417568482064
-0.387805698089318
0.247550061539173
0.902512594651466
1.313221442938004
1.691635784238448
-0.197696936724515
0.503573678891016
0.597460746946560
0.352390804919836
0.500579602171669
-1.006567161728865
-0.305512067986587
1.012700382200116
-2.893972470231398
-0.794975841094481
-0.645857947330160
-0.552274262383939
1.374908237726089
-1.005891088688079
-0.817549111139688
1.086972313714457
-0.083519712902491
1.299670221192331
-0.791276988454819
-0.170441466321354
2.039534180409505
0.270455215032681
0.723932451662729
-0.999402368277923
-0.275805947526869
1.522282097084770
1.337671443143321
-0.189104637964768
-0.967200895123039
1.445781726985067
0.818364238792201
0.028990941563265
-0.393257072694884
0.591814075451136
1.145888447978621
0.641910348452349
0.336972041375761
-1.850530321516948
-0.401122826136526
-0.101836373499625
0.550124303499963
-0.297210683032371
1.201336818985375
0.446838700248233
-1.007891450372006
-0.321995625991619
-2.548878538246220
0.601923763509980
1.138652942021460
1.194763657622087
-0.022305751033632
1.879363553308163
-0.909685055149806
-1.144053102349356
-1.941576517375617
0.180611373621007
1.503350217904784
0.579356560928817
1.108142077049005
-0.053758169025902
-1.810783569892377
0.848619383579302
-0.305778468726202
-0.523687048393731
-0.549610549940267
-1.135248374204524
1.456031125552495
-2.432952543044733
-1.101857688895099
-1.268959720434755
1.524999363966163
-1.095795738003338
-0.361951972175972
-0.007356979671084
-1.249811779899799
-1.148835659841254
-0.012014389667034
2.174400035760891
0.019716830467245
0.945806206574680
-1.605038190498508
1.448623350632082
0.075470654064087
0.530430158626036
0.351888041409849
-1.827823343720344
2.286403325901772
0.054753262232538
-0.487710924787475
1.180427627936986
-0.495606852243018
0.030190365517168
0.533274494811539
1.347462622982633
0.887664175629144
1.348062177685970
-1.280830142938147
1.530056939209737
-0.725529798039403
1.459462824635092
-1.472053179782100
-2.859725310238239
-1.001486667691302
-1.148607409681857
-1.488266762180226
-0.499577686921764
0.709680723038342
0.835850297261244
0.608067805430157
1.540940186860189
1.829588661744593
-1.460610545026273
-0.789985699414179
-0.918734379182981
0.811951738409541
-0.881466954285964
-1.002491796704426
0.432039628544587
0.483615321421796
-0.494074102910762
-0.051109960871074
1.581742195329112
2.329022098276762
-0.085380920273781
-0.065984470358288
0.143544308782066
-1.443916462293900
-0.177504746291218
-1.055691320136446
2.860493912049483
-0.084126787231109
2.247161667882308
-0.186641385785452
-0.730889253980040
-0.342539943645287
-0.263988395117196
0.922594463541534
0.104021094674825
1.785840996184635
0.146521511083102
-1.592314839618580
0.235208067933185
0.902820060349418
-2.061895603136497
-1.330828832924889
-0.478923489390256
1.063742367882920
-0.423081179138778
0.287643385375158
-0.528969452392088
-0.637988264771446
0.668817393450467
-0.190419566786168
2.239645438120997
-0.940666070956940
-0.579557239531459
0.636419588152928
0.841586850945312
-1.641370169404573
0.200472741658998
0.254843537060949
-2.566721021918824
0.887008208518189
-1.222268968668466
0.362197813007207
-1.880991603101991
0.893273915305170
-1.142887848260911
1.068073942128737
1.959729566804513
0.433667674757819
0.829812615764253
1.166264635441129
-0.046388809891788
-0.663670296045768
-0.167470576455021
-1.106988467728972
-1.205257085855615
-1.596951081982268
0.186199706496761
-1.176051581912355
0.042915903653356
-0.794381397855228
-0.431780719707603
0.471302845239781
0.584209065007903
-0.003705074106407
-1.549104663917644
-0.528454297589294
-1.875317531209859
0.724543854263761
-0.566831029663338
1.457926381845003
1.712832256255025
0.662700126526814
-1.193293401035965
0.072427202856106
0.899821948806046
-0.914477843567164
-0.088346444220215
-2.180037524396888
1.352557353659182
1.342765950694969
-1.126678677891563
0.798919058882117
1.193873387880482
-0.093630758658952
1.063370511418429
0.990340651286952
0.236092721030124
0.686721015542798
0.580025257521522
-0.545188192479607
-2.713354405309335
0.956683996434166
0.494474596054754
-0.809569503595388
0.996806215870677
0.240676760532244
-0.002553494648178
-0.107892704462929
-0.569077968224108
-0.880918046335646
0.909528258491530
0.165620092173448
0.239347004154408
-0.467750656151378
-0.907726065776646
-0.420447093663725
-0.274963589271081
0.895983782950090
0.176072548780877
0.166827559563189
-0.114109895771409
-0.603567853777081
0.206017877346641
2.764547805194210
-0.046892387316644
0.373244344917828
0.484882987555643
-0.913393643844518
1.026457486001714
-0.765332860167670
-0.330711699646553
0.730445103963056
-0.716840008410797
-0.811976746092404
-1.526313292453828
-0.262068380105643
0.563172609522458
-1.467869902862287
-0.086119918763882
0.883715192364739
-0.669742545109868
1.518031638613310
0.220422083831191
2.207259572060292
1.535892783290468
-1.063236712912073
-1.243564839850915
0.826925273367655
0.874614262801926
1.277074945824251
0.961616502753304
-2.407283580257906
-0.549694939930637
-0.195024229971766
-0.332391903904784
0.038210979442162
1.264648667249628
-0.839758094027847
2.079938830492885
-0.905127213882744
1.204295505071155
-1.247660731131951
1.292438521740844
0.487490896245791
1.085231385924317
-1.281522030732008
0.556440880039210
-0.551197375155747
0.981445023137893
0.420882811180266
-0.169961853454481
-0.236854224341562
0.828515099501876
1.531481360606306
-0.357039382078668
0.756501243696091
-0.609975349886651
-0.019549832564918
0.184485632328855
-0.685743266912551
0.905508805035261
0.380276472092711
-1.140691059089444
0.547981823524673
0.429478557454627
0.236033963054766
0.454445496065519
2.315915409938667
1.154472089490781
-0.846478789798802
-0.583453589111756
0.934017927829711
-1.162512717996689
0.095837575329323
-0.866003965733569
-0.619073037125143
0.760243119788906
1.082616750492209
1.080184524978511
-1.065279460089074
-1.161856292844169
-0.042363544530499
0.662885675675898
-0.014951845049982
0.608132846419392
-0.535784905299528
0.111715305567193
-0.425097369320887
0.594134431827632
0.136144640743966
0.247602345582434
1.027296248948131
0.528232534595591
-0.044230737421722
1.182496525666290
1.574234704945357
-0.147686304773039
-0.910598635254974
1.758133599396959
1.505653437971465
0.027860998031180
1.266518498669571
-0.744377337290950
-0.444076411101285
-0.351750114860369
-0.917389605727183
-0.279065835982163
-1.705941972594935
-1.080747370150781
0.394640707167182
1.551668964499620
0.013693171849797
-0.374076337270130
-0.333837505887322
1.260628613251293
0.050267943452916
0.653771820274724
-0.000908038972474
0.124184518709063
-0.691423256325678
0.181788994992055
0.678843184720606
-1.339124005802627
-1.608123698635809
1.216396108242799
-1.856461373070737
1.180087823780037
-0.053694470373686
0.102797868821236
-0.297833250133822
-0.144785135720323
-0.208886883438244
-0.411488082530269
0.422830959477228
-1.349887673101849
1.593333044709939
-0.110743773963943
-0.402301370381921
-0.572853949606138
-0.919410758318777
0.260080516751811
-0.575938109916656
-0.512944545771911
1.368031096579271
0.109077643485837
-1.329321939542321
0.023192216967034
0.138823831052027
-0.827916008588155
-0.420818856906994
-0.736530536017225
-0.234377115646100
-2.023805515860128
1.255654890083386
0.137459306075556
-0.908886125065026
-0.858936496960285
-1.734194385457443
-1.066143365340093
1.772895921732686
0.424868430538637
-0.866563651218795
-0.857596383142138
1.568738206261648
-0.229982186899881
-1.305865662503382
0.841135870412533
0.983981563801467
-1.067151979531262
1.033701593464942
0.755622328384073
-0.349949965293994
0.624060902363310
-1.485793554426915
0.286206443764849
-0.078470396185765
1.135291353432160
-0.141606085891110
0.705152434643446
1.191542019618177
-0.516430446233675
0.681861684005714
1.405938927170635
-0.791196010123940
-0.529048532037046
0.184261544902728
0.295006577267624
0.748101277744017
-1.056469293729938
-0.319449604677830
0.493531450655533
0.075253769611228
0.288234276264386
1.325140946673636
-2.121325018995180
-0.842928407372986
0.022727986408827
1.548300065646367
0.322702076690189
0.746091821317513
0.880642521725179
1.583124675422814
-1.160683804876401
0.304513420902293
-0.033916413840586
-0.161000720752153
-1.325500578028174
-1.151640872152809
0.127846683049019
1.813986729131809
0.831805305294459
-1.596834743535496
-1.137713849822182
-0.359571965835453
-0.484618179433925
-1.604267074402372
-0.544926868734729
-0.379053308052315
-0.472051607683628
0.653953020177591
-1.606807128852327
1.042639342893121
1.044314398549825
-0.488546977271113
1.739250420153713
0.149379752969265
1.072979091789575
-1.457027884529950
-0.330485216757324
-0.261794417144693
-1.390850647454748
-1.179678959618045
1.678023997598016
-1.006322457674904
0.765310033314945
0.305498690119225
-0.238916263367598
-0.487435489913364
2.640668379856537
-0.372042041488353
0.675283090775614
0.704015772603191
1.820346827280873
1.036468923823977
-1.011366769570570
1.237072564963467
0.048507872476273
1.197097571325554
-0.535357881128731
-1.117124769111812
1.183933681873893
-1.337035553199141
-0.136451062214963
0.002376669736570
0.134487636369534
-1.059507368221798
1.385057574667342
1.787366915554577
0.377872373525731
0.098542919196103
0.645381034638212
-0.801428338142806
1.713509529842797
-0.716518074899447
0.729848815527895
-2.060097470392920
-1.606889333709036
-0.492358098156375
0.458995047664618
-0.174083384573010
0.621001222470499
0.325234011950921
0.282365880461091
0.264260172688110
1.338312042787154
-1.201448490336790
-0.336271203621362
1.256218572249521
0.640552511934399
0.413541280240436
1.964400655140291
-0.592261897174054
0.836323965120772
0.036355057278357
-0.456365245046679
-0.916696881354665
-0.947619449366244
-1.606123952467699
0.023433780746909
-0.346165130090784
-0.759181734307864
-1.106833183025103
1.489652408657433
0.711565200016255
-0.432091086162520
0.301068895134053
-0.378023609114329
1.742600616297145
-1.030261991899372
-0.343657051941240
2.458192051658080
0.009532606606672
1.159954484361493
-0.179181426410131
0.678794712373267
1.549175916461719
-0.670136444840076
0.001713083442589
-0.938141638384547
1.217788752765737
-0.691895442434254
0.740964547263191
0.769593463786618
-0.753030865697555
1.627301616129749
0.669010639964868
1.289436577990813
-0.138304036184067
0.690429212955877
-0.498342954690882
0.416570931361688
0.863184537902167
0.882287479506217
-0.538627823302196
-0.746615342722116
-1.109706088760946
0.446250643195773
1.235158984234810
-0.730762557352657
-0.245547020925805
1.962457965309451
-0.414869951477504
0.598336591834551
-0.274116235335189
0.195104303310951
-0.791127485617602
0.074516803783404
2.005452643706548
0.616943898145782
-0.711463077496336
-1.052576533118461
-0.881323004893774
-0.426139350521424
-0.109217462958094
-1.780152629917814
-1.058799117461690
1.405538312879601
1.602403050710624
0.478673275171930
0.063708625043897
-0.038718871250959
0.013527399609506
2.505837633034046
0.717221901203538
-1.382261113453199
-1.400428531832169
0.565892690223448
0.695300998572516
0.573414745238290
0.725793000869917
1.834853307341588
-0.178688366586307
0.670801102702240
-1.244409592014265
0.977622961782115
0.100872859928656
-0.164647147050173
0.658993021375025
-0.596158369746007
-0.825404490603906
0.777306108460163
1.070176033365562
0.053667359278584
0.530874839287601
-1.394951470257424
-2.800069221309360
0.746482095442343
-0.530174315686219
2.868502077746209
0.857685238286910
-0.361040900374811
-0.095370824977062
1.185417975543057
1.362949048779251
0.427556201585691
0.027578865425775
-0.278484419876559
-0.142025731644025
-0.041525674923775
0.227054688553920
-0.556359094171295
1.368587499379450
1.702435274505965
1.559895565374498
1.508793459203417
-2.006254732958603
-0.148102088325778
1.599164972547282
-1.039742783783637
-1.063612830310154
0.155916883000529
-0.796743162919220
1.060647564324180
-0.813341125661003
-2.182547843718509
-0.025658944052732
-0.198035011895408
-1.742378365738737
-0.872723968477348
0.145277870862756
1.319690315118112
-0.796554044681199
-1.349426321527553
-0.168955414851737
-0.088261105907107
1.167270787498135
-0.639152913612916
-1.094877194784020
-0.129581738655694
-0.956521861863059
0.195917051590461
-1.486991438162857
-0.081467184141277
-0.561648088502092
2.005827915221355
0.044018309009814
0.675705478484639
1.025277684658871
0.269621814112394
-0.380934366359505
0.873395553202155
-1.176632300927457
-0.194614941525849
-0.198476654044901
0.139698325980533
0.448362772730875
-0.238088230513685
0.631965701505761
-0.077510953954859
0.632630179604382
-0.965244054974439
-1.063232208388431
-0.201368291739723
-0.558948712259872
0.381008548201317
-1.616755779562577
-1.628128883815116
1.189309242790181
0.154395758525919
0.399292514841827
-0.992404734868345
-0.708036891011967
-0.940660310092139
0.099364330855677
0.303653631132341
-1.283906140180446
0.982561811651792
0.909390871600248
-0.779724334316218
-0.130272273253569
-1.003018671553333
-1.211833260035022
0.778268520565801
1.269544707235091
0.947565115638585
1.278214894013462
-0.668813914717627
0.576404514497815
1.200730682922362
0.938546330043237
-0.511355468273100
1.024353327898556
0.674235595919190
-1.252135864255625
-0.464168899234885
0.367367396016382
0.175196657987750
0.068980479267515
0.258929508888348
-0.951139276406447
0.659971759306753
0.071604284270317
0.291309193946003
-0.469238778041854
0.397308801896929
-0.866708281589887
0.254342743205586
-1.771747226136096
0.959715842679661
-0.431314349466534
-0.135119603151201
-1.157479734108788
0.512467521617639
-1.305016894327208
-0.146183204598129
-1.625764717953007
0.578212038257714
-0.013012572754973
-1.467955191527415
1.177375512856535
-0.524187755579049
0.409849813044496
-0.934827938148982
1.626819262781132
0.261116462356669
1.335319706497700
-0.509173067208272
-0.928657684360164
0.177375771415317
-2.042943059574297
-1.462783941086443
0.751218459095922
0.526596438113696
2.016302123614042
-2.007732123522008
2.734269372878779
-0.184692622399392
-2.052583746628883
0.746811441993807
-1.486195114813256
2.387030324940875
0.331520565853250
1.100967565361254
1.176636455149330
-0.768387388622117
-0.277124033737657
-0.773430954466658
-0.497733634711358
-1.181073683207019
-0.643240777248865
0.081877429651405
-0.700949301211597
-0.889373448445481
-0.581799696288079
-1.410685813778759
-1.734794303441213
1.442786168349671
-0.137797125063372
2.137844159523981
0.634162747874269
-0.907270891351333
0.248621622129492
1.092157706120695
1.244245725936024
-0.723102709261312
0.560397865350606
-1.240923007314643
-1.745299986365527
1.499229643386540
0.375481555383178
0.738722133178441
0.511961322680934
1.333643454772364
1.635787307114936
-1.143448765103515
-0.432410639788742
0.853872141115417
-0.901796659710993
0.332508504731779
0.782947524289520
0.750315894418099
-0.648870756632473
0.753406552845291
1.831443402710853
-1.391967030459133
-1.974786232046670
1.327311841493077
0.552251184016519
-1.526531612629284
0.798495766650537
1.593515311497842
0.523206479939482
1.230411499228844
0.358837137474719
1.034569090442072
0.963307608833247
0.179508163553815
-1.691783910830161
-1.636358328009620
-0.448129649299665
-1.744955809413117
0.954499529994871
0.345566354326270
-1.768451630324884
-0.296840225573970
0.845951264960743
-3.386638433400656
3.992797178661005
-0.203289284746585
-0.464035852439517
-0.453130534177406
1.427950414117616
1.625758086041724
0.852713246163394
-0.600110089498780
-0.292737338700414
-1.796544776799149
-1.198530748866637
0.661536563682157
-1.922873459744741
0.435772941545816
-0.627035397475166
-0.186368262962393
-1.474254417138557
-0.889425382954553
-0.189002997818871
0.260686839219232
-0.428233036097484
-1.019494665744121
-0.127476213593212
-0.858983210525055
-0.492727394496981
0.608924101705914
0.991294170762610
-1.781319406932539
-0.193904638815038
0.453662908153416
0.246986641433359
-0.389054858168581
0.919258250727745
-0.193538056690566
-0.777582039394069
1.584473233847623
-1.041657876145285
0.864336869077749
-0.323189043141608
-0.064510510289309
0.661761760851092
-0.083915979725997
0.108108741915579
-0.042499250460210
0.236250132460156
0.046505786946554
-0.136030851948222
-0.167018733397125
-0.539927277638556
0.236061672465778
-0.105180792093696
-1.173101558314986
0.148922494728788
-0.308716673698996
1.083356302470252
-0.625510737228007
-0.017300158470968
-1.018466242575908
0.972659059691127
0.026517480780114
1.526312991183804
1.186490311593823
-0.645297753242133
1.498949853857803
-0.207263342942877
-1.042363560320214
-0.700415629895072
-0.732362932860175
-2.107257102512370
1.799209164849998
0.087754353322282
-1.848218225520098
0.928970977043724
-1.064436960999219
-0.266224569414970
0.324550055703700
0.167722258372179
0.953259056423567
-0.536639442224275
-1.077929026163049
0.328308951665191
-0.126214412586725
-0.610951323350952
-1.135553590743908
0.681836305861966
-0.129888563417988
0.556211991366051
-0.496249925746333
0.357752166937725
-2.213863957674075
1.590815739616705
0.975127909400031
-0.583416628924270
0.443347813455257
-1.513879621254705
-0.305756967535389
0.552108054585357
-0.795745642916474
0.476358689512592
-0.005905307148708
-0.066171789445532
0.897282168125357
-1.208031103389534
-1.287777140320876
1.776979178326394
-1.687044217723845
-1.718397954043652
-1.750754789788373
0.073452944686872
0.690451173505097
-0.375030630604334
0.852265029095260
-0.475291875044548
-1.132355513994526
-2.478800719917524
0.625617067338287
-0.602826642515201
-1.534879996698074
0.371577824315734
-0.967421589990555
-0.129307340061960
1.198889702979162
2.368890361910900
1.589872245324057
0.252177572700367
-0.473974247391160
0.638376751027241
0.084179540192386
0.182101694986690
1.111132858165429
1.892964992583896
-2.637405673440772
-0.411698213213776
-0.853701534275162
0.390922379443915
2.099854220385235
0.561112474954251
0.447321988835928
0.083680867360218
2.258378288755620
-1.835339936134625
1.574986079918077
1.257709649578318
-0.403633247013027
0.392378053102311
-1.545285643332225
2.043035220545904
-0.126830043990045
-0.078149103430268
-0.317903193328175
0.001199140521874
1.481477063160523
0.107398662382883
1.047291719378369
0.086425354809688
0.352539107812328
-0.717079495383702
-1.911884159439956
0.015949964974141
0.696693191489629
-0.088207067331505
0.823469990888456
-0.905940945413399
0.789987645120083
-0.764885725303829
0.287867254463470
-0.789066572251387
1.837879675804742
-1.988773518792120
-0.337878913681920
-0.268034382590711
-1.098578405470265
0.555305051684428
0.084598756522035
-0.864818050929188
-0.060802501690064
1.555085112115607
1.681638686884203
-0.879920633495764
0.382952015723901
0.696453024939665
0.311992796907880
1.349054875469856
-0.248600582658649
-0.507142040850192
-0.257751045632545
0.417709835586632
-1.265127892320039
1.162723808859572
-1.207724876902308
-0.120165151085082
-0.830983194612883
-0.393076212710858
1.301624170654404
-1.255129188693722
-0.349033040299344
-0.184998113505585
-2.403478532524816
1.573934767408283
0.234815600855395
0.170673183650254
1.731085015492716
0.156086803386542
0.381357967371546
-0.649439087386692
-2.068534356237097
1.022682054387895
0.050834570164266
-0.151312211688147
2.180055118297505
-0.255054101097002
-0.398409870262947
-1.064950527716021
1.062657842527471
0.054892754998531
-1.613599582860778
-0.846478055852048
-0.022727382129441
0.744344973207148
0.931742826381715
0.248737924041302
-1.093025198134235
-1.275793811394463
0.976648374731526
0.007150049507519
-0.391866200214211
0.690399262460894
-0.233208083738128
-1.542191208261095
-0.784648257532976
-1.531429773256915
0.240450327718816
-0.865280206050061
-0.546101171963684
1.103174510087703
-0.568762514259261
0.593377745723956
-1.904170571259316
0.527021554519187
-1.570368524094411
-1.051267084881677
-0.909312191960896
0.219686060668970
1.267190313049672
1.539065045141450
-0.580193897730203
-0.645271229119644
0.877191315832139
0.131776865524570
0.158434315387326
2.218534322600092
1.912355534282696
0.128764225489587
-0.600475760176686
1.398475199558700
-0.293711656130872
1.590645956680901
-0.392869454512143
0.462123019882984
0.546307462259641
2.169972149806602
-1.292727447240977
0.459536650182021
0.562335540273046
-1.554912247976070
1.909147273940397
0.823099064915399
-1.584851367485393
-0.442436666153453
-0.763534221441531
-0.508134523652722
0.754157184097547
1.803687318136218
0.338763067371875
-0.922950019760934
1.487966007051751
0.779021148076476
0.142603583275951
3.141748468018494
-1.080721236707635
0.735308592449820
-1.074867138704609
-0.072125269438840
-0.758071573955208
0.684995013088688
-0.064865580406334
-0.454479351692697
-0.452026896277911
1.549281275719584
0.075270266066974
-0.599567532108345
0.795575879575634
0.817850539215977
-1.896846019789443
3.124351235877659
-0.347864216007915
-0.290976704739105
-0.427817739743061
-0.235974472007312
1.702754777640258
1.546407435217770
-1.644744792445958
0.173825681554496
-0.902318264601541
-0.189930668443391
-0.656905028617090
-0.445874322072065
-0.302908924574197
-1.063459395033869
1.434836794512510
1.521838133145752
-0.549089992910643
-0.363856541970170
0.878634340633944
-1.661923734745047
0.223387869442363
1.129155240778915
0.118900949979018
-0.417671268237042
-1.331934923819936
0.710048164372292
1.470162285375822
1.752066432319297
0.187384546719941
-0.847923454082518
1.225602694752912
1.348590577695700
0.297721904313894
0.925030668919520
0.404770268001320
0.210757135443945
0.465351950689604
-1.092264029240877
-0.623240811050030
0.567526560481009
-0.946972012168977
-0.555710056260334
-0.405549067196518
-0.454430861499856
1.607495264319202
0.371770810769468
-0.754705367502527
1.480657130144960
1.684290556404396
0.332988014811323
1.533829684102013
-0.436281862362163
-0.569667496316263
1.771584271379226
-0.948313779635150
-0.344061764265118
-0.123806059583589
-1.051147538579882
0.179275415857315
0.412248403940897
0.395841801936395
-1.871761825284953
-1.802876155590924
0.338272936221653
-0.088537867916595
0.134527258257767
-1.537697420405298
2.177440030807066
1.626894715527353
-0.878099831583527
0.922670114878258
-1.290086721410714
0.643374239660928
-1.497815588334415
0.063779636277959
0.528008557296021
0.176653571037772
1.205685768698593
-0.812707853273416
0.056408532759539
1.789320301838888
-0.635007007094594
0.190685496124020
-0.295699882418698
1.150655243161735
0.080270022809673
0.558638243672288
-0.684609024495987
0.774958617351393
0.037294362916968
0.207175624114941
-0.928501910455776
0.573838209416153
-0.284722288991548
-0.856911217729914
-0.683165330713187
0.174125528771909
-0.755494313962000
-1.269885269822148
0.289464960194880
0.041748103229982
-0.501547780010502
-2.395992448259551
-0.091602559800600
2.021300544087592
1.143864785568378
0.610960202034084
-0.618974885092241
0.559831950291029
-1.292524836821187
-2.378992202042466
0.120723797005434
-0.747063279003452
0.779455140614757
-0.803471347366471
-1.111902882304420
-0.959893720260002
-1.112050407529405
-2.291425538443267
2.482513628896788
-0.165616859109161
1.269530774670461
0.996554819710911
0.879151535545226
0.667435408956104
0.786380884342994
-1.191084442142371
-0.307186269319218
-1.364995701107742
1.944012890630437
0.145022525455146
-1.457628675837406
1.062102146565836
-1.013425782539850
-0.016596676574903
0.347975215923917
-1.386869578702921
-0.135874701496400
-0.148687028299613
3.082343091429992
0.334912782597787
1.592302258730272
0.192854320686192
0.730516256540836
0.648343033502596
-0.711487519727710
-0.533379851376961
-0.224797429950710
-1.130894208527184
0.409125840653283
0.835331356913246
2.204538719834810
0.026408379721500
-0.017222871019403
1.958716409479458
-0.831370755397071
-1.757005679507071
1.691314602154733
-0.494520936934707
-0.166775364097341
-0.445338298436621
-0.979505506745510
0.061280301964700
-0.465096217534188
0.357970750306139
0.629730116978048
0.626917123617036
-0.187603898850609
2.782361009659932
0.380555541432976
0.581761359985986
-0.676545978608039
-0.866839704075503
0.210794816176361
-0.126842141158228
2.458437593243977
-0.424666815612697
0.909577438236072
0.273423398226605
1.624963739385969
1.551904581799196
-0.083631916341422
-0.631269213873892
-1.104520325980474
-2.277357880545363
0.097598740957121
0.814998841584023
-1.511046573626625
2.250419780686519
-0.620737101026775
0.443957244324427
-0.515625869894471
1.794443380366218
-0.844103130198183
1.476211576833271
0.238452671660092
0.365258532532780
-0.046491748834830
0.599392809120145
0.027195373796356
0.643134507164960
-0.147326160429417
0.649193306845444
0.365025799456093
-0.089646379058394
0.796272009629447
-1.943587842464953
-0.708788647595653
0.023670649438444
-0.235815610152891
1.556657333626512
-0.485003123083160
-1.212648462594390
0.465791910009191
-0.651199067739225
1.397062662923324
-0.687975016848511
-1.281216767383818
0.022904761547848
-0.952004437155640
0.179788339134483
0.884429260102302
-0.271539639678985
0.068745714059714
-1.682169068934970
0.301269483869519
-1.859546042315337
0.477359339501616
0.701495743942384
-0.116512747393511
-1.038363417378242
0.901741474946616
0.738133010718882
0.627184313797123
-0.758030985033035
-1.365516669367364
-0.250845055738315
0.615466256127003
-0.009147521571217
-0.280557014654273
0.172597487553817
0.878088378445053
0.200365513587372
0.649279686341893
0.600974943561779
-1.331271695320627
-2.207060579479018
0.259200058896413
-0.494290733067407
-0.420868973585292
-0.933608639295897
0.412806533109324
1.002366543063892
0.675542981235811
0.926380602374445
-0.305042899888479
0.190001805457676
-0.940069148692066
0.561557720381660
-0.131029906675426
-0.217576637537136
-0.937707179628652
0.602938982909759
1.302775113482366
-1.897436962167834
0.497404805311154
0.580974910082670
-1.173671442158335
-0.958219827757228
0.451654958066606
-1.727863653812790
-1.383887825592633
0.304417604959910
0.685138082836870
1.159486994721003
2.062549893193758
0.813144578504029
-0.856435484982410
-0.818604076612567
0.072142446308536
-0.700167749649608
-0.197520557498276
2.637007456126980
0.080689778256334
0.322983192773200
-0.761400371874871
-1.042319610590752
-0.990524104194287
0.717792629524301
0.178695602967516
0.182328506968451
2.230362868936261
1.100663478660514
-2.229718338091888
1.302551596615740
-1.402346559390722
0.090653956615443
0.963583320264023
0.006226938169371
0.098102446280380
0.564792604342466
0.132683508812448
0.026251494016013
0.457352222324485
0.814338976217814
0.218698553678561
-0.163685850977530
-0.778010721409962
0.140870122049266
-0.693145476462769
0.702469041036039
-0.326314917148030
1.439314345048466
0.260877206540109
-1.534614786357356
-0.383711202496613
0.853935898534950
0.795205991887013
1.031868740002098
0.844431932784498
1.622470869725459
0.254674463603143
-1.753200669063176
-0.900084685814951
-1.148641605367054
1.767929860127958
0.933506871033371
-1.556392078726024
0.392035282761189
1.142861036216601
0.092900866304686
0.351089756010583
0.068322354226520
-1.070498263233405
0.410528182318962
0.223129173079786
-1.272446327997077
0.596757497882366
0.918340376346050
0.928481345044960
0.692376950852932
1.758993514358301
2.006809623480265
0.277488137475710
0.560557438013901
-0.679373589279859
-1.171939161913026
-0.733504996290875
-0.182338772699690
-0.314083368200098
1.007485528907229
0.926841643248105
1.841536466414057
-0.233848408708600
-0.326123581500719
-1.570552284079064
1.016099627456383
-0.420270644215714
-0.895901981840106
0.120998662162482
1.173205559381080
-2.049670391980659
-0.208734169629381
0.327040915771941
-1.081528296419866
-0.831836491800820
0.034099476289503
0.347563738068158
-0.252259264157666
-0.482758088460215
0.495522491882290
-0.258465715496443
-0.451297005495924
-1.158779201976569
-1.281891200017109
1.931715694803632
0.052333200771034
0.371055738589367
-1.530953609809263
-1.395549330633593
0.914507757513229
0.280747712772572
0.026010065971781
0.170181543131342
-0.646371068589843
-0.025023517778658
-0.234759989170480
1.321931638203213
-2.543248281354270
0.428870895487667
0.017450806605836
1.050387932468833
1.191259820470471
-1.490587119668480
-0.335871222013918
0.254072047984158
0.808392036016342
-0.506711705764799
2.833799872029053
0.055224549138348
-1.896319475751173
0.887364067857037
-0.552437549073282
0.192040335161018
-1.380657392151230
1.849112760884863
0.519575905489076
1.148066221419370
1.861735061556491
-0.543619147024350
-2.445799469499692
0.587694884648870
-0.527310977274064
1.526405681159110
-0.834500334979716
0.200348680650783
-0.133894091343896
-0.888504779684423
0.563595215467267
0.536497983438460
-1.532676370738237
-0.031819454795049
0.036852598238546
-0.684267460564309
-0.065908862297704
1.778320288916982
0.331094023819545
-2.546042597981028
-1.160762094011469
-0.609335060542818
-0.263000466667611
-0.103232450562033
-0.829395329975470
0.689654109551412
0.302317425660276
-0.856642976965108
1.671073713330942
-0.547317407321969
0.361304421956049
0.864425035542412
0.520461156550468
-0.098398469477976
-0.219408443033148
0.913166072791710
-0.519430037505133
-2.154181084733179
-0.387185413650576
0.453968976952346
-1.323169421885707
-0.458645710391361
-1.752008222104584
0.965800767726732
-0.305963242011393
1.171275831421986
-0.070999144725126
0.656438304593438
0.942852800103177
-0.989407318801213
-1.041107813591186
0.346598932259959
-0.906976547499603
-1.155691926843329
-0.674049004593331
0.797078404631482
0.930556568643953
-0.243731798153418
-0.597742811580785
0.547185687382694
-0.003422746100130
0.419344622755448
0.246151008496126
0.454127033142391
-0.552318846729638
-0.582509382688281
1.572950671728151
-0.624070906010319
0.234768446960498
-0.857266011259663
-0.660586377284516
1.053883360684085
-0.468209019988951
0.512684664507109
-0.031170762421982
-0.914779996640666
0.235439976358211
0.983018244274210
0.209397753674932
-0.383102980836659
-0.647786443013482
1.688436098191390
-0.566116507215322
-0.530755879696496
-0.646883467091738
0.802298015697796
-0.457665225971664
-0.443972920099444
-1.522663990911589
-0.781371519074277
0.326302251938114
0.487808653494669
-0.394992794293021
-0.567495540254365
-1.152926773384439
-0.494497304378614
-0.254289770769800
-0.174168154429358
-1.539238470407932
-0.273989067258757
-0.935509759486899
-0.596756101292802
0.433791502058456
-1.379555553293387
0.147174416490012
-0.676245692638483
0.212382050523559
0.172496375688684
-0.798923075673188
-0.823897526837151
-0.765689371877064
0.216387344384461
1.040324799184754
-0.653862143534821
0.414319397965327
1.164121848872295
0.177681000188872
-1.411323290085440
0.075273969609309
-0.549407800280402
1.286440986141824
-0.394189728608027
-1.024407124837269
-0.208461235801545
-0.615429418883529
-1.097449353399656
-1.930262610061030
0.463438022275770
0.851876083908738
1.008852876000251
-0.092154975283106
-0.400595472332439
1.403507863742858
-0.163826743601425
0.576978022920897
-0.123779763646348
1.124196364971829
-0.482034103967791
0.438939758507683
0.043140740019600
1.353937818299563
-0.554814062050480
1.263267236529641
0.066133577845573
-1.182135112277514
0.461789710713454
-1.992231652172847
-0.912675122668446
-0.541621196188840
0.788685430760059
0.249839421814071
0.178274969532971
-0.488161251056710
-0.695836113251784
-0.550919223489435
0.805300769108299
-0.113646314645596
-0.429706262609876
0.487264329223701
-0.682817419014139
1.026203981348063
-0.995735823749740
0.475326386278260
-0.661067119079099
1.002999368712582
1.303547804552617
1.423544561901482
0.464063240151672
-0.275375582167588
-0.921032191529993
0.196127006840727
-0.772754442217832
0.834409267976297
-0.804989537645926
0.138148218475473
1.224972268658203
-0.526269102015043
-1.478079943233421
1.238586375868651
-0.606035145821675
-0.322097847050189
1.148887549076611
0.264532846402692
-0.733163897103900
-2.018628182208953
-0.368181499998814
0.255036859356358
0.246684939413308
-0.196043357504174
-1.363802192488662
0.237697766784209
-0.978494162425143
-0.772151240986166
0.814520560107513
-0.072471659045902
0.268052822203147
-0.401820667782984
0.702796913055718
0.312965837389455
-0.723377659528225
-0.552661782554354
-0.273938147170764
0.581699468237958
-1.155630352582958
-0.320768537685982
-0.253459476953602
0.472333765237643
-0.863157766232742
2.250095380606131
-0.962113152157684
0.752828527403938
0.639735887353038
-1.659738060850731
0.517091721940923
0.685533260403490
1.344264653072228
-0.652182415320425
1.455317296162170
-1.039386963627798
-3.457223552849299
-1.289233809238815
-1.295938126570306
0.220380298773412
0.666961350022361
-1.185222917838085
-0.274650860220204
0.386861814151464
0.481865808991764
-1.398243086881662
1.023989988991516
0.662404596222899
-1.021829074947138
0.475436578112216
0.753360447554164
-1.287520391912275
-0.982435622849197
-0.702951074498462
-0.419307157141154
1.066328615247488
-1.275698093934827
0.602701663156171
-0.190960996343903
1.175291976881748
-0.441448023171399
-0.108304040925367
0.149270744482172
0.917379648299696
-0.734326328221394
0.808214548610956
-0.352059235756456
-0.962205247955114
0.914640358729541
0.379237607022153
-0.504990993176902
0.017585295687488
-0.564516946912399
0.824663049342936
-0.329644752334266
-0.401118050177991
2.709277585810765
0.334998084749447
-0.268797679058328
0.671571471722232
-0.815823650734598
-0.158326773594955
-0.368067765160461
-0.420324176105900
-0.013877853573851
-0.163771941499080
0.170739426933857
0.706289164309223
-0.625879798593667
0.808336837367756
1.103281079818989
-0.152832872693386
-1.096619118444876
0.217483010237293
0.219810821949115
0.293540215639768
0.087633637972125
-0.367282198015933
-0.197473970079214
1.049914526939289
0.222826245320968
-0.190862639061011
-0.429344386769726
-0.153704654191957
0.284414601314590
-0.868516866001392
-0.310581996572317
0.681894184997020
-0.743790057530363
-0.623339495867837
1.148231109784248
-0.223863746859784
0.948996645280951
-0.538275866435111
-0.429990025089209
0.373398234184042
-0.270008638873042
0.046284322542688
-1.611276455973306
1.024234923014631
-1.538411466696211
-0.469425069029377
-1.734634893311644
0.937813597692803
0.687515233798382
-0.821636053168167
0.166752047830466
-1.069808861121347
0.803152228421013
-0.044697117789344
0.605625988880089
-0.153512836454762
-0.426353148932395
-0.988734439064422
0.620606545827564
0.012758416751889
0.067542552667935
-0.309354872728576
0.616125155564992
-1.300310077166353
-0.667761630382121
-0.028869877483942
-0.388381688518040
-0.123232628478176
-0.483834576550109
-0.344817809224106
2.986064873950923
-0.675018285085097
0.390704351213289
-1.426740495028224
-0.867660924254366
-0.842884663295267
1.354784537810140
0.936836456710729
-1.581633863706277
-0.631653128717803
-0.643260966776932
1.835862130771363
0.105137418005827
0.016502406227222
-0.318480773122854
-1.331639201625122
2.316334634818671
0.585663722306694
1.454227241345273
0.183299915040686
0.206848653688686
-0.154629484800024
1.892990935605099
0.642794437825874
-0.660730042608963
0.039082586982316
0.583047729622307
1.921007424182420
-0.969507801476921
1.558719190228024
-1.642492904642602
1.110713504820265
-0.358452585716181
0.134291096162778
-1.608614588133262
1.659881629525120
0.003096103583019
0.942664470463409
0.722477048371768
-0.536641779288331
-1.045600304972688
0.990975211292424
0.380365446502898
-0.518440663070833
-0.407664186538403
-0.242718153877201
-0.099752352986974
0.229527732974849
0.508861426347474
2.213967379179729
1.337429782115659
-0.019429828674899
0.020639393347328
0.834373703585730
0.976049118679060
0.004709924247734
1.216205554023975
-0.765804774476206
-0.204741903745211
-0.196182191510573
0.530797351852408
-0.416329647244335
-0.064887937605991
-0.552150018735812
0.713642300515072
2.482776151241284
0.192652737321342
-0.425627500966244
-1.084220979907377
-0.035515675481988
1.257086293424647
-0.113478004572625
1.360375922327395
-1.094434922156578
-0.300075731960881
1.537524140667471
-0.695328045394745
-0.572325295401675
1.284182391673681
-0.196731465525912
-0.360572199783318
1.389764078741621
0.546869296429484
1.582304853599424
0.944383008236418
-0.448595731171313
0.949088065974817
0.655705955997430
-0.280887144474879
-1.006217029726523
-0.809853883566313
0.438606779404260
-0.214847766596777
0.019600868826505
0.035046904620810
1.763480022719684
-0.978589772695970
-1.498604307489713
-0.567946313073144
-0.588404213155653
-0.710377381934799
1.133950241819956
-0.847943553342433
0.929470101985445
3.177561262921992
-0.478212903073805
1.192067123452043
0.811994612791657
-0.839765258834240
-0.867283642409636
2.705439241002123
-0.449919077927098
-0.650324704341682
-0.095035089280184
0.078183222104129
-1.419718567026534
-1.531426228306235
0.815269130070221
1.075282104783906
2.007535671042654
-0.405597624084002
-0.144715414941108
0.306615077662741
0.050079105139039
0.992518757556523
1.546857879533880
0.074749106189975
1.097916370880359
0.350469391021633
0.576546152676473
-1.474248792474258
1.159716044986520
-1.706430908367579
-0.463107946555099
-1.506519472775574
-0.410171876445017
0.389105355398869
1.007050151887555
2.289618205183424
2.128501151778807
-0.544309580211053
-0.503714923813385
0.743184662846631
0.355389950835958
-0.411317435412738
-0.155043158060169
0.382628508221448
-0.343788814810404
-0.666718062028347
-0.225236101752889
-0.692604759710523
1.055573490334706
-0.487374415857993
1.066794426273757
0.956430136008369
-0.879434141375245
-0.838510507132703
0.080198116685159
-3.220020877524514
-0.588022764080070
0.214170604127300
-0.842377177422266
0.737916256009323
-1.354782135095541
-1.103594722481325
0.628387558606633
0.878717702971635
-0.954655673792892
-1.147038110734021
-1.223989474233052
-3.184064418981182
-0.406114621405299
0.813289588290498
0.206268125485998
-0.836412100466231
0.364051344223692
-0.504272100033847
-0.381079028989629
-0.222755019793736
0.123003660140428
-0.578120999199980
2.539877947562581
1.811617400945739
-0.664031650346318
2.331984455019908
-0.177628855470573
-0.406161217929075
1.345372600819611
2.075596925413673
-0.051026762918615
-1.162967647605230
0.170382795353521
-0.061360467526572
1.383673452439402
1.299426682737248
-0.770948024300219
0.374206541941417
-1.045795912628402
0.611561592133069
0.097561722065267
-2.073061627733375
0.485572657546117
-0.419722177386345
-0.175115869174440
1.709831474405380
0.656846341800876
-1.886946161102427
0.531029846211803
-0.249564846490544
-0.782384897201897
1.067193129573307
-0.274782520537058
-0.294770827225377
0.552660695902715
-1.101166661420137
-0.580112104387697
-0.179704293596022
0.228076036801798
0.002825803119886
-0.989314613989974
0.385017442827633
-1.005108982901161
0.082404762419608
0.426850543008896
-1.743023997224362
1.054704694137516
0.135816545890309
0.999774492901552
0.581092340820339
-0.371289714159245
0.803174091545511
0.254195922908029
-0.266719834339248
1.338806521772751
-1.185549667380234
0.130501253072101
-0.046825419893386
-0.461906832614351
-0.593140046550028
-0.539203227405608
-0.239142834428150
-0.947155419248647
-0.313432490079424
0.908011683965754
0.551639207718021
2.406392615713805
0.146393209962124
-0.029112535365701
-0.567236044554066
1.033237674876335
2.561639575316141
-1.591225131031034
-0.087974874755960
-1.002920056898293
0.630526459523584
0.683536522491020
-1.318203301458759
-0.858878742719025
0.531354727465384
0.339968787596813
-0.444241572636346
0.038060887577604
1.105694288387445
-0.124846988711737
0.205998033316012
1.051408746158552
0.621341700769085
-1.922679792793782
-1.217636110557411
0.857042807832337
-1.686761721173194
0.498655236721570
-2.232951815265214
-0.272649798685603
0.492425229157285
-0.844146518473044
1.177218098041477
1.419516482078149
-0.848578666743712
-1.304051435465378
-0.234205231025335
-1.110965555947674
0.143587234495704
0.831017016293857
0.060946694453287
-0.029412724936589
0.339157930587491
0.104800307825003
1.117707673107574
0.546980366510362
0.652769400416507
-0.718711772254495
0.743926949567993
-0.143539617293766
0.127845223868590
0.345697805859657
0.065487558626305
-0.179423149321642
-2.200967617156792
1.720881352647742
-0.485725303773540
-1.076558756265731
2.643703996396302
1.548105890560564
1.622510028777055
1.342334454019773
-0.798948524973131
0.927330554371399
0.224403778711158
-0.822203512070735
-2.303527892942329
0.366030682711187
-1.698234005787100
0.253591343250377
1.639950313156039
0.668709965978764
1.702420693830066
-0.564366903250551
-0.478996134168478
0.027571326437843
0.068240714350043
-0.051968863671546
-0.673586416827754
-1.924949172837525
-1.458401095013066
-1.108978389938213
-0.706023722092850
0.038185868747052
-0.880744972063152
-0.284112523143509
0.418827859597668
-1.741251110918054
0.629000123758854
1.068358232893223
-2.158964097931992
0.426505855810024
0.442524549002086
0.684335598847416
-1.671686842665263
0.232106046435332
0.843546054879259
2.058413907643127
-1.634605051847301
-0.200036695636163
0.293252626288048
-1.283288465622440
1.515177547280597
-1.424075756560654
0.435790048855423
-1.035545008773260
-0.491678850332115
0.796463892979000
-0.649868780851955
-0.414525229318879
0.392222725929154
-0.970608973212785
0.496221621215994
-0.453314110060117
-0.192513923325880
-1.366929569940706
-1.428520768451588
0.656745861800160
1.092852285171205
1.259445677940015
0.342772504542372
-1.103837638091264
1.219132698135491
-0.118167103957340
0.863660837385770
1.777216736955912
0.442011778601067
1.218601274713835
0.066569427471282
0.558607793920785
0.365835071153353
1.233854727203408
0.360409352531878
-0.275732882936630
-0.072298549988463
0.845557813043641
0.055652860004921
-0.242438761779105
-0.047293104921142
-0.264983336961365
0.586110585599116
0.427425263038303
-0.112835098878588
0.372634495043466
0.490184936161239
0.065437424600411
-0.129263103783063
-0.227287521889216
-0.202154013577655
-0.328474716805192
0.054933418039355
1.712873815721181
2.791806489730265
0.596946349598452
-0.300034979624784
-0.189483557899261
-1.209249157732748
0.526423594879861
-0.777009025963646
0.754413759862912
-0.548516585944694
0.131129540917892
-0.268171027775679
-0.396969880014799
0.491700224129698
-1.518355021777835
1.219802206669724
-0.650493238175703
-1.209506355333455
-0.262135058047704
-0.919780047206777
-0.209027346202071
-0.288024604285710
-0.557998755983442
-1.429223205980548
-0.538906303471047
0.342307237607464
-1.576625540776326
0.969323997829921
1.010836276915241
-1.178269532045422
2.315319850294528
-0.249505242431859
-1.107973406349731
-0.999181496017012
-0.062991570340953
-1.185259487023675
1.747093625793629
-0.250398707490709
-0.457830978480241
0.068187097109378
-0.697260891332981
-0.266525824042416
1.023574133445667
-0.433478137953090
1.387310854897143
-1.853305300481157
-1.402594201633891
-0.701907769938345
0.509484921168274
2.025528297100103
2.162653369881176
-0.195913684571625
-0.422440126816076
-0.970151840345530
-0.809307204687334
1.774027000728091
0.477448704398164
0.593809700524917
1.662107711547850
0.257024606578345
-2.536916178461771
0.099719289364558
-0.906492403834780
-0.698621030366705
-2.225001412684054
1.822216137148598
-1.262814371132204
1.516745967425256
0.066815968068619
0.594396103245088
-0.062799632848832
-0.438846259454582
-1.071398663534908
0.405489995981460
1.681357372412802
1.102792075298594
-0.217654607637975
-0.180875740272526
0.770199548466984
-0.114819568038814
1.092872859853642
-1.010590295827132
-0.504251008212186
2.290587100268120
-0.698143465072418
0.401650832275623
-0.924199491281837
-1.073370781408299
-1.749287670273448
-1.661015504708625
-1.347122333201008
-0.187587447963520
0.184675584790319
-0.348908852827460
0.583885092240945
-0.226038736556057
-0.227319514164131
1.573892989590776
-0.864362661778061
-1.877823125124463
0.585167553645487
-0.456732665954983
0.104856167915562
1.586906027583659
0.811318012516283
-1.126136856157583
-1.315066727906676
0.314882152397442
0.331776580154728
-0.784878662657198
-0.355121052021641
-0.144545783059157
-0.817380478529814
0.641861787342142
0.133915477860446
1.974348364516457
-0.899960224381659
0.697828619804669
-1.697300692683093
0.182656565972637
1.428197256051797
0.480140090372965
0.880101043041392
0.748813677490032
-0.369147057763202
1.627655212674038
0.105120069788876
0.543303055326506
1.551851071740332
1.663496445514024
-0.444773905338136
-0.418451429630004
-1.089103564317686
0.299802311723289
0.715295097646213
0.904850764241161
0.523657240922602
-0.924355641249887
1.120096638779771
1.453522160834556
0.103756020218850
-0.640210008392434
0.923928050449193
0.773266382876277
1.378916064577439
-0.556666275239534
-0.501999115156578
1.446578285236427
-0.708381682777494
-0.610900324618008
-2.027920666268857
-0.304628202888746
1.408509686004147
-1.218979206372594
0.512647383581076
-0.749712011828796
0.490084173701565
0.503788818368240
0.609546422989991
-0.416903064527898
0.336174541361581
1.673089745358267
0.786095688458797
0.597121317320457
0.571209725487997
0.659978655013414
-0.996286402103767
0.241332796065091
-1.412127624263185
-0.836961550004575
-2.148559185368244
0.191230303669946
-1.711349583697947
1.195327184661719
-0.777623258736855
-0.694267380398562
-1.808291106610125
-0.033366057482127
1.291551327862423
1.544089938538359
-1.179494642217767
1.099246359827443
-0.180625914327088
0.838145498057476
1.970349904908327
-0.225909723508838
-0.433200890966919
-0.902677261201857
-0.557584584754445
0.617174157679710
0.754085642544857
-0.222417009805783
-0.751588534414028
-1.905689144340302
-0.679634643282708
0.784492009384736
0.391778609182521
-0.104415265414434
-0.930854682141990
-0.665853408355003
0.714876974692666
-0.921488636078137
-0.133227988890380
0.627435739277372
0.235547821263045
-1.589936839137864
0.130734281546451
1.393360039908393
0.573709528334433
1.175971783898728
-0.460412236886307
-0.767123101596521
-1.683570847695603
-0.900279367737716
1.454575495204091
0.166326415150330
-1.171267083158667
-0.616426013372722
-0.443307207852844
-0.267364620926738
0.063301271902384
1.359459733339569
1.003483902539614
-0.135858906516615
0.590810789178869
0.746045950900498
0.488446901118610
-1.292619375721342
0.349955881408519
1.554520105390667
-0.085364212103503
-0.236115415249356
1.099830362650233
2.270543903847675
0.863290216916886
-0.438007036865503
0.366096147132366
-0.796825540720878
-0.329321874050315
-1.216387653060512
1.395861151586380
0.034716725257144
-0.553380741200712
-0.959094348291147
-0.629773458202976
2.502260575082668
-1.960670169816844
1.027757948224687
1.128819109809882
0.208287059597758
0.927517819690800
0.797690935078995
0.476438702481620
0.625148339584063
-0.069701348770464
-0.508557943634445
-1.687168068971078
-0.517716764546600
-0.605200404756967
1.744685230024243
2.662560165802245
0.935851302076442
0.743941346128434
0.205868104883438
-1.822581113702875
-0.991351196539013
0.156357294659555
-0.778746089319814
0.864332611108559
-1.102899773943750
-1.752581185603128
0.024937743351130
-0.314881526299644
-0.279635309209953
0.520202878929628
-0.232743494403585
-1.251165270415588
1.577321603748309
1.062932834907310
-0.518832235014143
-0.639507297289617
0.215884922240721
1.399170540771080
2.157684932407954
1.201401513059128
0.477804954247029
0.534865218657983
-0.304655070651411
-1.535344902154009
1.874681267140410
0.596674918152607
-0.442214073742299
-0.790962447104785
0.808940109891253
-0.115818675692155
-0.086807337993047
-2.129528135746487
-0.913684559985008
0.903396549114774
1.377252303001080
0.660502143400950
0.753252894683288
-0.612212784693813
-1.564068201246894
-2.333936902858193
1.333640935038383
-1.391441335463686
0.450281430399693
-0.252553652935894
-0.652876720112841
-0.547799142427025
1.544512282650568
0.706709908462386
-0.033481077346431
-0.024263078934177
-0.436077476353532
-1.207312682719949
0.721190284504526
-2.199432808025402
0.732556651767919
-0.238252401510109
-0.580397588626946
0.636082625418820
0.318379209615437
3.630835650945982
1.439089555291863
0.593098617503825
0.418780975095377
0.391537268115230
-2.597194762691520
-2.209572560413138
-0.284268538510783
-1.054601632059942
-1.919976798076262
-1.268178552381137
-1.410230887436560
-0.175552897137084
-0.640325534520146
0.464943999940740
0.911706202511489
0.889422484352424
-0.513668908314859
0.127508973053182
-1.111416023827401
0.861437014498757
-1.586397316675767
0.221805604194546
0.643359104784254
-1.370100616894652
-1.158135549698096
-1.894529081978078
0.749682454944755
-0.847909280220603
0.568237917876027
-0.582655090173085
-0.112927175194342
0.400353707672983
0.207480118747596
-0.039972624120876
1.415618052057372
1.118988578705236
-2.094989638389924
-0.832928357002584
-0.944533571356713
0.562404637117683
1.811989242887719
1.388563206042799
-0.220370893694096
-1.394115618574192
-0.670003807473640
0.807029737348954
1.318603371834445
0.266774015640790
1.011103064172974
0.080698938985271
1.456930204023865
-0.553234815818197
-1.282237655714614
-1.256183900016295
0.823086064877791
-1.176067694683407
0.232841428838207
-0.843230477494775
0.253623634827790
0.932007350180469
1.603377791712103
-0.210704248405828
0.256941552780761
-0.247529739543495
0.347811215934056
0.013552455534634
-1.015712813566686
-0.185607659865313
-1.248464299925828
1.455613396574169
-1.477616916834945
-0.941688829706237
-0.148760118365364
-0.331561956450721
-1.739295903130790
0.539546558363201
1.226018882105873
0.629043894726858
0.165486112065321
-0.875247238066185
-0.386379453844130
-0.917320816760173
-0.088913507505212
0.951822212018205
0.087585184837453
0.993201252049566
0.479057391186598
-2.239898879942656
0.290168426055292
0.077110944120089
0.277912586229720
-0.557872816664551
-0.419498696143681
-0.682380175562755
-0.017331485542107
-0.171273121708305
-3.374417256574116
-0.308799986554352
-1.615803071159036
-0.065814456907424
0.494470906109568
-1.434313711038925
0.076155844308008
0.601857129672521
-1.209627399555763
0.533448507777685
1.665349454480102
1.026306804675053
-0.017127418940121
0.605462251989558
0.501618458220751
-0.331360206417646
0.101823765921015
-1.804016893985833
0.564331290184220
0.543220678507192
0.146523458801161
-0.544235229124772
0.086548743725528
0.900301449377330
-0.865238177204618
0.626581027339054
-1.621341906923237
0.810089508790189
-0.837357218767828
0.059893021434960
0.006455681790837
0.087181845440493
0.487522348342181
0.312025088304169
0.337033769948160
1.740821627650128
0.605500372586679
0.035775370530226
0.606827236092233
-1.208486978759761
1.805004659743184
1.574244624665923
-0.691640609513187
1.243005917898983
-1.349145893263506
0.690562668160989
1.422724095399340
0.339612241900440
-0.112642201787312
-0.457990250507692
-0.142119327366740
0.229319676690899
-0.067595175006843
-0.528378721534274
0.211277909377292
1.081017751311547
0.496324699653432
0.872693339976696
3.322034103854953
0.185388233024198
-0.792372305480436
-1.138749452724670
1.372882453554627
1.187801391491477
-0.006911424742030
-0.109177948447706
0.138383111135285
-0.604061714456174
0.567231767396166
-0.117401402837258
-0.862269237042053
0.190353682197776
-0.040841833166587
0.803998706790654
-0.281227982196715
0.026798842810411
0.278951215548199
-0.611858390998979
-1.812381909502535
-1.408248900415310
-1.473364930752178
-2.567846618917153
-0.971683127822407
-0.043513339344251
-0.360221892508370
-1.299330903391947
-0.675302316610392
-1.142867678515984
-1.012238430720921
0.207023249786242
-0.528833647488404
-0.393428180127090
0.083747441426753
0.122892904667590
-0.995970349630117
-0.551391831898800
-1.411460508421916
0.344757821234814
-1.157805118101945
-0.000578082593861
-0.025401739035429
0.726830482964033
-0.965568496028976
-0.553952961209360
-0.457015671512506
0.868406023128515
-0.873271343960824
0.462549525849937
0.076556712715353
0.764691835938004
0.977616490699123
-0.875930401204540
-0.457454562722651
0.137188444911560
-1.041142949748025
1.416972546067587
1.020521912328591
-0.220057993294580
-2.229051096647284
0.037769358947088
0.116439624002355
-0.513568406811938
-1.351003287952135
0.090764948921956
-1.151895007158360
0.053999459935027
-0.871062525191046
-0.364091741449293
0.344987316689000
-1.599394391355661
-0.469586765476838
-1.608770455328299
-0.197027141107836
2.082039703152966
0.459850255512377
0.152930932321387
-0.399691263136435
2.352861511356123
1.176452191278037
-2.370319020229703
-0.396853374867497
-0.934678305645968
0.222753315565191
0.956946831410865
-1.226326627994949
-0.811068214406797
-1.988756223283541
-0.918240770253446
1.122059865805978
-0.780738595791593
0.193530786699354
0.184049343371176
0.120154876390236
-0.878227472468411
0.293508574129520
-1.051999156216957
-0.772715988901014
0.167311817620383
-0.572780436624311
-1.463165194025892
-2.050675829030750
-0.155659786572426
0.223346694932734
-0.551795937610065
0.531137112659527
-0.719460349299276
2.387526583188244
0.845691258511679
-0.575138849366801
0.169042120621472
-0.223268548969174
-0.740202097539734
1.086309414801740
2.415757313423577
0.764631766317709
1.702769185830367
0.246366352968688
1.728400526683169
0.377607016668752
1.150669953279689
0.483114911654912
0.714913208600683
-0.329778614323743
-1.209816515070347
-0.944608946994975
0.458378811341358
-0.920086657557111
1.633696555371648
0.417882264398272
-1.401987656651855
-1.285604710729030
0.978877492436205
-0.051879826876692
0.194558947510744
0.694633479942967
-0.296920498159202
1.201939580338516
2.069675036919085
0.450682309286870
-1.265030027561929
0.798909615983974
0.325859352686761
1.142388544068264
0.554471795796129
0.519659590867365
-0.627496503367031
0.556748396560763
-0.311313057987348
-1.983912110853018
-0.675281935980629
2.153145839991053
-1.187580691221110
0.856902614183449
1.962577782682593
0.882574758193278
-1.014886476151084
0.157793295165068
-0.592340596919545
-0.177628716160331
-0.729377425256472
1.073548694903588
-0.287004078135121
-0.158877869885755
1.765644935148655
0.071358069956766
-0.661736069361618
-0.678850930216910
0.249370394415207
0.169403479130560
-0.753889071190906
0.502149961065006
0.852417346934730
-0.680019854139703
-0.598257697737522
1.461118019397010
1.738256045316275
0.575978833694443
-0.660897522541069
0.533987958929516
-2.903593451422850
1.079161455629833
-1.669220288462677
-1.983913358931471
-0.191493817383145
-1.480769271559489
-0.601172414340718
0.342099379250645
-0.160923526666952
0.465059594960339
-0.676863753894214
-2.286819429917845
0.648337440318065
-1.043044398321282
-1.106081663737957
-0.160141340725554
0.292366469467820
-0.198086932683057
-2.319711147267814
0.003850851815612
1.795712128878501
1.028981735764552
0.731540202791757
1.173556269787456
0.582058115204123
0.399123401215965
0.885757176556086
-1.203875693981539
-0.900527093355662
0.596761139086106
0.120298310729072
0.184754883876067
0.150932792579616
0.911570795828607
-0.844187817957853
-1.421494338829032
-1.526619202797206
-1.727435653856916
0.673851700193381
-0.448146303774085
1.761860120291717
0.404332215367729
0.938821097197690
0.321653438071301
1.865865992506498
0.549376279574670
-0.720104170435095
-0.418443801285285
-0.215373151257359
-2.842293854183116
2.094096402115798
2.312303804425216
0.207140481979398
1.143967264158801
-0.630032840618532
0.026751501206323
1.269944508715873
-0.158413036143676
-1.723460587652138
0.818182238780523
-0.847679742455727
1.163300295779818
1.340178066283237
0.149182134488472
1.244637964331414
1.811136750636096
-1.121608552106621
0.364227942028959
0.391802732461090
-1.344089375655321
-0.474475269298073
0.026714213519877
0.853324015901172
-0.100428051337302
-0.047749435579736
-1.019149629875501
-1.123873515781675
-1.394956403321666
-0.894613346614828
-0.480802912318323
1.668384647886673
1.938734444262603
0.946038530946694
1.127962631618249
0.271981608031167
-0.720911944957628
-0.120441643397814
0.406630081941198
-0.079032790351016
1.035938319477433
1.039535508316854
0.475391186167927
-0.246931176342875
0.437853389915223
0.963897264067384
0.244305253182608
0.322023303631325
-1.175479418452404
1.213628136739006
0.323671997709565
0.586033037422978
0.956605771967300
-0.866775861738890
-1.918452125530667
-0.430136666872181
0.262197348135224
-0.141071154301775
1.270990944491276
-1.009361596864588
-0.196071081049644
0.719972559919605
-0.798728854198917
-0.545283710602123
0.817423298162101
-1.021070736498587
-0.508484558783612
-0.737763290419665
-1.387050794692399
-1.221846146726659
-0.388262835984859
-0.248531192895757
0.793228012648233
-1.839745749703027
0.522584016361294
-0.241455428744795
0.358154884555628
0.748436906773106
0.865345666133953
1.246323234010886
-0.604198711141099
-0.144319650593442
-0.494214251833312
0.518258828640126
0.021727266167784
-0.110152837467003
1.078917275267905
0.273304561857067
0.963327981594235
0.854663912778506
-1.389681179479975
-0.570816507300729
-0.067161597939026
-0.405811793682165
-2.382695346004727
0.202984020785098
0.708102600546061
0.583356693218248
1.564169937960718
-0.885422257586796
0.302618383323229
0.982986834256151
0.805093970513434
-1.589663527266228
-1.506041876643355
0.632076030974613
-0.195817252918365
-1.082252990503826
0.476355936518065
-1.036348062826152
2.946849030588184
-0.408843399218592
-0.359394949316152
-1.186103788120535
-0.867225132696445
1.041399361550939
-0.618353285893659
-0.816346812094785
-0.678210321332834
-0.091519371623816
-0.716052733740893
1.190133275534519
0.006919581275776
-0.673596809741690
0.809107955971111
0.323732368282150
-0.785023450038073
-0.706170091921274
0.618722351997007
0.559381507278826
1.961662753938477
-1.271943984248452
0.335932941766387
0.862517045732475
-0.458132562218769
-0.293738573664858
-0.143514882576682
1.119017979188111
-0.096441477532872
-0.557312189173217
-0.190193696277002
-2.505637940791815
1.254044903027039
0.619396477719617
0.074704497079390
0.002304210647067
-0.710187291508675
-0.621501918734776
-0.700110881488094
0.045577735199792
-0.680116145307970
-1.577213812657201
-0.540839666016960
-0.219412597132337
0.725140470644598
1.778891263712199
0.157602620248849
1.007846242285492
1.659730928546110
0.576187810879425
-0.104260772613395
0.786143814361960
0.478861374750153
-1.850290832595821
-0.041652543848719
-1.648461886761359
0.541538931318109
1.161083668432189
-1.926926979946491
1.884300920610070
-0.211449601152064
0.049136224330425
1.026052338959147
0.476808754241126
-0.836396351075454
0.508805676147887
-0.301729161730184
0.286571006576876
0.157941557246501
-0.828702510851501
-1.104117253736303
-0.381382796135928
0.625163114417144
0.443016149785159
-0.436426787126584
-1.405456758671855
0.278958241423946
-0.117109064288542
-0.599517775123629
1.539980567643965
-0.695529953462336
-0.603540713144044
1.456090931258783
-0.088066940852648
-0.602357970252798
-0.402535378003890
-0.504289944503511
-0.186542728748200
1.089388367710526
-2.029309081540185
0.761056502695683
1.160391413106277
0.544234764469130
0.331400727139197
2.545264346249094
0.848510614478486
0.110254370451620
0.840690981930166
-0.580034253201192
-0.888653890426491
-0.116090442483413
-1.075720293258689
-0.499955058399672
-0.587315349669865
-1.405503441660533
-0.410481187760683
-1.239522557611586
-0.399436965432282
-0.890740441248806
-1.342864975483661
-0.309174069819073
-0.045752123016889
-0.090460216540362
0.224047957635519
0.640388388666143
0.317209355562023
-0.161399601441906
0.056244212325422
-0.314686397128574
0.681581780821744
-0.692493730898739
-1.074540805957891
-1.012624186988449
0.025798741260277
1.564231702797205
0.492614050791833
0.028666958692187
0.278983947867688
1.127923542013952
-1.985803511684099
0.418394428924875
0.185557251751197
-0.440405684715849
-0.357160430055767
-1.557391841520063
0.589951288658370
1.094731580824000
0.721438848917752
-0.604632249231419
-1.118373564925055
-0.832948131355424
-0.562729937719899
0.448126950671561
-1.821454058396533
0.060113380465530
-0.406516933533008
-1.041523647789056
-0.595386401328128
-0.764040239937395
-0.168989356605924
-0.762948501558865
-0.789877449883894
0.277008346104152
0.522344372900470
-0.298074837905279
-0.787358953432381
0.177705893036086
-0.376603347846713
1.298295698397689
-1.460626655863214
-0.128174322653116
1.284367482737007
-0.142251686585879
1.180873713069142
1.764184073552459
-0.399768219625473
-1.225490547347226
0.924039139915751
0.095095768354965
-0.584112735036734
3.087314856343690
0.039886005692246
-0.318534697666678
-0.290033795938560
-1.087574276115097
-1.331041136927173
-1.121058197787868
-0.215967893066103
0.818642835132637
-0.397580934999458
-0.232854331130818
0.043128047330255
0.590779827150104
-0.309673876352842
-0.068252639527302
0.994079689535145
-0.503387744842023
-1.455762245192174
0.664582503497085
-2.006572682031057
-0.491520773992853
-0.866903727387017
0.995189956795962
1.407452262385315
-1.741351201679388
0.831421185708163
0.628280883565921
-2.874392783703765
0.572963370216259
-1.378729549152578
-0.280511995837886
-0.269749439103075
-0.222813882982805
1.427883160983293
0.523437697693877
-0.229350093796812
-0.109631563932870
1.566147792148472
-0.952093948636989
1.181304944178325
0.545870397554108
-0.739625092365105
0.849733174822838
-0.303896548628260
1.404370688463018
-1.410340516117205
0.463344227646674
1.022572589712786
0.373210434694490
-1.642915152546603
0.499993882099056
0.540106563056103
2.604013705568393
-1.831831634129867
-0.339693080383670
-0.560957294770452
-0.153632980356005
-1.941839963174800
0.653759254590276
0.951410701610412
0.768840629836164
0.932194393847006
-0.094015277244965
1.138815341390373
0.173079544219660
-1.257672811186639
-0.002575645740779
0.340628095759728
0.233083933379461
-0.598735359364830
-2.083479134399901
-1.411785556647517
-0.213938476578101
-0.379079392323155
-0.199641326885339
-0.511813487785794
1.177053634110496
-0.058457016042880
0.085433424421780
-0.670255820883790
-2.105857981846896
1.174730993060704
-0.143933809168749
1.490407216297187
1.252678394412421
0.438473652925317
1.038564636274695
0.947924254673317
0.719246668059478
-0.322785177827452
1.115423334025356
-1.444234928928110
0.961366487684067
-1.474470409617720
0.270328708619588
-1.269182366712569
1.175908301235114
0.733720133276767
0.073184870356044
0.906967778662078
0.714538679424189
-0.739381664342453
-1.371883908171276
-0.293604161484197
0.093728879068405
-0.224951376631150
0.335529329885602
0.503996136869324
-0.610741830251559
0.779423125231462
-2.274759705959895
-0.161227209556423
1.005265671733565
0.079177020650236
-0.701963086487058
0.025540710674423
-0.233338777943528
-1.322178696151966
0.139412976721843
-0.206880264589264
-0.249405528286720
0.177752376393978
-0.988226624710201
0.600647599547372
0.096887387826247
0.494405838336003
-1.227610883642090
-0.610466523626326
1.284940471240657
-0.009682302982873
0.888690271809452
-1.745423190156708
-0.410661658255804
0.868681811953238
-1.260437473296275
0.248849013666686
-0.300457443052482
-0.941456675704644
0.792641124954296
0.526923032032753
-0.415504546395536
-0.466428728848005
1.068975907148628
0.939743780034850
-0.107893376129850
0.902199001671755
1.099702179927715
0.093981230214118
-0.697815643173666
-0.402987234325200
-1.018354850225277
-0.572660987458734
1.683181905838825
-0.858177813398304
0.635357391732823
0.622213411800902
0.347021218114832
-0.627733249638972
0.203716182117056
-0.390829386190535
0.283239268592612
1.343686825496820
0.545415954379613
-0.820134757839007
-1.278657554463495
0.281172608988776
-0.484731950220134
0.328811215716288
0.578123641070386
-0.217755925377043
0.304567398810574
-1.668276399129152
1.116108064742656
-1.860980391053842
-0.508934277467407
-0.626680423968386
0.213625873461487
0.961688869522463
0.977084965735331
-0.559945908372139
1.685056126361957
0.398779587564799
-2.384632870776210
0.496630697512191
-0.537337483024372
0.319616855643355
-1.002431673516221
-0.111745696281498
1.230573631103021
1.387778019319249
-0.812215431092656
0.328784806909667
-0.025690423870781
2.029215612813077
0.061369057118382
-0.465197745259034
-0.935932051712154
-0.346426695357502
0.065328770849903
0.347516746072980
-0.312236368741147
1.236888199977101
1.314409697855122
0.046570716906295
-0.710765143070826
0.995409868980510
-2.066702521734435
0.949554569288105
-1.796671717054301
0.574047062581820
0.941884127924738
-1.389311081311601
-0.919166092058717
0.250933287571437
-1.271963304977025
-0.398548507416608
0.405723442626308
0.572970208600414
0.758878320684250
1.016208830081274
1.034584421763431
0.328167454779088
-1.239735319199411
0.460681400119148
1.309823855146340
-1.093826681003494
-0.090698791920806
-1.944669680269117
0.705633140860445
-1.975662485715010
0.220168967343863
0.069609999358095
0.980343988437558
-0.117690614908117
-0.623837048588491
-0.745776930542074
0.310200336489617
-2.239190692256784
-0.607375292663545
-0.947495371151182
-1.533132764355660
0.845730894792221
1.993755217535642
1.563887121862533
-0.444830809976974
-1.157776783965239
-0.449082172051811
0.594864918666054
0.942172890666355
-0.966926500583968
1.424575500296989
0.304131747722613
-1.528423776244611
1.477865305472175
1.616009931393940
0.658652193274372
-1.976730493745639
0.515319406087554
-0.621069921461762
-0.449163516912940
0.373631108718268
-0.203174315066857
0.207454140119597
-0.639087275472848
1.602563688450038
0.342475942746020
-1.676247663904566
0.208299546693765
-0.971285662179973
1.499702885040888
-0.337203712253883
-1.670781708944461
0.704276916020597
-1.169995828924393
-0.951032457289654
-0.167625572296937
0.647099650827347
1.375623049559717
0.848134892795340
0.219505697846898
1.598818605997767
1.701004491768595
-0.661246546195108
-2.991472199845312
-0.617408034702578
-2.066039164304110
-0.147013913806694
2.365304094631487
-0.408072324724837
-2.087202129955785
-1.001282879222240
-2.122627883130872
-0.419580329531545
-0.551130287484991
-0.490052578824962
1.196979713764610
0.505347031926501
-1.025048514029223
-0.546303137126109
0.745842307118108
1.304957375172934
-1.321183995548329
-0.464669707607555
0.558919923381568
0.366440446580093
0.726461350529600
0.222829830544342
-0.621314632164823
0.038492521953270
1.692038217680015
0.813847806964698
0.256676506048062
-0.131111715431388
-1.533003622092700
0.154754951647452
-0.504057975150156
1.488809018268514
1.404528279806577
0.582007767390664
-0.509222099380562
-1.698426502752189
-0.526490314433612
-1.488830114062537
0.577732182530491
-0.144502710688501
-1.064186455482950
-0.241695985083382
0.724188173216582
-1.117364646072447
0.670194532717705
-1.135026757352598
-1.379245539024653
-0.164708145232075
0.494349222501795
-0.541373755109852
0.342438564695692
-0.265759298883631
1.130131767372540
-0.757075353558179
-0.408041117700692
0.689563682466582
-0.151088157526002
-0.266906149892776
-0.913941289785367
0.242723747880946
-0.113121767301457
-1.231831910048729
-0.716276998977057
-0.226052796457149
0.924296138008631
-1.347845711412621
0.461842813076803
-0.529512531576932
0.518757376538485
-0.486108270994057
-0.983778157133250
-0.334035310484965
-0.523160332197640
-0.482860674738849
1.132227603839503
-0.419288299560112
0.539569881257383
1.200720761757757
-2.300778504486906
0.340570549974559
2.285293515536904
-0.581496552098493
-0.782457558204592
0.095221760753511
-1.748168411644922
1.072124248921611
0.358778902972120
-0.515128592156156
0.893101578276687
0.924204986219118
0.173301232337923
-0.114559826326337
-0.696441919013297
0.538962945638680
0.063515674803861
-0.110693890096773
-1.478547800395240
-0.151336774781486
-0.316616427280943
-0.956819029865426
0.935289814126242
1.482425436858862
0.067496916796135
-0.924168628726987
0.381049400013183
0.873311962536336
0.198670821466329
-0.332076039878229
1.087140444933808
0.472596167013766
-2.179890377610603
0.812596723050796
0.577085023987283
1.934777101648202
1.328202428462804
-1.425174394343321
1.036849357016406
-0.127073077052337
1.759265277216539
-0.016155100015107
-0.644426832579764
-0.673495683057692
0.255573812008580
0.249643883356021
-1.139572366655907
-1.594270563427437
-1.414004172101585
-0.197193251216285
0.314564621976296
0.814309967460247
-2.030644209528584
0.139097021054583
-1.744082240927616
-1.265660650419592
0.417505597383583
0.685358658224523
1.570708649568026
-1.819761124709780
0.767262441630532
-0.090756156692823
-1.931719793177793
-0.464868186941242
-2.392355514670442
0.439471816924506
-0.149020138036939
0.503806462999463
0.871786675851269
0.789379437632467
0.846843243355448
-1.212886402752075
0.510670027314252
-1.369826696289357
0.326036385905182
-0.870092328978766
0.840901176330458
-0.621237906386991
-0.610601371061969
0.238739023721841
-0.548057357017983
0.027646242559010
1.561740951314950
-0.381538538295438
-0.407164406439474
0.537015991813004
0.010309196708356
0.700910096965539
-0.079500809973700
-1.165840111142125
-0.868432415942555
-1.208894688173874
0.146078521848750
-1.785401203773770
0.683272830575295
0.767637549429184
0.850878503852150
-0.741035585320704
-0.730249687393108
-0.309240190615291
0.337624972387468
1.470076768223551
-0.128996329562363
1.280057961853268
-0.400906389811227
0.609117679372493
0.383577275758839
-1.290117366308302
-0.045519290458846
0.581641576427561
-0.755950222386459
0.939080496219348
-0.078060320204031
0.341579443601139
0.882722192542425
1.071092910304064
-0.125532031949685
0.059692894278281
-1.121489204655978
1.295131900896058
-1.141423238851463
0.098873015842426
-1.578988074087382
-0.943201373612384
-0.091975087884232
-1.750642015215496
0.880569045136480
0.292682495044657
-0.352872088791410
-0.395412125937728
1.223404636140130
-1.309532710301674
-0.687190562457130
0.239315255355810
-1.199013131271670
0.851525164269065
-0.043549004973689
-0.806848982436356
1.048722819622027
-0.769925088077745
-0.516757162695167
0.230912208734635
-0.547748557099272
-1.631307761982342
-1.498857212926760
1.535081254032473
1.788951357180835
-0.003659415845826
-0.618388725208852
-0.405217632913665
-0.814501759516110
1.095226506844347
0.439732518976740
-0.668761575923224
-0.491186219099521
0.508475830505779
0.714472877691563
-0.931469925246615
-0.036358498433421
-2.259497321816482
-0.896606989947988
-1.128747076188806
-2.271932993302164
-1.476132280617652
0.448411213977386
0.357302357844560
0.471575499448469
0.279392305625255
1.724817438435222
-0.581617411111377
-0.568133919868883
0.091761731034086
1.923059168197344
1.461455956727735
1.683830823056253
-0.494389724197106
-0.554043054833977
1.779120283467026
-0.851052557822778
0.329684974923359
0.109792304841397
-0.706656333304756
1.159711082837989
-0.575451449176223
0.628069115653787
2.066975299244610
-0.874887741724559
-1.961900759848922
1.009930244308726
2.091040437008581
-0.428209360194010
-0.099907354366681
0.665944857449222
0.822844955506158
-0.444954578109539
0.818688761517171
1.428397482042429
-0.241080653593132
-0.177497629604722
-0.112267166533639
-1.158761768314255
1.350533647504684
0.382674498423574
0.313634808798134
-0.276665111001378
0.129528715216816
-1.270089643431534
0.107592767945751
-0.940895311457287
1.951775397576342
0.524108950119989
1.403228974188558
1.682043293367773
0.033202625675470
-1.215430612849407
0.879024420664477
0.338783539699440
2.207963883447613
-1.183730470412509
0.934322746674151
-0.250738410943315
0.671388018570243
-0.668736626417805
-0.082817398445687
0.488171541934452
0.596559431998782
0.715217116148424
-1.928109047851458
-1.735961450540064
-1.091888788479264
0.444906453165010
-0.786510202889342
0.101283294702001
2.365798571537470
-0.761178511704586
-0.396296033613792
-1.350499998598748
0.364150410664492
-2.450947080976922
1.049565071602068
0.459081478690888
-0.019464666890978
-1.249142696878307
-0.900151973715365
-0.011897250045679
-0.113860208695156
-0.553631508920978
0.472790889605562
1.693121420481582
2.141832991290283
-0.323143413043955
-1.870045844646242
-0.693485569246670
1.179129140959700
-1.514730828170506
-1.661616942865807
-0.956830531812577
1.894720564046752
1.051909690399061
0.762599124127054
0.754009001180666
0.633295732965934
-0.097878809558552
-0.051406037291472
0.911020147859634
1.531752160339307
-0.166628689820443
-2.593868684190688
0.249209829424018
-1.072983159335180
1.206798974351176
1.012272098591485
-0.642249313637150
0.642958021820634
-0.358357831485982
-2.003892929260739
-0.046824779329381
1.834159822357961
-0.913115084513600
-1.767698099366249
1.090482458020915
-1.883863550879464
-1.012994955437359
2.040691255990716
2.448341019826555
0.842560163201190
-2.074600923891373
0.102686642975401
-0.583592783276320
0.895202426896385
0.468962423080462
-0.474966369166081
-0.147399581597366
0.098163730868356
0.833672242210988
0.079249850267025
-0.389375502600806
-0.378590646737143
-0.854920754395003
0.608700189278019
-0.346594784534958
0.469597542431840
-0.079518302283654
-0.839138000099641
-0.558452438687247
0.259492711613314
0.171666968002136
0.831313036438078
0.091110222726191
0.702070453093542
-0.504668325507967
-1.285119925557227
1.964736241147593
1.494339758265607
-0.368597810595538
0.728681180270361
-1.043843943750126
-0.471821599790804
0.834630103195778
-0.147681126251104
-1.551221731372839
-1.277317973581592
1.545710973721128
0.071605613355473
-2.450710720053551
0.562306022314164
-0.984981953305685
0.128220876973044
1.691128186300336
1.447049211986061
-1.478128827089345
0.808038168415910
-1.027357622571474
-0.478768845682285
1.560883306007025
-2.172487717855060
-0.079318026011726
0.883947830806871
0.087807303391846
-0.535487872738576
0.284437017281447
-0.448437356632667
-0.735622392975885
-0.206204917008694
0.561326117495836
-0.125963704629897
-0.149978041483582
1.490484295774402
-0.897982070702882
0.252689416492300
-0.905452473625577
-1.183377800738249
-0.552313477746581
0.833768902684491
-0.258433293075774
-0.582893826989279
-0.804908393969600
0.522412016638055
-1.147428206350198
1.017019774197458
0.047528888630781
-0.428784283643670
0.025286982055028
-1.710963420598055
-0.596913197918249
0.219866858493221
0.760711318874510
-0.515448136679859
0.724538456950931
-0.862798904152451
-0.338290749715004
-0.584843085596568
-0.258592845864559
1.133235234970104
-0.086210978281571
0.047880515988464
-1.619873289298922
-2.363617565686821
0.564512781850678
1.305329924463251
-0.359387666416606
-0.924293800947870
-0.716327478863237
2.186258696585182
-0.902957068059876
-0.085484925918680
-0.390266686620475
0.745222941775277
0.882708215603618
0.585963569646702
0.336653220473518
-0.418575732697341
-0.151362354259644
-0.403762805218853
0.979655033558490
1.945492687376550
1.001770298441099
-0.655519461779124
-1.095866916403065
0.506418610710165
-0.003276935209770
-1.009841347074986
-0.423332408482550
-1.235962187089414
0.649767212340140
1.633323457955997
0.511936962248909
0.307844657000805
0.213068900784672
-0.828816497298695
-0.849287056693462
1.465905217199096
0.176316554448911
-1.282167131671698
-0.069150692737329
-1.378784640372045
-1.137393421928464
-0.704228736421904
-1.082726394175820
0.357678469831630
-0.017762183140962
0.700577521344076
-0.266825020620375
0.915079466760574
1.018845874925717
-0.636202536716206
-1.861810340878961
0.038539328775819
-0.557976008866511
-0.743649982887567
-2.119206854085866
-0.337227939270588
-1.414089521779289
-1.036681148277126
-1.104186281135670
-0.291096810480883
0.745022851799058
-0.075089416595399
0.796833130415370
1.741041826562416
0.394040220156963
-1.294611097353807
0.366464383409382
-1.290049505859188
-0.770304916657318
0.101746108706967
1.695011063769103
-2.093120432237615
-0.323343647941237
0.840457838367087
-0.906754493366574
0.356512766685814
0.553997310346974
1.104414632445019
1.060133136882920
-0.928265552261705
-0.938913977252063
1.774380591481597
-0.305489696135103
-0.312430484543763
-0.720140216763622
-0.745448641332109
-0.948164965403083
0.023543857466851
-0.246336699856060
0.418727323907459
-1.245088161867939
0.969104932867138
1.912335752066681
1.615587275259142
-0.675574644842861
-0.936263805141854
-0.660322053718850
0.476735029616824
1.511847386747614
0.730758832216209
-1.128044370406200
-0.371197440023440
0.040072832861062
0.917781927208995
-0.379734831814387
0.058166759883086
0.333805163334395
-1.399687599267410
-0.427386454538806
0.854055172551353
-0.968411792208948
-0.131258459644353
2.159926489378681
-0.293687165723688
0.059631456756057
1.837264318397538
-0.038307691769167
1.465340840422018
-1.919175338266017
0.147063446747794
0.058907052724622
-0.008753704770067
0.324075411223513
-2.273021460071881
1.406389910958505
-0.779490182408005
0.649375350163544
0.176808265490223
1.503019904581507
0.560351771936236
-0.103420342530701
-0.260457333349255
-0.273126209466227
-0.518275383785980
1.173993010516711
0.741921252446417
-1.045279704933719
-1.574122366074673
-0.737971730205595
1.325049363972621
-0.928260146374721
-0.282218565266722
-0.045048114371243
-2.023843477213959
0.639984544035083
0.343450165263973
-0.331250737994412
0.932321596614367
0.616824908797202
-0.598899277554894
-0.507893212212552
-0.428709313547068
-0.722955367684019
0.670703683312204
0.107069208133549
0.689557698720956
-2.422094801842571
0.312318218554943
0.373030548047729
1.890757145021505
-1.111764397656461
-0.856855925539032
0.295590585243559
1.325591136211187
0.211465742851939
0.294593146398526
1.643168658778062
0.214127094147727
0.027506910108194
0.287257183527594
0.644789536007468
0.924311433427093
1.183196358367487
0.306778602940725
-0.200059187697480
-0.815067342229619
0.852452450913773
0.386758172170314
-0.269277259673796
-0.421949574058076
-1.170689726539165
0.144712281104151
0.607914812393974
0.979709740436881
-1.351643846824392
-0.567351711189011
0.063991488572235
0.297949110313953
-1.143668246766272
-1.036396931769534
-0.447488130749183
-0.323587740085262
0.736788881106873
-0.598516110946738
0.744670944369976
-0.922987188976739
0.618545630983341
-1.251338841017301
-1.446773894307407
-0.031686910483343
0.146247027889556
-0.850921854423484
1.416022320507531
-0.770070316434777
-1.735486539594377
0.710728069593299
1.182781951901435
0.117047035919829
0.184747987196497
-1.420542691424611
-1.189243284743024
0.549680444179328
-1.206480533152760
0.391315000251348
0.946065663669394
0.075169404722562
0.491904484501657
1.362938378877488
-0.870698923641438
1.522337111575260
-0.618964549430774
0.233834523137572
-1.677845235902704
-0.520387183918378
-0.045594916308749
0.102302764720210
0.158458660598145
0.169007926583431
0.529265475512715
1.183454093691109
-1.279472490819611
-0.617435150782445
0.729133839185380
-0.341324447606952
0.602385608910890
2.125044452273810
-0.248011537009274
0.183775080791440
-0.864870179844715
-0.257413180873484
-1.019422107503247
-0.084131500819950
-0.708851443473263
-1.093570698672540
-1.802698638547994
0.068566442840289
0.307624286092464
1.657880306772231
0.645657653290549
0.505165618170848
0.146853346902597
0.428441902657753
-0.158232908068731
0.473506041345057
-1.610301560277291
-0.286153236495617
0.843259559435565
-0.544972805756522
-0.077198701326473
0.445214933018841
-1.289373019560826
0.120122297798294
0.477173974611678
-0.469823477718545
-1.501576603947966
-0.029985917541196
1.475438409924294
0.319092657337665
0.741851382221530
-0.499535992126143
-1.850624119926126
0.460634713168077
2.223364075929320
1.412364423032924
-0.941679705113647
-0.120755681338179
0.170410918713114
1.835763318865538
-0.863099645993378
1.247501060024022
1.678086056996494
-0.060733016575984
0.201113187103084
0.903009936664890
0.331347290921437
2.777193205067590
-0.208432197619790
-0.666946440002674
-1.753680843852321
-0.927745705781862
0.195517463992610
-1.914683792331200
-0.190274078438002
-0.076416076663592
0.454824665332155
0.492922557819342
0.844776426488152
1.023349044320422
-1.458689383496824
0.725996891671819
-0.336760977550566
-0.923888249935855
-0.871798109900844
0.034308247288319
-0.597890144162989
-0.023367721837413
-0.237556277033490
-2.047201307030544
0.103576833506632
-1.460131212352439
0.476309864439575
0.873878814421293
-1.446979111327651
0.481163160510533
1.012049347964146
-0.773135180179153
-0.992192157900869
-0.482720238264907
0.017768341635441
2.244339355436812
-0.069565133368095
-0.553649447621983
0.761885571165554
-0.064719605324671
0.033013521666342
0.277415215374915
1.515452918204096
1.218470454630459
0.515301564355140
0.748675980489015
0.252108108784215
1.368034373077508
-0.097881952728262
0.279154017293002
-0.256670055677556
0.929088419029633
-0.849177821776159
0.537703219003340
0.979091970612726
0.866301725071070
0.787582786503925
1.543484921565800
0.757126429641336
-0.731917357193866
-0.175322563269225
0.056541709868361
-0.085238045802695
-0.440962370137211
-0.515173142924608
-0.770935567154905
2.456979655229025
-0.761015159586699
-0.671187174844929
-1.029351702869940
-0.120183885435741
-0.668744313359198
-0.034182089920004
0.196018058214437
0.318768687079069
-1.306778069747291
-0.761668830151757
-0.365548695569792
0.784883179297360
1.076116042347235
0.032389951490506
0.696890583296126
-0.532190504172513
1.776792869813358
-2.832258458025068
1.602459124727151
0.897308428866453
1.652522080500454
-0.603079332512805
0.677194265321755
0.110343654214540
-0.811663165223884
1.240138449088827
-1.410481466757890
-0.102384324362848
-1.821850550954602
1.338842652751097
-0.050234972008855
-0.561839554076642
-0.216826926292217
-0.562811687698826
0.201467839075568
-0.120445235984418
-0.857071887081629
0.789181353101757
-2.298125278296753
2.138703745226660
0.201595401884315
-0.145374231995559
0.764260891374871
-1.078729603144455
1.334850332683365
2.233803496613466
-1.170578848997113
-0.595230948275952
-0.281958553484900
0.784427740842501
-1.145385988373872
0.861684029644911
0.708092220066615
-1.283283849144109
-1.014895695795639
-0.025251154582559
1.609465831995289
-0.359263181473361
-0.457905500114355
0.074283528930172
0.832975432930097
0.770174860824159
1.245409959271833
1.178159534707899
0.484069742084589
-0.247283838994202
-0.619189768122487
-0.302968323170537
2.106785206823566
1.815800853405030
-0.945509553467110
1.382720411436359
-0.280262420870096
-1.405441087929175
-0.390225808220700
-0.053816514535856
0.949752506523541
0.031230092268857
-1.554847029947207
0.745012561838379
0.563876898624424
0.473202390380517
0.850312904155789
-0.051241741244613
0.717857132278123
-0.656591833983249
-0.155236777659089
-0.642794809609966
1.131741995136329
1.091842777010859
-2.025980414960332
1.257877400117763
1.146897585677723
-2.201354397264745
2.051258474309924
0.237586367574661
-1.602630342360984
0.675354632095354
-1.298743242573758
0.282564493221855
0.000575610568422
0.751552201800800
-0.597381968920369
0.745622359902038
-0.406528517693890
-1.515535976764913
-0.811105065655961
-1.938409730360424
0.894876360139458
-0.416979470713686
-0.015274371280983
-0.350309900694667
0.532371952169349
0.692113577119244
-1.601872245036998
1.278388522881649
-1.726984764135016
-0.247875574507509
-2.750318994203791
0.502317716531390
-0.855121077711996
0.089352371770353
0.660442060853738
-0.969156160033346
-0.438068559698982
-2.200172076807513
-0.222395102307256
0.622263860450354
0.514085721194369
1.744667435996695
1.361117472197459
0.519225247187164
0.057881272768187
-0.272653832481714
-0.158295648890112
-0.408281434754757
-0.370850948464761
-0.058679580314434
-0.593949614893693
0.441792140926898
0.427293701268151
-1.483988307965288
0.283576428410295
0.363627520528183
-0.146906324166463
1.486267472482933
-0.487876963770927
3.136177141031810
-1.910878167259257
-0.177286619196941
0.579295638927518
0.419697873636793
0.707604830463672
-0.413207188875298
-0.706600247207505
0.806403517552189
1.119855201296116
0.022851134169130
-0.487362520102672
1.340005261167887
0.074029815944735
-1.081351691917918
2.043353013799853
0.845428065941959
0.424135772266825
0.766215363517320
0.921395826581023
0.933924790799817
-1.205185077987319
-1.352103329318396
-0.569351470678014
-0.391239003301085
1.354516862710915
0.081824554880331
-1.141192932410624
2.747698625511633
-0.356394322854202
-0.468639669481404
1.145412261566024
-0.070975498801339
-0.091893559273995
-1.386784719155579
1.709361629220419
-0.640648681828039
0.961180385574078
2.081285071034124
0.235353795004453
0.379765328134903
2.254510175754024
1.070535965185852
-1.793444976795921
-0.183523649215836
-0.898228613262981
-0.272169150816677
-0.341684175867993
-0.170315349847236
0.862084711878057
-0.729462256492862
-0.526051376557001
-1.174174817800415
-0.841314831653338
-2.164678227156100
1.374320406114798
-0.327458293645955
1.775336816597779
1.413867779835878
0.166122500882549
-0.317067553307820
-1.668181148480880
0.340101395738166
-0.265306836420054
1.050145140365873
-1.747717418865129
-1.628617767655634
0.355908766285033
-0.561509865970944
-0.303694220636734
0.173243984951933
-0.853434821644923
-1.631362492444050
-0.172767793987941
-0.756380711405636
-0.359924748272602
-1.806224784984566
-0.952624854942088
-0.024227208374712
-0.839047193962912
0.140844191003616
-1.297907013760365
-0.538110568091216
-0.444079546794467
-0.462143092306929
-0.546676348142024
0.982852556842550
-1.046713121055230
-2.658385353167104
0.666741500060533
0.787881309911564
-1.091231480754113
0.793453023972141
-0.281659609350112
-0.260241708129324
0.869224169437481
1.261149947282587
1.650606528420082
-1.092650214604787
1.692325571513851
-0.174787421648101
0.698339426750477
-0.408094636693148
-0.858859892168129
-1.176882694772986
1.612304331669017
0.506995268659141
0.659523417044181
-0.976390543528614
0.568582265013936
1.010375336281833
-0.688449485459799
1.553661889752577
2.467803295860972
0.500628420672098
1.470478341637713
1.645947279422125
-0.926746489483717
1.161809472020318
-0.698259026144869
0.990983145230151
1.721705675378619
0.855059863170546
-0.463636096945517
0.419046320547419
-1.007009588107294
0.993152283905349
-0.406739737775161
-0.849234280034790
0.543828507852222
-0.318709253274602
0.743687624636559
0.674236641379189
-0.403360341564036
0.392521403810280
1.095437771235028
-0.082401626847611
1.289400601913448
0.389885614923773
-1.644116324378872
-0.513467904099774
0.376876836749719
-1.455765899080393
-1.070737924297327
-1.428277630468242
0.104028705218395
-0.120070366949374
-0.057356452892318
1.351225675423793
2.145826392651188
0.059085011802093
0.721391635175408
-0.389042425075717
0.612994605059935
0.000162908098615
-0.443601330728626
-1.201689861956473
-0.337038745488005
1.601069995837680
0.517173947332756
-0.775470718129173
-0.858144758490183
-0.079582340277762
0.320932480952940
-1.253473685293114
-0.367407747370836
0.412477955169670
0.682054717108918
0.630016053559925
0.454653578134677
-1.166947813713443
0.916020669247265
0.150885756201463
-1.285652727028415
-1.024886977339883
0.285082743999821
1.259026747383751
0.659370020139150
2.300675978234586
0.056663438731609
0.293710814066409
-0.177559041814493
1.723508917042271
-0.592736981121788
0.426592116784086
-0.312152659760392
0.667277539928189
0.200480019620085
-0.720087171498609
-2.107320012758895
0.362629828814147
-1.675191659138942
0.148939293342434
0.085201382572162
0.204954914535851
0.098242795197019
-2.102157433337680
-0.404373915878066
0.117093971894193
0.485561315854389
-0.677966956534083
-2.239042168067402
1.133932567438724
-2.060734927750378
-0.169085743594752
0.124105011031181
-0.813785325974912
1.293569715212862
0.690802178723195
-0.004953835968350
0.897764604695812
-0.853381830868870
-0.827062874288890
0.117303990869888
0.131139325697854
0.433535493473541
-0.762667074504954
0.297380102858968
1.457804129715726
2.240295436145355
1.859570524885127
-0.334184834297322
1.675194402016186
-0.050722217198209
-1.194591326963472
0.916589231110055
0.524783927656593
2.142655084113930
0.063448614615416
-2.063622982733980
0.422897233034331
-0.350946822378238
-0.206928590282367
0.039829731048286
0.233161072803446
0.783443919836086
1.013482365932397
-1.078945475889733
-0.944008407255325
-1.674273677139205
0.984617206609489
1.057053847820947
-0.868370946866950
-0.897221582039534
-0.884797513001859
-0.129922913910019
0.267731410789306
0.675953161915205
0.182181413462191
0.975441278387338
0.458368949598401
0.414214267436418
0.889970683805078
-0.252386882963277
-0.914934805889384
-0.556255103604143
0.063168947951354
0.095410936044016
-1.142514000257039
0.373631406921915
0.058050699717760
0.120532642544445
0.067156597784211
-0.554529119500149
-0.567868577132187
1.148659916293642
0.584901955094182
-2.064495110320764
-0.390545609620460
1.379188379970226
0.134061618531170
-1.292169702656883
0.893557334977909
-0.349879225433817
0.406380111018498
-2.659493647199978
0.057196021369045
-2.145919464777437
0.285887772650238
-1.062666724044249
0.406181667503457
-1.116012992203850
0.973342665202103
0.831349839763196
1.512901507961570
-0.181165055201824
-1.707461606343000
-0.264441037939020
0.682052787807025
-1.167591028112750
-0.018791772987487
0.413331726883031
-1.034345538157949
0.572398646651487
0.171822292944638
0.124347722533563
0.058843297032195
1.612622550556550
-0.280105156389336
0.723371617798272
-0.572381390833858
-0.805443492703782
0.900865164667073
0.326029602110353
-0.469492544108642
-0.000203745839763
-1.263802986930941
-1.562795895075529
-0.550206127828289
-0.049868392179612
-0.392520251597098
0.354823504488095
2.424624130030318
-0.200618681747344
1.178555671489738
-0.984289821857971
1.736194902823696
0.281720904895201
-0.176919173669126
-0.565862731838511
0.830695118241376
0.806435941315038
0.990122248318128
0.164390092458346
1.368480837929091
0.332294653504228
0.083838419459654
-0.199059952497702
0.046381470336801
-0.534932327388987
-0.858249193111458
-1.577147083253774
-0.177507083286759
0.392017439874798
1.657652447889761
-0.428235515056492
-0.394410593739410
-0.916381055648319
-0.103432873291046
0.415136645154720
-0.402077412661251
-0.036899362725719
1.121980275730772
-0.266215396712691
-0.385055145415051
0.154698137491669
0.995880460557516
1.116922482787849
0.914487715873590
-0.916376026142627
0.050259346646688
0.369595188293258
0.188184653542024
-1.504362032487407
-1.196414201999594
0.186817993268825
-0.265349077878518
-0.654661874035713
1.303332444968688
-0.796470948738245
0.321703462370448
1.408922204653112
0.875584580145228
-0.910069822400449
1.804227367548748
1.752050997588735
-1.571163563744393
0.034967883399632
-2.224635884169006
-0.502106317435289
0.565388850234400
-0.255135547803328
1.672907550343330
1.443433377097356
1.251143071834287
0.148396977570139
-1.541914519449120
0.625002345350604
0.958131203106932
-1.554088433311397
0.326609525568671
0.119499685431346
-0.686290491650442
-2.298843325501457
0.350961096033625
0.725454359868661
0.150224920493409
0.573533523519438
0.007769542669687
-0.409526280279288
-0.402982037872484
-1.066598514410223
0.632475956559303
0.394404194459032
-0.065488317337072
0.541417309751961
0.240467215785434
0.815994262633752
1.039795319347110
-0.641701160336270
0.758044875651622
-0.368275903670238
1.236145085153795
-1.077213084983702
-0.324590277910798
-0.697704522959951
-0.116807295856549
-0.065070342885814
-1.434021451080256
-0.069403703976360
-0.363899117642626
1.212055524531879
-0.534125293804969
-0.191843354774912
-0.336260584324506
-0.294767253071603
0.147574165119845
-1.085771235819533
2.385470054261992
-0.858446333467347
-0.950155678841714
0.492195609002397
-0.683185696391523
0.989651431435477
-1.666658516836946
-0.638163305277106
-0.901864182785706
-1.366954662712895
-1.567728382265558
-1.507423034234205
-0.665330774582681
0.173360660948173
0.719505902992003
0.133479637532654
-0.826712426048653
0.657706370709588
-0.537555023480275
-1.120809865096551
-1.019519141500958
0.093658521126068
0.479738401425424
-0.610529705972078
-0.606745967406284
-1.247121310420189
1.503780479454299
0.227106682618984
1.321112376077372
1.615690109578179
-0.983018588797549
0.487994198049837
0.308661046706674
-0.246556249033078
-1.306712032473073
0.854151840425054
0.581505867559729
-0.944587633105977
2.614013985047458
-0.446424295257875
-1.433744796363317
-1.710333653085976
0.812654436211637
0.109801204135398
0.121627623787311
0.566369815302283
-0.024132849697283
1.039403652826830
-0.034607538920078
0.535327469019056
1.025623115213875
-2.077809801445807
-0.528990504611911
1.136393753370742
1.660015562482548
0.979496959410716
1.290639172693844
0.954057106871784
-1.159098813792236
0.034813681350345
-0.216164618494118
-0.157564599205888
0.952504509744782
-0.409062082880976
0.895256640011511
-0.026789463108155
0.462226094736571
1.047763108003601
1.522293314791735
0.922784842887217
0.109883158111534
0.120701524225659
-1.245931227345101
0.364885421923562
-1.191648624894567
0.041238703709427
-0.836657869486598
0.336156908548136
0.200035964395835
1.173921221495818
-1.600164352294543
-0.206013686371571
-0.073745925148499
0.209468859377103
1.320924223330728
1.139383862484900
-0.475690064124620
0.263430051027877
-2.774010882032595
0.071674989813751
1.464363198125083
0.078120174653278
0.701361049338907
0.430214685269266
-1.020055664054205
0.092498757739846
-0.319125208707656
1.234955377946102
0.696154175368172
-0.070263398182160
-0.062900843928761
0.941849493219985
0.605821023222557
-0.691056160768716
0.336085895620802
-0.796581877151734
0.159692534132978
-0.238526503499233
0.145823563531545
0.159334926782681
-0.061438462082251
-0.673503026703833
-0.089432481447010
-1.195226472837859
1.341764263314028
2.194549185664196
1.171963520256770
-0.742765058720427
-0.460810499604347
1.762872928624265
0.936297852718401
0.120200139976363
-0.593408551758006
0.009848314614132
1.029787842677019
-0.845182837462378
-0.579309650413838
0.048529940850776
0.345524080000998
0.952856900154459
-1.353151236028061
1.176229636598890
-1.577682668644818
-0.555077612541932
-1.751153643571297
0.528686390357042
-0.168293263452185
0.871842431185139
2.310103411583342
-0.840193191395576
0.753430903935217
0.890616880171259
0.482460785267925
-0.136588851770665
-1.978346605567709
-1.097409684312868
-1.988090537116878
0.868511128447549
1.217931658465181
-0.110018211184758
0.077244738142803
-0.139479463854484
0.271541484200710
0.181366445132433
-1.269397342915456
-1.511864763028833
-0.467441607838168
2.330230511541601
-0.362053624145585
0.734263938541588
1.261524194583505
-1.960476622644121
-0.738994666142287
0.147809561983065
-1.029858468774175
0.649082178423525
-0.151726692146683
-0.728297323747555
-0.438108685927779
2.204452018138483
-0.327674528547520
-0.224032685720704
0.342947665591011
0.657941413210956
-1.784752650615608
-0.154266883080334
1.256971385925420
-0.633231993547071
0.188372945539916
-1.234710629195505
0.689169715216237
-1.185346177792260
-0.008757969715586
-0.361963961893903
0.834577532802325
0.089287940655298
0.562497193758146
0.932352985825931
0.173706048202364
0.358794882406810
0.365461656155329
0.513586343869140
-0.706842888060677
-0.795691490282535
-0.536734562445384
-1.292826053411449
0.641542933193619
-1.264332206652098
0.194233737933698
0.703432116463107
-2.406067666465489
-0.001967067303889
-0.428360740473942
-0.555819178777321
-1.017903940247945
0.367236002916579
-0.755661789551246
-0.736746791472139
-0.123604741914050
-0.164862514329396
-1.962384027946318
-1.924565318791396
-1.127066600939112
0.995256391456861
0.192133379921521
0.209836917017915
-0.260541142787503
-0.029142913271529
-0.839916049408922
-0.381980309504657
-1.186689762888983
1.198327885520172
0.575106738317747
1.691473299479698
-0.146084205438250
0.000860313851475
-0.549406215577069
0.961441944078572
-0.659826196299163
-1.154619827252774
0.376027005683915
-0.295295266690056
0.122672203931473
1.898978615155296
-2.492323650818376
0.720890753850181
-0.480508086351287
-1.520199834987136
0.822609821434404
-0.533388453471902
-0.979395887204239
1.009546714010108
0.752272309599846
0.503508047977030
-0.625995491350316
1.456062773061020
-0.443070258095994
1.266489980894129
-0.244884031482602
-2.510327023909587
0.246768957196004
-0.539764074551268
0.456142775889628
-0.332466562216905
0.724327882493977
-1.994675603641336
-0.091915861350740
0.897389598719029
-1.918249056973345
-1.708080078671429
-1.808388928053363
0.091614202444746
-2.155201353461794
0.174284237206147
-0.935940196828551
0.779408718084012
-0.986667902477111
-1.215540194555440
0.680310860901840
0.667909351385859
2.288340099757229
0.461993441496118
-0.656152212624993
0.729788045664490
0.517981401513036
-0.402438661220680
-0.970461701754677
0.327623806821283
-0.938772947649287
-0.265293154591460
-0.633613822611084
0.692594393369619
2.981180093704184
-0.337580864492801
2.080033936603376
-0.055382306768028
0.039413059386373
-0.306321628091086
-0.230169040937873
1.273638845520778
-0.051173891027766
-1.478924755140619
1.093578957265805
1.340134536258647
0.119725820233400
-1.860096420325183
0.117048956612689
-0.261144067938400
0.024110720726081
0.091661895266759
0.298791788086042
1.282096222519826
1.093035015725364
1.005983651252459
0.433545841722719
-0.905507805115214
0.442616593085122
-0.518414121163806
-1.114890694182900
-1.486830192413317
-1.415632411333835
1.587190574094203
0.681891814197269
0.042674418171604
1.669362794549701
1.460266056084790
1.444876407226362
0.659270220934713
0.631745938785388
0.078593923363375
0.187007940875950
1.977570982579802
-0.067096809068484
-0.084948798542611
0.828559100333243
-0.413144992990538
-0.945831981153150
-0.042195769410592
0.500256551279462
0.272772522023729
-0.253839972825020
-0.155758663100538
-0.391395153446782
-1.500698960224611
-0.821248234911550
0.788803396193882
0.494593140268506
-0.561620438410184
-1.818295782028688
-0.595641040313076
0.889490269725044
0.331207766826560
0.263793367484076
-1.415344265375792
0.656287322637714
1.631416527909114
1.276476970008545
-0.439411880045213
-0.087623434192261
-1.189010535916043
-1.332137579137951
2.188443799885399
1.122439169448084
0.180225263623414
0.061708558096596
0.074543684793350
-0.677159387260009
-0.402173232717020
0.445100376027032
-0.574046211519342
0.855923531167150
-0.485337803021554
0.432825095543798
0.675663641761912
1.397836173183200
-1.072543648845450
-0.050175408296669
-1.531446890690553
0.952115131030657
0.181124058456741
0.277387697051122
0.659608059474120
-0.924543756685314
-2.546351541650599
-1.319980483927350
-1.405096492614520
-0.070321721893777
-0.374841122060151
1.779306136615178
-1.165970853401253
-0.449964956224776
1.353456229602938
-0.680168353284693
-0.895260438506001
-1.778058701598190
-0.644829079085844
1.639970387560437
1.282617201463496
0.130276603131200
0.503026217647107
-1.491793418437922
0.691464415609742
0.463792220483853
-0.297522622301649
0.500104830387469
0.640895677400025
0.275191609236821
0.426419115018161
-2.254965117904602
0.598137857807957
-0.693136479411109
1.989326176950115
-1.227149817368635
0.915164574621567
0.124639078851823
2.055395892519883
0.607781423557470
0.051015628289005
2.178245827193437
1.514545375500104
-0.328710922753055
-0.447938749220733
-0.032226513142357
-0.219315066814831
-0.347066430475177
-1.812987297523235
-1.236293252105627
0.086792734456639
-0.911209440175550
0.154353715544044
0.062724608921209
-1.027188457855326
1.392098014861209
-1.360277746235037
-0.496734015811136
1.233381562791236
-0.187320805379231
-0.475649339659105
0.582226935736097
-0.753138813603858
-2.802873328258047
-0.969237119921523
0.578114560564934
-1.014183542047068
0.411709819804385
0.483093436429197
0.810410267435326
0.940615413810849
0.730647279546334
-0.270328627756696
-0.060726035403099
0.523348648043421
1.444214484372740
-0.547892738617269
-0.321808228110091
0.247330600798095
0.736850515738989
-1.506920653338603
-2.230377823969423
1.745171297608916
-0.351273520202620
0.846159977231557
0.205627167937068
0.192859729935540
-0.565939367183243
1.286361839586149
0.602168272617839
-0.249065020257447
-0.497606284543837
-1.020399589714238
-0.672022422337501
-1.276644433699618
0.742727699824916
-0.617561856269268
1.003114936653989
-0.834121192541595
2.561984152392774
0.087890326434661
-0.503243705039459
-1.415759426595451
1.736814180130404
-1.371187399703781
0.948012703528487
0.252416730912686
-0.702615679898722
-0.882077826462604
2.517890889394725
-1.824059173721960
-0.285134402731448
0.241320984486895
0.921083065336612
1.700215543346698
1.603470324365424
1.011181082938809
0.537358819444107
1.117161994518599
-1.084014192970491
1.006859811657553
-0.978224553269810
0.448996406822996
1.248400824398096
0.721206930405571
-1.087409122347300
0.447256047277710
0.100643202209205
0.899092565477908
-1.144892509778447
-2.082722240654719
-0.244721515160420
-0.414146091442216
-0.297663817254120
-0.295155262249053
1.119507886321763
0.986234807982897
0.678785852350967
1.299875806006066
-1.162163531642676
0.641921761037436
-0.065511891072427
-0.257775994199082
2.218887107204262
-1.221178513142627
-0.542293587317705
-0.468035817824123
0.425529229129721
-0.428386260259134
0.221815603213228
-0.406960981054783
0.207665870078639
-0.780237941140064
-1.425658577864960
-0.679689488544180
0.815428100993860
0.003641685289302
2.004612942392733
0.927771191873475
-0.662089303577753
-0.411209215223600
0.938543959631481
1.636369611463296
0.873093239258770
-0.123567378337772
-1.337353793759675
0.356980235429695
0.251448220007186
1.379629067688545
0.476298931861676
1.152745118700928
-0.155989001005322
-0.118267334160891
0.828839130429189
-1.262348661841553
1.301052165166585
-0.377163250268202
-0.886326759003882
0.500511498138815
-0.330582331496081
1.223631083980846
1.456263092594608
-2.046487473238875
1.136189137514189
-0.190124509626162
-0.189346053619279
0.496567053807691
-0.258005119572365
-1.151012043024635
-1.268129199124470
-2.220583281912212
1.367143671582608
0.643711551932195
-0.610614053847980
0.008907058995409
-1.647790766829530
1.136384225468657
-0.830474739020270
0.470430398361428
0.047207723313243
0.559776137190191
-0.700541028627704
-0.483211242032365
-0.512021439730558
-0.980890689779639
-1.403624088886073
1.241355922870172
2.205404067938580
0.717337646316758
0.779354190560859
-1.138470292977854
-0.397146736159014
-0.822209933312862
0.746590255364156
0.575514155776981
-0.010738433589586
1.338879067405180
-0.095317729091147
0.219680340044536
1.594528952129129
0.161375321475079
-1.398578936125841
0.615549712764885
-1.010663086986260
-1.025177938913042
2.814476926175709
0.501223203418071
0.669815568986758
1.497104033952024
1.115912241665610
1.113298228899115
1.312277174741054
-0.136040911114648
0.895813824664298
0.630988473725257
0.326131595432476
0.903172514520289
0.886893150304244
-0.678030873461519
0.034331605302738
-0.943152196291048
-0.638512717708059
0.364175148254479
-2.172634289669532
-0.827092856844955
1.497893837809467
0.188647628568377
-0.747716080415913
-1.355820002623372
0.261124100801268
0.470949225454028
0.670087088006042
-0.136356830939124
-0.530995168750162
-1.167778889898328
0.184353061610045
0.849321627509577
1.024178959459086
2.431838064904121
-0.217600815365314
-0.398893778668250
-1.913128700962396
-1.195858654542951
1.268478009530014
-1.187812647840821
-1.016987484493217
-1.357403019295931
0.002377128790069
-1.453489377899185
-1.159464269232346
-0.375777168160564
-1.697919455236391
0.219319526894922
-2.262227847096419
0.370827093838524
1.294016692936448
0.252450047079066
0.254296171136207
-0.656077032299957
-0.200719772612244
1.466313558793664
0.125363193385643
1.502611688963792
-0.445583739429834
-0.420789429619296
-0.551455570287449
-2.051123170244755
-0.211510858256795
0.091488536784378
0.405358429385729
0.509826413880408
2.460964878980646
-1.171041520255685
0.376542832301218
-0.910489428060830
-0.099881005110186
0.019552288264830
-1.174218779298667
-0.852139435975993
-2.360121574034272
0.602723320920261
-0.174089203661401
-0.279735355794795
0.139729096559008
0.354159225389459
1.008227818851949
-0.221117701411619
0.869723668274037
-0.748181169321721
-0.952771409084277
-0.712978902722022
-0.921220002458620
-0.743538532384925
0.118242885822033
-1.231115854977408
-0.341482124453784
1.802052861229812
-0.031401520265053
-0.006852626887430
-0.983528661465692
0.619817405450730
0.744840350545075
0.337500132581910
0.945089170375366
0.170111776391076
1.116388736032309
-1.223339708685771
0.222584916525929
-0.696512416165876
-1.136307945687641
0.060429677869123
0.342324529281147
-0.284898159879302
-1.070499692004445
2.123461342550804
-0.101249111043069
1.255926647299797
0.481335496839555
0.959792774781644
0.837425304033807
-0.568728322523900
0.039931068368122
0.816029465804954
-1.505398734254513
-3.066753579568771
-0.125705586571961
0.820973336210588
-2.334274097055280
0.902157019763457
0.934313438737702
-0.510987103038486
1.422210470007308
1.429092127736946
-0.922253982091377
-0.964400526540639
0.054355703952977
-0.263807843450130
0.416050046379552
-0.052973709878394
0.940566333886199
-1.169692651655095
1.882837023158902
1.399555933149760
0.065843048535022
-1.529680019064372
-0.515989857270946
-0.213480375527934
0.456082831771818
-0.537959878106297
-0.051594910732849
-0.955988871714473
-0.060407632898859
-1.543343976487923
0.137439498454645
1.263380585314814
1.954503944227363
1.289730591128492
-0.106938326317884
1.036624454395650
0.019826770951901
-0.572699200462414
-1.233045936795795
0.738650937609513
-0.946576795578067
0.683217627334669
0.720421591430529
-0.199876953424970
-1.078640133870195
-0.292798973851881
0.712759228354678
-0.316806671570619
-0.242705505489989
0.273821426022712
0.456089642291476
0.241348524497390
-0.493685795887789
-1.188357412034259
-0.187478697182087
-1.023856236789866
0.416292169833609
-0.037454652776132
0.805409686819810
-1.029016264920861
0.081024784208476
0.114504703580130
1.372508244075000
1.507838925532435
0.376974004812574
-1.837026333802727
-1.484936065256405
-0.722967662344861
-0.272829932864136
-2.435255416153836
-1.487591061009993
1.834630742491387
-0.585354313122959
0.460496857408885
-2.376960439121015
0.125472004142062
-0.773551510778174
-0.637693862883029
-0.092176311899875
-0.575142246535349
0.923076647372373
1.559792076626491
-1.903866903261075
-0.003940774681832
-0.486154683152126
0.109901761034919
0.019310678152920
-0.679959208554407
0.908852822665706
0.401146839431077
0.818927056494988
-0.387229695646878
2.006833214633442
0.305100680865862
2.261220162027269
-0.985461564025420
0.361912184045240
0.586031783532857
-0.056569971719617
0.243280840589853
-0.793350023176411
0.192731394448465
-0.180193174700883
-0.320444981088755
0.222306662185840
-1.094446023117854
0.847808330620859
-0.146407433856275
-0.021940033525710
0.413677144198198
-0.764004007373190
-0.677356636241671
0.436632992144553
-0.871630032409767
-0.738573510497742
1.228106314134144
0.884036713945657
0.229758869262866
1.372363516339753
-1.034065078336101
-0.024808653389567
-1.410298524533774
0.954607990512410
-1.007835369928663
-0.802270190895869
-0.720145512863822
1.771949801645541
-0.257778490975897
1.373420365162359
-0.528700250640401
-1.124177576698146
0.248685011411564
-0.247705907627453
0.505979130951586
-0.030950216814698
0.143390232173160
0.077905480150681
-0.545693543047083
-0.391150300767166
-0.314453469721142
-0.729758216701702
-0.170344755808194
-0.389646271888479
-0.148112331179656
0.693277504931750
1.225374373602682
0.474804332741991
-0.579506271375385
-0.502210972958357
-0.145515753986597
2.200223237531707
0.144500858679298
-0.872641760682015
0.246911031239949
-1.591131578680340
0.442178840971282
-0.820476893250586
0.164981112222381
-0.490480060744688
-0.787295837091926
0.516735418035715
-0.356046980144302
0.517071858772217
-0.841839746941161
0.080955297783025
1.026373935583429
1.737712294226468
-0.370531357507925
1.536795194014770
-0.722175853791199
0.255008474718829
2.163327740366881
-0.618683342332796
0.126712702013423
1.464503740875548
0.653884876486253
-0.040778700663349
0.868826164606347
-0.278890198119575
1.440779053284672
-1.041910867818774
0.192959260402959
-0.405416513636328
-0.240103132590197
0.339802981279400
0.571282811547742
-0.668140959035609
-0.423608926917463
-0.259994634882608
-1.027096520316586
0.868148978485868
0.027870684986424
1.028764003870231
0.751950830975027
0.359461571482408
-0.140834798277542
0.448579838553285
0.844504745603056
-1.190867801425990
0.525449035376663
-1.455826231081575
0.835902379219609
-0.346341528537999
1.401160926489983
0.641668196756098
0.063891091608141
-0.079647936426601
1.702779458033979
-0.717257606027084
0.283176513810409
0.388698896840871
-1.447515114729891
0.236584915558328
-0.375388049427943
-0.318689452800205
-0.320818658060334
-0.444575210023512
1.371226152870823
-0.000131857119994
-1.621178621303452
-1.006319616731890
-1.096035146544972
-0.224577073185816
0.919703294007217
0.265957823492827
0.013047546837279
1.088884858264524
-0.263639308463450
-0.535867460225808
-1.018552512123154
1.435270546393451
-0.196616145597509
-0.649342164693904
0.097585556636396
0.335845752036679
1.274739037522323
-0.590501118837597
-2.012144747611400
1.116620980686569
0.165500936484155
0.654302039606837
0.063605207847943
1.401634806772063
-0.770551757526404
-0.335676553141781
-3.560055779166009
1.493021045908798
-0.338161207955193
0.713562420854389
0.221500124141390
-0.970060257809286
0.839575916501829
2.118614087933861
-1.482833947171488
0.600218471059493
-1.672302899831340
1.186332300563699
-0.839201522652611
0.441273751645112
0.411567208351038
0.076015783500667
-1.405487469022787
0.629737028630234
-3.213519751021007
1.299937885313286
-0.326951142663902
0.511923857679652
0.899570692391113
-0.843078898961141
-1.065196942876114
0.955668816273625
-1.834178638612915
0.575577722986829
0.008505461492178
-0.463726474943958
0.253782489596580
-1.903927709282536
0.049278357460415
-0.073578043551629
-0.771585214966110
1.032945720251283
-2.617469555999204
0.712453856048641
-0.195052448802324
-1.362940660115801
-1.228367106771102
1.262535938535530
0.103121863569844
0.909533429972314
-0.296222831299842
1.415776538585578
-0.910742750793154
0.634655353659718
1.051043465184436
-0.216706134374903
-0.110089908125013
-1.387270617218896
0.270005979184282
0.072462362582710
-0.530465841696696
0.758453207534925
-0.466685603907150
-0.399612084315527
-0.066406007947508
0.894774428395596
-0.221769248972897
-1.812544377847525
1.444225189255039
-0.524218765859429
-1.077834672799925
-1.223494479456564
-0.536901758878482
0.756902638933644
-0.680477243503959
-1.468904777764576
-0.132690817671561
0.986828135000774
-1.883867681762311
-0.944799251242608
0.088900087502361
0.545689925421938
-0.795018457853410
0.698759466739442
-0.731133026758641
-1.030486199698054
-1.140620570833022
-1.135989918862558
1.057654577597414
-0.493009508169941
-2.229806737050058
-1.865962009953961
-1.265818549206125
-1.098464214839777
-1.353388494709563
-1.839780063642383
-0.031627377573360
-0.675608160448591
-0.053999919485187
-0.270527608806812
-0.268043164226197
0.475744474303199
-0.693783680455316
-1.930234731652212
-2.612656519237706
-0.142351218751428
1.190477401010503
-0.492588086826058
0.018703251872460
-0.170569321485512
-0.237440291094025
0.858983627850322
0.493690778660169
-0.337765512139410
0.120156154171492
-0.378167021229309
1.372836172034810
-0.756048613353273
0.439889665069462
-0.737773901701096
0.624514446878078
-0.949738499342120
-0.186873646113672
-0.383547677376645
0.953880271990548
-0.786209239286998
-0.494346471465959
0.199355982931130
-0.620644789432184
-0.391574426563360
-0.052644175327117
0.213535959870800
-2.012994245403130
-0.686321490031230
-1.528438204935294
-1.211235883292506
-1.636487592776200
-1.860619300939760
-0.178687459551896
0.048927549031400
0.711966188540740
-0.436462236718034
0.214674574652694
0.568693036917809
0.715417990279366
-1.196240640719247
0.674652366407382
1.989422806399702
0.551317516056864
2.022370531557025
0.563424094709445
1.418201297203817
0.552813837090880
1.493001851379951
-0.757955164018748
1.369124291822153
-0.737001730932348
-0.344637552416201
-0.686875502479977
-0.674940880073569
1.020987303778780
-1.489950549449287
-0.311928602049067
0.849530799933477
0.846868490268101
1.517930644802348
-1.414461008134078
-0.866523636950452
0.902414692630867
1.070905635219914
0.375384528587682
1.659648426219980
-0.407857943520857
-0.466236538902356
1.597491114058492
0.884331000923787
0.927799101477369
-0.773700896029087
0.080782670350166
0.571709791671081
-0.385756413196969
-0.072375093832912
-0.259549400418126
1.798187977212874
-0.804721145094056
0.179404736201748
1.825035387619283
-0.464700294661901
-0.734804746411403
0.119253012278966
-1.451710311183772
-0.140386333329857
0.376375162902488
0.570009248505201
-0.897509682915930
0.917816390104664
1.085746026834359
-0.046775581351297
-1.269810119973520
-0.442812096171582
2.172937966626286
0.355062300903565
-1.605287760714410
0.358067993337933
1.122699775028397
-2.419608601126731
-0.783498089490180
-0.446380111221360
-0.414205175720742
1.791498473386047
-1.003003200308724
0.195305031849233
-2.544646423590748
-2.460067322538098
-1.404319149408964
-2.518936481596284
-0.759722720521161
-1.250912182337434
0.928624763383945
-0.280041877607018
-0.580758515895334
-0.603486189729581
-2.438359309009627
0.911288837093211
0.735918278616250
0.146603965680727
1.272428463484519
0.728464559780048
-0.592337841426514
-0.190000619443854
-1.242123625612990
-1.175231953342339
-0.062833038527752
0.170927872308616
1.002817353786264
-0.703447114762719
0.453456609212642
0.333523512454512
-0.676271530190463
-1.198102488438164
1.259944693354348
-1.365869934797862
1.395428984846835
0.830951637108270
0.492036270133194
1.882658436173712
-0.261012089559435
0.515152675018252
2.573063911326793
-1.225124889805191
2.696720071096625
-0.620604061066991
-0.283340512872592
-0.092940914809467
-1.912978270521956
-1.018940731040560
-0.166172473014098
1.645862926284122
-0.638005473460611
0.892348141056717
0.010496737120331
1.700968637969037
0.288941162142375
1.724364804318735
0.831817778791052
-0.434212369112339
0.458512058804512
-1.677475130095483
-0.701408556659352
0.885515861559720
-1.289234510046198
0.455108901209863
-0.444552785924968
0.148459858353224
1.499797698901488
-0.082060540888046
-0.281621813701855
-0.784339743921240
1.810219214093721
0.336959903726143
-0.246317418968127
-1.055323689900621
-0.764948266392134
0.516301250473815
-1.086809911826363
0.852872375588012
-0.051829337717823
-2.651561593736111
-0.790648608097609
-0.397973767270005
-0.370517906776481
-0.211268606874717
-0.779280574247402
-1.104148859400339
-0.794363573389669
0.367060752174044
0.108036445024325
1.364462680712535
-0.608625934503850
0.682018540012703
0.141183178192617
-0.708954935135690
-0.148770737268269
-1.168700128497823
0.031104051550243
2.086393161348780
0.116897304143397
-0.484689236770935
0.130023852028096
0.136080935853704
-0.953082346696326
0.908906943780308
-0.565667096743034
-0.113979101765680
0.192818594004424
-0.101697801652591
-0.941675136670812
-1.514145354925763
0.585321570887918
0.887442285281170
-1.379875073161996
0.544354935492803
-0.796058706041767
0.200892144933847
-0.973018823397474
-0.802802151804603
-0.200326867150427
-0.847446335240772
1.327962454816256
1.415873708104641
0.745392137911756
-0.899828653989528
-1.109404298947458
1.053006244080935
-0.372670788149406
-0.651150587288665
-1.173659039180747
-0.697284844791329
-0.058028938386877
-1.721571220922602
-1.159462621248732
-0.727413088542770
-2.060359491935035
0.561083338056178
-0.495821627837267
1.058682948195679
0.160970624923341
-1.213524592042051
-0.109884867902901
-2.125342814054693
-0.379055189112412
-0.418186487311881
0.866246777254186
-0.015827947283847
-0.171102767040111
0.940173963252908
-0.178810058774047
-2.229982555995875
-0.674006151315896
-0.832858504052266
0.766634543573894
2.154045720807452
1.430156203917093
-0.205442551292635
0.991789067357532
-0.360244812807825
-1.692115858292741
-0.999644630288267
1.360220367765673
0.989680696086243
1.503123891618462
0.454050051885415
-0.204110974418004
-0.160222952927669
-0.151400034338709
1.013413780226588
0.846093999682160
-1.206498616392606
-0.626013376237837
-0.575877286176697
-0.262041324724497
-1.068400210361429
-1.603232954566165
0.047991473721834
-0.315036216241919
-1.367722231789421
2.242212555202002
-1.125274174312086
0.576022490054373
0.726739039067717
0.148918912329167
-1.678251801845271
0.060484096717078
0.231913437645211
0.296855947134457
1.839342256635530
1.140349733212798
1.373897180704582
-2.518381496283013
-0.602627908794894
0.953446701380286
-1.714356911219487
0.212028843514236
1.638721125597637
-1.462922167835000
0.536755046526545
-0.542856028326707
-1.474329312172531
0.061114627141411
-1.443886328047000
-0.158157418510293
0.172985900228280
0.309966082880206
0.418146909424180
0.162638846140264
-0.306792404613525
-0.429298413606558
-0.187727117588913
0.218468444036179
-0.105209306434945
-2.281334674935113
-0.901037484834063
1.011579870810015
0.304186979081870
-0.229636755414967
-0.917041524394248
-0.493811533321552
2.266878824136033
-0.324067213496647
-0.216587001035541
0.110523195962201
-0.194727435736990
0.321944761215467
-0.209081565185610
0.147818515325891
-1.078968405574023
-0.839986612365407
-0.445622623697799
-0.189331781845424
1.332233606447387
-0.156898044107964
-0.266116424554252
0.230179507006854
-0.442608616870124
0.430251838208272
-1.006336138499514
1.224256689865910
0.950901695789894
0.858879954504281
-0.533147208063885
0.039174737279529
-0.616419302753387
-1.116672212273950
1.603301639266005
-0.466967038124548
0.255601071451597
-0.551024968540408
-0.334547189713832
1.237129217553899
-0.954272434673984
-0.645161760356331
-0.014166993714923
-1.051781272147862
1.553421968241450
-0.902214735495880
-0.582357381982349
1.546407642825146
1.058739607484061
0.847091972170868
-0.441705671862735
1.005181188372489
-0.505974829891934
0.791399848425223
-0.299718616358093
-0.602416381064429
-0.760566660989226
0.463828770688524
1.067784902716872
-0.826043254871567
0.487867202422659
0.605412480872760
-1.778470001923836
-0.665142479034558
-0.369769262038237
-0.523098034278404
-1.413120108936499
0.334072682645845
1.102503753466890
-0.094752372108423
2.269654395932915
0.828832020463069
0.841245117132531
0.542378388736682
0.641124022215671
1.219738363047551
-0.479312324457462
0.246456777719362
-0.335772624589493
-1.141514726621512
1.338711348928483
0.264755265295527
-1.618497382985765
0.295182727962600
0.079063948389284
0.601175650620318
-0.748675624070449
1.179298684403847
-0.117058960018398
-1.830455232019768
0.088306487309092
0.444758289505166
1.296272981357902
-0.185537214981997
-0.042700153833223
-0.042904045593531
-0.743188714918489
0.156325924881368
-0.441970448383068
-0.104331922762211
0.681846697338317
1.124375630101140
-0.900704906626324
-0.887956413656243
-0.534681350778364
-0.313183316809330
0.677884117514382
-0.099888213300904
-1.221591987430682
1.012712065288987
0.010478432391130
1.812971491583980
-0.733860774155948
-0.060885048407091
-0.875502020564897
-0.382147714141761
-0.001865505619746
1.782480146863169
-1.246932833138461
0.431426624655517
1.221725707507832
0.634506834213565
1.804514202229877
0.138089693445326
-0.084976466615039
-2.551187126787684
-0.576440603296890
-0.895054256066836
1.459636917886737
1.458918093111590
-2.092717551568442
-1.621951281196347
-0.197457767752232
0.276822123012200
0.563825385705466
-0.490062492868150
1.229245295022609
-1.983958595686615
0.458654687230135
0.810594255096003
1.542853850658711
-2.046524491123327
0.007018454602626
-2.066537599807888
0.323231385642849
0.212849055709466
-0.967774011448302
-0.069606218996434
-0.245811322733978
-0.583169884482442
0.715478074284145
0.203618030592792
1.651647934924782
-1.220974648713403
-0.482548795039053
-1.211336946010872
0.921624356132059
-0.205161496032026
1.740615243349157
-1.188435732047781
-0.859584280002428
-0.342689421594139
-1.523981050023508
0.684085404713230
0.853488603912115
0.769929347612887
1.173996250790803
-0.195283696306446
0.004563332648852
-3.026813389181660
2.065761266590519
-1.060640856316442
-0.467699236452848
-0.877287481945492
-1.118015311228857
1.751241648063467
-1.652582485409741
-0.040989212410183
-0.552833377969250
0.147929523411085
-1.469593766194891
1.820567311003607
-0.487616830125634
1.294756845874659
-0.063299581421283
-1.787742582741951
0.498497063270221
-0.166260391530856
-0.415630904821318
-0.803447394308067
-2.127524623864285
-0.507038160529404
2.663733786713167
0.334537853346501
-0.227192719675555
-1.110577076799607
-0.778391561547515
-0.079247194192783
-0.503924187326292
-0.830270303329864
0.309523630906614
0.500861041568859
-0.589562099630711
-0.576884901985584
0.377707894643095
0.793245044849607
-1.167134955623472
-2.083956690393975
1.260512940156223
-0.768961833575690
2.283263007462295
-0.112537190309434
1.053811184078632
-0.293361733591571
0.447121849481233
0.562854249428638
0.899980753113344
-0.627785180671797
-1.450648197647113
-0.110988899096018
-0.415957808602537
-0.353195195771631
1.529838640644780
-0.808261944719377
-0.230118880098517
1.857724916446492
-2.773201928145357
-0.560156074769831
-2.346973727850139
0.367991571446397
-0.185510301679192
0.605513406635321
-0.577247127132607
-1.892956619818298
0.408816989278980
1.630014746452503
-0.705763031218027
-0.738103163746988
-0.769829093884997
-1.055165115090544
-0.823562234023577
0.024815530576041
0.027894196673324
0.663200829268722
-1.041860971596222
0.813682479719713
0.028916465510147
1.171213950837470
-1.977382811660243
-0.222225819876477
0.131153288922379
-0.644613846637166
-1.043549067589251
0.602492178178636
0.557927496916842
2.630231279361953
-1.318486712369101
0.637335246250855
-1.287061498281107
-0.545443064845116
-0.005789457550174
0.002681812007914
-0.556780532275595
0.282198675304494
1.121121803852730
0.202655448771681
-2.155761794757001
-0.286698371459963
-0.730444002851750
-0.779156278369745
-0.423458643540397
0.144845340553333
0.174737762310148
0.438910041792211
-1.056675095135603
-1.040102266883367
-0.389144837364807
1.390751246708850
-0.587725884700665
0.599116254764327
0.249591144016009
-0.106446038245157
0.930575270826114
0.924491938592938
0.802832196395888
0.158654647686365
0.798517219006158
-1.070186511912027
0.533820155887512
-1.327580056843080
-0.286725082958901
-1.051777406697425
0.936842566779562
-0.747095586461945
0.386375497649978
-0.736625907253267
-0.852885738475387
-0.038400447326734
-0.371257042566868
0.547446221615642
0.688449380658934
-1.709339777129762
0.452911036840824
0.548529084928259
0.750589924353915
-1.584700471173989
-0.198725118432834
-0.385274530455763
-0.041054421107636
-0.111229090745726
-0.206185520746441
-1.784090548775604
-1.366033688020013
-0.515570904158703
-1.401891651746350
1.897489141611807
-0.290400008546302
-0.361277932197474
1.314253791082505
1.340524409783490
-0.332966309954882
-1.681394221854082
-0.410869505740231
-0.104451165986588
-0.187599287837870
1.956543554451727
1.285254964067338
0.854696524362385
-0.999824006416386
0.883474328759750
0.115021799939435
0.529067478767328
0.733070271565110
0.223061305183843
0.215519662759132
-0.629559413200000
-1.447358611141954
0.127680701560635
0.379581670755265
1.016104583776059
-0.431263495177205
0.163714917728067
-1.382141625660683
-1.217600292956417
0.234128594651150
-1.422510631558430
1.706606305543241
-0.467131698679361
0.261316091822209
0.164439641979351
-1.245019010403068
-0.435367972702617
-0.330051275626964
-0.472561190313853
-0.562347787308124
-1.823877636410373
0.239852622909451
0.501634004991371
-0.474162959986960
-0.609483714181323
-1.144975473570373
0.972077050215366
-0.112035089879983
0.408520349638930
-0.038249810130483
-2.344609684417162
0.461367049052008
1.520720016091305
0.127208230766706
0.305324147610434
-1.280102492405861
1.274285785838250
0.327919127776115
-2.363051053681290
-0.864381542825933
0.447989419140900
-1.938657089010844
-0.869300846082248
0.312742123556508
0.378618585194582
1.143102020422766
0.582458842866597
-1.485597659520759
-0.605110005192286
0.204415041580921
-1.003903420082295
0.671879260056247
0.803873668129985
0.414518462236426
0.064569957541650
-0.236880364389559
-0.187414293091120
-1.628917548432143
0.395038918185196
-0.173755410680259
-0.281287068456593
-0.850609411672378
-1.157411831656530
2.077982214558410
-0.328093131463959
0.162572052445114
-0.646947873598755
-1.274993157838622
0.542509443478843
0.248811754837090
0.055383423116337
-0.266930768134186
0.141333731847727
-0.370324133151481
0.025986232933565
-0.405274774169705
0.321300800634148
-0.169801845111537
-0.862544590460597
1.097611630708473
-0.560350952883882
-0.016785414497134
-0.597691248698552
-0.195939244954552
-0.247651726382056
0.924163135469242
-1.336734404570047
-1.710745717909607
-1.037031774115677
-1.716569152921885
-1.074593342923228
0.806329425186319
-0.991422618153493
1.148649420687037
0.279141832626824
0.545957055877157
0.275082263669892
1.106309978934339
-0.173451445511901
1.442236676253517
-0.134781462344313
0.718916003502092
1.458022240223555
-2.378403134907598
1.447648174923461
1.947251419251741
0.025787468811497
0.414220857950878
0.267574066810751
-0.075384657615443
-0.076222115028380
-0.960986323963225
-0.809688669403402
-1.204565592049451
-0.562126105423878
0.931343738898913
0.979258289841633
-0.390352381001937
-0.403248282568864
-0.225643504935647
-0.488936419727876
-0.255014603097007
2.076160233626223
0.080501600568192
0.526936801139172
1.653991697969569
-1.220048521450223
0.006503593830579
0.072371369586777
1.786451669883073
0.528239830238757
-0.301481662214774
-1.114231565028650
-0.959239594925072
0.395775105886140
-0.605958894891762
0.103773049529409
-0.322337956062712
-0.418080642176756
-0.205784090920867
0.120419615369631
-1.543993654744418
-0.365985805998390
0.714744688117497
2.093345283740646
0.229940698712162
-0.604110366067732
-0.711678248303383
-0.667674319263040
2.051866789434088
1.411053259920838
0.826772517106959
-0.999218632525557
-1.073045310263585
-0.610416630688139
-0.777020815478678
-0.416536270660540
-0.286004689123906
-0.843122398628451
1.023022627075816
1.123008562737908
-1.438013680048907
0.432601876009914
2.780695927544533
-0.530109623467423
-0.628555235447848
0.264841563782715
-0.757673102723080
0.374815171479197
-0.253823100914549
0.436774433361192
1.407012890226208
-1.944688552736532
-1.597917396785663
0.539468109693147
0.775127648121116
-0.985200921301094
-2.134438044957695
1.970286257305939
0.515082528262979
-0.111723546027303
0.058972334380577
-0.501211518105671
-1.629422559759039
1.635795455609200
-1.292438030540372
-0.448736970649012
2.581273835186275
0.392367378176847
-1.516369405961179
0.831160601629107
0.800865765128661
-0.686323298246643
-0.765778358697135
0.819597368552220
-1.371478511474505
0.316877364228588
0.018086453803792
-0.429881846241125
1.457664336519872
0.473812756001347
-1.197396020815105
-0.306727677980366
-1.051714650271207
-0.942811189726730
-1.653974490445219
1.064538162949041
0.615534375815469
1.045445869362394
1.463105838144219
-0.506902373780654
1.412887396621655
-0.582884655692535
0.305060525296720
0.984348025156442
-2.264541120971796
-0.708135989210655
0.152278131929624
1.255924755038185
0.229644653859439
-0.461733149365062
-0.022965943540103
-0.212181454095829
-0.104886428877526
0.273999190842461
1.329103656652320
-0.088322962369361
0.963520594629112
-0.192832368321870
-1.726443953184778
0.356448323999988
0.267433727702230
-0.862255687520695
2.425368938373553
-1.219537852981902
0.945523456436349
-0.268480237228209
-0.805453194850110
0.976945467616130
0.231513982896773
-0.361418081452475
-0.344453305998122
-0.254877372109311
-1.581376401998084
-0.145729823097733
-0.772953696045082
-0.084343580128229
-0.705801081255715
0.891226167328583
0.858337593463889
0.653850665838084
-1.152424183430226
2.155612850910339
-1.296001911153695
1.060973305830266
-0.610967457244331
2.027972711030849
-1.229893213579097
-0.015095617783501
0.364499243138602
0.331540642366642
0.525116689653111
1.677363766700910
1.076826860129188
0.251894892695820
2.239149023293667
-0.938291119921811
0.817729595489037
-1.485103094917775
-1.177994417602869
0.096210202954943
0.896888444878245
-1.277565568707642
-0.060877098768799
0.036833946750018
0.471399289038136
-0.382669908056755
0.328684395133496
0.194548575966646
-0.447958640934172
0.300854973986595
-2.126189698752988
0.643553146858802
-2.799792734978895
-0.575913256893586
-1.318093423682282
-0.859833791987160
-0.319992059651964
-0.437644235122772
-2.403036264733339
0.442471346983307
-0.157625160634528
0.911552426435371
0.047296788872493
-0.557912988219390
0.057430195421303
-1.030133479341933
1.942128633093810
-0.102869990072085
1.050191172732126
0.748316794794377
0.008089821046703
1.087565844593709
-0.104198740372945
0.539866235104603
-0.488176802757962
0.919689056963169
2.515967047411935
0.505432895057404
0.040055972142423
1.440784138700168
-1.060203204290917
-1.233493965362834
-1.566560909646233
0.091059571348499
0.060864912311253
-1.070595354535298
-0.786896624968096
-2.022048564524237
0.524014053074415
-0.801004315536638
-0.716311314742472
0.529725557613323
1.815575852997150
1.290942042234975
-0.192073482196538
-0.759799518799309
-0.333487577270056
0.944523583088434
-0.178435258294671
-0.269650551012054
-0.367836219485626
0.544198642738560
0.861548599014178
0.847353897930025
0.314996403474411
1.556704870647356
-1.528951716373657
-0.425476660369570
-0.020662201514531
-1.429569618725610
0.635618433979630
-0.128056465922799
-2.324216258998917
1.012341376222384
-0.256328859367057
-2.470025683736721
0.266835200288484
0.916341103892990
0.867304446316764
0.443374922203070
1.381354463536683
1.369874562963002
-0.025438793195968
-0.374893077047325
-0.798985245271345
2.265996293401224
0.060915882383196
0.849495408876013
-1.743757219934661
0.283118446313085
-0.538878977657983
0.433831611208789
-0.808527405052192
0.565493773111230
-0.814409298876986
1.213492561046358
-2.078685778893158
0.511563125337182
0.188866845354456
-0.972233148303918
0.366813491078147
-0.161492100929602
0.440310552393228
-0.577785271191628
-0.043029726009167
0.860130180192646
-0.314007317947882
1.635749880168610
0.048025321342950
-0.059403705566342
0.063294341266416
0.621641701524850
-1.327525068838365
0.786220402632719
1.668787090458037
0.425824282802063
1.546386200389600
-0.572359808437067
0.393676051867166
1.228192453379441
2.097247056160422
1.377871160426302
1.983218747000551
-0.134575523227219
-1.231181857920970
-0.296002019322363
0.965821734314328
0.180368636221021
-1.083525242281832
-1.241024679076362
-0.483560637932717
0.349224975198222
-0.315061038981165
-0.485900629158318
-2.064877441124954
0.178092068733665
1.139184901531604
0.467718555553903
-1.102043760101550
-1.128522210948530
-0.546994867953681
1.001381857007395
0.181898082637774
0.130981709673028
0.125329770389682
-0.350671839498433
1.722217240703884
0.939972425484394
0.455259994970636
-1.261397998648567
-0.501098733804006
2.778544580061851
-1.159008663114484
-0.134730425463355
1.177962448132639
1.473504589641899
0.022811893854423
-0.003115273201629
0.497755448788881
0.855872276671765
0.943082919369536
-0.810945473267732
-0.710702147018795
0.658064815996083
0.005535534538869
-0.393559580951071
-1.442817653131174
0.173332792476974
0.171684674909099
0.633113316139281
-1.205556356794860
-0.298071705281444
-1.200810719017674
-0.191211160725783
0.096174196804274
1.217917821428832
-0.016696457575802
1.864687348138746
0.005502343858796
-0.283693679803509
-1.601549023800999
0.389916946815579
0.727832196307753
-1.721432003695042
0.713923109141270
-0.483051866258766
-0.975901464949893
-0.849093237537392
1.169904378272256
-2.224424548971283
0.356548937802345
1.268915287180459
1.234761828950673
2.022509864735108
0.699374727209665
0.724180088274058
0.308575637807825
-1.028876598587772
0.607117921499744
0.308762615758229
0.898816592675492
-0.288093647629307
-2.203068105233627
-1.280481401494863
0.848795041991997
1.283288127474726
-2.298955697103018
-0.329313761234526
1.277886677428649
0.130425839856747
0.975526425000342
-1.223963365272404
-0.653250535602194
0.143617201568331
-1.635617099328669
0.683815880044782
-0.481455546166922
-1.595432740725433
0.615323505933273
-0.809062151884781
-0.253076791116306
-0.901641898520595
-0.177287842202364
-0.891798265066980
-0.356875673382729
1.005284651388893
-1.379649779988139
0.166272823215800
-0.662333282691083
-0.562081149989209
-1.136723180949753
-0.378437260453157
1.935743956814046
2.076418791969847
-0.709177226333521
-0.676734908592945
0.624927470653054
-0.406018330952078
-1.734390199468040
2.415679877916208
-0.680819058301161
-0.446044428218102
0.742905776842634
-0.300775488210760
-0.602741678977667
-0.218505040937573
2.438447725511769
0.791380393038446
1.605049801954078
0.261462342226299
0.182032106005349
0.784557171035726
-0.771943821343264
0.447182002696686
0.800399956813346
1.317014840788342
-0.180868020636768
1.623722408128973
0.807961024422091
0.064656889803331
-1.018227700102263
-1.653468500875225
0.258780458195899
-1.063716526652770
0.223999269904243
-2.037419490179599
1.454639742918314
-0.734974477383325
1.681222660936233
0.138588071041568
1.290834350650765
-0.944823662598736
-1.185088102274126
-0.860003565660112
0.054211998149400
0.653026405721545
1.396708127382716
1.676823487597467
-1.441395378131272
0.319190085356955
-0.932619987422560
0.044631604693629
0.065699591931694
0.926337329387749
1.303722555292287
-1.173584439615985
-0.698278849885418
2.559103901217165
-0.247992713096969
1.173188064736373
0.437597786969875
0.169347185605382
1.006882599087533
0.005135812391391
1.710806880165764
-0.186361229389770
1.248753055255875
1.135261630401140
0.580090456510885
0.755709144749931
-0.471855494401233
-0.040797739675308
0.990130401485700
0.364407676987646
-1.648071951270114
-0.100770685922271
0.352041133353882
1.028494557004939
-0.844758102948799
1.113534646605646
-2.034443770955658
0.765184282625499
1.697161167991781
-0.293404196339790
0.313620328247750
-0.565019331364263
-0.109308535905763
0.661781764583950
-1.026823754526773
1.796237543128680
-0.530179627406538
0.193443667568380
0.484657695197507
-0.811774016193550
1.207699445518166
1.982841499654532
-0.971934079162072
0.247139895737476
0.521901719793740
0.739483422431746
0.382069875696708
0.085183532416825
0.326418843447077
-1.277828495361130
-0.001803352554667
-0.862893355121074
0.018401530025213
0.020281407770096
1.745645609096016
0.333649161142456
-2.868823189158455
0.543984035164274
-1.718729003751882
-0.610120547630959
-0.951946320403426
1.357458135111261
1.724018764217406
-0.590933731845652
0.937355675419145
0.179267162832089
1.178187364649945
-0.868349449783347
-0.075687639790198
0.601232795781919
-0.819746775757926
0.406224858455802
-0.620159688135433
-0.251623945907087
-1.431621701109923
-0.204818401638337
0.132030130025674
-0.704863875120394
1.191684524938250
-0.389629761775425
-1.020761893805061
-0.332653114898191
1.020175232591133
-1.094984821999774
-1.139459516003777
0.748706978941735
-1.902592064469866
-0.742274745597898
0.621069341051020
-0.427584901656958
-0.852383788936638
1.450186950640266
-1.784230873984395
-0.454443211690500
0.536231908699026
0.900803075323859
0.411253288056648
-0.044206659798438
2.575472267562477
-0.374576973399178
-1.416003991297958
0.041033209846031
-1.047408060039700
0.495292882184521
-0.524668648687326
-0.112732970366520
0.275380427609400
-0.509513296412342
0.990351427864632
-0.621204561419826
0.415680638037571
-0.520932423492554
-0.301427055668526
1.877840205218725
0.560484557657127
0.074620426523675
0.554687695069301
-0.538838779102401
0.144743493871219
0.129414325386845
0.244256209612880
-0.035436489698681
0.146202077772812
-2.095442126711785
0.751661026226193
0.160363690984801
-0.795854335392706
-0.288744093769667
-0.412027540416572
0.107028638325304
0.057631288870526
-2.186967633694098
0.478862118012763
1.737759586625888
-0.774130181141997
-0.064654393697165
-1.240683881576081
0.312383065318996
-0.505114540142206
-0.261535301411442
-1.092583559687938
1.262795253011611
1.126517947950911
0.106844537198026
0.438131897470755
-0.645770544140436
0.718523931141789
-1.388688153749079
-1.888813707424155
0.266862891719333
0.358307341097716
-1.897255340369511
1.957241765660197
-0.566996165777471
1.079771255329897
0.783965631336033
0.323827679424652
-0.591042816303619
1.631315668051076
0.355908578275003
-0.667711154275626
-0.614570067445432
1.129839977604585
-0.416214939425620
0.914210078824835
-0.513707410601807
0.628388375318398
-0.606729659491457
0.127365417981454
1.782040457973334
0.032610538735254
-0.544451442835277
-0.846353558362381
-0.284377610481076
-0.270874663452826
0.439959784356517
-2.104962102005766
1.581681699021363
0.225826996019464
-0.908871599191908
0.448151602714729
1.365291552664459
0.629346120451600
0.179059674685696
-1.041350256726550
-0.198226703995683
0.298891904883454
0.755377415748730
0.166225354255548
0.609915522221386
-1.021430883517106
0.032537323801366
-0.923719798820048
-2.552819459218118
1.030859377265991
-0.916381362219779
1.736063174207349
-1.265774036492483
-1.618274814673865
-0.151759077666442
-0.217107250242477
0.160871254998406
-0.106759323921023
-0.508046490865946
-0.555647164597690
-2.479168958525538
0.964970380939320
-1.364637835573729
-0.065301622068494
-1.214385314986970
-0.846617217128791
-0.702236307883833
0.631706925319553
0.782487867279697
-0.057502772035985
-0.900687249092062
0.784815711626817
-1.276670616379210
0.587245607780595
-0.389070578557710
-1.081293781340659
1.748285313413510
0.059770192455732
-0.322239663352067
-0.508010414166818
-0.703447254821117
-0.272819666633574
-0.247856458056861
-1.844653295678699
0.161204421187201
-0.684907043847791
0.075788113021576
-0.594799928880567
-1.104852271163003
2.329939649428732
0.806231737638748
-0.898844648777060
-1.171791956100799
-2.240363893200688
0.867082028227392
1.758003126059063
0.844932577895145
-1.480345123832384
-0.856806247097979
0.583533428413353
-0.576792884596438
-0.639404518298129
0.043851478296850
0.031412713867563
0.588409443336043
-0.054793458999162
1.172338538868498
-1.156654783121432
0.515863303820510
0.116885223671810
-1.738835920546868
0.268888382290919
-0.915743549245280
-1.011243793035565
-0.169132495272571
-0.174464386604274
-0.953134317556413
0.179892508554200
-0.870763993089640
0.766018130201942
0.851983134166269
-0.518355864869576
0.148055958529534
0.613529443277703
0.177937313394325
-0.257271809812862
-0.468852422692296
-1.060008042546831
-0.609253528307874
-0.211700426062089
-0.872953110699528
-1.592146516562766
1.510291758062017
1.065429630196504
-1.979871527451253
0.131797465908391
-2.142428746246995
0.853120929173401
-0.631136972093583
-0.991545819841301
-1.307400079986472
1.558757942291623
0.116418228001192
1.648722990302487
0.340234287519871
0.763032809832160
0.639104227307812
1.206077123673250
-0.040835992776919
0.575081424408080
-0.074590878295483
-0.815499038468665
0.575527501576345
0.757777392114561
0.910488198304251
-0.155374152432087
-0.449551891524453
0.937016484734134
0.969102729382895
0.197757602305648
-0.409415182988866
-0.215731438468153
-0.449026157629436
-0.563065893831924
-1.214134332086977
2.126838392671131
-0.848053805758805
-0.398665465332902
0.757613872341347
-0.806518987941409
-0.449123851879836
1.554418280405110
-0.680569403542509
0.773186529362521
-2.360849137879539
0.220600906548430
0.283634012271799
-0.739303983341933
-0.250956351168114
-0.406645822972252
0.337897999628057
0.193259947265336
0.234330895342325
-0.964153778568581
0.379921854901706
0.174857734463545
-1.051858517794085
0.771562162891775
-0.442192265654382
1.096834979908717
-0.882115216664658
2.392857564465388
-0.479817608710509
-2.216118367553383
0.237581981361355
-0.415232305053033
-0.204177408341124
0.227224482278115
-0.677421299800439
-0.478632029579340
0.318203303265588
-0.499459287720572
-0.419393308322169
-1.468882616332758
0.834868993924763
-1.598895234036018
-0.345285941068958
0.050890573317396
1.087750870144668
0.279318588136860
-1.128340500666637
-0.413916358399330
-0.099345071914092
-0.333580562499125
-0.741733962711035
1.918459756725699
-0.820631948678711
1.940949530652212
0.339487987619686
0.181965354805205
0.689520735487052
1.126823908380371
1.581360684376049
0.643549832759767
0.010307719003729
0.537949938999817
-0.085138831452358
0.222089867409273
-0.108047775068042
-0.356462114945650
-0.347569023272396
0.209704985099715
1.327985620518251
0.344763485682715
0.104661699603746
1.346230404979448
-0.000359018723835
-0.009646069428541
-0.262768003329355
-0.161816066725354
0.570359963211160
0.632135908956915
-0.972934932099281
0.509077254201327
0.144681348206125
-1.565961838522512
0.143550249184108
-1.285113302988498
0.290794755204735
1.763459475536191
1.286093410338150
0.619233280202886
-2.355031193493304
0.277762763600266
0.380690959107740
0.616405061691389
0.471637642487554
-0.604648774244019
0.847422282723860
1.063155061047638
0.734602884909292
-1.212099135429286
-0.887931379929847
-1.077798849111768
1.325053677541060
1.069087651228203
-0.085558291530140
-0.399377343194329
0.584007380191549
0.573293832745912
0.908340098792012
0.382673768212691
1.578428023312862
-0.002131010710941
-0.190506278253727
-0.146216068511973
-0.639183806109552
-0.579236109451979
1.248396971980328
0.444934439684625
1.520297602731567
-0.074374868736286
-1.807727067062119
-0.173197307348808
-0.042457430909001
-0.265266425412489
-0.276179368197254
-1.569791394719627
-0.488628728305256
1.219062617571841
-0.241279954626737
-1.243961292768539
-1.033883776283828
-0.742887552081831
-0.976160225371695
1.328432239188782
0.862854315753794
-0.493941070380139
-1.289108474925806
-1.344957192116285
-0.059552061761169
0.721553824765396
-0.549432048649681
0.538906042423100
0.116036417604635
0.829397595473314
-1.420168809110769
-0.562179558643689
1.919081644387183
-1.024566921539424
2.360981935184696
-1.022845514560839
0.297400315886753
-2.110470146194070
1.689492654358650
0.769851481301341
-0.889802483147220
0.245162727583452
-0.347358558434289
1.611461968707130
1.095420491360773
-0.189597230845729
0.343292481788457
1.266441373403132
1.692849928192438
-0.512827308205734
0.108681650060019
-0.066306989947795
0.111181151318712
-1.913166382306529
-1.721741762795969
-0.470677151346104
0.207624580919276
-0.681468963867337
-0.379271269473019
1.009380158191096
-0.469017868429656
-1.870871078893273
-0.048311870866011
-0.705522978512417
0.641201413525347
-0.475733473175366
0.448036562097484
0.898665522280568
1.088578420457358
-0.410750671640691
-0.213217466955374
0.182705669752217
0.792501637462879
0.683429532784206
0.588118450959553
-0.052002545433448
-1.778440233529645
-0.810560046431647
0.397253050279605
-1.091731178015008
0.529796749206972
-0.406745033144112
0.083817224729999
-0.065343502997112
0.493764690360450
0.000676612717670
0.024129722660993
1.282251213213720
0.697528261189409
-0.402532579742395
0.422798446698592
-0.117335089791420
-1.150181207286902
0.005211574448843
-2.319387373200733
1.193750050614006
-0.968782570622203
-0.268186061710625
-0.713633836592571
2.553862660212235
0.530231159071101
-0.578595060626309
1.381805603287998
-1.255603404970361
-0.110054546055926
-0.318536426120876
1.670335659427553
-0.907918460067423
0.458980048370829
0.202432857618613
-0.369459369976676
0.856656883542681
-2.078957750565327
1.028647925506141
1.895310848023097
1.390036753667238
0.508763520189718
0.122572563950765
-1.229872191083247
-0.733100013697156
-0.238750308088453
0.085974005485371
-1.208093858740288
0.456921070227336
0.587963174979230
0.202776639830859
-1.029875246977308
-0.063718069141517
0.332555001195158
-0.115166910899787
-0.828441380771785
-0.197997729385516
1.153670621488652
0.544818872936958
0.740849082826407
0.790824681525242
1.421841744229579
-0.520163148710814
-0.189120648984158
0.262348919462618
1.079131590752108
-1.135061988040462
-0.104712718962477
1.223578001861555
0.000009153001931
-0.554389067105993
-1.855193934433325
-0.565732630264288
-0.154739323823433
-0.380226470326760
-0.683481607160827
-0.032621618183325
-0.495669859849084
1.403085620205007
-1.034349742764862
0.018738413321267
0.840998513570461
1.580771479450541
0.106363206069719
-0.755155362972818
0.979003135481323
-0.823579696283186
-1.543635472173797
-0.826933245800867
1.773099472844521
2.338807326278471
0.948176572994889
0.373815633113523
0.136054823724720
1.035252034515747
-1.477202521057139
-0.945740979539804
1.026361034677141
-0.370673130179691
-0.134814982903235
0.122003703986693
1.146686685855352
0.131704328260579
-0.207401161849968
1.121733131901019
-0.147936046583238
2.049375674551822
-0.295623268022187
0.114323412376933
0.850485043661841
0.136871795320783
-0.604848856230799
-0.825603207449444
-0.433675608114367
-0.936897841153155
0.472932751997481
0.666478633678417
0.177821106905970
-0.569919516772705
-0.154391375291912
0.007949519165729
-0.284716468026736
0.502931403097418
-1.757299828132681
0.872542754419394
1.740131423642497
1.290832044862282
-0.720216070912816
0.304477671482577
1.502641792927993
-0.491937861726520
0.303507278592431
1.302678230434716
-0.307260920976005
1.356548895728536
-0.696756355176914
0.368711620310749
0.232613481572486
-0.047629730551901
0.813846234943065
-0.836564257030037
0.280819476156726
-1.064312018163890
-1.095249248519737
-1.263974649491050
1.110205719062928
0.142019172514274
-0.715858477132619
-0.789851777214159
-0.785325125697562
0.608705937717026
1.108307750743861
-0.607383684103120
0.253843693010136
-1.452293279235995
-0.586832514148805
0.617324370663779
-0.918768928810157
1.264024818944199
-0.438289207265109
-0.586405448461959
0.263891109609292
-0.428001261670067
0.523136471846763
0.196031331340877
-0.952510191880592
-0.823550937986172
2.052079147301569
0.652793823504923
-1.322500838339054
0.460186983601950
-1.512630800325355
0.488126639553196
1.538270490940987
0.348840413846265
-0.477450687268392
-0.479592435512353
0.259830869416528
-0.769260254323939
-1.058411117842722
0.203688978834491
-0.010662592124182
0.389616517426740
0.123216370069105
0.045335313968497
0.065200411867943
0.029377973253139
0.956601713097488
1.595991590064419
1.077542762028223
-0.504369917445626
-0.405538892493392
-0.347136952926002
-0.229821892083892
-0.916541573768046
-0.597786794309457
0.542956293835801
2.365823941109201
0.086111632029214
0.246425751478240
0.297341379735148
-0.925540713720808
-1.093695375016372
0.179208226669033
0.175122778559516
-0.413127565787695
-0.495843396355317
-0.158148659879734
-1.329720430946157
-0.584199391097882
-0.326758652406158
-0.831048833975935
0.756274716132708
-3.208015802244276
0.596742582324005
0.332641706066600
0.300226017689550
-0.308597323677757
1.800912834261946
-0.490141798195598
0.328852122122987
-0.826525899659086
-0.750385919030106
0.867473030087845
0.625527872706934
0.327724481574968
-0.390037465818804
0.354883864701228
0.086651247631086
0.659007679940815
-0.615737547734677
0.555962852309606
-0.129638226083540
-0.691563987991075
1.028700620552644
0.016041310314570
-0.233780991139689
-1.450840329857585
0.418249300871188
1.417690604758800
0.866880974603989
1.583816916187425
1.216958657103114
0.577717497790505
-0.910892362208709
-0.758463264445981
-0.540127319294950
1.155932086909596
0.226738529200102
-1.095816013916177
0.421666637648458
0.264345978662640
-0.471208797298175
0.275702584889626
0.675428315624320
0.274846207870149
0.401182830898899
0.792941564634579
-0.442895298747237
0.289796640264894
0.617112354639545
-0.172778304023900
-2.030509579013551
-0.070547739120067
-0.088080478131009
0.692932566944403
-0.112587755065151
0.824658690180884
1.159062369499815
2.760427511004918
1.464275924934775
0.463423147677294
-0.610416100032111
0.142257097527499
-0.435965258852818
-0.471167604541513
-0.888115172580132
1.474915603657582
0.072964636074090
0.402069007326207
-1.803602091944535
1.628203478874354
-0.304456319861498
-0.042537813893050
0.679453626741198
-1.320818868236905
0.140120986769565
-0.008423836917931
3.092260258197894
-0.487033224864708
-1.187033290951589
-1.463202779207876
-0.609008985475756
0.962612878252967
-1.008639974695891
-0.614706443629563
-0.034821327936933
0.236578868769862
-0.579040355014512
-2.396347567728341
-0.371171415168634
0.758660131565939
0.511120851515004
0.969787054890080
1.105607971512205
0.005001291938104
-0.963008243367288
0.722525998667849
1.421667427637994
0.908470106281312
-1.459669977905709
-2.697601303771113
-0.600244980304799
-0.074679219456657
1.106339341599854
-0.846476745029364
0.443471380030616
0.759176652378699
1.368084975828325
-0.096404565546137
1.113982186349467
1.927180511831964
0.655214324794216
-0.493353056293349
0.581867380980090
2.602600831999248
-1.644545561551688
0.208230696569665
1.071680219517045
-0.478330027066204
0.418664437816665
-0.396849852382810
0.360834933000326
0.911970363637758
0.756762149908805
0.897618889150663
-1.558333315219046
0.157537061196887
-0.285204969860631
-0.999725146460763
0.144168489914474
1.033269420154730
0.372384146560228
-0.449346126569449
0.574173103782000
2.411417787389145
-1.576790387900150
0.955225653317505
0.920393000051628
-0.552283446287816
-1.059778715045047
-0.897344312525866
-1.015408489028517
0.478660905199474
-0.338747316611753
2.162016341580000
0.007246901344404
-0.523809929132900
-0.236200731389901
2.198625600021276
-0.981178666204341
1.288661334594127
-0.578926521018853
-0.331650845066856
0.296849989050869
-1.418830589192218
-0.676459109634419
-0.256968908377359
-1.602045849247430
-1.263276301607513
-0.230714345293806
-2.204044321365258
2.119644451581871
0.323009201698247
-0.194556641400958
-1.131117670226429
1.582742303013606
1.991575095048669
0.759293069996308
0.094329271356055
0.013875442984205
0.836579771029555
-1.582680634330203
1.103684389754068
0.722567804274433
1.653997785918141
0.509256911868534
0.808661012102809
0.439410237077402
1.702913071878394
1.499830372124997
-1.084293207359615
1.500631438552566
0.871032604332448
0.835290882191922
-1.127336398096171
-1.041069111235930
-0.770113568548162
1.956271795787895
0.668876655450852
1.482084244370215
0.686235250676145
-0.145934790022238
-0.561504967410639
-0.429934193652327
-1.337741040809836
-1.150326336862279
0.373448603569972
1.302659155263463
1.351350756012648
-0.784840747752332
1.093637691728688
0.595853046999276
-0.648539928828363
-0.673287749104228
0.035349075095925
-1.424787840661180
-1.220174856377365
0.020100855706471
0.128378643612035
-1.152425176779531
0.581817652375722
0.144408775826151
-1.988493705515451
0.784755298119718
-0.202101794964328
-0.002532746374568
-0.097091052802248
0.839733132710821
1.472797185414530
-0.901634321842158
0.574463555529858
-0.407795814866346
-1.126274259097439
-1.619145728861419
-0.649105284762753
1.381117170033407
0.208235835783544
0.313558138953621
0.441507866456215
0.333240066722340
1.491407308829620
-1.228669695070843
0.354953743268111
-1.019037133693386
0.266975043332684
-0.778154211249287
-1.279512072489367
0.140220891199961
-0.927843195129140
-1.280891357069389
-1.363936815124525
0.428179246105636
-2.494079633491980
1.123027052373898
-0.304129752855074
0.901284319819244
-0.930532956283659
-0.769405420987618
-0.542641716876953
0.545426796633049
1.403966787314282
-0.932402820213041
-0.758884481850039
-0.939263589493980
-0.466826837406655
0.772812982278973
-0.382394006627202
0.992014660575991
0.171203377503066
-0.050381016816134
-0.732988675534320
-0.542143544842268
0.509669067755883
1.253891825941984
-0.742359244852533
-0.556972512051242
-0.115257776919042
1.134467083397001
-0.656410445791807
-0.183963705867998
0.689792534639917
-0.120126747667305
0.091728385970041
-0.224848366464257
-0.750037921965065
-1.024797030515436
0.818337066028017
0.477481257923341
1.163835850025941
-0.408000846389956
0.978523131102305
-1.073476760459900
1.166584299090506
-0.962810514978032
-0.933523949994535
0.245368560042871
-0.655838898274583
-0.007997276351029
-1.060447198213469
1.104831285687952
-1.423096760717238
1.043216497368573
1.955004942146100
0.420251687127737
0.695372318501505
-0.373564974270176
1.617443965793639
-1.277839031094550
-0.809061846702075
-0.883687893229029
0.358191956227299
-0.641715862398789
-0.380896702049750
-2.734506935794608
0.378918513871491
0.806264250479746
0.292606953005920
1.438733872690276
-0.709175391165694
0.357347033864458
-0.855882229231797
-0.328356150049112
0.879786012203129
1.208406598545453
-1.432847194150857
0.436617904686888
-0.797509488145184
0.813124641047667
1.978081285470266
2.632179848578684
1.989333860083233
1.320293664081743
-1.560226482463194
0.329955934995022
-2.186918818590825
-1.150494148874896
1.607008271349797
-0.603790281112408
-0.085377812046084
0.146477695434509
0.397571310903676
0.490048770722745
0.411747798471650
0.676877039833457
0.436787578983220
0.186382823546118
0.020679304929794
1.015011251607691
0.286183507941463
0.657573260276564
-0.215022441289450
-0.486992716673051
0.960231907246830
-0.881391417939529
-0.549832396116250
-0.385106685148085
-0.163180380496839
-0.531766264479449
-1.618848031038781
0.500975443783240
-2.027978750417212
1.276275006815391
1.528334833620666
-0.214251597757988
1.652547721518363
-0.233397972912933
-1.360873437091358
-0.617570576028250
1.609086329404859
-0.934198965199823
-0.634835711968697
-1.325877589257108
0.680703773069378
-0.889585765136385
-0.282948289146784
0.796318685249438
-0.439968212780946
-0.113895619045219
-0.476040515283226
-0.766512726313598
-1.372399994233203
0.832876697775662
1.728766583316127
0.526314213793395
-0.389841528277513
-1.401954492360350
0.141977836158847
-0.683448467745796
0.836186447139679
0.982798656618617
0.132970353164168
-1.166062293551728
0.077139525467929
-0.363510419513341
1.234354965917710
1.285747719725620
0.145959523683019
0.988412926401590
-0.414105569542049
1.378196968056157
-0.078012911414498
1.846550373826886
-0.124544648119103
0.160633949841646
-0.469616573466422
0.361194436851499
0.468208199789266
-0.463922156279210
0.257472046289383
-0.052184696137957
0.281362375998529
-0.116217707916145
0.449475727721228
0.307112632383643
-1.507345451229714
-0.714664281127451
0.968572859629979
-0.330516384149037
1.186159553995270
-0.168943733574652
-0.447657705935942
1.887417947641066
2.098251060628252
-0.328773718528732
-0.157779272769021
-0.686323607327489
-2.008690761294699
1.541416170364991
0.645921175754636
-0.009010328948795
-1.398437533982420
-0.258021646770202
0.382914561002941
0.884468451668226
0.414836740059358
-0.583442308963029
0.049420968067858
-0.226369807508731
-0.609516858090815
0.347566898297783
0.428769066071775
0.200747901361432
0.400028292724493
0.594250010887271
2.152925643897305
-1.024241353464879
-0.735697632892467
0.908126377820966
-0.312806573460792
1.030341719178437
1.552572484205374
0.531957793203128
1.444145551620790
-0.556128583656135
0.016048562567179
-0.598060640917721
-1.444065044328675
0.705830187516275
-0.753194263031442
0.713378908329168
1.213074720364277
-0.878106238765817
-0.537178563490722
1.506727166771250
-0.005528044926968
0.489665195714551
0.011388866201301
-0.450589618930715
0.304777198786444
0.702558608766143
1.341642696684388
-0.217671232952712
-0.017817646542559
-0.032030051085813
-0.268233236069750
-1.384481568202754
1.920763972036567
-0.067936893813374
-1.453436227644508
1.028939873925700
0.497130696105221
0.215437623628236
-0.509047961109779
1.243733961108454
0.008456803199620
-0.001874675061770
0.805196285696027
-1.217687594850801
-1.344534688900983
-0.691607293911938
-1.077736776480043
1.579055917114096
-2.876727615427856
-0.567923037107499
0.071139249253723
0.450947496375351
1.493430851884975
1.076242242935754
0.972838650545271
-2.534938502424408
-0.537124459052769
-1.635125747620792
1.484282659911338
1.646617306154387
0.834802042759174
0.086593180240590
-1.429830268088095
-0.747707096508126
0.161748662244351
-1.674317866717140
0.338747497512327
-1.581018214689579
0.051523113062804
-0.610642460217170
-0.455880098351741
-1.094115133304438
-0.214520780196592
2.289517319199729
1.161968611624682
-0.287987545196269
1.750000008178296
-0.600523362412352
-0.154377142519772
0.027819630103602
0.578855761472086
-1.548622876115282
-0.375665807831046
-1.288082776577832
-1.333812090463371
2.208943358190782
-1.105159288385756
0.910204229284180
1.338149171546127
0.643313529187715
0.656417600934806
0.515028559456222
1.976589052789096
1.053632565921004
0.764839477995821
1.786629161407797
-1.316233795696639
-0.399333052958971
-1.554023664392169
-0.120315455422999
1.023965268642889
-1.582781541319304
-2.022297232735023
-0.654772275517301
1.529984289051598
-0.033634284481522
0.097070975073810
-0.191272295902339
-2.283540049778865
1.253005407634522
1.133830124102380
0.346671733968553
1.098810190970815
0.555650303039565
-0.918894468524179
0.842195056146451
-0.570394762054424
-1.702197002188017
-0.583453875325987
0.084533651155068
-1.313079993191199
-0.400087116578803
0.455351425004344
-1.027931825096502
0.372046323514368
-1.260025151370698
-0.025290854177497
0.042591626586249
-0.307187985361918
0.071069406166879
-0.984645626262689
1.448507986061097
0.149674573319647
0.459308346259776
0.466184409863841
-1.139190038201828
-0.542013949865132
-1.374823371974766
-0.032576336221138
1.741827938254964
-0.511319304896033
-1.124066701843985
-1.077248533176466
-0.022455328003808
-0.101338700660463
0.621349045050776
0.481418944214539
1.069293945507847
0.726897546115715
-0.249256292665187
-0.848386544181666
-1.211151373239530
0.241956624898303
1.628611414936124
-0.328644845534267
-2.594167536908606
0.846695345754731
0.329402366116053
-0.867614227204601
-1.574017932136796
0.501617932790422
1.130545915327753
0.993408517260999
1.566916836442114
1.487228092389486
-0.945578689057297
-1.220738573420521
0.272112863773268
0.441444701077096
-1.184754577891537
0.614623438823393
1.178944735208489
0.457056396103829
-1.754287679767098
1.861947689449597
-0.830951501695284
0.444329979576988
0.644630880434928
-0.465721057957089
-0.864719640061175
0.163088481713192
-0.248558252220105
0.433120794359421
-0.532403697116733
-0.410064896861468
0.295339364601433
1.149695262558706
-0.464985968166332
0.104023592139428
0.058157739848323
-1.057863710894343
-0.131631060437370
1.391874386680689
0.060011082338188
-1.425156414743497
0.277695577010808
0.619314996009353
0.209248675623717
0.177822004677632
0.885371268896682
-0.334156842282717
0.591961278351345
0.357975815543556
0.621418742806136
2.088195395865946
-0.635456201041632
0.764838073374502
0.241884183576768
-0.143267906717059
0.704560341426502
0.697197712996326
-1.071707294646552
-0.407053665839706
-1.595219104672085
2.273080887794192
0.248288165945193
-0.426078020253701
-0.593973482155240
-0.215082331624923
0.573350066364587
1.373522411920959
0.757776310265853
0.486657495162993
0.648622312224244
-1.071346646150618
0.355072987856876
0.723297246893832
0.371019581928746
-0.167301253072662
0.691496926961793
0.068811159353136
-1.051347672094940
-0.480645228652581
0.637308416029576
-1.232519132259178
-0.706108184746123
0.575580844516829
-2.235395950662588
0.353879253116516
-0.603504613542612
0.735558047358394
-0.512117178840896
-1.014445377561201
0.230215053692044
0.678636221007626
-0.241976522257086
0.740027440826442
-0.153590894997323
0.975185480782978
-1.936673363624532
-2.443299545583718
0.058498940304405
-0.464128395342074
1.207932825651894
-1.301514187045463
-0.437798008920550
-0.152213515252748
-0.965512219154357
-0.311857504804265
0.308263237365848
2.693691936412196
0.366280271979528
1.684150389849315
1.000507109628527
1.215826159050530
0.154246244848792
0.302835831083381
0.202460068188183
-0.280957728921713
0.649041258644999
-0.158843709568451
-0.549318635641214
0.418969096501650
-0.194598012714134
0.984921660503805
0.430608127896667
0.661991876832519
-1.460635275175961
-1.065482365327267
-0.076202560875388
-1.694696082779229
-1.428780931550184
0.317551837992895
-0.217843249904883
2.934596646445225
-0.023964271417222
-1.028701652936678
1.274297716343494
-1.462034673113743
1.731436101739817
0.447172078694527
1.826762993047883
0.206319132033042
0.680921858636223
0.762530616190523
0.752454952899291
0.258909005681948
0.813690637186376
-1.579699506394215
1.719435942644856
1.117891275534534
-0.827019154478812
-0.640453540770561
-0.749098134797050
-0.501984383468527
-0.380471260715058
0.114085476286910
0.888665840374479
-0.983113141209650
0.785173237049369
-0.129980223374495
-0.128159901961901
0.159812818836766
0.846326913468863
0.240298924738191
-0.594835527927719
0.279853326138209
-0.672590730975355
-0.140414221088169
-0.384223346325033
-0.738680873202435
0.005254254443617
1.039990082276642
1.484473263069387
-0.709728720857609
1.016193614990231
1.610819887146612
-1.770547059056432
0.322137546564263
-1.111817456390870
-0.755987821391391
-0.933790968339300
0.851228293289247
0.916895289430597
-0.646701213201674
-0.339402221946469
-0.873723169334531
0.935305572143374
0.031414201770455
0.241108636191406
0.576794128111567
0.771329326448573
1.761949455993148
1.031783427829564
0.123119843299795
-0.801146409037009
-0.426424355296074
-0.435970840040535
0.783407410471111
1.807900742615919
-0.343482882620800
0.818487099452053
-1.112669738215999
-0.029181078904882
0.946385598709143
-0.284869852411513
1.685502572422435
1.192009894396472
0.705696197709665
0.303931259293614
-0.143604610005481
-0.031005190701832
1.326291670880294
1.569109728611879
1.046431932316412
-0.930337566462450
0.168177126901208
-0.459296542527693
-0.147512121609157
-0.243462413278232
-1.951668762435222
0.700250506203523
-1.688649573200572
-0.415987035641651
-0.882317714941882
1.699273826085299
0.290366914369224
-0.985999793997576
-0.105699550493646
0.921831534403707
-0.268554200876201
-0.217785860549295
0.432273796824917
0.962123959978830
-0.138345631764066
0.306868313345752
-0.433380871726407
0.443914706238587
0.208691396919887
-1.303777453051686
-1.249301239738091
-0.301701622637381
-1.371852246926391
1.473423496830706
-1.729668687898008
0.652748967648671
1.942541034490320
-2.609342821946647
-0.856631866567676
-1.099322129053022
0.130604619819476
0.703191933014831
-1.213890801555070
0.398774048021490
2.643004612489743
1.686925879117387
1.261467262731557
-1.068591638108763
-2.232937863104763
-1.031389274062542
-1.513901972454414
-0.857800389881683
-0.093280814662164
-1.519066476318922
0.093730286595585
-0.154852067565248
1.521074867796911
-1.077302667665032
-1.087291620043845
1.858471131207051
0.345770240028064
-1.934829609459152
-0.402915599717967
-0.948438261875394
0.120975462991572
-0.129735913102832
-2.452719669155982
2.868932891208528
-0.343243789433514
-1.040052573410443
-0.706185943592310
0.678327842160041
-0.143904133308161
0.213464193348444
1.120264390940510
-0.184963632709700
0.014263142710792
-0.344365909680187
-2.438469197376092
-1.363274899391399
-1.054095875267979
-1.999856204847803
0.154658403461446
-0.579305353206655
-3.048602904080949
0.307192386458461
0.048425576841074
0.118992728783724
0.732246481042288
-0.650443200639613
-0.171364957393598
-1.136528326749024
-0.351450588672730
1.208898139316476
-0.619990971285587
0.064231184310866
2.001651164301809
0.874509249565911
1.517131640108775
1.018898955704561
0.108228612717598
-0.803366947809909
-2.420336617183025
-0.439028751582621
1.120791858398843
-1.248117089987223
0.084627767266753
-0.631233918767748
0.335689792624763
-0.400981488660477
0.460636673583816
0.462086854722754
0.548894409472102
0.880666000129061
-1.488062981596276
0.616979914153241
0.171453084393847
0.771588028042530
0.844925041754106
0.047126507996342
0.464299340783866
-0.203987185579408
-1.814371449825562
-0.699233610311288
1.411433497435495
0.772696599255594
-1.264980780456654
-0.384368050736527
-0.744071137806773
-0.476002794936651
-0.500423497924216
-0.032502184557758
-0.558677559648009
0.859579885441396
0.523051682589636
-0.717786193250322
-0.525687361502503
1.447082184148972
-0.250247802267503
-0.773658812830793
-0.100279202935284
1.244037823661410
1.088854498098445
-0.598978620266594
-2.014919087050953
-1.180065333198007
0.188216435592001
0.028359370152832
-0.615946583829060
-0.538812041282399
0.767499679502445
-0.446410162549580
-0.385961288152528
1.671221579720007
0.404112119022515
-0.490041683683499
0.744516538655371
1.773133170291968
-0.978623984830466
-0.883917814757260
-0.656153044508327
-0.522946983917228
0.422268119526736
1.162679485079251
-0.416790992486151
-1.217941613398137
1.454457549501423
-0.935559386672115
0.036240447786843
1.465754360540029
0.929960729152247
-0.162028033414888
-1.561283641482730
1.958408198346543
-0.060229394284522
0.736870633671605
-0.172621999176744
-0.423740503743923
0.662712150016315
0.543955812804036
-2.150446613353540
0.502005976464846
0.282830554588588
-0.741798588407957
0.679665429929054
-0.853635400819124
-0.700988849018847
1.491406246800578
0.844555280204916
1.632261409653353
-0.330681371532071
-1.759188750320295
0.386348093024544
-0.686546335764508
-0.377133107811626
0.722258930797740
-0.552652449131483
0.952158152704718
0.084534531993106
-0.418956701010204
1.717251975182551
0.594268677503159
2.192756358405871
-0.099695352447156
-0.097288597835630
-0.322902075509567
0.082310069687778
0.074647175284487
-0.177545114932754
-1.539138408911049
0.617006456590625
0.053622746203826
1.750755813702033
2.005267221144861
-1.840122329885348
-1.035573278032379
0.042477458315491
1.376017850280051
-1.739257513062002
1.626681340475552
-0.542513075591252
-1.638213373826460
2.729040319618246
-0.677297753302902
0.495390589142044
-0.734205010380203
0.465191023531994
-0.880005481141612
-0.759763482326248
-0.087174581982372
-0.443048011198565
-0.772715554664003
-0.602669175127349
0.233140226252965
-0.541983067737952
0.377589234470795
-0.072188780848898
-0.752332801421775
0.793539443157270
-1.456456794797456
-0.695846336855639
0.235648908063226
-0.348312824829464
-1.391584258370078
2.888296106803395
-0.354677462007878
-1.728958554825196
-0.026872111609180
2.258835808816955
-1.703999040481311
-0.903207174022993
-0.274017114463643
1.315842829013540
1.126787397910473
0.476509936108359
-1.310504654362027
-0.272045994419411
-0.198823005746413
-0.604772966770857
-0.575557091717612
0.432050501905853
-0.304605469818837
-0.242342044138742
-1.988974404974562
1.432815366943822
-0.435462835935215
2.478766746745124
-0.713533672491966
1.089547256935812
-0.538215962922308
1.557175653439415
1.872930465800945
0.176699475705088
-0.341306192020298
1.396074258537013
0.373513634305199
-0.689818194551719
-0.576196709540791
-1.881826875421829
-1.604350768922265
0.799540721028678
-0.103899378734046
-1.883470574809902
0.603508024939874
0.330974904465843
-0.380541449900772
1.410867835061602
-1.567840680572809
-0.484255562806651
-0.555691892293117
-0.150286876638968
-0.030098716069314
-0.401446744212797
1.545557176686130
-0.489089413156650
0.308178815450396
-0.172988707217437
-0.836551248261273
0.971435091280264
0.449529179023053
-0.205196851647613
0.421070898279581
-0.611792381501835
1.121513084157874
-0.761067663279305
-0.007537910525449
0.968098481661013
1.051564805064548
-0.260839436861074
0.227213468624527
-0.031540160157449
-1.333597657276646
-1.017104639096626
0.815376533088699
-0.673696244830082
2.103505305371017
0.394826684865140
-0.167595997529789
-0.916252301892842
0.160154666190499
0.196983911340060
0.506591474512211
0.436574543744088
0.718310814408715
-0.403275768782525
0.293630503321118
0.019796985416446
0.746944383623759
0.892115745246685
0.041936785047060
-0.978121805079928
-1.029711685236455
-1.468479240221662
0.002702893392976
-0.417458133223680
0.749411302243085
-2.223634920933779
0.270492834318978
-0.258416744126940
0.425603742383974
1.803590785651908
-0.444864174183141
1.094135165846359
0.457876950547576
-0.918932740897623
0.292917246608199
-1.353854782913207
0.576844771104805
1.142620192125007
-0.689534265781874
-0.299315776142654
-0.026858891285407
-0.144704667044044
-0.553484003163980
0.850140740879317
0.392363658571650
0.689362740984977
-1.248428778721054
-0.429547853968686
-1.844257251588813
-0.304469037559409
-0.926165105270600
-0.559623150926004
0.151372616890611
-0.198080737828652
-0.168101194779152
1.280862172663405
0.808127912690172
-0.383169394740752
1.355892857327249
-0.830400068297461
0.342121944940169
0.093550253214001
-1.890824997668542
0.299695931026328
1.724359737626466
-0.073142146037721
-1.201053595713802
0.452846365099342
-0.393369289885909
-0.133787934995210
-0.431407031545881
1.911450185536081
1.487423836251240
-2.446814357269132
-0.224295604337116
-1.582423465709222
-1.149123260657666
0.853461801619245
-0.163378722319680
-0.266647746211568
-0.360828458443686
1.651254158333411
0.878490198007741
0.284116853078356
-0.565795591326286
-0.347448574925663
0.457517231035434
0.505463268533944
0.566714876372308
0.874024267481386
0.693158430917120
-0.163665826329619
-0.715083235536750
-0.127267702720733
-0.723451877284978
-1.059531033747846
-0.629060048092272
-1.130996519181594
-0.248393031496163
-0.745939215180408
1.834456964387028
-0.267254252151950
-0.590763148381581
0.780081035400679
1.227267603965405
1.549811950688913
-1.975291345437847
-0.066207145928791
0.375628278850052
0.531420228513562
0.933872561674685
0.457060105080373
-0.963815183827949
-0.371429440441671
-1.273570791957484
0.658660232217747
-1.485385825893250
-1.171690906322367
-1.553077442879238
0.786402202555861
1.132803372727320
2.556397770432404
0.018474625143160
0.397755634601478
1.781832191506083
1.240260567754990
0.936041054487319
0.566788542052249
-0.350981771754775
1.785203134689036
-0.514831432410062
0.363526559696338
0.135150218687055
0.389446355136215
0.224579595020862
0.657919217044692
1.131654834251215
-0.692490264275099
1.029071756203454
0.649142246246018
0.572698428713958
1.290602097343318
-0.021117627806922
0.089132586263613
-0.323188535124270
0.515809549130488
1.519243200551022
0.455104539408286
-1.142346855645659
0.358859906461170
1.482315188874590
0.216867279078854
-1.027958078729292
-2.077843975156270
0.567126644906076
0.766746616783281
-0.386567419661596
-0.953123502263302
-0.330106339654368
1.074035025099793
-0.324301166739567
0.265425944788599
-2.436159902068560
-0.609634728338046
1.097893832293816
0.492201395547322
0.762590476758556
1.035474285936649
-1.032721242585628
1.178436207639363
-0.241022015954940
0.365448365214483
0.521809960603813
-0.206833161982020
-0.363919644212403
-0.045046244973041
-0.505226971131030
0.404241841730354
-1.789510456311673
-1.271076918245463
-0.576280390683886
-0.554167763717552
0.405719300095534
-0.542841594119140
1.754628312188179
-1.805546409019696
-1.131630226160466
1.218623069949932
-0.742984554937668
0.668566576714986
-0.319989040400991
-0.405672347038553
0.846976539500201
0.047335908861428
-0.363747939680276
-1.212295699503483
-0.447496840036913
0.024109919308341
-1.157665238428955
1.385235933625101
0.933339833494097
-2.357933684737657
2.352752473612036
-2.342947671878831
-0.064472650673831
1.277959551655523
-0.845329267585160
1.032909283882282
0.664623463252556
1.725234740636208
0.962632826933801
-0.620804119406969
-0.177911786110075
-1.343189664082842
-0.884164798934398
0.917032566324460
1.230571611359653
0.798704372653179
-0.630453015973088
-1.652957711461960
-1.083808531252472
-0.801881259301125
-0.627493745588929
1.088292491906337
-0.192072487647165
0.851725255448179
-0.412278439108371
-0.446741175919099
0.767666694775642
-1.851423943053152
-0.004746624695269
-0.162163497797012
-1.554828159398727
0.582530030327214
-0.660654107256545
-0.562516928521336
0.731005402283119
1.377119156348337
0.726297411957353
-0.058782070094140
1.131562755746108
-0.431064643613362
-0.438436610253080
0.414183887949497
0.060560091826560
0.591380709451851
0.875843866064278
-1.125475153045544
-1.220020282387108
-1.623971500615021
-0.157367266378783
1.172612043168312
-0.323184807554342
-0.323603962680480
-1.177764857450423
1.176038494528656
-0.784711225663530
0.609882593166960
0.863441364400281
-0.656823059388760
0.643438563495941
-0.689425971990093
-0.862013879194256
0.769235128968501
0.041610223636116
-0.207989375604188
0.649650832937619
-0.771091658202822
-1.366375094697166
-0.565838251713442
0.252702912465181
1.769403393436184
1.353954947918532
-0.944964579964270
0.840419327052203
-0.015380544210123
0.069768119671575
0.425069832651103
-0.215709489468657
0.592703417810429
-0.577552848994628
-0.551051025670559
2.491561430240107
0.736730482143160
1.093325834939761
0.581336264265765
0.815504944737698
0.500551206784683
0.248035358169707
-0.290618456820030
-0.286920980556068
-0.648629245778719
-0.604612627743508
-0.030957762464302
-0.221965179669421
1.598288074238947
-0.811992735379747
-0.217679797907131
0.136177446132316
0.971894716199561
2.672987022848214
0.014642728289193
-0.906479148498028
0.054249873825287
-1.295585554010186
0.370773366932600
0.852494381530333
-2.981770377701857
-0.654691238547430
1.353964276320513
0.423856387970723
0.084549502295574
0.717273594217330
0.098618983501453
-0.264972310319041
0.005467084005346
-0.183612642430335
0.314137712605822
0.331879027961096
-0.163949998406586
0.684745339251316
-1.027310928996230
1.441452862638714
-1.089165609377146
0.723301296059496
0.366016069584396
-0.480635346117100
0.911655553980416
0.763986217257664
1.284653061090775
-0.660006503292984
-1.204995016871394
0.971413834811763
-1.531753329784435
0.091003302843148
-0.855248610333219
-0.696321788426091
1.013918584211055
-1.180343900774144
-1.060681115776257
-1.486871281133284
0.776551670096849
0.005267976339470
0.159213801651137
0.121476459767033
-0.506422833984789
0.705163978287312
0.652811199326179
-0.143320570956568
-2.893875374053906
0.855007235110467
0.153352994151739
0.093903709413958
0.476388837065138
1.837023491172291
0.302319543475775
0.835261373522855
-0.376329608880850
-0.365415889006328
-0.866290158343519
-0.372745857921884
1.759799159844941
-0.644540088466307
-1.348070765628441
-0.370011851482355
0.642623395947485
1.407003219749701
-0.363390567242553
0.840461500731127
1.202664995936755
2.123124477190854
-1.402753039597653
-0.129071324226756
0.944928801836118
0.469041432762742
-0.767537848085728
-1.499995154383629
0.143567740522018
-1.990487801955661
-0.343107316422026
1.203726633206354
-1.081901553586481
0.508950729714087
0.730765845331553
0.190078093097210
0.595511979176276
0.116653739373569
1.404082453027073
-0.794183627971217
-0.447081296450836
-0.627341428476159
-1.992902398832727
0.155893117157956
-1.142319158566869
-0.018965061534541
-0.654144296753893
0.131821416294317
-0.785169842348455
0.566036060203993
2.506358560359573
-0.607573849393756
0.544434299747039
-0.596693701053727
-2.199834937365928
0.500740893875596
-1.570088701235997
-0.508837959447304
-1.736906269975302
0.445160157885783
1.069210493781152
-0.139376113009300
-0.372545394809316
0.869508733647692
-0.096027712948815
-1.568880974934652
0.882206717758393
0.756369992499644
-1.593336651139388
0.004295884041615
-0.186546723301619
-0.561480642781532
-0.379662964212812
-2.542478745294364
0.021843060582059
-0.132316245905784
1.091032006585004
-1.642445408046690
0.144800146154675
0.602747294512308
-0.300579397492343
-1.922556431186595
0.808712785376038
2.289905544323201
1.313121737805230
-1.430392917360409
0.291395265839706
0.988160477333453
0.633280878015366
1.555504607350681
0.509798815009284
-0.704809516283595
0.333537737703766
-0.047511428893857
-0.533123926055357
0.196076171906337
-0.882903140786077
1.345620017787701
-0.211609046059768
0.275733530451009
0.424285236778030
0.670335753858995
0.438466834057537
0.246597983081454
-1.173658013618792
1.664879422799112
-0.258512441693231
2.828166566244864
-1.159301066678122
1.885227819937739
-1.256445521302470
-0.089272240499778
-0.038903203244014
-1.275318952235322
-0.569745371694343
-0.915505619580453
0.808958498620044
-0.401904575339872
-1.539299156523321
0.403948209493216
0.523723884841101
-0.119735818655508
-0.338613425123120
-0.066474084893359
0.835254466819269
-2.243271899419910
-1.038797297225506
0.301986037874906
0.599195193029621
1.286873366475894
0.715701809159264
-0.333054870567145
-2.533183373061918
-0.882521626874858
0.792267102370879
2.221382862146798
-1.195999553804098
0.179936382166554
1.655919243167403
0.952804485448682
-0.431938857507739
1.091588709909616
1.028732997662072
-0.444585175452940
-0.849177964311766
-0.283398414226168
-1.261176487796903
-1.434334294781935
-0.213261781027428
-0.195710443230510
0.244677347823784
1.103352459355079
-0.310560572345036
0.907199892110453
-1.082331160650583
0.871612064696196
0.485575903496271
1.252488878560022
0.956488651277205
-0.896659488342223
-0.722197368173596
-0.344729122965550
1.235753220095522
-0.250142828048410
-3.113516659756936
-0.846786282799975
-0.564341423667206
1.130893508826646
-0.015606398872224
1.540842875581707
-0.525169486652624
-0.673209585964345
0.075535346339400
0.896780508595652
-0.868282948269666
0.804806029182780
1.058504687886995
-0.726950185289578
0.091057604495496
0.595985678147333
-0.094565311816988
-1.658172216481012
1.267748161450133
0.097000056283446
0.001125376027984
-0.124027348678041
-1.425171643304739
-0.679005758738882
-1.605177764224516
-0.975014863571219
0.791055830665694
0.083630581244213
0.838619745191204
-0.447942672435334
-1.653039599931517
0.200352866361031
1.868568150748910
-0.903762181228610
-0.675719831975694
-0.440849760589743
-0.360124280511161
0.559069833435560
-1.673556698564358
2.119148185402798
1.110034958100823
-0.661936289744250
0.494912300599179
0.417664189629289
1.307528154908331
-0.842305556760705
0.875601043409614
0.537190645978135
-0.453866226320295
-0.144232356121430
2.202617382137225
-0.269017683634716
-0.208183134834787
-0.143800835095672
-0.391164460278644
-0.986344174225741
0.245226725989622
0.908180110783723
-0.775699245897997
0.908495962802331
-0.071218256400313
-0.673101534241289
-0.628709535376133
1.268052514916343
1.738331040930438
1.513807737557891
-1.320813800519747
-0.338639227979492
-0.152942951681065
-0.722900085770589
-0.502275205959279
-1.224308381478211
-0.116334179121905
0.519417668888068
0.440096261614245
0.227288885257590
-0.865421006239391
0.031853693925482
-0.781574990088019
1.017862438085130
-0.452104970269744
-0.838051311801012
-0.058796175145105
0.258657444143702
0.016802275908902
2.077057370557866
1.396972209776740
-0.735705183685347
1.509781721810654
0.182862274945176
1.323893238960565
0.100609132178131
-0.959914947299262
1.100632214937818
-0.837766872466396
-0.633557879751882
0.487273869579105
0.545394008148872
-1.770290042563328
1.587233040979439
-0.902359801926729
-0.132273401183887
-0.107864543476581
0.782989353280073
-0.997394534525660
1.113412897787029
2.503227053258716
-0.195831048829413
-0.334725460552678
-0.210408086291006
0.290164335772799
0.090607084415704
0.234791827841011
-1.211635927892015
-0.216065059438960
0.835047910070629
-1.560029894731361
0.035327067110225
-0.850444259085703
-0.972191165296667
-1.109764782933103
1.061792856296466
0.690580933125661
0.665140062145187
0.758380791856140
-0.712298636317108
-0.234738709084052
1.722506649177005
0.342291038157256
0.879058464267436
1.481510175856219
0.094542861821131
0.785254533607323
-0.493836178392534
-1.494405854767351
1.001332909666557
1.457634247474738
-2.095558566373084
0.016400916303411
-0.758954806720707
0.011202344406063
0.125976658932327
0.905038451949286
0.878265432094560
0.688942038421378
-0.964542663299841
-0.064595956343763
0.033165455676993
0.217255476590533
1.601355724103645
1.253373261927257
0.332280933954481
0.593298542616602
-0.976270125643051
0.799174562675943
-1.049024626865680
-0.480160985170641
0.025714322777774
0.484307007869473
1.300855042170714
-0.026213861931311
-0.441601029168845
-1.219124748825770
0.103303355110979
0.043031328497322
-1.087985394281821
-0.007729535297722
0.463931474122874
0.028673799023911
1.136125768152384
1.521418269643431
0.296148970060447
-0.046843151762160
-0.592678596789932
1.595919739679891
-1.644278953597612
-0.038077870271023
0.023495028138290
0.685967861361137
1.275834095504077
-0.199863549481641
1.478061337554895
0.209146714821602
1.113997780490012
-0.746408555869812
1.946853320486655
1.618007872568825
-0.775626114448972
-0.358807290607363
0.835970107985188
-0.452354190054131
-0.454644315054818
0.017988356364690
-0.270755619564155
1.276207090986937
0.998372869895286
0.671775040628438
0.716065569517290
-0.607621011610984
-0.397726023901477
-0.823100670363383
-1.420740715901837
-1.215307186497294
1.394173794042834
-0.487985838093655
0.857589513866810
0.218475042053114
1.386181305317629
-0.506715732448425
0.320043613868545
0.802470596981051
0.501196174804042
0.389694975424877
-2.172803150774147
0.449549433226383
-1.747812393704557
0.272419476966840
1.337513343158448
1.103575853040622
1.171373274088001
0.382769909794313
-0.460221762987563
-1.656526095060070
-1.151271176429581
-0.886334253358920
1.199122731615327
-1.360315056296600
2.239561271518435
0.010733840947743
1.487849238578047
2.586990167374938
0.418417395177913
0.233902973359326
1.409100710451914
0.607711875062656
0.104360134022275
0.487648853560921
0.311834940082735
1.389086469047161
-0.908383789458957
-0.196597858258176
-2.057697573270245
0.868516002468941
1.446825648535625
1.164826041455189
-0.406861691921599
-2.067642991314036
1.591367494426151
-0.158130775168459
0.589207948363606
0.178970494128038
-0.138013601549148
0.180963917503767
1.204192454087055
0.928135314182962
-0.257457738732213
-0.327605362518627
-0.083504672345636
0.233668460262235
1.259401552336485
