1.020068574301301
-0.771528447637280
1.341652791069345
0.945111008289758
-0.935239318045079
-1.692496299218854
-0.573003410696145
0.655821159688351
0.286498136785243
0.108956006731863
-1.022163230378767
-0.458739771413527
-0.497527873183472
1.354184252938009
-0.728049063601403
2.580557842477948
-1.549497115197799
0.257222848935420
-0.083934272432414
0.685203706593170
0.113977503746712
0.276342149958153
-0.573645144889088
-1.065728748254011
-0.467308717020650
0.183923492205798
0.358687309702984
-1.003979097718590
-0.568238958805357
-0.284836084758859
-3.519386580934331
1.313152523760124
-0.181016862511054
-1.097965503706842
1.178122965094690
1.089567697709474
-0.407631855465107
0.383547259854010
-0.417361236352191
-0.192562084786013
0.806128047902261
-0.918448413344296
-1.114801089309033
1.053080948292108
1.187449959874686
-0.054968463143777
0.175213482686819
-0.361855589949087
0.214166264849255
-0.635591513151683
2.884245485942566
0.091749273360545
0.575341886324313
-0.019889268204517
-1.300786326092175
-1.108117027051732
2.155298126255802
-0.335567762036818
-0.437901750708649
0.776209767896259
0.182851535978947
1.236402460402664
-0.444960727090694
-1.256403154533949
-1.510639983322598
-0.649445723968945
0.652518870488234
0.845610174639866
-1.033577743336708
0.135891303255794
1.029280821026808
-0.349031712015825
0.337382879030119
0.050923606164555
-1.130987192070228
-0.493419510325791
0.829128032193308
0.418096602113256
0.590771401552178
-1.884514804166402
0.476751716166540
0.090529957673671
1.055662483257811
0.154906758167751
-0.119982689874767
-0.284974489083838
-0.315288583715424
0.651466029486325
-0.674810011318491
-0.691388536810003
0.126133543879169
0.499471497313291
-0.058122992320933
-1.157265099496899
1.179228558707790
0.089307006752648
-0.302764880598935
0.871438072864980
0.082183502049522
-1.980597953045510
-1.866855907515479
-1.277610690199593
0.024784720873320
-0.437199502677111
0.467227986638583
0.069184464197652
1.932071839283316
-0.269109372357139
-0.046252960367135
-1.091711654711324
0.569320114846527
0.278083759264815
-0.585843852398130
0.598266150984239
1.163737829353601
-2.062832772683270
-0.152747174629509
-0.557445615815004
-0.025058085107109
-1.944079461038528
1.128553771851128
-0.405215473809594
1.136173295110610
2.202664554371741
0.905302642545363
-0.438624390140716
0.662211396826198
0.642374761860692
1.880429738841942
-0.916121131958029
-1.846240694656301
0.479629782681715
0.666177880900879
-0.758945442986662
2.019593792711671
0.739352550688383
1.435733918036364
0.046460917235118
-0.962721437649195
0.612631113117169
-0.834569776357568
0.834500377801646
0.717427124623673
-0.512752933367556
-0.902461949057387
-1.620464241716272
1.527666274039194
-1.007084964207311
1.320629358400007
-0.328038452867669
0.733436309599356
0.551281917324152
-0.791279806786182
-0.458459468560083
2.141570541842352
-1.923696134955593
0.739640429137521
-0.253396796846633
-1.913119469332384
-0.921035877045590
0.152089961403690
1.082552108009744
0.312230946365384
-0.493113585642757
0.102814851007761
-0.196404746313965
-0.571448554328243
-1.659988092708401
1.293602292875630
0.782890968271130
-0.792883090220803
0.631995638550576
-1.624220650653219
-0.845706613390973
0.690524194521483
-0.921632444447583
-0.780223075100452
-0.275971259364683
-1.032683399460564
-0.690493078183819
-0.665325355822059
0.967508162195940
-2.045170465417352
-0.292561133133900
0.046241005566161
1.000234858642827
0.952065557943017
1.046950743285128
0.926798835289395
0.036686209078230
0.510388077528632
1.221323588702158
-0.400543140293110
-0.803081631030198
0.546262711488358
1.550589892717665
-2.301164294771414
-0.823665374574095
0.138633145349875
0.828250429243968
0.453286320345870
-0.309719701303208
0.981421980865471
-0.973679499963740
-0.106829566836507
-1.678526034166107
-1.360297085711539
1.327269757865222
-0.456600679913166
-0.590538583535183
1.231062046806789
-0.779505349322548
0.002631881159764
1.185049144345567
1.575866840902357
0.319204663292342
0.118508503767276
-0.392400586196918
-1.735716680097811
0.049868887183287
-0.032483071179143
-1.654862509689088
-0.555635844028338
-1.618879207860921
-1.282450388782951
-1.917637333211063
0.285872946867295
-0.398734092224891
-0.707786888707978
-0.254071022850186
-0.438269038584911
1.651385065758117
0.154162307892020
-0.896394819617954
-0.093919015322968
-0.742119091152313
0.808184239720626
1.135295467390049
0.471034058952729
-1.493393350671977
-0.103561639619548
-0.915946707194893
0.090191543305879
-0.736452418328130
0.838919578466142
-0.472596167672912
1.758666344597803
0.554878731181035
0.420234264290361
0.252067414763632
-0.956011085608877
0.279278974143263
-1.042773121321430
1.211184564232856
-0.021432238080216
-1.592959694223510
-2.799082220146979
2.589893539082549
-1.444882982086560
-0.689338182711665
-0.962575375657857
-1.707408553012425
1.607039687392654
0.736900983767534
1.014957112864367
-0.689707543586207
1.101440470765207
0.283440247569748
1.054320156022803
1.208942385146367
0.529362571964902
-0.545464039656071
0.810388106203890
0.692323201699583
0.104535872341299
-0.292966933735655
-0.807881340624581
-1.334871752399807
0.341632860043467
-0.391714703749888
0.005334991488466
-0.211557262193291
-1.446611770476940
0.796552888926647
-0.171532770206677
-1.826514678269372
-0.536905711455781
0.869771487335997
-0.619200987620003
-0.495070533255160
-0.376716038085568
1.095712123451689
-1.090071913294089
-0.944511942853412
0.812795510391938
0.801915834452976
-0.014347236366923
1.543297926100282
-0.667284115213663
-0.501119735174685
0.649817819384316
0.233768934900010
-0.712841044242816
0.489004113853339
0.610453231659725
-0.793383897503012
-0.201151128389298
-0.411070219498920
1.773682985489246
-1.486851824841036
-0.456846282517097
0.363217638568987
1.106097266033813
2.002945101118904
0.584496964710505
-2.606906540596357
1.074734709422118
0.526633261756649
-2.289442326811340
0.890017251065411
0.390285451559980
-1.148257416300019
1.244827559719502
0.216085314736878
-1.071076793448037
-0.960550026542598
-0.796464653840022
0.445095842648028
-1.357378237414307
1.847348547168913
0.656762901240393
0.446839904735083
-1.198894784381475
-0.893672491493340
-0.153736688786864
0.446656090867572
-0.250074010195460
-0.925427404602784
0.229127083992201
0.416058418096122
0.139840168640023
-0.457120559073445
0.833610821081971
-0.422356522746853
-1.006133283138856
-1.184893525203875
0.188087831614817
-1.047189291318317
-0.203340746424989
1.160229783701280
-0.239709087833203
0.084821057545592
0.412351825264286
1.173008955846716
0.950115763552532
-0.130378354319057
0.341785718362322
-1.112625143940779
2.516312991169484
0.729087646883704
0.441890155751356
3.008700051522986
-0.423549799613666
-1.229421260550710
1.728179081860726
0.551657066072672
-0.818848014738818
0.634891161027237
-1.398195306536562
-0.084000817182400
-0.378588188727183
1.261649904200753
-1.579524513381517
-0.138620101960304
0.591922548697270
-1.025660303806371
-0.198311351309937
-0.422189466621988
-0.272632753094776
-0.169420107619437
-1.106096126806440
-0.655766904421410
-0.019364701971187
1.074558272234152
-1.150663395532118
2.166630583302808
-0.845630788425510
-0.719055752876476
-0.383265999684537
1.493871014881749
-0.330597302582709
0.846544227849213
0.397803336714653
-0.068219151469388
-1.201336550598325
-0.123763576655039
1.721464254304207
-1.243636688068221
-1.362478844746388
0.213453235398425
0.258969986230797
-0.386384295018036
-0.053436598682502
0.216346927286749
1.110454178752945
1.939949715701660
-1.745960061797357
-1.254678781451416
-0.939525753793937
0.538778780359695
-2.212335714522732
0.191855861773529
-0.898824405373084
1.066951830512407
-0.251171918602842
0.159770471650602
-0.035427948047144
-0.725636324946459
-0.261538620171225
1.332835461607965
-1.154597188937357
-0.303680409484946
-0.004843863701778
-0.421625291360699
0.402954162981401
0.113743653200310
-0.625728543755128
-0.718598740188846
0.041765889902081
0.369638284700882
1.713638902669411
2.118252478431841
-0.878444616094746
-0.364203409192200
-0.473605812983088
1.271638949223975
0.419809847633606
-2.331411870352037
0.423277518213656
1.299729201743959
2.421339309772076
0.537953241277593
-0.443032130599645
-0.196291501002631
-3.303017726484063
-0.108994262283945
0.159600531683280
1.157509439243738
-1.197351912527752
-0.492332607859630
2.060671350401496
-0.482752879928870
-0.587340220780747
1.030349399587742
-1.699476153738652
2.166607213808024
0.354968449093363
-0.318163376853416
0.280055578906480
0.930728137445841
0.409848511727184
0.954888650987360
1.821114521127126
-0.144369734736856
1.300499142345952
-0.542613998950907
0.188954772056541
0.404118270464391
0.251241392691893
1.107550669249610
-1.781805763895380
0.921745555524812
1.067112423835618
-0.395457908390987
1.671938463908694
-1.417857199600870
-0.270466895348799
1.224751198812419
0.878019400643312
0.215943918513478
0.721972151895566
-1.325356037740347
0.787726143420633
0.412191531202786
-0.761688792482650
0.772627872270370
-2.054134678696607
-0.164344689543520
-0.046601837862782
-1.332166815740112
-2.316888214187997
1.309445376931413
1.850909761339804
-0.945273425899864
-0.549362267889771
0.166376087208501
0.102835272465616
0.242357955099187
0.213554038874746
0.858331989754442
0.422780688896543
0.916854051967898
-0.185428265332314
-0.137566359366504
1.312110839790076
0.154726011777381
-1.832660614899421
1.492810782395186
1.366356583542227
-0.654958103207405
1.807458448609719
1.943483640804306
-0.201758749299954
-0.026894889928576
0.268669342565939
-0.289307962871559
-0.320013894752880
0.407237918195607
-0.265017090321092
-0.337279021537321
0.087210397445570
0.801034237908339
2.334725738679601
0.812185624776111
1.084220818618667
1.333587203311591
-0.833263378606849
0.262195960607604
-1.106478983404671
-1.125979766275789
-0.615553241959328
-0.281390178032176
-0.268126691095641
-0.436646727446674
1.377992612962051
0.292126417670401
-0.640648097086795
-0.411976961630560
-0.258343936071639
0.308101470238404
1.994937904806110
2.042922657846374
0.704173330794400
-0.912730677905596
1.494368261606712
0.487858701087185
-1.929723013515449
-1.651428067964734
0.443309146453889
1.421100906608442
-0.769037607130453
-0.792269467523756
-1.073533115914331
-0.268545758429260
-0.122672440930238
1.171706723153942
-1.798577947352058
0.612448727965362
-1.505494311366989
-1.170874375403329
0.489164347116408
0.431311954309256
0.186024667765346
-0.105930539459505
-0.718674996901819
0.894110061701511
-0.606567049917861
-2.300550805035918
0.464980951261460
-0.005913893616086
0.064406874728600
0.221796726860485
0.918849352542678
0.071396588368213
-0.521027923716160
0.344688434560128
-0.276934129511540
0.182410254086539
1.301504053143674
-0.717311738303931
-0.598554907337058
-0.585565754245771
1.237366445972256
2.234388852705738
1.170955814235443
-0.483693535191513
1.504791824162662
-1.173261283766275
1.431154175843883
0.058699033076308
1.191595651179543
-0.690982099108820
0.339342016440060
-0.621215794593087
0.693272386733999
-1.118254319760662
1.667980304437513
-0.577822530883364
-0.281341674060791
-0.758795909721816
-0.396664623148144
-1.161239017358033
0.063705358524123
1.735789148092062
1.038216200787064
1.548839651440486
-0.075157225263574
-0.446322526211745
0.923520108181551
-1.562117672018004
1.561742120944768
0.391666642271599
-0.479131550264627
-0.432622403631652
1.364523976178485
0.298523455503186
0.953648397566902
-0.970081489096331
2.486233080723565
-1.451895550820963
-1.361580927627126
0.572206928220713
0.562840561999289
-0.180051567534189
-1.975057984378582
-0.310279163238058
0.246162802038279
1.309568500750453
0.244937174494569
2.200937174052854
0.267445898788627
1.395757005461908
0.936271095779641
-0.587924063545924
-1.103153034436696
0.038077498037516
1.010643168016435
-2.192437152133655
-1.415386219822389
-0.191334242857835
-0.010945699764537
0.800452050244669
-1.465645676101935
-0.703124998445214
-0.319846704492634
-0.866746843952130
1.495359825960785
0.650779817486338
0.738504671648133
0.924397266048437
-0.079406719424938
1.365473740377356
-0.813124104861268
-1.396778441551572
-0.709033100206188
-1.225526698382057
-1.743229131768690
0.336570555526784
-1.641636612097698
0.262765600079990
0.764013751368473
-2.516020056234314
2.379142227743259
-0.924003451031758
-1.032540314700267
-1.179834083982374
-1.729247533094933
1.217631378084683
0.162073135081824
-0.902066178734909
1.210264190891780
-0.288163827369160
-0.986532886275345
0.172853515632492
1.682499214683882
0.246970712509131
1.423594172660365
-0.563398630293899
0.400016590298330
-0.526385106930003
-0.183130755665500
1.326764443619129
-0.876995061099316
0.074744529119663
-0.204829592741356
-0.062977965070556
0.982986479245672
0.183027541600555
0.301941342182232
-0.795254976390410
-0.501733001505438
-0.500599895821777
-0.049725134887185
0.482248587792074
1.342522518405155
-0.970982181717374
0.498104027152286
0.554693040995468
-0.273783397455565
-0.918727983503442
1.906119766282329
-0.203006616925354
1.370102632443389
0.426451119830840
0.550259607063753
-0.473017287222135
-0.845169052999170
-0.747160878198331
0.771210435986049
0.116146367581152
0.151163005157168
-0.596454904120942
-0.300895325404539
-0.673392841532418
0.739263045117619
-0.680093971064246
-0.235447598090986
1.244751999907263
-0.452816576956402
0.445843280168034
0.821455735578027
-0.919140675497293
0.834675504924834
0.903672674031355
0.632234674985748
0.710246287317280
0.718165776865964
1.112775723910808
-0.733070877113745
-0.115782323312305
0.820906204384602
-1.771088561343995
-2.083502022743070
0.625739604821270
0.139202944450009
-0.018963839574288
-1.362405160302522
-0.202071393755438
0.759978916062056
-1.580259327072141
-1.813149580524504
-0.336154849696910
-0.465688434542594
2.139170095129749
-2.044606715870172
1.593030512095414
-1.377262612760494
0.874070021814648
-0.535917830144387
-0.827979526877501
-0.167073804659517
0.513087204732946
-1.543721910999502
-1.241938187290266
0.626447583971375
0.456918159674024
0.264548721198654
-0.467836123331076
-0.683429718278384
1.289043380012772
1.630460202593417
-0.336410438649223
-0.889636806951425
-0.329697135165392
-0.895230889052407
-0.120285093664276
-1.354222865520019
-1.944369505499213
-0.176327143433283
0.398261749774927
-0.015119055355454
-1.180434688823923
0.400435835754561
0.475818363224691
-0.431724530685281
-0.194033992763455
1.848385609918029
-0.454072929964746
-1.077890289217654
-1.927333804075878
-0.484477565349416
1.197595140640415
0.757393722246638
-0.144626191311984
1.011033437405756
-0.258231740480343
0.404073721201662
0.658201221323627
-0.072366230592451
0.640965919349224
0.996679835549883
-0.308450742119316
0.608608188627985
1.117632479243714
-1.598045879398320
-0.864976184972379
-0.401034003202838
1.038624439988678
-0.382856634636036
0.518535003858884
-0.600597678562251
0.435325437401212
0.494404481239852
-0.860724556586013
1.498430831855416
-0.328168633320744
-1.379926473163745
1.716942532999691
-0.685918956976357
-0.766753188034991
0.425129154661397
0.120494425753800
-1.695809829112868
0.614928534002499
-0.624894983643369
2.397242717170213
0.018239519854617
-0.433190327056508
-0.859529640463962
-0.779034233446872
1.723997322270449
0.946038724649505
-1.069702463771016
-2.047837236458797
-1.531301482389182
-1.001608320890955
-0.662769819960971
-1.342935002059020
-0.097362369299377
-0.067800719009857
-1.134789984536169
-1.452837600568935
0.748305938445885
0.539036347381246
1.079698817416736
-1.066632015974617
-0.991891589932460
0.080603097704448
0.938211792042815
-1.291651877643800
0.119985567065898
-0.783791064476604
-0.057257229784274
0.328718008467422
0.072047173680209
-1.754057222323547
0.009033941968242
-0.102690588014848
0.139358598256926
-0.072384131872089
-0.081340217342596
1.625279754848519
-0.077054581869179
1.714570877043583
1.234808594410950
0.319579839184751
0.273369327217072
0.111589929565586
-0.364037260265935
1.314461000968754
0.413479033765824
-0.605929230223691
0.098937678141629
1.546514226986773
-0.169628655740557
-0.289712290996033
1.364253888702677
0.295538864268107
0.415566461080981
0.037115255435104
0.661085554091249
0.016699381945275
-0.902030021784119
-0.373600076937459
0.281524519473219
0.198916697707218
-0.012230572033052
0.080001251428530
1.078839590001330
-1.506379158876940
1.189400774574115
-1.727889738011282
-0.634014296258299
-0.025190741388752
0.326285196748341
-0.752869974270495
1.221277026967065
0.453505401591991
-0.694600311761876
-0.892371039216948
-0.559505961240536
0.359888818598761
-0.130825218262209
-0.222591251192470
-0.976519668124591
2.133358367966210
0.621193616856007
-1.246768331044813
0.906870660119255
1.411359439514813
0.725413216225565
-0.305864803938691
0.594920127226456
-0.095384170503537
-1.721005376073011
1.263485649285326
1.465010508219911
-0.535473895679325
1.033462986234858
-0.111411631817275
-0.153678327499251
0.055877616974686
0.215558952174897
0.187043026069250
0.391005194523358
-0.719956544573317
1.806182024259128
-1.012287540930482
-0.814575523326060
0.507702586488044
-0.014938438476929
1.426784185111520
0.529434594926375
0.061957591028430
-1.378346265879194
0.499029038395452
1.106014876166623
0.444905597137753
-0.391543637862116
-0.782744577918576
-0.122673858821827
0.519956122705135
0.208257616655434
0.408442550057318
-0.811128734660689
1.138761358258176
0.147032927915307
0.338116831379466
-0.906421289047932
2.059067512627575
0.810846776912288
-0.089042412779618
-0.851209417615445
0.091092923056577
-0.695284951223671
0.562205701660880
0.633528971079912
1.177179009492821
-1.151958867177394
0.394629867420192
2.264541476594990
0.913109907276144
-0.346155290887742
-0.544218886405366
0.842003331342386
1.338888909944313
-0.273117600271495
0.500414922597091
-0.327888878867395
0.254379792424021
0.156877730878943
-0.133387510695259
0.011732068730483
-0.975007269391992
-0.570845163480925
-0.261479058159577
-1.023365906267248
1.154661623628861
-0.755585077632174
0.979224199083957
2.183324091921226
0.690634445825337
0.345926098321039
0.817873623504880
0.949764688954198
0.375830303495145
1.125191004355368
0.817256372200614
0.663638759091619
0.238032173107410
-2.044634117793342
1.438183332972390
-0.100015457221049
1.367025552477300
-0.648104798979676
-0.656798235633627
-0.170151403779050
-0.118736921538770
-1.581801438881493
-0.800763913601494
0.205679833239361
-0.042456269697229
-2.523683008487659
0.734084640910048
0.155616545443140
0.531992738619873
1.055149917474839
0.167777238230596
0.739489196272360
1.640113804118026
1.244873783824316
0.435281866006554
-0.477127210609570
-0.583443843257801
0.000770493086828
-0.293236242745872
0.898774234677532
0.232739431654193
1.603920096332391
-1.205363044646763
-1.024268789759653
-0.092849591548071
-1.727297143342750
0.103096721437949
1.524484803453047
-0.695900032553268
1.668087301385176
-0.030002993717969
0.390594461980492
0.605449840311348
-0.166723737921662
-0.744905691695070
2.656050815486288
0.400588591825917
0.688680000688529
0.024872823475355
0.806873863246619
-1.244339733134658
0.767848739114705
1.955059134225995
-1.121379841703992
0.573943443362452
0.419197541131031
-1.921237231832132
-0.327002677822820
-0.224105231129848
-0.896890913571522
2.396470955829871
0.299380046327957
1.048171176238068
-2.028021266535943
-0.497718146572150
0.645750327496984
0.844572796076461
-1.300444857109052
-0.582533684774469
0.492373698240957
0.921312837383531
-1.590874123661571
0.921126583702429
-1.621328448837798
0.965672194198121
0.385020944983531
0.471018897697305
0.436131796615463
-0.114498192792234
0.005210998927302
-0.975430638315643
-0.107801836575646
0.913262156907104
0.306326059472746
0.450477995822383
0.757728329579499
1.100441102720748
-0.059919425927109
-0.006842361817852
0.396308752324964
-0.276168418663601
0.941185351975193
1.116057602740706
0.207590457024303
1.156773374778175
-0.344859111658319
1.030334497899703
-0.293177578131717
2.147966149874265
-2.223514787076095
-1.533958132955437
-0.125283825461973
1.598973257162049
0.061259818771348
-0.726369624681659
-0.432044985723465
1.724194816459622
-0.457418322368951
-0.144978342520198
0.722050637520184
1.705018717504958
-1.639455263982855
-0.632352102139636
1.114430745112537
0.483245112727411
-1.229331003202267
-0.195826617149843
0.622020136709143
0.908094769031727
2.335752391007992
-0.147399902708735
2.250628145460912
-0.173604330100396
1.425980459689001
-0.455340163864062
0.111603400090177
0.450107574910154
-1.614749937951383
-0.157332653933912
0.043082368418659
1.107965502065563
-0.271158548059802
-1.426897758833964
-1.482117997883160
0.010628903093452
1.346435731982578
-1.796967520189667
0.452782139366372
-0.905374778543105
1.222266345194538
-0.032140901560007
-0.149482588932256
-0.200745607873241
-0.611547510173247
0.231749979718252
0.591106907883016
0.720257982614253
0.229547091741808
0.217076883607507
-1.732678443756141
-0.193288721432730
0.507434696357850
1.185232862950830
1.506086990319546
2.085648524599140
0.025596852019590
-0.205408409505007
-0.838616954840411
-0.400288581347002
0.388462952937760
-0.596937676616596
-1.913832927572297
1.389634691753325
-0.114101815558400
-0.953032044005693
1.554057388472431
0.488375128590427
-0.306569504491580
-0.827426495428056
1.658587824688030
1.539467729561252
-1.206669409589749
2.317335060376755
1.936654325972493
0.822130947921356
-0.097667947935658
0.225806941019784
-0.642607727635314
-1.372895883038936
0.473056403402450
0.912315987987580
0.002302521282815
-0.992187857436189
-1.069560188996602
-0.033381334577418
-0.009053747467555
-1.829763195076979
1.787576421586854
-0.978686644416654
1.845357292596940
-0.162539574656959
-0.250551020185645
0.866215686083451
0.684926849875135
0.888110290880735
-0.650530038667906
0.828949600315564
0.305943388547320
0.153561441775543
-1.673080899057094
-1.924751611597691
-2.694336778671272
-2.198572817837092
1.836892900769647
-0.554182130828276
-1.435741025862903
0.048422489270550
3.249808109166484
-0.199522109604322
-2.810366192035015
-1.531116764070922
1.585718679001727
0.816561782605318
-0.481540835753516
0.481919848500357
-1.092440030009642
0.090978662868090
-2.675453858602353
-0.468540078699088
-0.758022635014539
0.413998982756338
0.380598595361507
0.057484967573338
1.221808224559451
1.027561322961683
-0.556195032627898
-0.027325702260405
0.813367377965432
-0.638111622687220
-1.142938890680085
-1.209277787654126
-2.093065870018771
-0.604641573267361
-0.390512455539159
1.349133317244295
0.937530658413610
1.294935967560501
-0.939470315776405
1.013138991660054
0.036010591522132
0.532080837241654
0.614117226615684
0.451844909751249
1.547372370072181
-1.397109781762969
0.389799113084466
-0.505714861320942
0.137691297892893
2.310671294863823
-2.064242883511992
-0.215142760916904
0.655072663750559
1.203414863851206
1.435388528886277
-1.378566518978767
0.629043918186492
0.775510036763124
-1.002120564929712
-1.209795364606273
0.518753878094737
-0.143624526562420
-0.479579569211217
-0.892831072206605
-1.159179944000884
-0.873666116321167
0.363002471778944
0.989639643848424
0.030223907280082
-1.092827132649628
0.509863488000192
1.348690844984917
-1.332559179133610
1.733544853313884
-1.218303144904025
0.269487359699233
0.474243395073069
-1.429823726265187
-0.815539709470190
2.845489084464971
1.824906076682465
0.057199694421291
-0.688949278387348
0.379682337324047
0.570249095788942
-0.877123984821656
0.414023943560837
-0.832690102375692
1.562910409944160
-0.631806385324983
0.644281837596177
1.775836460184813
-0.055644031818037
0.528744027191556
0.907950357331272
0.878325097807641
-1.684594856276922
-1.059601560145642
0.199984393969404
-0.170543010599363
2.076644920983657
0.243326047676552
-1.705248339637132
-1.218954531345309
1.926240391273801
-0.270942500087444
1.568867938129039
0.654499029527657
0.864317862158237
-0.259127383303394
-0.439487895460873
0.731450814379456
-0.691787083452118
1.923881473235836
-1.290183363733063
-1.195363116526548
0.100427735262605
-0.188639229374296
-2.340123018353878
-3.041043283518895
0.231790081434150
0.517785749616236
-0.263179622189154
-0.279987184518133
-1.372350651720621
1.098246092941739
-0.698394025088578
-1.138106035214195
-0.440759068764816
-1.328188947195174
2.997925139535034
-0.894976727121563
-0.459456860308794
-0.416082725790278
0.361848325208638
-0.340081523153586
-1.076962477721477
-0.121661467826868
0.467406994277185
-1.462209359644283
1.826923903456577
1.373340332617631
-0.992500047254543
-1.523356775046572
0.459138801145739
-1.188216603876492
0.737012860302172
0.885947056056268
-0.876706096750505
-1.258107909030524
0.855606111335185
-0.642224754276561
-0.064952012764707
1.711688591579470
1.507294605758684
-0.674713961005872
0.085071433059873
0.191049415238806
0.589180018944842
-0.578771981257924
-1.191223238852527
0.870720306308522
-0.032254934716330
1.711871596927315
1.099548143626662
-0.128044639223637
1.873142779469007
2.063868426096377
-0.262191530628978
0.318786570870387
-0.073384947272598
-0.992983578950671
1.228284915093308
1.011431481536837
-1.940681998523454
2.936829480746833
-1.008212008889374
1.009244439320194
1.521638408095113
0.006629634583875
0.459521852238445
-0.714606680950197
-0.161181588871042
-0.634836620052139
1.380557735898065
1.151487067352777
-0.413504919923443
-1.085622336617064
0.666100781742681
0.217200463951533
0.327399402494548
-0.840281677756082
-0.614178843201589
0.312169727519939
-1.211338758631014
1.037686494193858
-1.001595004019490
1.033154262645172
0.213574848377780
0.041076039683078
0.250590035427883
-0.372899889680249
-0.300255101745917
1.619531982773350
1.482656494760830
-0.365868063627732
0.151883182243709
1.024870764757134
-0.301306809592885
0.270472615183264
-0.928379767371872
-0.220187376486743
0.486925991074954
-0.863474522152290
1.038709579064021
-1.400906320262034
1.786911489674945
-1.069239900189772
-0.309659276046886
-0.162374832495328
1.699394803217560
-1.431110915562244
-1.908439595527710
-1.377391071462201
0.395357031993240
0.127663707739369
2.106500869637355
0.727222785665748
0.309689499318500
1.022720800385621
-1.441782847689537
-0.626651440688538
-0.382168218031453
-1.421782438552647
0.766172914850655
-0.372987733492096
2.529665770813912
3.030448854177742
1.827488980009769
2.785447858555813
0.808375771342064
1.026637270762855
0.205510803957581
0.368197440468924
-0.256604435324577
1.355874999381971
0.332516665598907
-0.090862498975987
-1.664453468391241
1.861530453583836
0.274337997308109
-0.293071765726119
-0.852526197693353
-0.291110295695192
-1.151162244281762
0.253234273121641
-0.238919978629849
0.979919776352114
0.010767629242510
0.326000066027259
-0.289734234922975
-0.419061927503341
2.318611602911657
-1.407827523295302
0.212411658409328
-0.885738475362442
-0.633518470840982
-1.613202453809132
-1.311575374034762
-1.051765704344406
-0.255465743687659
0.034695219745810
0.283924359861341
-0.386850317854537
-0.185017423941061
-1.059123609724424
-1.641689622646938
0.318662856719435
-0.686320348072215
-0.703065750254799
-0.120282410657312
-0.650192371585319
0.494305567549499
-1.637546478412889
-0.088651270934220
0.171022320190272
-1.046387917439933
-0.726097117534044
-1.484992924196269
0.259815972049602
0.434607546791940
0.653424128684289
0.360136992886725
0.468980145025095
-0.126377716766659
1.251334833690648
-1.315041119720556
-1.038514194956972
-0.752885967651600
-0.916862691760432
0.232693186545547
0.555773850662533
0.611578725117788
1.088958523333688
1.125025567166591
1.033217409308193
-0.318714564699381
-0.004682670412564
-0.189463259196523
0.974538297289339
0.283055551000813
-0.012975845706412
0.219860788602432
-0.965446305556495
0.777244390897359
-0.974282518605304
0.025574216130220
-1.796860092694917
-0.590847614007874
1.837405844872560
-0.775042886192738
0.314098163121261
0.450060283528027
1.127227751543617
-1.189558242990441
2.442283403981177
0.413556247997728
-0.959763553747344
0.195973625969377
-0.862575109690391
-1.812076608621102
-1.678632518084167
0.006643596350350
0.316237313588054
0.610479854155862
0.705381062007330
0.446476543124279
-0.569047352702188
-0.679106362884374
-0.141729867940711
0.976109064907364
1.089508331371146
-0.308257349845354
0.645077529938704
-0.217633003756528
-0.215552365086470
2.279675664349619
0.129607242988293
1.053587124943136
-0.861157938328161
2.093807638209174
0.028847794920134
0.211794042724157
-0.386142516589599
-0.695295956531168
0.062984808276265
-0.488504291998560
-0.244890829513986
-0.356000106821849
-0.064234075189113
2.821868085988801
0.531745692866138
0.690989069916395
-0.363314381701128
-1.550264793291517
-0.200756693130585
0.492868857395190
1.160285692436715
-0.335100076936093
-0.100566561806921
0.673067437163198
-1.274289802570713
-0.433138813463979
-0.239073764415229
-0.046605829879115
-1.654684159490136
-0.172400165094951
0.686575429451384
-0.342316255306539
-1.125109778212438
-0.161855207448571
-0.329190293805317
-0.747958934014479
1.953307237842866
-0.481336661043299
0.708616701666122
-0.600168021990043
-0.080354252081975
0.016822706197803
0.057884308654926
0.845619508500675
1.258076671273031
-1.392951154761770
-1.789147426656070
0.983502423471577
-0.293157566127326
-1.233667013539919
0.431369743802953
0.990801537438927
-0.289518991926277
0.862058402333989
-1.979698589576644
-0.443049255515061
0.447078747662203
-0.495384538537464
0.429606264153187
-0.996456721131356
0.620788022673306
-2.029403947186773
0.565210523822768
-1.662185187971452
0.329671438136563
0.398996761019236
-1.849277635259507
1.214823831065302
-0.590273778169451
-0.850095516650993
-0.234079440776150
-0.160838174890361
-1.742132344659062
1.637618697154566
-1.355239189652399
-1.085351581872883
1.419543772505006
0.757673764646412
-0.251080300482057
0.157264714250116
1.110630891428297
-1.512037687581351
-0.289252804182289
-0.283077410668362
-1.829273742588851
-0.617029064584846
0.113406815612415
0.635336667963573
-1.598262277230052
-0.303217829964202
1.271793851566865
0.747262206413466
0.881977005615784
0.903399681817332
1.282282538863156
1.792354730714656
-0.292061726618483
-1.622982166952579
0.761471289269545
-1.919523016057123
0.929559135757696
1.109520324263001
0.025086752076248
0.295849518066240
0.893923561389949
-0.747099051119382
-0.590313815404980
1.311696955601792
-0.411891783932636
-0.570721612392476
0.481333781485052
-0.881823558607283
0.203415598107151
-0.709637336569413
0.947987046930549
-0.345177246820635
0.209680590051285
0.338249619542436
0.259874369872834
-1.073248385106265
1.311742672354667
-0.745429945148321
1.500292569687993
-0.137017303265559
-0.148344377030270
0.561059515237868
-0.073996867064557
1.634177472678946
0.492464674981230
-3.124986918500539
1.034503919447652
1.195649758130024
0.349743883785292
-0.923524517580268
-1.236122688857114
-1.145633097318426
0.211159604144648
1.142122658379511
1.623709593180160
-0.427501555560923
1.472770550096592
-0.302212406837294
-0.043462805032880
-0.413588404823961
0.177549712911736
-0.876957100393082
0.680197368361321
0.140198607815390
-0.866136468309492
0.205604229807962
0.571515833461528
0.391679082014696
-1.202129507262332
0.439234463852992
-0.666348870042090
-1.074881150349169
-0.009567309817745
-0.478410647219406
-0.810634903701230
-0.760281096246058
-1.884845898593879
-0.706186319238212
-0.977506357959069
-0.316004166076463
-2.576254914068934
-1.959584535377945
0.926917481395181
0.236509661713852
1.794908674237477
-2.468350149409636
0.106199458408933
-0.682662402805800
-0.231654626322501
-0.261320840662895
-2.018807894796455
1.084274644518233
-0.380994016994621
0.480643029107606
-0.074810737944509
0.222906230182598
1.819061722265934
-1.763256217843891
-1.022939037496381
0.536028655847367
-0.166758988183722
-0.968222875326371
0.696446643506039
-0.525549108003573
0.210240289654702
0.513471141512085
0.127115250688783
0.750598957311426
0.458042070525022
-0.641662672504290
0.869339016284720
2.360589006042530
-1.020376045591060
1.844240150697789
1.028479334624492
1.799177867848510
1.310158817646737
-0.395109316295264
-0.396099633144841
0.419354395340511
0.267156594779604
-1.492019820761959
1.371916806656165
0.147069618707010
1.606304992172031
1.071877496317032
-1.959233161656132
0.501851786747825
0.065796102331230
0.876758227768548
0.109599427590787
0.351507847472427
1.152013582155898
-0.644413660068345
-1.457338090442173
0.263585087211157
0.171206681864160
0.898703235480270
0.617809370428237
1.082281746172994
2.053101797196037
-0.237265792250281
-0.754234647176307
-0.081634745567294
-0.147241524274015
0.780293245791171
0.496077205113446
0.992796974814279
1.090656591054232
1.078020522953618
-0.184585934593440
1.404302969364369
0.669476565290495
0.022093016867556
-0.114409984526207
0.736355022564654
-1.109524726940473
0.032948377717210
-0.093203057191996
-1.490948386568593
-0.697748885851621
1.550975212680057
1.265366130528202
0.309624429292578
-0.415067433373234
0.864917299761298
0.626743191173496
0.599780282104081
0.315305622471404
0.853570087078278
-0.630534797619781
-2.018356640963406
-0.124230417241510
0.524305979538125
1.646356109717116
-0.479432011687718
-0.143671293965461
0.969000168435948
-1.218112638008710
-1.272902247947255
0.167367463100881
-0.546031759663183
-0.352638725424969
0.522574929734730
-0.780767831359252
-0.437000940072988
0.327257007633482
0.635948266156148
-1.479080890638520
0.737890665070639
1.216604767754780
-1.321997550729445
0.917018311400933
-1.204080160976965
-1.549435838687392
-2.640427402845215
2.870667624324581
-0.022480004453284
-0.264089228104150
0.709413007414490
0.684764323789487
1.254474455166138
0.399626118612312
0.236472474513697
-1.717132199266699
-0.578325108592500
1.749233669420047
1.293737359189638
0.414939669287412
0.914028052186778
0.144243044159740
-0.936689922444999
1.641951517667074
-0.379235402804121
0.668203122482546
0.588480101488535
-1.229304849752629
-0.993685472578448
1.258385118034945
-0.703643950662440
-1.167734468947321
-1.808306056159848
0.468139005092854
-0.713729960963368
-1.034766662357816
-0.950227741214718
-0.607740565880431
0.336694468664529
0.273972562888325
0.401150170007883
-2.855234687522858
0.330252993089529
-1.993084239092561
1.667843470950900
0.672983727183635
0.765040129560631
0.447340032961443
1.470871221396777
-1.495225235924197
0.671552884403114
1.856649845060979
0.348077470580463
-0.008794468690257
0.253123327681339
-1.165833101276976
-0.700614843944542
-0.688012915039268
-1.718517233539911
0.403148908384377
-2.494187291066743
1.215672052087302
0.662516110660820
-0.697703904121379
1.087716450133308
-0.311473104145328
-1.397912384306001
-0.101914425120687
0.457868219294402
-0.271891550590203
0.648768887680236
0.051765706903390
1.213890829906509
0.341976574432416
0.867321290245329
-0.923595084874979
1.352126124420987
-0.144226513052726
0.463016179343551
1.205875804756472
2.627829617798284
-0.981773745842739
-1.263159171890571
-0.648121880374622
-3.371011102212402
0.294269441824143
0.223388945461251
-0.868254566362162
-0.462323132770340
2.247231134607876
-0.292173916338729
-0.630586774758880
0.371089305199616
0.263351998876041
0.521099593668342
0.605225235733557
0.033825179472365
-0.219713242252034
-0.235172161931291
0.679719882096842
-0.715750997036717
-0.094247816668192
-0.824749792505339
0.050008778643762
-0.610050265004673
-0.001837486893569
-0.885303184883673
1.041966603961944
-0.164454058497784
-0.889299946629189
0.673583639856737
0.065395466263216
0.389778834001503
-0.548775211337117
0.166178876455380
0.573984917860298
-0.214927554183131
0.105620390615028
-0.282859946109472
-1.069353133708208
0.252018962769480
-0.487432234450942
-0.355624226500070
0.543531078720776
0.889009953931219
-2.322604782108697
-0.037924618787235
1.993361788168393
-1.360744844790369
-0.684323964194317
0.905697816017509
-0.062425663336348
1.653222151928563
2.152915650565758
1.833035391849196
-0.173291989595814
0.946748836288378
-0.692813857831874
1.033027881273655
0.378128881718090
-0.629085405134968
0.340574176845857
-0.299581065368159
-0.769202509940187
1.034165389496991
1.724139867678885
0.983313601811962
0.901928468172361
-0.207662644874402
-1.659373552189253
-0.668264617874233
0.906996129008824
-0.749599552752858
0.866145122754846
-0.141917635648682
0.003877381410675
-0.714828831701861
0.057321898766557
-1.628681059489380
-1.531789593098535
-1.043252764393240
-1.316924599414800
0.302961490383623
0.987802747172108
-0.799537973934389
0.288161714269069
-0.864283631234476
1.254050108061448
-0.075056826755175
1.130255808414717
-0.443267431261132
0.085454293447001
-1.577700496527183
-1.282633150824376
1.892484326354887
-0.785577259502441
-0.307755953814156
-0.520664070495187
0.908431049352689
0.260647972673444
-0.297858997261289
-0.591349240450748
1.227714534530890
0.870939318258067
-0.346064716587061
-0.196306400944247
-0.832281973160147
0.275088534563967
-1.726002566367001
-0.450085081528705
0.040106853398783
-1.869214347568606
0.356008431942515
0.230189050807818
-0.902996997393174
1.614839760514198
0.536509908799533
0.063512839731601
0.410757516038590
0.601342425365557
0.281202863523667
-0.293689917022898
0.533410888689310
-0.647839458557340
-0.428199341567419
0.041304546094706
-1.261312380806421
1.612249980012294
-0.175659646993208
-1.350386450235306
-0.131756826526853
-1.737134560627568
0.068184461968802
0.904286849442854
-1.236409860251290
0.891937644120608
0.008885564791382
0.581406575355315
-0.865341645360050
-0.872174774683855
-1.364527077081853
0.035711588679605
-0.205966510891897
1.027000814664534
0.736971665454172
-0.451135986061540
-1.513537861705631
-1.121339533577880
-0.726595267501343
-0.016486193286188
-0.606572407199565
2.048415988754853
0.144436232658566
-0.877657635831345
-0.558347995329452
0.725513826852173
0.546310672622197
0.293442330772068
0.359124525648982
0.362164530712739
0.234305457816717
-0.196500784728206
-1.085375342501422
0.099833179093352
-0.796953718640561
-1.070582438548595
-0.641082694129672
0.016562219450465
0.325358646500199
1.076340121552769
1.153128019576940
-0.324542920814644
1.368292446925125
-0.227153737298931
-0.089204638996614
-0.398407860011851
0.683953281920340
-0.791602616875636
-0.108043856681012
0.928145780525165
-2.353247043360119
-0.154369487951467
0.237159840427089
-1.872510308845869
-0.027915195580251
-0.221703903171236
-0.618648819882062
-1.434390239166038
-0.159634414824005
0.172780635232493
-0.418491186196421
-0.377454696022724
0.738765967313100
0.168032697408669
1.142751811073400
0.675646638607163
-0.541699546516870
0.373870140222405
0.656362305250636
0.736317746746878
-1.904490477499931
0.108345938302627
-0.493932073734143
-1.026409435075975
-0.581814504640253
-0.081289714668546
-0.914034266943685
1.002743517490288
-0.680609529003649
0.667274819004074
-1.759655584270961
1.450654769506962
-0.347875831882645
-0.511487064397135
0.541433831621940
0.735076399129352
-0.123047633661944
-1.117057173598562
0.127614634713318
-0.106416196713616
-0.045997899194349
1.717362764824799
0.823986286897210
-0.237308035213914
-0.761921017154429
0.177229995896056
0.163417423344368
-0.425494728035523
-0.953128456725065
-0.203791199465336
0.757956841334284
0.728431795695810
0.498471304208230
0.195978593570658
-0.554138504803368
-2.498227399821621
-0.972764509683184
-0.672161761356077
1.327785246756928
-0.458609843811481
0.005930074824355
0.740742312488478
-0.809068735706598
0.254232685802696
1.254284121556208
-0.294752565625257
-0.682528580477608
1.495773647558478
0.858853634783443
1.097723331830855
0.081341136829083
0.628658811026169
-0.523245075343414
0.376449260990098
0.772138785987234
-0.517572947346740
-0.787573000278390
2.365393339231225
-0.381732435677404
0.081235563857020
0.649338055252794
1.996575147761172
0.603764311851961
-1.699220778093779
-0.509695199064221
-0.502328327297935
-0.919827470118464
1.715191830015054
0.343858297910172
-0.541053878024843
2.048554389973104
-1.828827079527608
-0.777987957528486
-0.887620064848469
1.199925807646719
0.970545629160599
-1.583438856577777
0.833620353599557
0.214722808144630
0.227149037284388
0.181932826398234
-0.309620419482026
-0.089819578124361
1.460894350720616
1.701121648797676
1.632339682489770
0.565567788244707
0.200228219564325
-0.394619537644846
0.441603392580565
0.093691626400572
0.207091821301880
1.363418104296045
-0.867081212409945
1.608278971442873
1.281772445367071
-0.736262752509566
0.722313131917159
-0.881150788103689
0.969432385691760
-1.082784356819188
-0.039049399066234
0.706145466924819
-0.820028247665795
1.324185649680566
-0.932868313777044
0.511357668762730
0.258079734143205
-1.095120657664109
0.737604088417179
-1.536407922461934
-0.661488330767157
-0.919372842500176
-0.763303388636019
-1.004978418490274
-0.009154946527093
-0.496462838126809
-0.652689670309259
-0.026127213526245
1.143269397893202
-1.895359343262744
1.320690744059304
0.053248323103005
-0.940091707724839
1.459878560318105
0.931358828737282
-2.071777906848625
1.698390976319313
0.008180924332758
-0.732552968225987
2.022470962821866
-0.657916346992661
-0.184281214687781
-0.209401779196465
-0.064158820976828
0.315718050922511
-0.272458683189351
-0.817585016562451
0.474162629065819
0.143151761740916
0.827017281766488
0.546837816395314
0.525204552164762
0.828448356974436
-0.272573465802070
1.358667832210020
-0.330248144777379
-0.041978745760280
-0.020221564705294
0.031296811967712
-0.633711637599783
-0.666794356428807
-0.275560648043651
0.823339291568603
-0.396757052878576
0.246340760796276
0.878037506155321
0.714752845673609
-0.391716375437089
1.364869035105900
1.134705990607885
-0.642485455899329
-0.106463527482873
0.917477799672239
-0.871506584652917
0.397490561118887
-0.493971397762788
-1.406349709142852
-1.012887120622970
0.567426607026311
0.259063047688928
-0.620175609893440
0.893100523305427
-0.015242645912170
-1.156947610934315
-0.270817394640197
0.633859364291660
-0.181159861770592
-1.366945681994655
2.048850649511935
0.976958182740623
1.019330685343270
0.102137187319802
1.285310690987322
-0.734996956667964
1.764736017264418
0.037986851617048
-0.575700249243519
-0.782055730259943
-0.545273309235792
-0.870748805218014
-0.366920039439383
0.002085184581079
-0.896572400298510
0.668383359498642
0.506682757438223
0.174902827741890
1.190648513828563
1.049739158252718
-0.223914443276295
1.875966626039334
0.454681037019091
-0.946428222886203
1.010568493632237
1.111342028875323
-1.161805816012299
0.686486591161878
-1.775148853092585
0.750857037731921
-0.488901690876118
-0.829637962920010
-1.415306574300009
-0.448317891720233
-0.022809467699006
-0.288106829753932
0.851222824429200
-0.652183927959673
0.219252815482833
-0.992186142252147
0.891637258391836
-0.680818711950099
-0.456755981324861
0.858866611536270
0.407458342227000
-0.542577172420198
-0.401204839705294
0.863615012843240
0.441723964086350
0.760645239563934
0.410569527142813
0.550331736585717
-1.271365210646912
0.245123344306703
-0.974667242074161
-0.748362350716742
-1.844356029590657
1.158160253678923
0.296936840421380
-0.865149567431987
-1.358382268970599
-0.768739996599264
-1.040000040353637
-0.347925025684332
-0.331590286232070
-2.021653999658161
-1.086096494806535
-2.157427138434225
-0.542724831935748
0.654291086614058
0.782957481272211
0.178247472394176
0.101051401463321
-0.971876788093100
-0.059447775812857
0.817558810387337
-1.587345940754569
-0.145599530405928
-0.718243053633583
-0.297820881170279
-0.348395094267269
0.682710865378095
2.153113419138371
-1.656350014318133
-0.427426679435331
-0.310989217383330
-2.174650764033755
0.323927172156540
-1.443006749414834
1.029228644031336
-0.811019898432752
-0.314383028098594
-2.569860843363936
-0.176740393096305
-0.470617418311236
-0.266511375640183
0.030295792943499
0.328306936914301
2.232726299252409
0.637505326547307
-1.035069398198995
-0.303933991519971
-1.278911401097061
-0.062676340482183
-1.086423888594835
-0.280987606036249
0.696885322057983
-0.663260398182993
0.063576923694000
0.838555262888991
-2.292979838547289
1.205566490752956
-0.226329856126148
0.214497930455237
-0.067709235757335
-0.263798918407421
-0.457126299180599
-0.015532224663344
-2.099376368245607
0.383006707891061
-1.919398544254086
-0.308923723694388
0.191414708122245
0.977790635916477
0.483774769496787
-0.626248139246643
-0.618209825367718
-0.955627701191525
-0.332880723358841
1.880813928201455
1.374610638441846
-0.665947606603259
1.890730764473515
0.245695214709978
-0.266374985329038
-0.164248877129655
-0.640437848152651
-0.302384683312640
0.750276795645575
0.213188068191685
0.449527119350628
1.115833272231069
-1.577457833857353
1.312391957350008
0.381009736876388
0.074441270457287
0.085723332110140
-1.378590297752692
-1.868002805661915
0.307654999627657
1.406860709052346
1.622545563100039
-1.007094624245899
1.460785937574221
0.463455392197060
-0.973760764375668
1.118705136228885
1.138329041495781
0.328441256502984
-0.479152583526085
-0.238331321505176
-1.798979787638845
1.703424735440866
-1.862126106315398
2.138074031774953
0.086604281086151
1.236323014973835
0.304324461022676
-0.586920410573181
0.215678866839002
0.030799072135661
-0.366069470008370
-0.053974525485641
-0.610508925452217
-0.106795731110410
0.763177102981665
0.244849396854949
0.736777419538852
-0.823577290686851
-1.297882061266792
-0.658485715832427
-1.342440397040640
-0.592420763999167
-0.473848503307135
-0.602672931669370
0.284468481136826
-0.222377810048194
0.518420426869437
-0.018687340954730
-0.625714591963480
-1.467475061584622
-0.658573496229937
-0.052768310236404
0.417477030180105
-0.365303782203722
2.323539158958957
-0.239685288739817
-0.131267977243398
-0.449005909414176
0.247933631633138
-0.190553259620545
1.522456397350203
-1.295356713268772
-0.342862534178394
0.576541787054282
-0.311384191892664
-0.966179242171420
1.170563999718538
-1.725293452826276
0.305009478459833
-0.295474239670743
0.885582768500492
-0.395923801412676
1.182275546094148
0.074306095555048
-0.668372454075446
0.139457178247574
-1.173326634654036
-0.484136956329607
-0.220844798648564
-0.055876697614966
-0.176838593801793
-0.977633074030045
0.583918291489214
0.794804769431265
-0.849000888965130
-1.092323140353824
2.184036816691504
-1.517365415109553
-0.190002887269139
0.225131809268279
-1.717279499239829
-1.086276988698298
-0.231458276365022
-0.467018226740331
-0.412426828548623
-2.185601768380009
2.001298863422044
-1.202289544275216
0.489543981046189
-0.685254462896255
-1.053457169006241
-0.793217453228860
0.690551701496385
0.759200907527896
-0.325760076231704
-0.330238288461570
-0.190200347928728
1.913880711658843
0.936418933958823
-1.763232319766930
-0.810418498208516
-0.223378721574416
0.850299227337246
0.351898236533253
-0.600685349649203
-0.407418602058186
-0.038008589412418
-0.583590579743738
-0.048654995187307
1.422365550117479
1.713479697023883
0.311471841371188
-0.645242338050799
-0.750802199812363
0.247108592908927
-1.048407985867075
0.363673818727960
-0.656355287142162
-0.432396745708123
-0.031672294134227
2.132044941281407
0.363698997126309
-0.367638993697472
0.286379702735205
-0.247692504088061
-1.918334502108265
-1.022068071981345
-0.072066540890545
-0.583926336537909
-0.183670976499790
-0.451023179041027
1.282068824013385
-0.329984360891617
0.595575495706409
0.302881420191610
-0.379486216629528
-0.136168160257636
-1.009297632354096
-0.625471617605606
-0.839890486067792
0.659945402325109
-0.769820866538747
-0.312201511776424
1.069106198284210
-1.012459214988140
0.971691889243504
0.088105348619956
0.673139484619604
-0.133696170335121
-0.406242699873736
2.673898696941318
-1.440387528884756
-1.944097534102974
1.098323248953915
-1.241347867369295
2.432561379362988
1.893245382476840
0.066440645393911
0.044247604861881
0.036620717468287
-0.421449715526136
-1.242792720298946
1.739986931446063
1.736248725070210
1.506391110739557
0.513229124542903
0.237228019403314
0.292115925831762
0.165822953906372
0.826246960866104
0.101776958263852
-0.855753574534528
0.555371154891245
0.338157875416646
0.379653731907204
-0.700109683721566
0.877695109407120
1.009422453139426
0.244740308443101
0.055299836350339
0.193405453797892
0.852449249628294
-0.166122881893856
0.666288836109736
0.418531101469063
0.156061049838590
-0.501253439151524
0.345497580799926
-1.922334082875042
0.715801905287185
-2.654379796230007
-2.087956490624462
-0.502733450707708
1.658128403024664
-1.016893337765971
-1.900515692415183
-0.829821338604164
0.297452646138458
-1.694533535001818
1.655340160421210
-0.199119094407876
-2.182391578790018
1.206940881606323
-0.230651924828160
-0.627953601132378
0.427293376166642
-0.260009328570215
0.579972835967265
-0.815479276132852
-0.131348381173592
-1.645631942134431
0.677344193060013
-0.094373637433596
0.403383006182877
1.346390598393809
-0.106095616547002
0.127878905373968
1.339431443486601
0.420443184082229
-0.835777519647527
0.091590158599666
-1.629262949372954
-1.292116083091569
-1.235578655136207
1.239892279043720
0.871651468407402
0.381953299372833
0.263822961793774
-0.278242441838638
-0.133892967819832
0.090177469648122
0.909122870164072
0.925823018521285
-0.242891834327609
-0.631123010175916
0.211246378247195
0.406235381281788
0.857013396881594
-0.262335315985211
2.042301379119903
-0.669123880849660
2.264502033256150
-0.872141308183849
-0.388375062775926
1.853243465056420
0.026247366168508
-0.377640698945893
1.307341529699831
-0.193488823225273
-1.426512899822850
-0.703897758611919
-2.574238874141368
-0.986992387890936
0.330378189742209
0.372206458583223
-0.722784134027740
-0.124441812628596
-1.796101999424137
2.028194906943768
0.146657253698912
1.251577568923054
0.365421498909667
0.837477043621957
-0.328742049871865
-0.094795007049952
-0.441533002297089
-0.684204111132730
1.093154217100942
-0.547190113124675
0.576775699237993
0.907044172403255
-0.718499188917827
-0.192768289275878
0.741675328140197
0.636876532222603
1.188177980097810
2.373217590621196
-0.338391886209825
-0.364999970364687
-1.073677095310109
-0.186842489479627
2.649443387642741
-0.750783433559283
0.301189623586523
1.036143160422610
-0.398759282820462
1.448836845161078
-0.143759389896840
0.049463150443073
-0.874339187042804
0.043553786810952
0.712036122892388
0.540493007080839
0.270874350586561
0.240277480760448
1.582125785271879
1.398469912984835
-0.274827972308188
1.065909963542113
1.616760616998144
1.232350641440738
0.361445289309433
0.223247881442247
1.863962266143324
1.451295454117709
-0.225569258593239
0.257170015211438
-0.388900940119837
-1.058988032014209
-0.891391787033588
1.692470810048298
0.240184357628475
1.679903096542443
-0.985551157835059
-1.144471457093299
1.198948151572701
1.075498182021649
-0.119496441304404
-1.134499675870173
0.736794944871936
-0.791168069562597
-0.491322635523833
0.488813568686010
-0.183081454601101
-0.388261368046956
-1.392687112711109
1.977937973243490
-0.106846959777502
-0.138796727391627
0.689076417541062
0.601173502515010
-0.435676414020841
-1.893338289326510
-0.569377594185244
-2.280817466789142
-2.160062388503942
-1.034621481493895
-1.133912027853319
-0.157630547134522
0.235994740707638
0.426993417226974
1.491998763334069
1.403243482505267
-1.036744963894071
-0.517221912887286
0.272623246300957
0.567051143779338
-1.927538572327456
-1.683349535677882
-0.007376771429474
-1.307416290297462
-0.508813472954336
-0.838592601939282
0.388891742301995
0.584879335242452
-0.914374238280669
1.163948949210744
-0.641132158603784
1.166549546515219
1.087151087133116
-0.111754607777758
0.769692101690477
0.472659452425603
1.207434260038732
0.864063442153940
0.406031884611535
0.004754738879821
0.279771148906725
-2.270833850546913
-0.601067796864810
-0.684365380657129
-1.723795868079156
1.010757305347883
1.097920492777486
0.156272966342015
0.943860305397775
-0.011226314149458
-0.429658429560636
-0.758777399040709
0.213882234046857
-1.028085624121881
0.784990996844049
-0.145350971686444
0.570762394398254
-1.060934083555481
-1.014884010765090
-1.023703599129296
-0.342301992014438
0.572371753236850
-0.212559899737359
1.107296230638554
-1.330041283840376
0.274419086124368
0.886303570386632
0.099741195652132
-0.852981862105514
-0.255109293046122
-2.091867095698445
0.701119542058763
-0.347533617509153
0.151304433522417
-0.517477944926870
-0.791273883475164
1.157751230507983
-1.393254341265923
0.525121711766832
-0.903887495888978
0.529769067569827
-1.380891044638323
-0.781121420088649
1.147394620455917
-0.353325594162368
0.500740713373475
-1.357556536728930
0.399141265249098
-0.185041969328108
0.389803122429620
-0.584522772229297
0.683743803233367
1.688684986095256
-1.542042681689117
-0.950414556246477
-1.614510660488807
1.040957418022655
1.171589054790878
0.664577722241685
0.743812960926815
-0.625788591229397
-1.149863236932654
0.487582824939252
0.947147136828640
0.798244571554850
0.105574970421072
2.720536132263565
0.649932410192966
-0.654539570972398
-0.722683428764555
0.083014398792693
-0.568773844437069
1.122030786769008
0.908805077674879
1.023292933910021
-1.384920083777412
0.503887784284481
0.858699123171588
0.166861033370222
-1.642137470197358
-0.957203602060423
1.712069911796670
-0.126016336592633
-1.120821294317777
-1.131404458396943
-2.362578303785909
-0.545950628215923
0.511626120821302
-0.734429910828348
0.853773640436653
0.058574498590027
-0.152858530894622
1.144329600523209
-0.324940106536069
0.523921776024159
1.288841284320202
1.030526591228589
-1.157889342369364
0.022606134772473
-0.991493353321355
-1.943884936207796
1.322662328657289
-0.097146023671041
1.516698277498583
-1.011997113154499
0.163561073247034
0.401091473152868
-1.155511329375674
-1.587867593320770
0.972479863825841
-2.097872251584171
0.964391437051362
0.528173978852804
1.492858503857379
-0.969673579915973
1.409303019853687
0.382370153690833
-1.103131683787011
-1.165979017033490
0.107576583748991
1.314398917879929
-1.606158834540329
0.458624931033174
-1.681439731385627
-1.025450009437261
1.343255323665988
0.535944279539986
-0.995967165390756
-0.529225313465194
1.877292732903300
0.843005007416149
-0.833633889842887
1.366211322655762
-0.698426260241012
0.293762602607235
0.344897248928228
-1.756718044901908
2.287925003413932
-0.863800348048877
-0.349562357733766
-0.184079992288169
0.314068879678657
-1.504851803778951
0.199537888326572
-0.199914012325775
-0.429641676103783
1.485126225945615
-1.674987053347261
0.255312293990745
0.015893957469994
-0.116656208439851
0.250223581615307
0.174032233053924
0.432278567593533
0.307487125995706
-1.032072133627158
-1.787071014368716
-0.501779720852953
0.879645859142447
-1.068628320693892
-1.064778500864392
-1.633316668036745
0.923668313408325
-0.819237274799940
0.738042319290854
0.082000337157653
0.176152478931294
0.754260907433618
0.643456300390250
-2.336339084445967
0.292046506274008
1.772747723792069
-0.525334783844920
-0.353062722049043
-1.393705179760707
0.252091389915440
0.708712178890398
0.518143107148527
-1.222741571204283
-0.912538817132716
-0.071983100344466
1.152264144767761
2.693553224155843
-1.294076487736906
-0.723216226489738
0.251365355494085
1.490166723736111
-0.161141940078517
0.004305358825357
-0.617459669814297
-1.110672275880279
-1.046004010946731
-1.188740750851993
-2.704776101444126
-0.917352627840093
0.282438593791793
0.268462783889642
-0.021754197941816
1.782379024163207
-2.360652230242898
0.450887375670671
-0.064399417750269
-0.270964703408347
0.763465172940410
-0.168520755807328
-0.230614570741269
1.819359541240241
-0.275765472084574
0.161761948071842
1.255938518848938
-0.063525138873367
-0.274974974740626
-0.427850321110174
1.275453845271292
-0.579766914193331
-1.006223666750521
-0.724359958706234
0.752015690361297
1.384711162275206
-0.305473066591497
0.570121872846263
0.410770765522415
-0.487435903022338
-0.631376777701420
-0.388940165889434
0.457895325023796
-0.588775925965095
0.804237337359704
-1.837268656927132
-0.430776608077519
-0.592750865578395
-1.000446189497587
-0.963471946377212
-0.639568020225805
-0.244103510313338
-0.557175607558952
-0.172599259968250
-0.553120939217182
-0.337548384529584
1.427332067082116
0.642741826030447
0.807520342188773
0.229590460991021
0.820535399047713
0.011444380878913
0.289095888429382
0.106202069884393
-0.029455614156109
0.976844070871926
-0.002157018097577
0.701857475518904
-0.350035941148767
-0.146716323337397
-0.093480379106152
1.679939859596096
0.357905848896060
1.157962583229278
1.348262711943216
0.145376148403856
1.943176130460994
-1.843696033637282
-0.085491405256033
-0.953850118721368
-0.795646841010494
1.243802633586483
0.103232281533819
-0.683091876605633
-1.556750751757913
0.249427123880747
-0.366178208417140
-0.117221077674456
0.610033458851421
-0.378362955055396
-0.064619482344881
0.018854580141202
1.088253443972684
1.354507976460151
-0.794237928173091
-0.368360835565284
1.142900213859753
2.772970808612253
-1.398928751105585
0.501421722184705
-2.433667927029906
-0.102325164831551
-0.388718959458666
-0.211886660871044
-0.970512996024886
-2.398096204758962
-1.204131457317410
-0.227619718074889
0.487980468138497
-0.497264237382965
-0.394337248538162
1.096492473031282
-0.616091919413800
-0.925859178405262
-0.344150524332308
0.356932174868269
0.276256391264481
0.848915532999552
0.333998683822721
0.608798856510973
-0.956541356724178
1.392901960269119
0.109432965643923
1.466013055093914
0.154588410026391
-0.899092348428512
-2.305169329922061
1.290796799007060
-1.042534342428383
-0.257632436177605
0.608634193934040
0.146353915194191
-1.149528284281927
-2.917432429546425
-0.339218880487414
0.424066523886611
0.009797087617859
0.514574661283966
0.942232496394745
1.970027256045935
-0.414627149104919
0.335325845440627
0.492009671859749
-1.640451156272418
-0.871312248990722
1.626439060548325
1.154936282066924
0.598652246641736
0.631209175542153
-1.030217929119577
-0.476462397122925
0.129335088070480
-1.689940911431366
0.614503200103364
0.218661435928019
-0.353825574780849
-1.190261262658839
1.288050818923407
0.417814188507401
1.315356813856282
0.181014280411402
-0.071398077046286
-1.587999011265590
0.252438868788832
0.252081013998206
0.427712653123618
0.124008868173288
0.447414193635283
-0.303705440845179
0.581597426706097
-1.584322288102796
-0.099497639577490
-0.923549184841477
0.393054270105969
0.365889698206846
1.448501293975369
0.561953656177969
-0.598415652956136
0.389426211189985
1.233652795394795
-1.352822959146473
0.106636383252974
0.406819006773736
0.943458974010145
0.871035546493647
-0.098917650845498
1.329764235068886
0.981703297271386
1.265751910673755
0.686282793020207
2.285348527714664
-0.316143315540596
1.848594479385194
0.494077101153887
-0.215030418099755
0.689534197415503
0.818136267585773
0.165499635079442
-1.784602952752258
1.079124211464042
-0.455721916655510
0.136766741225562
-0.010698862135027
1.061219168935933
0.269597083698795
0.691811986370444
0.000901647705801
1.335964468782005
1.737127322399642
-1.598958805276140
0.325889154921081
0.852879186574526
1.500099370579205
-0.629286595780824
-0.703431742481400
-0.030643645204010
-1.138042718400539
-0.627915809989379
1.089972717374751
-0.602163561643449
-1.712314538619490
2.122423246465951
-0.702353511982420
-1.564596508611684
0.874996805847566
0.340282183025981
-1.060686242203978
1.901586082537144
-0.921975659135317
-1.780901443714950
-3.302496821778443
-0.795922251790128
1.355758516341759
0.159948378315320
-0.253061914162630
0.322727083755378
-0.542551430385451
1.288309052989058
1.121391984519514
-0.148244819360429
-0.483546146435392
-0.097850597758642
-0.139463375179296
-0.151349092359449
-1.587520843863853
0.776940329059968
0.338881453916585
0.140850468272093
-0.176008762233380
-0.543009927312726
1.561923321091578
0.599353169644754
-1.689457653704048
-0.018168078940542
-0.094185879923875
-0.270359798220451
-0.060053443580976
-0.658673174292326
1.785574605681926
-0.594388159184004
1.868729833374928
1.268727156531918
1.222577325105739
-1.485443566337054
0.111166652107405
-0.740877756490202
0.952765428745009
0.973198085325888
2.842210312501823
1.606019525505300
1.213837390051629
0.164888739700150
-0.244311128655213
-1.258730717304345
-0.583830850158428
-0.521831114230856
0.035753257298177
0.485154785274042
-0.164081996570860
0.158713137848085
1.130895549492543
-0.628136474787062
0.287637304220786
0.125275301710848
-0.077856186042343
-1.077592286004790
-2.889389482603167
1.237348521975731
0.266088500073407
-0.267432856982611
-1.127545344434171
-0.390268495770914
-0.301037850669318
0.167114473909670
0.008521638163033
1.032779299651302
0.276008279850515
-0.917970329688250
-0.525470473475214
0.775790637036640
-1.174831048671943
-0.670910831465857
0.544315891396747
2.062113775156885
-0.681139827145243
-0.111333022343651
-0.200935037187370
-0.101600068966517
-0.374229617409186
-0.046820269899105
1.494159728785649
-0.494461615318745
0.279790991121408
-0.430706656031372
-0.555130461264005
-1.055577934771202
0.048994482112853
0.582566170595417
1.420110723169394
0.547298370811028
1.160832176091329
0.714226873632285
0.304417851525486
-0.584126094511789
0.736997889998341
-0.230338330890538
-0.252926865477543
1.182213851098936
-1.760170935034988
-1.476639838138752
-1.870953324677786
-0.693928918807669
-2.630397755318378
1.290445399469771
1.404249745803325
0.843163764170078
-0.913700024017507
1.555424632601158
1.244230609677721
1.231577755597307
-0.812145249545290
-0.294532305037003
0.649534571981510
-0.719200799789960
1.032679858154688
-0.870602547906689
0.421887896722912
-1.283967245979445
-1.200000182117948
0.036990555276095
0.070214361938158
0.238361191207063
-1.582050737387808
-0.052799413395128
0.396230115501228
0.467743784940269
-0.876648119750154
1.528354895811479
0.675204655755109
-1.615237246753100
-1.126039099120712
-0.581778426948935
0.596170768124401
1.160214173645955
0.409763240889404
0.638068272848571
-1.446607554825114
1.451599159919805
0.479576531844891
-0.928713152905131
1.323674328688256
0.669499400692793
-0.333084930000188
-0.232741206005357
-2.271810320979696
-0.780542165123440
-2.874718399185769
-0.827468683915469
-1.589013186574717
-0.090585100709710
0.724794774144484
-0.481449479210209
0.448102857587795
-0.074153449759546
1.506914246143771
1.736567302130287
-0.150751699731486
-0.593431742336363
0.358767057675730
1.078606427018676
-0.032347003949136
-0.881361402866397
-0.383256334931217
0.689546641600031
2.787135794285763
-1.145483609252252
-0.119826470716932
0.126531790305785
1.124639091843116
-1.075924466252627
1.048995603633579
1.607551365363876
0.197362453870124
-0.043046371817550
-0.418481053692841
-2.071868412542789
-0.310943911070253
1.197472137157668
0.071462691143130
-2.874635809158824
1.304203562523022
-1.119642223811773
-0.138595446411135
1.130819256792068
-0.557953207203828
0.119543765468373
-0.007652986651220
-0.833622154770131
-0.293610772154449
-0.653577040370259
-0.100652689401541
-0.126010809247661
0.543768864291839
-0.182389038132146
0.369606105677325
-0.758367521349814
0.103504598273656
-1.435566372322680
0.697441215696422
-0.111125362937784
-0.000410183100069
0.356149527398997
-1.885253757152771
0.308758949542187
0.103664636124255
0.053788088668040
-0.190407582116718
0.035477291285013
0.923714282912004
-0.374299403866624
0.238450581812903
2.255735700012878
-0.519230511999974
0.831767566050832
0.181470220666553
0.393333784363705
0.042928114073298
0.394624069655425
-0.728565083944825
-0.775538257980803
0.462596331909363
-0.175810058036942
-0.017960586986681
0.226630253258500
-0.618929351596336
0.326013400705413
-0.930157515273808
-0.502420074317782
-1.071828410502281
-0.304273203099703
-1.181542438422775
-3.033147477702619
1.800318130887667
0.500057331343796
0.322193743915652
-0.931775010680115
0.403111428559063
-1.217830043067639
0.349105130781317
-0.556896818044241
-1.132862434626623
0.322116869108178
0.552182846021523
-1.538743932929202
-1.002461409206763
0.700037065919698
-0.684730330210624
-0.346188204690016
1.579004662187836
-1.449580352149723
0.154869056522647
0.684485680062143
1.156892335792367
-0.688023693794329
-1.231596355666838
-0.436020462609254
-0.387087289921738
-0.507425027551018
-0.934509168319341
1.109045424249017
-0.194392203734629
0.027486993295774
-0.395206615735616
-0.459035552233705
-1.277664523294209
-0.072688093641378
0.317648551342879
-0.719443908506668
-0.140393121674000
0.205952243073931
-0.631611460395969
-0.649225454715576
-0.674721001461405
-1.462709395245829
0.907059963480387
1.963782834760383
-0.166854662969695
-0.515633312185797
1.852309533051590
-0.001967161281658
-1.258787561176737
-0.191515835170753
-0.715209428573319
0.129403697617982
-0.077829900467312
2.389764804818162
-0.572398129617629
-0.684090239505126
0.070413180451471
1.007523135034720
0.010993640551129
1.184280489951081
0.672459415572954
3.065418951529745
0.236010019346416
2.255809547208995
1.030254721908013
0.673691340788075
-0.057233990883217
0.546260975019295
-0.386790742655432
1.148768346994385
0.597314781583654
0.376752102749586
0.741957766027237
-2.905212538104632
-1.516721808953947
-0.886595338600794
-0.400192396807636
0.997619597342257
0.025090410067181
0.905062215232443
1.163202431158469
1.215629307628209
1.019960133276759
-0.352702745384905
-0.790052282571348
0.340885650477906
0.588159732332016
-0.435207666174194
-0.210936999598279
1.007409288101002
0.993504369973878
1.734893045314480
1.325368406384168
0.999725533885042
-0.677687582880720
-1.581522066140751
-0.742295957459670
0.560664469455712
-1.805031262381902
-0.648360937128453
0.008489880056904
0.590902316895333
1.704630838599555
1.514848597103751
-0.962055768192796
0.812884237584181
-0.869800293556874
-0.070091327010240
1.224638736595615
-0.669027753590300
-0.740692470285981
0.135838975766688
0.773459080768884
-0.254023727803372
2.253854363285450
0.984681448404833
-1.625831368983603
0.529040080598889
-0.211280301163583
0.102974830412136
0.586886622131050
0.287238164579049
-0.063422014068625
-1.240666750984326
0.375555248138992
-1.560089478025473
0.011590252253414
-1.464560891137845
3.009794690065076
-0.578157929417917
1.385275232053613
0.719992639024926
0.325179543144185
0.494218205027528
-1.003902242165036
0.431896041107345
-1.135984479990920
0.278254056857219
0.127910362004995
-2.310447392114426
-0.543192621650560
0.636736862667534
-0.005574158614209
-0.780640127397936
0.985753453136318
-2.093091031799564
-0.398875361821791
-1.283817937770890
0.857891175300936
0.914257628504686
0.791155534051062
0.263463207246790
0.523448131636616
1.122723266794236
-0.338163081790541
-0.215693936015163
1.483148034741303
0.477709086231553
1.205044589954059
0.503943425568882
-0.196158662503541
-0.916901809729996
-0.127672751583625
-0.675956981394329
-0.081272625498219
0.103860561673245
1.081501058168278
0.472005796457831
0.176299376064326
0.341369038574341
-1.378581272137862
-0.787632168245131
0.793743591570473
1.306756577225245
0.033159096790578
-0.273316705144021
-0.689403005719874
-0.058720683866755
-3.392945138954267
-0.590336798347892
-0.701220680785608
-0.961960510517181
0.254460902490269
-0.294111983267483
0.821512529282281
-1.619815669177022
-0.505931395641171
0.615548449635770
-1.281468724043181
0.969835072415155
-0.085150909696722
0.051160516338151
1.019534741371947
-0.963729589829173
0.113839102542838
-0.040809950656639
1.081674460101163
0.995924866836495
0.722438910179390
-0.656688371534260
-0.885137962301793
1.162934931930321
-0.219796772553264
-0.518582385179704
1.273466238416272
-0.158390077535280
1.664916675813788
-0.597590941071380
0.659621737150538
0.201339436466776
0.048548748527060
0.164830683189499
-0.656608773004557
1.461960856830855
-1.760173156100630
-0.992368731067587
0.838048807803853
0.831813066310623
-0.214720950344989
1.284375379651850
0.995624799990888
-0.353190830793836
1.483649927987508
2.327465136500544
0.054876273195838
-0.095197178776098
-1.001310391976299
0.374232045381264
2.738075929675431
-0.494191931014108
2.031374469166460
-0.975150257345537
-0.194338658681070
0.937797057037103
-1.291155798958958
-0.648331611316219
-0.368099634657655
-1.057424709218267
-0.498136940725207
-0.340170129895065
-0.649206865995359
0.581059125401730
-0.895373495809305
1.886201649174390
1.645682030535375
-1.305150371325788
-0.980820554789834
-1.519421857790802
0.390838675183962
-0.593204578297833
-0.475609242227391
0.564694224421270
-0.831694011251129
0.010140192854778
0.301904012165710
-1.235821057986406
0.797728509687194
1.437512989243608
-0.724086310591143
1.486085555259321
-0.618123695668651
-0.211374426865222
-1.132285557790522
-1.131238231936187
1.524290701268572
1.653977180613625
1.110297621447402
0.056422032485594
0.278443710548835
1.689294639488563
1.675074545263173
-0.960731652835776
-0.083501007006030
0.883814205096375
0.806963941194719
1.499694074598242
0.097715015648995
-1.494267842985167
-1.109176403197127
-1.219625728519437
1.131878937373436
-0.181359017856804
0.265823333011222
-1.093915804746074
-0.315613600575899
0.195269112805773
1.524715909431932
0.152446140341512
-0.824819652027796
0.624273615535504
-0.750846144724527
1.356785642585024
-2.012244421908060
-1.026058566864720
0.989487810859920
-0.117890083376726
1.251423246931105
1.412261689723923
-1.310146812144987
0.938758158871055
0.835013187788614
0.834165795927534
-0.927139990768852
-0.430399914115965
2.103349131836741
-1.672255988703583
0.650131818157016
0.648400773126833
-0.875736666318859
-0.404496096066568
-1.113273534272617
0.000867324305582
2.373789482529947
-0.954600908231056
0.674280566539901
0.732718298322918
-0.261872908803138
-1.070870008137564
-0.796870107909199
-1.865937279409936
0.951330599038940
-1.635393193146103
1.304457616394091
-0.259220157629534
-0.801734702540442
-2.212941503167039
0.339019631442391
-1.154412828701632
0.239865376975152
-0.907341609511273
-1.108883411274447
1.146672777437736
-0.817566849745614
-1.205316469846800
1.866693060498090
0.947362632059808
0.742655257258983
0.344645227847184
-0.186571900977305
0.305670749663005
-0.994617537928639
-0.196269835714384
-0.907221187372712
-0.133195886113793
0.211684758466506
0.230466560601409
0.676329653803631
0.781894071417422
0.359650286958991
-0.204182689463431
-2.105496993584824
0.548506135689742
0.077411837841469
-0.090370248483425
0.368673921542423
0.990846824343117
-0.273676624127019
0.017761827735358
1.896345621731148
-0.585126036646586
-0.674875857402721
-0.949564937106728
-1.097495948869595
-1.540623262428441
1.273568537844965
1.450300285306797
0.437131975374518
-0.186907622975030
0.581356587658823
0.358247368910088
-0.395547523735268
-0.236865167886191
1.092069370470961
1.125537662988400
-0.740707926569391
0.762311734547101
-0.552334069368810
0.009817831269167
-0.252551514924748
-0.588504414206064
-0.432309239929184
0.136155036225795
-1.745247623178198
0.040930660548734
-2.397334154574280
-0.146126970607920
0.486701609692011
0.958575241157164
0.990161002890379
-0.787482162871670
0.742505501122923
1.033600791694210
-1.130793298879425
2.015374300874742
-0.623847875035464
0.002529637747337
0.524849557738841
-0.832857300350600
0.022396061185299
0.966636173832144
-1.182608771285395
0.641863602029571
0.131103489074301
1.192552037785096
0.819969876646556
-0.131220721976234
1.033108555727980
1.318512402648515
0.746429599087293
-1.165373978115374
-0.064433939253845
0.830027176170619
-0.174142078783264
0.224622071721871
-0.792682912479330
-0.527203367357738
-1.455052242501870
-0.171970656653852
1.996567658240307
1.162050827739707
-0.425875594904376
-1.901631252023682
1.693072764659072
-0.573168636781254
-0.081205871861106
-1.474662827472930
-2.267126492271883
-0.111953284622868
0.778195832397448
-0.528284635918699
0.260352514884965
1.459815062362104
1.035537714890554
-0.054987169421291
-0.865556689596568
0.438791561007982
-0.062353362689845
0.348296415949845
1.378935249099856
0.241428372044443
-0.806025548093180
-0.010752013329933
-0.150900055474407
-0.282226968609248
1.401883289501211
-0.505809894789137
-1.698405451352357
0.622494926170912
0.813973022907787
-0.240689963618993
-1.461695696592489
-0.436403668810060
0.017750774434878
1.113406171857213
-0.058095444178309
0.662449875722704
1.256230331083783
0.063668353597531
0.271418461641852
1.459769838273240
-0.774334013701083
-0.779810237094308
-1.550549788363747
-1.871790315143438
0.924641389415546
0.641817656786517
0.946077311636855
-1.542881433970390
-0.603450410534520
-0.990699667455152
0.023247871009997
-0.176745252407349
0.623064676620137
0.336698304543088
-0.305737042819064
-0.964369287707390
0.208678841296262
1.551797235472274
0.561425923062789
1.794720706001634
-0.205336978331105
-1.273706390422862
-0.519010108316513
-0.549407004759710
0.202329001952981
-1.093072256817941
-0.339046644917431
-0.868915699964822
-0.378111570831659
1.535345681581604
-1.416572191776847
-0.967322714787747
0.411410877377860
-0.182827183370395
0.141604392826296
0.814508770179183
-0.701758208965298
0.335918368926402
0.033001874161827
0.656853893114325
1.095786053491154
-1.682619898177939
-0.465588552414942
-0.164329223038338
0.295072524406977
0.521424384669411
-0.168833301522741
-1.289702673661212
0.835129217798194
-0.052197206365065
1.165529670017112
1.704452950289519
-0.465063045934155
-0.140639585824208
0.647445465502430
0.311989597789200
-0.712118848567921
2.288249215825055
1.106959226354911
1.813639202737982
0.510253944894439
-1.324704256967099
-0.126860988968602
0.175740637571433
0.895552143677292
-0.390602938705256
-0.470635741759588
-0.742847426923883
-1.255627201620746
-1.024266529312901
0.081005745544971
0.912815979009468
-1.412615795315312
0.251921819589401
-0.017174761854408
0.248487566018691
1.316033887131262
-0.974998903430036
-0.255856614628465
0.102475348748213
0.666529970184288
-0.053233834850778
-0.754867387334624
1.307741358003597
0.399692988283762
0.417800581104534
0.505432198176982
0.477780066235092
1.183278978027294
-0.297731236985637
2.145350586959776
1.611944687496421
-0.839130599141361
0.196008578254847
0.030166157708454
0.070033252139537
-0.307030602597200
-1.735086521922991
-0.665321217030862
0.246764831349183
0.500323066983337
2.103871069481359
0.977347928007725
0.742957714005867
0.022811440260599
-1.107936406155927
0.802771524950803
-2.202579664962975
-0.440318275922371
-0.318820685000735
-1.051668776154334
-1.211557896377387
0.339431232543145
0.082857398104712
-0.219856072805242
-1.375446114756029
-1.023702910847369
0.337196494851675
1.561082035276107
-1.187577357581477
1.217671208454926
-0.567616498638866
-1.587703505879926
0.110376237616545
-1.396814279296730
2.124785874203475
0.544458136860369
-0.546367955689602
0.329377541180947
-0.251933284770763
-1.528941638517886
-0.673375541934520
-1.213197657257222
0.953596742444019
-0.752838424192760
0.017098965483884
0.150807592068724
-0.994653500924971
1.221940315053829
1.058351517000738
-1.206630610432860
0.692054198897855
0.115893354144233
1.808370162224013
0.866135542747587
-0.693980186627943
0.911942861859795
0.763886817588232
-1.230345582241940
0.461206138104549
2.370138061947971
-0.448610434425669
-1.405798503029081
1.165757849251145
0.919028799173393
1.070422452599217
-1.730742242154171
0.017387827653569
-0.579801964489683
-0.109885555729731
-1.315442974622735
1.847670493411970
-1.474746679518510
-1.320348784053956
0.301164639387001
-0.365575252505537
-0.829565452818579
-0.031486600600784
0.221059964640527
-1.167316414882049
0.357383829736202
-1.017362512286685
-0.519192391615337
-0.549027411060758
-0.990362725759126
-2.476952032453370
0.590795552768662
0.827158382273112
-0.008064386715551
-0.967551672796369
-0.632140185806534
-1.263821720321690
2.328024676018736
1.509063168455214
0.022588510958869
1.103176928400990
0.219163533167578
1.068175948244146
-1.854472211665028
-0.104694166133140
1.149694333918161
-1.293985385106835
0.665769662889099
1.225272221731648
1.712245965593072
1.206499451918475
1.340527437776988
-1.217798722487967
-0.286606973834211
-0.081722732523626
-0.217222702288507
-0.249732633344955
0.045593297883899
-2.429707048409119
1.393487183119802
1.515804838155559
0.156745454198448
1.668831514434781
0.639180644951856
-0.146241216048930
0.081950494743944
-1.042133237603497
1.589614766965415
-0.684303235096811
-0.307786735996903
-1.388904733998293
-1.986524954547982
0.603383449401731
-1.047112268221787
-0.447012012511247
-1.091628506635455
-0.068879935645138
0.142568812443965
0.035264714966044
0.032124642588061
0.585524688099371
2.140219324843335
1.973021738982890
-0.485988054393705
-0.319382011578606
0.228133546627973
-0.255831863949957
-0.598174201614612
1.236407173423582
-0.662722372574029
-0.585466011326836
-0.699954466500530
-1.270380555627872
1.558941475906156
-0.581098603037168
2.712651880330649
-0.318311827680267
-0.060405421103133
1.526145513720453
0.147507358548104
-0.090474675002595
0.596439212183872
1.343800823343455
-1.579216314989905
-0.220752828113477
0.901697479586771
-0.520896492900387
0.675343670511371
0.339534625775720
2.357570951884703
1.253021076823168
-1.266626266485265
0.297761729336795
-0.596988881207904
2.161283354480825
-1.553687690022938
-1.111146291635672
0.556925514943691
1.118950485937497
0.060726426677401
3.210917571276203
-0.521672675759883
1.880586483349745
-1.089756890855354
1.190893253120960
1.669572687286109
3.628487190916028
0.896330084456866
1.244394666210169
-0.129181846142059
0.270608904720180
-2.114167480402683
0.568852326329785
-1.149138759773356
0.617130816868564
0.928804184468942
2.346222745316136
-1.140066833540251
-0.094874608866569
-0.334186689224120
-2.536692672371761
0.592820109780417
-1.214425043897598
-0.549592394639179
-0.161051118725835
-0.006445342889596
0.794386097881706
-0.402506405921339
-0.719249702670470
-0.000875055374024
-0.798001968693294
-1.036148420998670
-0.699699235671920
0.419896561642423
1.167629942704147
0.421988160956914
-0.439620376142765
-0.542398028220741
-1.155538433081086
-1.826339169918857
-1.149927908916881
-0.116520830329466
1.149499481665325
-1.702306335256548
-0.331686124988161
0.960343046956825
0.488440475213889
-0.387899504322981
1.266615415405864
-0.066709666669470
-0.625609042248813
-0.055074360662438
2.049725802602210
1.881733839595250
0.192052805637356
-1.349349048153776
-0.673363714123353
-1.062889377146120
-0.409139214230688
-0.204667970363808
-0.979826637178348
0.455559227000807
-0.596726674476348
-0.945426999444460
-1.786949129891738
0.834934644776018
0.970736205288688
0.628048518534505
-0.625345406859190
-0.491888598903043
0.673808972281421
2.079744313124856
0.067455951485622
0.466569686491931
-0.816018315078230
-1.081061834690520
0.765598711150305
0.557497187814082
-0.400875657224268
-0.299331782741675
-0.479006247955193
0.437660644807689
1.912075489293218
1.885101964221745
-2.043315995859134
-0.138489289929401
-1.354380281428759
-0.501942074180738
-1.010969210534766
-0.231122369132988
0.910727793297959
-0.097989392388490
-1.277454241724066
1.664869802835329
-1.068412643090857
0.677480908707653
-0.991734961232587
1.529676304405453
-0.278371898250888
-1.054352337449584
1.051455597704709
-1.269496049270893
-1.085145702901974
2.011441755929441
2.203625434681129
-0.039430822907799
-1.224628096239722
1.832849901866716
0.469693849089467
0.240948208392682
-0.496947428620750
-0.234602810681031
0.778562691503262
0.699106697731632
-0.413396204077714
0.431224562234021
1.653382430667901
0.037693301156385
1.782855087032849
0.204795144095218
2.114666290993715
-1.263979814142784
0.402812003585343
0.415235669968011
-0.005761895560625
-1.168723364616075
-0.127724326374577
-0.675352426035151
-0.417300734704350
-1.041417513897405
0.624410884038526
-0.269696393430884
-0.512868294122700
-2.102708725935050
-1.258901679359930
-0.117050665323018
0.027722247848040
0.204854885817429
-1.452560744222658
0.284108036073842
-0.157586289202814
-0.337600675453090
1.572866408170563
0.844736441429704
-0.787153549108711
-1.219930276821279
-0.604857146233060
-0.362989778376123
-0.587199949067272
-2.244625407218360
-0.303426501886477
-0.631886392372138
0.149325027616010
0.745088030804994
0.052387033156114
-1.304196229216325
-1.758617225254416
-0.577076493494665
-1.199749334162761
0.273167453379135
0.964747836148481
0.738204583972013
1.169167624103478
1.094985202181307
-0.736981878657268
0.010809276132197
2.441137609801736
0.871363888491871
0.001191840858405
0.683815906168917
1.644658305397904
-0.329095265549529
1.337722750130510
1.198128635592746
-0.046715806542720
-1.236612794247485
1.198544090349455
-0.530856795260418
0.745945624076175
-1.280666138729980
-1.081990277347664
-0.933689236152773
1.442267891133014
0.769323973557408
-0.202086669092721
-0.137472897907068
-0.475880135597106
0.802300298253072
-1.023640333089599
0.233298537165875
-0.409928611311617
-1.189257832067256
-0.902045789714223
-0.539661707303015
-0.163316957529118
2.403641738943212
0.807490506980175
1.057292397513803
1.348706646969761
0.737936942727169
-0.067465036653574
-0.038883544503099
0.619728810234871
-0.550838472207274
1.031776967583493
0.610287649222177
0.801896715249076
0.238086066094647
0.101763603583119
-1.222394605591847
-2.400281872392533
2.662499120810299
0.150543414415421
-1.345832998140821
-0.542058444689133
1.837981670221286
-0.200118599461889
-0.181365136824586
-1.059790728727767
0.096697838007037
-0.270389985894103
1.250055494812197
0.384924725648646
0.718038757654663
-0.358137683446562
-1.322888113779506
-0.229561285494742
0.859348347984019
0.704198611490382
0.178591601213411
-0.120750244064520
0.600186205038805
-0.267235286926157
0.112352726294582
-0.100115645449717
1.202299118490983
-0.970127732641183
-0.393108359005497
2.612934670233775
0.924786447792933
-0.438492075637748
1.157922484259712
-1.963355167156208
-0.971486600099973
0.480490663411442
-0.412445374461970
0.179548979207222
0.258417342495399
0.703738163167305
-0.346697580130325
0.769760146209882
0.288628971167949
-0.301886740855030
0.532744474021906
-0.663615604795316
0.628846836566915
-0.472582562503237
0.087850377831888
0.596282580069966
-0.098080269567720
1.201094602445145
0.317830779123113
-0.820313585550225
-0.880660726375865
0.546815289259483
-0.076351549020249
0.276649515503609
1.140363832736663
0.298682201336846
-2.091117473392061
-1.355267882989444
-0.418836544379193
0.015321248956779
0.302815107952356
-0.025823210561592
0.293481534614904
0.816019076025237
2.050345056020830
0.453255530973358
-0.512332572246244
0.976223070539741
0.189381681653570
-0.454835501024732
-1.323347377792918
0.461095073287150
-0.654773141308423
-0.796668733184542
0.287725566056171
-0.165258068170005
-0.388727058410946
0.067137917909825
-1.121247238664436
0.516727133826489
-0.647564647563226
-0.677924341559011
0.867824702301623
0.586075116250371
0.044218177274931
0.119431347476818
0.400074446222037
0.464584685041292
0.322800977021450
-1.201010935592158
-0.424184211569408
-0.786222561925325
0.190480324537304
0.330251585493602
0.531626892119009
0.729100531209427
0.673540168567832
1.691821819334909
-1.746634742248445
0.420582499309621
-1.605901273947318
0.335713185580797
-1.139189883932982
0.172267669675882
0.099549996390521
0.754852925292728
-0.544741240909108
1.928153268998966
-0.811883991097060
-0.266484377181076
-0.137870203302364
-1.172821157181152
0.349038309002054
-0.186691285541475
0.315439794318122
-0.289335703370932
1.050630554708810
-0.354787300774385
-0.463207784550578
0.000778107776528
-0.270979079327446
1.104657495355146
0.529433530483357
-1.233736156393861
-0.866484315280853
0.317317645020954
-1.461558428996204
-1.411727748323217
-0.010411232802488
-2.168884141578738
0.597807959469651
0.201958029880707
-0.621889870459045
0.444292484176421
-1.214270902362395
0.633351046189510
1.208108601589829
-0.610451245816804
0.103008641898924
-0.469973243889144
1.133951888845309
-0.305967353217760
0.305289746602234
-1.283401968511843
1.765336848944317
0.057830241903826
0.150752595574405
-0.437360251072703
2.314502082924388
-0.475659050818445
-0.461190586461876
-1.167390786352919
1.342742805644749
-0.381180604450323
0.057454149057932
-0.809048838715146
0.566731130780512
-0.700676790576878
0.698038945414378
-0.338611587503374
-0.668106382870243
-0.175475970878506
1.177028594569521
1.627516828915777
0.560114385867910
-1.426120392973785
-1.621227454946378
2.207924396897396
0.178835511239026
-0.113949391741703
-0.490809821953095
0.116168581501758
-1.116141404354749
1.049727631749271
0.898747583601817
-0.982436248510258
-0.767844212998531
0.128792245378297
0.671260837191364
-0.966459212359980
0.465035044098181
-1.270800410022645
-1.408966279948645
-1.591235238818686
0.354824895154007
1.142460560516276
-2.848576785862600
-0.362156799805618
0.539032739380685
-0.797157527154178
1.060729768381921
-0.177329756641916
0.763445652234287
-0.576997523617741
-0.126794949057287
-0.264430935331558
-1.739245548831805
0.318769761855119
0.263403897394333
0.214428450344803
-0.383368595106690
-0.520850392990547
1.283413997222467
0.439066338397723
-0.499851780468484
-0.385680843924221
1.232224625422042
0.645832936310900
1.134584760239729
-0.268432410319658
-0.248785026000409
1.129288907342948
-0.443634908410195
1.532657817962686
1.242271439429282
-2.445923602518455
0.212712480811410
1.257575001450694
0.800855897737067
0.088164923841676
0.763895401289471
0.397115911619778
-0.954098128308657
-0.867414690896484
0.482815952233431
-0.067319450148260
-0.402033791925281
1.441535566726291
-1.327111588079850
-0.930176195494543
-0.588092786775635
1.705418642749307
-0.174388607069546
-1.695145389578754
0.274395816678558
0.259479998231503
1.802023812450404
0.818380089025218
-0.957815218025661
-0.455408586488560
-0.718345113814118
-0.850562062691876
-0.759944180763124
-1.568931813568815
-1.617321068548487
-0.443125643243763
0.466618574194031
-1.385438817398171
-1.826651413433696
-0.821128536017909
1.694152332983418
1.288040412543666
-0.362451241147303
0.552682832963744
1.931791709435205
1.252499806187949
-0.155013922143988
-1.330245804680769
-0.996735314029996
1.452305715434099
1.666134513338337
0.480665301246282
-1.041853006719126
-0.240481942424248
-1.568638514816082
0.531888205817955
-1.154219634084038
0.475859375076641
-0.072036879133573
0.281884744413348
0.883991780108935
1.008266851723285
-1.401434636504856
-0.594532766284122
-1.847776060290957
-1.354490714657049
-0.069243099909883
1.067292520864488
-0.525807322848921
-0.761831511616843
-0.550085938154627
-0.111581918361874
-1.579389841977834
-0.482681443744721
-0.972970606382137
-0.601230848888140
-0.232415399137079
-0.188272433296777
-0.648648751193743
1.195035841691900
1.756038910869009
-0.038444855813360
-2.720425688592487
-1.997027445505657
-0.472698067140882
1.692523339140293
-0.525526623990110
-1.257026423115746
-1.437998413874265
1.622316388373601
1.160388819418446
1.026168905158612
-1.999722248027652
1.034083987048427
0.352710558073676
1.814130394566810
-0.144700480211304
1.034506756072181
-0.227488241719544
-0.653991945980060
2.160096314974582
0.261254596970422
1.906575028868352
-0.900163286416145
-0.162172415886519
-1.795066451145548
0.787246689243181
0.402507134370321
-0.412676853627953
-0.704451039474192
1.781400686726982
-1.409066332935213
-0.070623063784941
1.326596144482898
0.268042178945936
0.694447740316133
0.241419889471084
0.212594280065553
0.854003983039032
0.872074862541004
0.531514181706763
0.490808820060043
0.256979998311228
0.820535584147119
-0.985764112793254
-0.274554746291119
-0.067099350727564
1.919666118265629
-0.180450849024086
0.384845132948036
-0.977374784150901
0.328934246666965
-0.388896128247747
-0.056568938381834
0.476139572558831
0.568667063492832
-1.122728797034414
0.328053473861224
-0.669599543222944
-0.635262522875067
0.051731358218589
0.550024668488441
0.272084205201987
-0.281429316862383
0.697177443524611
-0.631134530920515
-0.764883259909824
0.018904684249229
-1.094138018862970
-0.441159892446271
1.225677536346724
-0.184871005036050
-0.826421026217587
-0.283851381909227
0.057244349266975
-1.045118893764370
0.602289592418588
-0.606800889038663
-0.355479671352460
-0.056741508586575
-0.041137900447005
0.099397926620777
0.885532827832291
-0.560853294748886
-1.724416468311638
0.966151956367256
2.393002299445316
0.498059746686564
0.358703118349515
-0.060050329410621
0.835340821256723
-0.157684586453587
-0.203070370848013
-2.249695002741293
1.139866105152914
0.915532686818367
0.983256760027354
-0.692519367871965
-1.125057357131565
-0.666906709395594
0.002314171145588
-1.202729187240760
1.530701016522458
-1.298277160731139
-0.667898705258836
-1.015712086066641
0.107702196640857
-0.223488054435541
-1.357384180976821
-0.064324384948889
-1.757687204841355
0.046401021372475
0.616263096623907
0.328967682029078
0.059288835378829
1.909365419558763
0.539103852346639
1.129107196077804
1.452683212655138
0.721839311068599
1.762660938134304
0.623791855666192
0.350592827948061
-2.261365338622555
0.639846129106678
0.973295902502902
0.263178404704567
0.901143302538578
-1.689493781519889
-1.325692438445073
-1.705070849563424
0.895699159663791
1.298940116326639
0.914370794214751
0.305753014982257
0.495343267903254
-0.142615582878742
-1.243767533047066
-0.075343187084854
-2.110772917998928
0.178327005296047
1.347518992841445
-1.151413871358636
-1.626678445505982
0.790760727267132
1.574786255253049
0.461426235354371
1.189805249953983
-1.130586885589487
-0.140914039581312
0.607638467374945
-1.089410934485242
1.035388580462141
0.386012429907384
-0.838072731575856
0.310583550314492
1.391700544863397
-0.976388836776886
-0.313100482674158
-0.474285094626057
1.913327129410301
1.282195614677003
0.615555459417499
-0.322554531764360
-0.297677229356535
0.897248913610384
-0.227402262679853
-2.334988415606084
0.617836185037539
2.656172033484393
-1.354406645180511
0.023409417705366
0.775438368392849
0.897466939620437
0.354440988614285
0.383312920264642
0.052393955791482
-0.826781209394414
0.389071105038866
0.549496685384900
-3.577331376447716
-1.767837521522131
-0.784419291160615
-2.022358374677372
0.652275696725357
0.629381769211450
0.750117907128638
-0.322810695855277
0.561766435775125
-0.380067423308915
-0.998886298358122
-0.784321594352409
-0.087223416441564
-0.284354579426728
-0.963540073417615
-0.026887480340216
0.857123151449711
-0.622846567901863
-0.589585106870955
-1.067942299501528
0.169405114029531
-0.814027470165699
-0.683406745641075
-0.341463575570927
0.744035768778293
0.737613604174143
-1.205639086562108
0.153775413802201
-0.979061961155913
0.528554925616161
0.403950728861108
-1.672051358784340
1.570784017857997
0.825597305996747
0.706092366622738
-0.467019217958950
0.880726075394223
0.411468411307392
0.253021389701182
0.110508061171358
0.139197693000329
1.539065875676038
0.978121612789252
1.136828152720321
-0.389832020827943
-1.350949720530886
-1.312177237812328
-2.141240693394973
0.569086066188167
-1.935033514524496
0.483775943458142
-0.294500614873734
1.102365801641401
-1.200722951246444
1.690314414424124
0.399439086474598
0.408300625857143
0.941019716207003
-2.680662824163826
-0.397620301895610
-0.841602972839053
-0.208674824223385
-0.862184429030873
-0.012753927712166
-0.382127977652220
1.316119566916041
-0.130735827414322
-0.989368713046005
0.502376282697630
-1.786403692639847
-0.044308250905569
-0.956790966103185
-0.446068638246846
0.339363094380241
0.172252480817877
0.148848089253506
-1.634834428406366
-0.946538321949017
1.255291321829059
1.663016043860131
1.645297821691472
0.339515420274558
0.190984397622746
-0.516757813658513
-2.938222430283489
-2.773215839096124
-1.174513049539953
1.348444550292279
-0.304881182864216
-1.484519688570495
0.657032643404156
-0.811902000579780
0.012660202993583
0.821365285429455
1.199126265467375
-0.721595608504802
-0.244564263931234
0.119567723243216
-0.101132601706704
-1.232598698627938
-0.008793301985990
-0.669882343842487
0.180118455530043
1.064812644846319
-1.650453208624024
-0.663379013879292
0.238711800721290
0.173507901085406
0.982434871329968
0.652738655041091
0.248279002403368
0.250996040943798
0.283578616280481
0.939577198789392
-0.657536109527956
0.041608583452815
0.759941042129738
1.234162925873743
-0.422925250270811
0.109284027317215
-0.268793278001365
-0.247930195997007
0.160594845454488
-0.042372999402263
-2.050361153440549
0.429399211833625
0.234350833888999
-0.564708037321790
0.293179207474736
-1.699198145370540
0.387663546218717
-1.946215785103396
1.070171222106298
0.183211188388789
1.458785452674408
-0.747681346370900
0.106535645036773
-0.580883842582356
0.058302969054212
-1.120336556453298
-0.123290424699184
-1.377808784076617
-1.606430200267753
0.253160162892896
-0.051566761295824
-0.028921057214338
0.101203565813556
-1.186604208078688
0.323756783681504
0.206725450216958
0.715879046381742
0.750297314179744
-0.019420227773798
-0.261666208461347
-0.983493985170584
-0.753795451675812
-0.144744025328102
-1.956603996231310
-0.276750169203756
0.975654803776235
0.413464109009559
-0.630998613648537
-0.768787777028307
-1.782818732555312
-0.949623692386910
0.463517673189768
-0.138626544638396
-1.777094144643639
-1.308081757713419
-1.269719653917993
-1.432124319648453
0.197295570135449
1.831835814523635
0.011704800002350
-1.043888007091184
-1.080056246572808
-1.201053527741881
-1.622798417595575
-0.077170787667271
-0.010783351054106
0.752721704273459
-0.425257351514344
0.585210930070919
-2.394201497882444
0.807147295730050
1.015715999340836
2.377041794677399
0.985630029915567
-0.710439881177587
-0.742864398169536
0.421547420854772
1.333056526918537
0.902723830962963
-0.480081474901377
-1.037885940190505
-1.701531666398666
-0.214413123479312
-0.994755325886136
-0.413293349821569
0.486809237551309
0.597585012819580
0.716922982885569
0.949901988670461
-0.921459715170778
-0.260886879676030
0.324155310704767
-0.030853155909313
-0.728148127084639
-0.208136701321314
-0.907153536350972
0.113366144452884
0.817725799791808
0.686643481627155
0.133858658953821
1.751132562659416
0.713584897812751
0.475613467278948
0.094670922476242
0.599309704027945
-1.014902478763393
1.317389056667716
-1.557061996861664
-1.794485360335597
-0.009249442203688
0.684549706358674
0.250568681567231
0.643846591932597
-0.542005558505930
2.407961228943355
0.070175801444907
0.910510718375123
0.003593028527101
0.956450850730902
1.335618853228611
-1.670594314303310
1.084572383229200
0.207433679049505
1.393380553467489
0.778154534273249
-1.574460948085624
1.497689100214239
2.178797885752668
1.226584514323704
-0.530933699308404
0.685076166174623
0.463347282130408
-0.924976159794611
0.105117379549326
-2.138719937408974
-0.816180953081406
0.650427697655822
-0.230193750869313
0.806377675920297
-0.942365398732662
-2.033175976124563
1.873812212940400
-0.022298651753337
-0.451249438452141
0.347795888345548
0.254851181655989
-0.045295594425152
-0.910157525478386
0.219616632430496
0.839387055754106
-0.288742852840385
-1.118987030309457
-0.640232185629726
0.542408146172834
0.138349331260219
-1.123538126063719
0.324411031523755
1.174175690821744
1.583223926970928
2.120149092292113
0.957604299809072
0.012619159250155
-0.187505307785984
-2.226076721983051
-0.181695973991277
-0.735078356149462
0.367305632728239
-1.813210454652404
2.721118956828684
0.230271423817112
0.973410325360350
1.993076208342912
0.320384296818445
-0.184820933483764
-1.472077322922881
-0.216679792866317
1.209894062971383
0.841553906626137
0.484695566476651
0.434380498980953
1.143136606557134
-0.200146522211101
-0.728919570383559
1.161393732988890
1.324093627318815
-0.847713332782086
0.628172291074335
0.297959199661554
0.189105998248060
-0.488108486403533
0.337075041742986
-0.702232335352824
0.366382033244970
0.982819806566364
0.954818469706423
-0.770973210888082
0.611124989906420
1.069735602131324
0.103561776193593
1.337379664291391
-1.334089712428490
-0.079817196957386
0.700043419795628
-1.098638955721392
-1.801683217058602
-1.590929825597649
-1.476514790310300
-0.463447079857720
-0.576852345897229
0.552710701280782
0.733603037681685
-1.277066674948191
-0.315176966171586
0.633209528878433
1.160453389030472
2.276049645250718
-0.596977563181127
-0.204737843910672
-1.123611019437617
-0.353051895918162
0.176240693798524
-0.114609131432584
1.006067370569843
0.219455918233110
-0.152072192139404
2.288687524147259
0.201721699943154
-0.489387972467079
-0.098416243851032
0.280640901795900
-0.879494282010093
1.265009184964793
-1.142801837020877
-0.231076895818464
-0.346828949299169
-1.001936126404462
-1.618119917524609
-0.700782509325349
-1.826377432905502
-1.880168318833675
2.229460815231961
0.217128810287418
-1.066561464506146
-0.579125013825465
0.316258899549772
0.247474016353712
0.344373318838745
1.505185836454852
1.046737060136624
1.045053017732985
-1.409662260521611
1.033924058252464
-0.182787052174848
1.780009102025086
-0.934034284189935
0.118678154988454
0.535626661316471
-0.050416729877411
-2.007706897835133
0.359571162849516
-0.420114323864076
0.174932697253445
0.677290974641402
0.488006835869852
-0.010780054400001
0.310196886930830
0.194217128816943
-1.059412392849019
-0.755827285581623
1.325790796858878
0.071708110576193
1.254284569052056
-0.647937960679550
0.219195782341994
1.650845977761099
1.753310991702351
-1.565935592291267
0.724960598224200
-0.919314052218350
0.525936377752124
0.812748610118530
1.548581698557691
0.786208767621857
-0.104378358286497
-0.757569176256663
1.604642434968678
0.328478401772733
1.164847604536144
1.231840657250590
-1.226690374253690
-0.636441393056792
-1.303345650492795
0.101613070381100
-0.049672348825026
-0.048839796388932
0.364620482141022
0.948367542778948
0.097316007447090
-1.310931030476449
0.355140107064737
0.201917364888169
0.498869138561006
0.036793778802536
-0.873651665212467
-0.305587651922556
-1.605764974339075
0.918941435939327
0.449707903572072
1.113431263440509
-0.305770919324953
-1.302768368665148
1.055236844925429
0.274955531856054
-0.533181050793218
-0.225654295439395
-0.425409455537000
-1.322031928736898
-1.033375877572394
-0.454956118038781
-0.969744962492746
-0.453249837314856
0.360484769858699
-1.080364274554629
-1.288994883572673
-0.508836236403807
-0.202071206832867
-0.728206365675063
-1.046823413024901
-0.836327555175032
0.008695649131711
-1.291637490821910
0.365254491913428
-0.945060816941214
-0.134675208390584
-1.498042865328064
0.930842652414418
1.477369749996250
0.357370895262558
0.663593888099751
0.222540652387200
-1.229609813926831
0.413727811913413
-0.659450194717416
1.015605816765024
0.316846211647218
-1.334332849473278
-2.201614447631851
0.197307810745118
0.545836468989573
-0.890688967624173
-0.527084064495878
0.653965012925436
2.583323941849436
-1.176907202599726
-1.661672970763503
-1.259116925428121
0.417139722920813
-1.095198080317942
-1.695602373397805
-1.928285375437758
-0.047885240502633
1.834514042692178
1.196742598094494
1.053997507920916
-0.530852093441454
0.479079182470435
0.759468605374106
-0.997415929388888
0.272105175440145
0.270861349454021
1.050286517698337
0.126194741627019
-0.231586806341853
1.275846105003010
0.473388535152812
0.297529147440352
-1.220592384043678
1.784357058869442
1.038530323923216
-2.723899981481310
-1.231193598413572
1.529615044911101
-0.085946374977582
-0.071055800834316
0.147402283668443
1.174746867051710
0.197558603763683
0.765834161698062
1.176397086020522
-0.021664431668992
0.131577238613694
0.101666076738259
0.438560283868312
0.022034437503937
0.152878796592952
-1.330334296123869
2.085055720525542
-0.139562778373873
-0.396322792141637
-0.391599834947451
-0.503654391030854
-0.251218752314894
0.571339150928263
0.232141827209985
1.034486251531256
0.412647151691870
0.466784885991457
-0.026915086663926
0.579891720590612
-0.622287840310447
-0.542764225506042
0.204258338566670
0.142531735530375
0.799748844411989
0.578493280620231
-0.327366824155081
-0.304973669269373
0.204103734068487
0.569704294789040
-1.117156847558785
1.250457795598161
-0.596124270629876
-1.292821853362205
0.719782497297275
0.647894998208349
-1.026714804816400
-1.035562758371149
1.262836406489330
-0.013464915575495
-0.676634755505975
-1.136182858759225
-3.229637298698190
-2.324896446903887
1.044638239487980
1.887611731011767
1.185667865318975
1.776130895570246
-0.311569329638337
-1.379330845758936
-0.285830740029761
0.683530865363283
-1.387826071194642
-0.487394843501260
-1.539927932116356
0.023533638350122
-0.644095438227072
1.031856239803820
0.437300368626762
-0.473707065727577
-1.467442828741904
-1.007584166137845
0.569296579133444
0.997739073967597
0.574572640131460
-1.097169933862627
0.153170107690880
0.113840633056702
-0.129932665742736
0.418662566753222
-0.060735796934254
-0.038809042765307
1.090939012026681
-0.245346535876380
-1.781796101336765
-0.634485510884130
1.726331325938397
0.413216958568599
-0.249476197287745
-0.039241237092823
0.010498004571621
-0.487231110545330
-0.189685890607680
0.799007550396858
-0.351517913020863
-0.439991087867985
0.265112338427462
0.662808815630748
-0.238387838138820
-0.468881146245886
0.494495444400433
0.846978998916585
0.583053316507009
-0.763961649942604
-2.482622998263038
-0.347484586291098
-1.471097077802812
-0.455951900899284
0.736799565059215
1.236176243686525
-1.158311552005449
0.194949562119870
0.737888884855159
1.089451978245151
-0.462024717968145
0.274846428228804
-0.559277781410252
0.687446651254712
-1.774530956006424
0.379494264421327
-0.661815098543217
1.233126045464261
-1.715136281971323
-0.157646529592029
-1.832736093960533
1.154182493313637
1.061622728097594
0.428244501679922
-0.289150493123905
-1.556808144357322
1.640952605618138
-1.085722194836503
-0.333132174327991
0.951804411050318
-1.883187875137149
-1.286363158396381
-0.227031452647160
-0.895153486025072
-0.362250185446540
-0.500982867901764
0.741677869380283
0.698575536142461
-0.358108805281031
-0.699020826604413
0.887722893200936
0.544946051212876
-1.045976891105151
0.248295877666563
-1.052308062955583
-0.171536831482151
0.199715418944374
-0.919505256389278
1.272751387129929
-1.810789385974739
-1.722912961529425
1.163814923669863
-0.886141344054789
0.247430277049151
0.878033173632191
0.381544285127973
1.640141546485606
-1.555633268849216
-0.646511747651094
-0.731061478506744
0.056323942836842
1.364120696071247
0.140436912448783
1.746008694803251
1.545244433627919
0.445932718537294
-1.158579711784311
0.249245244439026
0.942135406956457
2.146722216435856
1.284121299725906
0.202061693622340
-1.031001355728333
0.486186174945969
-0.217322867699117
-1.352461020215538
-0.185418246622187
0.191627049227393
0.600751485382797
0.377110660098456
-1.077837518759343
-0.180282361644325
0.000980293653636
0.530950081433335
0.460502798866154
0.608392254528781
0.457089843987862
0.257655726036533
0.564409311289152
0.554763029573635
-2.172163587124367
-2.464646869729184
-0.388809052644980
-0.262373523549580
-0.561393350612511
0.173472389152687
-0.560713661860284
-0.317041427041066
1.166442969719022
0.036974933913044
-0.174361044656801
1.356857290176441
2.028974512960569
-0.054086702273690
-0.007294345496124
-0.193475682119650
-0.611867092652257
-0.410094560176717
-0.137773632511479
-1.256059145602459
-1.056310142870626
-0.441153983976560
-1.188122308790764
-1.065668336096383
-2.090023027772554
1.323280846219994
0.054118664513669
-0.350071994789465
-0.876469977986402
1.220549096956498
0.447773269361315
1.408528157399241
0.921432361304139
-0.225914011737208
-0.516708889597867
-1.562957109328828
0.816085129262335
-0.727944286720823
1.033690263267783
-0.617290869470863
0.422023082254251
-1.217171300751335
0.147338710274419
-2.580092364521929
-0.749819642508436
-0.099488167341467
1.146303906218810
0.714978211729493
-0.012628592284182
0.243609072976346
-0.488616682287458
1.271953673141881
0.094687581577283
-1.368875687906645
-1.484436125923983
0.628504742330253
-0.574125058853799
0.824891022631977
1.191426574367795
0.029450452309806
-0.668448469675628
-0.700617738168237
0.930718774442554
-0.354273303288303
0.140813066379342
0.170347092613357
0.643003815484453
0.433598896526064
0.055459159474275
0.324375419288589
-0.103634322393387
-1.897223489549119
0.311905625421742
3.048668865165602
1.717883741125882
-2.350333546529982
0.543357078744623
0.093277783759586
2.112608297844843
-0.046869924809544
-0.589972337239653
-0.101014388165058
-1.889027873231643
0.149715773780259
0.670592362728883
0.087864035149752
-1.080043739970818
1.270238648744609
-2.082482978642516
0.668107045292506
-1.796841518332699
-0.017510333991528
0.117610805591382
-0.531920797377954
0.066239848062211
0.853234512851317
-0.826074885106138
0.781738601550962
0.025642621000417
-0.648122171151111
-0.354585786129754
0.304901146058492
1.008862692167644
1.371930956440334
-0.060798522899258
-0.418361228048436
-0.530163625384737
-0.151843563969546
0.051300072165404
0.040644634018656
-0.281887146776666
0.341305031724740
1.206145634737828
0.894537052095161
-2.682774544424357
-0.488813293350662
-0.240486838859386
0.303116618188016
-0.074329092515013
0.207987667939360
-0.384354446032299
2.211717659634561
-0.296963670943127
1.912815913080841
-0.956390843263912
-0.154143092246528
-1.396241144671313
-0.108328095288907
0.297939272254898
-1.146359991776864
1.421130118548488
-0.397208816514836
-0.903639054899494
-0.657466612413778
-1.597702212644106
1.173438456054527
-0.110863756148765
-0.700671802356724
-0.585115486634356
-0.818600543903609
1.168723807129217
-0.736087072111658
-1.169864497399627
-0.398209708447155
-3.119902093432978
-0.416289753590187
-0.635518852618667
-1.086832200020575
1.511728598296793
-0.898899810166935
0.024460239809645
1.398498322874316
-1.787486091245404
-1.650678822781419
1.062458115262622
0.009303019094743
-0.804735373822860
1.076219569342140
-0.472628963593104
0.392852604433915
-0.468917856880644
0.319742200891394
-0.559155439742234
-1.000340154589753
-0.442736148244110
-0.225410006955452
-0.081538319809618
0.544374426348724
0.805927219369355
-1.886214238273376
0.318124883122672
2.954531010518711
1.626303515469929
-1.379497518223727
0.262295336534690
-0.019082615062630
1.319289327264461
-0.635655065159331
1.328696189661916
0.919364731653238
-1.196922244055634
-2.544533092124583
-0.839593447815540
-0.544727708036671
0.380357640228412
0.627903685769024
0.323659371781906
1.135374227259596
-0.550384648475197
-2.180089902580781
1.472409337811504
-0.546924159540811
-1.981578879311041
0.911726902323156
0.240168580917074
-0.950249205493788
-1.198409597986247
2.478896399304232
-0.471331776284309
0.953759929744477
-1.966590050235971
0.936666846046289
1.204686547382014
0.051111212567067
-1.508180769002125
-1.013532848608118
1.649457374387475
1.693915162842645
-0.451931073038633
1.472071653460335
-0.692895779657794
1.468949254232067
1.583844107161321
1.876024067039859
-0.683788117982236
0.798781437006855
0.505121782393068
-0.677060490349229
-0.188045637071944
-1.151995780288353
-0.576526637223585
-1.212372651952001
-0.340879658199709
-0.001820345196803
-1.101913520344222
-1.257254738208536
0.437397783479358
1.396541813261222
0.006070670426400
-0.591460425442323
1.401321600604401
1.500582275527368
1.402811651453795
-0.652198785263538
0.864512239224417
0.563952888359641
-1.357702128874301
1.406370987357540
0.075392644144312
0.173459680354974
1.609005897666467
-0.147394305295485
-0.705689356405901
-0.802863312142626
0.863893217179253
-0.089323789976015
1.121857954105952
-0.813179415734465
1.914905036794814
-0.793951261391359
-1.733340229322391
1.878644942966897
2.426802733784908
1.851048469015917
-0.265991136530563
0.076037785541092
1.067197913428777
0.621169958344229
-1.322717666257545
-1.222984105746474
0.835849303996752
-0.915172432519875
1.089178988446995
-0.611014433517071
-0.754957560410480
0.263281246412239
1.524319972323759
-0.468375750387277
0.825000786922186
-0.150609693766663
1.307363297391854
-1.906732426654651
0.624643325250568
2.128774426103535
0.123708238149290
-0.666447994870165
-0.700929100385538
0.184842036833646
-0.948137557291001
-2.421908019361240
0.132036064072633
2.872700408051680
-0.549109465482295
0.049137795872687
0.070934086832246
-0.771046245521559
0.389969458475491
-0.940067383330952
-0.016175940277012
0.515383611851081
-0.499075956919544
0.736084883489446
-0.808361438850163
0.880502525340067
-0.344026290032525
2.031150516271326
-0.814939811305836
-0.562643409405629
1.998604163851337
0.972392723820849
-1.135391414335561
-0.549797730136945
-0.179009110024473
-0.023510783692623
2.018331607473537
-2.518901133322362
-0.038378605783898
0.294705989199662
-0.657853713839583
0.197525409065289
-0.470015308828813
-2.727313821886933
0.737200223125366
-1.535372352841551
0.186561660500215
-0.163113241876763
-0.632838305028860
0.533181853359713
0.238965227976952
-1.089354777812873
1.146784793975457
-0.133549141245206
1.330801905484941
-1.305005168660224
1.727121785983937
-1.210804762013731
-0.021735921052093
-1.293826522260698
1.342386644249226
1.057416409779181
0.056260165766329
-0.862534084872599
-0.148009005550127
-0.015617405862995
-0.979818523987008
-0.000458862157599
0.366943537295791
0.076078407589175
-0.122175671253290
-0.449981315631899
0.448091793849860
-0.248502268514917
0.963646439012444
-0.034542286503401
1.996920123486045
0.602481091257187
0.183927262435558
-2.071907206893425
-1.945364043684833
-0.449457007544295
-0.743853820580025
-0.978798659722350
-0.784937165640662
1.205009566122165
-0.771912021684701
-0.051795231655888
-0.058822473595739
-0.344724809169070
0.126191153955493
-0.634707003989748
0.617810536744642
0.857617020748423
-0.132881484296314
-0.359714596959129
1.420878016438095
-1.315933803845075
-0.271972059428108
1.070173666518125
-1.022406413626513
0.052896267111373
1.767960581262801
-1.263260588853192
0.865227857099496
-1.035783913162490
0.484281416645173
-0.151975744964119
-0.510342512665996
0.647190485470972
1.146549355054228
-0.494311516926880
1.275793337944863
0.041779393732529
-1.088241568809057
-0.282817045002319
0.807693086510919
0.062386678806372
0.507022903101950
-1.191423681417591
0.607957421192978
0.760317393005479
0.664722233009603
-0.162897922836769
1.251338165642553
-1.274949921163460
-0.050154393714711
-0.538725770292129
-0.387312404912109
-0.526941803820335
0.963148640136353
-0.107897912582301
-0.115193476139595
1.102259587983774
1.778916282572224
0.409832873955054
-1.445697006872461
-0.250947675570078
-0.594165099716167
-0.255213958382389
-0.849204118186764
0.716805513779483
0.852520374239527
0.111597898580513
1.898468718003754
-1.245137716113127
0.669343250809671
0.569325636448623
-0.149406895384613
0.558698258239711
0.963074650997234
-1.101789485899579
-0.011016750529832
-1.235890465187395
0.304937103937106
2.488480016664088
0.501511164982800
-1.524062639937046
-0.944219013942721
-0.042325971116404
1.510375187794006
0.150943054324164
-0.393642946869037
1.038610450102450
-1.874755372415766
-0.060596960345493
-1.500028635816907
-0.668787120060488
-0.271120016317778
-0.557352853472605
-0.409601110017849
-0.841941655258750
-0.427970732335740
-0.800650566525686
0.205639817199225
-0.043064522129999
-0.016030620743189
0.442035261955117
-0.721622858465089
0.704303775998697
0.010106406288472
1.763621816096312
0.826168605449092
-0.148331890634908
-0.158688891771526
0.669524096485589
0.211693087956755
-2.067651183801313
2.282847254052554
-0.034067821112889
1.076608706983901
-0.221358398741942
1.152006241374507
-0.384047832250600
-0.143305624054508
1.222840780077845
1.211519993775651
0.950137840590354
1.096348552188375
0.608558866576198
0.904976042372730
-0.741521194857786
-1.366802840297149
0.260156370229815
0.997244883007501
-1.431626578207223
-1.173295740216641
-0.622375331654830
-1.029782555737878
0.071222643552823
0.548427763343546
-0.703287060373680
0.294931573205226
-1.090267801630973
-0.382662176933946
-0.544743726913201
-0.829693051649400
0.262677626011005
0.472921405490677
0.236459720819659
-1.318541796772117
2.005044356080043
0.373693965622594
-1.272287470939065
0.968979080732995
0.771844826807200
-0.523382699249385
-0.213448289224784
0.990211936424072
-0.145265039532578
-0.735976609756685
1.141212352737944
-0.126761044270356
-0.724701207148931
-1.102899956871273
0.401732791881859
-1.492930650871707
-1.288583203054135
1.575868259706843
0.563425984991740
0.609648120661316
-0.839234212322641
0.427696111153914
-0.504685916066763
-0.136299054885999
0.375904995497090
0.190048926785660
-2.822228781643389
0.008769797082249
-0.405876633650505
0.195484599030242
0.130750893458216
-0.037409239894405
-0.856623275742860
1.341984367873235
-1.648748775147259
-0.577031353933615
-0.865858661607641
0.654606519829264
-0.107264235528969
1.431309458857214
0.588294594284471
0.984671032406459
-0.995250402801642
-1.011395992738039
0.797916827792377
-0.972756642805625
-0.695468785188860
1.055885139493385
-0.898736617909166
-0.875232419657859
1.405156059205645
0.987821967026055
-0.004222678506314
0.382360664843181
-1.154756204326921
-0.027984579676759
0.676104455218175
1.087799657522989
-0.507748820576186
0.485846590411039
-0.927275392392657
2.463106321343590
0.470895707869070
-0.816313778536739
-0.203871323207477
0.288041655887038
-0.541098819523098
2.371410255422761
0.043812028996159
-1.211747010081660
-0.909691606376057
0.719019107727082
0.938041349036976
0.328407442817647
1.125166542344053
0.167634919096124
1.083795172752508
0.135207971733735
1.024245542278797
-0.329889973032703
-0.882252732431073
2.088045740099441
-0.649849564114720
0.003832102897608
0.494152794355589
0.174673117518546
-0.279527284158367
-0.296964396548079
0.468218606712419
-0.096403327086662
-0.728415707888150
-0.741449931356446
0.458468153610974
0.666679502892056
-0.042435711478315
1.576794416154417
0.326188519862896
0.072468133654745
-0.781887102974557
1.263394343317018
-0.535610722688059
-0.940076634576773
-0.030861102827957
-0.967635982852067
1.099024397397274
1.331889147227412
0.489548623236866
0.606497249058702
-1.417277021929165
1.528708408391936
-2.566863871748343
-0.290167323513580
0.079990174266668
1.227543636986321
0.089577475525027
1.614783963234782
0.222851208759977
2.062964244948265
0.617459837351542
-0.407027483742926
0.053874216576105
-0.931687697027732
-0.948791009682730
-1.515737665144422
0.862055999145533
0.131881243040806
-0.535018302807507
0.898132554451504
-1.632266096299229
-3.104983178423129
-1.986680490276492
3.136419093621870
-0.879269669576838
0.872747026300974
-0.346663762307565
-0.356224911526257
0.532502928158096
1.448553720365319
0.272424532151065
-1.770929977953478
1.053735275597299
2.167794765531643
0.138134236277576
-0.341822070158996
-0.046124550234021
2.278427460397095
-0.356026736806800
0.363702767296859
-2.074492254099293
-0.270304831374421
-0.764131706365256
0.870327703904427
1.380451329165529
0.220310030634069
1.246956239991562
1.093189758184775
-0.481790527669116
-0.759905140036382
-0.680650270205555
-0.529748664498261
-1.092336230324178
-1.066234855234846
-1.922360081676630
-0.072269481403827
1.043172199144025
0.937925250115561
0.715692413342570
-0.051395080579950
-0.746596033306325
1.300579016578186
-1.214065719900675
0.173821041287694
1.034720370518647
-0.152164374579686
0.899933386129065
-1.954458826556412
1.181993157748755
-0.837772469700547
-0.496976802317067
0.792582248258349
1.338160022643999
-0.031980087537970
0.748860183622532
-0.183165086152992
-0.204273014791522
2.045249468684118
1.031038879731871
0.532128128644927
-0.730528233746616
-0.675243316139601
-0.154126868558992
-0.061160163787265
-2.577093022495142
-0.421489206313890
0.521171153158008
1.578120556225710
0.149176881475848
0.069188318093476
-1.057396697370263
-1.474356491473144
-0.432237596064997
2.047537736420051
0.640609137886184
0.054751273235121
-0.645416148314072
-0.111501171399679
-1.084343141329739
-1.325245969320450
0.687023584720602
-0.660682821956797
0.741629580581308
0.040562301148411
0.181519441446593
-0.510846479841693
-1.263953659376303
-0.594323219375489
-1.105014623568213
0.257056938905828
1.242352800125171
1.147177674567739
-1.708870609996710
-1.060538306923329
0.026351380395173
-1.210134965166194
-0.417806281417316
0.620928467245637
-0.448765728330831
0.757683710391617
0.161260078169432
0.030769035562968
-2.276206196032403
1.086078621088661
-0.418154129433033
-0.393490330356306
-0.236983642295645
-0.330727153667047
-0.358706347062333
0.931547492319322
2.006553477571158
1.294487160281605
0.911757309386727
0.893458399256525
0.175404892915218
-0.561488758819470
0.637145867432405
-0.459849146094411
-1.700212001799922
0.481632921931067
1.543234424289666
-1.113227933641713
-1.030849822274125
1.030281812483567
1.011334266717625
0.059727312595913
0.577649682544992
-0.007766019105673
0.892093908384414
-1.524209346262278
0.551313934863645
-1.413998518089779
-0.284110940217832
-1.803992259660652
-1.801079371790088
-0.205684783124663
-0.831582909672520
0.332507424005413
-0.106558851066825
0.250284159017325
1.850331023622792
1.743653652743350
0.843820999421718
-1.228683133586642
-0.633875211223018
0.645317009424544
0.325809527097253
-0.136176969163946
-1.047646627268012
-0.016478501884217
-1.718693101158329
0.733542116733910
-0.373089957737795
-0.570618582241331
0.080536309173597
0.053860102167637
0.868786968931814
-0.929430822538501
1.140736478845391
-0.808099656298227
1.591720565042324
0.765394807193013
0.571045335729248
-2.306086065713254
-1.310556580194092
-0.462000219513317
-0.101653916111343
-0.289418118580405
-0.558022867271506
-0.347007872417837
-1.686830023473781
-0.649915526283706
-0.296340578782497
0.471452674835207
-1.301729067485773
0.292908613687634
0.126090981575793
-0.476569106229664
1.775475594428619
0.052608834417383
1.161124162237376
0.026222163443683
-0.476651963188089
-0.367907505286101
-1.399807936552661
-0.508448084371477
0.136600696619519
-0.703964141702082
-0.498071072939097
-0.819873876165900
2.455632369627263
-0.718133453955328
1.079250456052629
-1.457874205716552
0.227894610129937
-0.141388258295829
0.713590911835269
1.433857520977575
-1.069193757661168
-0.106536737544111
-0.295537313843626
-0.966569855441042
0.434443958088753
0.026329168767419
0.783001631133259
-0.080126453655087
0.446218476559285
-0.665269069353654
0.600377764550413
0.701396430326433
1.034446372441756
0.159053709497368
0.845139576151607
1.353330052552126
-1.095704751815635
-0.411219411570655
0.410039923040112
1.039629068589919
-1.099625584375249
-0.216012108651604
-0.831275673596478
0.524787864808559
-0.477499896676810
0.347276031566342
-1.075020679298814
0.229524715444918
-2.107520948770012
-0.505710780467270
1.131242340280664
-0.449794676176690
0.152342034473154
0.023073323129097
0.216320331991982
-1.839242115050629
0.388950829635254
-0.728833899573836
-0.070691892992518
-1.039183459349327
-1.652331670243934
-0.938406588769772
-0.228127900881199
-0.250097960560524
1.915932250790237
0.149998095459539
-0.872901218140707
1.808197847952668
3.029423185316090
-0.109315159229320
-0.653171895141042
0.289749164693060
-0.704537228826281
-0.610357614110186
0.268481440016577
1.935197223726266
-0.276413060609808
-0.053742164125189
2.117522991663043
-0.059417136065476
-0.840436382391231
0.356533352790888
-0.787197464873038
-0.141111095988256
-0.158861963019332
2.368928293269205
-0.685663340682168
-1.045287726249532
-0.248189683729294
0.684372913254240
0.064427604973773
-0.608328264295531
0.315800327558248
0.195826170869032
2.430404709944263
0.773363473389639
-0.574624336218644
0.453631649455956
-0.686291862627290
-0.320929874577179
0.778687816926340
1.149951949716886
0.318647617052553
-0.911848528633641
0.071710094207111
-0.548407827395364
-0.316455024184444
0.984898347909875
0.434779008281676
0.444372103984509
1.922870198199814
-0.458561862307064
1.836518689440536
-0.173394384941140
-0.097116107126736
1.237848583054176
2.072523569295872
0.047784753351051
0.631974425652490
-0.714266256879634
-0.536523248369433
-0.798016580885479
0.807782031499051
0.044762884546195
1.101059186512755
0.587093412633354
2.688949420354274
0.038591113032199
0.446853147901556
2.107115839881201
-1.530014418351659
-0.509151723396643
-0.925630587285468
-0.397060144908735
-0.321824030215723
1.287812135262613
2.511148064077440
-1.082142002634466
1.438636423680702
0.559980241533314
-0.126463185613422
0.491755239538931
-0.074961477394617
0.016356622479964
-0.395093822263127
0.941926891176789
-0.474056638109450
0.556852392572822
-0.953375551945419
-1.038476452857960
-1.359459690349743
1.424810416094035
0.648877130037266
0.275295637321638
0.290254687760781
0.462063196177845
0.876444471190244
0.500934599824682
1.749626241730472
0.348054079885276
0.706091145469826
-0.577141841096452
0.153523911975964
-0.764123702618658
0.772013790066017
1.486307893418814
-0.793370370960513
0.613718996173775
-0.052098299460914
-0.319411560745128
-1.107403733868732
-0.813572127960958
-0.110973404594745
0.065491178867233
-1.221820602389772
-0.414324941951188
1.357784809435931
-1.310399985699311
0.954027577405498
-1.292603301898969
1.785894681968314
0.764987190996532
0.764782549889560
-0.326921818815749
2.093985878446376
0.273410412303847
-1.115747827173424
-0.364761025414983
-1.466161448716904
0.454340212659377
-0.638176358268298
0.369276856459906
-0.335997196118311
1.351599283165144
-1.118890918120828
-1.370964641717515
0.246304398003125
-0.932424443672524
-0.293877506239641
-0.935869967749786
0.113659385907693
1.796993302555030
0.330438788434364
0.935247159757422
0.173686307809180
0.137111310498160
0.958434280392760
0.325555352710843
0.751290292833288
-1.412848357548270
0.553209318446730
-0.953070303703766
-0.847204498411216
-0.694928077391515
-0.499842068455378
-0.393554712765298
-0.144491723482777
1.310956647689456
-0.467510211222230
0.216960507818274
-0.386569056842578
-0.481494704794402
-0.267021126932144
-0.691960655646290
-0.429689558165427
-0.177940283764450
1.382865157352991
-1.507138654477023
0.625173379245874
-1.739009267642413
0.565666301465199
-0.485012115875670
1.566010089292861
0.382154334347011
-0.320741858148060
0.205672066978998
-1.880074859604491
-0.236144129052251
-1.165145323071814
-0.964288121466927
0.316217533236998
-0.509123260313252
0.000881254166175
-1.474137505856299
-0.008796261735860
0.908765892499280
1.148713283672528
-0.070001435863328
-0.940264939798328
-0.996631761361390
-0.732666641623408
-0.381196116858631
1.048534128350237
-2.428173641890613
-1.126898591410797
0.858927616337488
-0.439682046905608
-0.085352212834179
-0.510047911727477
0.187854982976602
0.914433834814950
0.181036935671541
0.213430165540583
-0.709478660868173
-1.661372818027127
1.436479637162517
-1.526072982901238
1.523691936580236
0.881312229406721
1.428524405253110
1.474177227947737
1.597625440918198
-1.326213173415156
-0.590518241918639
0.397120987466864
-1.624784478779572
-0.812183121095744
-0.159648511787931
1.826328967846715
-2.176605714648957
1.492523492593719
0.329822665433544
0.275671173028001
0.760162207799554
1.499202861565803
0.765453275132042
-0.326972355587519
-0.079984954705189
-1.952726270743208
0.305470634305832
-0.117645861852733
-1.086778465143928
-0.431479867933269
0.380640789438623
0.224247466579100
1.904393185434544
-1.922283986925999
0.246274836317581
-0.014060367793215
1.705710484225038
-0.557602023663714
0.007605812943282
1.194523627011191
0.778379325060314
-0.524579425210243
0.765908539601616
0.830658066958867
-0.667912156839253
1.314376895601962
1.372234278814537
-1.641016235872566
-2.793751593204209
-0.300121167140561
1.434499287112386
0.311536158434884
-0.267141128241650
0.473609631081851
1.406998774990357
-2.024818888895682
-0.291478321445225
-0.785576086366188
-0.432968746637089
1.089091069132608
-1.786070413066334
1.210966480077962
-0.881553085412817
0.045080657526577
0.620144543113382
-0.953115169303720
0.337697170687935
0.021972023467272
-0.134059346232557
0.060602291701435
-1.159852422032409
0.391311838919875
-0.920828742200526
-0.807255201342071
-1.329595383822354
0.165683245658796
0.628465231458930
-0.181570064975905
-1.199428201030471
0.366550431554909
-0.521735023168749
0.918912238427333
0.030185261881150
-0.158741044079991
-0.188629134701940
0.517459014106105
0.145268487371576
-0.299576343918220
0.620805923642916
-2.128830935853927
-1.625473162796453
-0.827342229215323
-1.175846056900672
1.024268136195517
0.506705514669337
-0.328024570303699
-2.032814256567806
2.044087291040682
0.089688381991943
0.607016488842946
-0.158341589083165
1.741978457793286
-1.039119932634403
0.440848047486018
-2.003455824400429
-1.063432657352478
0.141874299150451
-0.027264352115252
-0.873245836288759
0.577023346042571
0.062950796409381
-0.106408200780009
0.695289322747002
0.620578901826391
-0.259453472346134
-0.757646934629206
1.351003035833313
-1.146265053687435
-0.030913018215577
-0.485443686669966
-0.723046364278096
1.036040280573241
-0.075767790924315
-0.035152238333709
1.573665208928039
-0.179073152825910
-0.789770790700972
0.706702839269643
0.062615425246590
-0.184515782861268
-0.810398228670947
-0.048737566175840
-0.727320797989046
0.372556551545857
-0.332155083075836
0.125921390210657
-0.299693775396226
-0.374456092308333
0.803610634076224
-1.271841344592917
-0.410995837285256
0.965471492555234
-0.828644889837292
-0.862485237308557
0.837893475757992
0.517459626231379
0.778350507767663
-1.934833339038407
-0.791246254685173
0.758352031941912
-1.533958569446671
-0.770061386340626
-0.055016042250430
-0.527254737519687
-0.494739554761579
0.593109447592687
0.919118997097507
-2.063359878774594
0.238536241533748
1.244963322935373
0.919960676139416
-0.153506383965270
1.009721475888622
-0.388674743084408
1.328175249465392
-0.813740351063782
1.023183605941963
1.519372006184792
-0.254617055806077
2.388673686149261
1.582330022801252
2.554664373741364
-1.291373893656429
-1.590196426794010
0.905880443878745
0.253788315097636
1.479586960284596
1.379212460900544
1.075509771100480
-1.225291814438730
-1.146616227544137
0.480602201157168
-0.288931660331019
-0.858095167924935
-2.133271133012581
0.453962659641946
1.489082079039682
2.302453403268272
-0.746500351205835
1.039162527810787
-0.591569298023760
-0.671250429466627
0.385248326825744
-1.258292075885049
0.368911443397168
-0.820328488800811
0.585408248467198
-0.664635695370937
-0.774206226152068
-0.483974441637659
-0.696067631749458
0.399713431433466
0.026311321642027
0.374989965968163
-1.926367501394047
1.578354210822060
-0.073302205392771
0.837100836082378
-0.422209030848470
1.820440987251929
0.343600894028093
0.684719306511165
-0.854434760293202
-0.192374981121861
-1.610859409468337
0.405126746932435
0.976684126831602
-0.588997684057383
0.394466860087845
0.910220010977284
1.329389568340384
0.149283212697501
1.469276474914218
-0.662657449223764
-1.981691008459778
-0.105824073190846
-0.873389619779328
0.533458202828269
-0.418836004319824
0.262242827445126
0.716893804742311
1.084518911309253
-1.931249589824032
0.577796766812590
-0.128207823975677
0.301288535164499
0.195135953242972
2.614600485194445
0.382178727739911
0.456511367039290
-1.185011019295816
-1.232306429381062
-1.197554226047803
-1.310581098897699
1.169645085518815
-1.119394802596892
0.174093448496315
-2.685403433414833
-1.034110872725788
-1.214582239875623
0.857031256762855
1.173927080822794
-0.661017765607658
-0.203507180442415
0.580851705006074
0.931676812122323
-0.903264775873079
2.233877423258331
-1.684570376368273
-0.479474119659020
0.046279109642809
0.117419356793399
-0.438378602950470
1.907705674769054
0.557458640992047
-0.798336188385510
0.127999930061305
-0.597357631631326
-0.434791787144567
1.658907720843064
-0.556744690955394
0.925688929124754
0.546028735299022
-2.349610349353356
-1.660082825143195
0.523598154740901
-0.044802557562947
0.656183153723184
0.032290666011851
-0.143229092104602
0.461764579340344
1.176472753455462
-0.302684653286760
0.778213319590167
0.924430499111292
0.848244933712536
-0.065678715664282
-0.042737598455952
-0.581419607298663
0.523010707115014
-0.500500192209392
1.469121866500212
1.252870265301196
-1.168423175317534
-0.961934787550128
-0.556497956980465
-1.811025897231899
0.610048303700002
-0.629343812495529
-0.336828484615905
-0.798842947117104
-0.637237598118452
-1.383845572837436
-0.749494164040654
0.270453107360001
-0.900200377391229
-0.295562418171333
0.054493083562393
0.643776282986183
-0.855397066060018
2.219057828386108
0.068317345422563
1.999545884548664
1.043425875841637
0.852824102594963
-0.167615696276983
-1.123355463271898
1.160500187000131
-1.789874213557641
-0.466694156902285
-1.065311896378707
-0.462484414926254
0.556369050891941
0.379916477030875
-1.398261479709333
-0.719746975526740
-3.462326472830104
0.906329181524969
0.210186501907380
2.146915922948111
-0.283661644000422
0.584572878094627
0.555851703994679
-0.829115333776893
-2.384403263103656
0.408781173864117
0.169262396716061
-0.296700556581131
-1.682851052275254
0.799967367536327
0.377279743151573
2.534697537637934
-1.046989916127767
-1.800499638413524
0.418951989198677
-0.444387842104574
-0.889953770652588
-0.386591439166325
-0.285167984380681
0.040011004953806
1.123334424375682
1.027773774069836
1.641547079299595
0.519882087437217
-1.350380437830523
1.457995607841625
0.080902377381688
0.161280753777683
0.286371401443207
1.148945679715254
-0.765559853599943
-0.797963268604471
-1.486670810528797
-2.609156163757948
-0.951676725205568
-0.342830155828906
-1.152586956945210
-1.284897133762503
1.352094616156229
-0.864267744263123
-2.341605375617518
0.906115842973071
0.333429764233312
-0.164943088422862
-0.548742001875138
-1.213821493119979
-1.014168445663854
-0.040217366111178
0.163810355381440
-0.615739516797548
0.703628756813959
-0.414681095139633
-0.834155685320762
-0.064402143270391
2.001034754696956
1.123689644222783
1.931741114332291
-0.495781652945831
-0.346394242760317
2.076675534273300
0.142906961058863
0.201027629813300
0.366804630295165
0.377829844333938
0.552509575881691
-1.014232386758146
-0.824454481897140
-0.021376882293560
1.497093016886741
0.631692340737957
0.884113328642298
0.070004258710250
1.862572712987002
-0.319212294658409
-0.613025222383223
-0.433205489255631
0.080702412798617
-0.345058244696928
1.868556265721486
-0.265980528249251
0.076892573261535
-0.423886771820332
-0.727817614731188
0.192949591830877
0.648529818211451
0.183013215558749
-0.937318090778647
0.676642076832865
0.645423055517623
0.193930045622394
-1.125412816280323
0.424193177131657
0.350617067382809
-0.165206250848527
-0.029088656368291
-0.429767785316293
1.785889036386429
-1.371746473602862
-0.619155977672496
2.285888833986054
-0.912963492440617
-0.541608759458004
-0.279828419940666
-1.238831368306724
-0.299108419746396
0.023667057982362
0.281048516692357
0.300239896958484
-0.300729064485627
0.591829179116144
0.619267018963264
-2.227043873134310
-0.342516096553511
-1.146932521431218
1.838014894245079
1.211059957549992
0.663472075041261
1.059885890859284
-0.206368738348696
1.081797487901596
0.621315039110082
0.218426624601673
1.898410064073313
0.469070142967453
0.734187791154891
-1.437171994441738
-1.498122691764022
2.311106932937116
-1.495491763483190
-1.249567988165311
1.040823777364432
-1.851773952173859
-1.029033967646592
-0.349411977892386
-1.433842663985079
0.282346285476682
-0.396949781096046
1.206608450730449
-0.532253826527649
0.966869693649944
0.049498459637834
-0.233170639942628
0.431139455145095
-0.141630563634608
1.001391068639582
-0.053636738010560
0.804069481506340
2.484578325159993
-0.061485842972474
-0.582514635073356
0.795334525390381
0.376953470382629
0.820374315162934
-0.771505937348230
0.454220227070794
0.188439202254341
-0.869298871869737
-0.341603806592275
2.136944888399314
0.547400904171799
-0.369851109641203
0.164910702585381
-1.462919318968747
1.025314241595934
-1.303481904514078
1.328479929109361
-1.604293482244682
0.866129271181670
-0.807389626021113
0.725078816254222
-0.649295265018104
-0.131328462948009
0.499309512161579
-0.077777397968723
0.166987541622457
0.540072053330086
-0.157826053486266
-1.885755276344527
0.369757388479150
0.060175602423353
1.096391652774145
-0.186780006312751
-1.194040388605965
-0.256752522935592
-0.349833899049448
-0.824631348584945
-1.947405286729473
0.688496186351863
-0.482826296199233
0.586453540164632
0.367644536900558
0.832526392037607
-0.278760420686965
0.950543721629550
-1.350429648333874
-0.595757710532462
-0.207840376911724
-0.592068022937150
-1.907425591409855
0.316199259994131
-0.824386597714274
2.429086139453981
-0.010402328383108
1.816758622159128
0.809919854702735
-0.522155240694398
-0.776285030612143
0.314881109888769
1.132178131735138
0.270006875110386
0.575957411771208
0.138513779884037
0.463467971017846
2.026848245516540
0.793568324719153
0.183425270475547
0.903235067106200
0.397622982111532
-1.021164663724647
-0.368402800682958
-2.000821622561125
-0.573182041444114
-0.987193675865262
0.174135584640521
0.706567470283106
-0.569086251774235
-1.188724993418633
0.134456525352075
0.099255332978056
0.163421341897177
-0.330366137648231
-0.344573792860933
1.101162099801950
0.518505660839870
-0.293240810169420
-1.003507986489630
-0.322829332325765
1.179765805547996
-0.178631421311792
0.698123731143819
-0.390315029491401
-2.417363452828156
1.201826366289904
-0.005183892518344
-0.370139288288905
-0.989912710389721
-0.548303499322249
0.149609219399393
1.023785058666815
-1.097880934490518
0.714858621636836
-0.409172788532111
0.215717678852491
-1.004633142681221
-1.516937457506127
1.680055508404914
-0.030988956596196
0.794330984820250
1.887581215198399
1.463891939556460
-0.214874228707285
-0.827060764057166
0.612560497576883
-0.467951638955608
0.245691119617566
0.098146539076796
-0.195989965578266
0.600062714473067
-0.201847669185053
1.333079087724600
0.446797007248858
-0.340222207797760
1.119567502405588
0.133308758746705
1.215557374114319
-0.769637807593674
0.491682125913675
0.311958048375639
0.278121715488437
1.790252165438812
0.249002638373570
-0.089963066942105
0.383022449619332
0.650188233073808
0.216739350834386
0.075988401496052
2.177043939802396
1.562272998858116
1.020640255261923
-0.311393147791944
0.312176329121026
-1.755212959471887
1.136111418361095
0.751992561352201
-1.369463585492837
-0.428546434588984
-1.160709968802977
0.568244944510118
-1.810509659625501
0.733429442654042
0.311267127042936
0.133360809057257
0.236099713926912
1.405286697372838
-0.183183647490151
0.512054808877036
0.470861513087154
-0.313557784059039
-1.734415485946324
0.048016380277453
2.540806395976901
0.676031452236827
-0.966912015372044
0.731046746815713
1.325826474806416
1.228896524726122
2.246758203387090
-0.079513819840246
0.339889329812035
0.407668700736431
-1.020559470287984
-2.288708222608739
1.312788459871812
1.882159276692886
0.320527829440932
-0.643241746532224
0.285258984787981
0.275759563198170
-1.079871125539865
-3.733154138061233
-1.571955958004680
1.045728535848571
-0.165955516561346
0.190883250549240
1.440557734405256
0.299043354384802
-0.777699931040346
-0.006092569733376
0.022706810597940
-1.056827451088390
-0.410459535126615
0.046909025689016
-0.345728995444603
1.195791462695548
-1.622749956580778
-0.333050872022643
-0.433278394424182
0.605058269621330
2.108894467024729
-0.482531374354797
2.300699382026871
0.006487629638504
-1.371937540824314
-0.712333748846267
-1.734850295370365
-0.997605601844034
-1.710632011615497
-0.327832748012918
0.392212768822553
-0.298222981480760
1.443514525447959
1.598242639943572
0.023881657128048
0.826381343489758
-1.445336837941727
1.021725943727748
-1.774535980653750
1.052429867298782
-0.569018800016552
-0.867248866590060
1.028761568907680
-0.716759303065260
0.983836034188757
-1.258683071725151
0.297718905164751
-0.469242730315007
-0.967841113057566
0.145051851252540
0.072698985735542
-0.789299882578642
-2.092480937217456
1.490771578784365
0.678228889940516
0.122202966485862
-1.133771359624180
0.355593499177561
0.175647013859960
0.094585716630403
-0.596383718338059
-1.759690706756049
-0.025379889716924
1.038553302304581
-0.324247586303916
-1.406583732282138
-0.039613423481395
0.722798676538594
0.560281125151836
0.737528777464122
-0.876141461069395
-0.701713785999217
-1.372320217415697
-0.842356627026789
0.521001654307826
0.882115847449967
0.493417078766494
-0.290709084063596
0.499573135177371
-1.064425428433129
-1.161507252092693
-0.131933613845997
0.168395769943212
-1.960621404899726
-1.715764237335204
-0.019159824914083
1.489726836765484
-1.056966695782309
0.973668518614205
-0.896902530707161
-0.714888582076004
-0.648126202877391
-0.367597075528833
0.537771332917252
0.748487201589855
-0.411340793737246
1.245507387654121
-0.202354811222948
-1.443982463835279
-0.207010319998767
-0.427444550125131
-0.240978236833481
1.025230857607742
-1.002335055727629
-0.719338797605287
0.674229811705310
-1.230536167274630
-1.460713750853176
-1.014536476510747
-0.084705436901604
0.500068639619673
-1.502648414747749
0.184864530538126
-0.827890623112494
1.906425199021601
0.920846866878009
0.971267451222797
0.775210665672502
-0.351154058917025
0.187920334117137
1.889981255687177
0.734199518038691
1.173879028247219
1.906099738535436
-1.205182750539571
-0.167479537675269
0.200139144295358
-0.547601995632314
1.033023884481828
-2.421694264989635
0.297071710346258
0.994588904996862
1.185441160199148
-1.509609870077877
2.399416691981114
-0.619029243574747
0.403038980701249
-0.213645147449527
-1.603111825602352
0.761567609019269
-0.549832945361676
-0.510448008130920
-0.805106930914026
0.157979463211799
0.057194792596595
0.320645494326651
0.529355416145185
-1.392034464725151
1.635126990557469
0.351317755553829
-0.716435931616685
-0.895673169087498
1.474281954714721
0.383034434167011
-0.631174672252276
0.540944859121096
0.106022530710132
1.036512251291552
0.576384003555684
-1.705786725761535
-0.678895596516016
-0.675601579966683
-2.743697221271407
0.302610362381214
-0.730511428775335
0.927518281265246
1.060851852285978
-0.171841898229795
-0.075718829189455
-1.089541082833013
0.073204654654360
-0.583703348515155
-0.761902053426830
-1.706574650711195
-0.994408882948666
-0.399528806851822
-0.434706161165776
-0.708712079160695
0.325125634629910
0.654418959491359
-1.637682597117561
0.795910536439230
-0.522234805221676
-2.352911450865809
0.255014627840717
0.303359914664796
1.173874072994916
0.261050252043496
-0.479427211052877
-0.434067203789105
1.340690395398775
0.123313788280417
0.576138028822260
-0.641231041277455
2.958699303731894
-0.431433683575335
0.053583475597066
0.270823548134121
0.975756951210726
0.885346625227604
0.963689079568785
-0.563484631519624
0.223363743723731
-0.867604952168876
-1.267874590366428
-1.185935371024487
-1.490894465387738
-1.300964405488106
0.821238192441219
0.743097070351656
1.248916457368372
1.426306824384911
0.472678370804109
0.259697663790205
-0.215725919325814
-1.180188290154448
0.218060344566054
0.201215055642655
-0.169855728657351
0.169952565343801
0.079257849767852
0.069545430081018
-0.571841420474496
-0.434335142587195
0.928042251881102
-0.518250286817570
-0.500862110978391
1.470115046487013
-0.569594338283419
-1.722938597528418
0.900878245946465
-1.340343906609121
1.110579035706881
-0.526942157783583
0.662443251130114
0.116763014514640
0.755321174057588
0.891580429154048
-1.517732488508552
0.831856930994826
0.692045836674733
-0.698746391624286
0.125915782533111
0.625890797223944
-0.336424107935810
-1.229910710538706
-0.570261465464856
1.649151490071902
-0.344395737769632
1.096278159257960
-1.497345223953656
-0.315652924708304
1.408044696531004
-0.221348871601443
0.165838562107847
0.211997159071319
-0.468761173156397
-0.272195233988455
0.160121785605259
-1.193733519436156
-0.561552326044286
-0.576739616154002
-0.022607561473809
0.626766967631482
0.901499251516577
3.083439464268076
1.304307870906018
0.085485025860707
-0.295595979833658
-0.652688666374707
-0.829230506133047
0.080808377569367
0.047100324296587
0.186149036820545
-0.868873825221227
0.497038836868343
-0.273568061625086
1.029593424421138
-1.159480507913704
-0.960157040495536
0.221837699722090
-0.601336561386744
0.970809347784274
0.206290253014376
-0.870838452568334
-1.297985908840243
-0.155006952477612
-1.199470297325535
0.810081395992609
0.331653888691374
-0.708892164039310
0.629796353008112
-0.998296475149678
0.285365564400473
-0.880228390811470
-0.699282027992203
0.480168953744305
-0.208593872070430
-1.123293371958977
0.057124957252968
0.581281820356353
0.496056557061341
0.177336874361615
0.316975994455864
-0.310638954931105
-0.824848968324553
-0.245735819088624
-1.361548876364309
-0.632646409245628
-0.982056537809916
1.141194419555503
-0.133729848608773
1.819634017828286
-1.026761074200813
-1.817531623697041
1.486976983348305
-0.733654490710863
-0.579665073218501
-0.270292841307427
1.289747673569996
-0.295154439718830
-0.190049351395910
-1.148896676697383
0.074961549211063
-0.264414170028257
-0.335863347252873
1.563216371674135
-2.033482873110174
0.098658466010518
1.216976756259246
0.587597232381228
-0.776106571609703
0.700600600389224
-0.526336187582394
0.063159335107818
0.627312162347039
0.416801274040244
-1.952542136260524
0.201268861433805
1.461038173274421
0.334649976850843
-0.315482846844203
0.312460501914815
1.416674855612356
1.917749608364450
1.245053355854179
0.766594568678349
-0.611192030497045
-1.434409449922879
1.570803656900438
1.560694277231742
1.161973437967125
-1.645796049661933
-0.429681396593908
-2.545571703068549
0.955055786292549
1.452466566121180
-0.814660583544790
-0.993403250293136
0.356367300001166
0.942130500284719
0.019130711082348
-0.203903092796834
-0.273534025899833
-1.432494427229518
-0.185385828497237
-1.082396923585960
-0.439404172625616
0.563274078572380
-2.113279232734739
1.013757847674396
-0.389061537337800
0.605516438068351
1.474767622276024
-0.370925142622562
1.359670721480838
-0.351286917465293
-0.697156564612799
0.238232143781210
0.650598011020306
0.079343673721416
0.474049894569805
-0.449471127556666
0.333231995669765
0.374343564792836
0.796626487738898
0.656715383341291
-0.679695273617739
2.945360429843472
-2.171683689869912
0.273135646103269
0.486705613958023
0.927757242047263
-1.790384414161853
0.613457506279169
0.636789942557407
0.586072746228351
1.282143309215753
0.644810662466971
0.134230341668374
-0.963827498041075
0.563870886265404
0.500654805019251
-1.535055606441415
0.555869697501268
0.405030889355282
-0.567222584479582
0.144231897262783
-0.166501592679453
0.783939139235152
0.001578067553365
-0.425554600863756
-0.636617244625856
-0.592266832353341
0.725622346789497
2.278013910695291
-0.194777234872677
0.825410869768546
-0.240919194999130
0.981962125353548
0.790468072558465
-0.424998467234002
-2.134300565682063
0.779123423673597
-0.940354951862084
-0.331650473850730
0.510591544738658
1.629777396311079
-0.052568006341249
-0.096286245461634
1.995850975694746
-0.948404938084174
1.806782900609520
0.825266758913056
-0.622571008974675
-0.908391389204951
0.059863075122711
-1.261663526789179
-0.301158012562441
1.368568553953003
-0.208121563720495
0.547361342823506
1.704006536187044
0.350986936624963
0.053673414443235
0.478984478915345
-0.944716621313004
-1.400090042525585
-0.970618887653657
-0.748418304055310
0.913395421659298
-0.450277008827621
2.047353610782678
0.284222593005830
-0.683843194447288
-0.107752887089641
0.809107624729060
0.083563938731958
1.297758326777647
-0.160798571775586
-0.617511516415081
-0.847517676198058
0.021541128384554
-0.666152799957222
0.644154294415657
-0.431271365627087
-1.561181290634344
1.055649215424538
0.996045295773393
-1.054446383736102
-0.395928768026900
-1.063320124722998
0.777494576447717
-0.686588807139506
-1.490020338835824
0.080637585953537
0.111447822546415
0.546919008801665
-0.463700809262269
-0.247714676976899
0.647420258287219
-0.968889600773798
-1.319012334141660
-0.311465785327883
0.426425979254986
0.597379150056085
-0.285382816918841
-0.626845057396075
-0.115533298050157
-0.700178736682284
0.395975843811267
-0.037871513568257
-1.398611040953761
0.447087803689932
1.449343835812931
-2.670156998398832
-1.482548740475719
-1.842123247385183
-0.750401660713432
0.422655830428823
0.210786699700785
-0.016794858142065
0.791720444580375
0.076730948998962
0.667190208703791
-0.514617972674401
-0.451513565435579
-0.793000581872568
1.263414573592635
0.375748258942156
-0.142264085292772
-0.988415174632340
-1.132850652380660
1.977117789015406
-0.378606368354806
-0.332537409995578
-0.474574987809809
0.602330375690452
1.030148718140323
2.329050485794407
-0.311891894096980
1.404892569460254
0.381230189745138
0.781657066013268
1.129782582455252
-0.410253798336211
-0.339852147513160
0.215431547570078
0.598116451556876
1.120457423484098
-0.205426136009445
-0.281857492129470
1.753041122000798
1.879293718345377
-0.735702087642877
-1.408530121596087
1.571607730948597
-0.935836903747470
0.926450831368933
-0.184168067562039
-0.032235589016142
-0.277586900526739
-0.574882860955225
0.056429681462195
-0.119771296582603
-0.281323145364419
-0.486163095697123
-0.030092601661499
-0.176316817705163
-1.121390155370103
0.493866067731251
0.182807137482418
1.264962982355304
-0.424816073208969
-0.064147193372194
0.620846919723749
0.552635106660294
-0.480711743461006
0.872584323809842
0.062245450653339
0.150284889396608
0.184080120893682
-0.980289849171014
0.476790589591066
-0.450393851642897
1.406490146345918
0.708479590643482
0.858303966175399
0.240317641417763
1.444808254028261
1.206178316525721
-0.094103714900973
-0.790118467667190
1.248437320739755
0.291768841665706
-0.844019973049696
1.364734804081701
0.019990639748139
-0.242391256442213
-0.202517635376275
-1.743737285344952
-0.203430263044608
-0.541635200367906
-0.389435586834520
-0.310295994896359
1.267793726341229
-0.818374215208331
-0.487740981113490
0.444250426880850
0.882725002051551
-0.003174463168536
0.640850281409596
-0.800359063441219
0.690538182729607
0.296002613124058
0.231621846211735
0.904504164646416
-0.591597169042640
0.496863349476554
-0.199678514035631
0.381433473707411
0.597493597553762
1.190139716288828
-0.343910023153360
-0.691364073840809
-0.546001023381933
-0.173827320413888
-0.253210323602043
-0.325017398389979
-0.384652810364206
1.207653532730100
1.975309884433719
-0.051164091215978
0.076896096358471
0.058016923223874
-1.430472473330818
1.047618621671631
0.370635691474759
0.505235938399143
-1.316864001419774
0.999156462005318
2.745801622869023
0.285633716990391
-0.627655992171747
0.004593224344283
-0.758268739209927
-1.152524649081132
0.267923136770423
-0.460365375039907
-0.615128553454135
-2.616137248037126
1.129386836302487
0.635588289543699
-0.085651417816598
-1.360196739920452
0.472317911627487
-1.425840028783081
-0.348090874007146
0.163135019856894
-0.551169728383745
1.088770489203708
-1.302916125048354
-0.117863750257707
-0.761259630145991
0.205255137274277
1.246422978189939
-0.383223779913464
-0.082512474409736
-0.853444191246446
0.762347824258187
0.989082158774266
0.600975285260445
-0.311975012419765
-0.107832613123602
-0.597172736801837
0.315304379713596
-0.653386949300784
0.771190615077776
1.209683421307123
-0.977554981973920
-1.426952369037616
0.642114126724465
0.069452677514415
0.953335054261723
-0.279211842441760
-1.814982516392569
0.987079199756059
-0.337880876854451
-0.542747499459956
-1.096458248134035
-0.736512026535513
-0.839050640696056
0.018277848240560
-1.182668866041839
-0.761353847754094
0.520467631222879
-0.671002704851542
-0.803708132104411
1.276758292982306
-1.101655834707486
0.292120652275185
0.235793851193685
-0.664446198914086
-1.789177350507829
-1.314707467982073
-0.947709792617042
0.099949284772114
0.127993176409296
-0.745900055711484
-1.157616417610702
0.709079256695664
-0.861091723813924
1.430836124105029
0.366839395549744
0.346490166412734
1.326584176024053
-0.922040560996360
0.889654046815416
-1.799379041891989
-1.511955851695877
0.701730583779681
-0.532811554640394
0.804595197952903
0.950986162699512
-1.305543993915093
-0.816988163041885
-0.087356084139250
0.244590414467714
0.878560481231298
1.001446304677731
0.087667027779973
0.518306975326322
0.303995866117638
0.069915056469404
-0.790372488182361
-1.143193702295598
0.945220472315273
-0.774381519426849
-0.852523651697480
1.014095328744598
-1.500966596461335
1.289600075513150
-1.256782500480468
0.722257173947013
-0.838095999523144
0.200112439875268
-0.767309248905515
1.230882434129781
-0.572900210575574
-0.711003190061537
-0.409445810795965
0.760198858635156
0.451238901521874
-0.383739889648908
-0.332296550824751
-0.181070600206463
-0.102076003661158
0.896658954055719
0.047166466498014
1.608372058221277
-0.205536908382057
-1.776047071819403
0.485796278369232
0.713878265972191
-0.158021399507661
-1.432838557085474
0.082499915613727
0.946991696448291
2.017569301476462
-0.751605337357333
-0.016370165999052
-0.137214640952949
0.197240492861878
0.276220601425259
2.354471181996328
0.081799479389440
1.221774772654183
0.633609310885003
-0.229754296305528
-1.580305413636123
0.000592465692071
1.277584516066797
-1.322655125425065
-0.439664376604151
-0.521785374979910
0.251898165155300
0.322925952409001
1.404317001214989
-0.010034732251996
-0.913118071038457
0.255759351021639
0.089209249910276
1.580390193311050
0.489649845837342
0.170575435467896
-0.429817528511351
-0.096337355365355
1.264472112888231
-1.433507614878692
0.060519913199008
1.445989227816382
0.411299536156603
0.952952147093838
0.027379391186998
-1.227154338652642
-0.282829231732935
1.687428235412790
-0.905226715327185
0.825143545921603
0.420675628210815
-0.071455513792026
0.700438963978457
0.742175692086017
-0.082205708548982
0.727961179441346
-1.367720203044291
-1.116085174833501
1.242548563659114
1.187859648562351
0.601078598665214
-0.525048203016182
-0.470466756812734
-0.676898839087488
0.532948556747478
-1.195350167981810
1.438641601130708
-0.387997430654307
0.548647193586278
2.716124061811939
-1.188195966963779
0.168720440784903
0.184519112715076
-0.789272260778434
-0.052494733113156
-1.247352849138645
-1.892062403626724
1.859147901365710
-1.121071898520754
-0.773437625256001
1.701940742627686
1.059324253692156
0.173191767161939
-0.869951418306846
-0.378568215325490
-0.173808844052922
-1.170431258383786
0.017494576553688
-0.955297196502909
0.391563582893212
0.389740121920915
-1.106198506149201
0.181712134337890
0.123306863204803
1.537467807940863
-0.474005753423935
1.367932208449602
-0.683907335162407
-0.623757063301035
-0.740353552948415
-0.083733993157836
-1.070407177402530
0.328687433358555
1.227004906681213
0.584043168835556
0.637083708576563
0.299618644260717
-0.215492791995756
0.099128403735790
1.002461418761119
-1.071081830393464
-0.208632516719870
-1.119754099748104
0.295345816670948
-0.097967933911754
-0.725719503933358
-0.105240291476916
-1.166636923129102
-1.613626905674876
-0.958367463144462
-2.221198121305108
0.285597955939569
2.062901508331053
-0.266123306269165
-0.259143190848672
0.144349080654194
0.178000706013862
0.140869526196800
0.413458750284610
-1.657342884325325
0.313170374078339
0.583129846029242
0.234866435714898
-0.727021184251080
0.906714496908942
-0.428085002342405
-0.399586172944131
-0.787451798605423
-1.177457445755586
-0.888756784198143
1.160107817816749
0.189214258920520
0.864924908828743
1.102002627336624
0.118203841740048
-0.740926484826627
0.922894125361238
-0.732840537068887
-0.159673558182635
2.014481146244628
-0.663211480470892
-1.948474074960679
0.505117627234108
1.461473387519092
-0.652366161272421
-0.435339126558664
1.063322353422296
-0.899527691280227
0.906905246815517
-0.058284909853133
0.321646079198853
-0.111770970377159
0.335431555662119
-0.115511068349050
1.094740615977489
-1.371228096099115
0.989822635740615
-1.167979646503086
-0.756847973708715
0.393257601013938
-0.623259022790039
-1.890808394381863
0.116659625855041
0.887912888367056
0.440238922464998
0.319263265215414
-0.819787641217423
-0.245405681630504
0.459749960155485
-0.395489864985078
-2.575854790179858
0.288123677787722
-0.801185190210566
-0.036946818379906
-0.219921203430281
-0.564609823375842
-0.398196462550348
-0.850092572137571
1.025408607284999
2.034069528665470
-0.231286431181155
0.614477847032937
0.393566104316312
-0.621493484042150
0.082243352281406
-0.075121058851467
-0.533181270378616
-1.981774228519064
0.090911234701209
-0.579401509241662
0.270171991313952
-0.777848972830751
-1.162796188761055
-1.145705435848986
0.195631793505008
-0.152032908697024
0.226884480696710
-0.384988925610955
-1.117070581933282
0.153998898991458
0.346439090226893
0.169624722082852
0.790053925630852
0.014872198754325
0.002510255251422
-0.449952094745026
-0.079809688883561
0.090927223341898
0.417169223484904
-1.731795885858306
0.734834508679576
-0.624069271022334
0.764616291503154
0.725037774538694
-0.044715081585226
0.380534265878657
-0.728062063773630
0.972859366062599
0.699357246599760
0.439869958828328
-0.842317803926282
1.555486510781257
-0.552636640690055
-0.785026312893082
1.240046652974656
1.724451394842040
0.847477842464070
1.065209525924177
2.063672561520899
-3.066037307742019
0.930530259352923
0.769199896847642
-1.236427023010480
-1.598625359937099
-2.912675327796243
-0.047796492415727
-1.074349888383304
2.657751825052630
-0.538881326104469
0.440722018862615
-0.652057619079610
0.951569574151553
0.868974326571710
-0.409018686712732
-0.287923518486554
-1.365506165737471
0.088835829948035
-0.684083264606437
-0.475263348355616
1.130929760625757
1.208754823950811
1.298443381923295
-2.098644922751922
-1.288989214574157
-0.649878585308108
1.155808588476708
-2.499680277405076
0.021908715001708
-0.620837157706794
0.189474777840850
0.323964020657206
-0.988610845671531
-1.256570062654521
-0.391214523762438
0.016831018415027
1.149468839474081
-0.358111981055193
-0.859798328311551
0.030667617471531
-0.635419712805119
-0.734508071427491
0.076476758202826
0.085991015029529
-1.434599519999543
-1.104682485383229
0.203496697340446
0.121028800159769
0.451433779696227
1.749728688511279
0.367295366909948
1.726725316087363
0.421807757319577
0.422679222780499
0.145973383692458
-0.437521517711317
-0.990986956535774
0.816416372137480
-0.317059672664864
-0.679462053065241
-0.257711730802744
-1.096091339744223
-0.014606968053405
-0.379468346585273
-0.332741923025711
0.515041303866820
1.458547082746410
0.087945068587983
0.710468340931245
-0.267258125251611
-2.532706677450933
-0.081582752635109
-1.031577709031637
1.504930601262953
-2.337045729212444
0.466996765816832
0.292971129195141
-0.781938452523343
0.866159158314819
-0.378031061518881
-0.439984179150698
0.144376211616761
0.505629382058097
-0.787072489677635
-0.796437671591433
-1.485630322370651
-2.721614465102971
-1.171876278532061
-0.118072575888699
0.162563968603817
0.226447444707514
2.152610531396687
-0.575810549319133
0.988058737920679
-0.282466291109702
-0.271358356113312
0.956689730134852
-0.089684558100804
0.802008530945341
-0.053622462593430
1.705218887953292
0.465199834568376
-0.233400375709198
-0.115189072717923
-2.016721610951193
-1.538958259902772
-0.652800976023204
-0.620949869087387
2.375422236777337
-0.094437156063812
2.670911073246673
1.398671003488266
0.192597704165325
-0.985056789518571
1.482188932001352
0.391892855994856
0.315488607559907
-0.815437102358076
-1.079222923842108
-0.207315314598457
2.015043393586506
0.685756587824531
0.199365431389908
-0.530795974405541
0.011699129944628
-0.987514605498239
0.966962149178004
0.848452831337152
-0.778389718606201
1.723638485293847
-0.229962852602272
-0.219423720262706
0.454469051896578
-0.486480495127938
0.319384168118010
-1.615763494611083
1.391027808275403
0.810451042593555
-1.472637371349347
-0.392560357064005
0.861165883315055
-0.321848237314506
2.011529441622230
0.135436133934188
-0.519391444448839
0.913470027145833
1.116363248199644
0.752706653447359
1.986930354548849
0.907181428831157
0.025710277513011
-0.593950138441479
-2.715359949773154
0.069879229080953
-0.028093258895823
1.393721811380450
-0.589764574866726
1.606675456182403
0.495193259116470
-0.689010873773037
-0.945563546969497
0.560989176965447
-0.608462541636507
-1.311910165535015
-0.259555973577914
0.104055772585441
-1.287708084658572
0.608945336483296
-1.281005352089602
0.237071242913715
-0.274920811350596
2.779711832036362
-0.531591981551468
-2.084055752092440
-0.693549025539821
-0.464672461730855
0.285028415301253
-1.109067984280270
-0.973334644676169
0.157936108520833
0.919424347901088
2.312522861609344
0.098189324251175
-1.457394304898681
-0.918622348140655
0.622820453794672
-0.739972365684408
-0.741309598641344
1.533263360793667
-0.503589041566756
-0.199937766774167
-1.564294952059562
-0.313775322139390
-1.147841226108910
-0.601790862797694
-0.186206265737611
1.216666438547171
-0.862176119829143
-1.003928685515986
-1.033259647996108
0.375931280955740
-0.098449419045151
0.258460282898755
2.564646516698798
1.629445965710554
0.522767656385717
-0.377842310757238
-1.308796148185935
1.417771673442622
-0.041451838447106
0.203724483871675
1.099130929358132
1.655011452577774
1.402077442960743
-0.557828834510562
0.339813617880148
1.035322850717949
0.004567571073917
0.729172070830977
-0.908229354472383
1.102630810169316
0.992211535138025
-0.804678094037882
0.948473006788596
-0.428958779050211
0.619852134116448
-0.489464636195671
-0.309409765445187
0.160790610339510
-0.887807275860016
-0.826694809826133
-1.982331276069879
-0.022228079800257
-0.295198489214748
-0.512368587887724
-1.443240341473437
0.389950244966938
-0.642830307628173
-1.248136771868942
-0.178396213428222
0.410607249985668
-1.597846522598552
-0.297894317215108
-0.635074204469244
-0.817200498821530
0.268336782607279
0.493353599806752
-0.861679577007778
-1.148387783201419
1.075305078788451
1.252556077952197
-1.298712255768609
0.490188305532820
-0.987048366960638
1.616715341534245
0.432406864043431
0.590619948793371
-0.236278325230104
1.122705751550630
-1.611608658920310
0.799016001706291
2.211487380041528
-1.654783700819860
-0.173671347762464
0.821602056761366
0.406629869027757
-0.673267879030985
-1.815881515513112
2.113980713712464
0.810972522426270
0.415682775227468
-1.955157941619184
0.832043755514788
-0.448944114088286
-0.349102734821887
0.151500998907483
-0.335993032331140
-0.136079590519409
-0.023080303062221
-0.578190846512137
0.225579062710923
1.219557389571447
0.520221620273787
-0.148894435648538
0.731163119868022
0.332625791007030
0.032159226337483
1.597799577660044
1.085197734153834
-0.628142866041883
-0.145193811027526
0.022477135958957
1.003187172218600
-2.311330013936356
-0.152441951431059
0.598215903991839
-1.315040816728658
-3.081285104043430
1.142760017232005
0.492887125261322
0.125794832413159
0.320535720210206
0.535190063733837
-0.098205690607337
0.106279713362213
-1.241213968970621
0.940398223865941
-0.381471916633178
0.753949740731237
0.068844798087596
-1.108477028860123
-0.070194550623865
-0.454424294848484
0.269577626719202
0.034723115818530
-1.184958822413153
-0.145433918727277
-0.698853608725288
1.799504277418041
0.329814664234057
-3.142354080876693
1.538900437376733
-1.517310012680386
1.350632418059197
-0.662939281812384
-1.409274119114892
1.699596943310886
-0.119753357603905
-1.382044249175368
0.808625965425885
-0.001213850287610
-1.201273774406244
-1.203810255044164
1.667553373016095
-0.723980758151856
-0.380777228104175
-0.732918119159513
-2.139925045810486
0.539068699334123
0.535383804853809
0.008770440676559
-0.280280539568878
0.036575032157972
0.010132107832696
-1.183738716235307
-0.075649495451120
-0.847684879144120
-1.571456994930146
-0.859235192672951
-0.371366638567504
0.865409976987656
-0.730864395253183
0.010757621513360
0.618503827208529
-0.188567382172668
-0.538767374749900
-0.705410869860781
-0.607615727758235
0.497351447709586
0.383217409937526
-0.666116197399631
0.195031306347932
-0.961281943981537
1.438042400830069
0.106682637858565
0.747705402824191
-1.328958696332463
-0.603732954198317
1.301535362198189
0.301954881380314
0.915651656939973
0.882951706271649
0.157414024994598
0.026480831738485
1.071140630300422
-0.307506032197629
-0.664528490136737
0.323245134471723
-1.037919030468534
0.361500798929875
-1.381765760938812
-0.610508735876554
0.049826240798660
0.775653424819543
1.135110625390643
-0.268016647629704
0.800249880049448
-0.402140409950348
0.168599785305204
0.563657382443697
-1.906494685733466
0.121925196034227
0.569393042574249
-0.991914152666057
-1.630536324085017
0.334964939358386
0.008246733448075
-0.733702192965691
-0.116855685898339
-0.659527545276379
-0.261174478411171
-0.161187271839215
-0.050829220702505
3.280370075102212
0.357541880305251
0.308934093051954
1.275291667803874
-0.911932009507791
1.098380789043241
-1.118186003383159
1.499137206387795
-1.465047634623573
-0.715144672467343
-0.391711134896196
-1.201826516372005
0.944921125885262
-1.100311717543754
-2.850599403205865
-0.103638641715416
0.040149836531446
-1.308546826021757
0.364678830723311
0.590965897730739
-0.809014687994217
-1.821601589901863
-0.677835874145545
-0.031101303663049
0.521077839015559
1.957097197511801
-2.044556032324077
-0.534666488970855
-0.575740289544434
-2.398286753094843
-1.000654041561085
-1.343896278965527
0.649641968033443
-0.920317329246655
-1.027155899668166
0.338390505728024
0.218953723271461
0.037061089145986
0.372039653528197
-0.057870782650835
0.258636564386966
-1.328111603169824
2.180338004989214
-0.641542155759027
0.420164349957339
0.276174728140458
0.840870693732271
-0.084358392358046
0.684165745856707
-1.377841698083143
-1.298372552843052
-0.522002421330206
-0.437174428121703
0.678417499824194
-0.952800543327303
-0.970437109903038
-0.004003407888748
0.834340973077942
-1.473990074713619
-0.690603514259981
0.720960450321531
-1.063369820031125
-1.169773845487893
-0.420712856570714
-1.887843867650228
0.405177928933602
-0.235241207534370
-0.118136642308449
-1.344325560244527
-0.642627941628808
1.772574228474608
0.168933890917847
-0.948307471869640
-0.550276933719172
-1.778652688181462
-0.833297769888243
1.291108505027052
-1.073257390995283
-0.567273086000753
-0.235289035981943
0.047230498588899
0.874801937657289
-0.952988037954479
-2.074274315538605
-0.708915888097204
0.996038792180759
-0.546423418955106
-0.301914773115159
1.738037233075508
0.070877187440260
1.436321909555015
-0.696060317742403
-0.542943427627140
-0.564456365749548
0.684017785037527
-0.154894979887899
-0.478433000513335
1.493613550219387
1.553398344163497
1.652555962890978
1.579601101882250
-1.076567169420587
-1.351848229991138
2.038697206726547
-1.457760748029120
0.789873303220394
0.072846403855090
-0.074766538256219
-0.152415445055858
0.312117306718623
1.221588130866502
-0.703038381281719
-1.498389868633667
0.218392209548048
-0.714077045275538
0.601660411669085
-0.571799929414461
-0.227592896251635
-0.086977894028604
-0.586311938538555
-0.102809389459556
-1.225327737920263
-0.241517777493730
-1.158003970859518
-0.591261172757677
0.068548124049600
-0.563218457521188
0.810776839381072
-1.603789262115343
-1.663797671903757
1.660064548960088
0.630944435248778
-0.321019548051572
-0.015067475118273
-0.636320180745895
0.452707357099156
-0.725378008655556
0.060405299893952
-0.568092270168694
0.878898351724069
0.785609776606437
-0.378216233274774
0.546784945132508
-0.240851686488102
-0.101714109482100
0.416730016589094
0.622272507724190
0.390826875503886
-0.045472803444336
0.010237949030614
-0.397942520437796
0.795499873679132
-0.780962801534743
0.748422514872455
0.454607993729367
-0.970579679687729
-0.109649943262697
0.127319665175945
-0.390489990702604
1.803511182187335
0.390137882604151
1.466881140590034
0.453450429187250
-0.367859379003436
0.646183074555527
0.182130975420466
0.140823782745703
-1.076338791061867
1.095825804592000
0.563792510746593
-1.256023197262386
-0.602380501226498
-0.918367796014950
0.004058827482359
-1.625741271793708
-0.251389273487215
-0.964485824155417
1.221163949099743
-0.765687393780056
0.759697336016585
0.455637396104198
-1.530512334450338
0.454764177353813
0.559182870698679
0.430949978929259
-1.037023420341079
1.375200999986592
0.669094227548613
1.323364672053365
0.991097090040126
-1.082533157673529
0.367068295990629
-0.837113719935707
-0.956001213373887
-0.098110051782648
0.832991730558482
-0.425526790261348
0.310013474603099
1.374606450707911
-0.967155864417068
1.385929709688921
0.184788427845907
-0.470561575914931
0.371920458567124
0.805990254593185
-0.037972893570424
-1.848695877079830
-1.547754079914328
-0.419415747903073
0.663264578457629
-0.706656522786525
-0.587940579420792
-1.518201836964543
0.458462625957304
0.480675396658883
-0.841156450809391
1.320526426640170
-0.837571571899696
-0.213864921031413
0.016923900164838
0.493304876447552
0.515314251356176
-1.300631651272990
-0.292967803614669
-0.701374656394506
-0.243115349920790
2.232765087090663
-0.551994289245594
-0.374701925368358
0.428869755694726
0.885383060950980
0.557069968191740
-0.386197673491243
1.450007170185386
1.784527518255424
2.954108106581653
-0.113864992983206
-0.341411482719824
-1.415637997103889
-2.585336657757768
-1.402175817760755
0.504980724527144
0.418089662514927
1.751479493802250
0.525611850356722
0.084382158875910
-0.069066064903184
-1.023968495697953
0.327166054653189
0.962277324803099
1.312995626467990
0.217111164047287
-0.188610627686129
-0.391242272065022
-0.782135025949394
-0.782065933980583
-0.286497342096649
0.094297947631475
-1.183528841098598
-1.046507147436731
-0.964692326084842
-1.809755022173350
-1.072713050651320
-0.637966553133705
-0.111646496937435
-0.682047948745739
-1.160364335305093
-0.444589190430559
-0.840565039200117
-0.426392072831073
1.487793584608042
-0.287019408531368
0.992749413554247
0.639087655584129
-0.511823849601730
0.072855107315270
0.006673862130557
-1.231390980072071
-0.823944910179967
0.076196266624005
0.347870207136268
0.587648476240908
1.360776573528523
-2.701030132136863
1.368670267185983
-0.931043436926832
-0.863339104137008
0.331975928329130
-0.064799371596767
-1.283644601950487
-0.459738500605009
0.158975299324761
0.149033096396193
0.523221908868579
-0.022204876926264
-0.531069291327824
-0.346391844524086
-1.122221980125999
-0.355400788079222
0.966341419716885
-0.193914568701279
0.778483861146319
0.591292997823302
0.058073120986056
1.075393626189987
-0.695826769932360
-1.361755593073188
-0.190775238604740
-0.525202830822678
0.720361568309918
-0.871619657213959
-2.001768267942676
2.302471433977262
-1.223513166430957
-0.663493759435007
0.090003888099988
-0.763075173382148
0.137587424166035
-1.275671768651842
0.136306007959187
-0.336055188159912
0.101567638416789
-1.146397483319800
0.388051023876831
-0.149651042966757
-0.274954877478403
-1.731930100231218
-0.879159960509286
1.797159101025794
-0.549263009187040
0.567881412744474
2.008491018442339
-0.259607256667472
0.270015743620390
-1.116653387012028
0.935755424716084
-0.562460467925676
-0.887141540857275
-1.475517548068049
1.251752389920106
-0.325336063666057
0.434738173372360
-1.363781831401500
-0.590027994126698
0.633114880868410
-0.216826018922661
0.621678134581294
-1.095043082333184
-0.560234458111161
0.895147523021431
0.594942368089605
0.953768393421172
1.057604617254738
-0.190302239544755
-1.843075488012605
0.455153145163540
0.354958140500998
0.009012681953587
-1.367648666134841
0.401129507468560
1.264821206980073
0.572633986310719
0.572755099761153
-0.916896861594679
-1.956804708188775
1.071202782575433
1.874647517174670
-1.087368276477789
-1.456139419072842
-1.641033793214077
1.093958349025096
1.092905704139995
1.313311780616841
-1.380577645650862
1.158737951668624
-1.779777162198419
-0.439624831383881
0.921592939236369
-0.556548062384034
0.647146457106124
0.034269232016510
-0.831851281643696
0.985480076962558
-0.213261833488235
-0.908457213268456
0.387298628703486
1.741295233356455
0.200622683278705
-0.170180068081306
-1.965436341804101
-0.497462079165066
0.761164512866385
0.167692359336913
-0.928266730778997
-0.768936351195425
-1.046059120125397
0.342939316720879
-0.636477484908415
-2.631793853269287
-0.907267559302250
-0.709733541435198
-1.177958076669890
2.399589919014150
-1.256872493048998
2.452993884018796
-1.020733797273002
-1.198662204393993
0.210459014525188
-0.513487001590252
0.713554598857589
1.138004543333238
-0.840529427063803
0.237113971436733
0.576766691594785
-0.270366919009028
2.341347008845747
-1.353838093965856
-0.532352771377783
-0.767821041927735
-0.057153090328434
1.166184999297525
0.247090867345211
-1.182032420151541
-0.479893616669101
-1.553649538340282
0.670009551728289
0.686269587103019
-1.706187439476083
-1.155001600098815
0.827891933531878
-0.737365589699119
0.182297369403055
0.741762080173366
1.172088514930482
-0.462561116249294
1.181675500637081
-0.935112115187232
-0.394511092969075
-0.443236206857573
0.148430389559992
0.455942876859132
0.985834786950854
-0.689583051618689
-1.210115953971124
0.585016817718439
-2.016130326989144
-2.042774770494646
0.485488640390630
0.442024444350129
0.296275490422112
-0.001275298168794
0.182429751031668
-1.200073974865370
-1.340502912083749
0.991449682415351
1.328355598334094
0.049891977105775
0.362277720864704
-0.220223079636956
1.014623666093514
-0.950880909861149
-0.348367906647110
0.778979047885880
-0.177759941985991
-0.823490134191636
-0.472985378247037
0.741760679902366
-0.811513569423598
0.298853231945377
1.859651002047469
-0.909160095077298
-0.144434502879432
-0.204730959230694
-0.676748623683711
0.503665844845713
1.514791698304094
1.182665937559154
0.442129024932311
-0.063474733512806
1.041344955598752
0.228894228257441
-1.202532711700330
1.389530729421013
-1.566422027315546
0.222651118129422
0.333182328222890
-0.104364564319248
0.144293010236231
0.150255819381585
0.926278511404637
1.781221056602884
2.265554657455576
0.280603517088341
-0.452458622486021
-0.735180993759888
0.539968319137375
-0.348861181533492
-0.316010473908015
-0.984926907104971
0.903101522640250
-1.589373872086465
-0.156910659612238
0.682469145745327
-0.781655677828624
1.486592130475627
2.293624203563388
0.701326070466629
-0.127539365405709
1.304065438170057
0.114250175295685
-0.134798132827770
1.296823544229236
-1.117532399428619
0.167244769596284
0.552504677951811
-2.063145449980133
0.591595744467987
0.474297735719374
-1.763046589171147
-0.263463528072972
0.100279124520660
0.184414222572000
0.116623533053424
1.650234985918458
1.701336292784796
-0.937560763034119
1.055142389585444
-0.676654493801968
2.402142891651555
0.807835634572428
0.319239369330875
1.112289612278819
-0.464235069031900
0.998100283352065
-0.487320356187984
-0.394440258801282
1.058735746223841
-0.734245647088591
0.264335261656675
-1.831456291212349
-0.080574524591746
1.702347702681568
-0.191777011392426
0.079503049431764
-0.306412674401255
0.430805787420177
1.894233687458009
1.280286024764737
-0.617363351084784
0.169606731340240
0.168581332556531
0.538414262431295
-0.882491270718725
-0.267072911505518
-1.309103752777257
-0.518204662822775
0.956649580755037
0.386070566698201
0.179007651678120
0.817287520776455
-0.522236153590157
-0.821207090020535
-0.363811532345955
-0.480070377253972
1.018040153636419
0.133709880839420
-0.242302216197066
-0.019959528830168
-2.708723441067995
-1.838757196384968
0.440043601592452
1.195188051962863
-0.253943915464667
0.241585170351589
0.825160011529470
-0.366095605898723
1.018704360462109
0.251707284036500
-0.345191246190513
-1.051853406716677
-1.323332831634834
1.038886037240697
0.252924923399928
-0.142212449162005
0.136010817010114
0.087675976870859
0.440408179958256
1.387870345967509
0.475883140770453
0.787860690050708
-0.307387483629380
0.250319442682681
-0.155647022713666
-0.089208105534747
-0.616440092048315
-1.080255887606544
-0.933879163904526
0.022197160165116
0.521000600830539
-0.554739926325028
-1.899108808294965
0.687293505380093
-0.865270368887595
-0.757928293881213
1.268891792026758
0.349119151389128
-0.823425087541446
0.155397790572700
-0.986602554621516
-0.521076027123533
-1.296404945350969
-0.995839586555818
-2.096340875878682
0.403352607854536
-0.568605248136657
0.753153962260504
-0.113529063170671
0.734799638768943
-0.854434672112002
-1.052743029500693
0.299425582735944
-0.099374508364430
-1.397478534679559
0.009170626291508
-1.946161208216608
0.230884694378009
1.566506407898260
2.268210203880603
-1.017140081944356
-0.158400793359435
-0.112940218774964
0.599302168258241
0.556452309328851
0.833332384118502
-1.198811663419855
0.432015605777099
1.016554190763427
-0.023880942745080
0.604007226141112
2.734105254107920
-0.337476928454786
-0.408311578809485
-0.266865502623257
0.502233793629613
-0.751706135168407
0.569060713941484
1.342670647653160
0.333243344308464
1.757143219863729
-2.238509527461165
-1.702070026710004
1.109654474805120
-1.329689334938617
0.493774231967472
0.425664314132072
-0.131304907424793
-0.626428175689685
-0.157631973026124
-0.402694247674001
-1.285525355939795
1.057300654877623
0.810133501759386
-2.466443955631035
-0.868843886828842
-0.760117377797323
-1.683195945511212
-1.242576723837099
-0.906175818082544
0.977614490276095
0.039841150665332
0.649957272183417
0.074842124945453
1.117027181692682
0.275365887480436
0.762470675504378
-0.773019513597893
-0.464562173196964
-0.776118207262584
0.356779673549986
0.255216876158820
0.072319915323671
0.473578732090879
-1.266821240687809
0.033278605553104
0.432528941193610
-1.123419251085447
0.523348283638230
0.531983472383269
0.668910292892513
-0.703898119997536
-0.195301507467814
0.391366708654598
-0.791387518512870
-0.342631875961136
1.067852997410993
1.258523965230981
0.225925007831575
0.764223059254648
-0.016286904789832
-0.085249394411458
0.388451592542455
0.956968477791252
-1.321506280953999
0.198245252059349
1.658166242103573
0.673610683683152
-0.596527909500104
-1.018600939391696
0.590782883891372
-1.646307746555637
0.577741391964622
-2.112500885093913
0.097462337856380
-0.404158468955943
-0.013572991710599
-0.957349964634074
-0.738030146833023
-1.042619617465224
-0.595499419973204
0.513537137800589
1.019871338239810
0.931953404404738
1.195734754573172
-0.383600070071749
-0.618672420328299
-0.156559050572922
0.661295200515278
0.761466625179956
-0.289043007804729
0.921184746845945
-1.051343833298432
0.524877233670348
0.271054143140774
-0.905910614718337
0.789090593351144
-0.077343809198499
1.219573984774283
1.088532269463405
0.611723261085845
-0.715491690243545
-0.022456166752109
1.037050487446277
-0.238493951114552
-1.250205156603481
-1.333201278299262
0.611970874759270
2.236497722154855
-0.107488724668595
2.212888996176414
-1.302015104794120
0.377953223478333
1.918814756079184
-0.431834275794927
-0.914594266880389
-0.018904207228655
-0.982390566193278
1.381094667218445
-1.061389815205079
-1.007490709029335
0.378283542865930
-0.408437197383161
0.493550227251680
-0.256541789072269
-0.562470784556887
0.468522319814916
-0.012369956679146
1.293711969258522
1.502410466988256
-1.231043970836513
1.118871913206881
-1.410353510851844
0.581568284205705
-0.040196856997716
0.284713575608063
1.021765981715455
0.149141368996829
1.036675657725540
-1.134177852990186
-0.353694997580979
-0.284915577280927
0.908742415010312
-0.537196960000296
-0.758739387864402
1.534170507982000
0.018501017910362
0.315322648883738
-0.220576320926861
-0.509504700759133
-1.687593003133339
-0.056748019014108
2.617313924758829
-0.668540035561319
-1.940912102588886
-0.370577398134970
0.055813935758300
0.387207377689588
-0.140016780811083
0.257197165858645
-1.442621544542285
1.159849349164705
0.865217579734530
0.455023300983736
0.898030217711426
-0.078327776439853
-0.935976633506425
-0.422743957358921
1.366686196076726
1.404549250164906
0.417342343587864
-0.048532091306493
-0.496684123387376
-0.942821896642717
-0.275643212394788
-0.100267862517463
-0.447858278657116
0.535251321713960
-2.084420543348783
-0.855882183242127
-0.294058846961301
0.265991559295862
0.146701142849294
1.109210444657099
1.065213071888945
1.659944964598241
-0.470545845678131
0.514734069601894
-0.705114163482753
0.458624253708921
-0.446886970221985
-0.380759202218302
-1.470201151225921
-0.115877657216074
-2.038081881570123
-0.123002981887659
0.887409820608332
0.541810238439350
1.358784271043649
0.452097622901864
0.676927486968083
-0.987424231911835
0.064738394967778
-0.293552355188572
0.573981306845558
-2.204865582108659
0.236455494669910
-0.608371868152219
-2.112064613750360
0.721219800649584
-3.179706636962365
-0.271299356379941
0.656430542760165
0.214678947447766
-1.587446618709761
0.647477263850400
-1.474469394792158
0.043492236802493
-0.656875331914491
-0.031115683447098
0.160973608776917
1.283978503129940
-0.142476811975052
-1.658198990011595
-0.950021885758935
0.303825010949444
0.775324879522479
-1.003365613626492
1.332536981744239
-1.361329751398564
-0.187829242411161
0.793729850749686
0.220313703977237
1.804174538565480
1.404141510916219
1.073905513553176
2.705217326214117
-0.399384669489772
1.131658356199448
-0.286366315590032
-0.893021448658787
0.732808516321661
-0.123579637387334
0.343421249227819
0.393753059007270
1.242839616896498
-0.568847174512199
-0.113904834430673
-0.441556327635503
1.034307053979840
-1.832816869018707
1.267387217869839
-0.825360094905806
-1.835488671893497
1.272660792441281
-0.283256829280471
0.236282101992638
0.093731787410885
1.152266732551915
-0.179403408203062
-0.163779819469608
0.889018384006286
-0.208349206570715
1.448302835239475
0.482326965800895
0.731472543116737
1.477269265073315
1.025589383034144
2.464348687175251
0.020644169946374
0.685679878434848
0.905750545186542
-0.129584370961177
-0.510713455196694
0.048153918992493
0.148483843606048
-0.781691163325787
1.442980340308460
-0.798157718126390
1.069857547814995
-1.552579787448010
1.086147311507843
-0.068338226934452
0.710409872256554
-0.744091080960895
1.447639639637390
1.493844890820198
-0.156801999157236
0.465794692118580
1.397082615683795
1.211943381928129
-0.413057534987107
-0.579397539550849
-0.895442262270372
-1.752843857460370
-0.778894058795259
0.870651000264271
-0.368729710085342
0.833664625124196
0.632815361925908
-1.749387938890617
0.466416219880873
1.304820106874059
-1.550617127244497
1.289583447974272
0.409016620381054
0.339175395765128
0.217975428930401
-2.128479131048013
1.048932517553342
-0.082602477547723
-0.447647273024750
-0.909619871354573
-0.480251420813963
-1.650208181463129
0.671708786443690
-0.064764735721600
-1.970790932611844
-0.279594028477830
0.617604284333335
-0.939673268385033
0.286800284765429
-0.325621272526643
-0.055575856668660
-1.308707794562531
0.107368855383060
-1.439723984490669
-0.630727575498607
-1.423933684377402
0.479684437736340
-1.335805201409794
1.010399634210361
0.235919121088177
0.239276345649109
-0.241678739884786
1.517716420271232
-0.766016613060265
1.098223492997996
-0.306844377523013
0.098486033286767
-1.060998908787126
-0.896008321485407
0.087838072736973
-0.105219406147206
0.023591993794457
-0.424291757961931
0.945376614533812
0.404844556448959
1.497793447298411
-1.556016732903501
1.339865490534131
0.289312010182433
-0.183464196927212
0.755065911585371
-0.598320278666105
0.732687269903341
-0.979153458167635
-1.581967782414206
-0.774286780476307
-0.236746080185027
-0.332624492311849
0.778298891454220
0.306402481016176
-0.994989675681569
0.031175890067441
-0.704476073843477
2.044609305757498
-0.901745530080866
-2.166370042503465
1.575261616681360
-0.893022433736960
0.827321423065049
-0.726520193557011
1.218625135490525
-0.321893743308414
0.257051872872651
-1.496666681449971
0.323531933202928
-1.633857299649425
-0.745520768324744
-0.774580286150193
1.558727789781037
0.512647599565525
-1.573362231281961
0.387190067525987
-0.130896540668821
-1.380845444231135
-0.013244297564667
-1.700696047209462
-0.589680708141708
-0.275393777673111
1.328251465208780
-1.129396390494971
-1.666524364637217
-0.718630041159752
1.037431357354553
0.392183162473235
-1.648680475123454
-0.855905989633922
0.280112400613045
0.456724188045566
0.076041921308383
-0.329873320186733
-0.109816258030452
2.590012134144831
0.363714788771430
-0.957517713513142
-0.630644308763181
-0.735021556880153
0.780479043798559
-0.145027174061088
0.313834847651860
-2.614571712667999
-0.950502244305861
0.392871338377838
2.978868677009598
0.335578270728613
1.297417985952146
0.257215948295430
-0.823074243582039
0.560458445296773
0.176476744694089
0.703103039172876
0.548390275994068
0.687890411118222
1.761791099183128
0.280280276657273
0.441680134732702
-0.395665047759642
-0.948111867095813
-0.351381256057877
0.170576015019011
1.359449781541225
0.749002770048538
-0.305866900356967
1.598570430187368
1.571016236773445
-0.646360047876166
-0.440685368048784
-0.607494061823702
0.276584361409415
0.300913614255490
-1.013907250105635
0.724949229597074
0.106229628173426
-0.734742597006423
0.878416870281436
1.225080680120518
1.470055427594964
-0.188288173571352
0.663314900996823
0.851917147348179
1.786935289242685
-1.034965934464692
0.771072847205821
0.573229017598112
-0.183505176842294
0.651409498773548
0.711089155004479
0.883889143012297
0.986416134880749
0.152764110856089
0.129130026573411
-1.396294689406424
-0.214093753533659
0.727817329948103
0.261141292856878
-0.064227620370071
-0.889275951714124
-0.964149134163057
0.669050438270898
-0.600614936017893
1.635770759643087
1.311106642867497
-0.532416095649737
0.594309350268075
-0.334672468610043
-1.103515222325848
1.657816268587148
2.006274541095430
1.729981070523586
0.984466932729754
1.313279111436270
0.199216506737102
0.887301044123369
-0.128888965594836
0.071525233026089
-0.631678423787748
-0.345611386732772
-1.351439063286661
0.440736422156306
-0.918574152648263
-0.814473934169361
1.266855215304686
-0.103341449067027
0.148043475344490
1.060301839929724
-0.254044996685041
0.162613419181404
0.391203929797669
1.116930141852956
-0.093473193345826
0.763654832864124
0.723522886828619
-1.580399327281176
0.252313638767427
-0.603321186062442
0.500607364993614
-0.080128591316921
0.894873539427276
0.213242574340779
-0.883777166618254
0.813113824772053
-1.595420013776157
-0.387294476938681
0.361793302146499
-1.294944487180902
-1.151885968135167
-0.321555783424146
0.326581389439281
0.521854449276188
-0.627980295290853
-1.482925762746198
1.520661879933332
0.187961987268576
-0.350046984367784
-0.727759740276174
1.280574916753167
0.254348711793986
-0.720029986982032
-1.147595979700776
1.051883460269118
1.241298235909190
0.263511773274677
0.233012706780884
0.241995806517524
-0.595652245147077
-0.662117605090352
0.123951455098160
1.726327913802113
2.372839847970154
0.346573143787883
-0.348319816691778
1.577151063952917
1.217347961043434
-0.847469236614572
0.225944601846298
-1.176591806969984
-0.349988549319977
0.124534716238216
0.227665622854753
-0.304291292845038
-0.125569668111433
1.193884368826468
-0.002755349849196
-0.446256407277389
2.262559307725541
0.056552646828017
-0.536318694316592
1.058549335300581
1.107439969327503
3.180649910897608
0.513907399121745
-1.125001397400776
0.795120431420889
-0.534321648687092
-1.720636015569279
-0.076941226164331
-0.131709727840339
-0.209474200876178
1.051761853438836
1.227627278594644
0.289189502971120
1.068990614459260
0.238468495020740
1.477740466853522
-0.159504973133178
-0.152384896237120
-0.401253207968795
-0.052310154018577
1.010367985885517
1.115066144562509
-1.191804839640752
1.454948716977523
-1.027842437362227
-1.257538149109930
-0.217067846477518
-0.059380061536418
0.190432695026736
-0.277479626657673
0.054654663087328
1.726340774003762
1.487976340425876
-0.999929729623515
0.593976652865582
1.253039911070385
-0.497136348204992
-0.875666118381464
-1.169098308383615
-0.136075027863053
0.006679646361974
0.856689241572396
1.349634837561096
-0.654981366464036
0.063771811335940
-1.653634418588297
0.242655054297921
0.040659729884585
0.015552842397593
0.108175206522934
-1.553533430249852
1.944864446744859
-2.358977356513674
0.167242966903674
-0.375059969056199
1.121109928895552
1.139311537399242
-0.304828194221130
-0.000759179290371
0.431493374896908
0.166562557872559
1.190517315970981
0.601980381792484
-0.011158815040544
-0.476877830243394
-0.299090908445168
1.971696237270968
0.350222964818063
-1.029047050784596
-0.381984926836318
-1.230923992750672
1.994590532642850
-0.176344843596968
0.707181046653614
0.334373194769830
0.734509474246595
1.184571914943168
0.260276182616382
-1.274628171557447
-0.113024194382605
-0.661033321113408
1.120989946955921
-0.900238497629449
0.051667527360293
0.956427819192801
0.440850111517498
0.480431371937282
1.246429160207998
-0.442198307538766
-1.606135784611492
-1.367396178362039
-0.928741429060101
-0.189561008104314
-0.243717519230827
-2.512107602472404
-0.458826481627314
0.101221717160575
0.090526069420710
-0.069492718872672
1.070664796193759
-0.177228851894163
-0.485217393672816
-0.473880724014273
1.852692737964581
-1.387227613262791
-0.225686573045101
-0.846376561516960
0.403163894363830
1.662881567084455
0.723208804956135
-0.559071802948349
0.785273155120317
0.534201440588167
-0.155393174817367
0.827122178399033
1.147397121565978
0.126471003060021
1.246858434275185
-0.363535698016274
-0.656795828306907
0.670691103878788
1.692204577912050
-1.080768380646234
0.511244332779456
0.567812403179052
0.354169859058333
1.224893366333739
-0.989532821427861
1.240378542393104
2.262297742378148
-0.219409332766360
1.009509484987817
0.552452987803600
1.131530396798775
-1.218211987475274
-0.763991625810474
-0.624580909014321
-1.473956508251920
0.632745170600610
0.442985778856315
-0.588580064992933
2.535169657052388
-1.739421831565980
-0.522219608676773
-0.678622975726876
1.431011200647829
-0.748514727906433
-0.203188908686893
0.086694090848706
-0.746033369677962
-0.151904378949862
1.643695571174064
-1.024146415122676
0.797460321310021
-1.022969340951631
0.762133202404111
-0.996743965300786
-1.588142188436312
-0.486966184020293
-1.291679013357814
0.295367542054800
1.065713660988566
-0.549013345723716
0.292054118175589
-0.036193701009512
-0.230723555073023
-1.616116060393138
-0.179635920307844
2.005542916597066
0.457928860663727
-1.132759254755929
1.632124174391134
0.040740103740394
-0.417794002969068
-1.215940821809627
-0.072449044688051
-0.136173506710654
0.593324536308018
0.037935946677383
1.106456401884583
0.609858836982912
0.128005644500363
0.322999712933382
-1.125204635121536
-1.255036012219633
-1.209051464891059
-0.025737810952393
0.246849953424480
1.744402393109068
-0.614233077320786
-0.547442291913210
-1.105169508130901
