0.444386967376486
1.221264818122110
0.814167868150941
-0.355578653081373
-0.098450732668923
0.007168757771009
-0.497771587390718
-1.313007018456666
-1.442818982875652
-0.567236941341941
-0.091295065091154
-0.273293849198734
0.335813686113766
-0.517495369395929
-1.015396434714166
-0.617392636865547
-0.116851846489856
-0.405666458604068
-0.407123799655650
0.163909518801971
0.356355748828316
-0.643206856231151
-0.350191352910281
0.885059100336351
1.020782636418062
0.953815506757418
1.019398008954679
0.592556538807903
-0.099212692141649
-0.382879558460875
-1.753241276471541
-0.315127902258830
-0.834268157349644
-0.871834186819520
0.366377097083872
-0.388711711319840
-0.285728304099457
0.148440987523626
-0.861325771366106
-0.336815991945092
0.729952087518318
1.187884706553722
1.232751903974001
0.449155806514032
-0.392453844735544
-0.160042986829082
0.256300070509224
0.518080262036508
0.481048375516317
0.205399167848200
-0.817870124736944
-0.836445669358278
0.248473163697631
0.046330992114750
-0.276255766244023
-0.398413159945513
-1.375279999486046
-1.225980019578655
-1.252919623350568
-0.818844069234316
-1.420384703893371
-1.004589153607099
-0.322125185691110
-0.258603994916897
-0.379759522675997
-0.277618491031376
0.422343478646384
0.397673701345248
-0.850780369492419
-2.012778758922837
-2.548456756272918
-1.729181272857787
-1.158774923959569
0.118400727721827
0.262324700327961
0.440998532796370
0.191344475334930
1.559572904964474
1.167686802738244
-0.058644122305598
0.470727316076675
1.341316348777468
0.401282669679418
-0.185888680496970
0.960600501439118
0.156446538444557
0.185638429768630
-0.026560361491972
-0.315823574278303
0.469574823334195
-0.263841412724010
-0.833226435798715
0.093170545262646
0.418818274574221
1.346808827465732
0.458721452334779
0.684805537302274
0.195145018690262
0.060595665126777
0.235759148581203
-0.121434968758015
-0.424772427010743
0.800918706595167
0.684884288898608
0.356306549166272
0.033424258027380
-0.854008383875025
-0.584756567319067
-0.692248011505885
-0.732116058928370
-0.084240995841735
0.401959626345310
0.179362783580673
-0.656785807246188
-0.715987556998477
-0.503182629391684
-0.328206462300391
0.498446130637884
0.387294570330635
1.563930068006853
0.586951739655191
0.036598577833715
0.177900915097883
1.063899875941630
2.469529547924354
1.884189779938434
0.196713240481113
-0.615193828291381
-0.036109159473376
0.666057083751566
0.020209828605792
-0.051129602069317
-0.365285481783215
-0.827702074164335
-0.440369338826332
-0.907569650184319
-0.721712675760174
-0.427800165602383
-0.413995785812086
-1.036871047678935
-1.130707871436248
0.555700916735571
0.883874597912008
0.481357682862184
-0.843816989932724
-0.126911224276296
0.095554544463752
0.237655213559501
-0.109353685288179
-0.430051185582900
-0.969799741293958
-0.222937302991731
-0.389944627195297
0.085118905029387
-0.816603844754728
-1.896737662912430
-1.110502843226040
-1.003984898954236
-1.389470808830932
-0.518315342666164
-1.179228367906016
-0.542182046684171
-1.559175643627148
-1.991991956577200
-0.959503259079279
-1.277390365761915
0.974840081040126
0.604417780034088
-1.249791405039391
-1.347802375398255
-1.445964851323237
-1.808176931918866
-0.271749521922064
-0.713105989829524
0.142741950351102
0.626961064624019
0.274296152322929
1.142435760957357
0.594176860001112
0.272972474760452
0.547225699577469
0.440669511078791
-0.280775458023627
0.436221712009428
0.687685693001523
-0.396258124976234
-0.198550897382848
0.278940867393548
0.410252200454192
1.031940562614679
0.948736232624524
0.529018993937847
1.689172097927358
1.065068877056550
0.713620636015920
1.551821794742679
0.620612051883682
0.564791863029657
0.505061932372455
-0.346343012510396
-0.095540380477103
0.202005173688143
-0.050210483658611
0.809996421336128
0.979025225737519
0.831848714678938
-0.479959588063470
0.056441532509451
-0.324834021109770
0.411181406292023
1.459901419182904
1.577717689470497
1.618301386917671
0.690410693966711
-0.341445095079631
-0.400395111347354
-0.029770011367054
1.269433756021101
1.248933673497333
0.745774327683675
0.921479957677775
0.852585857113749
1.191963669955463
1.531302275946706
1.750288289116697
1.456226534697054
1.242867997091683
0.381760379843982
0.103405566492731
-0.336887247869104
0.214855169201795
-0.730850136310169
-0.359653838253936
-0.070128690139107
0.113336539693069
-0.817625927147429
-1.127348215709464
-0.355924660312459
0.661078425928809
-0.443033579180278
-0.365690540276406
0.615066974570623
0.683535794823296
0.434895661240877
0.231306666983170
-0.657639721094796
-0.350131637437236
-0.547740796113444
-0.059274078900604
-0.806025186222280
-0.827102079899719
-0.184050367817069
-0.448574512137709
-0.873751161954867
0.085094547747717
-1.518558481723383
-0.303725358935273
-0.283955720788303
-1.275829790396753
-1.254075598257708
-1.807331642506846
-1.931621612032039
-2.437732599415411
-1.813828941397680
-1.330767973673960
-1.434019790412183
0.338242282167812
-0.116974451728116
-0.473021349707592
-0.816049117094726
-1.939952581157855
-1.193398610276720
-0.016747209321801
-0.737173948254233
0.040475989111413
0.199962830642740
0.882689914837533
1.135995570987830
-0.347362494262803
-0.488429313861457
-0.203535656877841
0.171867878703828
-0.684702686188886
0.301106335170699
0.627340896498483
0.549674200326180
-0.500087397945617
0.126809005843208
-0.058865356960425
-0.366317629315217
0.005081823454896
0.674349559086235
0.339449395089934
0.333754635109611
0.068771917972782
0.518932647138577
0.321447636192742
0.925515960405457
1.195635414611657
0.202821419472719
-0.668969747233048
0.403889033615245
0.788835795918190
0.597337634400450
0.836046654432624
0.415469633415795
0.053196150673300
-0.375265900941948
-0.093937763929293
1.454571588276208
1.762141075222829
0.388526774529042
0.829569795850000
0.648802528795502
0.257626962732498
-0.771759799305792
0.038028320650449
0.889066272409211
1.957968104396338
1.614895992340412
1.097926295605805
0.369882158008840
0.299295690962310
0.301129107335964
0.832020851557579
1.825386585402903
1.737933461808403
1.246278300296537
0.129361687623114
0.093683960010086
-0.272875290218947
-1.464576655918491
-0.270506419167059
-0.077591261181047
0.627106511224136
0.931412934736518
0.079629479074978
0.151371668275365
-0.542147602970823
0.071789556003754
-0.492581137858235
0.232998525274854
-0.081105205372308
0.486810298780090
0.695561801943460
-0.728779588150089
-0.666558782429039
-1.672429249013384
-0.833559944885930
0.058723486117668
-1.338447975439705
-0.739126058462528
-0.152241056121992
-1.221816829508033
-1.064015140707578
-1.452940561766702
-1.569913127705820
-1.244956164643837
-1.676929990938600
-1.542463088711092
-1.509281100624990
-1.550631046534259
-3.492282489578462
-3.242371487145638
-1.786283777099236
-0.280635495779632
-0.051767799508478
-0.033882656823347
-0.755663890124714
-2.344229120190265
-2.703267755924800
-1.518692764502717
-0.548373832695551
-0.089888740062275
-0.327438801142600
0.105232476113886
0.327486852744120
-0.757483364893447
-1.772146420184306
-0.871961774830252
-0.351647041966200
0.401927202275327
0.337824678193908
-0.796455443955937
1.626296359854244
0.583547617196664
0.886644537409426
-0.932796935308574
-1.135579657965715
-0.751293885276757
-0.577444414442584
-0.232519359992437
-0.382034295377262
0.583080245139982
-0.402309766549400
-0.843479419748178
-0.312180936206833
0.846841070013528
0.681620165086903
0.289821967649893
-0.815943299310338
-0.045666913644348
0.265723012563109
0.602253782930057
0.424819131007158
1.249624484989627
0.377220765292429
-0.180363208584613
0.121287842252325
0.749783902531355
0.687865236937881
0.494549166578984
-0.292091596079657
-0.010269498777720
1.021087324581442
0.075501916536490
-0.975762169759309
-0.087697250151652
1.823025299211400
2.845729022641716
3.459713993524834
1.217236389220178
1.558141729186392
2.058642323546169
0.724955239580192
0.483853501170881
0.034731298373891
0.125730104079941
1.528933342524560
0.312412343956897
-0.458837134292754
0.103149674872752
1.469095655187107
-0.426559886512906
-0.000690942874981
-0.174700516112467
-0.826908070464440
-0.602822364399914
-0.585601035798583
1.239224403813578
-0.164054190578035
-0.521616813368079
0.012810702860591
0.415240655891874
-0.150562331139127
-0.628024524465068
-0.925941805057609
-1.537636791143098
-1.359526088329078
-0.991460261880652
-0.153394956559999
-0.711455225328813
-1.250372456259097
-0.754886213158817
-1.272064704482473
-1.316880773134335
-1.578954319116614
-1.368331041061126
-0.948453934740565
0.099699595248736
-0.896336174162284
-2.045449209852081
-2.646694870832210
-2.855259831813681
-1.129409571477703
-0.392645389806232
-1.157765401656475
-0.737102982987739
-0.271554862777189
-1.453172423268917
-2.417886731171653
-1.274208004288704
-0.771183393744881
-0.530328739878764
-1.403773775152177
-1.124935221997531
0.639274405600458
0.006195873479381
-1.135727821394738
-1.719057218535128
-0.982862436235142
0.468292873206994
-0.058805389642508
-0.869099509397488
0.595404497336845
1.234346738747285
-0.221576457164128
-0.802680471143824
-0.517002411426700
-1.194102213353924
-0.456252015204168
-0.176082910652836
0.053679634961357
0.386490140392085
0.829689754432384
0.535045026022989
0.109814011927268
-0.124628570764594
1.318368482675074
0.482314712152190
0.313834000178522
1.177315620906470
0.084861435618597
0.908708647269264
0.673755478293687
0.699859164641006
0.768684857854859
-0.406379367054336
-0.445973022545853
-0.233040003969452
1.194754328662444
0.066045871531853
-0.342005545293187
0.860557021425276
1.310933424485471
1.226958117481643
0.388408561078907
-0.661094896426791
0.120394307106334
2.012697653370517
3.287092729000038
2.179552407688640
0.821261125274191
1.085661292245343
0.090690127375496
-0.532619012343900
-0.503608709580465
0.130870685160849
0.352683057982399
0.079253789961430
-0.794567067450911
-0.232741516125579
0.582846231467495
-0.200268781109455
-1.142949382633500
-0.654109104378472
-1.159207819176486
-1.494574768553410
-0.592189723899813
-0.689469511857636
-1.514124208018085
-1.173126855699654
-0.341430188782258
-0.821745176526482
-0.025827663299855
-1.011963519411925
-0.771374398677631
-0.908442123906492
-2.033695268488606
-1.722386462566896
-2.056220355136238
-2.275527162593479
-2.178929578610562
-1.239540127290654
-1.502465256940479
-0.710143988211380
-1.820274141331712
-1.198790614379976
-0.016424071212731
-0.304884757135152
-0.668364618854010
-0.472637100436135
-0.840676128412198
-1.120606561901827
-1.019645095873617
-1.775722635456560
-1.504612890953780
-2.044804189954198
-0.492941691988276
-0.468616133133987
-1.380418874183282
-2.011451237692682
-1.536260005912259
-1.084603034486977
-1.468996792161505
-1.465933180186865
-0.859360485923310
-0.429733700775699
0.168440852047264
-0.944533853118593
-0.048648850974793
0.399169330497173
-0.270590910450713
0.104419986048387
0.770904972035214
0.007481428760602
-0.973016726605409
-0.921813965541816
-1.254753055034015
-1.538714483519428
-1.067255005795406
-0.743009673905791
-0.972698554767160
-0.601024616698092
0.419589405193034
-0.539931243806200
0.569367838768960
-0.022198089324260
-0.121774698018851
0.451908440175299
0.753409508908003
0.825581575243753
0.064473357837482
0.485582747456162
0.650744498921699
0.995771947948125
0.625757167853188
-0.423279030976556
0.001353561143157
0.885870939363595
0.013354903070055
0.309533258798314
0.358627706908200
0.455252546147273
1.354732025449093
1.007987037184063
0.640361354576253
-0.436924677682189
-0.131332760833870
1.163651223361327
1.757638209402681
0.353398235202806
1.539994095872318
1.523157878037286
0.109590737237039
-0.176639234894705
-0.297865885649460
0.114770785595790
-0.273210392497258
-0.302383978984323
-0.728323294722697
0.709410669287771
0.588278061634502
-0.668044028003480
-0.711066525501540
0.034348144055607
-2.259732355256765
-1.161451713727619
-0.716504836003042
-0.896123455426769
-1.136243149764310
0.342932609027850
0.115910400652776
-0.486274099307507
-0.834409624455014
-1.037933443580984
-1.050492776869790
-0.893825582215875
-1.071471872131765
-1.386526711837968
-0.882297565372147
-0.715168981894376
-1.482752501397526
-1.552860469720950
-1.368430976780827
-1.224795375632523
-1.387454447173343
-1.522577849178674
-1.304900291402982
-1.397275458575479
-1.645376515147735
-1.143311005433951
-1.554857258628278
-0.959337662233857
-1.207445701628996
-1.063366356245808
-2.036243931874193
-2.126584409436086
-0.488503282034428
-0.922990910276306
-0.450405258169698
-0.149179662924207
-0.964374409241361
-0.694020570406899
-0.983159735720566
-0.607788913937702
-0.408971545424328
-0.654257095069003
-0.709822081720241
-1.235875061596573
-0.341801071111125
0.355753537050696
0.030872972923795
0.143847972007188
0.065454905943668
-1.303177495693886
0.024192456967991
-0.001144513250248
0.651095276049132
-0.348745551622178
-0.650030319092849
0.090889616598530
-0.266073340019366
-0.009644800521655
-0.103928093866880
-0.335220363703408
0.180420861246405
-1.484573937131856
-1.348458878256509
-0.164357696952425
-0.201385395227722
0.264036934551562
0.317435824819116
0.462140094304380
0.641551262479606
0.871916610594134
1.211830762045202
0.921983458171691
0.976928971686681
-0.047903207136538
0.813857565545146
1.316993044690047
1.351252651563319
-0.330972089187619
0.208850527363214
0.258544075453783
0.172553631929557
-0.549229762835094
-0.080681903526670
1.028281032230616
0.617008633385479
1.017504319158860
1.284821495964721
0.692151575940948
1.502250986217289
1.341365105098983
-0.356966449551101
-0.018405522219224
0.086880481925618
-0.993045512863861
-0.646625115097426
-0.025741430105162
0.335114067066278
-0.134282292274159
-0.137294075933567
-0.394628936339821
-1.069958156122717
-1.092526798596916
0.076083429242379
-0.841538543639583
-0.591403880595082
1.390990067791847
1.024673949981172
-0.024962399853347
0.284695292209888
-0.759652541868381
-0.708375343291059
-1.270203313602432
-0.735137939312822
-0.400115913429482
-0.837864668019945
-0.401774908229450
-1.178271791646934
-0.250793429245690
-1.247174184088235
-1.126069465749258
-1.481856305361701
-0.479552371514995
0.012623099376579
-0.631605883183788
-1.086246815660649
-0.761079232966964
-1.445981172062340
-1.576451317036802
-0.611658830378984
-1.357278404064718
-2.203399841929800
-2.286711145512311
-1.024329911848064
-1.366404756523277
-1.303329067729063
-0.798798929026667
-1.288907143706923
-0.847735251229868
-0.278133684912259
-0.044785336457213
-0.007886728698590
-0.514375229866675
-1.572801392482497
-1.344623505433077
0.799273150774824
0.270321899494053
-0.581963647341115
-0.350748872474093
-1.002240770567519
-1.405256023556218
0.293467378156784
1.046229249321002
0.486743300168992
-0.407216593706472
0.086720104406048
0.357068708125333
-0.148432647385344
-1.125455751276794
-1.032049720005824
0.095485922183323
-1.082704211059260
-1.900314851639534
-0.901450288973801
-0.270977574243961
-0.280581581668219
1.142558054405586
1.071214957702619
1.222049117017378
0.575260852272288
0.775209816670621
0.154570751477928
0.514193558770427
0.268803047109177
0.828535693632321
1.362478826361474
1.282193374669706
0.532122800758978
-0.498871131796336
0.204595738347976
0.005122997247408
-0.237286012605857
-0.897635672449332
-0.788489244776489
0.048932096502993
0.985909200191897
0.936973162012651
1.413954419335260
1.274899329194102
1.353644342233746
0.126424655222441
-0.539907365224688
-0.290365165081163
-0.028860307826215
-0.264312821933330
0.394995037545642
0.177096078362687
-0.451234927813147
0.028280866178492
-0.233041952979825
-0.242022005219500
-0.666201634667745
-0.675923609859208
-1.146519534153954
-0.974339510101526
-0.040067136264981
0.214707108668500
1.029299879706617
0.279278153285140
-0.060140619300639
-0.466035912710646
-0.906690545983897
-0.104462359669172
0.429219229272096
-1.031993650963680
-1.144285523116697
-0.202415900163457
-0.752041983451947
-1.788214092880155
-2.177120469292127
-1.212404892998362
-1.508015640685392
-0.402487250235042
-0.735882727376502
-0.572184652013715
-0.598300341438097
-1.099774590884282
-0.742137133691760
-0.212727675913369
0.655217515061631
-0.154741022781581
-0.958371306754295
-1.790813167410187
-1.937125848870575
-2.320949949612538
-0.483244654983406
0.633847055899394
-0.707346933114025
-1.162376413863757
-1.429884027010849
-0.489482713297062
-1.014574614987868
-0.988726248813955
-2.222486138062907
-1.407351634854008
-0.103907512308613
-0.545063726131740
-0.724929317793298
-1.076386251735038
-0.807723395572507
0.686720677025580
0.612490132209581
0.538146171369331
-0.127158147713723
0.392649993873819
-1.257278921303286
-1.427533507785766
-1.330272422468523
-0.919599998363567
-0.577365876534563
-0.056124633004863
-0.076756585950193
-0.571686203839591
-0.967902837160191
-0.787465798414104
0.527412265297594
1.489304460370183
1.660619327493829
1.980234483748372
1.099416502616640
-0.024227806739462
-0.896347921384202
-0.743136603551645
-1.475636187486187
0.084016729366522
0.703017323370899
-0.143702633010171
0.013237389575066
-0.115631158801308
1.079450200308906
1.226368511294055
0.213705607584010
0.926948299657567
0.143834100830213
-0.177581858442809
1.502097449231032
2.472656492268118
0.148977108247626
1.194690345578955
1.245129651776780
0.695794665373647
-0.940173258851598
-1.614678711028748
-0.423417056711788
-0.654879058487724
-0.080067489446644
0.012112753910108
0.031972385463815
-0.489032860515188
-1.007929930849705
-1.369215348262293
-0.811818405808387
-0.406747291068366
-0.320136858673692
-0.799438608276004
-0.122693224216056
-0.571919975661984
0.588406642434347
-0.015498819160424
-0.101313368929706
-0.368202313430001
-0.339077923869750
-0.231324138012255
0.720640810494624
-1.427033846296177
-1.398892704563306
-0.865229689783221
-0.896962237393048
-1.414134611940669
-0.981650796086203
-1.097554415452420
-0.545337317631884
-0.445161367703627
-1.121239777851794
-0.572945919533642
0.421356328784345
-1.162505230317675
-0.683341906019227
-0.799828824383857
-0.225666068915914
0.697429266204953
0.264335964324247
-1.093181885320606
-1.807205737398467
-3.107714004213233
-1.057711244089399
-0.003647444605107
-0.945094937623651
-0.816270304406868
-1.861534573353192
-1.365300685188205
-0.240500569646918
-1.318380502543706
-1.607863775118082
0.052221214307698
-0.305045248179748
-0.281944229776683
-1.995682416374423
-0.935089496836670
-0.395115753040878
-0.248214644093720
-1.086457426569003
-0.549336058866356
-0.033671917262812
0.005354174455348
-0.340507233528216
-0.646988166742521
-1.378900921950253
-1.024721104521314
-1.182925058284647
-0.416808280023990
-0.399989631460343
-0.826878318252790
-0.253822932773156
-0.544248751143145
0.271450414778370
0.699220327915703
1.110568551596009
1.278084938199574
0.387725681788462
-0.040946587332639
-1.053298965588776
-0.346471731062528
0.315318904500637
0.876352295162084
1.103560148916600
1.123014826179392
-0.077524830252476
-0.468196488453260
0.630752878587973
0.969418461012208
0.906931906655362
2.018027163775184
0.633378128267623
0.527066399264964
0.518391325259277
1.658790225098352
1.363831262617491
0.863442476346965
0.480774228274661
1.174259616246192
0.853548017979354
-0.351842455165038
0.065205093203945
-0.386583674903146
-0.378753392236214
-0.130449878316057
-0.045960544203767
-0.762168253336049
0.275166559215870
-0.470855582551128
-1.294870513162584
-1.575836559654545
-1.314694746314807
-0.368872539515974
-1.494587794466112
-1.110099408889547
0.494744020457421
0.152389093273702
1.130953830026843
0.347214960314991
-0.172070274135871
-0.486758751014231
-0.405322013448291
-0.827153394923042
-0.892998521442891
-0.287662052760058
-1.050750053281887
-0.146538672224292
0.104846438540844
0.154979253055012
0.005211339062031
0.249116725925322
-0.105211495788276
0.296325693824853
0.644621182859481
-0.466488362780655
-1.337535047216205
-1.011227242203298
0.531171352564663
-0.108994209802961
-1.429817121502746
-1.961600040525333
-2.589227820926584
-1.995939116010748
-2.088474780411683
-2.673186732611442
-2.010522589964647
-1.600730000359792
-1.516530383026683
-1.554868024966874
-0.279724892645702
-0.263130477563091
-0.675905690438051
-0.069486093397829
-0.118622202034935
-0.602788026650377
-0.495976188515834
-0.853028466707975
-0.097928828069969
-1.266040993800168
-1.915886787763146
-1.663114825241089
-0.271839314231937
-0.064648572592312
0.138852435513066
-0.391233818691461
-1.021784607516458
-1.460585218988466
-0.240355789531702
0.305299562896605
-0.376467363003384
0.028121941084448
1.484838162053338
0.292786945422614
0.609170231246240
0.033625797630569
0.933150762072861
0.497034974283874
0.084295133744013
0.395984115801657
-0.185920539287034
-0.034799077423249
0.458024202420215
0.750953779341836
1.673459926172426
1.126161344052566
0.572590583709948
0.184776832221905
-0.451801474052665
0.398461390303574
0.766978279188556
0.323680495094153
-0.550797090721749
0.276551983446048
0.513362498889505
1.179925879894640
1.698279840689835
1.430646899513128
0.083193793677100
0.144754399959672
-0.113778472695873
-0.451520903925051
0.466324241398952
0.104605464136031
-0.687335591473290
-1.014385122299072
0.170031170579751
-0.802475840045517
-1.295393687557201
-0.414156889764618
-2.250465776221191
-2.505540684780053
-1.163282969219652
-0.976175493632298
0.145789516981046
-1.052707320526746
-0.408117093748237
0.085311226404973
1.271130371206551
1.566761450320125
0.790827061092331
0.352829486002605
0.035167401065144
-1.528733641036804
-1.107588794350812
-0.481463179369862
-0.287633045247251
-0.167968678704757
-0.661070980025615
-0.557277615016123
0.097017835177568
0.562576297995686
0.632138381006116
0.518071049277362
0.492477626866679
0.282475901253183
-0.883233030303478
-1.125398742837145
-0.926976850743652
-0.460841405735871
-1.420798968664605
-2.032008326374392
-2.194757380525833
-2.156570237817018
-1.225736526244184
-1.114431373041851
-2.614480838393005
-1.728091604227625
-1.431898938780745
-1.063720420583863
-0.603178301049532
-1.800886597136225
-2.248920736800587
-0.134249585614209
0.332311026604153
0.806378040789585
0.122042622206073
-1.087003772244722
-1.625472706177164
-2.274696065216811
-2.048185818545182
-1.772663918007948
-0.790933517344385
-0.554280909426780
-0.936556500115023
-0.098299507193370
-1.874461537779094
-1.727596074015108
-0.440024070288349
-0.045205658281276
-0.866679674249627
-0.463930812624049
0.368084606434091
0.860262242510095
0.404112803690903
1.122269136519401
0.569446670000117
0.902450464200536
0.724108218898477
1.240500287958110
-0.544180983643714
-0.045385248536697
0.575426477434349
0.703284630971921
0.964302614600156
1.293763051943775
0.317734007406814
-0.039425707443418
0.394595640073103
1.205194366163370
1.277609785703075
0.540910370383093
0.046317579651167
1.138967691806002
1.367999719987795
1.579805132639738
2.428147982736716
2.429306519499685
0.080375633398797
0.328338099418896
-0.286056207661271
0.163036874461074
-0.500430591579895
-0.926109655279837
-1.300402020858145
-1.122624888578372
-0.702930222064875
-2.129926183057334
-1.953034824126639
-2.374366002758657
-2.752737932098219
-0.526805961174249
-1.296094794283062
-0.542363742111748
0.987038320025357
0.495074038132690
0.965250613708112
1.078841986986576
1.296793343167176
0.946498359250464
0.912938759910834
0.377862714310345
-0.652891022187030
-1.896265400438559
-1.396361563437629
-0.297714656205719
0.202040429016710
0.190915449235514
-0.430758918100592
0.487894863443464
0.530865197738653
0.763646883502387
0.569620167716222
0.669049999868546
0.686429359714224
-0.703821882060215
-1.260791142933225
-0.809295029667934
-0.360406020898748
-0.584626949867110
-1.293907882280693
-0.787537066783563
-1.304946033098453
-0.658862824398260
-0.877215091336467
-1.025235972012683
-0.792685295210836
-0.577062665742387
-1.438762038195721
-1.762553443744400
-0.610055158153737
-2.101780883368754
-0.797054120128692
-0.346632125256372
-0.430270412083241
-0.517298635703687
0.071947047420825
-1.078605142911796
-2.353885532046522
-1.854523033091966
-1.034615880671356
-1.774880039645274
-0.209104618358713
-1.347714685331896
-1.626026544212539
-2.091935300313722
-1.806727272102722
-1.546408699909114
-1.626945357854628
-1.529324410344551
-1.311944585970046
-0.574818816267715
-0.067208817434885
-0.365539287705456
0.113358691459955
0.101811611785719
0.999269790213064
0.392381106257942
1.202359840822754
0.707242250982509
0.531496223057971
0.963717105609924
-0.244079997235533
-0.043893573528735
0.808528041354721
1.428102875914607
0.990313501901150
0.892904919117319
1.891727412949209
2.434660988094980
0.859143025448826
1.443118525362628
0.929006625777895
1.465515595736812
1.773323320639046
1.686450100310436
1.718513007629615
2.572707220903740
1.319100363987606
0.571378648485576
1.326947210868019
0.759564970422825
-0.305717528128750
-0.756916310485430
-1.002747198013398
-1.278631090530064
-1.440329098095581
-1.480631285026867
-2.472130700343030
-3.031972740111150
-2.675788128599444
-1.211601744424285
-0.804017089800850
-0.707817943969973
-1.419600882993018
-0.020162486605656
-0.817010005752799
0.398568794889572
-0.164172101675439
-0.401924222105439
0.031314898803514
0.373091489677390
-0.241392368478704
-0.728611172843363
-1.032140452295936
-0.941104465317452
-1.195967720700835
0.303807429262617
-0.188283534427596
0.154934243295081
-0.002572177098343
1.141814635588509
2.137126815463236
1.144310961749605
1.418378418522931
0.414605361956263
-0.219053083480382
0.859804616296476
-0.383683206056990
-0.871284389666914
-0.885140465484125
-0.947099316526033
-1.290373362322726
-1.158091647454184
-0.936054920749720
-1.847184676894964
-1.320037757743623
-0.519840855648552
-1.163424503011658
-1.282243262867881
-0.380652875739273
-0.168998437499536
-0.329518803809598
-0.757402250282027
-0.693839553286336
-0.727682076677000
-1.260433869268393
-0.991480687714896
-1.671885250947657
-1.289566619472959
-1.124036961031673
0.013402055820923
-2.023659005158879
-2.264274141961442
-2.236946579935984
-1.233112818959079
-1.256023848520975
-1.826701720906674
-0.725675184397386
-1.527898821364809
-1.340367778344418
-0.513523361738251
-0.441493709708792
-0.130780174888865
0.815480494203884
0.069252218040410
1.169402178366287
1.206900896991184
0.380803385113441
0.492898668595964
0.798896363732850
1.695984010220191
0.422376968468485
-0.643514845278987
-0.129801733979447
1.706058028024277
0.279842143250913
-0.058021494887962
1.891568041508257
2.704306670884429
1.245399226590643
1.145539357180174
0.598777330516566
1.694460822405758
2.192272379889930
1.540768326643356
0.591999979667129
0.609092148381891
1.203279481980505
1.377236847970625
1.468802412924369
0.557835315123489
0.261222403346755
-0.769158587202539
-1.499534648525971
-1.049417169095215
-1.100933796665899
-1.364803922186309
-2.696330654388881
-2.611713941028170
-2.388004780519795
-1.869305107052017
-0.966146503358069
-0.903757495337562
-1.845904063071789
-0.360978783057779
0.248189272014788
0.527011655368777
-0.056170875602495
-0.540339898435313
0.039358212771335
0.249455993119217
0.162473370722979
-0.397092054018385
-0.050586987234472
-1.126844291570090
-0.668120343554260
0.401573291218449
0.697652213903591
-0.859871219849428
0.170521771205374
0.836645171187456
1.103958950873427
0.885453080260396
0.757374387991415
0.491941425285698
-0.577274294583227
-0.501505595401386
-1.056799888295709
-0.710796513296909
-0.377272465849493
-1.811423101949912
-1.701159882379988
-2.450644096199779
-1.056778845246791
-1.456679306862133
-1.739288094056467
-1.358858488120280
-1.274475183935279
-0.853993407863139
0.065770942614699
0.049318600242426
0.019495312576576
-0.769437377851402
-0.966558218237858
-1.608595896740454
-1.749246433477388
-2.049173951303681
-2.508394856094109
-1.866207676002559
-1.043304163346535
-0.803875852294950
-1.619619972293701
-1.839483655457455
-2.529947484352284
-2.129703878357709
-0.640519209401347
-0.996600965824029
-0.008746307829283
0.110489823217938
-0.171967229306762
-1.149049922240474
-0.548389329577318
-0.593412722053132
0.329873909577844
0.580103127328665
1.673812156794817
0.272897815930592
0.120496008488518
0.394506831645918
0.648086541133039
1.174778653379723
0.152074862052266
-0.335841352245247
0.216273614082917
-0.228514537691697
-0.310829173151869
-0.001639640028285
1.155068989194629
0.315825489379810
0.953105127090239
0.747026669279134
0.528743929461293
1.446760045180896
2.046571056724200
1.406636681847289
1.344338487580458
0.521899302869862
0.946123258637985
0.249767632938441
0.951411131485577
1.313538889073913
0.215562307262066
-0.976274781879091
-0.570582752201398
-0.786628874338244
-2.397446070729867
-1.072841020456323
-2.233130042258055
-2.761284560840031
-1.413490818774764
-2.953946726270286
-1.526754784008352
-0.296009013861492
-1.471258241078626
-1.237190054479728
-0.681770505640718
-0.017748455725263
0.266643418743113
-1.233611000010978
-0.963230561457542
-0.370433819581271
0.174859838043504
0.501543794677151
0.027150549154684
0.018354688926451
-0.187279970229544
0.060112556627285
1.018586559241530
1.075094695981617
0.705766357941928
-0.281911495980712
-0.307783209048737
-0.031758271659204
-0.082597896506022
-0.100145491826895
-1.498996693891233
-1.442874047388875
-1.263578206571118
-0.364611203086204
-0.076715126176874
-1.756765921543245
-1.271537304195226
-0.889627909763603
-1.576474491796105
-1.431165780617799
-1.265118542613464
-1.497323604968062
-1.002217863428984
-0.904068045981044
-0.819709399334558
-0.736142908173326
0.510083960188413
-0.759770050559018
-0.196549782375502
-1.384842092331587
-1.881244155955879
-3.796444950457245
-2.893014688530422
-1.727343870401869
-1.184718387903663
-1.034080571277606
-0.699022111104525
-0.970725298988446
-1.075932320415816
-1.385357754463312
-0.536557990246009
-0.759481686437102
-0.381981275169343
0.719495464188576
-0.044706414683892
-0.540873162631123
0.081973058805597
-0.192703991219368
0.511758217751417
1.011795601398544
0.740539158184556
-0.032785249788272
0.339687955543336
0.775467098240749
1.087538007975279
0.607791730349355
0.233927137316812
-0.881314937792741
0.008739195976774
-0.036732554662792
0.544730216289522
0.800533387599784
1.062934050095394
0.097131010599156
0.739801837256515
0.355535355932608
0.329394592462242
1.242627008039514
1.207570310488423
0.984807497552635
0.607524470365052
0.683493353140358
0.848630522720877
0.057221533527260
0.352367242629740
0.033032393206001
-0.368145715790232
-1.573424778777092
-1.426724246143802
-1.487353185351214
-2.055242125315355
-1.384642717195621
-1.842148828709073
-1.796899771677928
-1.471443227672231
-2.285202290243118
-0.627920387910964
0.698898748124558
0.382409857629350
-0.282310367220586
-0.798078784074784
0.239379709908669
0.236907230824472
-1.421463139370335
-2.248015607253550
-1.084307605481831
0.119968063241088
0.167429124290114
0.862188576485840
-0.792229263894475
-0.108757668871113
-0.335588448444293
0.224086340246424
0.665446958802658
0.792510993266315
-0.386311425623130
-1.331083420695668
-0.753263793085153
0.146647412334070
-0.634361974466171
-1.407876666766269
-0.908965445184710
0.286227847705875
-0.211586108949607
-0.815211242521437
-0.389345709759375
-0.539914095573972
-0.892628903573677
-1.292329474610915
-2.059734100386719
-1.274811193595483
-1.587112629234738
-1.197527632213186
-0.534975728424648
-1.378196026220317
-0.910920848829030
-0.264899727793046
-0.716419558010007
-0.499879870452444
-1.409141578736813
-3.399918197059317
-2.973960780788714
-3.039742617532747
-1.883412471557781
-1.267200509730720
0.016393710443531
-0.179177949769325
-0.604072402616671
-0.754932493969092
-0.437029235410631
-0.055965749624517
-0.498548696516050
-0.798217044056562
0.448211994972562
1.234018075028395
0.618360428291830
0.160654682162357
0.435117438635483
-0.039292975570270
0.573986722248018
-0.498952855035981
0.049433388641219
0.940522659419952
0.818482465979971
1.604289285497845
1.174236302054576
0.402941687716931
-0.376169121142527
0.185683643843680
-0.181675664133539
0.664089447840390
1.940655747271041
2.429265527692885
1.357162129813358
0.685021310834778
0.338764640606767
-0.316456962840569
0.439452899651450
0.038740334440935
1.153645176501995
0.950134784675182
1.260571777590621
0.056210620853398
0.568421069489039
1.121834186199832
1.233794395843322
-0.079349706637385
-1.984382601992332
-1.765773934611150
-0.951269299173306
-1.771323829480466
-1.470404619309843
-0.698988944929477
-1.202161074530019
-0.569245296072053
-0.089470808695781
-0.455076472518886
-0.307171670658001
1.025870867857987
0.113867137491704
-0.089137732187373
0.258748579918676
-1.162511842480852
-0.687338743648050
-0.938663469661931
-1.712976257149113
-1.325184459090694
-1.329439912672956
-0.747769869099112
-2.022113004234505
-1.179907305875425
-0.349770371559369
0.912020497244498
1.646629476467502
0.358472148713203
-0.642301397442290
-1.049907435565530
-0.098698735657008
-0.053765842972721
0.450735783883675
0.479732758677568
0.380220845177037
0.363997705543633
-0.176343621648575
0.106824410331292
-0.569794825334136
-0.808461436446131
-0.035831649718210
-0.118696402199501
-0.536010793029371
-1.698369055439341
-1.427355641825083
-0.434566325899854
-1.289276549235308
-1.761363998875809
-2.190028617098745
-1.202577671922444
-1.872163957511631
-0.977916429922050
-1.633637234989915
-3.041743413593434
-3.076367875440792
-1.749131034810701
-2.141629095751952
-1.704021114446404
-0.518070012578755
-0.808350813740757
-0.112728390808547
-0.312807279123304
0.306400775994505
-0.610067920249364
-1.364555136385280
-0.518370675929928
-0.235698180149896
0.725459101920294
0.433217590403290
0.144011331692887
0.814430282068906
0.176426504547984
-1.169836402991073
-0.513997179914969
-0.017361800765488
1.177488586028832
0.921933565394087
0.649150663875337
0.987488468875202
1.100156688078235
1.512907380961646
1.148945233924763
0.119871126849848
1.059561258801196
1.639829510309612
2.354792544456890
1.852062478636923
0.947157788130466
0.309064293813593
-0.975629433554495
-0.723209281936014
0.955880233075683
0.481865717422907
0.476445972841555
0.828962308255764
1.082749158561676
1.372030417092946
1.577295835020184
0.877393010751098
-0.329668795455495
-0.813873146747091
-0.467360819949992
-1.777578459374304
-1.625416853763695
-1.542971496791763
-1.894520651063958
-1.006467303878264
-1.274202358617178
-0.378745802055664
0.261598877277580
0.852502363076613
1.795542627839710
0.017235205957482
0.433172468337529
-0.774634267723578
-0.861455429102411
-0.138154513069333
-0.758609849264015
0.101296922011930
-0.295856921182240
-0.509967530421905
-1.154596895514289
-1.328312480844980
-0.392996047922100
0.773425297589514
0.419802614067319
0.122075643712957
-0.366675561294955
-1.069606221832512
-0.612927408328806
-0.883898680146223
0.558715387535786
0.080903637881743
1.213984498022282
0.761036374712097
0.385441308398233
0.725166629882683
0.794909784274319
0.172796734254773
0.019089124536387
-0.198524657441222
-0.502177595091557
-2.208054771301967
-1.868691727872832
-1.180563747204443
-0.455933018078269
0.104326904667434
-0.360927125237717
-1.868955524162562
-1.508776192616722
-1.493937083125825
-1.102176774095827
-2.462760909286901
-3.073526045973166
-2.460659377738846
-2.453479425359369
-1.844799750869933
-0.551710628818704
-1.129964556236075
-0.491219347746443
-0.984511059586945
-0.597092195809563
-0.190339608233662
0.210976871532269
1.065053090269628
0.143958105625731
0.611758195365926
1.072517356990498
0.029338144300538
0.161030101558440
0.707359515904165
0.449483189862754
0.288381489076794
-0.477113270415944
0.321633041317097
1.141385580235639
0.453128943657247
0.253496474948560
1.196927334150527
1.795957484831124
1.530923704737038
0.837233300160676
1.139368094549685
2.140378132932015
1.431234639906578
1.590734601975066
1.980772223975520
0.754030781475243
-0.152451519504200
-0.551665203382982
-0.575090788946295
0.316279190076514
0.341190304155874
0.431584879194926
1.890469520958106
1.962857690805573
1.456001960128623
1.072498108837128
1.054567513721954
-0.803994186334473
-0.273888868673421
-1.505226935429755
-1.431404646384751
-0.769592742382057
-1.755775092879873
-1.719348653440949
-0.837129474824590
-0.454458148870957
-0.623322969731280
0.042846537651801
0.329880174896828
1.130811903678418
-0.375258506701072
-0.325350368240255
-0.924763878816128
-0.931058741417610
-0.201378037818920
0.171106870646888
0.499064858941261
1.040367933865816
0.809053046768953
0.306107695249862
-0.720989322574039
0.218890394043088
0.279655876990889
0.670451731812331
0.177263077942323
0.105193350640994
-0.983811822633690
-0.733993896856110
-0.376593350112531
0.529642146644122
0.459631576007532
0.348094725952066
0.288110693685737
0.081814291795389
1.011879711487578
0.556664262795013
0.940324732861303
0.075951875465981
-0.511897469047652
0.124296530226488
-1.435153946757985
-1.589384238508988
0.598556274358623
0.425174446090053
-0.778694308146557
-1.414109663967457
-1.908361027063716
-1.936332571390290
-0.990597823030788
-1.532974198256254
-2.128900405901376
-2.500685281147407
-2.292402068612690
-1.868770724022509
-1.008651916186604
-1.225645749613195
0.109746942593898
0.296701285097894
-1.198681044816390
-0.918635638429108
-0.698860907554757
0.102357483983949
0.636964038134690
0.027643135649882
1.373370070375453
0.995000825894197
0.283109290041964
0.471312968169964
1.510780048385274
0.436596465075816
1.315151468366595
-0.112068081367921
0.403614754797353
-0.141116569686985
-0.286353004703370
0.195517711058370
1.089118147977441
1.257245383851690
0.909708337401615
0.949264096887744
1.829028536656564
2.821738745364501
1.826561539419334
1.945846714334136
1.707656979317672
0.765912960862611
-0.025896523796910
0.785744790800477
-0.259269792380855
-0.385613402778106
0.531098293151627
1.265037443799788
1.178519550195065
1.361155361954795
1.985998530916911
1.811101907215588
0.832100876425226
0.589390319615694
-1.910870508527906
-1.221460905594996
-0.776190228320220
-0.826282224287537
-0.655888090784871
-0.006849442020414
0.925788575129383
-0.285811984790229
0.996781722079429
1.148135588923734
0.524296037022989
0.516160893449399
-0.703386342573810
-0.045207149651585
-1.044214407960645
-0.994835566008534
-0.165959263471993
0.581451590426109
-0.590817471152937
0.659322497984607
0.774401482590168
0.972253186116300
0.872154765359603
0.932401661263550
-0.109059193040009
-0.090089282693235
-0.356614593298052
-1.034389572491026
-0.605542882153379
-0.896378086955317
-1.067071327960261
0.006660869014467
1.209669042241155
-0.062536049850313
-0.431144795388984
0.558197382232269
0.701854748651041
0.379914134019959
1.362459497612678
0.579403627372520
-0.538547633042483
-0.642217843795863
-0.764709151387040
-0.541762258050481
0.357356003793136
-0.524599943928767
-1.370361014264498
-1.482184324964016
-2.118779306822555
-0.243236530634770
-1.234667427318845
-0.872212124316108
-0.364391999029858
-1.301502026668112
-2.242583310189096
-2.705274707317792
-0.702823758730855
-0.576237408051798
0.502837272416368
0.569783698371434
0.685576978750786
0.058440990597362
-0.963347629828065
-1.148057693159582
0.037426689281162
-0.379924176371287
-0.153797441785185
-0.118341589631905
-0.558885333617685
-0.091377671062452
1.107649524312117
0.001546011841768
0.803141993572092
0.506489180747138
0.263850037452016
-1.074621267951224
-1.939578411287594
-0.502338535097152
0.188746900728153
0.197510051597799
0.762807433120753
0.897855513794900
1.065113343516415
0.887845745182346
1.032458073669785
0.726429733315313
0.756364107997960
0.171804968640503
0.150355692195165
0.291852841563844
-0.009806939813172
0.552827692210859
-0.113599213277886
0.229859972153696
0.516597241827266
1.000676077769580
1.483973143237470
1.602938516872811
0.822523860752691
-0.141142946615231
-1.126723685098107
-0.985849767653850
-0.505339281100376
0.361729078218683
0.370514918206870
-0.063308608103244
0.546860658638281
0.432194856149372
0.742390902519397
0.540294093741960
0.548694107252695
0.008541393824192
-0.412729613103613
0.743597997640103
0.001862948437033
-0.476041742743257
-0.610025769070700
0.014040859321361
1.012093566170021
1.436117306794069
0.023700087882290
0.465164956131085
0.170842242712628
0.096429207729355
-0.631972916918203
-0.960323231030986
-1.445040666360582
-1.237746205139452
-1.461600665579132
-2.267600815750987
-0.994332079361643
-0.146929174670848
-0.028270687329179
-0.442441992576445
-0.927407914511887
0.793072326913735
-0.080013919186202
0.388637254841140
0.878841911616616
-0.022803500746248
-0.620712020128593
0.606256369222059
0.404751631886958
-0.475352558414385
-0.299479721998419
-0.301649226177582
-0.855727816854240
-1.371055421308276
-1.702452234018992
-0.854480349530944
-1.168918091607922
-1.635735762436867
-0.847109557403667
-1.552737767010860
-2.359727675328434
-1.965937182131507
-2.043712991543671
-0.568759139956463
1.179719676268302
1.289725192143104
1.389898271829368
1.010923472148701
-0.301835760104519
-0.240904043885113
-1.265641712603527
-0.847096803549537
-0.714685376796252
-1.063319053825593
0.075861248550563
-0.469119763440304
-0.242224889913472
0.490701752835307
1.832868588887977
0.339648853148105
1.134154093502807
-0.115001228133056
-1.791740961331435
0.008608374462088
0.745953269467761
-0.126280497672115
0.464983230673535
0.422719162011365
-0.191082976760231
1.325469224964799
0.531627723201187
0.327401316944931
0.253506343126404
-0.016119639437539
-0.010001223438766
0.423635350611705
0.784987336306338
0.331023306762400
0.393751247096245
0.305121458801426
-0.007360853769393
1.043142233083098
1.746509626992939
2.350765913941995
1.892067349522345
0.290546912442810
0.241294246934844
-1.414081581713931
-0.113382727360804
1.122365096485320
0.199891843787285
0.882742127406337
0.698436739243094
0.892652478620787
0.578285684869005
1.537642445175492
1.156684025175839
0.311814376364708
-0.393713893626282
-0.320276818346908
-0.624272264600144
-0.990152809239056
-0.427068929761981
0.204070171861862
1.816264632745776
1.685088991182657
-0.816880528429731
-0.222121858229587
-0.046710422568644
-0.095695715379510
-0.739048237745631
-1.593593577384464
-1.143285281981273
-1.740153703064595
-1.621726718391192
-2.690825464297242
-0.912472095421080
-0.626202251913449
-0.329576544152162
-0.781233644043027
-0.431149504610481
-0.396390144896738
-0.773788580453083
0.562238272294048
-0.126613752155554
0.401800017861239
0.289568615216488
1.369721423958558
0.458736697361681
-0.826443223095751
-0.310760867270565
-0.698738493714296
-1.776067851011087
-1.583778204342406
-1.983317368487844
-0.469523125234512
-0.054236413724637
-0.535501842757136
-1.485359337687926
-1.342595430139462
-1.442607711274320
-1.448725983378685
0.199822198597197
-0.195454576524582
1.312957565090268
0.238096956009236
0.216141882714386
-0.369343444593000
-0.062651386633379
0.376515898172318
-0.065359034965692
-1.147709598747509
-0.347476631453171
0.346603373506392
0.630438045964861
-0.541757308840810
-0.053518048811706
1.619590488929838
2.531991235512060
1.764307492315450
1.320642595748511
0.674253646437010
-0.087970474997152
0.135802869509647
0.837510648652431
-0.871745570822116
-0.000548914702552
0.792528781910480
0.614997154468471
1.738419372150646
0.747863971761174
-0.103506816894531
0.633144137245750
1.244896794907177
0.145066267687245
-0.165926943977588
1.506606769680111
1.574273674984314
1.045119488123104
1.854156985826543
1.424884683345263
1.577020775807801
1.372860519298741
2.064281000034820
0.545648310744562
0.816671958537924
1.162957318881425
-0.410309020537321
-0.110619615710925
0.972075997557867
0.819349395012071
1.871384883421195
0.236032141396150
1.012105164056466
0.365124354630422
1.013128618886893
0.650803233426398
0.931061824413276
-0.394063032772255
0.187003423163792
-1.361066070204670
-0.296905475831786
0.126599948535029
-0.109315669524841
-0.020068963351287
-0.694947154834139
-1.282383049180739
-1.214240038893027
-0.831286537242635
-0.914967846713896
-0.824686419393378
-1.766427788331536
-2.518979882035127
-2.482766436778382
-2.337232527861058
-1.368673141701202
-0.528570297494726
-0.744510122355584
-0.332253127363374
-1.239064642456443
-1.392895081212643
0.593995645825516
-0.268737046548038
-0.595513033032929
-0.455665928089318
0.720071957163589
0.305555262111182
-0.261524791900532
0.530863903814654
-1.153330264537484
-0.705156467693366
-0.869772210221641
-1.725043065477399
-1.327293514243443
-0.784476088811060
0.042734651497111
-0.333960685144337
-1.362700515003206
-1.610311210011791
-0.435352614106591
0.056236204323297
-0.456870340365384
0.511107341530519
0.090404472429829
0.713608774703550
0.733073765127195
0.979967055259586
0.360675454589637
1.483366817013141
0.615431247289440
0.043706706231449
-0.990664763691336
0.207413793435354
0.054129523400357
0.459312747814194
0.132073903399528
0.304335425733675
-0.749935115481233
0.522064534375084
0.270427550891577
0.901942757474061
0.157384050199136
-0.304649018284785
0.311957973506000
1.142996687026319
0.153458954217781
0.548962088729860
0.561413452783097
0.668516950524055
0.984647759704824
1.688938713641171
1.466193779004169
0.302215700417127
-0.176904003447629
-0.179722586143895
0.171273109565733
1.309461958455147
1.249736349660051
1.045870129410693
1.156895457321965
0.689189694761747
0.974081200337392
1.769403439563213
1.266086981318914
-0.326592437089656
0.498450382033549
1.171302470061083
0.229884341009335
0.713577318791450
1.088375983498336
0.763253082412918
1.621606747866078
1.205441606918715
1.251345065801960
0.796511506899117
0.567527932068707
0.289806651550567
0.608897107877754
0.417718294892371
-0.314476377510674
-0.790266764452683
-1.288438542360987
0.204222965656807
-0.846236597623304
-2.232620929469966
-2.382404820028238
-1.005226914825135
-1.319865956588248
-0.868570872481897
-1.407664935644088
-1.699317138192603
-1.647045174494984
-1.217131637535483
-0.847850512235303
-1.290865393209759
-0.903146504758134
-0.723080584049949
-1.450238470020575
-1.692718230640760
-1.904730372823326
-1.385774513258795
0.152768912120329
-0.188669395830123
-0.451837541078664
-0.041311034849956
-0.025230469231850
-0.599873147857710
-0.130139892588778
1.101205329896952
-0.367115786683493
-0.846251592312277
-0.359217237899116
-0.136019256134171
-0.214911058209601
-0.821388910643678
-0.382016799832201
-0.833358731458791
-1.215595743091395
-1.779513456672264
-1.028556852838266
0.117705891701136
1.697203709619936
0.905296371138525
0.300035034567980
1.579181829706634
1.217344292785941
1.171002566440502
0.322774996630147
1.395907244290781
1.436088130194399
0.656408068610178
0.066043180109031
0.654453660160197
-0.688169626454075
0.076770555848257
0.785723855085337
0.515793555927361
-0.509715740887043
0.067353593890620
0.374817496772578
0.847062708884352
0.481948015228548
-0.072699515702121
-0.100240919068304
0.234918221404261
0.140114721866846
0.228506800409431
0.327735142626230
0.497573413500062
1.959862199823093
1.860063462860371
1.977793406659122
1.468724099995564
1.037545292640188
0.564439184647930
0.230499172166574
0.035529142163179
0.541172320970646
0.685524449144363
0.601382297967291
-0.185904868559120
0.294430527399458
0.798011653366030
1.420616484829027
0.031037325035055
0.329179939831604
0.639892582592627
0.943662360338113
1.012858795118961
-0.490180359388912
0.974530576873403
2.333720475637012
1.411251631975348
0.773950060209271
0.008390208204138
0.808294991157654
-0.257160861141197
0.595470974829032
-1.151380113058315
-1.098828287041667
-0.333941854347585
-1.550993444699254
-0.387076011750750
-1.060119510001006
-2.126861076709121
-2.095299584717536
-1.327433725849438
-1.850293902398871
-1.633820684560142
-1.894489445224614
-1.607580495130149
-1.928179592832574
-0.963453926306091
-1.023785815870118
-0.400379025165370
-1.186834927197024
-0.770335216528378
-0.997483200624069
-1.153429203244396
-1.223418272072481
-1.701683826714162
0.452481518052536
0.686506645582148
0.660309684413794
0.083084968898026
-0.327691869729013
-0.091122617513747
-0.049296168994726
-0.604040668825107
-0.393794002103812
-0.671934594921499
-0.615999880287024
-0.810059459972981
-0.529061697740220
0.585036511709279
-0.662852330110419
-0.775100838691768
-0.561571576719559
-2.134495658381411
-1.431599438569040
0.835627894335951
0.609742529248495
0.165338799351730
-0.449672677513125
0.682302012986128
0.494792875970524
1.422925613576897
2.174919378233776
1.185020744197873
1.619555596836131
1.141296122103353
-0.243741330265588
0.832627629342282
0.957390771641775
0.425958773999740
-0.683341211045210
-0.467748028520444
0.618333877436545
-0.119766872695861
-0.623651757298733
0.540265641670845
0.168916527819635
-0.825433954958875
-0.554224565962953
0.504636710930795
-0.562999000399588
0.229605666114213
0.376835731160122
2.453754170181101
3.110230866591107
0.848223759424622
1.205255812794139
0.843600512145580
-0.297076069118535
0.449695085084418
0.491682647337681
0.384161472244963
-0.324871582976321
-0.098258163980164
0.957064800502336
-0.301026072742513
0.419040126464950
1.458725979503602
1.556155494648718
1.003996442886449
0.540164876459489
1.275760445233916
1.409817244928513
1.306612147021151
1.363702859676410
1.228247766335929
0.737336150254723
0.362391444627942
0.656684417008828
1.095409035296287
0.970591571204822
1.011376366101179
0.274575680504265
-0.510235915894371
-1.063251518775709
-1.648630007439920
-1.688914635881667
-1.116158970908167
-1.110547527228104
-0.506793445649486
-1.790656546378271
-1.669878511111958
-1.390206869817605
-0.913090669592028
-1.156991963572799
-1.396940304414216
-0.470084814734959
0.482654447863015
-0.222592514973503
0.143512517253744
-0.079362236135208
-1.251381248334925
-0.782770668274703
0.285395510262170
-0.205879370519421
0.081501793514552
0.610386825244871
0.784241693016198
1.000199553758426
-0.587156770988235
0.599996657636092
0.703283209479332
0.036315148509608
-0.380325474922402
-0.684614020065973
-1.133773808597025
-0.095966304737772
0.276695776199220
0.260639329741539
-1.143202793749621
-2.742898684478051
-1.549867342946446
-0.372522643463701
-2.641716597016139
-1.417205133539266
-0.464282179290077
0.148582318859101
-0.437359046863306
-0.343858703857998
-0.039976052323066
0.563426993248219
0.022165457725426
1.224552766564343
2.140009064778478
1.481830751128931
0.684768823638228
-0.352016627165509
0.003534010177390
1.218575517386583
1.540958260778440
0.195342233161574
-0.070490990146802
0.395412076358290
-0.012720875032943
0.659369690381711
0.236519558870724
0.465467245209611
0.033630131200385
0.459677535512793
0.116567723602050
-0.543902715395231
0.091452866122918
0.525783818482318
1.042539778775324
0.651718481804185
0.836758862318483
1.037306905248258
-0.622698892883897
-0.880625518222706
1.309552537101718
0.967679913360102
0.568690922248674
0.885174399917467
-0.037683280053265
-0.164199270381688
-0.668566332667488
0.156907097237545
0.997791608008971
1.554203218640387
1.878329004658100
0.861689465058140
-0.052018577488396
-0.168191938018728
1.180997813217101
0.565060850470600
0.306504619792186
0.209542104790296
0.878769186251794
1.207316863757422
1.181151144107964
0.329851579350399
-0.309972373377791
0.440837769172928
0.417298333237439
0.252962704428194
-1.046803603421530
-1.351691247727050
-0.082738722941979
0.366023597684655
0.641504672655101
-0.423108119266248
-1.534865729972033
-0.623369638650028
-1.320244471965735
-0.848345858551906
-0.711836034177161
-0.117098517823665
0.181103063588639
0.711064586721193
0.170568105655623
-0.003365721574879
0.240132081510627
-0.341502338285466
1.003410789470609
0.985689201032435
0.348613241270539
0.365569972382629
0.651372541425240
-0.201580305578924
-0.162477710989586
-0.482652548339439
0.158753856735717
0.367603902527369
-0.191146765285962
-1.535805841451740
-1.064980549708666
-0.900878208318578
-0.283369308833612
-0.221755786149803
-1.846205349957728
-2.490517665504663
-0.768984185778342
-0.454479502215986
-1.395330417062382
-1.134624208695156
0.265568057765265
0.153569183236120
0.302425674782919
-0.090574271270395
0.722087495088945
1.548753279045501
0.383264963099987
0.240436792956172
-0.677900811428791
-0.035572188009007
0.625292749644205
0.533379750585241
0.188416499221559
0.698581700834151
0.509710458862866
0.484438172423473
0.603563465863122
0.479064461672338
0.706276921075361
0.586079125422824
0.928086243084666
-0.002496729452652
0.299630428647576
-0.603542213100122
-0.489699523616335
-0.513541163309521
-0.114951419110389
-0.187112122458665
0.356144415580485
-0.514553837743059
1.270578504460446
1.319510259487433
0.924555436262409
0.265950600090528
0.865656125814077
0.980710313852237
1.198039274930973
1.335152285167855
0.315917029710528
0.044987835891057
-0.112067650914632
-1.089257775081802
1.591928769513254
0.920131434960088
0.969674253693753
0.842154727715392
-0.451495155189441
0.318280847572077
0.917613169745102
-0.101312808078353
0.034194459284210
-0.032465411270740
0.604228212414091
1.695061060157554
1.007270411063800
0.279202457499324
0.507264651122686
0.542061837952115
1.469376061732315
1.118743509395922
0.202808992075113
-0.776548437143027
-1.188091543307833
-1.081285947572674
-0.590981867969737
0.459972505573819
-0.086998008479671
-0.905325272121577
0.116195745375707
-0.321433986392653
-0.391655994186741
-0.067379127595461
-0.271762501548471
0.906897206651230
1.034779922231255
0.529595382588663
-0.170009553657175
-0.141116320848586
1.841661723509342
0.314144314549768
-0.061379884066455
0.931703419387884
-0.258656149289864
-0.352038948824066
-0.614557390884233
-0.555084960263943
-0.045346622297465
-1.382782026215788
-0.592184495343571
-1.667304821126163
-1.465863137493812
-1.404639077585287
-1.158286700197142
-1.456246059484765
-1.339405790849578
-1.927009720243775
-1.059993479567918
-1.628515565945273
-1.087942381486083
-1.091707898945878
-1.084788585008660
-1.378036439669619
-0.255093011879457
-0.510296611904086
0.503709438329409
0.116508763559495
0.577280760407795
0.503575464858629
0.236498346186639
0.447541245770212
0.377247809274554
-0.279370985316300
0.686997961425432
1.362066774501203
0.193120032124110
0.488266665668242
0.728706402142229
1.174799286655583
0.633942314876740
-0.772844688489830
1.295222018002138
0.750672691828680
1.114169873297597
-0.287694002665343
1.431957963224655
0.985657492475350
0.299161823137717
-0.287846727772348
0.671527746903951
-0.176912571072576
0.453376723537726
0.632127834533426
0.322291158194659
0.503747545044916
0.217533653607762
0.487652328553372
0.093752572819445
0.458119671887289
-0.789072462003711
-1.075850394217042
-0.803885616723150
-0.721960758854530
0.529527246294906
-0.614744165272150
-0.327364263404432
-0.567445028996349
-1.440130728100127
-0.538638013958397
-0.914335710096633
-0.861482364712995
-0.724837818078497
-0.364956211002045
-0.195943036128962
-0.268616029820081
-0.465257199616234
-0.040231682231554
0.299974985437909
-0.293917018814933
-0.562431136590288
0.153093259960771
-0.594499607295980
-2.752615867065332
-2.398508228661592
-2.220367085342493
-1.385479199533685
0.126494228033444
1.189416894354366
-0.523908330652366
-0.383722212825071
-0.550070062168707
-0.190004950605550
0.079940885659205
0.308932095089909
0.456274560085314
0.729046072421011
0.990829797057016
0.699916641986518
0.664895302480925
0.396233684387717
-1.121806785282890
-0.978952954663222
-1.474860196913191
-1.632738097462659
-1.043072967710750
-1.702788108930672
-0.609901308807955
-0.308489946658707
-0.131967890791942
-0.472915496258049
-1.058124872002926
-0.407869306014537
-0.085659815866327
-0.731846202947208
-0.980765438484767
-1.015921835980185
-0.926853894876951
-0.823587408624027
-1.711661017618428
-1.399677899732125
-1.400021943482122
-2.662426110826216
-2.017479894344602
-0.283093508412787
0.032600593868356
-0.642527761139404
-0.070736280353829
0.560961364860540
0.109040786129638
0.537661557073276
0.463213415243418
0.156340623624351
-0.811832537911567
0.284234520611933
-0.255703637425372
0.355464650469403
0.695958409876605
-0.114458916221268
1.208434867866634
0.203857791794205
0.622190061003718
1.118276013531915
0.440749064301761
-0.014669987461855
-0.694742535414278
0.591774885649701
0.907695448183797
0.504937183507214
0.017577236175409
0.227244382819825
1.439794242667634
0.866051385197207
0.831786133590233
0.686252844297801
0.771399006402521
0.692773365628610
-0.713122772184567
-0.815811489541316
-0.138718739367117
-0.857776037040791
-2.578198390864504
-1.558272606409914
-0.635292928250717
0.134794897797107
-0.257464047252970
-0.377582325425511
-0.273566728317907
-0.927224417132762
-1.204474139627531
-1.101278181896197
-1.125948507160280
-1.211272949025319
-0.121569347582845
-0.432088490385509
1.068876385838108
1.196058884077841
0.768470588095608
0.064687097721216
-0.743361817498232
-1.328981962355440
-1.286861563617874
-0.800429526788608
-1.116863204291243
-0.533993092991245
-0.703529765703109
-1.743284353579007
-1.612508342127583
-0.135773913393690
-0.007074143506591
-0.264410954580821
-0.901641286896337
-0.929484483675286
-0.569256399648659
-0.103989014148903
0.241042799344701
0.539751521208504
1.098307853050080
0.243358562352890
0.063685398164846
-0.250840816542938
-0.327857896918204
-0.593857212256253
-0.631221712198764
-2.067704812371263
-1.582680672725658
-1.185014339396956
-1.307013621287504
-0.959059031729367
-0.496583845112865
-0.594171410798526
0.057635741648473
-0.538955573798258
-0.216079978598305
-0.354962300195107
0.924647775765820
0.889140957311097
0.014729555047500
-0.516340043169197
-1.327725724944444
-2.215874765369604
-1.481664105092332
-0.256439069873022
-0.037475594948084
-0.378738001978968
-0.016451728215384
-0.315157013775887
0.079307326766998
0.209137035201015
0.653800254965658
0.241594897502231
-0.965624397480086
-1.129284413730828
0.583304592772149
0.908491773955551
0.176237708073622
0.251183564254999
1.680578851762757
0.109755884338361
1.008547900031971
1.237225803328182
0.316769372437202
0.527780066083055
0.932339281681870
-0.148850443110241
-0.596850777534808
0.023049314566603
-0.085446215744731
-0.846573467345061
-0.173130242948024
0.793513901203380
1.194006425161503
0.583040766310144
-0.502076869774479
0.413454975606962
0.594370345669390
1.390396164498503
0.815169455414337
-0.951346225874025
-1.845088374002846
-0.724934173541998
-0.758673503723435
-1.092455433960665
-1.421501386264217
-0.453462151412658
0.185541637324096
-0.867562207718249
-0.631056895533914
-0.361736599225665
-1.054879935380993
-1.088235726114629
-0.894092129620430
-0.416014535503866
-0.477246643115104
0.376679084752875
1.556787799987180
1.794559254240182
-0.260468759349483
-0.799007115848014
-0.225602589317282
-0.733908397366950
-0.202996448753546
-0.074580976513662
-0.278239752401225
0.193202889528624
-0.732078884914071
0.415644132916386
0.533055153959460
0.394595436094683
0.956086505162969
-0.200005769042248
-0.868106593910864
-1.458963606378545
-1.306782610674122
0.820152327545161
0.354033440978959
0.016762144765768
0.313825418781592
-1.074562536295903
-0.090409413955557
0.680362346362556
0.409321895991593
-0.465833327835745
-1.560108235993381
-1.513226021250535
-0.468303366021807
0.882772492073342
0.233171749676241
-0.568578269880826
-0.115590180630614
-0.742671857293880
-1.094512097627396
-1.009071374674514
0.233295615137072
0.666669740575036
2.178752357481719
0.962495329471261
0.300675883397643
-0.522733476011997
-2.065635641225797
-0.423534324619798
-0.068801010278564
0.123812845588853
0.600005191570295
0.504501564570240
0.797211485490402
0.165285465294417
0.217628300009990
0.563059437896737
-0.387780692339610
-0.565589782359691
-0.564245914974481
-0.714481390011653
-0.422967903536456
0.351180438366632
-0.292581879254810
1.194741756087567
0.643777614627156
-0.245663061961970
0.568567936664081
-0.276031600762430
0.902640178846280
0.171950325330444
0.230662948351250
-0.019567290463912
0.260499064418601
-0.554053036258819
-0.408919015384602
-0.532578171315780
-0.438509720126272
-0.072029548319154
0.534122994381700
0.045546614375542
0.570102678621407
0.214779125171738
-0.319756702351059
-0.192121839681998
-0.401949640835031
-0.369706341300741
-1.348179753533004
-0.851861129577104
-0.234111562042205
-0.595560393963991
-0.765710699887762
-1.181111108028551
-0.447912680674365
-0.532697964499264
-0.313229950400203
0.290161492487601
-0.433312143460950
-0.742159866662135
-0.307773356544997
0.227228613971121
0.407320877210365
1.071744001114564
1.419583793083327
0.473022854571821
-0.439827717336522
-0.336699218267670
0.715678510394404
-0.084250911367210
0.711775895862621
0.013516304017711
-0.037047600028543
0.238651437047803
0.457963067614254
0.364880410042110
1.347300879688276
1.767579852215861
1.862354830027927
1.170688540982394
-0.986874968132281
-0.950374330271316
-0.740867148347609
0.222951899182573
0.834891140619474
0.676715733641709
0.751761143639850
-0.393537550720538
0.614880985307679
0.012168104388896
-0.842897788063026
-0.993295041224612
-1.585053320220870
-1.772234234853996
-0.961456716966024
-0.803150622608305
-0.190595530627001
-0.297651022125516
-0.584311181846110
0.226635326646978
0.414150100012472
0.704078702102812
0.175153268369279
0.585831779608583
1.086600806528689
-0.029926501041088
-0.741744699710345
-0.546057579407520
-1.375317146191148
-0.225870059014011
0.141815165286656
0.338209874744746
-0.458039424495642
-0.120217412406052
0.406124948058789
0.856346043439241
0.713639551544241
1.608377385687754
1.128546502469249
0.879111636975320
-0.890933030864494
-0.251334415903067
-0.269397081679595
0.003548115162564
-0.069323691518615
0.515033244137280
1.141980028740398
0.125391959212977
-0.246021241993076
0.950529321740829
1.718214433576434
1.730631414652606
0.321569866688662
-0.410120852254876
-0.508593724735526
0.515867472733783
-1.009001447849618
-0.166234831891118
0.583114143196517
-1.103031903683901
0.556677433390225
0.490995125855181
-0.223020204917689
0.225025612103513
-0.417798929807340
-1.347341962893752
-1.781090991445553
-0.688645738305389
-0.526756053751710
-0.722149094534268
0.368710785584363
-0.010585886423926
0.321446301737094
-0.960378370587405
-2.069547962746105
-1.438987509557504
-0.764756123270138
-0.074591095921358
-1.437264538393629
-1.444871430496012
0.775928691694745
1.657424185436556
1.518302653408064
1.075241312782478
1.138933006084674
-0.593776632181661
0.044834051585884
0.092202348616870
0.562282052036416
1.109111986472581
1.043064203517128
0.596878286712805
1.303399636067110
1.054055206982930
1.239258297043836
1.226103914034575
0.785240518989362
0.471179852755055
1.512862858575722
0.549657392432491
0.835210856745000
0.642149165310803
0.365106834437527
0.101857421080455
-0.197231364430190
0.209570866956263
0.191248471178953
-0.943880610565455
0.008500397107292
-0.151506617707023
-0.238692018173883
-0.796833003223500
-0.884755432480516
-1.534382266141674
-1.704422505241193
-1.427218046452067
-0.668618580029857
-0.217288634555510
0.005758043620627
0.368881837083861
0.378649579235979
-0.346988529706403
0.568873354992385
0.208022438928471
0.556105485459273
-0.219423580876266
-0.528004323017096
-0.567790459246419
-0.666860710162559
-0.710104419563718
-0.666870379006607
0.681201358186371
0.749350299569280
-0.004724334785609
0.019151860460253
1.242047170709195
0.713288961511726
1.574631069320614
0.817264509194449
1.575861081366639
0.944741599029521
0.692299291932754
0.711832140092107
-0.172580831099985
0.269605530882387
0.374845388346026
0.498954570902221
0.185098205228000
0.440527179715819
0.974902826535174
0.622883252640329
1.304936514152187
0.815365791676838
0.880811590837547
0.546987604198850
-0.775496712985415
-0.560263697167467
0.519896934284639
-0.506577286641662
-0.058511927075863
0.411867552106169
1.391329715463443
1.232074012118558
-0.249339825011644
-1.755703199233232
-2.207301737804418
-1.117489366838710
-1.449931037352918
-0.593808174751352
0.425284220786457
1.076507837207545
0.023961810928948
-0.204198702488438
-0.650577451292644
-1.340580514502745
-0.527974090052208
0.171769939558181
1.147543795208833
-0.627817107837811
-0.664125367602659
1.149399913703619
1.767929942498714
1.338109394773785
0.737319881434453
1.018585317560071
-0.073158854418291
0.446718238951506
0.411742486638352
0.317510675783638
1.079679207067113
0.343368492191005
0.574899100265000
0.184403861603351
0.020337290620457
0.701940536816343
1.324340081025398
1.122574544532027
0.916612652539851
1.198997358547478
0.941912982742909
1.072516499949584
0.036533587541045
0.177671687257842
-0.254033380260291
-0.541380204850350
-0.142231903894320
-0.672428307928341
-0.170292910724717
-0.731246998102338
-0.309123588108953
-0.160984049826421
-0.654176625447770
-0.965392111787657
-2.160168138800743
-2.412681231628076
-1.201414662714398
-0.390554019359779
-0.255030277702401
-0.747973932621860
-0.081974656259276
0.032803662818727
-0.004524812042673
-0.072974320170209
-0.344321507392751
-0.246042341540760
-0.117783568922103
-0.400802763031860
-0.123704295267542
-0.171840360170655
0.084645229938077
0.782468920506783
1.443938817725390
1.151945892091696
0.516110589482506
-0.318794713392191
0.357536867657330
0.963219335062388
0.219007134040543
0.626572266496218
0.621401503173905
0.894337648898308
0.642145493245021
0.330904602552743
0.864488853693288
-1.120529630671195
-0.945524956644841
-0.408581893737740
0.230403428586141
1.502531644288599
0.356152551468691
0.392328335863115
0.575223462364651
0.834880161908568
1.358436077237042
0.974505833888544
-0.077547318371492
0.329239782478195
0.663103835772319
0.028002077931616
0.521816829787204
0.246182408914108
1.102279499947772
0.450044983857831
0.527888473099082
-0.506976101812665
-1.132974460510342
-0.653786371247500
-0.736889053407623
-1.027225448312448
0.290858821712855
0.312415035249009
0.310725200809771
-0.160015162790830
-0.525380516984542
-0.949187918905971
-0.660198177882244
-0.250894333941262
0.220119062495387
0.625382069369596
0.319420024180748
0.669336406484004
1.376162015003025
0.683186797917784
0.189286322799458
0.417430430020881
-0.010259988253626
-0.102307091749378
0.534019506140909
0.118746427709178
0.890797531367767
1.318140044019839
1.294928413943765
-0.016137030754475
-1.251126055015270
-0.238137263630039
0.411954329567316
0.277456465947836
0.384374367499924
0.951720418490595
-0.008768131147526
-0.725984772310602
-0.607041564219509
-0.284804819607450
-1.066880607972734
-0.252761411296149
1.177382720382405
0.269757251122232
0.000154349179304
-0.178827682198558
-1.360896684960862
-0.235412327586589
-0.954578822905969
-1.660690428298043
-1.698263768539247
-0.728040733416379
0.454782040458762
0.191602924256665
-0.472107032844521
-0.707246725883853
-0.252917611502987
0.073756385391002
0.657286511199178
-0.086809777833697
0.575610827103146
0.495483254754685
0.791288452364871
-1.125526857964301
0.272948416578487
0.715914155936582
0.628491215439767
1.415990018722190
1.799492281108142
1.160074100879274
1.447976643720762
0.610567195635230
-0.496472671160072
0.497562264435314
-1.146865274577528
0.907629392709189
1.503478638621006
0.863003563467347
-0.146013205690442
-0.301254597598722
0.721242544013541
-0.126848335879441
-0.817017823347926
-0.152990408338512
0.462686309219053
0.599681335523025
0.372765552185857
0.863738504061646
0.332613198586752
1.098345811187178
1.683624252687045
1.696340167392028
0.734636439080919
1.225273939737725
0.933264516033175
1.242308304463236
0.632563898786212
0.749500173158625
0.542039333903831
0.777646759704423
0.771222392404669
0.157971723775705
0.614042148595700
0.562663815608005
0.503195551661099
0.638736179412428
0.247908897028148
0.341887298920493
-0.155593252574353
-0.633877322124270
-1.438116766537050
-1.429139628602421
-1.410548321385344
-0.869184971758437
0.069459348246113
-0.483273543596233
-0.149669097686201
0.366862109813027
1.108778462103018
0.675287826553729
0.274889621222542
0.086693376300445
0.082187572341523
0.120271614146472
1.866010643541937
-0.085449824823710
0.246300177554431
1.838824508102501
1.253037711192513
0.680984220139653
0.013674361856672
-0.416920949265792
0.160144149122732
0.287941198805231
-0.584794430656379
-0.514842143772741
0.848775568343920
-0.728085945981675
-0.715445905772145
0.044545943457391
-0.975689978583564
0.330739114363764
-0.864666245692612
0.229452943227159
-0.362519535088838
-1.435491363152121
-1.383899733166964
-0.297312904566887
-0.837990766045122
-1.188464534664685
-0.452075980872235
-0.220720945112882
0.187840854579236
0.067386773227100
-0.222947737716675
-1.384271951707253
-0.767598613906198
-0.483482088048901
0.671084202561852
0.938700887271783
-0.060408880895090
0.626321565233889
1.157707737739988
-0.350364078827568
0.149181678506340
0.346097480085738
0.770102174410121
1.182192992045421
1.508054616911534
1.257628899324145
0.887106687745395
0.333485434823156
-0.310573255679751
-0.063349243321071
0.380557185082076
0.446145199434250
1.209115513477071
2.454697820739604
1.593364888113347
1.684658809166010
1.660019831670999
0.130556214270345
0.511969826217147
-0.179844160848156
0.404490580106878
1.474421183935338
0.606676746962589
0.727898054275744
0.610043115320633
1.997832836210598
2.005724182009522
1.633042913762385
0.033700426260244
0.815582225875119
0.294692763591989
0.311151200828236
0.884758009217731
0.589611043439357
-0.438946157388145
-0.270130114497593
1.012507960015277
0.607967932146257
0.567842440013745
-0.459145781468385
-0.003698893438883
-0.187215329582759
0.101968412840604
0.448855966831139
0.710897048168144
-0.654161886829195
-0.963196891872914
-0.559538744723855
-1.071684617843000
-0.564865640350503
-0.455187544332107
-0.823265437493771
-0.200573797943934
-1.149064436732476
-0.248098950055064
0.570740196420598
-0.730162993469961
-0.582606347515913
0.354779311778958
1.286245812687886
1.507029009778230
0.776896476481354
0.217818426369901
0.101848182046386
0.401839035384642
-0.301987527832327
-1.148151394794428
-1.190945441852884
-0.870228106114919
-0.846050942293751
-0.992744753907321
0.231018022545526
1.170793925011746
-0.901830905883029
-0.802181110137369
-1.079857297499111
-0.128636069059184
0.108030768742160
-0.736196888187301
-0.563574048487997
-1.298714118902373
-0.929147770077931
-1.762042719077770
-0.897343402397827
-0.133977579165609
-1.098937391212001
-0.450180966947306
-0.584787081155206
-0.584173239374644
-0.171922984934132
0.111218742471061
-0.292950379171434
0.428630483993849
-0.259765157686704
-0.846283705403131
0.385505155086142
0.727972949129277
0.358923761339432
1.082839367418141
1.015877485268173
0.837836008766434
0.381656601794929
1.510438593138916
1.601851855433024
1.353364930716889
0.783019704387769
1.008074450635636
0.955075785612800
0.425110899782465
0.215564346735448
0.986656153274492
0.443395017417955
0.966785644753796
2.470492923194458
2.125410578376333
1.306187062045977
0.987283642331031
0.557197015529818
0.590301573767860
0.838576610601661
-0.038985734827573
0.107987305810308
0.624022924573534
0.727913135177038
0.042541665139294
1.337819583982617
1.386045582739179
0.431807289291698
-0.109190930450567
0.087960930877352
0.028843345889196
0.795681982446210
1.823906737707531
0.933179609192678
-0.720706477242263
-0.511808605269503
-0.768736381683877
0.157791703818330
0.659177434019610
-0.724017891774071
-0.324120097700425
-0.528559875850664
0.034977150729597
0.200831442579267
-0.938303677264989
-1.148044134913377
-2.329041211050043
-0.806891868594444
-1.342495637598110
-2.507440823881367
-1.241253626752833
-1.539511489456805
-1.045566438135837
-1.656870151793314
0.511937226515941
1.066235700782414
-0.434343804845019
-0.376154535733489
0.693969663247504
0.859847509136095
0.911026112616411
0.104093289976843
0.273217701505479
-0.364987107614010
0.083366547056757
-0.813455494815967
-1.548099500680476
-1.100870784782806
-1.467482540137296
-1.368786398842774
-1.201030419877695
0.546402222765154
0.361531441167578
0.088461857169505
-0.556684917014796
-0.317567143730394
0.588329219195026
0.304729806824268
0.483459376335314
-0.638379468809362
-0.728324155597936
-1.260171922976382
-0.730933234825996
-1.380700097941197
-1.414417982193584
-0.976202666862734
-0.172339225534933
-0.192468892594422
0.013307979320424
0.315172277311484
-0.352533349423360
-0.502812178836790
-0.950967904996326
0.621850636967154
-1.758832752680013
-0.670181920198405
0.523601586097216
0.032719117133987
0.428788508265096
0.807889681457554
1.826963557802449
0.222839503064616
1.463444912645936
1.013851953473360
1.169169095409712
1.861720468999768
1.215047365597402
0.330424377483647
1.094504623832816
1.950418580835858
1.643980035740692
1.789941079851745
2.295970229713393
2.509283506705486
2.984228473333602
2.350513657291388
0.315885747930344
0.999258254957408
1.301349613053303
0.825629068193406
0.659505013110088
-0.368457138952276
-1.110731625020131
-0.840184688530334
0.662138633509517
0.500399978187814
0.762879100061516
0.248441747811919
-0.104655856108108
0.604580871193732
0.732339323943435
-0.061130455644814
1.126641771888745
1.008997143735353
-0.343388460831858
-0.087421515317493
-0.186106436244492
0.725587775854803
0.359266246844308
-0.225344773251904
-0.888733453019098
-0.777065305739086
-0.119892136723299
-1.203931917390884
-1.976404671014936
-1.693121576194798
-2.634221462611690
-2.174909214541403
-1.873443023441112
-1.771644226833645
-1.166923769597471
-0.972746553132942
-1.104852839272056
-1.649448111457554
0.397109714569339
0.338709090408553
0.938339744325166
1.304375189430742
0.883682012967513
-0.800696074401582
-0.736533813517511
-0.211882186980403
0.257498334441490
0.461323581526494
-0.612519005247575
-0.846277286009191
-0.708818434065971
-0.074172032142707
0.274905389322490
0.369115615615144
0.560431066656111
1.180893963994177
1.444959353144106
1.030309466435425
-0.106108029834423
-0.593184773191060
0.081515437441192
-0.372368175436315
0.003056002254560
-0.540218165354453
-0.232247797832237
-0.741712655348049
-1.093654452468119
-0.185710959987320
-1.083378603958974
-1.800807385949624
-0.788176349268299
-0.243191127189916
-0.315273542438095
-0.551809179421914
-0.250793452750257
-0.501767394507482
-0.672670810321899
-0.973585939069193
-1.047869990427696
-0.106429125811097
-0.297751406813047
0.113207123808988
0.656538190241122
1.416259032612018
1.287428479030239
1.417735156701880
1.143168927078585
0.952468217796229
1.115094099176929
1.609939893886383
1.430650366915379
0.832060035493448
1.592343157075758
2.901144754724414
1.529397399881410
2.722260189083938
3.303003072020269
2.516583430831238
2.549318289171619
1.608874999571245
1.300672678782488
2.170952330601821
1.869634384188272
0.254247238552212
-0.365939539463256
-0.015744051761218
-1.106787722423552
-1.334035338955425
0.033844265603800
0.358251591659510
1.110522169509673
1.152263107159747
0.434390865190069
-0.060343913178373
0.649352926550499
0.334526014172468
0.898003584332070
1.148710045489907
0.661084495147182
0.148325254940268
0.445898785611607
-0.372169737563639
0.453954802272964
-1.091353061585704
-2.061617863131699
-1.121728599551383
-0.790768271852790
-1.946450495193364
-2.042113393824695
-2.919318374115480
-2.335803364400239
-1.563236397833890
-2.061852598706371
-2.235327853813128
-1.721784943995343
-0.457379154253044
-0.842500697696235
-1.615358543639425
-1.306112862031569
-0.441579051064825
-0.549118988025741
-0.058875729667320
-0.004393121697206
-0.543121966682087
-1.141392296320858
-0.641741855898668
-0.229109908903372
-1.166235702589596
-0.809554391186504
-0.486365907967895
-0.387428683063513
0.000872161829405
1.055399863503557
0.467610266362763
0.259292385397713
1.343596163555156
1.633755441583200
1.566472081408361
0.823748403980684
0.662098459441544
-0.405492753059160
-1.470781054052026
0.439173422542628
0.298405420827282
0.567880395747601
0.403420093911975
0.361618507484880
0.557658614897768
-0.358485791592111
-0.779589425960349
-1.375290207672717
-1.083676440660608
-0.239034183497697
0.078241925144868
-0.513617769410855
-1.244152245825816
-1.107652011216620
-0.797686434947912
-0.785021030047964
-0.277951925383578
-0.363776461647026
0.930408354353577
0.149268603003331
0.722051648884948
1.239460790908801
2.218757661762678
1.597307358316291
1.280744567171037
0.670772051648642
1.611389264096480
0.907725636941479
1.873429341156782
2.162204713728384
2.801726900521256
2.320442540334388
1.184429897026949
1.972988047596753
1.924822634196697
2.151993924635600
1.342014219630931
1.912718723367625
1.982298277971472
1.792579521987227
0.785829922815680
0.599437820218670
1.361359208804570
0.664055770924260
-0.374853886892505
0.778427377227452
0.240206401706532
0.738950655989410
0.340614360940737
0.381163496775669
-0.346031940866574
0.749227473898907
-0.510198204067391
0.285214516753527
1.345977301162719
0.439955293841707
-0.095944565998070
0.378749025592934
-0.243818190580633
-0.380865615393601
-1.024810768850664
-2.547556785510197
-1.441581421964119
-1.028957383256557
-1.811889448568644
-1.690777045862585
-1.349946382014758
-1.840621664490750
-1.356996551970117
-2.050875115164823
-1.729912646071733
-0.900927063236636
-1.982002952673128
-1.825209357907059
-1.989698614977832
-2.110760888263865
-0.764569221205164
-0.510963649216355
0.541158259613570
-0.044084804000748
-0.442241375380558
-0.570924666861773
-0.990610656785636
-0.933954289290025
-0.864114506570172
-0.509168423209553
-0.625305063557304
-0.696288146662854
0.519681422232564
1.385194817369901
1.353491144243775
0.166586632584232
0.311274890124030
-0.139014589035465
0.318976208506610
1.299013097764352
-0.215104770819783
-0.772311338432682
-0.768240019057617
0.503420477734802
0.194085214134298
0.257025495166582
0.619376598062987
0.740782141126837
0.307333395551635
0.658224432875530
0.387949627215964
0.702008459544088
-1.708614265845660
-1.743874566915794
-1.002058155014389
-0.996817221692247
-1.316440657853457
-1.127445249198632
-0.703570456080318
0.052656446649397
-0.178975323746280
0.054062402301997
0.076676482429766
-0.092049191824313
0.092070499451192
1.171271644075254
1.240940812654931
1.403171538138034
0.580454266278416
1.617083412890633
1.785456105555665
0.891353594798690
2.496697575189165
3.176189302718326
2.499501117057711
1.783079801341755
0.883051710736804
1.892015439664254
2.171916296790038
2.023367441383353
2.152862231264071
2.549414315046564
1.417136910208044
1.230339487891159
0.923817180549739
1.300318551640995
1.782208260073681
0.768295566609539
0.350615482229537
-0.678246008721190
-0.873175242245872
-0.094098800393591
0.219882719705354
0.586369867932855
-0.540379816714125
-0.021693978360513
-0.159094648152596
-0.207130982143238
0.690984155953567
-0.490993676612608
-0.510005383967586
0.329859851438970
-0.940790055270378
-0.679818295524985
-0.702982385340610
-1.322330149921999
-0.092369091348884
-1.926277989402209
-2.256661719673676
-1.583017747963755
-0.743718353388969
-1.193143469896983
-1.381993155440546
-1.543118659190375
-1.335315715166532
-1.856512761183201
-2.345346316424390
-1.413937323627559
-1.633576701008230
-1.585477774020676
-1.161503502963783
0.361663712866474
0.290704593973245
-0.436821660149521
-1.407042473501855
-1.019818781647267
-1.044443176953101
-0.932017142900675
-0.545250314885831
-0.759744485894288
-0.500883290542010
-0.307203010693790
0.866195080364634
1.755333646953625
2.089223183357924
1.365108212681774
0.803338389489750
-0.469120861856690
1.118359733428112
0.066574014397044
0.684755804765212
-0.450714776035978
0.203477960913613
0.367585213009925
0.040783246534147
0.249711751247909
0.174430361675841
0.213299470375288
0.131722188422238
0.753787540161756
0.452868323755634
0.337963447272674
-1.342414594771801
-1.304481986402950
-0.693747570103243
-0.478323140134270
-0.832150833347828
0.792943597726240
-0.039474787858026
0.542543988260668
0.532862203318230
-0.613387032126813
-0.122084104115926
-0.121776217746927
-0.591193086992057
0.409119604216568
0.670837528530572
1.499238438144214
0.809156210016726
1.882117288240438
1.262861895764929
1.361909748120411
2.711212048458224
2.861483341768002
1.675624473566385
1.231484809114124
0.548736719431922
1.604247551838350
2.267941405528147
1.721002047947588
2.328083005438289
2.497909989126941
2.793650487427824
1.954737059731394
1.992378783735515
2.128168715776576
0.904047599224971
0.783501323964649
1.116782212448106
0.178254621693377
-0.955943031758278
-0.817737581849398
0.511373063803018
0.490166776320522
0.623611712943342
-0.176976038992500
-0.237323927797446
-0.518168877681863
0.522487127419180
-0.407043520207264
-0.911979353521823
0.231261833563207
0.961606541125600
-0.196384636986771
-0.246758007748319
0.402290242169691
-1.601228270677210
-2.271260416739825
-2.711805693799912
-2.492611503775221
-1.803402796318266
-1.455643987299598
-2.892291133976608
-1.677747317551491
-1.385930990319407
-1.930802338320038
-1.807465065991652
-1.544360764519104
-0.729190493748298
-1.503775538207730
-1.680755367103730
0.765886538391769
1.046739103307933
0.198515256346636
0.950224914725788
-0.526398750122917
-0.488268066721151
-1.289249219438417
-0.740911230414526
-0.851112504661980
-0.365102894888478
0.232010365196145
1.521979528809059
1.188669080044126
0.844452339364702
0.148533986733904
-0.220708095977540
0.833223661728863
0.961357925422637
0.152966257710283
1.101785921246083
-0.134400907085170
0.303962270776387
0.920155463677847
0.149747536550155
-0.234518657283079
-0.608222226513549
-0.337123930190406
-0.889570823469352
-0.184983371628818
-0.384345563115070
-0.740038011787799
-0.522071819768771
-0.586510137707545
-0.430241570231948
0.194568355363105
-0.061729622434717
-1.191187595972552
0.097611316313950
0.408192969392692
0.368125617407238
-0.249358857256004
-0.456221910864571
-0.530232704011642
-0.181229204340153
-0.165187219913117
1.341105893551667
1.110842487004295
2.003356384872340
2.151180665897924
1.799928907649524
1.382185993394642
2.277972288716553
1.615406859000841
1.576273848786409
1.654610645539410
1.248135017542195
2.096071005580500
2.455186474692755
2.608865114304406
2.983507378380438
2.409349678093480
3.161363218201749
3.133228728662728
2.403474152815220
2.324671827605445
0.966785074774102
0.688156034591509
0.085045560926216
0.896212758816283
0.197240506372788
-0.159165326610564
1.628187658265696
0.770919808959192
0.516624987308346
0.510381711947630
-0.254501283681691
-0.960168120333743
-0.467597946176670
-0.371292227137020
-0.686187041373205
0.023519207841539
0.547988439091829
-1.336618368413926
-1.484239764521982
-0.746992894888530
-1.890569223739211
-1.785560269256776
-1.817653840532236
-2.526296121085350
-2.754935395644593
-1.639619541100366
-2.084251805694305
-2.262138551823697
-1.771982409089387
-2.070576748058152
-1.743752032987301
-1.488363110503954
-1.374070893466586
-1.996227036641997
-2.372557958342029
-1.254034230642338
-0.263219771164992
-0.274378797535319
0.319571135041015
1.143249177679115
0.817130382989142
-1.357364097871343
0.174383484584956
-0.003831136587060
-0.989041414550612
0.019949970962361
0.637005889284857
1.283967216024690
-0.171177780621785
0.928468213280794
0.296967003058310
0.650504772781181
0.719912559850091
0.453582912634298
-0.338573770492641
-1.200822792389467
-1.377733070955266
0.004608690461651
-0.813450736600301
-1.294250145870301
-0.720424833174414
-0.483590248142746
0.327903298508496
0.002494123023641
-0.492191005208175
-0.497008991004119
-0.857513320730542
-0.652578370828195
-0.339454006485372
0.368585466703582
-0.094280349004385
-0.976727550751156
0.241678936194879
1.246180658951377
0.752025013938620
0.638089145901931
0.559128301748447
0.463402752185836
-0.192108782066959
0.015798550267232
1.956161959045881
2.629806089704952
1.795319509935090
0.631619389908556
0.216102211001667
-0.646422917893986
0.868720274053191
1.673584329640002
1.553627666338714
1.775839046036301
2.005107307710525
1.349022682181778
2.268325458130036
2.373354444977410
2.514129088443548
2.859373576742688
1.696024115936478
1.888216952127783
2.226791433184339
0.161670756293468
0.038561545412493
1.046088354430627
0.746392368237493
1.105402540918499
0.335172292410824
-0.215833721809888
0.933499985927044
0.888970568947662
0.150495388051281
0.606193377542958
0.422255006418746
-0.110613930404753
0.292856698943888
-0.001631185502870
-0.402168125874382
-0.427626610284940
0.458669437726571
-0.033515371842044
-1.248711426532948
-0.207746335345580
-0.155052846202232
-1.523023981094318
-2.118756773147849
-2.501365838762209
-2.073475069147047
-0.811404965227033
-0.497482577112190
-0.729290372838663
-0.424949962252096
-1.282440091814496
-1.549370976005427
-1.190356247102377
-1.113802048645679
-0.874061492306817
-1.897416253339209
-1.585103257340569
-0.370630356258995
0.149336713976195
0.228999206540635
1.039517948670251
1.121708266181911
0.602044111882403
0.089831626201649
-0.819698654563509
0.604796443020929
-0.487173985278924
0.239757822727017
0.674243788658039
-0.429105404006906
1.804500203544520
1.681022148410330
0.166599979186737
0.591390206701339
-0.544701986877012
-0.787120746351707
-0.426232508207080
-2.000370034264245
-0.965167506513529
-1.367782461283976
-1.470208992978653
-1.225159780361851
-1.492139831949771
0.268006180552842
-0.549038950499488
-1.155252637254117
-0.018982419578006
0.264514531100294
-0.361554995595489
-0.430620089888545
0.595576736720777
1.326267382142196
0.176906981640447
1.157822441428242
0.555131551210743
1.228861113309256
0.677732645637936
0.612161434089772
-0.538991719989086
-0.540231448143128
0.198644422602530
1.257231596645529
2.661449398987654
1.537936523619655
0.859122493368647
0.320832584024875
0.162068399243693
0.329597003120799
1.897533578867450
1.220291856654817
1.846358781743797
1.698178004804101
1.124905489772458
1.947383167543879
1.504366190342886
1.062436978192552
2.135557732830011
2.528334675018208
2.173454623127745
1.009068161247378
-0.219877206110217
0.415003974986554
0.428920874621212
-0.661946000724128
1.513314393197312
1.301440416268380
1.377242379277330
1.777536258149278
1.636259684264599
0.436838509396531
-0.533399239633725
-1.343947999337634
-0.615215826497040
0.015979782384823
-0.174500177308876
-0.298452824320349
-0.032862665883979
0.691110490772973
-0.131324002694967
0.372209912804351
0.475301050351489
-0.474031741860465
-1.442322724648751
-1.230765003406250
-0.746008951221619
-1.101527276037664
-0.673655243095110
-0.407871971537451
-0.705987889599316
-1.109616933287942
-0.525259185285667
-0.124729643955590
-0.941782416195009
0.064787567177251
1.059545144406900
0.295037196902786
-0.769531099993903
-0.297357073459653
0.339320894996204
1.328585555145790
0.591039639735161
1.907957409703636
1.617638657225079
1.364793735574386
1.725552804186891
2.448965313892600
0.719969016039135
0.061646807215541
0.106003076795509
-0.056215897642403
1.711574981122665
1.563177611942197
0.400653483003701
0.989766058329577
0.284206145528357
-1.034631013098908
-0.813908073869427
-2.283511364270296
-2.197705168988317
-1.821268455537818
-1.900100622962088
-1.026772635820952
-0.664735419637662
0.642734595445768
-1.133618383208451
-1.431297274159363
-0.544959110722975
0.345291844264550
0.447823701653698
0.249635577214620
0.781744794925719
0.505103638053148
0.818285794252574
1.549728351484608
1.949208410771351
1.801366090822669
0.100872742991663
0.228521300361663
-0.501703602746578
-0.155278825044971
0.740750129958110
1.289841209136560
1.748502885355903
1.394578266543282
1.939685834336912
1.407472710149356
1.391324432350718
1.032976356911913
1.714524188106411
0.970124437160833
1.321065766506309
1.450270437763487
0.501342987520811
0.459336040002154
0.054688711785064
0.064773885908660
1.249568750728754
2.516413807480840
0.934743230806394
0.470594128121199
-0.326133679189174
0.869016854335685
1.072072192005113
0.895812457170972
1.194606508312402
1.614766775508940
1.936131026308549
1.751333458771512
0.809756434211145
0.121796670189046
-0.941380451279274
-0.438221147301119
-1.332376733771511
-0.776576093469617
0.492210998781524
-0.072676048313632
0.687479728054627
0.268404016327709
0.328292978314398
0.206956679070905
0.232048101480158
-1.312895054149640
-0.549808750387458
-0.347983939855207
-0.941322157675084
0.427407665593805
-0.129274327006816
-0.387346455209497
0.727583166912403
-0.277292097750177
1.246278972138673
0.433059626416139
-0.518472955359582
-0.379480069445570
0.512497311391395
-0.034378058325817
-0.476494746704236
0.613452505124511
0.189035126410550
0.878218372212253
0.973129888290999
1.328377502847647
1.070920503410178
0.929543352817314
1.471778072045432
1.707999966767654
1.312699375882647
0.757468197797632
0.455884519471337
0.260876058267176
0.457202824605102
1.341483354234081
1.287135711312293
0.749021072704558
0.093490472806211
-0.573215353850524
-0.928168235979614
-1.079892448179894
-2.795101287068429
-2.116273042702149
0.175394748034340
-0.384275511132256
-0.435557837416612
0.042984135730312
-0.260673826049426
-1.428030730891878
-1.160990065567427
-1.031653703223308
0.489855555899049
1.280126227830809
0.930421406954341
0.613255177064247
1.002660476713901
0.961959511537173
-0.584862473496242
0.263331508768265
-0.278943263644273
0.150528314220956
1.048118514699922
1.663168163316596
1.037883053175884
1.000887559935879
1.923675924204947
2.064899332480439
3.070363007806228
1.204840644623996
0.540207300819681
0.817760446595958
1.723379288333524
1.344086607205161
1.911925629816156
2.051975849939782
0.460186089407306
-0.225199525856038
0.555688812528225
0.808434174218841
0.984619206256592
1.958363200400068
1.142590568982536
1.266923647676805
1.028134812003832
0.228072391860265
1.115380387888946
1.828768206204107
0.663465536795184
1.620353315861665
1.115409616550895
0.394119468903378
-0.030638435444905
-0.148595569115486
-0.322591768876796
-1.742680672401363
-1.448404555573846
-1.238823841127727
0.464508205250542
0.507542920085593
1.081055123113392
0.463519720524051
1.021740455034444
0.255935177957521
-0.769804649534650
-1.567337470035601
-0.452379720945741
-0.665449391933943
-1.586242259962948
-0.774790360216059
0.029389519025406
-0.196880607087957
-1.108205228263381
-1.193874949370660
-0.120094519931765
0.383750303005279
-0.382578745990666
0.435761881044857
0.444994599097147
-0.007759399384286
0.422637863780060
0.738551115477238
1.082555899974166
0.251000242015807
-0.175292519723285
1.300999365411023
0.839975797104737
1.247389220039349
1.392050561530432
0.583481408028800
0.897498711028750
1.156815675290213
0.188975212579872
0.715866221305445
0.481930467177177
0.674881098336760
1.023666178234704
-0.458095352011297
0.665335884111434
-1.062858675594626
-0.935721649495672
-0.943751538831547
-1.378215356121572
-0.901349117210631
-0.081752776340142
-0.329855640805437
-1.140197612742605
0.113393145237163
0.358159830537011
-0.238997130864172
-1.092686149843735
0.386349615503262
0.568067391886700
0.814586764837567
1.449690455918665
1.350713617144577
1.772653578085003
0.185350395325199
-0.476755620162787
-0.031461572676005
0.456853682088544
1.359526314004991
1.599562271113111
1.200007917045851
1.740623385971085
2.391914779037761
1.857072921658154
2.454321555331259
2.606439389273900
1.646074248509549
0.586590992229874
0.564784076807432
1.679173791901553
2.334410944097140
1.917185521222954
1.341928747975009
1.053877937798628
-0.570479660068354
-0.389218485949125
-0.316806357307953
0.228985476137103
0.884975977309565
1.369238838643603
0.740411898861729
-0.378785124199696
1.341733554007208
1.279590646579953
2.651811833098896
1.225261654908258
1.276899021288266
0.896884665831850
0.421995727541714
0.512650072837143
-0.767660894882645
-0.835288369512052
-1.321105237228086
-0.605010907262590
-1.258264651688254
0.373237562034595
0.994092581246258
0.704986151893663
0.326562773599127
0.393946695522396
0.666189173291212
-0.021084655037660
-1.312538960800013
-1.118443157014775
-1.122506699404596
-1.645739421435530
0.033769496435454
0.333399372355468
0.091613663456846
-0.591084598293903
-0.409506487020998
-1.600891480925317
-0.101856434837533
-0.004997696312346
0.113664259314795
1.386615550328783
1.384751755327381
0.494883609943979
0.092148011441028
0.663738111914057
1.040585222739083
0.306917464686633
1.533569778356903
1.408727543810409
1.942348147766904
1.744577741856443
0.759458314699799
0.311604095644560
0.650201819172144
1.336535982430971
0.782885339895063
-0.272644133627969
0.437828161078661
0.930219423222178
0.297137380125752
1.188831809550755
-0.829619953827485
-1.299182635399769
-0.843937316996817
-0.379144855631409
-1.359958774741948
-0.680506362348349
-0.570220366777500
-0.262294649487342
-0.300895839785532
1.096567761573532
-0.065194544393820
-0.277863678183990
0.116889232958349
0.673283065245936
0.716636417467665
1.304110950449612
0.177257289852401
0.719748516869338
1.064276009179602
0.958570947472710
0.691626083063788
2.260792008485147
1.919853631056452
2.254769935956682
2.046761588054680
1.844440014114345
3.183904429750662
2.758157852311207
2.709544416184925
1.634775324696676
1.407992560091067
0.553777113219494
1.063844951674172
1.711345645185205
1.617728576607004
0.499219726380498
0.859448908158771
0.134625339897788
0.838568561800342
0.049721255352578
-0.624867793702446
-0.669246302266983
0.697777754757064
1.000469789477305
0.969906604789667
0.668110554634530
1.469965903499250
2.069682508233917
1.876001068161824
1.875414557094913
1.374240022363806
0.499025108823424
0.531749851497406
0.465786478836858
0.129635052735808
-0.503712526486509
-0.568560228078681
-0.438862275667091
-1.473704056693527
0.107396944876012
0.607913284500995
-0.143519495439258
0.030355799467402
0.705075595065507
0.129015656096482
-1.453119812137930
-1.763165923736726
-2.303884117549607
-1.564943499928863
-1.041887075175442
-0.450968367933128
0.457085739580740
0.035096426479452
0.286163493837502
-0.041841949740930
-0.649370771363572
-0.026316401765884
0.798719263254169
0.901240579618107
2.162728109148358
1.381650885898756
0.756544035542480
-0.062777037417538
0.166462783669849
0.685193681906113
0.742231931780902
1.631298545602683
2.215200633604312
1.293661754774727
1.431983931175771
1.555684839409007
0.568374905399792
1.611280515558880
1.900625509442206
0.872226113045472
0.029862471307456
0.220347196870193
0.345512842215600
-0.035672812309990
0.978015848659305
0.098516492734614
-0.387505439345379
-0.180524335219619
-0.357455005951306
-1.257701835323186
-1.757380402264099
-1.376096104681624
-0.902362055964533
-0.857896364933329
0.091104265411337
-0.158900138569886
-0.185863960313684
0.343340779298800
1.415773443929873
1.748095312879203
1.441439476718798
2.117156673994204
0.969091056753092
0.382054507895092
1.254074921311845
0.461291419618998
1.057617201175391
1.905120619331943
2.774813743078066
3.067350425556103
3.275230304418951
3.182051336267149
2.774377844992798
2.389578700041871
1.818595956097097
1.921676373961529
1.668859152267181
0.533469635779604
1.578033317718255
1.638966159264512
0.830051391082181
0.974373870226317
-0.448591850013991
0.988819995957179
-0.043377111304813
-0.286069046850117
0.545132956996703
0.764674481172156
0.129405874185349
0.337853116080762
0.269630354024588
0.336384867043451
2.149552223166076
1.076758597813170
0.978410819345636
1.143813901815882
0.949388862534597
0.293329272883726
-0.022469451098502
-0.112509682252847
-0.184414541897308
-1.411604004203374
-0.206207770792546
0.245435942744669
0.509557535194992
1.163443819720915
1.192893970748319
0.478741986388400
-0.882656402640994
-1.230060620394807
-1.310719076806423
-1.936362800016716
-1.278648753928739
-1.909230868124539
-1.318044905123247
-0.045994534766134
0.104859365889669
0.493699284489391
-0.221833758629655
-0.469424230543941
-0.535770410883161
0.931466033077326
1.834519866890782
-0.106815232648315
1.905600223867871
2.487824734112070
1.894144556243511
1.590316085220402
0.366773267315877
0.752968243592984
1.100791764757981
1.232132317043604
1.917934978172841
1.531172125596126
0.936435736151003
1.315575296679624
1.390266861317619
2.192173229275437
1.720176340090201
1.530972261984674
0.466775070709760
1.286319430701464
-0.365650619174806
0.029601829337001
0.372986031510256
1.454724723716003
0.046312592706580
-0.313155617843742
0.127437816722046
-0.137097139596601
-1.290842667809903
-0.352851133461624
-0.241917655071988
-0.359129136229853
-0.085867300992651
0.133236448930638
0.249503222618480
0.224256899710473
0.921246386977366
0.810806223678120
1.019923382766195
1.767656682010338
2.060809403069332
1.545078758533748
1.670216641642135
1.093646550834927
1.127425515304857
2.092861729362105
3.186469719669431
3.079957727738508
2.417659795935057
2.638162817333147
3.006968568969607
1.621729756128430
1.486176919940300
2.403749919670989
0.672305340326015
0.039162632769883
0.836406884299842
0.892128002927755
0.778297026647997
0.586696016897656
0.504204723422184
1.323400113709201
0.501619181223963
-0.718204845503136
-0.437507398363889
-0.649788034945704
-0.569384013054740
0.012693675551527
-0.258928421731897
0.395079428052797
0.789356607833681
0.867851095966838
1.350013294547091
0.496853252392521
1.642021425490752
1.161430593624590
0.848057413906399
0.732732121743565
0.363369045470376
-0.485355558772458
-0.780285725878864
0.078630903288243
0.833731651058584
0.115321308195447
-0.077096872046467
-0.634379871308370
-0.481280901385836
-0.729229273915310
-0.996650672766186
-1.879610465695517
-1.981677012024348
-1.080887883748698
-2.070472808357644
-1.069033114375903
-1.656754576381498
-0.388630454858842
0.115501993115465
0.103365047678163
-0.382428005039653
0.698544351676073
1.548236637957399
0.968287637587963
1.018972594002558
1.011563081700870
1.762325952831219
1.973975039252473
0.429318076275170
0.256321733463877
1.450305281901276
0.796494318238044
1.874782301754561
1.560127400652464
1.097745075927633
0.215596256317009
1.894299976898173
1.525973709140098
1.196417598356102
1.095286978569754
0.716263692683870
-0.117236082130719
-0.414761511224701
0.214039694792327
0.327666114048339
-0.292693200724124
0.691659060610712
0.443459370621133
0.257581054550762
-0.496642080448377
-0.656047714411582
-0.540105738797726
-1.262287820448109
-0.792602167143209
-0.831628376375363
1.198080658262533
0.969258930795902
-0.129736877517483
0.462110104443279
-0.007133254295309
-0.017451396043847
0.852946608825517
1.108730944931509
1.545946606530000
1.573952690218097
1.795907097548630
1.487562403894713
1.750956820284635
2.737808828374347
2.025489490913216
2.106699849769011
0.122467834676139
1.138676829752135
0.942999378186392
1.011272349348781
0.784252692145613
0.090123119021479
0.455339772033938
0.622056128434930
-0.534157688524908
-0.030914517150061
0.249048251105006
0.575745693067599
1.003939665905141
0.290997510629364
-0.271667407286161
-1.311529866307269
-1.496553771342927
-0.629975666117378
-0.394164503334600
0.745067756016472
0.122532898309795
0.634999412911163
1.345971496811642
1.234767963855894
1.265483683956018
1.318821456124327
0.799393349014713
0.485750574512653
2.148685553512850
0.781552507867353
0.018622124662311
-1.213137092942590
-0.981086057068317
-0.239134774795443
-1.219219341356309
-1.780544520133056
-1.840861717855303
-0.119590768787002
-0.191061509256378
-1.280945840464895
-2.125758842324219
-1.903491061895643
-0.945594260802655
-1.283012553224391
-1.153808273602947
-1.475127892413829
-1.114150469256669
-0.976208738284927
-0.473021975926411
0.547314890394182
0.216585173308555
1.511356846610303
1.292384647317333
0.553015966141350
0.722025206071826
0.767068403697818
-0.210099806669082
-0.508199663597831
-0.226489179745113
-0.003890959489999
0.335608840924840
1.393162136723878
1.212921327066308
0.870239623873520
0.169755282233648
0.976476291169690
1.175812923660108
0.993845075372455
0.021806169774518
-0.584657052918842
0.234511564075428
-1.100263360581923
0.195331937745174
-0.086031487362605
1.092050615484342
0.554044095562651
-0.648748232039805
-0.536460521338096
-0.879871463707935
-0.593430965467068
0.133498575817076
0.556457606870407
-0.623888263701635
0.192240171851674
1.228022905243973
1.292871412051824
0.701864639362438
0.346244764131765
0.449606544256734
-0.465194640143945
-0.201849161229757
0.693521834722127
1.170474526266602
1.211766841087587
1.546997937165028
2.497713267281222
1.940004072309202
2.103229635487946
1.963588794747923
1.675694149686142
1.046991056473296
0.005207182929870
0.127385412903354
-0.014144899940058
0.270937163172121
0.672815457435003
-0.270461019133101
-0.159297274723864
-0.463740862007028
0.326856928866738
0.252845510883565
0.428717584404608
0.248258550368602
-0.365816808685274
-0.699456994897022
-0.491729774523831
0.220624913607987
-0.254582604876639
0.196562992711031
0.431677028454646
0.118252086088791
0.638665165826434
1.244357377056342
0.841530376549305
1.470723911936446
1.210043213209557
0.692195025377902
1.080413468356265
1.297964544410928
1.494720522903754
0.220297006137703
-0.428101649766737
-1.332849462088494
-1.245967220222863
-1.098518900335240
-0.436222221400549
-0.445745831148245
-0.473287566077931
-1.007562214124379
-0.321951034795107
-1.606728409000040
-1.980839716669014
-1.084429981183894
-0.855427144087964
-0.816933592816090
-1.217731050190124
-0.476593487533032
0.198399461264253
0.340700836072098
1.397226035580966
0.403104299436729
0.446430989845550
0.338175679653625
-0.743771428154035
0.262661386065499
0.504834142757532
-0.774677850626834
-1.624468597074959
-0.607842526406526
-0.362543047763246
0.507934560267515
0.484025117482356
1.102238161737541
0.194708144097186
-0.205040668160091
-0.558538820608934
-1.176422294728429
0.131076857088960
0.510280418524761
0.968819276018764
0.704235944866920
0.343484432527578
-0.297513642337300
-0.892282208476773
0.230356841072537
0.879592629158035
-0.226383767504459
-1.076395360618306
-0.533388096313720
0.603999165405651
0.953988395764185
0.159636557863826
0.720649582953488
0.326780693724653
0.765834492038174
-0.361011460858857
0.524046512854541
-0.108610136997212
0.561945447917926
-0.187288522624509
0.151930303432457
0.538231197057402
0.292552171987419
0.532725248262339
1.176922684203448
1.511351200123536
1.431396727955146
1.431826413542411
1.643945473246001
1.442657580612726
1.936128701702626
0.467953478947351
1.736282844925812
-0.549653797429214
0.774774667732074
1.107034802725673
0.470844642815493
-0.506889978293100
0.080522802929996
0.607945570484349
0.603969433249286
0.127331288053552
0.102071614193660
-0.359758424436339
-1.136795535180018
-0.783870508030080
-1.480240724378508
0.237125652531267
1.082748889724441
0.090325660698966
0.936610911324465
0.691575197583822
0.243906411120402
0.674218696105200
0.469833948188219
2.241225657290871
1.436059009192909
1.394307364795822
1.647264714029619
1.662759141911689
1.532112849224748
0.862321147650822
0.003527101796805
-0.954805327278791
-0.044554265982839
-0.376257445518365
-0.537052832067108
0.556654334542851
-0.060139862668162
0.133650726685522
-0.896180661807465
-1.142978149781516
-2.070456975180742
-2.435406098557020
-1.752556946108618
-1.908056958122440
-1.388025673068829
-0.182141427534972
0.080896995037345
-0.335603088548265
-0.409366626609714
-0.259717458646639
-0.286101351384446
-1.348989113955577
-0.824422240844440
-1.192834200353071
-1.560719968684103
-1.328849997028045
-0.778295239147891
-0.918324665752444
-0.437660930362756
0.396515203920163
-0.789597817591269
-0.351999837768400
0.271271271577112
-0.042590751806058
-0.999961545473038
0.312908786162147
1.158707592321713
1.192907722197828
0.103525191925943
0.387363680026741
0.472641464566664
-0.435076880079395
1.323101819018946
0.696841172995278
0.052207297092164
-0.671728821200261
-0.110945469958789
-0.205491598722500
0.629371532856808
0.664126154947228
0.379010280578039
0.468026547853081
0.091470758221872
-0.610756354158605
-0.532602587087827
-1.136243311047466
0.228113373293207
0.790917237488613
0.082615773925695
0.645118344686591
-0.219865020114748
0.091146809540431
0.907233201829791
1.566135987622828
0.348344776296062
-0.093370896593034
-0.396194079307617
0.028549174335345
1.622019540168464
2.149976151537558
1.785738232368685
0.955239869153775
0.822859743896924
1.761097096815675
0.396528779073404
0.016640361225515
1.107201692112195
1.318998048573213
0.568548703243589
0.435594273240286
1.852111625483316
0.448142786802316
0.252863756162867
0.013344708719906
-0.450827188765982
0.063842177574975
0.901581982115530
0.431524271177628
0.643546361766176
1.447333833860256
0.514621198441247
0.803566982944030
1.741754735502794
1.497854162143673
0.519226448161352
0.107160505424345
1.073563250799450
1.807363958498604
2.734595296803710
1.723429280797230
0.901978072433019
-0.397249040324289
0.006956099919427
0.467879920962441
0.522049302490359
0.240058283231054
-0.077424755915796
-0.923287330510083
-0.751475867096963
-1.048382667812490
-0.858333134284269
-2.293661016324730
-2.652189966075461
-1.658624795066061
-2.143157149218502
-1.258436125304041
-1.125007172941542
-1.484209429411607
-1.759202123855945
-0.229728297264954
-0.934426500038985
-0.608518420088059
-1.104987935301682
-0.749255927179335
-0.825204329542801
0.451088762048167
-0.190237198001800
-0.192103768984053
-0.603589965453409
0.275943561897761
0.216350502219756
-0.049303868416061
0.564946630612213
0.222958354211427
0.780448528016884
0.671047902066834
0.585598557813424
-0.762184702920226
-0.510604687973172
0.403930374264840
0.885827290195739
-0.531071335717800
0.779601098077255
1.236449589892799
0.642609902638453
0.543720607993090
0.554629949496029
0.298259206606218
0.588141277055048
1.046076395408251
-0.336403169613565
-0.384900793805604
-0.178561195991679
-1.082656814397141
-0.662636741030267
-0.231362662067668
0.164732120996837
1.080428624721207
1.683685001765155
1.110393127478933
-0.040651123532987
0.178663872562269
1.121041034218008
1.771564375530760
1.102833149185452
0.678398168887527
-0.146593803043168
0.097911656920398
1.114392780910054
1.025824508155182
0.776125472447068
1.861963926643378
1.103853100953251
2.242621034341156
1.948887111765489
0.486773983546734
0.309253542559632
0.317023885561627
0.401235859332380
0.010334623038794
1.006814013722512
0.580703688641702
0.780891967790073
0.353488274810738
-0.645391896161319
-1.865078655284351
-0.948905022007735
0.071832068406200
-0.994844732272273
0.659267968771346
0.288038499427990
0.433307197533105
0.711350755568597
1.482683079924990
1.140178662342219
0.749334996798637
1.235588609039882
1.324951288255078
1.730502114835255
1.934002077897252
1.084494237226225
1.713442918627232
1.130512849761744
2.022506846464616
1.738436850984451
0.981108630477893
-0.314855690479247
-0.600042706656850
-0.934691994147906
-0.574496675662122
-1.893045682654557
-2.684520231381073
-3.557738801411767
-2.494825138361749
-1.974430260399530
-1.670910437348130
-2.429182928177135
-1.931098474050452
-1.573551718173144
-1.107917321234131
-1.004450966457865
-0.822134649021190
-0.397204540468100
-1.570692327567881
-1.115434270038897
-0.752360204196007
-0.266712195731406
-0.620601041962359
0.152832826559543
0.285034040678204
0.224354623045931
-1.154508206407446
-0.019417281363878
-0.204006315354563
-0.474365669131860
-0.049663467901469
-0.929232052735166
-1.023104977580624
-1.261104602826401
-0.455185872462059
0.236799625486213
0.325957446475224
0.205851160462104
-0.019504218251531
0.120703699788144
0.145866982073853
-0.840581828172764
0.298631138269874
0.172901396680018
-0.603344215783399
-0.583098470709389
-1.486839270189393
-0.930239337238104
0.454204029793912
1.035629488153851
1.334368916908047
2.107424251971720
1.608076621036748
1.883022947047293
1.082043580915179
0.303444980029518
0.906096334968160
1.614188296438587
1.375806675814882
0.988319205426321
0.681157054537889
-0.633417374206558
-0.198209374804576
0.121381119132591
-0.293742996595624
0.757173512185482
2.014875031616382
1.461964862968540
1.515860344213401
1.405083948082746
0.123451767778100
-0.585764316124149
0.264336832205214
0.274686558249129
0.308443215532639
0.780888295703550
-0.467863640338632
0.433802717271453
1.441336226512391
0.108397815558379
-0.317991829729264
0.162744527569900
-0.979386008717336
-0.753913387644840
0.250859339503058
-0.085314293667088
0.011504870982589
-0.064202477398736
1.331309123124599
1.342351057481375
0.950880795489339
0.912808613150548
0.784773447179712
0.904092546088004
0.795033695243783
0.832343303957884
1.134031759131140
0.857777215201817
0.314517488676664
1.304429988402075
0.636061483411299
0.087506785830806
-0.988512468585111
-1.054854164478998
-1.252475755666813
-2.394991831635414
-2.079650197322280
-2.476288902058303
-2.165010138446614
-1.394429328137443
-1.722120717272877
-2.167261060295704
-1.250456399672690
-1.417235947743683
-1.959353422839530
-0.462480536159012
-0.183927528248281
-0.796689428170559
-0.301730160740279
-0.038765614865849
-0.524256235355289
-1.279601929161456
-0.850944992562992
-0.846911836784115
-1.234483138193429
-1.830280480030626
-1.440459033608184
-0.740498983783710
-0.884748167827628
-0.695203187265477
-0.103220028053976
-0.172773655540645
-0.279826846280040
-0.259908330288138
-1.406051474629259
-0.875993725443088
-0.217117703416346
-0.176052400812043
-0.635484972870047
0.743391231673221
-1.018009481552775
-1.113922043704199
-0.849843068584659
-0.478304977217380
-0.433367857087414
-1.617455686288177
-1.076406044406226
-0.085599751343342
1.829750698737191
1.600508947764049
1.833551114122898
1.128873635969066
0.651719367063626
1.228598055862525
0.470030378396668
-0.022465509005537
0.579386617126898
1.475555414608382
0.373642551618716
0.128683162790093
-0.797706841617609
-0.537621798631997
-0.607922341174598
-0.622241115800669
-0.290478773171740
1.782368322672151
2.672968065131906
2.190741115683692
1.223042647580155
0.156635686724839
0.158094104296010
0.342744470619789
1.465078743500611
1.640169041269719
1.575929252314888
0.977336111875427
0.971479931115764
1.512532884229405
1.581961925815961
0.780384487207880
0.307062655526812
0.484168626652800
-0.445161177940764
0.475044376602795
0.136424116407554
0.387227301404295
0.071980407255450
0.365180646583121
0.126797123503374
0.934944536260127
0.654923890215094
1.737417348231896
1.255400760074292
0.748104584572175
1.410867722062800
0.744404475021424
2.045945580626664
0.202438744025908
-0.073259060896527
-0.163609932212887
0.317926417460974
0.750162753544200
-0.572094149897595
-1.946765084898167
-2.022950449961275
-1.637892712409628
-1.900782502490745
-2.295329428348880
-2.552733104895061
-1.448193484426002
-2.776938075138097
-1.480010844349477
-0.928335157970173
-1.637596303557655
-2.246303629286934
-0.911573325830062
-0.759370408902528
-0.292790249450767
-0.185673087829620
-0.736306691082291
-0.474508383339257
-0.648109532946843
-0.160903936673892
-0.613499218680971
-2.066143498512846
-1.348267474401096
-1.101747634194598
-1.335740327652283
0.024669635713879
-0.163515204333687
0.001694725662829
-0.116795835113082
-1.018435523717543
-1.565385978223531
-1.310884640761911
-0.964826846695885
-0.000865675242017
0.555356236462347
-0.468960605081477
0.128080482235049
-0.005570335640400
-0.681910143964924
-0.340704051599422
-0.392270168796319
-1.569097355680625
-1.044836600084450
-0.414952940039839
-0.034701540470581
0.430222788026276
1.420743688552156
1.834055112362175
0.909856201815620
1.219809820591237
1.448213131924134
0.461903198251310
0.132697048711745
0.586918777503259
0.512983757054063
-0.676329735549662
-0.788265990448075
0.305725798981494
1.124051851155392
-0.087868414387559
-0.295815494716390
0.032687975693868
1.063249765030680
3.061176573796853
2.465261859048069
1.842976189521174
1.847248739052977
0.531960292183055
-0.071409934421547
1.378652031302835
0.747457431569263
0.933334863714260
1.346963385561160
0.408252671693548
-0.166022894965000
0.421125758337118
-0.745829549154247
-0.734632384229774
0.102760182459724
1.079500576328303
2.620315753808440
1.918760359500200
1.514251523033209
-0.296755490306872
-0.292134021594314
0.760947298926894
1.608292188446568
1.601714544889562
2.217639402873994
1.785355453619849
1.908571587996785
1.051953359859796
0.041093487748890
0.245756802353225
-0.300005662375650
-0.951938347342603
0.019698004138905
0.292367519875771
0.811770889610907
0.569143213116525
-1.163537657438207
-2.038291582097213
-0.879905987277424
-0.843379658457252
-1.379885189183045
-2.735363702621685
-1.236156310495055
-1.825996241376080
-0.894433719214478
-0.666695866966466
-2.132262843524788
-1.352374008203053
-1.051592539881135
-0.615115293781836
-0.939121144939816
-0.035689547315133
0.036245109615623
-1.224362083920800
-1.241587558845050
-0.765344087158293
-1.400150028341583
-1.115167353644909
-1.340443263694774
-2.035768652340427
-1.867467215559730
-0.977993668065175
-0.881323975885236
-0.006056456028054
-0.571257162770818
-1.349970145819213
-0.887760831263232
-2.272431697764505
-0.969551854369839
-1.052866907264471
-0.953663572345088
-0.901796248389708
-0.951747961685787
0.237302561212727
-0.661721732510111
-0.071750159044934
-1.079500532604664
-1.544370862486372
-1.738845841020477
-0.084797921787552
0.680443200413060
0.944685440957696
0.592270586801147
0.228734050631232
0.590111766316115
1.044028298407851
1.306976492816228
1.350840069309549
1.570777797023753
0.273151697272253
0.363696773916984
0.392212318563643
0.184763351524298
0.253651793470203
0.704369261690121
0.291059290011861
0.415405649460352
0.460270453028380
1.081344079835787
1.661183430375614
1.926647068621161
2.132537001445713
2.478768023161308
0.970928568132550
0.988775818180049
1.023974830204892
0.701165358516515
1.177684830339396
2.367618412229594
0.591993761321913
-0.934296282432975
-1.415309663298948
-0.684467990245520
-1.065622217989920
0.034176191269073
1.092508257973730
1.577606391139653
1.693171042922800
1.425629613177279
0.087453355060086
-0.155074692402651
-0.315931531745874
-0.026311466873094
1.379438559371401
1.231809345820574
1.455365601659636
0.970795939575495
0.430616710924314
-0.305173311866449
0.089388303652700
-1.655034893581301
-1.471833725185425
-0.030106605170142
-0.123375839178627
0.239382232429620
-0.612212680500739
-0.398442642881454
-0.566877156327368
-0.290966903348723
-0.591963193207544
-0.812567703858093
-1.262841101080632
-0.556069641292639
-0.900150466364502
-1.221360014427554
-0.949296340524216
-1.487423791898831
-1.969981453393467
-0.992481972007736
-1.639268853812819
-1.003038298474808
-0.793742710929833
-0.045802063422741
-0.843988022082522
-1.219894952634619
-1.702503526113375
-1.533002689772204
-0.949973180429997
-2.208021408545527
-2.517075076679722
-1.149106026454699
-1.222957618297277
-1.198695363868274
-0.523980393699833
-1.040929975800383
-0.434790688966880
-0.806999370813074
-2.872619424741067
-2.511497687887232
-1.938153928279976
-0.461609981735498
-1.226014719980879
-0.846137707608905
0.256718863478531
0.788535617351279
-0.252650421057680
0.383150083660521
0.302837098162687
-0.706054565382535
0.177972704408788
1.213998810540142
0.435167374071824
0.532282957536045
-0.020010919125544
-0.563325660998376
0.319103756558738
1.010238679237724
1.769717589993903
0.791202829021542
1.162496276290184
0.142408940325754
-0.089869728343214
-0.080282187006248
0.545676047829856
-0.865706751068886
-0.169697669225675
-0.727227698914027
0.892126343246022
1.100000591630218
1.683582854125236
1.644028741158512
1.087640862172929
1.138047172082551
0.440503179103140
0.776949384326837
0.967663796795619
2.601731127826060
1.533883080816121
2.162123245010019
0.671799220352808
-0.966031546491923
-1.154111346638411
-0.699498000510228
-0.726006864174823
-0.330557102861683
-0.304023143703216
0.168942630224740
0.624592001497392
1.465413845394372
0.714102481501933
0.658091608787071
-0.884204125231475
0.713691056783163
0.087650552823025
1.389574079270919
0.924569405521061
0.156277548963357
-0.209576629223469
0.331901876720054
-0.158039177076379
-0.907690589515062
-0.636479747600925
0.656543500799680
0.329650565827046
-0.420883972064752
-0.443914112082676
-0.335457452487061
-0.888994366639419
-0.677597157180475
-1.080330069524593
-0.272352180500350
-0.644759821619519
-0.681495882202143
-1.439644987453378
-1.408192963246396
-1.499123618198777
-2.052057228704860
-0.823498141871536
-0.054512129548039
-0.909316232546965
-0.828981283768471
-0.589580203210620
0.003995900754867
0.432837424852706
-1.236274231691076
-1.113260185195352
-1.285137200586647
-0.248644534569789
-1.066324991732878
-0.126684364319638
-0.093764767693193
-0.949693590837030
-0.167946070360208
-1.214103395180230
-1.020061434411377
-0.678585220352739
-0.786739192947480
-2.003747782201805
-1.881719238909027
-1.760637757797112
-1.013387590049928
-0.581877372207715
-0.132471643581430
0.758653835322445
-0.329563138956200
-0.306211784984029
0.091111579794228
0.038117285132318
-1.450443719951676
0.360888301766596
0.487558025088074
0.220545082678815
-0.018274793209955
0.451433351261038
-0.363394863564887
-0.355489557342836
0.315456871402163
1.270439648443067
0.799621407675767
0.812333619858689
0.711603032670779
0.220973567927443
0.505617888451259
1.168644172496943
-0.169643024083120
-0.697419705943860
-1.149420910615693
0.220583101120189
0.370556173232225
0.883536231290106
1.105487890250680
0.058551002552999
-0.524065611385422
0.101073202244267
0.366079205423644
1.001410885840314
1.560680013463226
1.472942648133348
1.360538228334353
1.145248242576227
-0.045496590631943
-1.369498058061751
-1.039035490398760
-1.062313743745714
-0.343519827842182
0.167862997704147
0.171573134655767
0.344334197892589
1.210864976155093
0.919289959102401
0.222596051398416
-0.126455627458663
-0.318192964719271
-0.008821030606711
0.343096809940368
-0.960390486262869
-1.223071259916233
0.212202979237987
0.345535631398792
-0.293659948726613
0.127201880983233
1.267469522140103
1.247208658406302
0.204918122734704
-1.110415228789449
-0.734706885947476
-1.686160588944105
-2.202592021316799
-1.558472086686354
-0.409161765798970
-0.250269542973332
-0.542967343286386
-0.996874376840897
-2.051536753917469
-0.757669197533126
-0.840294840638597
-0.479442287721515
-0.676727925694091
-1.338220163212397
-0.864967972643490
-1.290490388347297
-0.923444277864007
-0.159011810853121
0.727488234354458
0.235555109686695
-0.186788925682213
-0.673642336979956
-0.345708855983055
-0.211270456490674
0.128122622448788
0.214951302631269
-0.704813386766566
0.034684363661232
-0.124380480073060
-1.048164408424061
-1.349533640331642
-0.666340938829727
-0.774819511881695
-0.543484200958543
-1.975004544986281
-1.311851133563507
-0.265998130562541
0.318782560703327
0.071174616461853
-0.001164287497122
0.034245827942413
-0.147927665860303
-0.789665254900888
-0.813328035430185
-0.905957227123177
0.181835281848857
-0.007730884039232
0.279471986815200
-0.082742247151647
-0.383978672299445
0.218178630506559
-0.126191315650890
0.888508688616985
0.456790884977323
1.145400608668049
0.682534117360158
0.538741729082114
0.260142790681690
0.473348762542379
0.056274000343462
0.740484628072980
0.608274980552047
0.015967579411741
-0.277965773363107
0.336890070663457
0.994207910095966
0.051374532981222
0.151021197073716
0.279635674325046
1.017837974159733
0.761577917701768
0.235911233456309
0.160572630830936
2.176526707037955
1.248002939156772
0.871259449335658
-1.474735379690877
-0.107631451632544
-0.889819482932922
-0.304174375525630
0.130424931373000
-0.712391801779451
0.351429019475484
0.838963190720473
1.316498573078015
0.228944060565108
0.284812021499849
0.078530927541029
0.392399801600367
-0.875288194928907
-0.265532825217195
-1.240323092531964
-0.118253610375507
-0.307065981857476
-0.873046306915126
0.725750373683103
-0.642164237518848
-0.856145344918801
-0.348906849042632
-0.927937313641141
-0.913429840887934
-0.881887825070142
-1.505622838068391
-0.961848288375906
-0.521207883270645
-0.520625538110431
-1.179634805963860
-0.957875348734811
-0.386545764139320
0.379788124840310
0.506584069103172
0.132236414824456
-0.230964569203249
-1.557638374108210
-1.143034116950788
-2.226015533041892
-1.223532904777642
-0.359037724995878
-0.210959559398289
0.241464807496873
0.380072359437940
-0.424472966093023
0.370556128357743
-0.807942405612646
-0.530052083448086
-0.955677646462330
-1.354120800444719
-0.803206632367769
0.417866386303466
-0.085976489541165
-0.871272352234912
0.003022949683355
0.026416351607023
-0.061819379782707
-0.685998970243612
-1.320969694598029
-0.057208767502447
0.426245394328946
-0.307557309586161
0.060790872286464
0.041435927888178
0.021966183993277
-0.162460132811826
-0.299782275755525
0.169538597304826
-0.191757740099407
-0.727819847264626
-0.795173584820023
-0.594880953969913
0.396794159207923
0.713217595711012
0.635605239276420
0.396203723835079
1.441875018375453
0.567535663152902
0.370467172455918
0.460239823239218
-0.206363717972703
-0.135144908288119
0.091180269218795
0.467719836174436
-0.331211849625901
1.428983675733354
0.920719499314408
-0.102495931168002
0.539832445147435
-0.778058592355565
-0.475050076374900
0.185168932044113
-0.296069217347035
-0.855640281829847
-0.237227009564178
0.967012463482183
0.579255612203390
0.580491504021238
0.741464920651858
0.024140793018566
0.142109735336904
0.155708506525869
0.008177866529436
-0.783195824300564
-0.723090408032968
0.324344862268584
1.474156243801051
0.991106347613712
-0.378388304121644
-1.246300987724613
-0.918134138539089
0.507499283778717
-0.106184168418676
1.208179473858597
0.452505625900492
-0.569061812476476
-1.012377726079587
-0.577444447568735
-1.007799537574898
-1.288065445434725
-1.472513622558617
-0.855839414164067
-0.803848453651403
-0.463855338277968
-1.857902413826382
-1.635426350043742
-0.470480764020434
-1.372887072998252
-1.432057321874729
-1.132174267535235
-1.391060116488741
-0.375762185910424
0.438897159888958
0.376601032484321
-0.352625217110287
-0.110343786069745
0.383928715712096
-0.166711237860170
-0.802384275622785
-1.178052252428881
0.223243726673126
1.865906670520425
0.841870626496605
0.110096732996687
-0.841238427548677
-0.524375778906183
-0.282426425266635
-0.881647602424963
-1.090944641461885
-0.676086739632375
-0.204046835859002
0.694730693948071
-0.196551352607636
-0.779251960953142
0.345051160983490
0.929973821441080
0.174782496337380
0.639753449385453
-0.924303781230787
0.334814416270105
0.953148400804575
-0.598412737710025
0.011693793159011
-0.469115431476419
0.380968662950317
0.006359437817851
-0.237851073191828
0.529771676941682
-0.007733276799999
-0.803512683715128
-0.434255011727254
-0.350029390390489
0.853658335719746
0.510126879977163
-0.035177320937084
-0.251623823272544
-0.063333781549495
0.615214288450879
0.294005306381156
0.417502501314415
0.888626086444277
-0.136117526113165
0.283846270243409
0.096087209284424
0.038131862409199
0.276625819702137
-0.055145599070464
0.142955395794147
-1.375670735026157
-1.395367097684299
-0.271250538874625
0.130695748981654
-1.003462230849546
-0.128346519790490
0.018057365144920
-1.174988969202099
-0.565985897914999
0.911488250001031
0.183606451169470
-1.166266283144762
-1.051729306274067
0.698501909044902
-0.497348781783960
-0.976985742159642
-0.666727542134438
-0.008133374378903
0.911531953022884
0.210605433994192
0.038957964536732
-0.386859460270373
-0.573245772533317
0.860672242424303
0.457075608271785
0.566020440817458
1.225035772582808
-0.075410951468968
0.043603762973940
-0.244972405165239
-0.401571080748408
-1.398561814498213
-1.606198117842431
-0.259605728723061
-0.785644419883730
-0.033700099373154
-1.055093940788390
-1.705739440249201
-1.664828450068885
-1.273382645703307
-1.538749873526128
-1.562939018012381
-1.360122132254327
0.102068805367344
0.743898203621421
0.484112941544509
0.451999231282743
-0.075156785577513
0.238440423268932
0.025491054741135
0.198732955399322
0.216387671536636
0.718040685374448
1.523594199519891
1.862372783363788
0.918480382916771
-0.713239726001015
-0.839173502278543
0.179434225835256
0.893361608170757
-1.000226806461934
-0.848732991134383
0.931103953318680
0.758796915477906
0.419351279048686
0.329683134336406
-0.263206681143560
0.902279145488144
1.202206154409271
0.369491173360380
0.209465903365295
0.624008606113034
0.265957205519987
-0.638226132734231
0.048150562430740
-0.203868646724856
-0.063015458216902
-0.927564568974863
-0.543430235531484
0.709936365544192
1.077866489135064
0.988849484601536
-0.021206889154979
0.935621471875838
1.138087432007657
-0.198010836738772
0.164207617058708
0.316809350144227
0.450312219213810
-0.841560887817821
-0.298660770027322
0.485947850856966
0.469182194024259
0.469512819959089
0.703179544135140
1.254585148070895
1.051072207457217
0.140162904196366
-0.557381643006938
-0.328530404841664
-0.104180283008360
-0.509615725172136
-0.762233114421240
-0.426872862378773
-0.515031227061016
-1.089295670445465
-0.866219472826874
-2.002846352841648
-1.396358239739803
-0.170035565510738
-0.280296560403691
-0.910098361393322
-0.662800219267561
0.127288885991388
-0.003106040522742
-1.566437462940509
-0.577980156627606
0.116635445529544
0.799680319127599
0.454724823297643
0.320419729537833
-0.052347595103505
0.557288358790350
1.462410398285519
1.256121651516652
0.462962062183471
1.058948630707779
-0.239324153036285
0.251106982229338
-0.203718400458093
0.068388723419446
-0.587758600305907
-0.794131996863700
-0.816371186108631
-0.633066328118198
-0.500324649211064
-1.110286092732885
-1.293671842576413
-0.917424146996863
-0.478803243061992
-1.734256843521829
-0.986839008770973
-0.581432300416521
0.401500576959800
0.819887207704304
-0.053072734498095
0.369477627160929
-0.409041127577842
-0.470810936686054
-0.240575295391191
1.096365818797574
0.853312773590114
1.587219475809551
2.294379818600928
0.636345606476865
1.663287131280014
0.945087221172675
0.980728674994561
0.430573905745033
1.118971486143661
0.041940758627365
-0.204531673212191
0.234399647584150
0.481981772450619
-0.206260271721638
0.343828551279595
-0.296706786603672
0.384298411264300
1.786598434927909
0.574961553439741
0.793137513082617
0.266784787275092
1.037786680578808
0.444846733274256
-0.015835941365796
0.408261777595969
0.980639778902481
0.550459245476972
-0.146573366631145
0.501177420534677
0.547070039861554
0.786443616564064
-0.675165522460170
-0.022079238866092
1.124449885772836
0.069740267534274
-0.276775482311020
-0.429973677391414
-0.257080925694057
-0.583272874744844
-0.070884733155616
0.224729051115088
1.155017341821206
2.240767977766856
1.953335513903375
2.266596632780022
1.082629457060327
-0.580710699760090
-0.644232917409194
-0.035871859581864
0.882632876210435
-0.277003276063521
-0.619493319506986
-0.362968709359399
-0.316345126115403
-0.174677329512591
-0.904117765576141
-1.477869886487211
-0.090706533506608
0.174452600910484
0.121461755786016
-0.045906156180996
-0.130214305809611
-0.741998224428178
-1.360089224497319
-1.177312109171238
-1.100021251762786
-1.548061332849805
-0.223461098832668
0.760407573485360
0.247124870049209
0.009695175091971
-0.448450562115878
1.631210477663090
2.042901205636779
1.329635077108970
0.975127915139251
0.126446291102614
-0.073964117428848
-0.861564165279606
0.155944819205214
0.237241449314382
-0.533375111594455
-1.405245636946729
-0.921862059107009
0.508956358830060
-0.583769699827094
0.033499700410406
-1.570660610838255
-0.929903064787535
-2.066423622234957
-1.396232449283042
0.345830402489991
-0.090637308607168
-0.168452830220407
0.095208890572399
0.393338812063169
0.244280080186290
-0.102071077661013
0.712951308847874
0.904699170636395
1.766329199848968
0.929945015157033
1.276956491609763
0.782355386438271
0.077653560019241
0.369534908563543
0.615808856216658
1.212449614564592
1.202845898460996
0.935144783330251
0.514219747722917
0.219147476226740
0.259317665759230
-0.284831975830407
-0.593050454119980
0.703759248067658
1.021115008988156
1.781184823040803
1.208162567818931
1.667451201792511
1.443934875615680
1.508599569497500
1.599715835705764
1.008667588761743
0.809224779174291
0.000401024234458
-0.417690524295019
0.116791034947522
0.400447909587387
0.045356445256927
1.046558636849241
0.105884767280160
-0.850020482432273
1.131841030650357
2.221664140709080
0.500242272052302
-0.108562630944421
-1.534253347233121
0.024227897258422
0.756021207136006
0.943509931949558
1.221907935456669
1.502386796710352
1.911665350341235
1.798378158092925
1.993218130101593
0.819690788360570
1.514515312604013
0.695892426608612
1.343326468843567
0.527761249572131
-0.044112878435975
0.040318958919164
-0.658775079909445
0.218630760889796
-1.074187272641574
-1.463219548473286
-0.678463847224672
-0.232393272537916
-0.373051748326507
-0.116988511316058
-0.063602565471692
-0.101529872920214
-0.710227798521972
-0.868544900300903
-0.303124782976390
-1.176479223509351
-1.380281917628121
-0.771467894106062
0.243381419312428
0.728747303883989
0.584368496002324
2.176826680476573
1.984712742212211
0.581176452261344
0.725895112784854
0.387518109077591
0.004818709739132
-1.300049210363354
-1.799828220871968
-0.542730621871819
-1.793680474572174
-1.908354332166336
-0.937625705067614
-0.061680175595167
0.550349310505560
0.633742919547216
-0.107020698107230
-1.202590423638792
-1.473424846842206
-0.873537541182090
0.168578458797062
-0.508133325554497
-0.739821506528409
-0.101583184651080
1.189987186663796
-0.109413638240856
-0.445012151477338
0.585453992406958
0.093271594631437
0.630036452776052
0.522380270192550
1.504760197602643
0.063903689862539
0.867127281355759
0.922127736981069
0.620945740471824
1.274038285409079
1.733566994786201
2.587462617523915
1.857176313055534
3.045712295848978
2.314735293175903
1.201092082888470
1.274683946854422
1.836802097740133
1.844992217108236
1.188324272261988
0.696206182585217
1.227855622302562
1.657735368029173
1.842519633900591
1.775706904520812
0.759045288530544
0.108454540549656
-0.237695839635723
-0.375781423231161
1.065083248528926
0.193890489979650
-0.301993318707397
0.505293258415262
-0.913492317969938
-0.989158058104573
-0.540359430796340
-0.546101728467251
-0.989416110835184
-0.194742457192374
-0.811032656914482
-0.781492868241323
-0.640636749230687
1.248993334149761
1.577594488431227
1.404598799979293
0.333633160066891
1.068741639238144
2.296591052638923
1.662629299846141
2.186341377934766
2.357736444597176
0.836287892643678
-0.149836248746736
0.135945636237046
0.156458087661678
-0.161798124947493
-0.641778047355479
-0.342251634823081
-0.573461247953795
-0.735481979706901
-0.476465773022106
0.068439753215921
-0.008116820373002
-0.445238693977830
-0.884689047136271
-0.214797813601320
0.049625050166641
-0.466785386810634
-1.344074823975727
-0.512149296009442
-0.940605605125719
-0.425277588798485
0.339687826002067
1.568536528453463
2.102604200382822
2.287222733076603
0.601318698501421
0.642747832701866
0.273153591677904
-0.171914716231987
0.148142365278144
-0.166654359906675
-0.268388158398822
-0.617384642221877
-0.750453824513473
-1.325990334891683
-0.786898948002119
0.946104997253586
1.552204683820679
-0.776861882265515
-1.239198589772114
-0.678745455260012
-0.810441929573618
-1.111202078305135
-1.137647482091263
-0.107149944618023
1.377172150071247
0.638325156978638
-0.557785285586200
-1.041490301167592
-0.066138526191551
-0.426635181753973
-0.074996130882009
0.649111073343406
1.567462148189306
1.044864161049265
1.828222042781455
1.177964067810936
0.264299018686746
1.225604265039352
1.512737092001135
1.598566735261780
2.761630649746153
3.321056690787139
1.898710996606749
2.115402146422314
1.113580885396605
2.237351578639919
2.105876044074863
1.397248615569939
0.138511424058383
0.870441542089483
1.018238244005485
0.805957508472211
1.395942229109926
0.040990846737278
-0.010415663953888
0.206329324970852
-1.253751012177282
0.039528855097708
-0.407119318261004
-0.024277252715651
-0.096957171912009
-0.485152877108038
-1.364342576406270
-1.607449700634211
-1.204566778298838
-1.006005172606616
0.086863034557063
0.320022628359879
-0.338407942228528
-0.656261907441393
0.224967841851559
0.740439466395230
1.605703140962839
1.163959842095619
-0.782185753472101
0.405212572525148
0.535355346184655
0.754214283483001
1.025312089261307
1.156514992613118
-0.335818842875884
-0.322486496708810
-0.869487925623188
-0.310954833795562
0.805421474373064
0.392483357696498
0.129075819925378
0.161171558570217
0.712843379536003
0.896913330040612
0.697671404800474
0.045812223300737
-0.311281484498782
0.277042345670842
0.078136166385635
-1.065965953963795
-0.585102249930934
-0.299273831545976
-1.058889323345301
-0.819816113377577
0.247526925165832
0.741068639128261
0.402950559631681
0.544220249359791
0.818368220889969
0.663675435602237
0.039773852014309
0.593495179777666
1.537825988217491
-0.331508658444803
-0.547711724165397
-0.725275348099850
0.149326160443707
-0.515313813078305
-0.865827701044027
-0.978098181988442
-0.135269493101137
-1.328810505465030
-1.618109562100305
-0.670095974036908
-1.042665583768616
-0.420331474998549
-1.009814431179210
0.151847005524996
-1.065488685098877
-0.589986393480127
-0.682734963472883
-0.740580890085764
-0.724448575609370
-0.617465725891523
-0.517573970608213
0.683772382275812
1.029422705636867
1.535390831711498
1.294014078308004
1.128705846348915
0.590208910554062
1.578831267411633
1.049191204865696
0.368507012312576
2.460695553712775
1.936604369334531
1.475981236761858
1.552230439551938
0.491608492854260
1.656175983139308
2.208623282324565
1.409970858357637
-0.130946662479158
0.125045487088173
1.148001486961401
0.459300272181280
0.701882656581453
0.304590773820580
0.306566088557503
0.572210900681896
0.592016124629659
-0.283332462030540
-0.058539801590306
0.025024585952938
-1.109253810302428
-1.434846006686892
-1.030882206790417
-1.182171701611588
0.284536371127448
0.524693834501459
0.440423579424342
0.034545958934488
0.231912761802031
0.365934723961798
0.919871627749971
0.486439112802375
0.382286097461507
1.419888837371813
-0.197257244895715
-0.698842100061030
-0.440303866632478
-0.464857972104515
-0.157558515941589
-0.211645235590039
-0.665470694185032
-0.406771212806336
-0.480481138716597
-0.503335129957575
0.630225507069024
0.904711122945354
0.421542049814059
0.246758665998133
1.150723160037144
1.295968546757206
1.228481389818844
0.792998659769498
-0.150348955202873
-1.979075563841188
-0.647362259982485
-0.849559259147826
-0.285343143269226
-1.187339708643982
-0.133281944044863
-0.204546987749990
0.659659160274556
0.833385417538766
1.616065213090950
0.706361573244426
-0.243305412700463
-0.137256742264197
-0.760151907355008
0.518528851947618
0.762553866537111
-0.634605854371323
-0.826524038963781
-0.716649772582552
0.738999511500169
-0.196670602446802
-0.475538969793975
-1.363701746426704
-0.729580773125942
-0.853424035164731
-1.223916155951116
-1.731586424256960
-1.272438188773177
-0.737196943555393
-0.593366536825501
-0.458215257470845
-0.887702183840206
-1.201768382103302
-0.781126717603159
-0.152946367050546
-0.006268032395113
-0.143030074571240
0.036909016986370
-0.057984206246837
0.608495033133665
0.342787603980946
0.659112785557610
0.311446940967229
1.464341281116265
1.837911069310266
1.785543096199298
0.117498432418640
1.578916043064570
1.577368944459503
0.392637084071051
1.295657695370196
0.241556993878394
0.379188273387685
1.157254657107201
0.410324734831764
0.243855574775680
0.384079305959525
0.476442213775290
0.766294807064959
-0.156988640864769
0.672765225445051
0.918267888382926
1.242292754623723
0.358713049240122
-0.359642775225327
-0.570697703216602
-0.265325082667019
-0.900392732384272
-1.442683537725658
-1.620629347229178
-1.534181698090142
1.069605714405529
0.732313875146064
1.151405492087222
0.772762438754778
1.313368392398008
0.876094508371072
0.763760116682912
0.452767428534618
0.272160951132695
1.716210609251035
0.406247910246458
-0.536185882670938
-0.095472651366471
-0.172285980571863
0.809441551773006
0.815952391494743
0.200150945715676
-0.081506722790774
0.171073524644390
-0.550689927436250
0.617609982111271
0.223213521810537
0.232737089122347
-0.245779111850370
0.338702124380795
0.157191726055816
-0.372485139654515
-0.125443877088961
-0.443215610190216
-2.185455571285459
-1.216737440651153
-0.836415101551142
-0.481900456394480
-0.390886934833969
-0.094997256210497
-1.012174951789261
1.329871189329731
1.314377603299086
1.302800122828558
0.491878313441853
0.292893368372185
-0.567001304379170
-0.708901581075112
0.905714090176074
0.888741762798792
-0.446503769998745
-0.061186813473683
0.307795961810356
0.949830250604233
-0.180709839088562
-0.995012228844971
0.353797948196624
-0.508793698024075
0.482522194935741
-1.525002364749139
-1.268940061014128
-1.259246585110300
-0.902253870546878
-1.508525831052519
-0.899268847333341
-1.393045286176450
-0.383812656868415
0.448492376204804
-0.519245371525535
-0.687183023415157
0.120257287985059
0.057276884883537
0.140644270106592
0.515181280210544
1.578453669450367
2.473187678810460
0.650481258800001
0.919675402950377
1.394858988258820
1.880185954810936
1.265871497967820
1.482396471620751
0.097536129396740
-0.394597739545252
0.414717831637194
0.380114799519661
-0.155723644075497
0.451512404800069
0.126563822633946
0.038107426330344
0.832353851117445
0.219116911415817
0.222602193624394
0.593383218341218
1.984959549520763
2.050977563260324
0.397161440503569
0.846443923305851
0.004753986057856
1.225753777664909
0.788657535439857
-1.191003422213043
-1.531872275124478
-1.611022692290911
-0.548196719164802
0.392793292806999
0.412245484205528
1.164583227865616
0.778389453895809
1.200217750779772
2.698923711497633
1.665596357305868
-0.102513345863105
-0.291093242335683
0.936057266095496
1.042471856941545
0.497405580832497
0.207105694761464
0.294767271507040
1.242095656860181
1.509997571848130
1.249696006612043
1.001249823042668
0.026593659139514
-0.443144065284724
0.267196687235525
-0.241947775543061
0.528412454657165
-0.494995114684682
-0.430783481739713
-0.152508577213925
0.270782692785102
0.205098750303557
-0.998577270618501
-0.830739528289655
0.269104279174390
-0.440187536708358
-0.322615995501453
-0.099211835483821
0.138973099775682
-0.633339428591691
-0.139579858769931
-0.434038962193026
0.112872543748516
0.801710372800356
0.788151896166717
-0.049982075889485
1.385287427541419
1.432992505703754
1.177864842314983
-0.832977564829368
-0.874373160307639
-0.055228388297996
0.992453602702028
0.325845291255822
0.710653757348608
0.260386444319296
-1.175152487427035
-0.041152167681668
-0.366480174550640
-0.855418009651401
-1.575660729225107
-1.803406866508419
-1.448215347826215
-0.972053444377946
-0.360674728109873
0.811906862243119
1.222282920961484
-0.415922527771713
-0.320035647765005
-0.839929057251604
0.545956383381322
0.405508474442067
0.519980111301166
1.688652039570093
3.612636653879965
2.768974326512680
2.345295641991342
2.149075373818604
2.472457760656583
1.438942239551293
1.143451046966190
-0.415040275221786
-0.711338500156472
-0.066064820787665
0.236837653421589
-0.205703658530201
1.358798886035944
1.705480235173706
0.757253753922436
0.924015081484945
1.503019837391105
1.285783339299961
0.838572171638545
1.371418628891028
1.782319394341407
1.412049619139099
0.454244117680304
-0.085806602391958
0.780270149461437
0.727672306863527
0.365133245499723
0.241452382507927
-0.043510655037887
-0.325211211466166
0.577806712273098
0.454755288473570
0.624074745364830
0.478051230141301
1.320316609793110
2.106319126704836
1.383263938499127
1.599580428589599
-0.882914208814103
-0.282682115192287
0.442335245737080
0.563054045991782
0.297082669122642
-0.313321371957113
0.699325166871023
0.393620826716118
0.625139368821794
0.276192796243604
-0.335249177023351
-0.455710497713737
-0.801287977035621
-0.772250142841683
-0.145604293342973
-0.128340580302411
-0.571176584600261
-1.339415134785751
-1.069036569768282
-1.029501977569940
-0.829328689708757
-0.784746042868412
-0.843910033929097
-0.776987823018728
-1.177704029140294
-1.847282677839502
-0.508742544544420
-0.936568052345202
-0.924292165742488
-0.485849823808104
0.243606561338383
-0.268254610375740
0.310701722042901
1.104082619078350
0.913684742072267
0.669325909856554
-0.666238773438021
-1.622818240255990
-2.201843983957823
-0.362904958910067
0.900871841305547
0.871230132508085
0.313014822739003
-0.669735539428297
-0.877462503146044
-0.928118446798406
-0.911033440627373
-1.473375804770356
-0.584944469113622
-1.480861934117164
-1.091190122345952
-0.927805455528235
-0.091234748027998
0.277703799819251
0.826528222191695
-0.249979894527692
-0.092416625758411
-1.014225766849041
-0.503360268359534
0.408664304993030
0.525107066706311
1.489476469552088
2.260835634973995
2.636262026314466
2.376312068771830
1.202317061780958
1.409359340265080
0.098922922019979
0.770438847440251
0.251989470197536
-0.706339258911486
0.831817933673451
-0.977162490897778
-0.159335516102457
0.656824264160766
2.032316765451150
1.401139885873180
2.185838422981008
1.698804400044319
0.760774968169146
1.117933999659182
0.416146716720067
0.977058198038947
0.554028891742185
0.233139759229980
0.694914183086883
0.108196523339891
-0.182203509224271
0.325137667504547
-0.258130428318003
-0.810188914679177
-0.110535992514785
0.173139306099059
0.613272431872461
-0.193619999606370
0.164081290529758
0.965736881171757
0.922112193460525
1.593140662012544
0.907947933295355
0.699889304460856
0.089145821777320
0.342050229992762
1.355831253709555
0.942808815934669
1.113317219655304
0.294611572378842
0.500316976102386
1.945142917035302
0.166772952289707
-0.798971402216178
-0.712577502688244
-1.162235603219106
-0.649248088809680
-0.448170546671691
-1.003503743728628
-0.937161385999811
-2.174814627695848
-1.383711146969644
-1.564203756038467
-0.881071892916789
-0.267075129446326
-0.662777178784752
-1.025268381100684
-1.395090380124577
-1.250088268120142
-0.961380355579304
-0.892080629113614
-0.574084773166402
0.398358442840591
-0.532932368894258
-1.016210411582983
-0.256730506156811
1.795946071130027
1.180961613913838
0.782194379650780
-1.004883534890736
-0.718578544242728
-0.772152416757993
-0.414154277128679
0.489572145161350
-0.256462438760515
-0.297557488895139
-0.234359119334857
-0.172810418203735
-0.478152832168909
-0.899069277300338
-0.666927044247455
-0.764389775502373
-1.992997846819103
-0.053388354481854
-0.922559999177092
-0.259515359521240
-0.605156881160491
-0.246032540836513
-0.858357946561854
0.085367198903275
-0.913287105054368
-0.486796143069389
0.828306831029940
-0.292126207403948
0.719822352394043
1.534654881829471
1.378980855882875
1.132251189770149
0.878215036332845
0.851990368840085
0.293813245341464
0.717887757709904
0.514293655773333
-0.517464024615259
-0.163768424781015
-0.536050999012120
-0.416939700290614
0.689235507789793
1.028597150297817
1.593255733771147
2.438546179270562
1.507304497882111
1.437709656512251
0.880799663591323
0.143454237053158
-0.444798578370597
-0.088990943488352
0.643742885639390
0.928961187888558
-0.819703056545758
0.225385593627312
-0.025349410328197
-0.054328804686712
-0.850794101799951
-0.713318579172181
0.290805504107682
0.823004287939085
0.275165391852631
-0.029097279278810
0.472030699142892
0.195038884017588
0.302294288472370
0.562238908852224
-0.498184167893967
0.041273049882115
-0.813949848993253
0.372269543682478
0.530366082578241
0.404394385299546
0.962133189998788
-0.037702515663313
-0.130960652360494
-0.623251582274339
-0.102617529827443
-0.571440558011136
-1.484347291298032
-0.756818460919209
-0.358522480274740
-0.754787626356649
-0.719186002865672
-2.140583727996929
-2.361287351997519
-1.044353888016907
-1.216426269715696
-1.249581264388773
-1.419261734660664
-0.758816646615788
-0.482811088011519
-0.458705167667011
-0.587784027449820
0.106818076423085
0.783070187299362
1.201802056158201
0.974689908054732
-0.373799522003191
0.054453873065153
0.514832689999184
0.213427374086556
-0.046189258873227
-0.383070762852403
-0.716904669685095
-0.399964098127831
-0.544682974686257
-0.447967133006468
-0.762309531400407
-0.696818468797643
0.704009146901329
-0.666283356515344
-0.448736938519638
-1.107354087602802
-0.462709068847134
-0.682827324378079
-0.521407356362322
-0.074537510207371
-1.026151921360459
-0.335626926799063
-1.139118600634411
0.603063291882006
0.464569904147721
-0.356093513594287
-0.568268762366214
1.042832115132665
1.231538485017481
1.070491003707812
0.598590999649956
1.149441515262134
2.217541995974566
1.700267116997878
0.904473758570340
0.419667023529763
0.129332684606986
0.361793378391440
0.715399198068408
0.724690166630683
1.159553941335209
0.181172317808602
0.956038279214136
0.633899943892146
0.376209817238531
0.446896736216955
2.170264586613324
2.160656660454430
1.063390662840874
1.728742142173971
0.736829056148983
0.169121978501809
0.524353457036235
1.125694455178581
0.769128941091835
-0.212410327198630
0.281804180071682
-0.032833216360164
-0.033058546028337
0.153648423106719
0.442774286379603
0.364111539333187
0.790162969694945
0.284692431674193
0.305166707705422
0.651509250919521
0.630886795640954
0.234821010769115
-0.089673419940488
0.194612622270855
-0.192756968591406
0.434436445914123
-0.045516929622815
1.237282496506366
0.521535059916614
-0.203177243021365
-0.225002212740521
0.740808249483047
0.934984180216879
0.582751740463557
0.100099581394860
-0.519508157135182
-0.678836945086318
-0.556961531271357
-1.249348326756767
-0.694451890853623
-0.768793132665442
-1.213258164463046
-0.776290520551344
-2.333237264861826
-1.796265944216810
-1.010515363654913
-1.501224561739212
0.184040131450420
-0.152101268562079
-0.529948580855249
0.330821278545988
0.808927433579301
0.901598426926260
1.340096088707754
0.604840206825644
0.181003291717042
0.160122911279736
0.212389417650210
-0.887775874181957
0.280282789420916
0.609743467141182
-0.124543552126121
0.063397544642815
0.199496720404726
-0.586585574671676
0.082581043118946
0.615147779306324
-0.110117865605822
-1.416510640054171
-1.683776019889722
-2.467614706569341
-1.777768877875944
-0.554318992932159
-0.618443990832540
-0.341506911177136
0.301410129054788
0.212048947153068
0.060988060027833
0.121147916818301
0.337718822797255
-0.500424883319924
0.605066951968574
0.671996235037179
1.555362353557527
1.780515830490534
2.439606872836758
2.740552967421686
1.667569862860765
1.280660075882881
0.124133263098885
0.741164595670110
1.418483754001338
1.311827386862864
1.405959257053480
0.834071882585886
0.461177271910312
0.624315929703413
0.680847123508056
0.889551044328517
1.931213893615399
2.292346760248083
1.149813013450428
0.674747255006540
1.366465053902536
0.722218992110147
-0.204114027444497
1.001973489693974
1.294149321980091
-0.003280225249410
-0.350578554668761
0.002875128536420
-0.432125753742865
-1.094392616622720
-0.308018849918488
-0.153809491958935
-0.638267899404602
-0.010687775064170
-0.258019130205907
0.189338724385259
0.202145605519394
0.416129824760344
0.060056442801128
0.734544712946356
-1.000004795325414
-0.156072508537648
0.747709339289572
0.580737903717299
1.058223883617894
0.000719533869918
-0.078361131411001
-0.050494022148255
-0.067238026713805
0.209096280241539
0.902049482638785
0.774923137162735
0.377944017483479
0.712944353621064
-0.835084884666851
-0.158346466080772
-0.251250244371213
-0.289690686138910
-0.730828605296155
-1.154406421598124
-0.888140982047193
-1.046392971005494
-0.382698591757896
-0.408583351744699
-0.979990072827974
-0.743308287212937
-0.286888385508912
-1.278406469814691
-0.446774551562052
-0.544476636776096
0.815050627392698
0.394057712126828
0.122259065316692
-0.089653226318663
1.365075887818647
0.165143190016152
0.156243244043000
0.945281618024908
0.077320182050266
-0.383879018567179
0.432553129984157
-0.659570709488937
-1.518578211202272
0.191955522540477
-0.797577575309697
-0.680930870535389
-0.891780525522608
-1.859223167442229
-1.257851011971331
-0.897635251965471
-1.256234646317262
-0.028498827181713
0.473866208934038
0.298894292455580
-0.220273249336113
-0.873492243022376
-0.503242625481738
-0.641414921180218
-0.658538184844442
1.078116959340009
1.758914582330176
1.654959326051924
1.111360460810153
1.820784147346362
2.211242870288658
1.757267715277203
1.120885469118136
1.900486284981096
0.962800665369067
0.423374679236907
0.321321788921017
0.836783576269797
0.010832965679107
0.038795481313016
0.360932363350708
1.013429949613504
2.033568476631570
1.880330262715355
1.500517614070440
1.092445140088131
0.657678703452497
0.922875203286116
-0.190506284018587
0.125034073371336
1.048597159575749
0.182305280862950
-0.012593236105211
-0.119540867059206
-0.461400032609175
0.075275272077054
0.350559232642561
0.474592233330673
-0.019994227907617
0.415443386024060
-0.431679150997310
0.985656322505039
0.545299800127716
0.661420964532766
1.151271225885161
0.278989764055568
0.017812488222487
-0.285883716124541
-0.182813493288798
0.666541374071732
1.221201801020632
0.921752515059816
-0.515317591388982
-1.320777633498654
-0.636566754707367
0.393164579573885
0.724287807388831
0.687132240606680
0.140923007534053
0.218459629082098
0.285429991764901
0.195120805323290
0.764479055918935
-0.232073633443850
-0.657427660547635
-0.632888879645380
-0.149893015266794
0.052352305329084
-0.825706257446057
-0.551041427535646
-0.786231195490258
0.026295355520269
-0.329032742867139
-0.182426119815153
-0.650654572569503
0.103165015663818
0.101097139587051
-1.294950118819364
-1.186585941625541
-0.462718618858252
1.138623918081471
0.973430286728748
0.113567829773480
0.364559279997862
0.484239389872099
0.036203839350979
0.976544720383741
-0.741483741262642
-1.856849541728450
-0.188799606318095
-0.346110741712383
-0.070341712945042
-1.021507181003134
-0.326714824128013
-2.267597400091458
-0.599279258742547
-0.006860173991300
-0.253045958829415
0.122841880536936
-0.141618895127197
-0.404295719609063
-0.078671710394585
-0.708377382296190
-0.481122385930234
-1.701814742635339
0.314471929941535
0.805767369373060
1.051931062015995
0.551378151707881
0.624474772712277
1.352356304675576
1.731167358175464
1.942104440620531
1.339375395812775
0.083321076012561
1.275989793937703
-0.488516067159957
-0.341381170280919
-0.017569544138586
-0.255430504343293
0.649987345527396
1.905555634704769
2.397947788581174
1.886395974151671
3.045234785477630
1.037496079763880
1.055216997152526
0.944249611261617
0.122675648214185
-0.287501812093551
0.779002339430041
1.807734598668109
0.973050007120893
0.654904248788432
0.851368211529179
-0.041692289572175
0.817758527210127
1.044140075484628
-0.570956775859904
-0.721278764947560
0.295722073773459
0.231005662884131
-0.462636676648767
-0.160118810993018
-0.950626281269499
-0.713316983620478
1.042148443775090
0.121224808738123
1.046397703512633
0.695950354700335
1.365317452168855
0.202070294828759
-0.469528963265245
-0.528104327212512
0.468494421366865
0.600956946636734
0.496241444829387
0.094940023375184
-0.500052710062587
-0.144007188535154
0.716580227973825
1.081263928117456
0.619589946629190
-0.051692776565340
0.116101879140686
-0.313694154742656
0.252856421317080
0.356667306665813
0.103220116951125
-1.356443848334035
-0.935506138996506
-0.702919172185910
-1.168528279672872
-0.683367168084866
-0.699700231157951
-0.904779246135699
-0.376970207712065
-0.121976411945836
-1.072738673697891
-0.612738568547453
0.019341078292075
1.151967716364565
0.099263243209505
1.372326128645088
0.572609493052269
-0.000313002195491
-0.166311931355309
-0.723968807317726
-0.908580814507429
-0.922731348009550
-0.734808347929135
-0.783525389059335
0.366869561274678
0.385280947626236
-0.770551505791327
0.307232879654672
0.363262098277961
-0.123419129653468
-0.267057862293680
-0.607092370965828
0.124106945669274
-0.001397675731490
-0.532827821314973
0.009344870947750
-0.208098659460026
0.330381866307289
0.758016311725385
0.823094815999265
0.818749731810385
0.550940100116931
0.428655578831852
-0.747756188433917
0.474048856882226
-0.444042957194408
0.446463294608218
0.966474424160176
-0.042197262304899
-0.696046137544535
0.066763290597424
-0.351066696736289
0.811708588754128
1.497781187043482
1.951103633531615
1.088867647999819
1.750190303379923
1.518704857955941
0.768852533328505
1.133820462534387
-0.245442385955563
0.394048071372750
0.156643305074591
0.883861925649307
0.436558300184798
0.675052306747229
1.392490989750389
0.334799791032241
1.023497760840863
-0.183712034622805
-0.972963895669929
-0.577760351450812
0.192040896815122
-0.109310260376859
-0.637800297307341
0.211981377374058
-0.355646053590374
0.950763450376336
1.392375655051556
2.075250059274600
1.184067710597714
0.387527329156704
1.161189731832892
1.257906642885745
-0.125773001728176
-0.270636192252391
1.105033652134390
0.110137956469237
-0.328814249529766
-0.941534851348009
-0.163958279966276
0.598787536361804
0.648312521638193
-0.026086957803388
1.447600099620528
1.457827496037299
0.995540038718448
0.660630135813785
0.847474123341209
0.336916475227339
-0.793556891761452
-0.608536444902583
-1.810378381395133
-0.929866233655378
-0.502922464116014
-1.804230040560515
-2.037631117532721
-1.692605391786975
-1.656362367445337
-0.573436523865495
-0.343340282193189
-0.783029829361630
-0.200076257833634
-0.639572235039567
0.254833313245591
0.263089904794483
0.572543142302588
-0.234923922296100
-0.262942579094674
0.080251751268151
-0.897094467912339
-0.951911333273195
-0.574674104646936
-0.581011678339502
0.056499961743294
0.289971550392127
0.881908020880164
0.199924268420662
-0.941346958902302
-1.460805051224840
-0.945133731204640
-0.432023698122135
0.081022120604922
-0.320640684046593
-0.398970301745652
0.403079236602906
0.898270744157518
1.321349888111961
1.059784578103136
1.012044685048428
-0.452750954533729
0.740807375479408
-0.478036523364349
-0.556246651470792
-0.808759929451285
-0.574262022831381
-0.895032740700232
0.449196336020463
0.630873159514223
0.998662676315923
0.686136078559620
0.348869471833422
1.427155256318764
0.890319020657973
0.952707386257651
0.941185941132501
2.016479341688074
1.865522346760171
1.653606994743837
0.271890874234456
1.031332934981841
0.173122344658262
1.337733594630259
0.668898360259082
-0.229528473262707
1.031930410814108
0.246769172401015
0.083791337688924
-0.311794379081454
0.322853323902239
-0.506283299315685
0.245663359057440
-0.118329921406889
0.123202986919623
-0.147983108566195
0.945610990536839
0.811405078495209
1.630177857701364
2.035694710254236
1.876960083183120
0.798469795324750
1.142846045576188
0.934065235923236
1.647342351709663
0.759994991208182
0.302833190344268
0.904538017005127
0.900032914752332
0.640894721122201
0.082503510987943
-0.139163900908914
0.456026413217843
0.450295705781076
-0.010428540994442
-0.594197032705296
0.127273217493466
-0.646875174866080
0.378244904172153
0.946874783285653
0.154528327708730
0.109449326299577
-1.529687390065732
-1.334574042585174
-1.718010802904997
-1.094353042082927
-0.343568563088455
-1.262572069358565
-1.462495095949043
-1.969641721157635
-1.007075080886121
-1.107376198149973
-0.699886894525335
-1.947883990495135
-1.711603219773529
-1.367857644800206
-0.788554061559008
-0.006227262975229
-0.398631701535209
-0.865993948628155
-0.684270696740892
0.120072056648040
-0.450604268365084
-0.353607788076381
-0.110306811722266
0.848058317610611
0.552316392418797
-0.780158403496317
-0.353584558693747
-1.411792451849026
-1.639907683570198
0.158647355842787
-0.438972188765043
-0.605824596505037
-0.222166425552893
-0.564314378011084
-0.014482929173853
1.156318147754966
1.417973601002935
0.307480672108341
0.319054998621375
-0.373085768740042
0.062627532194314
-0.339742322965043
0.042188824017597
0.655249799941257
-0.377659036938930
-1.770564318118476
-0.041313190562484
-0.114810819940241
0.682378804943963
0.659257811626563
0.835402938479610
0.928096088887204
1.699016706389451
0.730194954645480
2.047211587714078
2.067748159478124
2.281457066236884
1.708895805260575
1.368127858420954
1.344238106126146
0.537312564037652
1.767133218524001
0.579477139248500
-0.091517915112149
0.263382519885950
-0.147283838575699
-0.096600152963704
-0.060953803612659
-0.235394883464516
-0.004144387458876
0.481920047697069
1.193325543957649
0.341193591743351
0.856159063714262
0.883894783367350
0.493091285534262
1.382893396861310
1.480493802232942
1.875421297491711
0.739956335436258
0.296051136241116
0.719985609426491
1.120511530134440
0.267644453915833
1.442102500758743
1.303407301893471
0.972600592681452
0.157436486813234
0.526999657385915
0.412825391803935
0.021193444727209
0.235473018084180
-0.694937346107720
-0.915931379595841
-1.187651245058115
0.459068155560131
-0.383231433981626
-1.024354688559398
-1.901778139596462
-1.119182171422294
-0.623388758282024
-1.632137228553269
-1.591579588981717
-0.180415705615566
-0.648992954985463
-1.638778665490408
-1.888999214232495
-1.947573170522783
-1.261144825384563
-0.155185117937941
-1.400506942871251
-0.516489617006785
-0.823154390180587
-0.060435817267342
-1.097191364707387
-0.861486082766620
-0.441304872916737
-0.145519311325190
-0.047938178342990
-0.599181259511399
-0.905977431927348
-0.271980256000211
0.318784048465951
-0.339678296895199
-0.503439580517845
-0.279793838995849
-1.207736125664478
-1.685141718071410
-0.676608430690412
-0.230478943382108
-0.486435104588697
-0.887065256831328
-0.806930781981671
-0.587723634179024
0.097654580037770
2.336670406212160
1.420887713491920
1.892897723378226
1.848978751885685
1.430883059797062
-0.589387276562139
-0.651801228974349
0.128110962367991
0.033613591984935
-0.674008047901631
-0.588296088957471
-0.641069194536640
-0.139239551451616
0.058154040745789
1.059385471980335
0.550110296190709
-0.291486567237677
-0.008452147452524
-0.001696352423626
1.276404185579051
2.143677677146920
1.783303938157499
1.265061989178689
2.350426698443653
1.604875738091370
2.315961065653351
1.727772815285399
1.678603052157092
1.851030666480036
1.282862116755390
1.299466074660228
-0.037943474139005
-0.009260498770420
-0.077018061639768
-0.408130423394426
-1.309087613709351
0.364325990148007
0.805038719542123
1.807380590057118
1.434142540135862
0.912258411821966
0.880508047753714
0.580148159978012
1.059443182734937
0.371533363056973
0.758538176852751
0.719686487185765
0.435901112998857
0.386937164977705
0.566336107900048
0.285385265226221
0.253671445993200
-0.753968337392843
-0.250672461771228
-1.266831844605162
-0.791431352123249
-0.427236240673123
-1.506306488326123
-1.524496316933047
-1.301623422730639
-0.479860274355177
-0.222755419034277
-0.601702440994194
-0.665269453140488
-0.635962460352716
-0.080873913605576
-1.335544582424358
-1.080305600764445
-0.748517965031991
-0.994343683309987
-1.138434052580539
-3.076860501410022
-2.370186411160880
-0.500709106430981
-0.509889843116696
-1.083993761358830
-1.451908790764324
-0.809952717385511
-0.600277758351900
-0.836891934642991
-0.010124760017316
-1.489619123888189
-1.110090252261938
-1.536708017330488
-0.573834643933539
-1.407059598444172
-1.158705238215751
-1.160934280130575
-0.800946972992080
-1.134045754317902
0.337269616119440
-1.228434960972365
-1.934861068784063
-0.724041637486247
-0.562282017615804
-0.186401652979566
-0.677684928614319
-0.368267815379813
-0.578152701370640
-0.028742570062072
1.344339497970076
0.840500122572671
1.239706268577496
1.571815781741186
0.245857210303282
0.322223270704395
-0.425471267075489
-1.220242462858867
-0.458803229688601
-1.400894325271639
-0.344783523160316
-1.299842314309143
-1.951418427947001
-0.523064327250796
-0.263692698119462
-0.037783780892058
-0.087621581914462
-0.039312455302306
-0.156992643718345
0.628376177304468
1.808584180746179
1.339751193879054
2.158685007398927
2.347591925099954
2.042123275287076
1.950947908394076
1.856434207701514
2.132977241388999
2.830399326577195
1.997481947328852
1.366647720259511
1.114056187057393
1.023722853434609
0.377224141011856
-0.103000263306094
-0.239578741789752
-0.343053336294181
0.543755987170611
1.493466288646170
2.028295305614561
0.737177575875294
0.623671265099489
0.580269318957603
0.586313439415933
0.708036622770171
0.077976038093906
0.900813618855900
0.734571209248715
0.792074110883784
0.170576576887314
-0.566269373708480
-0.709425839019378
-0.245541454372522
-1.305309099111782
-1.339368018289860
-1.107192077828854
-1.529355696522422
-0.109433135380192
-0.523667953694560
-0.349290434337415
-0.425892347981862
0.702719231505028
-0.330880591786220
-0.676126305432427
0.376290732799131
-1.042218624599912
-1.451544817809323
-2.702593846160997
-2.092933091628905
-1.959681894150187
-1.243302186128159
-1.594862612632044
-1.397192058234150
-0.625988649119019
0.494213326948057
0.005484443899500
0.429464332443658
-1.714924080619323
-1.134461337824765
-0.662601844770523
-0.336316375028352
-0.920334986596827
-0.776038818665576
-0.330143782431473
-0.823165620156911
-1.638819797313927
-0.955448146476315
-0.822995755693386
-0.133057303306887
-0.717395744008660
-0.292283603393993
-1.567660346402495
-1.182570167339563
-0.746722926536007
-1.290069733724566
-0.762533727220347
-0.185678445113224
0.161781872816475
-0.908310575447525
-1.216634555560781
-0.502400306573182
-0.229280955442998
0.664916715343138
0.220448239612173
-0.577765460687746
0.478868720787091
-0.501106376214252
-1.432471675935671
-0.255132277414067
-0.259742137455671
0.497335804261728
0.192810713477909
-0.846632554363975
-0.661800971725917
-0.836606014897573
1.215121542099358
1.303163783417651
0.567253112152383
1.064193662078905
1.397932569982149
1.834552987042788
0.767610647464248
1.511677049886766
2.771551501640119
2.293056794896700
2.099276243424194
2.744537822123093
2.419021802362253
1.582624628345700
0.910746092085993
0.999727764885114
0.070532889900772
1.407156376229425
2.117717303609631
0.759348968162916
1.723215231119567
1.370824500488861
0.916186719640459
0.139092868099250
0.235892514195234
0.355408433145824
0.210182606001925
0.506858135107518
0.602745682103306
-0.595088909347933
-0.180766853128448
0.872137569846745
0.954790852202969
0.606208470004633
-0.281892754025836
-1.544740806252237
-1.827317336933064
-0.410664715621214
-1.100578404632608
-2.131983780054981
-2.343525703558310
-1.509890895042618
-0.469021709710559
0.592367690072776
0.321345353881742
-0.525402622428740
-0.927544304696332
-0.668212301014840
-0.524533608201863
0.361855951056204
-0.644758241577594
-2.232315249153469
-1.762438445133400
-1.206449869036093
-0.336844464558077
-0.369788282111589
0.016377213396803
-0.645124157610328
-1.039014044390098
-0.558977929031429
0.361107204422297
1.037443139920471
0.179144498954209
-1.782801368434265
-1.009149658841809
-0.434407496021751
-0.097681839883391
-0.558060070773952
-0.337120744138910
-1.493248053176611
-1.502846097809008
-0.432346983582526
-0.218538044362316
0.144346706090426
-0.182873155099712
-0.575891105694852
-1.855029562233787
-1.661422012807835
-1.215403748262366
-1.633494634449067
-0.996033572457238
0.045631280358076
-0.784168513050165
-0.279615482476772
0.454509477962937
-0.570756504605107
0.879222024804456
1.564680243425549
1.490744489287872
0.946986071095017
0.058432673772330
-0.392675004719572
-0.795377019257114
0.603148406982415
0.712896993294113
1.217276985021648
0.612142768984953
0.878526508026452
0.185795857097840
0.081265754703247
-0.121017126451673
0.589022626314664
0.479691743746859
0.991333932102527
1.144904102503297
2.008831427276920
1.332968206387183
0.701302617737566
2.107135619561798
2.666993583030428
2.513001245697917
2.380148739948492
2.462977754682750
2.571197208854921
0.417376413632169
-0.040698474921965
0.825234827659280
1.258657918058170
1.107943385893641
1.032954789359432
0.762103004550530
0.562084432962691
-0.544448259577216
-0.045795144179782
-0.204782527862811
-0.487177749489192
0.122600939773686
0.482730483023384
0.544667329346624
-0.040496730371268
1.191811923116205
0.283934543454715
0.286362918946675
-0.706443918116123
-2.491905736816213
-2.142775872251327
-0.647318368831459
-0.608773198166556
-1.339950430803022
-0.953948521072900
-0.210171435373717
-0.157672070592316
-0.575543978757728
0.523265130374391
-0.430996406340699
-0.821239602529570
-0.851571021200460
-0.085008746145852
0.828030801737854
0.394673704173051
-0.408626664029669
-0.643829786031178
-1.003839856522579
-1.370118089742553
-0.594981091639992
1.297205685872363
0.920413712469536
-0.451194244256864
-1.525611795253029
-2.085633300432002
-1.822669162084480
0.277349098349111
-0.033489853572607
-1.088132013096583
-1.150655221213702
0.311218924292876
-0.599070986259023
-0.580980365828959
-0.483087746940154
-0.726672070573384
-0.149573936403165
-1.313845060166838
-0.131184731028440
-0.533548028391632
-0.657205887145211
-0.513906732747032
-1.333732426703624
-1.409477577359319
-0.980811579090357
-0.187592554588067
0.312170663606824
-0.908483793061593
-1.127487079622940
-0.722443892973609
0.489580086622909
0.243797964201167
0.813331648351746
1.855685327529054
1.470685798939896
0.870180679641888
0.312889511204664
-0.234180920808135
-0.948365863153381
1.048820534634626
1.065362627929555
0.055574613359663
0.121424256519671
0.426609225993097
0.833308084907892
-0.005550228864183
0.267325101015531
0.691868450413477
0.251120582395578
-0.296946429726203
0.563164005315041
0.832466961996533
1.009380741703967
0.679042985287441
1.703719310927638
2.336029969839430
2.642794342737266
2.859015807872833
3.000550573966364
1.804450012743993
0.908613637284532
1.160021254803933
1.143873656404955
1.076603415479506
0.037424142018938
-0.206392000728005
0.038908893314384
-0.453667785483039
-1.644536405075246
0.172463941181465
-0.922499815843649
-0.271860824787124
0.224592098504453
0.612964548765203
0.492190399216105
-0.172169781452493
0.237691482177413
1.720043072671527
1.752863685386612
-0.605514404939231
-1.367527580755859
-0.907088551233931
0.219468265663966
-1.574058556328948
-1.621803143700491
-1.187980258276716
-0.059108972115466
-0.969023216696238
-0.824283668323275
-0.684341267495590
-0.831454444834613
-1.418386104995011
-0.680618757345047
0.213996618781014
-0.498071605940784
-0.248749972553555
-0.423277661183217
0.348681185795961
-0.080044755624479
0.022985877445531
0.001279852707479
-0.269589911721408
-0.576318220101814
-1.823792107465120
-1.188870696210890
-2.248735957612643
-0.448596639724295
-0.375534205058180
-0.996067597209900
-0.778038266404425
-0.536094651035422
-0.063839325101722
-0.086410194421287
-0.891531928369228
-0.172310492349272
-0.488332020967488
-0.698009704123045
-0.699885162887874
-1.261955195236546
-1.756134476604536
-1.761561721640527
-0.955601728974473
-1.758490545014537
-1.750252441805374
-1.384111115550690
-0.473927566556590
0.379619286873443
-0.427872637642879
-0.893479790815154
-0.667097820766162
-0.935133560896932
0.260784552311307
0.644417580365570
1.410546503329531
1.154827027074907
0.227106843747567
0.275100097573172
-0.412882198083115
0.377928990291821
1.815967060064889
1.373686984736747
0.784654915760965
0.159655138552240
-0.316013711399550
-0.500876493663118
1.151791296513594
-0.051759004300324
0.044311278236228
0.097081140181818
0.359777502014466
0.145927376105800
0.264901140242951
0.840834747705165
1.408621631483663
1.903359260478537
2.507431926112297
2.388206864525109
2.703131157644360
3.010432740187822
1.375123052555542
0.579778213201171
0.647574159200386
0.690698033259676
1.355042049104919
0.676264501205166
0.158002737051655
-1.026999693981614
0.079116737245707
-1.327242284826265
-1.676910341112468
-0.609610191099355
-0.120524192254973
-0.276181426855604
0.894291917803584
0.868979755993999
-0.126572714790705
-0.299547966429857
0.877648312654731
1.665617954636919
0.206201994256570
0.094181497009603
-0.210584941447066
-0.073711147590138
-0.901492185261974
-2.069853758768331
-1.196781590319448
-0.109660256382202
-0.433595507003271
-0.447619938685448
-1.060800758413872
-1.248412428384384
-0.957177304862399
-1.046908052445352
-1.031756404426011
-0.038745113134696
-0.745519405255640
-2.594224778057741
-1.353710764642524
-1.037530115190096
-0.051193429859669
0.698216279549768
0.184539016664330
-1.591795629247590
-1.497343475204359
-1.697447958487938
-1.755616622478334
-0.984133630250039
-1.468191332506555
-1.456910559940662
-1.721189183931248
-0.390595076572107
-0.371873396756162
-1.300743528967263
-0.695290344313567
-0.606778436484850
-0.806650033501584
-1.929463428563972
-0.997337893519651
-0.296575506213952
-0.637671920096965
0.430828412236506
-0.065887701373263
-0.114081908753524
-0.351128340714339
-0.085970811488250
-0.773869955293089
-1.435627092093214
-0.728471045923340
-0.825484608043430
-0.144101214185804
0.724893649998861
0.978257634251915
0.901139732910518
0.912919930665813
1.370930073259963
1.442085165437081
1.458430978735635
0.392653493731949
1.338404265911241
1.622301552812716
0.634107059772859
0.606857146283405
0.866270662924363
0.777871509362202
-0.494475753635290
0.197550783615258
-0.029982226412852
0.265175332555899
0.056290511632606
-1.027648365714324
-0.430664484212170
0.964109921590114
0.251137608382063
0.323295797121648
1.562197044709050
1.520082322795833
1.465682632808919
1.909254459559322
2.645770920421005
1.755508211905373
2.012084167604784
0.393947962611189
0.944302660016710
-0.140509901558382
0.840802734130264
0.340423521657279
0.374621963961408
-0.052883538222904
-0.335576162100810
-0.293518432286895
1.182473968944950
-0.088991103736489
0.258642216280379
0.552880815961626
-0.781668928678439
0.251299209537531
-0.045502051798616
-0.160214409203132
-0.225183442564130
0.472112315051581
-0.269513295925515
0.427184933862287
0.235305969009934
-0.291538625030219
-0.299941476602332
-0.795864103204886
0.588063365758817
-0.149091011290074
-0.868896885850252
-1.535234240764201
-1.343282191906652
-0.740418223275732
-1.172481191619922
0.375800214512201
-1.070643777129769
-2.096085685093170
-0.464373655470021
-1.385499092373087
-1.551784150911139
-0.959111139002287
-0.783458168245052
-1.644205602041491
-1.319736493231230
-1.969102472270151
-1.019715953940608
-0.525186389630117
-0.214141324073882
-1.013928215865571
-0.372366090637162
-0.564217628230038
-0.937380530491526
-0.116848271196613
-0.319703789974212
-0.177670207232725
-1.463988934134540
-0.780111597292436
-1.055518540238822
-1.269277217049394
0.574273792773032
1.001833669663529
0.386625421242407
0.872876614375842
0.251210445001200
0.180280513704172
0.323529780358509
-0.655291134348424
-0.827718322105166
-0.372532202630906
-0.278889068844322
0.362415962393875
1.187236431293457
1.121237330056831
1.172108270408031
1.214139274868821
1.102690526786286
1.173507455064544
1.815187249619087
0.351502269624534
0.106573703219870
0.431575078530573
0.674785936548209
1.478585501152009
0.747345839635758
0.030535970663317
0.405565493962285
1.364331899419478
0.643225203097866
0.388464936630794
-0.683700964491751
-0.291694539350339
1.601995107605589
1.114282434080860
0.484673341027562
0.531809907141925
0.646696132647849
0.525335557895992
0.606809291502484
1.523952687840649
1.812278627664266
0.751202111744800
0.960219559601036
1.271411546314234
0.013081347826110
0.867272886198540
1.082878987557889
0.530823853511552
0.873613215958909
-0.089481205399196
-0.866763850451579
0.074869419993784
-0.764970683023202
-0.597941074705302
-0.379220789347201
0.305883542596725
-0.785424907202866
0.548917305631052
0.250800574179356
-0.962811280088708
-0.258080319654000
1.243557412127564
0.045591987949485
-0.878184887053848
-0.174937954286516
-0.369871617278357
-1.022115420620464
-1.275867900351544
-0.623250504185472
-0.299641634458208
0.412219934598708
-1.022738446165592
-1.411188483817304
-0.464021041328534
-0.144087775635424
-0.172406255589441
-0.629758049480630
-0.443559289531269
0.612901974582610
-0.481749729319064
-0.409110304373280
-0.085049723368316
-1.052376206323911
-0.702016662483343
-1.619573179753579
-1.185638823517676
-0.699672444641355
-0.659197826570984
0.334477548905163
-1.194512363484234
-0.543706137653771
-0.693338370827768
-0.196234446915223
-0.310708616710865
-0.861404339581499
-0.311715665191405
-1.577586654214469
-1.247397347765404
-1.264825094308113
-1.003304410641824
-0.206417247641222
0.251264932171734
0.319061100498189
0.313924845523201
0.407751066680026
-0.399519729423769
-0.329801247311013
-0.328077122373413
-0.700331836547074
-0.174943239219752
-0.815632476956292
0.722987768053984
0.609491911190856
1.606660581146840
1.671248191298102
1.227399635929555
0.837813024673676
1.028602764806513
0.414507095050381
-0.207965083569211
0.042649767451873
-0.411705461912803
0.916999722651416
1.368933247942682
-0.338401045342812
-0.150687034890671
0.363789195182704
0.937136188317175
0.569921207817130
-0.683518097173872
-0.420556923332454
-0.352973597484409
0.536552962236095
0.540159222556131
1.132021053673197
0.664391354889309
0.419950363808555
0.845964680973694
0.367623514054377
0.370207620462699
0.318862593808912
0.169367618702031
1.697313254214002
0.349107390039656
0.041496077317735
0.492993231043685
0.273448946645209
-0.370803544630678
0.502558921285007
-0.832618687173519
-0.356846365507819
-0.444734892374783
-0.380066664533856
-0.477916641022311
-1.063881653871212
-0.996017543151815
-0.193207566689444
0.135837852531885
-0.423660743899032
0.002041796672679
0.159122500720260
0.708101752293082
0.519408052976238
-1.053596487142399
-0.306903647345210
-0.729291484119442
-1.200480454627854
-1.183585338073675
-1.343920946231598
-0.998979051856409
-0.576836413662574
-0.543388980274475
-1.521537775332747
-0.329054266622202
0.144283616963660
-0.861938970441945
-0.806487322337675
-0.446955969613974
0.381085216246694
0.483590353121042
-0.286134578840382
-1.319440494701033
-1.917492587806935
-1.432074087246145
-2.481396401320905
-1.532309293434793
-0.381573561535422
-0.763182243026067
-0.957012773162870
-1.140367734382779
-0.786589060173081
-0.685167881238187
-0.252815973788870
-0.000505610430760
-0.321109370347505
-0.234731317132058
-0.520474802390197
-0.536196731051377
-0.420993927867112
0.589514278628952
0.198630621157041
0.447671351175671
1.565718819622557
0.222451383914290
0.870399101884963
-0.559439042301453
-0.150937003732832
-0.795210304276175
-1.289495338993703
-1.200818138074325
-0.126518155624391
-0.074206319061219
1.483434626521920
2.596202483356562
1.902262159487669
-0.065966782079021
-0.862406786507656
-0.017905931301186
0.323579255222332
-1.073840459814619
-0.100370989589551
0.925320475293277
0.189741198663477
-0.039545478846088
-0.378205320516140
0.465654421087597
0.976094987512242
-0.006593958634886
-0.171349008117880
-0.614628053369986
-0.632173413569346
-0.097701319970440
-0.752375289103535
0.507532704180969
-0.140729630812661
0.747851356145915
0.212971235381237
0.349952229686176
0.024274612818876
-0.591055552345951
-0.887739836072708
0.080242135267600
0.610806362754200
-0.007822389664083
-0.441794246819435
0.160947851276627
0.328824571248969
-0.791663313977015
-0.154291279044947
0.497586699098071
0.226164142991762
-0.281196173599942
-0.655109900284974
0.263067729613442
-0.406115864929878
0.414853831372308
-0.117220205302013
0.368306422798976
1.261668352098009
-0.374468605932087
0.203771688474569
0.419631086021769
-0.188502555552753
-1.066214877003764
0.508375405495125
-0.188766396845952
-0.947243011816777
-1.423488874069716
0.074462911276409
-0.161418940860893
-0.294607033079999
0.736017409294474
-0.924904498815893
-1.809152589479417
-0.756570175377672
-0.450649868439963
-0.784370230956872
0.587467708004209
0.423441922326265
-0.178075323409635
-1.025934490551564
-1.975358551882448
-2.167977768953455
-0.960367891387147
-2.181099160557767
-3.242188616480989
-1.428724241747720
-1.292876368776142
-1.154298103866666
-0.858200363153024
-0.295699172465888
-0.483489331185519
0.351222243108628
1.325930646140820
0.685234010755130
0.239103285285415
0.373148163376491
0.415939001198072
-0.609829017910170
-0.555582734128661
0.186971617892251
-0.257769003494569
0.688298786290705
0.853788850338664
1.121713044883365
0.849170213074504
0.927823940625971
-0.371156657199093
-0.631262748269836
-0.158283382575337
0.153688064902290
0.045649058067130
0.503593259863679
-0.002100949158400
0.653998171281676
0.334040603193820
0.257961631585032
-0.030228956199372
0.833428060102953
0.044149782221472
-0.930352290666292
0.009778642421053
-0.376540258851470
-1.043924957183396
0.146331660858771
-0.635214980883294
0.066203356333718
0.474000128608923
-0.792117675412850
-0.195257789356113
0.044179592334518
-0.823588285262554
-0.253389898544982
0.646253763252225
1.336345322886396
0.163629132075528
-0.276373283904023
-0.494475491819877
0.205889147675575
-0.691216710089713
-0.467213897506510
0.682222138121930
1.207811883764702
0.097171327773428
-0.613577499053079
-1.101535571011995
-0.600244069336881
-0.012678311885803
1.249154294054427
0.646009500670057
-0.639353379264602
0.467891198644069
-0.140822757813324
0.468274356211772
-1.171971936763266
-0.716688094681819
-0.222182039133580
0.355568152149616
-0.035428075284860
-0.128156963505187
0.767691562667728
-0.371225408803933
-0.771548703090614
-0.452486135115758
0.134272465512531
0.416167223873310
-0.716366397404107
-1.552394884172835
-0.380892771984268
-0.063054576860434
-0.006552043030535
0.168061617297103
-1.108137410960011
-1.893897364314676
-1.444023928794028
-1.447879927944220
-0.184754709994152
-0.365582918774778
-0.320872179744575
-0.750567201104403
-0.708452283414421
-1.012042510683785
-1.964571273448017
-1.020610491619795
-2.053437783702717
-2.581828935573931
-1.688776564657284
-1.173318952793241
-1.760464619614495
-1.731554961314555
-0.797169133704286
0.346941515116428
0.993739192701716
0.080576572998178
-0.418305355246041
-0.049984926351292
0.650596869834434
0.493952664018965
0.090459951288300
-0.594537176019733
0.172198655375731
-0.108532572738054
0.046864543408864
0.332816739469241
-0.268852768302002
-0.377605657138628
0.219606304350803
-0.235332720528504
0.247093514421352
-0.208850867880347
0.130791589479310
1.295217445801488
0.693509617025855
0.442549627092102
0.901341729713183
0.124009398197086
0.096818229504123
-0.157601000266106
0.046240976299090
0.392973592675600
0.076781068052600
0.810288132330718
0.275320359256987
-0.965598589536023
0.436112971178325
0.471669115428764
-0.599477162128251
-0.894880916511752
-0.546531371654629
0.035347653747470
-0.005588142896506
-1.544473517031215
-0.465649026457890
0.002384499296102
-0.808706978751648
-0.621351614697305
-0.693030428176843
-0.093407508177804
-0.509279483361843
-0.402107600884937
-0.256919195721321
-0.421495762718338
0.033084363198710
0.207535324601979
-0.869716850840794
-2.219550080517748
-1.371282722484366
-0.030985009570813
0.023909038780998
-0.097804018305748
-0.545911464504720
-0.373426971259094
0.320467940640475
0.171818122813534
-0.425732804714024
-0.343574122311157
-0.085326091728126
0.024608098584691
0.158780334897969
0.983715944021754
0.185569834869677
0.645089716906150
0.070216256077211
0.879573098661225
1.149830041013713
0.387003331552850
-0.249100518769844
-0.484361938318753
1.410430244826929
0.368178164366143
0.652179098701296
0.916305026145775
-0.030010192633344
-1.559552839245315
-1.222388580935403
0.066951982446452
-0.414482716395158
-0.196469452747455
0.129614626083644
-0.380241313603687
-0.491135164853578
0.267658926274878
-0.676469951098951
-0.765809815721032
-2.225033919469914
-1.830623476373869
-0.464051076064918
-0.275262303895193
-0.591026573618978
-0.084865273223468
-1.746293095667637
0.119879264972410
0.577166046805167
-0.143065344437866
-0.678837767176779
-0.297731109578593
0.699175272850667
0.740329172804973
0.132953942958018
-1.145420172298119
0.440585595622145
0.564501921584493
0.914574848995781
0.817820141769336
0.457051547137938
-0.538390500442439
0.055305867546143
-0.773968208368913
-0.545644780763279
-0.152626788612646
0.709066265356679
0.926966172350193
-0.000289756854120
-0.011817225672933
1.237164776322689
0.504218559918797
0.008954878214370
-0.475246926421093
-0.592867165263088
0.177470583181309
0.239305248224629
-0.168780502957008
0.573843901740983
0.439440563774835
0.596082922480135
-0.560271747307197
-1.067107973370301
-1.598280272958959
-2.077811761667902
-0.657581427637839
-0.237997860500762
-0.835002249551297
-0.790781232660061
0.053167156723100
-0.648834116564523
-1.250745801443077
-0.507726654988524
0.256845524927718
-0.928624317899023
-1.258770314815277
-0.521607837722029
-1.197152206803959
-0.799975530633405
-0.877674433084705
-0.789859831245365
-0.887310426997969
-0.424040736563635
-0.148434537142273
-1.710649556631100
-0.918066054754385
-0.760056263559074
-0.748275491462546
-1.134473013775191
-0.945224525817381
-0.521814817949633
-0.769352931777472
-0.572385939043419
0.099565530390951
0.367723559159497
0.688832602728271
-0.541324111865057
0.578446752371234
0.864083330536041
0.941906223180678
0.967180196397622
-0.516647618501380
-0.533264794130545
0.122616336303515
0.516308408873737
0.274428816116878
0.020216216051996
0.136155940952522
0.104878899111639
-0.429225662936505
-0.473276894595114
0.086108746356687
-0.026467104943451
0.105200626670785
0.454363981283704
-0.573468914418652
0.892462942681738
0.736128027508663
0.186541063360555
-1.681969726409354
-1.683260853717967
-2.566584641006628
-0.807569690498589
-1.507027120665524
-1.209966605974056
-1.267005992706794
-0.985733520681064
0.081126527505977
0.057365630904558
-1.091499613115487
-1.584012040096148
-1.212894370857614
-0.082891158380094
-0.575959089886847
0.507570457492626
-0.936317601104874
-0.524709031174077
0.592774549167332
1.049989921985963
0.357174497763822
0.762386964905159
0.541002878627633
0.612216023838573
0.729538610226941
0.514975736751457
0.194277484204173
-0.058360745564819
0.083248974946522
0.203939725776652
0.417326626647339
0.544278712368775
-0.054904876886935
-0.293699153791213
-0.379391292699046
0.053807400967693
-0.203021598715045
-0.134691793043450
-0.010242933025018
0.682290493009417
1.387163974598711
0.551667818824554
-0.325997666953243
-0.678795427616221
-1.645774216818618
-1.768989565840921
-1.749953158999097
-0.576963558633181
-0.498860067253309
0.040801431309898
-0.175952721704641
-0.972432857679337
0.112361420895504
0.578747338904960
-0.242484161881089
-0.836142722465091
-1.542212555115548
-1.236613540741793
-0.487707840072606
-1.912880884976981
-1.287020656504470
-0.455261230874698
-0.749298749844960
-0.829232604266198
-0.457631547926483
-0.921521867169992
-0.869543007991008
-1.245354200099049
-1.561759383279030
-1.639247670503688
-0.279580987782093
-0.736078054959581
-1.023247619628245
-1.046330532547434
0.167013480529853
1.113771278439928
0.231243233720201
0.277970542217456
0.325670938300777
0.408381832208182
1.346586186650584
0.443392170316472
-0.375304181872833
-0.424396574162425
-0.679611790176705
-0.395142078765325
-0.478431230263496
0.401707324506528
0.382423549564389
-0.145487070626028
-0.719621975595815
-0.355619171473562
0.005944632775269
-1.183154238309842
0.856895478146587
1.758939509786560
-0.083355938617190
-0.373414569304630
-0.236754538578664
0.562488311941119
-0.466395899605076
-1.209070621572321
-1.815636446226891
-1.639393740073323
-1.368513872560281
-1.309011541193124
-0.116507916216315
0.024289780588252
-0.359814206082054
0.443373999739058
-0.082441064911315
0.730298451316274
-0.447719659277038
0.113254832830020
-0.331295553986667
0.081589616115974
-0.729697855660114
-0.186683559931919
-0.501583869564625
-0.073452097390611
-0.237042218947435
0.613641851437984
-0.043992191479669
0.383178417838235
-0.041742945695188
0.270575353912182
0.467441240726762
-0.283392012778000
-0.536021701707218
0.332169207001489
0.170447088367482
0.508125695175676
-1.215790789548938
-0.019234395340601
-0.115136201925930
0.210094282178427
-0.064810724557000
0.004569217778208
0.620466479791929
-0.004266221179879
1.072407967063150
0.409027164818737
0.137556301915018
-0.459115079439396
-0.825792951316181
-1.110854851582235
-1.300116559887177
0.654693332356029
0.635284176430087
-0.545104067656176
-0.189171882256824
0.149649953173198
-0.436043612549257
0.208344564468707
0.224823929506736
-1.233499029989729
-0.959744187324993
0.071225676839167
-0.922984438177040
-0.672406184463124
-1.334805170443579
-0.656289289192930
0.037440380374018
-0.974663053641380
-0.966574846362864
-0.442749758778085
-1.330796662891257
-0.991988958670083
-0.092316945201527
0.370780304908508
0.759645188964058
-0.207812954741809
0.925507504767911
-0.515079069335942
-0.695684206566913
0.088867024323015
1.136652464372709
0.455159801834943
-0.272709726828282
-0.300561176333968
1.706593661708671
-0.331877616835006
-0.369456727289719
-0.692750388505807
-1.426306701009135
-0.571732687911696
-0.392180587610726
0.436537222933410
0.474641477123097
-0.554072070755170
0.002967821573617
0.063602542126318
0.045513381065055
0.316881107964596
1.283986594481257
0.124855792328314
0.327450179612475
-0.265666920740110
-0.096555838049156
0.004472325775888
-0.644586893745505
-0.702748366673699
-1.376637508008297
-1.681981744553593
-1.034916255147627
-0.887068418053493
-0.022319587341043
0.300554289572274
0.270782636031974
0.150501519175515
-0.460094499191387
0.223989091339913
-0.036230290330664
-0.475070823369681
-0.346823656396572
-0.134935336941473
-0.361657147921902
-0.039747212567858
-0.284062019877657
-0.548124584781362
0.716937905039791
1.134941726525175
0.683554259949345
-0.301839338771493
-0.617133840436409
-1.042244889948490
-0.420482350160162
-0.204271134432131
-1.164534226470691
-0.995779314651715
-0.626113037617745
0.000090992361326
-0.680410117697216
-0.165080977010772
0.753912728481265
0.381632442547349
0.599698719223651
0.074363481536958
-0.122384499270938
-0.519489703158595
-0.417626856372094
0.134194957083608
0.411081539979555
0.651960662059904
0.227297099508606
-0.648554990057081
-1.182075197600175
-0.488934405675149
-0.193549407894628
-0.767552550896274
-1.335955004700440
-0.397992746179016
-0.668954767802129
-0.907057040436182
-0.394950256635265
-1.878989210245747
-1.312547012126235
-0.022763927089505
0.177847044694851
0.123564471724391
-0.402158314628030
0.241228395924580
-0.206969205551519
-0.958215116524716
-1.807881324921577
-2.047296349392761
-1.333695620947078
-0.515213286984084
-0.574329891640261
0.556171048989944
1.269260210155855
-0.150889255536971
0.751747070963681
0.069852526135875
-0.715158360643382
0.106742840330021
1.219086781873185
1.034779730597298
-0.268409473879620
-0.388425213317798
0.606314159079673
0.603506252700019
0.003999184232861
-0.492400617649193
-0.220373672465184
-0.367877427211264
-1.044279987265238
0.818541486950308
0.755699036238868
0.852555814691845
0.136891147342329
-0.714996805698043
-0.289330477008194
0.246386550771899
-0.099599443159214
