1.227662357468959
0.207481419062414
0.543022837006433
1.363786189848786
1.453097384277800
0.871883820955292
0.360147753013874
0.697414639375253
0.407664549645964
0.822257814568372
0.397801295227080
0.312324538319996
1.335995964595142
0.796673274103220
0.398103309558916
0.626115333706068
0.621200345238287
0.395132919863807
-0.341717124699547
-0.047369044135758
-0.326728165586645
-1.034255276812844
-0.977956720492122
-0.545421227150725
0.049223675307386
-0.065599047355778
-0.535359282003873
0.074186019886750
0.739538486102215
-0.448156853832254
-1.170126619705624
-1.088237562092082
-0.589233322504885
-0.281512783025165
0.945292208257038
1.133687286627240
-0.103001054526817
-0.285748472471215
-0.501033550563331
-0.668314587886280
-0.283570914371777
0.409152918915987
-0.392541684544553
-1.580978693759785
0.120133692608210
0.651899860660390
-0.059557061306124
0.630901619323088
0.402934692389085
0.328317314469312
1.250857519810058
1.107965026361120
-0.038994541571984
-0.480871842375416
-0.616789494240256
0.766282522822841
0.886439977315805
-0.232330694515684
0.106457207877302
0.055240022635529
-0.200451769077802
-0.937779455524342
-0.198380582946483
0.872273472048962
0.349322128449792
0.704989725905989
1.519608918017009
1.449718226857645
1.355131016960589
1.103491179722141
0.565844125450010
0.215861953077085
-1.192627684993328
-1.260559469644733
-0.865794649892368
-0.318528063093950
-0.483524458782430
0.245681011256778
-0.257822422576908
-1.909450902946493
-0.556029207974526
-0.378791135679151
0.347136554924606
0.054351950771577
0.181101510980016
0.373406510142852
0.044066440015245
0.434375434382320
0.873362409668356
0.158109848544145
-0.398972550335837
-0.926237688901415
-0.404652237993571
-0.551558426538550
-1.102219131046484
-1.726898501290923
-0.951715768598915
-0.617027170537079
-0.668041976446795
0.249247295915107
0.780565432609138
0.861310319017231
0.761140488445903
0.909248374942505
0.334387860361003
0.117061755225177
-0.043702833449175
-0.041325748070602
-0.010496222173124
0.201520445072732
0.068300392455135
-0.297213829571726
0.264963893146656
-0.060167642043300
-0.171297422707742
0.379936843185284
0.310503183114204
0.341120981329430
0.374913845926587
0.597183717699392
-0.843024615106793
-0.680218526148486
-0.806886787671449
-0.707192398911008
0.416473183777020
-0.603077135896054
-0.389770657376306
0.579504939451289
0.883615950713783
-0.373801196234565
0.221908813792576
-0.206028944257319
0.186338511597793
0.503958717248110
-0.391238319212553
0.295871705476549
0.075322562376317
-1.263372032331076
-1.475952648897443
-0.005260123994796
0.052419015798447
-0.068301414545941
-0.932789894531718
-1.392318179134640
0.126457463081231
0.066010974855598
0.500762085696326
0.900702645016058
1.153380491235301
1.345023556718232
0.819202332498386
0.907022867139526
-0.160932325550896
-0.459124718691546
-0.128518511420895
0.307262663432442
0.355297885847770
0.064121155223224
-0.139452768651487
0.371000474944631
0.324330238719285
0.079692162392767
1.220850822565232
1.481126881774057
0.339964992853568
-0.037694436785831
0.556804840116510
0.230683615697241
0.026730647476430
-0.221820344988574
1.368107223588589
0.465202047366583
-0.008773365628065
-1.224434379597460
-0.609979930956225
-0.310163771615429
-0.565671035951426
-0.113310353638869
-1.217843813596613
-0.907113741777407
-1.025216025208995
0.730174632613513
-0.080074133258448
-0.256472204048099
0.401699430957733
0.350966859730019
0.170654354272552
0.498858733852475
0.363977885600513
0.220367009871271
-0.876024201321961
-1.369012834432137
-0.522243658010925
-0.396859191768860
-0.804852190952067
-1.993230858919380
-1.381318940619967
-0.526658150830392
-0.093023394335026
0.563659356064219
0.642060567437089
0.106660438022635
1.052023110042883
0.086538598863293
-0.184037875183917
-0.333197015554750
-0.639517670113437
-0.204887868373151
-0.156095921314890
-0.526636956127495
0.014383942384498
-0.095915292109951
0.077016766528166
0.361864575683184
-0.257099160101884
-0.671736825146514
-0.225682112764204
-0.251125670825801
0.529158333141830
-0.060526944472678
-1.436835537274772
-0.849998816898858
-0.841247668096681
-0.145860984984299
-0.311454423203796
0.251149891336954
-0.259208456804949
-0.644843616278925
0.495068962313469
0.513957260253894
0.107161066367396
-0.224388083796147
0.305361075447788
-0.023723062426981
-0.507471399471133
-1.646995936408699
-0.547953347051676
-1.774928045793718
-0.773443614757518
-0.672249558189671
-0.355072087557297
-0.219327969373858
-0.290020138268531
-0.042116115583710
0.107224131398758
-0.166356364562849
0.145118756080329
0.993322739403297
1.117276198516067
0.973598241209234
0.462465486951608
-0.159818615323658
-0.783413985860318
-0.195026218721178
0.094234355971461
-0.160433136275919
1.024931341813432
1.740124580509825
0.833764035944890
0.322458186653241
0.257484936000156
1.144437603443081
0.870894859234904
0.435759219410660
-0.026239302229644
-0.382855876340051
-0.415298183233781
0.487117209964544
0.418343695888932
0.441508472398991
0.779728985867741
0.733833445272067
0.444500330909042
-0.276548667925401
-0.630240317405729
-0.325975863706032
-0.449377752349488
-1.074053667413879
-0.769818600823017
-0.680413187109046
-0.519562930217692
1.303327424511686
1.525232158892563
0.470594840130732
0.697606337457265
0.563694817664158
0.250716029574614
0.072562378206926
0.146662923785522
0.053428169627892
0.350848465632904
-0.074167535575633
0.318082480327535
-0.320361534024707
-1.162551502659339
-1.391279084606072
-1.580492765949217
-0.790017618538028
-0.028127118680625
0.406958194615799
0.763007852329244
-0.251383755732871
0.207544217607275
-0.313347736639350
0.551642964173082
-0.590804614683997
-1.005095393350879
-0.334540268065081
-0.108158074510967
0.709026200090802
-0.092364324581528
0.028562168612455
0.133454575785660
-0.615295824759169
-0.519886279889559
-0.438435763316577
-0.061699238767054
0.318152846968531
-0.313340093665087
-0.211986572060570
-0.054584703074439
-1.157869142098781
-1.782843738709476
-1.377644607455885
-0.818607033607804
0.632276432204520
-0.125026924868274
-0.171334970894266
-0.518377483776180
0.281527808232179
-0.341914993622991
0.344163272345096
0.590969046616995
-0.270471786121232
-0.507449103963115
-0.629758042724620
-0.793407816842834
-1.153681622071616
-0.553515020046178
0.027404899210409
0.191726778751180
-0.158922293552634
0.015793202150392
0.061446563611356
0.371880770766641
0.397339286923473
-0.286356868635240
1.214742802103668
1.253707206049042
0.919163403264512
0.001455964662406
-0.537511621950805
-0.087142916216920
0.339266538925513
0.574328038967163
0.536476203001743
0.595403110749891
1.116606516707135
1.050317347617059
0.738896954601783
0.277317988000877
1.539033470121360
1.569424835936350
0.875584442190215
0.135801263652273
-0.016873274836813
0.219781051882652
1.121065329963180
1.776525781874989
1.344636348972658
1.616769079498873
0.551800765496464
0.539130805742773
0.570899053915216
-1.011062817766924
-0.725838767861658
-0.639515286485110
-0.710755222280263
0.137742561167740
-0.426100902097991
0.360770759729876
1.328979396978452
0.563475578015449
0.180442652746188
0.184365997738837
-0.023475379716742
-0.019023614244074
-0.367018487057474
-0.251627559886218
-0.110133507948606
-0.478859743202476
0.308365229656000
-0.283218259232437
-0.696975512039391
-0.521181187759089
-0.560961867496467
-1.121275575128777
-0.038253421316588
-0.742521087373689
-0.176809758928915
0.870254711328700
-0.587220173184171
-0.813435702098657
0.014632750464043
0.373566867286761
-0.542240568852748
-0.789548485156123
-0.440026291193914
0.816675417161545
0.662257822096743
0.146702320227351
-0.228857289045640
-0.682393093532074
0.112425979708414
0.043092363941445
-1.208803474913605
-0.895594762066154
-0.637039655603526
-0.588014621960286
0.332064037357189
-0.174958807859793
-1.375134350814834
-1.567175345803377
-2.027138658245820
-1.953315455840672
-0.123623161117084
-1.039376834507865
-0.312271339427589
-0.663976592437655
-0.052767159779181
-0.181412706117085
0.799747201321925
0.918851816966377
-0.566805933872997
-0.194787414506966
-0.446299363590718
-0.608227558758963
-1.069642469923507
-1.420242992597919
-0.914387378239492
-0.790438323000377
-0.255315985148904
0.165692694132505
-0.580990735169386
0.127047582783593
0.547071559843864
0.193104857671786
1.349857479594477
0.547563299140923
1.476588775247945
0.494588517281263
0.556948223891682
0.958847066457371
0.467454633804307
1.147466561565072
1.666030922713268
1.658238570457605
1.614071704097045
0.851916249722199
0.818541903124407
0.281908860461025
0.794811883832311
0.903398385944987
1.470138657104559
0.699847882679265
0.247476048379580
-0.157130971935812
0.420936873754230
1.331118868705725
1.884043760403515
1.703163583429963
1.327568418108818
1.039970704305563
1.024636545142861
0.067939821484020
-0.767633421861231
-0.746228478172604
-0.390926913187472
-0.271427116383506
-0.136685803800057
-0.947694503949739
0.134797983353536
0.403131836682908
0.553214063933416
-0.851434364349477
-0.782410055804486
-0.868062425574700
-0.247186340741858
-0.094815395864234
0.002592891483649
0.241474617431324
0.567957390046695
0.485653988843325
-0.167066391946105
-0.298716535385523
-1.038801112179125
-0.940125331019365
-0.913184803527526
-0.761514445820601
0.270577327911400
0.271815117340746
-0.841285736128416
-0.518093784183889
0.377614595021356
-0.003392550632296
0.064555063759081
0.321110408035035
-0.329095657940371
-0.232806584158777
0.282524120422153
0.107145439231288
-0.482632099813685
0.592576474057058
-0.391380505842676
-1.019287774245268
-0.814859071951404
-0.740119158362423
-1.050479842634603
-0.799671861993338
-0.748068943144990
-0.730615291370708
-0.218023343368905
-0.538066593734890
-1.934014848692647
-1.591593531550076
-1.048554423916888
-1.844576663129972
0.020081127452167
-0.608559845347409
-1.358852769829695
0.006121628082242
-0.073417414741842
-0.209115772882122
-0.552475216616961
-0.521247786222155
-0.101150777494662
-0.971812208620858
-1.300836397975701
-1.033540864852752
-0.016589046168363
-0.420710861619616
0.000639719834958
-0.041383862899524
0.501189108725835
1.634251688868315
1.428880029834263
0.656003328984020
0.669941533975587
1.249341254401049
1.222695569682310
0.569080719246673
1.467944984816520
1.160540591886199
0.110994903451847
0.078705296868589
0.860486317756038
1.989432685196456
1.453247165522994
0.897958575670122
1.234203247822776
0.511324573218182
0.459983990246205
0.198215932909354
1.050932690829214
0.517982528545115
0.081344091949023
-0.249561856208541
0.062987973045939
0.130776591110142
0.380832414794726
1.444701879232213
0.960567344036842
0.948034216239301
0.848734872086629
0.290985024645667
-0.937162809055762
-0.721516868290338
-0.594492834930970
-0.845176244331465
-0.057586241621051
-0.599506113386385
0.080410627834641
0.355350728098661
0.553621816257052
-0.720447573986983
-0.773029226026899
-1.577255377479557
-0.596280333208342
-0.428042322849265
0.437529189274774
0.403639413805193
0.274078800812769
0.030035936526763
-0.506657524620196
-0.284860771383916
0.651473409423408
-0.370673991785660
-0.615587123110139
0.268137186344209
0.292243016867574
0.083844733708354
-0.108209702862207
-0.925844248215110
-0.129216257992979
0.089681850358097
-0.391519260656238
-0.785346615638274
-0.557417543270764
0.252770275941218
0.530002077833271
0.359788123044271
0.012785579657288
0.341968821131102
-0.302511986881328
0.691169966259860
-0.845517166047910
-0.566580804418932
-1.148102381909334
-1.008003015868031
-0.631121782151586
-0.869203969298050
-0.287739334953553
-0.430810607615237
-1.852384156868843
-2.094911096791722
-1.938899988845360
-1.362389652485367
-0.506639266857895
-1.190463574871989
-1.176122539855812
0.007054694310104
0.197494802054845
-0.723281253484137
-0.660101080912248
-0.317630666154388
-0.555907604361298
-0.802070462023964
-0.779926513580554
-0.640123040044407
-0.012575421646958
0.376032239717689
0.460728194772642
0.595042717164258
0.798786776930336
1.257181831747276
1.373756238375069
1.209007570937701
1.050036839185554
1.442223132491654
0.889174893562033
2.392711183754625
1.820320658942044
0.330949822738932
-0.251870436219045
-0.312989691205159
0.712103260298710
1.181561715771562
1.686420676499164
0.860631051195059
0.052956486290700
0.877916710814749
1.143426792582687
0.611318968328109
0.553023910039687
0.744738243258890
0.757355009300686
-0.438086687163761
0.289334234704951
0.568655186801496
0.860644255522185
1.592964586243252
0.994478476359997
0.228090356388838
-0.405962372599791
-0.614051655723396
-1.048385269467790
-1.586877078198818
-0.596580399727297
-1.186413387176157
-1.067889633420129
-0.768928006687728
-0.943360701238975
-0.714349014550663
-0.818172591228177
-1.947598017081526
-1.069849741316615
-0.004430199904514
0.442902857299394
0.246559559096225
0.378800100217305
0.674396019662959
0.758961043225531
0.486747316946716
-0.276036053968238
-0.582502825914714
0.694204963729518
0.640594502029326
0.219992793714939
0.027320121721443
0.348719861178587
0.555375303910129
1.034308562046460
0.313018656331574
-0.113243734542544
-0.431657985654919
-0.941587538587435
-0.745719805982913
-0.697959542506768
0.320403470685305
0.086563273462760
0.881318382505287
0.357761505231526
0.012043819191027
0.001078486027553
0.092370996080787
-0.684203452646328
-1.603409441055258
-1.608016838624571
-1.489632459596086
-0.849511331688810
-0.374073141044585
-0.256617609975776
-0.889691297434368
-0.963008042175417
-1.868986399497048
-2.228615580511244
-1.737952630023018
-1.327666053197122
-1.431021526946160
-0.812598470131964
0.014517407079358
-0.584234604457689
-0.522757045391787
-0.882753339336618
-0.361723195434177
-0.119061776063975
-1.011541325579646
-0.387460098081137
-0.144865356290033
0.131024151203367
0.178318148114485
0.252457535399916
0.953956954018358
1.207627823010184
0.538473795842163
1.390412360321526
1.479341283593234
1.668725029756243
0.791136741635171
0.706040729683746
2.106591177872524
1.276015760490349
0.516241337787919
0.570143961873480
0.114699122244714
0.684600463233397
1.240263953678075
1.900975933652622
0.991979354386015
1.315304798930843
0.982686446931515
1.392151042741822
1.141556179794180
0.495070893466759
-0.608983235218533
0.769879338806729
0.523751032230386
-0.873066691829075
-0.501027219944410
-0.085146984806235
0.710317158152541
-0.059566320395564
-0.447524717847671
-0.975389001375406
-0.549205997188400
-0.467328871617356
-1.008756754660678
-0.839138814000728
-0.006080971050796
-0.659365005638198
-1.354114730554276
-1.799290834216003
-0.810156354826454
-0.843077601578686
-0.895739611087800
-0.612719467026416
0.016405026707220
0.999278933018330
0.528671987852453
0.979818401507543
0.599869465981920
0.338867270954909
0.381369710596898
0.354032854487353
-0.006852879519439
0.094617230027025
-0.545524298203936
0.363467022575158
-0.019775587073824
0.551456593254941
-0.561113112712366
-0.113191512661916
-1.107637063519848
0.165302932953760
-0.844770044568995
-0.950565373621159
-0.869540936141469
-0.360003263938632
-0.640374323764216
-0.310437628670817
0.160487189903391
-1.217971287348930
-0.377229905033714
-0.078851049851970
1.067092145700711
-0.260885235680422
-1.654347448257780
-1.072577609249695
-1.970989090405947
-1.761756111850230
-1.892885714283472
-1.374136634811708
-0.497043533359145
-0.684005595452023
-1.052186062065764
-1.900529578603665
-1.487472214532704
-2.016722137224332
-1.480998949714715
-0.827518799462460
-0.927439767081567
0.319987909574252
0.045532068537673
-0.208084390307764
0.419001701780027
-0.379536595225879
-0.868558994536606
-0.428227693336226
-0.544008228752899
-0.834446924058258
-0.372686866440188
0.847056146173196
-0.122474146161968
0.197297537890530
1.057361029854029
1.472897326596877
0.672252263163192
1.128959481651524
1.327993047763965
1.547917802655449
0.975585930130856
0.956305172647221
0.609523060236733
1.227782716363451
-0.234977258413752
1.317481838353205
0.724720682615608
0.125906812431722
0.401032276162509
1.752611004611069
1.110354838000509
0.860588108657186
1.444499818858137
0.868488772665173
-0.175770372245013
0.109195433043937
-0.249053863085148
-1.128987467347722
-1.039992561274946
-0.158564124183359
0.284201506266865
-0.175529992238936
-1.267483573327050
-1.361070428230553
-0.845028584377747
-1.125111902225748
-1.546385705260485
-0.128425379426163
-1.060195815211492
-0.183473034442640
-1.181201503156444
-1.043048886196933
-1.929004205937868
-1.333858932209449
-0.678077197999528
0.436158570079272
0.181573192915039
0.365985033480484
-0.392958419911195
0.245131111878637
-0.408547087358977
-0.140290152446278
0.466466706580206
0.802155073231108
0.993272600448403
-0.580016424356137
-0.316317919368226
-0.033033290581938
-0.691043289845574
0.205074863244877
-0.280692957062061
-0.138911605004615
-0.337262054214874
-0.429838428571384
-0.627257133065556
-0.542971624090654
-0.277282482781164
-0.535335809324826
-1.068922033414838
-0.031262271774154
-0.737342151700263
-1.649574032984439
-1.277805124582497
-0.451387913399003
-0.345510184101571
-0.426187469236711
-1.174526581902670
-1.205489927613743
-2.523988744456775
-3.233826564503670
-1.923746381706926
-0.746946093693784
-0.162069417215135
0.206748837842979
-0.101047098771959
-2.068127332581415
-2.112894941745881
-1.829179590385594
-1.107632252321446
-0.896779959305409
-0.868567215532805
-0.116008822825456
-0.767480331771306
0.066740711490783
0.066206392641387
-0.566778583160114
-0.343439199822065
-0.294004493442856
-0.518924250474322
-0.425043292906379
0.724306685401926
0.559618218460693
0.618862759795039
0.865704799140253
1.373293440715363
1.703806641271110
1.215401362439029
1.021545279673701
1.558808855446782
1.381700416509345
1.034761809161459
0.568606290306824
-0.033187677503399
0.067829674658594
0.677293029545006
0.499941068355774
0.055909398169789
0.625616462353536
0.355207682633773
1.320455838278115
1.324942326875403
1.072954123493360
1.373885086687609
0.607559988475891
-0.252417819115379
-0.140426733624369
0.478368337166892
-0.333299758976619
-0.625946742706323
0.014023401359871
0.284539561749929
0.284325412705324
-0.408344968179967
-1.356207383167904
-1.063720250136468
-0.743131982288481
-0.169646578388699
-1.105226985632514
-1.623320946924029
-0.933318453972936
-1.142988918016219
-0.807698142869296
-1.707911876664814
-0.869472810186316
-0.250768680091863
0.123437416958034
0.260730102536918
-0.147717164813301
-0.272863678009261
0.102775861963455
-0.218480643467781
0.361829221554610
-0.405796028909999
-0.307746240838119
0.611606267005393
0.176179237998355
-0.178454383368391
0.917408150069937
0.325145724334354
-0.229570711415665
0.043814193152187
-0.212366183507066
-0.263877801037315
0.051087625346009
-0.493755365571043
-0.639773571190372
-0.760497778866988
-0.779447547070131
-0.896468882716409
-0.676248266397037
-1.677769761429876
-0.569405463179735
-0.565066332263902
-0.503835363069895
-0.652855078860480
-0.327991217584858
-1.724992647390026
-3.264813039613421
-2.613311710499396
-3.394761209934781
-2.470810701246505
-1.052782925943052
-1.411614999891895
-1.443461975846450
-1.636858224044557
-1.879709555455770
-2.135920069941419
-1.301024239579324
-0.250842954135741
-0.788638210339583
-0.735130168072863
-1.100408785355351
-1.040320414052339
-0.639885879139354
-0.922647410186978
-0.269829689956790
0.085349106548522
0.035707301765781
-0.092876759329003
0.149322108474772
0.213093195668798
0.176004921468540
0.271044537193018
0.625056381575060
0.989616603790448
0.868025995654243
0.107009702976419
-0.725385368948408
0.477294962166277
0.749031448642802
1.198607478188336
0.245759866930409
-0.381136724120896
-0.374651140392435
1.205248148816431
1.038682483582883
1.147017548763690
0.918018705030857
1.385185993874121
1.053276471663936
0.471135505530785
1.135316092298533
0.827759640396413
0.067644263206257
-0.224972802496610
-0.354352318623346
0.787809136396316
0.453398072762444
-0.506293235725244
-0.064879660420353
0.183301626735539
0.423804885338654
0.521155112223642
-0.799087552957001
-1.030594113670033
-1.270476025790412
-0.769279988659201
-0.888948567322168
-1.602124932511276
-1.139855543592773
-0.632735272714726
-0.886532933802080
-1.331812743027876
-1.391968201255670
-1.345316792769860
-1.049562210496673
-0.820714921742174
-0.328164454398635
-0.113952109249487
-0.417268297173742
-0.943199314243308
0.427188101673843
0.901290233551282
-0.025757678503513
0.039692848955769
-0.373719274388847
0.231490442460924
0.338029804699072
-0.224678332320482
-0.098332211610412
-0.658798765411297
0.276177341071579
-0.009237522891897
0.002869959964604
0.120339163628019
-0.185576192691629
-0.613502108602111
-0.085706596475117
-0.758150022194810
-1.074419588642760
-1.036106586280362
-1.167176045166425
-0.707053633297173
-0.555249860514004
-0.825007707146351
-1.060541830200034
-1.907731107335102
-2.562200848761810
-1.589429944806286
-2.010238893365733
-2.486728058717987
-1.187307788831077
-2.093501786216807
-2.433463719616119
-3.090597844705631
-1.928865704354805
-2.751242320322302
-1.780459230472938
-0.518987002126018
-0.770194309937966
-0.642244386655162
-0.656808579163518
-0.502876103774767
-0.683288965675770
-1.023715729168112
-0.568886521946959
-0.918039724851719
0.273606790551603
-0.490360778030536
-0.769348053059565
0.136381149789290
-0.402475107890072
0.719794414615077
1.301199833230166
0.845734345232889
0.329776739037825
-0.364960056501167
0.307935553254593
0.930246847290697
0.425062753221441
-0.020822822194523
0.449871292438256
-0.269515603251589
-0.649134139591595
0.700490590681766
0.941309129274847
0.663024086227028
0.752949969931846
1.154517034810570
1.706756783857774
1.631322652499566
1.194793236182221
0.507817304860915
-0.135526510224122
-1.087966744601910
-0.006473445105633
0.734585558846598
0.247029038321897
-0.067042419633540
-0.586164045118366
-0.004275463105418
-0.837485058159082
0.469948941254713
0.469178360832644
-0.538929918839335
-0.419105174312104
0.099139066042331
-1.215669536009842
-1.510477526672944
-1.544157805605407
-0.628594796327244
-1.603858349281299
-1.802784526475165
-2.068347320637423
-2.566255094549574
-1.572713676916906
-1.027332608585512
-1.924190032611097
-0.555867354659159
-0.824167761005682
-0.851156868637095
0.279419083814915
0.291753572865593
0.178085754383629
0.510875572358405
0.145925448378760
-0.150328855875032
-0.267368805646045
-0.591120212855178
-0.359758142316229
-0.124431765037326
0.072465862493003
-0.350315514624086
-0.105448707970647
0.471226091779883
0.304714085792190
-0.332272868251184
0.100583505421940
-0.629703927844441
-0.735100197365470
-0.619963933337748
-0.730757133456123
0.281859715167978
-0.063076304410415
-1.696480054904003
-1.964925080934276
-1.858306092732481
-1.619157505433906
-1.661370985083203
-1.648644993763812
-1.122632319959322
-2.146080870507877
-2.683818719984761
-2.537306898993295
-1.797836825586840
-2.311377726250783
-1.672488577498442
-1.798396564606129
-1.483863207934984
-1.037272898738250
-1.443178651619668
-0.211270584865322
-0.780981584781318
-0.539769758029272
0.167364165880150
0.563164046370227
-0.926010636677796
0.147986370638686
0.227637317727184
-0.827820720515556
-1.094176331721150
-0.844314509740804
-0.179453202481319
0.347681679157743
0.700014509153062
0.448995743653501
-0.213627550948509
0.695606264629341
0.683468168992727
0.599101827049808
-0.349830614375982
-0.461232645454126
-0.425149065543310
-0.449675694269771
0.658662793940000
0.938990089646647
0.782731445380587
0.840365106104738
2.088764704016110
2.123666772381935
2.167307389355760
1.044713585648643
0.521142729083796
0.337729898646762
0.154639487940234
0.731029221593788
0.858136446050698
0.243469054740598
0.467969687414850
-0.648396035121943
-1.147010946596927
-1.001015455689602
-1.111003688322853
-0.382025257595527
-0.945288397623753
-0.302953253935046
-0.445338330003719
-0.508189008958179
-0.498960260509406
-1.222984809417660
-0.880225697050942
-1.989572428260551
-2.080418241829932
-2.676686560653328
-2.250851461671604
-1.306973906602347
-1.236294932841732
-1.942000952750879
-1.524262162843756
-1.934950276080425
-0.949397577901160
-0.527565164135956
-0.286176709705853
-0.394494773904961
0.529319598725546
-0.591532644054642
0.154768998040734
0.658104517020240
0.078528215130926
0.055144007510020
1.072184616718706
0.101590307457456
0.152291374370376
-0.317728474980177
0.010905901955158
0.642123768401083
-0.319793002602707
-0.090235176124157
-0.265726539439368
0.013837105027817
-1.317735110109334
-0.439579090407320
-0.024981796761684
-1.360654468541945
-1.835992539518344
-2.160250719139245
-2.157386564348521
-1.391196638075608
-1.541638852204177
-1.680363055149306
-1.969880617068551
-2.992789811489061
-2.415457333514501
-1.973296877066699
-1.726660451364477
-2.469831406708641
-2.308765757294776
-2.281262607481288
-1.746291162828630
-0.921853552732878
-1.339126304073307
-0.701568329568807
-0.584776541479273
-0.401209576260391
0.734418859409990
1.526159020243987
-0.375859514849572
0.761818668423452
0.509652096810460
-0.531644594385233
-1.725341993152529
-1.592797811783921
-2.139236830702409
-1.096367168773720
0.077720829930705
0.404063191612773
-0.087910511402261
0.633934596535121
0.965396343757509
0.427158133524719
0.232632966064864
-0.266892332977191
-0.492003841994325
-0.286826284103310
0.273162817244659
2.010622821917635
1.405154676697218
0.956729194231400
1.201427787136986
1.889223336827899
1.931754100663834
2.145604303879395
0.444181099984533
-0.462644484485861
-0.237827835588416
0.315956865646077
0.553459443477025
0.413390525308367
0.413013382724217
0.661992402566035
-0.737232417800668
-0.763904531781841
-1.178758657336272
-0.604038778606370
-0.620892762074336
-0.032648301545968
-0.301358986096605
-0.441461468394122
-0.207364666524068
-0.414210282848838
-1.067000895418589
-1.754360940807381
-1.649798344661084
-2.488070596688099
-2.827982151931464
-2.880085625537064
-1.794259697619805
-2.282777626996272
-0.914661250133785
-1.633164677230400
-1.898421395347665
-0.942006539446564
0.014647150512334
-0.359953839415894
-0.045150481509720
0.070872957836296
-0.930089971219462
0.299588761826896
0.222418667476440
-0.050511320011664
0.285123997292601
0.065645637685092
-0.665416573726971
0.061985491527782
-0.530018629732610
0.097688487176310
-0.426161717717652
-0.980246031809437
-0.565351875097812
-1.143667255121706
-1.414280579066938
-0.214530062775514
-1.047673825324685
-2.067725091309538
-2.035508987278925
-1.956350037053520
-1.537665954248254
-1.641302797318941
-1.332462894722257
-1.411084300761206
-1.859884957892579
-2.924111062696331
-3.362146062929499
-3.542720091265215
-3.014400259152219
-2.965685392385105
-2.890298795951745
-2.162021370826350
-1.430003119742232
-0.834371607609898
-0.708417001751628
-0.748560106775709
-0.785574903953760
0.089082595041373
0.262689159066377
0.571252583979568
0.330194391677359
0.716913788574189
0.074163859583379
-0.432762396070060
-1.479695367414908
-1.497804576718685
-1.609925573520074
-0.904676119598338
-0.184243236468150
-0.010136329880190
0.233442479159463
0.174825761468976
1.232728012168269
0.537579789889290
0.057694991036414
0.445822413059905
-0.143822731211711
-0.326071052704467
0.079205879273415
1.063939807198795
0.396205591039800
0.752808651280996
1.019252523117257
0.935688310347462
1.403261443526651
1.222289496855451
0.119399825616121
0.018966859382827
-0.226533368259531
0.715655659933083
1.151270114431742
0.955830645858170
1.024193374762335
0.784768285634608
0.442725693509548
-0.103796898721057
-1.480642224037021
-1.043223766491745
-0.269994788390045
0.044610865014711
-0.455464873572542
0.029462776829888
0.814391599540183
0.153553517017181
-0.494452253256837
-1.787622356987049
-1.617719105679041
-2.366458773858797
-2.268116334668243
-1.119895178572270
-1.388660242720371
-2.472153387793702
-1.719666492672342
-1.418709585952190
-1.062560553829411
-0.449764687370700
-0.199905036491932
0.170813801876643
0.713752859329755
-0.058089707399985
-0.869269957335974
0.685311106744819
0.316711481556423
0.127245473690799
-0.098375264782915
-0.083081870126786
0.545489452463307
0.646114737987132
0.095486674704702
-0.788843759165693
-0.833864806307057
-0.956081613902973
-0.898404304176374
-0.958161286944301
-1.239047087142151
-1.354805422898052
-1.135183888618681
-1.448116759568491
-0.792013920510047
-1.354612283551062
-1.660289130372398
-2.053969736483287
-1.826934581136348
-1.771188972680559
-2.247239287118163
-2.978683627411807
-3.941237366150568
-3.430756626701842
-3.085646778044216
-2.757943653764129
-2.789278980550662
-1.896828294065748
-0.932696002677426
-0.678190605014143
-1.486246982923610
-1.070297182564494
-0.067112379716871
0.257263764911064
-0.347724104588679
0.753789762156047
0.484064550269049
0.490856531852124
0.156074704456395
-1.146326601174661
-0.825098407922200
-1.513041632349530
-1.473800903702261
-1.319491933562070
-1.229317211239289
-0.211223370632203
0.859764198646638
0.898619539009262
1.232493814618066
0.592853200954637
0.178158373612493
0.112270055432444
0.878697818554333
-0.608462298634146
-0.174701796950797
0.797060558285592
-0.321922511137554
0.771967382765081
1.138207066828030
0.422629213229107
0.510143253697192
1.094809347672218
0.711006264308738
1.299786078308753
0.801228876579790
1.368904943382875
0.492206644915883
0.244000290587845
0.926615136729473
0.708896125236242
0.380505316458537
0.527080528326057
0.201077459136040
0.139467094907165
-0.343829422719814
-0.236615300690913
0.565815972966177
0.257621567272064
0.633195840902138
-0.182385151113938
-1.236593698519236
-0.620940327501293
-0.507190744854519
-1.454000682518000
-0.888248397971692
-0.772489499925059
-1.162442023864560
-1.454428001517226
-0.818557363791036
-1.342997182465625
-1.580949746284248
-1.271360558243611
-1.673428977065622
-0.232828333294164
-0.515165596102655
-1.142490956440003
-0.365814665589784
-0.215357569889616
-0.806290761969416
-0.518043255850228
-0.831119321352761
-0.789428427118590
-0.502541414144562
0.024635485462870
-0.828448316335418
-0.430946726349499
0.531928472510804
0.151630434005624
-0.289630081104001
-0.342872405809405
-1.629351752140718
-1.631302187972281
-1.375012624492226
-1.711090972520243
-1.495501202390191
-1.340302971135265
-1.702420902370387
-1.040787288341866
-1.239890625492411
-2.203586671005639
-1.891113223614897
-2.273738203136531
-2.156880903801127
-3.074467084244345
-2.426923711537742
-2.347778782714401
-1.742452472300623
-1.466186496915023
-1.460706859085966
-1.063933246681077
-0.540121641843293
-0.724505728302457
0.553648865777387
0.580698395641658
-0.890046117582989
-0.676384677807470
0.551136296833900
-0.092737113507860
-0.070514511422586
-0.206192907553732
-1.223088792221370
-0.501309660446097
-1.816364951107415
-1.097646998047738
-0.883486106902434
-0.181629279756817
0.132006319925854
0.676350503837994
0.086629679244215
0.566198090761356
0.412436907764661
0.346293865867819
0.016621255791688
-0.349461510939875
-0.232977033763596
-0.445818123579140
0.369878143692696
0.480365965314777
0.608192662438992
0.491516977137018
1.247622070898427
1.664786849494195
-0.078170420799793
0.799347773357475
1.381188906938893
1.674079121927704
1.686117702069853
1.479682476654619
0.986823235890670
0.718690959925034
0.524070597529566
0.589491565214411
0.359908891348363
0.464675291446520
0.349638107425308
-0.021715851101136
0.425403315340429
0.127093967176118
0.542395748628235
0.333225570800707
-0.527942394389987
-0.647855567400002
-0.772632904581191
-0.514837579340571
-1.511061855696197
-0.977547512534823
-0.805942523840258
-1.368730670393888
-1.527768210361746
-0.357946264783372
-0.880691325872430
-1.506206886738807
-0.593358121525237
-1.033742802303598
-1.269755006845880
-0.739608503971063
-1.093646829344945
-0.489353431786072
-1.227330540376605
-1.466592513793586
-0.859220921625792
-0.472735097946030
0.549123528086691
0.901110224777744
0.985247737819400
0.966772084829797
0.461191749964894
-0.353361709643518
-0.353917517234758
-0.690943115251490
-1.056096135273703
-1.170771016480619
-1.824772291256737
-1.552792800618802
-0.886339484476279
-2.266715500664414
-1.714844207040504
-0.418964419421327
-0.766625355306503
-0.826249353396963
-0.920649893610905
-1.365216168812287
-1.723165315173163
-2.488684701017269
-3.364299631324547
-2.694146542597027
-2.261142351088341
-2.107991556248319
-2.208064762686784
-1.224343799306653
-0.815080526700037
-0.917278692811090
0.108153714023032
-0.443378149887566
-0.357566810922927
-0.470179069827793
-0.585532852710388
-0.305396206826864
0.386729055774465
-0.000942017779500
-0.993080763631858
-0.833956663884725
-1.354351193039734
-1.105770511987065
0.111606245480693
-0.115223524800655
0.765010520491985
0.746661356049551
0.608952648448058
0.303951357132880
-0.116159804999843
0.809106559151289
0.440519732762001
0.708963941587926
-0.062427290110100
-0.103571052414551
0.236883378642099
0.511437149379029
0.794698618527234
0.491225516678104
0.860912307029965
0.663426772969334
0.696520308684349
0.360210498342745
1.035654794133552
1.210617841065124
1.633063782277011
1.136122572303109
1.459618291561106
1.001520922793689
0.032062021625235
1.027303972288129
0.172865531200083
-0.513714201597699
-0.645667048489379
-0.008040731398962
-0.034209882628540
0.443824482108541
-0.326717712567474
0.221730956869692
0.093581258921768
-0.122450783761404
-0.737724507015785
-0.588490954630291
-0.149569361551170
-0.599260549162056
-0.220633013471515
-1.601711125208950
-0.694232802347064
-0.632632614091296
-0.399365233116981
-0.205816660118436
-0.497524699492256
-0.607638092596271
-1.789246264252489
-1.016766099597438
0.239662821035207
-0.657492178210385
-0.805381292990566
-1.922624463190739
-1.456555210286709
-0.069354342787086
1.302567046419174
1.055693030114279
0.999210704771374
0.430363350312118
-0.194475643142058
-0.637094190832497
-0.124954651109726
-0.330815999898007
-0.844589882344530
-1.149253726232141
-0.988073423042424
-0.264243246193290
-0.953160038784216
-1.753285672006779
-0.598746346842239
-0.152470312658692
-0.747539108047779
-0.243807944387287
-0.118916415351249
-1.081403186267845
-1.977931598330509
-2.343184125273009
-2.945423574649578
-2.057739523382273
-1.531570904714441
-2.165230910379774
-1.408575911483559
-1.424600397707678
-1.695703442894444
-1.167446537828785
-0.221421209701115
0.029602696932214
-0.355955954757331
-0.238650110729596
-0.701523706159627
-1.081393808530731
0.090265302230473
0.208356824241072
-1.176104689843856
-1.551246530482992
-1.975358229532688
-1.384893507492952
0.004516098068952
1.005985841783901
-0.119462981953385
0.532235218838410
1.462558823147821
0.896054990453843
0.566355955120928
1.089624837916439
-0.302492424155912
-0.301503280497215
-0.123897454244063
0.392718732013634
0.225060501135710
0.575748120507634
0.841331276196222
-0.265515255145643
0.630484565511348
0.774026404123957
0.271366978004833
0.662573615270329
0.963853876722267
1.632855789857997
0.768037963812468
0.858353411105122
0.116359053498913
0.455118846879580
0.354906392089659
0.648551476752994
0.289820773010531
0.259589205536121
-0.046742950689455
0.152554675980141
0.695463612710943
0.599270637723218
0.265884159944341
-0.268820497966975
0.275434924755269
0.726225006880334
-0.145534850084383
-0.183544476871173
0.186175562454355
0.196435520008104
-0.198864308503401
-0.823246756759219
-0.982030488707269
-1.271878556432911
-0.568795893870785
0.662768118986104
0.104515062852086
-0.879614098221885
-1.104358131805119
-0.914139926155722
-0.246739978474033
-0.554110165479236
-0.533056315047882
-1.196452512499014
0.059026224216028
0.473082138426045
1.048816661756052
0.137103146980202
0.312544543308050
-0.744050526063858
-1.436051896246533
-1.452362467413329
-0.645832899831963
-0.368307163606064
-1.089996134976393
-1.401937604506337
-1.785049609769525
-0.516177731794338
-1.165451303039422
-1.347513044314500
-0.379686562400652
-1.020027218512942
-0.792620499257701
0.096364792386140
0.281566360305518
-0.501360747728548
-1.908999188823016
-1.986740642740501
-1.536739789200316
-1.629085779274031
-0.454199284971900
-1.843622263105283
-1.810725021442078
-1.811816360891723
-2.245295241804629
-1.730257448194493
-1.071668935639867
0.258252857579011
-0.749000701088893
-1.487819830575871
-0.888607014874889
-0.369701213037773
-1.373164356497151
-0.586310520197845
-0.821443570757388
-1.305911047016989
-1.928879251848335
-1.603315944881943
-0.948066983076892
0.108853617399320
-0.279383211433528
0.129578915570395
0.594072877028378
1.443344362152812
0.120394752832335
-0.674107676369087
-0.990776792755784
0.036526994611654
0.045772868019914
1.060254207265315
1.203567369361118
0.870847188232056
0.326787656383001
0.010105881935883
-0.222648010435209
1.098318409278182
0.363145613674863
1.322064510777245
1.295366729717051
2.283463073141848
0.296570613311226
0.823479727312307
0.350371181667469
-0.359740956213878
0.403308127970436
0.051852522669140
-0.077658842375908
-1.008713771673840
0.146485193029771
0.182786971109092
-0.332184763349719
0.204442416505138
-0.682511279918941
-0.327120815386855
0.232934123921760
0.108087141903131
0.760867825661160
0.611520653514568
0.175386655704623
-0.425066614476937
-0.516544845019258
-0.463634482985716
-0.629524542181135
-0.808579432387279
-0.814712065230232
0.284408961522217
-0.152152033462297
-0.481418182182562
-1.173919782110660
0.604469626862072
0.551422473286798
-0.408256334426868
-1.179234531603087
-0.813062676324764
-0.259757770121859
0.123140903771164
0.600817833334013
-0.129169920920889
-0.432961890987514
-0.968797241948589
-0.425705655035806
-0.439539492714764
-0.211204074827930
-0.032878804061013
0.728770375563173
-0.899592007526573
-1.489909411021524
-1.573746728158043
-1.460445573799923
-1.515982903614432
-1.646280340506420
-1.951046781709389
-0.773390237303587
-0.670909268621982
-0.314140893839019
-0.228070458534483
-1.055852201767997
-0.652746276830372
-1.242030703590002
-0.979973666410558
-2.326103501718439
-2.268808897157777
-2.154753865971244
-2.391149352951075
-1.599721470336717
-1.928905601068181
-1.412560898838303
-0.771609749161715
-0.565093689015412
-0.458878726696509
-0.682848759056838
-1.663173366274571
-1.055139263182161
-1.086546134372886
-0.532090425180105
-1.092144812408398
-0.603816015786982
-1.502312445540195
-0.868154231027899
-1.265263047164132
-0.748283204471032
-0.740648061504432
-0.227681282608462
0.104270311318882
-0.085720283516213
-0.114430908836450
-0.341816130044202
0.159003998991883
0.609640000695342
0.582705163563831
1.487573119176929
0.786522409414119
0.169305738324976
-0.397546448517210
-0.361277151406506
1.565264000329081
0.692632272264850
1.424395212598667
2.083471478791638
2.157822540801725
1.048680335862864
-0.138239644940317
0.536765078480243
-0.548009730121547
-1.471811270042782
-0.153077040241039
-0.100784251292524
-0.051532773218922
0.109850455418854
-0.292645445819369
-0.169505823142220
-0.926288898770853
-0.419343700138186
-0.426516198392504
0.295902947597085
0.392785473604614
0.500175075197324
0.516590616690756
0.360435064661542
-0.453505649313342
-0.394332165004021
-0.215397031095076
-0.004091361559900
-0.133228309646866
0.140039050537460
0.082839920545185
-0.024229459351104
0.696769864140178
-0.621104075250023
0.318423902792043
0.398552997575183
-0.683711795049481
-1.024737295779498
-1.070464991520193
-0.455819569645500
-0.217627611620267
0.502076608012599
0.218003790531150
-0.335943241724207
0.259969212232248
0.603324746149304
0.957163436909745
0.140406450075509
0.229956562401727
0.052979437663692
0.778245807858525
-0.460725275845783
-1.536778543279236
-1.270495786937070
-2.737007550131221
-2.613944139200607
-1.488332705628752
-1.016878318736441
-1.076798250518093
-0.314037934762514
-0.323116495962891
-0.906158074799857
-0.450495866392020
-1.207596609678084
-1.431468068828726
-2.074583564201190
-2.132304517787596
-1.205970522958855
-1.252966434543059
-0.688719539421380
-0.954745758678997
-0.543373783435864
-0.304759943904114
-0.501100728428155
-0.554123260318641
-1.052491339837677
-1.417572987726602
-0.771617962203767
-1.063980564866893
-1.161752695206556
-1.643432002448599
-0.300373755459467
-0.210397731019137
-0.715832494767428
-1.196405874994424
-0.697881190190451
0.240604631484406
-0.050220352796899
-0.219774177865210
0.112099765660459
0.398108077787714
0.753342979654174
0.835585329039055
1.290443731385260
2.103510146724398
1.194397623118970
1.039365136399352
0.234627797763989
-0.801263441552183
0.128659557355317
-0.174404400606333
1.091746666175162
1.341832975345252
2.339773700796424
2.516433226476633
1.023143098390642
-0.123612980013336
0.260367112764381
0.025671116178012
0.491782622970004
0.423328695697505
1.441887105937866
0.852851155003870
0.302294081352101
0.744392641421563
0.565466831091540
0.002767542387066
-0.310190785538839
-0.409690930848058
-0.406987988370209
0.314264630585831
0.835885713717407
0.456810008286806
-0.763623605604733
-0.522623340333565
-0.233000510907402
1.365853043017031
1.240300018528865
1.379016554439238
0.019843397651189
0.321526609203574
0.264395371656866
0.302363416483444
-0.136133522676514
0.711184159342252
-0.167679881058149
-0.682978271542764
-0.113522582917763
-0.444465252360093
-0.704459383635252
0.550019264978548
0.411489646626519
0.380758566510122
0.935325449628471
0.939437768073964
0.443018428619020
0.938934936096030
0.894531270240703
0.765521134568490
0.544397793132576
0.609848510720063
-0.510633614752719
-0.489917871557385
0.086698306507583
-1.728095909238436
-2.304081267136703
-1.861619388079125
-2.158104656676964
-1.066431899931021
-1.787286380431950
-0.519160602940123
-0.301019647443437
0.373554422224386
-0.014705894496885
-0.517949985306572
-1.766767088103458
-1.544393600956827
-1.709691079652909
-1.777940712414716
-1.762807066583581
-2.018974312077936
-1.153256188523874
-1.697008325144202
-0.518605194588233
-0.988224114280280
-1.475626104639404
-1.719204529182347
-2.163377658606783
-1.166760968086308
-1.147670434861964
-1.329446936549575
-1.656671013011320
-1.438390684212757
-0.259823627577551
-0.304131222492760
-0.656978045417128
-0.379416382713682
-0.562165657950650
0.212880165721519
1.052975974278940
1.066426850702167
1.377903264536273
1.865269854471965
1.375890885948624
1.350793350898071
0.948291753959079
0.751572624744079
1.491899344175364
1.275534674333726
1.103718797085502
0.779020749744651
0.192380418490636
0.880499076823744
1.531702147254251
1.009211609089090
0.672573089788376
-0.035820551351254
0.182129908550342
-0.405480344239471
0.900766163929552
1.628525412805579
1.776117028635644
0.454139419396332
1.161184794088493
1.126826088540237
1.428908432376607
0.491283465344656
-0.626615439067196
-1.018251462652511
0.166700669228975
0.318608584673694
0.669773506090645
0.276997095522083
0.315403117276470
0.281759774548444
0.490926872763146
0.704703730756473
1.408028478755357
0.938163833456516
0.278316425040909
0.887399407667151
0.353495381712884
0.406630155841679
0.038783276318719
1.198879750929900
-0.141842990883849
-0.497084995856528
-1.128376643301284
-1.458185746784658
0.185933235002973
-0.721092482288830
-0.101807752702291
-0.214572851924995
1.034540785102065
0.580533504730250
0.451119343402173
0.824684648152774
0.812807552729651
0.901548582451780
1.150608280737137
0.760897927802839
-0.550328285641192
0.809870983588029
0.788830636046313
-0.370296019082922
-1.154977979387199
-0.987112669761793
-1.361993037914993
-1.508305264719289
-0.693147818380028
-0.907230439119885
-0.453124491877830
0.272248908028607
-0.678633723600298
-0.119642899027583
-0.747512292635332
-1.359019896560417
-0.794348262941329
-1.824975614782120
-1.836828821690413
-1.985670506056882
-1.003703174687341
-1.312780374883285
-1.567573720870939
-1.486161007626808
-1.782301242140501
-2.238965160074126
-2.759517359421193
-1.806184032112648
-0.643173539038826
-1.965494659086343
-2.209436014169738
-1.592162524793676
0.038152757917810
-0.436373623844862
0.391927774401001
-0.051663855621631
0.330629775078194
0.696875809002142
0.928474526831449
1.475492822256114
1.834709765605714
1.801732553692307
1.498114122657400
1.088302386976201
0.608255210153744
1.025557783512490
1.166489731097732
0.724785798562244
0.157507192336677
0.541382743865662
0.198911328497477
0.190340823477706
0.988450913626473
0.254172405476071
-0.037256699318424
-0.198408626063046
-0.134180835030724
-0.098127825677834
0.570399373492687
0.378671785659284
0.619406636157437
0.529461764416019
1.022968018362542
0.295038209411137
1.597161661121189
0.230780596649986
-0.279323871994402
-0.563363332571490
0.517189831656248
0.301899801544876
0.320009122927354
0.252904154046869
0.243304562112137
0.682296884257655
0.113191441524104
0.149167577092627
0.294803950066621
-0.139783257814297
1.261432575688450
0.947344969984444
0.627171172281414
1.074129592589316
0.227897618092692
1.009933173932184
-0.093262115419506
-1.024251890008636
-1.613120485083237
-0.492641341547044
0.394505976854069
0.385004513002017
0.104414014345650
0.715872894990742
0.405449850721456
0.272410917825223
0.410617492048936
0.406650068178741
0.502552965021652
0.321684145045960
1.285354395887914
1.236550202101913
0.211352317982562
0.046601968718071
0.648761027016996
-0.603610556869087
-0.664660827578924
-1.197061723729693
-1.141365493550481
-0.447014536157115
0.322435623480118
-0.668710933355240
-1.218131708794796
-0.721446012513708
-0.457493129621371
-0.012630115615574
-1.499047738736936
-1.187348214758965
-0.362451548296587
-1.119892785442561
-1.697590489388491
-1.201123509526568
-0.338969434103240
-1.021755002894772
-0.942206109203677
-1.596126112586789
-1.922731929620401
-1.996886785096676
-2.800990002177218
-3.103366527882149
-2.795383252538514
-2.466665296158468
-2.495204252891812
-1.970475634961611
-0.535336437967924
-0.537565534922750
0.286871353231126
0.766285143461805
1.116830127949700
1.292038029885022
0.985390937180876
1.320426878296574
0.630453202926532
1.458259950574800
1.563877598214543
0.919920948702356
0.596893010797307
1.505689255039674
0.898484367437867
0.364489959124961
-0.009423009949431
-0.130713069956310
0.184896614825206
-0.407926567991950
-0.333381877417054
0.173015916318287
0.754399698215057
0.705738989459901
0.050799309939120
-0.105214125192343
0.129099439258665
0.256074727014889
-0.121236916193441
1.370937394012718
0.626281641604343
0.079027655912456
1.391555510300555
1.399894148739797
-0.100888430291176
-0.003974018974760
0.654481406928588
0.503754041745504
0.401713909658650
0.369760143632159
0.157100689735553
0.708416050635974
0.700723268608104
-0.213171319465242
-0.357337309997575
-0.099120289613226
0.445113444294054
1.439254492350537
0.931978778740666
0.524683423151375
0.422506311506017
0.188282669921091
0.135070223539129
-0.364896498715941
-0.327032486094599
0.074723913279091
0.534440535203059
0.990462078882604
0.386582516978865
1.257060485390793
1.161497543638822
0.192856423662762
-0.010814476548449
0.046232979190077
0.668869453842350
0.753296249743190
0.970002919382789
0.893153289254177
0.738646738720570
1.290555344671939
0.197657633357747
0.015694827279947
-0.996782807292298
-0.658717518848293
-1.095363275958036
0.135251699466207
-0.893716058654422
-0.468286604596281
-0.180708753995678
-0.613587409803059
0.290067966512596
-0.348583701000538
-1.233482777597245
-0.312805138022934
-0.655780170863354
-1.188814677483057
-1.479686523740550
-0.835910260754944
-0.995528505823591
-1.385203327562552
-1.468771940806139
-1.580873592713732
-1.926049279412835
-3.269837308613234
-2.748500024412334
-2.902078601358550
-2.302644643191408
-2.901248916405221
-3.208177717523625
-2.050023224938333
-1.267090419747751
-0.424748487891718
0.204156700728842
0.428816242059284
0.191743432016739
0.521121647721414
1.252848498948051
1.000981823017826
0.472942887655771
2.059976967283987
1.953173047408921
1.620494168615741
1.455744302124898
1.122962054510135
0.847705855014882
1.503460336348586
0.546202404769361
0.279415479465749
-0.887139579003526
-0.605385268623063
0.221943948461979
0.167303915210958
0.091171411837975
0.580347621082678
0.825627656333026
0.510723874761837
-0.501577668257606
-0.359059389021896
0.769710408865894
0.757915894410723
0.586315557649380
-0.160565547282067
0.845373989256926
0.302534750009838
0.562329481761128
0.692687592790117
1.050716456929766
0.321927129474823
0.854307172128861
0.121740125918551
-0.565402131342136
-0.452467800672018
-0.488280106750108
0.209536577862753
-0.524663346802068
-0.231925530795978
0.638949055666193
1.202455516973724
1.629641417838813
0.515689996247543
1.008412847337753
1.230463473417530
-0.130911946073704
-0.256533981002177
0.208812626235725
0.865254616983392
-0.410957613981843
-0.018145722359913
0.898129152047264
1.289217208862101
0.571491455450606
1.161666295824402
1.453106254930154
1.022402414394697
2.281340162898201
1.942817319940072
0.897230960582480
0.621739699838100
1.110960696610890
1.547172650713064
1.031416044326877
-0.000166240376292
-0.062343266720101
-0.323599396115261
-0.799600923650425
-0.358685306652120
-0.871878410952381
0.409200949751282
0.234692571315030
-0.963711449014552
0.025210199064985
-0.299024924143921
-0.667486832109308
-0.510681618809791
-0.443042772211956
-0.769824467316551
-1.730573396104580
-2.883164456961207
-1.685548372412436
-1.958986580797720
-2.122375012964766
-2.224561832721758
-2.415330682068018
-2.750382424162916
-2.914347556805781
-3.011958300221765
-2.415497054671479
-2.916317242340758
-2.122622320859193
-2.137222302798377
-1.956776029924541
-1.179346357218057
-0.472090573819502
0.992247338388361
0.717721180077738
1.391338053222753
1.715337249494118
0.506486269438329
-0.372439217454208
1.028136138740787
1.311703928477801
1.361962400977433
1.410873300641557
1.618738883146388
1.280819206839777
0.763801553125957
0.633352588577616
0.212051854465425
-1.336121956689988
-0.675340371333071
0.295444147188638
-0.199944993364475
-0.461506651224726
1.303933419134347
0.011332149017142
-0.154200857176431
-0.131331919785772
1.039910335601236
0.355973410781863
-0.066394965863544
0.852666207006990
0.507543267431326
1.701890488076613
1.428650782242456
1.258848546954338
1.320629813968963
0.586800139698402
0.379852440208403
0.586210934576388
-0.752458478537421
-0.752623699991876
-0.761473954117790
0.088396404356959
1.107358484897189
1.081079997258938
0.597446497614684
0.538478598701529
1.353490131752946
1.832473533417035
0.872353497414586
2.246826801569609
2.041669192954932
1.547600943374189
0.546172050515950
0.333269032715295
0.211818375174862
0.131027340478724
-0.465897598571479
0.838221252781201
1.129966124305591
0.794793783096611
2.039028563254210
1.292300011680253
1.665255062451290
1.810796190244174
1.676413056723751
0.593779131294836
1.289909494400444
1.162617289244521
0.947625089196217
0.921285223280950
-0.518941805982151
0.153321818760027
0.056749129599157
-1.301169468050956
-0.933838143898689
-1.506378551122411
-0.432567552416501
-0.521084175647159
-0.673951181896025
-0.246080803409334
0.713052140011898
0.188922371144210
-0.579324975287448
-1.144585418709672
-1.273335456407125
-1.410222559917628
-2.286498969042977
-1.851814710256075
-2.976461349582585
-3.228503140031347
-3.619059355382894
-3.209212827794707
-3.417975195224543
-2.111541258975681
-2.227544964482743
-3.241304399193051
-3.100199673260415
-2.585185264752874
-2.040394694252055
-1.150277310567789
-1.163549554138190
-0.957485257127834
1.136729010206955
1.495775881425889
0.509635295042928
0.396536705893612
0.266279715937166
-0.317096285111057
0.376510138955139
0.968244429808428
1.375608528285873
0.828692126691350
0.397830397444790
1.322299119513038
0.877119605643019
1.435900507491092
0.102483681807704
-0.596307605227683
-0.636781694091776
-0.533686265502842
0.063144901000436
0.399430157503156
0.329977439812419
-0.394633823882119
-0.921851232203915
-0.473164486725430
-0.514300540759350
-0.597685521358786
0.726875480112922
-0.071516674535066
0.705963389061441
1.286526911067972
1.302449407583743
1.127072599050072
-0.760070081963631
-0.203804890558916
0.011683386569048
-0.051397866024146
-0.355011143406484
-0.588754630433103
-0.162689220517358
0.436852307047723
0.635432960770432
0.252627770740733
0.842096830267685
-0.074291977612519
0.416586277981909
1.312402124475832
1.328183264522994
1.793423035718047
2.032011885044635
2.055399731109158
0.828831277451138
-0.075519575870282
-0.384949891724242
1.145156475835645
0.557486573097914
1.376225403889141
0.893576511920290
0.658890911978323
1.422352349997637
1.247085313959756
1.483921853310596
2.493461728115481
1.289902632841215
0.898178461412366
1.368579364939410
1.351865986687543
1.248942436157415
0.947420244532820
0.577646937097280
-0.896387684508745
-1.023746119113213
-0.941788160923298
-0.367751018570927
-0.576567878351448
-0.029098480871490
-0.390135172265869
-0.683962689162819
-0.737955882646587
-0.462728023388893
0.050371427431126
-1.056370726267561
-1.672658376016434
-1.451480366745240
-1.114040454351416
-2.251339564840081
-2.874111841008737
-2.867353901925827
-2.825735835752985
-2.496616018682186
-2.081786711205305
-2.412061275977372
-2.109263981767995
-2.147826913221373
-2.421255259901582
-1.469028654026977
-1.757475550254302
-1.904058721709148
-1.444810610379407
-1.264239224234892
-0.628273741931409
-0.263028281972602
-0.123807951208588
0.223642304074236
-0.036953378731637
0.733072254845904
1.011007911526216
2.230505092544555
1.475190008793343
1.448834865583468
0.884114551994996
0.749258320065942
0.827925288146982
0.707684977484970
1.466591327407025
1.048370737478469
-0.312125118300362
-0.796566275862423
-0.507171435368668
-0.282533771929169
-0.405610237709701
-0.004928483505474
-0.883456459619372
-1.267048148058404
-1.152292679168291
-2.488261325179509
-0.806931883039351
-0.483456892647308
0.442756413204362
1.012402419116302
2.049371814591518
2.653227016282970
2.016946393340159
0.108282980999014
0.117748756239813
0.249275599294666
-0.520838528941558
-0.522906443672051
-0.205184400632923
-0.407371781389035
0.280613211561682
0.391779317345195
-0.292036881139223
-0.352668704168886
0.056323998240979
0.478153627603428
1.222200753813032
1.540123790567843
1.619296043162096
0.968063685056620
0.417035010280453
0.134345309254380
-0.447499453769894
-0.152783911525454
0.389860956610895
1.563957441604938
0.921789153138384
0.551113249851394
0.937761554342215
1.118510628900099
1.388483644049890
1.799438559342375
1.782238491835484
0.860387018513657
0.986589129735269
1.411610556739013
1.558822797325070
1.356398381288971
0.510607996370167
0.513350458636489
-0.198524431364063
-0.973559948309402
-0.446900945442025
-0.200645161277475
-0.064955845315269
-0.379972982842805
-0.617881804971984
-0.531121067274505
-0.631819227616363
-1.218392633706991
-0.468967436690033
-0.250010138711822
-1.030194255436183
-1.018587080888227
-1.755790326331599
-2.113960784676209
-2.738558050702247
-2.675336089822148
-2.315411574721980
-2.140123944124049
-2.133983020971734
-2.708382689739917
-2.500280303726582
-2.511678094136294
-1.939312037761702
-1.944344955671475
-1.372369092115379
-1.949567320054944
-2.230029930349801
-0.231130880980931
-0.256154131020992
-0.723491747169057
-0.269558111470578
0.785291814129850
0.501782722540830
0.248295278705233
0.700125843740079
1.429819707332183
0.596451341610546
0.639434365167151
0.035253120508911
0.508927679365292
0.688060873732380
0.726539994751992
0.026418077407111
-0.204811550916721
-0.667222516901325
0.125663553753452
0.431430107505146
0.028185530841731
-0.649478693175693
-0.090096168914810
0.198542631777520
-0.927497057176283
-1.716006217559187
-1.172970330985291
-1.373573748087598
0.134160810287329
0.713042557666213
-0.027103501195659
0.571331007351493
1.860581172899004
1.500831058371412
-0.106852707195478
-0.228056531382545
0.441450621227579
-0.257907279502907
-1.122789594330855
-0.128624885212802
0.190306325495879
0.785365891542597
0.119233265895432
-0.182655688508866
-0.037993536350034
0.839026745252965
1.947601693613648
1.907787650624788
2.068229428036773
1.827600886217145
-0.218296666708046
-0.815235185684382
-1.214528784439895
-0.193051561593139
-0.343536703546232
-0.157069420539731
0.649494088640628
0.962943338850491
1.282599276298517
1.430420468581694
1.049815389510889
2.031087775253095
1.443363598232566
0.488645801886200
-0.269541258562685
0.974025410563194
1.603051622235825
1.373183841607767
1.108289554332890
-0.322012941582781
-0.225394767007953
-0.670376328516425
-0.809127760732716
-0.615120622350991
-0.394045610559902
-0.381056495941593
-0.636177722229961
-1.051428992818529
-1.197351273172029
-0.537243046856598
-0.454218373220872
-0.322076725739469
-0.528461068808474
-1.536142483493964
-2.192864228841615
-1.824250749323278
-1.011620065785861
-1.268431123202385
-2.322702212807783
-2.759618584004332
-2.217023585610332
-2.017259669395535
-2.161847425187114
-1.930696578324453
-2.492461517234029
-2.955910913711350
-1.946607105083024
-1.998272224869734
-1.457968798660223
-0.639028559007878
-0.500172235101302
-0.746862674876290
-0.853566819355957
-0.252947909209854
0.040206197996010
-0.377896428620761
-0.286518668648531
0.236996597960468
0.415597653331912
0.223186389909659
-0.204137001668903
0.875027978507233
0.075886330811418
0.237771696494978
0.119250569433659
-0.371569890175894
-0.496057177537213
-0.200735240322906
0.494839171038521
0.422268602931014
0.571574781611552
0.226436038801258
-0.142959422860743
0.171648849651450
-0.592289249356474
-0.590658674469959
-0.482192073187539
-0.107293317601247
0.273451332702333
-0.287060911194565
-0.374551151092443
0.628779679679571
1.337985141686020
0.364675206199790
0.188168844297138
0.531596180816612
-0.114891925246695
-0.362298442597261
0.511140891919902
0.304541557400572
0.410601686689487
0.360348836796677
0.255335774027720
0.009932688856034
1.766292968815076
1.325856315151068
2.307134528853014
1.506590089696846
1.973597748445521
1.186600976574694
0.039259325516111
-1.169307714578116
-0.438820465114929
0.775889620003100
-0.198457493661997
0.036615127704980
-0.451053881554819
0.339152589082077
1.403988177118679
1.695045813209098
1.062405938855183
1.602979349363195
1.606980425063470
1.151297035582175
1.573528809533715
1.317270969705666
1.602185689870105
1.415248171964786
0.125106280437295
-0.927071083935803
0.265482303762286
0.435792818007259
-0.068742468072746
-0.335316065199535
-0.355070649311109
0.653854082869300
0.318727757358378
0.173899895749095
-0.547898523762945
0.439594603492982
0.947828965460038
-0.322671333853946
-0.553222961353409
-1.204887562003406
-1.959822789960376
-1.730959964832247
-1.111635918398871
-1.159977935885768
-1.274098957442463
-2.204698875425198
-1.994691189488077
-1.437716488550430
-1.421706667786498
-1.527445139355116
-2.666648949618435
-2.022909430373725
-1.599497956252222
-2.737551398406518
-2.242746177240869
-0.595967874958581
-0.072924865320743
-0.476959509436902
-0.306790542603874
-0.490634264635825
-0.710313470722171
-1.309115169000575
-1.239972466356125
-0.339319258356026
0.311923988502696
1.109030641656178
0.256097781269663
-0.374520038978619
-1.082490995501314
-0.293240376415571
0.124548268917487
0.013454929977502
0.676689317557188
0.346595062461518
0.403776783989109
-0.221249342503512
0.256085328319441
-0.045382992689233
0.486950098304521
-0.331524309771785
-1.047173265769164
-1.218425379195688
-1.805938863927090
-0.630507194854180
-0.088184600731052
-0.600148468426932
-0.240056114115211
-0.176718970051977
0.085987519640308
0.584854827593981
1.150619418333735
0.506003762140301
0.286986701243990
0.125010566453720
1.202536426034345
0.896985290534076
0.310060974800006
-0.427490477086273
-0.341590119813610
0.553410664164378
0.908352402012591
1.291375460428154
0.937174061333856
1.789776079879116
1.637642925477043
1.367937671829052
0.792099860614809
-0.196881915508232
0.520659517690452
0.849658150367189
-0.092674779598171
-0.600395031678666
-0.375552167430838
0.910133691299519
0.346041269583659
0.793314338965550
0.588413121935409
0.133601110139759
0.480034984604318
0.679088986556563
1.181483929593762
1.972288911667851
1.228976043879322
1.357714246951172
-0.160733169007696
-0.317940471221629
-0.238433329461777
0.668992105622223
0.191055062678720
0.063274436555838
0.212370189774659
-0.550600079551263
0.024216823127898
0.164961297255946
0.239936038673030
0.429431440943941
0.374921298334949
0.437213326126570
-0.154923072847309
-0.202470671540973
-0.852214861892869
-1.547777882465091
-0.768050084987598
0.408672811029473
-0.835451029306541
-1.911469134916155
-2.038129071051843
-2.058862034108824
-1.881159860076886
-1.693406629166870
-2.137620249866794
-2.351847398909817
-2.380064548346136
-2.395729204161015
-1.267529923787758
-1.931250599486035
-0.912271091524410
-0.753107381105839
-0.941940777967885
-0.210313043543757
-1.341409941587121
-1.710837650448509
-0.509123413758183
0.321332582915317
0.652309096201301
0.001332770401986
-1.022677517980964
-0.607306861557688
-0.508505139507723
-0.327845941761770
-0.429184389723912
-0.889807335175528
0.156020834710653
0.536137786690180
0.124133955142893
0.564722597527105
0.012500809020857
-1.190871924543870
-0.029663133629408
-0.544679994042830
-0.811786229859971
-0.966568578456280
-1.220579999026418
-1.286043834819487
-0.866292040041481
-0.987438228172593
-0.091601972325297
0.019138298594949
-0.657637306273985
0.468003601256176
0.422266925628516
1.019239363442972
0.917037331268183
0.804983065283726
0.687703216176203
0.980140418706602
0.138660462644051
0.855528626529113
0.404420978859094
-0.300615524778402
0.132842184952252
1.382626977191943
1.475792183198810
1.366740755785149
1.718882521410226
2.102750312558507
0.331058593304096
-0.223435207197369
-0.402509759700663
0.352275454602847
0.289122252356383
0.445389130822094
-0.002610287319908
0.426311004986816
0.369497247779629
0.438172518517268
0.893748531126450
0.250317969109889
0.068194080437351
-0.425368431872586
0.369744017577595
1.229245927679856
1.349760517212137
1.941055561879946
0.622018401808673
-0.225847152550216
0.631247807102051
0.707006426325844
-0.806192257808611
-0.593710318887567
-0.052102938056059
0.133840495570268
0.555750734794619
0.199643003063874
0.005309744705784
0.284840733252748
0.537734052582525
0.111912695030462
0.593501048769740
0.703572768969332
0.127300409428645
-0.277906602075644
-0.323489149605194
0.567017226563875
-0.063328862625099
-0.392734957549519
-1.054148009265273
-1.629722393909975
-0.865662469257784
-0.504354500148594
-1.324901691763839
-1.458379844506284
-1.075794451351504
-1.804736447024838
-1.519843255095564
-1.482604692134968
-1.563827223605051
-0.577944514696436
-1.026540101703786
-0.788194369205097
-1.907861869388865
-0.992412198039316
0.406513489299363
-0.056281320162662
-0.118626123450694
-1.083570537333155
-1.884493804589753
-1.015762857476238
-0.532472055425311
-0.560492651255603
-0.233985630617274
-0.277038345295450
-0.742437972019207
0.436128764381805
-0.044629976609021
0.282762268387305
-0.417281537964470
-0.891131980065316
-1.513222241117572
-0.983049177959345
-0.516343712073474
-0.679499471759002
-1.319851004300868
-0.815968569171059
-0.310302427915486
-0.050785159663280
1.245002256174284
1.962737595048835
0.797825165897431
0.030347399083082
0.304977254477259
1.052790367372314
1.496558003353349
1.196180181804299
1.735238840894939
1.456484412053226
0.934250381308969
0.305454685796400
-0.197476757476883
-0.279035743412221
0.652270463992194
0.919523275347171
0.766071741288022
0.614278119668922
0.605076445311655
1.254961378349939
1.022739049173380
0.010413280624203
0.471175223423786
1.194362847035700
0.780799259181802
0.133155617088804
1.135343442827665
0.065871247422158
0.071864523934772
-0.156776465826198
-0.180234291322353
-0.020792122194295
0.304184164864482
-0.185826665990077
0.106943292684842
-0.263160293825274
0.929248686523430
0.576625155589506
0.730518370696355
0.784981158246199
0.106759609084902
0.119383275388417
-0.360881975008366
0.000173751354534
-0.809862416268850
-0.294169974892000
-0.302136202610512
-0.548349284155560
-0.807783367292757
-0.284031032066250
0.110510483936250
-0.313099875902524
0.259208894113259
0.054630961425600
-0.043964023947507
0.008153328041701
0.283423355392321
0.175548887452296
-0.020388149961667
-0.098265608502074
-0.149711396675493
-0.567083777954864
-0.671036684445215
-0.228669803949782
-0.863562463412741
-0.762308188968895
-1.007947598560947
-0.747628487952118
-1.562250633194269
-1.511158719880169
-1.576580294764591
-1.150061830591868
-1.037635153782782
-0.950037659451706
-1.767490943311434
-0.717499986105329
0.303679289251921
-0.633367159319170
-0.474841161044344
0.314635237417946
-0.457883978411735
-0.234538931107303
-0.638005562712617
-0.431708993056986
0.562485164109175
1.361412134381639
-0.268394261406711
-0.411716651612581
-0.168043440846410
-0.046232720992924
-0.155225278230361
-0.349683139922501
-1.280382819866983
-0.904831401578445
-0.959760575725997
-0.475313654883390
-0.309273001919754
-0.500328100677618
0.502200635241354
0.350599308549937
0.008660311593228
0.796168780868728
0.603523185779127
1.388592632814126
1.885939187169146
1.778813350241373
1.335023207321864
1.432950418073350
0.467295511921354
1.460738246916647
0.621588399822035
0.863546243860446
0.028773727527029
0.585812023511364
1.004447464222488
0.958745968347548
0.944558923828481
0.454137160824319
-0.564092240613932
0.310498262822962
1.291211163729200
0.328921555853473
0.230162239611289
1.362711656466513
-0.103456151669680
0.465556755586494
0.847754769005128
0.631820048761210
0.060041789720804
-0.395866975411294
-0.876113110778712
-0.034254774158586
0.098709204646628
-0.364159531321281
-0.223727860815601
-0.133898996832343
0.991373949931583
0.528404784787938
0.431862401597181
0.659674345479085
0.126738301355972
-0.425727810658791
-1.450573738037821
-1.120891513260480
-0.780388997713746
-0.487239173069154
-0.622993859316608
-0.892491233523719
-0.245936601521713
-0.808375987692386
-0.072215731324305
-0.331266044729368
-0.346717194248495
-0.781489805190132
-0.182187002916281
0.529501680605596
0.644709366834869
0.241221341690066
-0.049258720302941
-0.741510793703653
-0.382368717346832
-0.307666553854990
-1.117904796993008
-1.063046854523306
-1.243792185793706
-0.554613038337535
-0.958259643435206
-1.351904617819433
-2.082658875691453
-1.981458119007542
-1.285913847293224
-0.249020666324651
-0.826645441280204
-0.759330764054745
-0.545778015094707
-0.916960479566242
-0.550583647844320
-0.969526673971200
-0.554126795397819
1.039964184976164
0.283968838941480
0.133827952182257
-0.116936411713256
-0.931728903239939
-0.743425998598239
0.619860859469572
0.325456763889810
0.227140015233856
0.293420326410089
0.641954547768363
-0.147945347155796
-0.492279239819446
-0.918010066598497
-0.975500470520635
-0.597809638758345
-0.271312567590307
-0.406752099467639
-0.015962599928331
0.752655153604600
0.078966833327506
-0.116583562922604
0.666468230837631
0.912782651764917
0.917252699113263
1.498297169108617
1.403241859613537
0.737414783397388
0.954239265990960
2.111294682292464
0.513401561543189
-0.120174404853169
0.514581883356495
0.141134429256190
0.928689263434811
1.132759795163825
0.683113884678898
0.322016544267426
-0.491238274441114
-0.501653337002190
-0.078105441283428
-0.320307171150824
0.204339391626469
0.568709741932260
0.579160107945768
-0.323919101956113
-0.141388181293980
0.076536649851274
0.020576626482335
-0.323528825085032
-1.724477570855635
-1.244947603469686
-0.361183181426520
0.535579026234534
-0.138222746403153
-0.043473353898651
-0.275004107215436
0.207278211263358
-0.664434549448925
-1.182936317731269
-0.667518354477651
-1.093971556219154
-1.006322664441424
-0.806589710350178
-0.331329718167846
-0.797956122085156
-1.615604286096808
-1.057522937088971
0.665567759114471
0.087434777169459
0.058671507748864
1.120934619768057
0.754999325201841
0.319287952150172
0.010440742928369
-0.271449111788621
-0.675353124801984
-0.370118108992196
-0.239812766131933
-0.449265407320864
-0.273444302949839
-0.343443494976604
-0.735774895088134
-0.549366269787741
-1.213448150663764
-1.813930846998705
-1.242979747823711
-1.186170003539388
-1.114001826834363
-1.975164300622555
-2.084061698168912
-0.730722306232214
-0.705822909784956
-1.187154276802651
-1.051513170377605
-0.335497859971298
-1.612972001719656
-0.443530291484604
-0.809204408816806
-1.970435685345333
-0.266005036645053
0.407532863576117
-0.052738586560856
-0.188717119875892
-0.962975467903080
-1.095742780944966
0.035648553317154
-0.537328398847825
0.194356175747818
-0.087119471503286
0.353665792178735
-0.443579856119354
-0.732814079667761
-0.680941466062661
-0.510488526072168
0.250746524017331
0.329987656083584
-0.440781403625639
-0.348186476912416
0.520344130923332
0.945295831202898
0.876709496972678
0.622106579795568
0.905081620256807
1.244911392317144
1.128605480896465
1.350027676386562
0.559500210750222
1.267746611706130
1.556461534818748
0.852774742353270
0.522191887108395
1.249131163233540
0.468777377879889
0.858662818243504
0.348425301022028
0.443726871905136
0.294801766128620
-0.062615218118743
-0.632899363471181
-0.768865953083172
-0.148076311424372
0.614360151581184
0.576121490713140
0.277734110342932
-0.247846559550100
-0.243294488379315
-0.293006188529144
0.341936735382715
-0.145401204925367
-1.042036402419733
-0.774156043134641
-0.235449557836533
0.376489595838659
-0.029278039825434
0.235953159092730
-0.479901035252699
-0.544337000396679
-0.696534209940124
-0.827072567469339
-0.435572591893118
-0.627976087985618
-0.514658937042043
-0.411082173952017
-0.593452871637443
-0.450495406160928
-1.196450827226269
-0.360126688314508
0.219090250097643
-0.646117365858784
0.106875899547159
0.152689950016725
1.577149333924239
0.664428067441803
-0.023094965529631
-0.396041542146941
-1.188648316381958
-1.598210301268298
-1.022491744088657
-0.571085127007264
-0.465790151934468
-1.150156289869132
-0.683519723442271
-0.439787894919072
-0.765444331648392
-2.219225585889914
-1.418106197972531
-1.965497236104661
-1.642065667684129
-1.248598028404023
-1.471363111971596
-0.756247964270168
-0.034544747746721
-1.304764829695621
-1.211592604531246
-0.211306370378915
-0.004950381343099
-0.677722870041737
-0.439018440808300
-0.455687371420842
0.321949937341815
0.150826402420527
0.115189173037994
0.297580148863299
-0.576916146979534
-0.025102445371751
-0.833040054949391
-0.849250795004227
0.020873634132606
0.334287653240603
1.351310546764919
-0.079415751917157
0.077672740409637
-1.067398256652933
-0.403037540901697
0.576913410054382
0.221524148344395
-0.042668374764838
0.874848308260922
1.253163292391435
1.139146706089333
0.911108072625703
-0.040623700901828
1.120558335422841
1.651236119182914
1.619309218000725
0.943809374988929
0.407410351432798
1.670364786526639
1.314455690830600
0.868518520779244
0.696974330119623
0.841962532232825
0.141175175006236
0.496087165191612
-0.106784068946186
-0.479672873513699
0.262796616453144
-0.144417908345423
0.236566632582898
-0.584661619599336
-0.505513564091987
-0.538373343055197
0.219368453524694
0.193352428028339
-0.957342699354056
0.208017551519172
0.456680739379258
0.835158030250436
0.319871496467701
-0.065962363652462
-0.500089095367760
-0.816158128020278
-0.927563103301070
-0.030017531160057
-0.090545889921334
-1.977836312508111
-1.467929524949508
-0.610021016404566
-0.427939149147750
-0.736922800503616
-1.411346758200671
-0.590113212716563
-0.117286719584709
-1.288467245200316
-1.866530017712451
-0.888684263414147
-1.545856582302928
-0.460472122369358
-0.047293148205248
-0.255635541358654
-0.661627816022129
0.376627471776992
1.495667624831871
0.522637429995341
-0.797352635558636
-0.604493881195262
-1.059078256598650
-1.440283833003871
-1.942174686182967
-1.312094650069658
-1.316680237516962
-1.169025044181247
-0.609763683630000
-1.350750788765041
-1.709098591762439
-1.351887864910661
-2.302952417842303
-1.682632707215937
-1.768965497875172
-1.043348908547267
-1.215009029781206
-1.082724265919778
-2.005172967304817
-0.836796682592725
-0.471537148163727
-0.076645841719292
-1.438557430846189
-0.584425771510944
-0.149598720645375
0.566732501222989
0.469850552046293
0.303432094158030
0.316997749424548
-0.973988940279404
-0.562022248006653
-1.073718089608730
0.173223802267850
0.703150222162535
1.184013046520089
0.414507813001166
-0.246305997805659
0.236009837075960
-0.042992078985517
0.218039323473021
0.375532910729098
0.575687731802508
0.349464125070226
1.533633517919796
1.156307547203321
0.488896001337983
1.500325676322025
0.378178938136037
0.881042050296771
0.850851592648400
1.379886096803521
1.734177275280336
0.601475929263719
1.205189499702650
1.792121492603116
1.401513221809020
0.836430258313456
-0.112729328738832
0.478861958131507
-0.057310108092064
-0.812827730120367
-1.402498017547868
-0.459950906057904
-0.048129877444049
0.515205824467932
-0.026894252756730
-0.996001398078841
-0.903903409060908
-0.135148803199039
-0.298961490730825
0.321061755438419
0.950942505357161
0.476960935859450
0.843797127233952
0.702938794035712
-0.134114675480474
-0.453393783111273
-0.214384623689002
-0.286192629502263
-0.942116530990668
-0.225836335835183
-0.259924707714267
-0.900038215421820
-0.417957285930673
-0.289498309274185
-1.398695056356807
-0.446894525576624
-0.605334524458875
0.107144270037297
-1.187144975361571
-1.448246484893731
-1.843604271383587
-1.876197565489991
-1.471484016799088
-1.237990154594013
-1.580779537810020
-1.451261139505543
-1.996928934739121
-0.046574696390579
0.496526995492594
-0.118814374092665
-0.811963288547868
-1.758853499845437
-2.177410245127953
-1.723991073548204
-1.473647459024427
-1.148477605346929
-1.897312891674478
-2.129906958412080
-1.120295805375963
-0.317047868175037
-1.720322277423348
-1.703751698681972
-1.618619067551017
-1.788144675741710
-1.071525650330771
-1.003900862320168
-1.374863847725824
-1.262205504866421
-1.184136653686252
-1.238988904903661
-0.489996128653649
-1.557173669678985
-1.419991758202466
-0.769946225512558
-0.543635820594835
-0.527135541073554
0.585356702661563
-0.120054687279956
-0.629653280420766
-0.211257611275965
-0.575521550486442
-0.725126303417227
0.324370884040714
0.008269107750964
0.651679107314294
0.343229283702710
0.573052221121665
0.206807992107240
0.153935370145557
1.956300923637788
1.186304270007464
0.563581255074762
1.394460885103445
1.992095858595627
1.934941307648111
1.831796673585044
1.137697947149582
1.381017742210058
0.590100107649069
-0.183639334109687
0.276125120092454
0.100411523752213
1.440506160299958
0.903042845905285
0.715728225507607
1.167878285935795
-0.050935690422624
0.321652512440859
-1.039416669031988
-1.250157660983183
-0.964093601104367
-0.313671804103628
-0.633039640035387
-0.329354545751104
-0.174033497251542
0.309554330430852
0.032738919512213
-0.012800708196091
0.240574795944297
0.457234592661040
0.816096039646683
0.661164406970075
1.158144186679700
0.569780429653655
0.267063931673998
0.599658401461675
0.417908107485324
0.017367657840600
-0.419335471098814
0.213770827461326
-0.292707946891400
-0.443270410051280
-0.469054257862846
-0.928917609296513
-1.123250707306832
0.177275036240716
-0.185623672028898
0.138163089462980
-0.547208979450149
-1.294421937530881
-1.299063717760188
-2.291861671178871
-2.664703681998592
-1.765869445111275
-2.362649943017348
-2.135064750019958
-1.383455592524214
-1.069518760288043
-0.183099554672113
-1.515957586257002
-1.626775283487121
-2.178761129929435
-1.411004189822436
-1.778349059809410
-1.071026234839472
-1.221672196594200
-1.307219222482505
-1.129239839074243
-0.718236406117443
-1.255982135241404
-1.552525786432798
-0.700677435457104
-1.842141595035478
-1.914743108553654
-1.960405574117103
-0.845202435342285
-0.484197755636125
-1.380345965998062
-2.537773654251466
-1.199792141044516
-1.418368988163488
-1.575571834361484
-2.664688533245036
-1.958830245875690
-1.595328000533153
-0.583986108640494
-0.993643738944686
-0.554435542078082
-0.361103643018850
-0.113184425596450
-0.917520513540293
-1.266590523098842
0.073297670675001
0.391881676922123
0.156747516554778
-0.133236133756389
0.630475055077809
0.768624507172946
1.175315085294057
1.601512931801650
1.846080869534904
1.325674700745602
0.715537095966673
1.140263135609195
1.303236661641042
1.167518505169767
1.278580803196136
1.249256457259448
-0.116763384893905
-0.013194084373741
0.698100982918121
0.229329399111706
0.844693232871862
1.241842515396884
1.006499030583059
0.251216772537079
-0.045907451811777
-0.685470007647471
-1.003405899271813
-1.244223875764949
-1.014471214787129
-0.341439536843909
-1.938029585202068
-0.799060396106677
0.027247907193374
-0.224708523544875
0.108500220493815
1.094846547475045
1.059813392930963
0.711084744616065
0.505110618861201
0.379662662549369
0.095258654419766
-0.067584699123758
0.558637891947877
0.690971652618567
0.697136292623141
0.495009722136871
0.434275980285956
-0.090217858802719
-0.810786223084353
-0.773181854123133
-0.955381831644676
-1.150753817194382
-0.320744755499669
0.218190986177400
-0.007964447191505
-0.756496656902465
-0.859845675741614
-0.516306049377665
-0.932108969523302
-1.696290058496231
-2.834134895762972
-3.220932595789343
-2.232742037651318
-1.879807825983080
-2.340389165012473
-1.485772928295857
-1.160609646225700
-1.192251729668477
-0.470399270703697
-1.278699556312763
-1.578235874033751
-1.159515530931469
-2.121372879102622
-1.170236706861018
-0.884218820994680
-0.699916322364346
0.164437910633622
-0.479463716481828
-0.456028278445382
-1.440380956702364
-2.315184112028101
-2.467256182465406
-1.357808909720333
-1.802689079964652
-0.554231588381293
-0.970557954997786
-2.205986077829234
-2.204741287986968
-2.017504074538907
-1.795205691415207
-2.734281115963048
-1.714006794829541
-1.996336865473706
-1.150922994593694
-1.199727588414551
-1.595307243032442
-1.040364181315623
-1.167352219894257
-0.810725429641094
0.309500764403300
1.289985629141756
0.468608243634711
0.997629706452157
-0.370179994402022
-0.988530079009184
0.237817784553464
0.599839334986373
0.886745488889619
0.796107919517680
1.203990505017009
0.253897923511001
1.119118778661290
0.836028498154795
0.694944543853823
1.276573353139925
1.219482139715554
-0.229670148221589
0.663168345208759
1.265738935774163
0.986469613219626
0.548794467123198
1.421527715296091
1.098171561144803
-0.113807132931200
0.552242946156778
-0.937923169127171
-1.110189070804030
-1.374639427577670
-1.969886134034078
-1.650926463522885
-1.200264130032611
-0.501378886149118
-0.253328705311050
0.613791420636693
0.529180976672926
0.590760502813225
0.592404348018919
0.518832632941044
1.277382815893229
0.680533224420045
0.396104387208875
0.259355786686543
0.599738556392170
1.663332246137698
0.553554686701689
-0.068836742958830
-0.036190812485606
-0.447993452771942
0.196200547993525
-0.289345578061529
-0.252846021208443
-0.978496000436619
-0.898918305792624
-0.933545528021383
-0.710723499847642
-0.432827146003898
-0.696021476930699
-1.873711342944002
-0.952750522139047
-1.952112445716985
-1.384411510478890
-1.394689705644590
-1.301965132586756
-1.350109618392613
-1.640831655012715
-2.095884570651395
-1.653208593548029
-1.015186211857420
-0.678401078567701
-1.791884150360992
-1.491640046008282
-0.661065494940699
-1.426719628974689
-1.064755158427959
-0.775874739509122
-1.529050873872563
-0.489219873717487
-0.075117559030677
-1.298423222766329
-1.915896298899971
-2.057759671852879
-1.371968690692362
-1.762540424180209
-1.554197782589293
-1.430991116104152
-1.106736076006952
-1.135661361879734
-1.800906690400945
-1.020122413170855
-0.683840870305153
-1.419474207870334
-1.111134050714875
-1.496835114599064
-0.887545576667691
-0.336948154613197
-0.844146929898281
-1.967801190387117
-1.969140567399751
-0.517759504418754
-0.288346036808978
0.025744609440929
-0.131110749359148
-0.497826741481810
-0.002970911712011
0.220044535032581
0.781257182598395
1.109745303342337
1.059527775297201
0.891551385768572
1.187845660038626
0.980402184535961
-0.412870896483911
-0.067854729335143
0.355263984455694
0.435550328801766
0.709463951228696
0.727828502549462
0.028429626479060
0.459131947494207
0.583808491979412
0.605158536393029
0.237832125315823
0.274759619782537
0.781422338432447
0.396480072161096
-0.926689055724931
-1.391549100650396
-1.507446164545268
-0.829408317109214
-1.277401031966910
0.129847301041449
-0.203096410785144
0.196680748203935
1.321092802161980
0.227613099514096
1.053561589587742
0.050343474710694
0.441355202986110
1.424989038044632
1.165773712334992
0.479749700027719
0.293472949263884
1.029861031921812
0.954598323186664
0.014738928293052
-0.184305267474354
-0.498178756495077
-0.047679496633707
0.542471907547251
-0.326894561440542
-0.811009329424335
-0.475119168092897
-0.819637950362431
-1.437394380338533
-1.257239944954771
-1.474868096322174
-1.348756696764246
-1.532201178465352
-1.139955782434455
-1.491733185756456
-1.241210086611676
-1.549308657093920
-1.279165576006256
-0.846534925523307
-1.241265129146068
-0.375352571485516
-0.744322006321254
-1.753895035926862
-1.986038702366039
-1.498122642851494
-1.359683371938191
-1.088648073458458
-1.249707233695247
-1.616034071260836
-1.894282540138797
-1.031166983296000
-1.330502780609279
0.122267497527899
-1.870582760147792
-2.392543369198058
-1.634091636754643
-0.980842671694170
-2.204929284992977
-2.427515502587505
-1.934451853435165
-1.507266558516775
-2.092712079504615
-3.038196054307268
-1.943101978877828
-1.005654998857293
-0.656602930672170
0.108464076429311
-0.522893501707534
-1.156264147079185
-1.164009496090591
-1.804729078255925
-1.155993842668770
-0.586733341559097
-0.558020004216054
-0.303879854727487
-0.757031550500652
-0.598460353839969
-0.568482665288405
-0.757273302549157
0.099607005081635
0.922407046970992
1.466644468202348
1.753046491329281
1.263321219010688
1.453008040380559
0.845667457923469
-0.228122454995776
-0.124585956583802
0.175306037074978
1.105834652671508
-0.303280793232288
-0.455594541058863
-0.799683552501569
-0.158537607841175
-0.072086290175614
0.015474006371248
0.959088937737410
0.667291848342900
0.270988603318483
-0.220407749319841
-0.824978653977410
-1.525273216749680
-0.836734295880115
-0.515087226432317
-0.248457356280728
0.100604868167339
0.443390672528711
1.369015840699349
0.923406022042411
0.283783503760819
1.116050067187111
0.829371759557365
0.895424305854874
1.774045250606404
1.524935030222975
1.269957192306117
0.344062334326779
0.235963380193871
-0.037528246994091
-0.654400013653481
-0.672158889898413
0.160038193178676
-0.534357952959941
-1.020356852995040
-1.416590201693270
-0.896328638278281
-0.193730462332588
-0.720805855756014
-0.325128564314462
-1.725998642052340
-1.885130264491426
-1.073558438932299
-1.044031482056993
-0.249162782789270
-0.757351035063104
-1.879935706025287
-1.503761775444527
-1.292475123828218
-1.361877524937393
-1.489602867540530
-1.209425625070236
-1.235767335327511
-0.418477034686508
-0.274292169402634
-1.100793917403526
-1.059237231325321
-0.355174380198231
-0.523261263971890
-1.878761337147739
-1.677723794485696
-2.231492879303876
-1.463579079763125
-0.412754050262385
-0.898931499750267
-2.686065929152293
-2.884327611824777
-2.677667352360613
-2.241442068891838
-2.089219460486733
-2.056918237572558
-2.264068921120190
-1.731165025906556
-2.058803495411448
-1.706490310701751
-0.953550416314019
-0.768363015568966
-0.758704147865455
-0.777697383351877
-1.677333836754819
-1.608473447606739
-1.466079744789317
-0.578613868901259
-0.720949317551821
-0.086997899169161
-0.630969603463179
-0.056556333661625
-1.433486231152330
-1.875174308265917
-0.641469358051511
1.237525295013322
1.578058394686219
1.410748717343744
0.869031953611151
1.322136236220965
0.894855041164689
0.148870251868130
-0.435605567640807
-0.458674420841050
0.082326349941303
-0.558175443514698
-0.280864163117949
-0.296548958019694
0.321533746339062
0.228468102113486
0.125139433707971
0.756681173572716
1.569843746095032
0.426400487527860
-0.178829481159356
-0.180145463052073
-0.552384159329177
-0.305446968060553
-0.857819939144725
-0.019038877199669
0.930846020030772
-0.321100327790677
0.642365256516777
1.062783573289141
1.187887363171723
0.741038811666322
0.627894987851023
0.053122989933560
0.593318274524665
1.431342120147461
0.824074274395765
1.114964911515661
0.106647977359591
0.154343114478501
0.116838703218558
0.439101556127335
-0.189482382547603
-0.328344359295947
-0.297957887235685
-0.613250722546195
-0.880300988751320
-0.387873749847918
-0.100895277342577
-0.567357642907547
-0.296858209081046
-1.246107966581775
-1.693145812676316
-0.672959603268282
-0.558474208090408
-0.412353665797467
-0.944572637023382
-2.191715373814596
-1.600543042163194
-2.108606382754689
-2.030801295336166
-1.632982300978223
-1.828378495568120
-1.795338461118021
-0.735008367760771
-0.614869587830216
-0.854760626164600
-1.329313791675587
-0.322702778337253
-0.162447180879607
-1.208924398745046
-0.252607526091799
-1.862706013707946
-1.783234493237389
-0.799842657486079
-0.439636202642714
-2.545241804128903
-2.395716725381853
-1.681067137143498
-2.340410844718519
-1.614480251434171
-1.820551423422224
-2.192015678185026
-2.095914268227074
-1.978853166074616
-1.200296697718108
-1.527053287296539
-2.345009607259663
-1.187045287251985
-0.810441892357849
-1.717160670210160
-1.360289317700971
-0.937496578289896
-0.687732778117618
-0.588869985665984
-0.390286125277113
-0.149475115452698
-0.083026255906733
0.419281383957293
-1.165638642407520
-0.362551453394617
0.378184455776716
0.851532183931976
1.015160360926506
1.087105384588278
1.288635032271202
0.540439888850659
0.075280996662171
-0.668452092877149
-1.263137576451186
-0.870159136463958
-0.633232094564039
-0.148718076819414
0.287550738658364
-0.134632436817192
0.358821698574910
0.911008976801502
1.456721837583939
1.329529107221940
0.462408343231259
-0.066767171918198
-0.144703886348015
-1.002835942200167
-0.320078848993070
-0.374033940280822
-0.434802793110709
0.074808756981465
0.094812788300302
1.077393134842832
0.517910732751636
0.605932797634803
0.491624378517311
-0.498488868188499
-0.150725559311161
1.612871974572258
-0.131124030396255
0.070829873679821
-0.464277223865065
-0.550769971370202
-0.498992640141340
-0.533832610053451
0.016995306901845
0.383744089257616
0.240441627838980
-0.511921460344480
-0.830705823747910
-0.764365862433764
-0.389377149976251
-0.284701137654185
-0.138474737929740
-0.498890885245084
-0.642544192891212
-1.257078929323118
-0.774597829949895
-1.493626284413414
-0.790150849345681
-1.612939945467279
-1.697912102165168
-2.029951029153033
-2.589382954908621
-2.039780276592494
-1.316129678742678
-1.257245080547241
-1.568383476943726
-1.183791289560086
-1.009418912720922
-0.871728429779054
-1.416294689310422
-1.180023018996095
0.471071340884992
-0.326782342094081
-0.649221467764676
-1.283095447473150
-0.472090044265202
-1.075450128495068
-1.567644739380461
-2.400672782051647
-1.994980199771967
-2.232692618508865
-2.286397214793795
-1.586668613093008
-1.180284682306093
-1.155434664345982
-0.925744082987691
-1.253455745832363
-1.430467900564342
-1.352117618759902
-0.247782979268096
-0.025467516002536
0.150536869493801
-0.958120738323774
-1.330096468946550
-1.420595525944832
-0.582352385542870
-0.081701853577306
-0.007110505804302
0.180721628723139
-0.857749407493889
-0.396092078724816
-1.134274237038824
-0.573471188678189
0.034570310805117
0.611124583950356
0.847483228239561
1.781935854378060
2.099283002945862
1.262544589920060
0.627335412088897
-0.475904301069752
0.127603780245300
0.042714510130228
0.369932066959205
-0.496801135344339
-0.199176811403476
-0.355455187636250
0.297001092931024
1.004978074248277
0.995023427885036
0.218122323424197
-0.935780927553898
-1.016556146129161
-0.052031904467047
-0.570526562106002
-0.118222321831906
-0.598002640687884
-0.691851285354747
-0.222497656155773
-0.601848327986474
-0.093477720950246
0.449555284924728
0.386124657075893
-0.441263612386835
-0.832635189346894
-0.989427387744933
0.515346441190273
-0.739846417553405
-0.284611271661414
-0.880680423102645
-1.081354298442833
-1.047830406894226
-1.040788310995923
-0.592801786115440
-0.022201774601034
-0.445850022626319
-1.006777125831035
-1.256690619983549
-0.539502887971326
-0.516049736594948
-0.331737465392431
-0.731642373970993
-1.459914323324420
0.551737867587685
-0.553781022783980
-0.152628694954904
-0.365394636769278
-0.290910134374420
-0.980730033703045
-0.474571473170372
-1.586992352418143
-2.477464515807340
-2.457529041280790
-0.917648940615207
-1.684240654820754
-0.807947437178743
-0.709147611459528
-0.929549344298216
-1.244980424518245
-1.145266735302769
-0.907302050906530
-0.134094409762466
-0.293734933449681
-1.169499756820388
-1.888928243973508
-1.156053095687665
-0.729720444426304
-0.550395987783785
-1.538271879160103
-0.875656230946916
-1.733433699149591
-2.318856428022882
-0.757967315911450
-0.405063773358907
-0.928206179087178
-0.033700133459639
-0.723492009387759
-1.203049340296865
-0.276865881385231
-0.398114068201746
0.356953339177911
-0.119834350320167
-0.531569636179180
-0.656881336952446
-1.351335242932522
-1.094040402105003
0.799257394230644
0.726568434845053
-0.245328879796972
-0.023542613622558
-0.165579781771168
-0.800129584067547
-0.422868326578734
0.374082130622486
-0.470326052120650
0.280899997820298
1.017293297560778
1.340632233874781
1.827334482641721
1.104654255975136
0.351507146523376
0.208177566055133
-0.382783525670722
-0.874039414493264
0.018538656004561
0.282549992290044
0.389464206929356
-0.567241409435647
0.194991599603060
0.832904383288495
0.085776344872979
-1.443646009838368
-0.283287385215901
-0.168958407556298
-0.425293401237849
-0.210410198007708
-0.455566485077456
-0.677429450408541
0.051513182769710
-0.487652867400567
0.156453728408157
0.444837663954396
-0.146733696110252
-0.703327894379465
-0.703905381514907
-0.322263378220011
0.128891955426809
-1.298474031494562
-0.127191145454381
-0.483412429282153
-0.637044771150344
-0.242368388606668
-0.583897613338974
-0.897732708920616
0.511487353930311
-0.334106806544810
-0.168743424621141
0.030137340297294
-1.097701506764917
-0.748012693106299
-0.909622397394082
-1.406623852057452
-1.062214952621642
0.012572705295556
0.192358932609191
-0.446317297991212
-0.068548980042989
0.197677085028419
0.770914127767073
-0.285050546134388
-1.200950415603663
-1.357292388554921
-1.385942357916328
-1.123566276196501
-2.166473141233014
-1.129511720325038
-0.845293055335659
-0.990450250298399
-1.723611911170911
-1.130267111824364
-0.669228426867918
-0.141859001396244
-0.910626235064784
-1.351364706130099
-1.283514460143251
-0.851784691115346
-0.064289157032665
-1.111755377785308
-0.597633956031070
-0.164959594354870
-0.595177180309074
-1.093954524224889
-0.671562248051431
0.331670614818266
-0.596952181492233
-1.319125666369855
-1.641345047369861
-0.966633635812867
-0.510767894598169
-0.241492998623957
-0.470347908434211
-0.861413825268715
-0.902940443808652
-0.926950863773806
-1.054127542175312
-0.847365444348703
0.146661370292930
0.265681883102861
-0.913557360924385
-1.067703827539751
-0.859052087336319
-0.881306410683966
-0.787104225575194
-0.319487999983780
0.446975352239930
0.493923593457304
-0.078658258956421
0.663961593903295
1.483898293172132
0.764374508892958
0.438677087527537
0.165451317275334
-0.547402211382300
-0.911810314187670
-0.201961776114175
-0.007632501690454
0.072296734555058
0.268025898073153
-0.636866172489328
-0.137170443154198
0.071769303061115
0.533129694622667
-0.171011002068822
0.736363254345508
-0.328733736213408
-0.740042296141228
-0.983370579712530
-0.420939650440982
0.341672695254931
0.591102688906318
0.144657431506001
0.419704861089698
0.486883500833523
-0.247710219574247
-0.209014493595724
-0.282953016342290
-0.480990167159977
-0.769207953316168
-0.360614077500031
0.004233158761709
-0.437524850675717
0.535893245931929
0.291886530643372
0.023675779028985
0.160922801270077
1.229441839255432
0.867102985837614
0.576860515933077
-1.462491807911948
-0.540805231904392
-1.004803712481133
-1.046777115048700
-0.145646544371636
-0.360730765050454
-0.103392795492502
-0.069494639502082
0.036075465281057
0.470179309782647
0.043615972205812
-0.426170162358326
0.286545567827850
-0.011651038562111
-1.317546624760966
-1.550131484598470
-0.652401006236041
-0.073789235141779
-1.103068680045679
-1.408434294769567
-1.472595897711269
-0.464606951127085
-1.215867730974862
-0.746376932395127
-1.624730296123725
-1.070168157849008
-1.004052741713140
-0.322849165419968
-0.487774803439619
-0.578926984077931
-0.717807097071431
-1.204790897911919
-0.493913678823866
-1.025867554952490
-0.409609496892546
0.077311084292445
-1.129204565133449
-0.946958666760454
-0.707808368580294
-0.390263651574956
-0.193502279245847
-0.781494340259053
-1.104368665716515
-1.074933231305746
-0.432184592416326
-1.304647339286502
-0.604866829651902
-0.285283373559238
0.132696446209385
-0.527258538349605
0.495944475799070
-1.089626478757752
-0.373246901779306
0.441970519552415
0.544490845342283
0.036767065796661
0.413461928932433
-0.198662114482077
-0.263324127802284
0.794420876694129
0.448103019836884
0.299235541160566
0.858138834767425
-0.202653519762895
-0.059708797102497
-0.440173403006073
-0.268412003436568
0.982047950151437
1.164381246691667
0.373248474241023
0.012375221376531
0.363808729346945
0.064464594218581
0.617211161600308
0.982995280346802
0.844152426849945
-0.131609018750003
-0.234991515707672
-0.423736788166190
-0.113610721241784
0.127327990775857
0.705115197760463
0.203156610935564
-0.337779503367878
-0.184663621308914
-0.315130251824630
0.437582934369548
-0.124952767263955
-0.437483802481147
0.549763962151670
0.275814034015162
0.888153327261601
1.595574776256783
0.098922040545955
0.470341049762915
0.559272790323869
0.906679713730072
1.811463296654452
1.916879997951157
0.768005133070360
-0.797149988793165
-0.457319439438312
-0.664772837330766
0.092987327805057
0.019298773765916
-0.429266219422382
-1.113851145959537
0.547726100459594
0.158809455871757
-0.781669274443780
-0.766565733162934
-0.632560901547758
0.112393131772181
-0.478783537737475
-1.009081673031121
-1.065076809468423
-0.553917744977660
-0.378370586173002
-1.053542210405605
-1.554991888149793
-1.194390847157679
-0.537283997798435
-0.711022310301742
-1.871663698975710
-1.271427121799374
-1.512977655593224
-2.224284729068213
-0.584970860727038
-0.995395661505621
-0.872372614654968
-1.474136773358406
-2.190008210439963
-1.219534009170242
-0.923236984829874
-0.959342728600405
-1.093929000389598
-0.141209895373970
0.190899302871710
-0.112370260214108
-1.240080539386662
-0.739875700949081
-0.454372931041159
-0.858090767347392
-0.147622665871281
-0.538539317491620
-0.866329081429896
-0.561070244429155
0.169382242241958
-0.983998005339016
-1.104463805154787
-0.672500218209017
-0.611985124995401
-0.911889821706248
-0.997672864798474
0.554403426951899
-0.117135590637253
1.516761785925850
1.024921108179797
-0.000975198393990
0.059416753890258
0.578157990248269
-0.271683653731003
0.634457481244563
0.279760487432426
0.313159941832021
-0.021273691274195
0.360830981170858
0.789842185298928
1.408845578777342
1.357803291425505
0.263146032329477
1.166959367971333
0.065954806603943
0.806627002875271
0.726774131364239
0.365611659300505
0.138542676896305
-0.580156042918532
0.300139303039130
0.410689716381234
0.533211259732551
1.175674868425368
1.607839207768756
0.475379307772907
-0.839156988385292
-0.421711025887826
0.060754406944736
0.409950615501478
0.129642869460886
0.510764207787724
0.260912225199609
0.567284850523097
0.756984658803027
-0.142854534962333
0.447195194305398
1.091414411566244
1.290776330512524
1.161968200067101
2.558387883703795
0.273872744682319
0.530769779410170
0.420068329950806
-0.345676162829015
0.807019552947941
0.838894117583875
-0.193474053519862
-0.083500500042159
-0.819373716196371
0.006912616039528
-0.386472587257875
-0.521058341376814
-0.371234941973245
-1.019921820673949
-0.246698929165178
-0.157693454459334
-0.562299118981467
0.005615408433058
-1.010110374777202
-1.179476792584344
-1.055629594077264
-0.454966198564807
-0.376359590983796
-1.279478456003004
-2.270945081621995
-1.485102373289854
-1.936644332587368
-2.387796460540056
-1.290416791608570
-0.887842340686886
-0.939205357716082
-0.882295987328394
-0.817575942953584
-1.217621394019128
-1.027970912002954
-2.081985665957048
-0.860526054670890
-0.773529538195922
-1.162944404099681
-0.722298100953721
-1.538266061376960
-1.238619974946237
-0.635975237403188
-0.860538869861705
-0.455857102555628
-1.292587202804980
-1.372551776885427
-0.357027757849679
0.273463307309938
-0.591720971390270
-0.653403115328717
-0.332187151810740
-1.010606490681410
-0.611795360455769
-0.280152018076285
-0.230725011388037
0.697467679740009
1.228751051900696
0.449668675394196
-0.300917740203772
0.490382066720886
0.219474261264507
-0.089363633456308
-0.348285027891304
-0.617227027754465
-0.203234933158772
0.000084463578140
0.162965946274334
1.680810131992665
1.436087201381253
1.050287919912038
1.165263371550612
1.421474969908595
1.654526986726629
1.353497330747240
0.398160889761581
0.609577070801191
0.324945902254259
-0.124451487147258
0.881230996396761
1.200870821472800
1.378956617198473
0.587799299871954
0.801152292635723
0.488827141182226
0.527472131733624
1.122246417641131
0.569066690129855
-0.084093560661362
-0.494713185875704
0.172053131315963
1.144146466576737
0.395614477669344
0.159658222963512
0.332860355082021
0.454785774551391
1.105662861531342
1.604739209077616
1.849140855734762
0.606016300093178
0.737224149789729
0.162902792957213
0.070207093900169
-0.569552242569651
0.807192655946146
0.029574360574547
-0.058279564660205
0.838577605390144
-0.484673036378191
0.308373974809513
0.364667946673726
-0.955981549759438
-1.079726453878453
-1.242074659507623
-0.738241116419882
0.078456716915057
-0.438378693213297
-0.459013178890051
-0.765275673261545
-1.650865014519510
-1.757640650504295
-0.858295531317788
0.194732312089331
-0.668206501135377
-0.701578959690230
-1.587246789714813
-1.304040772700893
-2.279867265379575
-2.216851584624851
-2.010677719425037
-1.726836421860570
-0.840547848813646
-0.080274263196656
-0.849013915970080
-0.947224922627323
-0.785006836323332
-1.388010667167533
-1.507359985307410
-1.433740945969930
-1.077659730198522
-2.007719045510043
-1.035560498252573
-1.514765655135767
-0.909202574300748
-1.239714015723769
-1.863426471530509
-0.697226608490642
-0.682455025183637
0.750582524961668
0.145767768976001
0.137704280588029
-1.293307362647499
-0.978456270899863
-0.277505928452078
-0.111103452385044
-1.058127515854067
0.358439255571597
1.252234998373751
0.681033645486757
0.759197619283725
0.546044933785072
0.468360224189448
-0.016441923415386
0.048594020141611
-0.718537387711205
-0.174727506654520
0.239630825155160
0.474752313704862
1.192618428071488
1.197897325884681
0.661396279040414
0.969822460320862
1.102672949310332
1.252710822908630
2.070534525669730
1.292542333954197
0.830216942965629
0.550572373145709
0.774983665404922
0.150845167735507
0.762439995226561
1.693486552961090
0.484807855033771
0.251150436730161
0.632305964946048
0.236965681000033
0.467361490380737
0.323378728454828
0.211886211930109
0.394997979186786
0.341681533165696
0.863109424508058
0.176846729976718
0.685739353781387
-0.202970435308672
0.333903347673814
-0.883072771267101
0.920006429352415
1.307569834960878
1.078512226631668
0.680302762402252
-0.135348442039378
-0.566269109927709
0.064704676503156
-0.611895503189695
-0.135999014934226
-0.370030037227227
-0.121461008857854
0.201712198509650
0.056321649786443
0.673140373257107
-0.003401063438519
-0.660584367697923
-0.931310758927506
-1.335612042310979
-0.280761988753063
-0.519446724478894
-0.392302712031192
-0.714046756219361
-1.119871992179241
-0.567560107069166
0.079941737922723
0.730820113156609
-0.920658476087752
-1.254159536939544
-1.285199191001186
-2.113351197714573
-1.236862467109165
-1.590291640275062
-1.847531452522031
-1.812396110483138
-0.935795950168684
-0.704049620416543
-0.047763373438851
-0.578813501855159
-1.078486199293122
-0.791988747580473
-0.646479052282993
0.048400059944531
-0.622213437391309
-1.820871003950918
-1.014382173156207
-1.890166947339182
-2.689798468300170
-2.360926106481293
-1.897604076577614
-1.318024773850533
-1.087687290956963
-0.370201006965340
-0.602515181665727
-1.430579840880726
-1.597890008845568
-0.785617545276554
-1.032926936072629
-1.083007165685290
-0.200197185400977
0.478894667482268
0.997667788797676
0.443725761891143
0.971583480865767
0.793716992079554
0.333706514388035
-0.397586010935265
-0.493258155471247
0.076129262538691
-0.225124414111693
-0.205444858075386
0.081091287181293
0.452486725885333
0.668884271713906
1.030335702015389
1.242074308705684
0.370623024018452
0.685461205346646
0.452451067240513
0.740584882703204
0.580855447588187
0.644462767936166
0.126850975752752
-0.244468478560871
0.706476384196222
0.530907258181897
-0.028249026647248
0.703379580693763
0.332353116350914
0.459817559359071
0.663186318966976
0.536630506159523
0.034345637189581
0.441367183768721
1.649912653375819
1.418712007967068
0.077816484268782
-0.323754587982601
0.636369051076877
0.311904348032061
-0.012281946880711
1.088285946133717
1.119567634248686
0.841214519317771
0.448161057825614
0.131139854892798
0.067692109295958
-0.338299058141165
-1.555225619498754
-0.337915208653275
0.170461408665807
-0.376153198597462
0.316905100515159
0.121854552616635
0.639854179917562
0.138978511623809
-0.124157851721434
-1.330769731847362
-2.119230362790044
-0.771900250985307
-0.271170841124041
-1.749235893892579
-1.733580538922223
-1.431318173750047
-0.897620098946944
-0.248230597575533
0.270256417160129
-0.585396754438817
-1.084469127538398
-1.301616528373763
-1.551938412401614
-2.003837744161080
-0.675522631148461
-0.949253465759007
-1.327703193597390
-0.994173174497772
-0.489669860701182
-0.015463477574567
-0.973586381074719
-0.396266792530060
-0.789209718382944
-1.062633391175782
-0.359094654296495
-0.275262929567357
-0.489426316023131
-1.930732914610471
-2.158009342835732
-2.053052644290638
-1.486595498914417
-0.628744208875543
-0.045033490866343
-0.489476530426299
0.126892319860682
-0.981665600825253
-0.909186667410080
-1.519358532360243
-1.192850231687246
-1.150777727792431
-1.097686258163402
-0.369022568657301
-0.184866102296523
-0.004738383036199
0.541253104431372
-0.172237239244500
0.585910736913541
-0.506910072646365
-2.328850350910314
-0.746830576025517
-0.976219822897767
-0.717653691989297
-1.049701499528328
-0.185452687997382
0.215981470465600
-0.169505652437515
0.870566470129716
1.695945096760892
0.745525481186800
0.382242693140287
1.389916626635483
0.128635065421446
0.065217216856174
0.160389590019112
0.296658124620833
-0.277344690041491
0.339533474727202
0.111629147918973
0.396720199891813
0.445630629230079
-1.128568472024280
-0.059718845589633
0.930295398847439
-0.201121189619716
0.400193143610326
0.412007028516156
1.270896290461974
0.445557744506221
-0.409571341385816
-0.033639923957471
-0.413133173698955
-1.022110457013867
-0.631946429447416
0.535262963434490
0.469491393485696
-0.435783477032780
-0.870786071221243
-0.762021728978770
-0.286235672503943
0.254680243782639
-0.367905098438781
0.192662395733880
-0.110405093481230
0.004493137476107
-0.167374238262011
0.519834409340351
-0.399079598098306
-0.907297607275005
-0.643596121088682
-1.352747600112679
-0.534422732127728
-0.923843886158324
-0.993060972171585
-0.978049091019744
-0.871684925300636
0.024755945696305
-1.047837767623886
-0.216570273323981
-1.041031843761832
-1.274476101233061
-1.640846398865438
-1.801492989690739
-1.151318980226103
-1.492266564506666
-0.746592350620824
-0.736533890339838
-0.679805808972610
-0.576105239015121
-0.180975049506848
0.561166566744185
0.626811449797296
0.348143329609575
-0.157053132662288
-0.634526780454740
-0.353207807009874
-0.378909236076620
-0.445433405236739
-1.416569160681927
-1.315771487276008
-0.765564576583709
-0.596716837457627
-0.465692273039728
0.082405020837293
-0.220359376407418
0.442654316433850
0.816470352111848
0.356086854390188
-0.251450418712313
-0.946939601993723
-0.044952972359812
-0.178274519396467
0.515176248174732
0.142165407961582
-0.093804597602456
0.574553434955487
0.340806036339605
0.653753586032436
-1.029094317212258
-1.439996601347914
-1.940766425924717
-1.208282656882040
-0.910637552411562
-0.786388686247629
-0.153035334595600
-0.178180843424146
0.432444172576913
0.604483424633607
0.753995995021143
0.442395645028869
0.271204453377555
0.360560117927632
-0.457327759519147
-0.318020909492226
0.427577510336935
0.381992782145807
0.124472331243906
0.452608677039037
0.891983725004053
0.836623915091745
0.104558732461561
-0.784525723729226
-0.244461161741572
0.546295165337624
0.400789317952163
0.587031812352222
0.329871684137925
-0.329416098604482
-0.405384104979175
-0.095713431505734
-0.289003013879644
-0.477577875192207
-0.032703381330354
0.204010348537532
0.626799001168131
-0.425095595681850
-0.996281371912583
-0.298320215930792
0.422770281327291
0.720730959226811
0.384594234773927
0.797771785903747
0.216061913408168
-0.853068836258967
-0.419880907022770
-0.370335573916599
-0.099749010156856
0.311448567199833
-0.626993189123303
-1.126169538713026
-1.321538352506727
-0.225991310540360
0.759940397214278
-0.298014486266225
0.922164887114172
0.434572979536053
0.385765629300437
-0.066492746513566
-1.113172140239181
-1.644181015599633
-1.514830401951847
-1.665795847406009
-2.199890108235150
-0.820479505093223
-1.674265018883141
-1.672302311946428
-0.280117909327264
-0.686297861183115
-0.861802113977972
0.530868374529955
0.129784128658451
-0.749312983671151
-0.208136252845077
-0.626598982015736
-1.174398119491526
-0.693464550525296
-0.207658393554956
-0.983440551826508
-1.366871977788227
-0.544173910537167
-0.251545950038802
-0.570214146303837
-0.170686913808851
-0.000287497550564
-0.836842543745104
-0.398390200478531
-0.169178709594166
0.016466522783553
-1.211702617884401
-0.642073903742221
-0.683731502536245
0.257163795319891
0.962947500362890
0.869465682991101
-0.042657800973451
-1.249154219182821
-0.429112412633392
0.273899864212358
-0.347862627895826
-0.488784403248776
-1.103087646769377
-1.621876228619931
-0.868952159875288
-0.440340102536119
-0.133481860895619
0.646101434412484
0.729564529164026
-0.274375044164523
0.825185684239909
0.569846324122641
0.110994994235522
0.039480537621436
0.528654711054521
0.766599061320699
0.356850828420059
-0.282550569325960
0.495893191359080
0.946116358687307
0.395866363788437
0.555098275366928
-0.125983053537413
0.315212497319394
0.987689148180580
0.571766168148851
0.502259809910721
0.781269445360736
0.505494296248007
-0.096588461420600
1.044150666049163
0.602249646423768
-0.231943076650597
-0.313030679848654
0.137599267318993
0.633623008192878
1.550398287343071
-0.395363328588909
-0.248967674383640
-0.224583200143774
0.299260152947447
-0.511102643919510
-0.394748943631235
-0.851507616787166
-1.338022502823200
-0.589037109674637
-1.202238279815257
-1.247225177734182
-0.036299108765043
0.986050206337991
0.521758979970057
0.351109062332448
-0.161568617825668
0.131130063921175
-0.148319523282551
0.688050986192939
0.540308458966869
0.198033528666962
0.442616982000996
-0.271879603940619
-0.073152648395999
-0.557437681529100
-0.587990235218024
-1.703717868468313
-1.535436995973826
-1.205518725305255
-1.672474353908745
-1.740825230160489
-0.339545479485686
-0.086929534426319
-1.459488715401781
0.607349448026423
0.194634397395118
0.077301208001144
-0.430607174133011
-0.350637482321668
-1.400039028500600
-1.261971400547824
0.128255776678985
-0.677187216338120
-0.735798691123964
-1.153971295470081
-1.285451986219410
-0.097201198123798
0.823307680792320
0.164282519085304
0.580521018803890
-0.144524645273528
-0.229262080115622
0.040239416433842
-0.230140827882746
-0.236016218043732
0.267722901343769
0.876450269185571
1.131036154028612
-0.493296465949205
-0.470514013355842
-0.509404000854919
-0.814172221787253
-0.459048259272982
-0.954356899969135
-0.857494178382940
-1.068003543485013
-0.421987729273204
-0.396614275307486
-1.141864999975640
-0.579330794469823
0.473410339954979
0.236907924565134
0.139690219415084
-0.011617085354850
0.239464604510378
-0.135096557282572
0.492810540711805
0.809795903094976
1.662785009255257
1.629296971422707
1.316729812541572
1.930411257738301
2.066648999201826
1.527322626212398
-0.299894715842220
0.466032255748702
-0.011942893998686
0.632922929221850
0.947445305256760
0.176480158501081
0.126611437714465
0.551732933791427
0.960006034716909
1.279920855488917
0.577838738258803
1.148199548566111
1.871963360227184
1.087139250916801
1.054361509764458
1.560245533177174
-0.236615874907147
-1.173326964114867
-0.276923803180799
-0.183889249321499
-0.523303503861094
-0.236822479261936
-0.555143784645891
-1.160010427429469
-1.504455994202931
-0.900950547567064
-0.719062130830456
-0.280949396132701
1.008159039600646
0.810448866873675
1.111623725195901
0.900906683183022
0.752027581419440
-0.823941719550714
-0.271324838205679
-0.431585677340034
0.210077962490300
0.738877452207130
0.133627850900773
0.654996784308748
-0.334364224319665
-0.968469813250704
-0.955783242195099
-1.877763164319165
-1.521355187295278
-1.280028289551059
-1.118231504624954
-0.008457111961015
0.040279138169824
-0.773602829490655
-0.987020085591493
-0.198710564320760
0.609293612189709
0.595435549638793
0.213702062019714
-0.974312452874430
-0.807464041207521
-0.474904611372733
-0.894475172208697
-1.292999772144458
-0.479523802074726
-0.207406877752881
-0.489928629174874
-0.445327988522571
0.189329233828716
0.190873722540410
-0.350917147974732
0.414455176512785
0.280194159351970
0.051208818989257
-0.422383651803647
1.072827604075735
0.894125551900450
1.150718846242179
-0.359562336105376
0.091217297892851
0.602725916057630
-0.858792797091285
-0.991659670933809
-0.130132947306936
-0.147388143594546
-0.730922920824110
-0.353615003650641
-0.597167210843799
-0.953633088307721
-0.637409415677882
-0.163748606922945
0.403332429718538
0.240945719323474
-0.563051855004596
0.350584522258910
0.407399919271821
0.562095986616402
0.208863659278798
1.869084120814632
2.422607616076910
1.746429518384422
1.228805175392292
1.387427138678672
1.082614188239822
0.372333245594937
0.038333011376070
0.145993154301685
0.437295685952211
0.561935575661477
-0.208159492976476
-0.154965514878495
-0.068490087229225
0.750871227368087
1.200242978693281
1.897182571970614
1.677025538443276
1.025237345885002
1.322138298850186
1.697096801214347
1.382927543345133
0.490543210005452
-0.149945316913710
-0.079402264824119
0.570252631668635
-0.149344678590641
0.565811021280061
-0.394087333871681
-0.453275571576765
-1.335877034547292
-1.037122396471500
-0.710651855952602
-1.267944873390592
-0.420199488029907
0.329723009194893
1.213845289403689
1.203953879039678
0.252646818267740
-0.342527290664222
-0.004116729444728
-0.046434187184443
0.154871496627624
0.339175547393006
-0.533182986277522
0.411772788637540
0.186747526199908
-0.267171352790321
-1.068217776383040
-1.398506727497553
-1.815634324909372
-1.306018640638453
-0.931411460731372
-1.170803361202707
-0.082073726745608
-0.387611070182047
-1.200268543072710
-0.245000668016351
-0.082510633117852
-0.006867436472292
-0.086352087496084
-1.261201737034516
-1.641476457258690
-1.542786125865605
-1.643518290251828
-1.568580648666121
-1.142635278613811
-0.071587960754681
-0.052076339515563
0.016658575093321
-0.629274179920595
0.088198846147835
-0.417914328751106
-0.919405445421775
-0.025255300514006
-0.078482807560135
0.327271645936874
0.387619390085235
0.170545160044255
-0.667609268459296
-0.051278555354927
-0.457258566081369
-0.441630160517609
-0.162944233731329
-1.136544840070801
-1.437240533794680
-0.661708583225753
-1.078707879347613
-1.450629525285388
-1.678613170563767
-1.618670532781152
-1.584055384212292
-0.489747886477458
0.372296509077346
0.831858439600636
0.596775703979704
0.030616901972491
0.032807006198560
1.054606923579267
1.064797783227970
0.676434677092419
1.052224039637182
1.355768108734023
1.122528145658269
0.131923061257123
1.402727777264848
1.159303058286470
0.148758517797417
0.493464169680872
0.769794170046550
-0.260566051137400
-0.109416272422773
0.309228259624706
-0.010714074838766
1.263765018412893
1.940023219286045
2.085794241660558
1.301657415387900
1.963903859909811
1.948707732199520
2.306726132044925
2.362382436877314
0.600053304046194
-0.218745200537409
0.391169973742077
0.662187406843950
0.249033407544461
0.559465490482947
0.299056835277051
-0.357002597683107
-0.498644382638296
-0.456313667639127
-0.875701354084464
-1.908195132869227
-1.190294266285768
-0.340679956799353
0.593833904159910
0.855154803951694
-1.583901605087659
-0.545610313426620
-0.118930210556762
-0.050205936747203
-0.612599520395665
0.103470960268715
0.102743608369063
0.436307609140647
0.655280545423592
-0.697836038667088
-1.019822803303711
-0.743036005168579
-1.240503184337159
-1.305822918220256
-0.844365654657300
-1.686018087825335
-1.072576185262708
-0.599664510119398
-0.132018880578810
0.774719467687548
-0.212763586987222
0.726756177911560
-0.307668064472749
-1.773934359559495
-2.167389679798716
-2.053136360324768
-1.109611279148156
-1.379440989832867
-1.191481635560201
0.438024054184150
0.149760829236103
-0.172938966708462
-0.941106143936272
-0.328332306881237
-1.043958661141158
-0.763482158367645
0.636114817991585
0.682688737837303
0.292288621088855
0.090162568848720
0.396282223786989
-0.313295265712954
-0.971734380274903
-0.957765417796603
-0.935960350284293
-0.422228067878892
-0.314975664362437
-0.812238018101164
0.014853056182925
-2.086683929134151
-2.607375909206224
-1.599150298911870
-1.204399394045983
-0.988759610268656
-0.821914299140559
-0.595821006095784
-0.134023787757495
0.312873734269225
-0.522943333293252
0.025587261477778
0.510547273541778
0.679101787823863
0.586051439154435
0.794670818338819
1.621061305960843
1.464746480252099
1.213999835793203
1.250367563357826
1.219334055861862
1.036304334037194
1.439173590016666
1.029899821939005
-0.399896622213873
-0.422826426617864
0.490586241173337
1.270720416454873
1.935111812149575
1.779408415927876
1.264364351394729
0.923073575840512
1.249145779342373
1.726806888045343
1.733438182864638
2.468556830389686
1.735329160569589
0.897787695982531
0.901706489833060
0.099556806497203
0.187241034952146
0.225012689752619
0.113299730168154
0.087880619974749
0.011094349158106
-0.772028862743115
-0.514745438297679
-0.416537457096551
-0.191173869953691
0.097199086429133
1.154894946214129
0.325705255436451
-0.803109061525363
0.030670443501170
-0.610863005701070
-0.771929367388040
-1.063970606671852
-0.437903359193263
0.585144799710074
1.000707890293839
0.319482501386686
0.027602271835917
-0.467934809363447
-0.593079011184014
-1.253330420828446
-0.950954431770129
-0.490346893054053
-1.151413996391691
-0.847266056385137
0.270676290860011
0.544339259227452
0.525258707767214
-0.056649617180456
-0.330961137122147
-1.445344970005256
-1.618453045088020
-1.950000481791950
-1.493111677523728
-0.579621837554898
-1.054075690863461
-1.187521948434322
-0.218105885528678
-0.957954304770777
-0.886446224610438
-0.986456633187926
-1.078919529699487
-0.748757922149568
0.514351100205534
0.249580793412291
-0.667106242128330
0.229303529717658
-0.002828288686479
-0.479562470945912
-0.023705397044014
-0.713918144610800
-0.760359752882378
-1.215169098909469
-1.488422071486512
-1.894405622080637
-0.303563652611865
-0.837100907742311
-1.507681801723507
-1.208561113012270
-0.567797737663435
0.206517627244293
0.412792320351064
-0.839977197276443
-0.731047246022661
-0.490974000340425
-0.057050761541017
-1.064139773679903
-0.406769326621108
-0.254642064107490
0.277479419523610
0.846061161294288
0.851281627408523
1.446613830429242
1.359289564033566
1.838059716029562
0.581024480622821
0.628984399107170
0.990929114997102
0.664137846916430
0.568282258959303
0.263691674386031
0.144313226840890
0.779295352836082
1.948380157413046
3.337421343682766
2.131563623172371
2.266707010335981
1.003062259806284
0.789308837283962
0.992800586373433
1.423813916557372
2.522123650700721
2.208740252285608
1.614967494066083
1.576227569751465
1.591345554224367
0.373284690954639
0.692705061386632
0.773967063560956
-0.221080161586891
-0.311546096867724
-1.160797593082371
-0.245747917291057
0.030741970292121
-0.282790803855598
0.186260581041137
0.917622853108660
1.036032802509583
0.487776519507626
0.089245086840675
-0.275834040942152
-1.387914993155215
-0.677833743226989
-0.379027040874684
1.051054345571389
0.765029847314502
0.567712869436961
0.483352629180278
0.466479541310542
-0.705729085529883
-1.475230847599529
-1.605819827019586
-0.639662447216437
-1.617623251121603
-1.141095960152766
-0.484624194950356
0.213075462549937
0.387015933164132
0.695189736491260
0.028317273984935
-0.936970760080506
-1.115298954078441
-1.535073425735483
-1.230083918099234
-0.275189055819305
-0.753376563118184
-0.727923582168065
-0.230614259826992
-0.340683715382906
-0.807069421993067
-0.792255237895203
-0.588779403479555
-1.056389259236223
0.089809679796014
0.617663665621969
-0.651900344125798
-0.724013030849017
-0.076784226804203
-1.379907008434160
-0.714977794977787
-0.513579935604619
-0.356754463997829
-1.330407823214223
-2.155875671396311
-1.624465921557400
-1.087368794838879
-0.244523135880778
-0.787436885628502
-0.445171945896610
0.739205778089930
1.071663783889125
-0.133800453334659
0.235888408804105
0.931515288735893
0.894206723730996
0.063769810541405
-0.333507347512160
-1.136869141198780
0.550172341737090
0.437571841158973
0.450061393879163
1.338407224544785
1.625883893362169
1.128674262239484
1.293111242112494
1.518792363288737
1.249343803746000
0.870998005578495
-0.224382527846418
0.812366454381523
1.515926342384633
0.875779711870037
1.400221212669739
2.742290483461725
3.632092078405893
2.767912377748929
1.704191825882862
1.132364289064899
0.540008224538525
1.502930483598044
1.805695341488190
3.241908308479243
2.294989704726419
1.397363326531635
1.129052920966484
1.495767700232341
1.442661637950728
0.913667128350995
0.643168699231904
0.679398190121909
0.127379254876314
-0.382162774259819
1.314464267374029
0.389470354882420
0.459315633981237
0.913405984150336
0.620612156266072
0.675920589690380
0.508210901025434
0.006916744210626
0.343185754605173
0.212916363473203
0.656723565945045
0.352610641504481
0.817945198413874
0.813326915871794
0.924078638513186
0.963422129933505
0.856323137465015
-0.041930884304875
-0.792679052870095
-2.602911408697699
-1.710086740494572
-1.002885128962514
-1.059958577724744
-0.245341405390593
-0.248727180282216
0.127722246472013
-0.248174386426997
0.024821201109959
0.079868191213277
-0.326216972340497
-1.005471115105104
-0.470382861515524
-0.380463721137762
-0.619864965842999
-0.308962420518292
-0.355760369754169
0.061994514487792
0.220628393887942
0.048253106307345
-0.303765694673992
-0.388495660677159
-0.774201099804378
-0.175074649536818
-0.758416389767947
-0.319599091545211
-0.530338750459572
-1.015475267354355
-0.661235641582730
-0.561215047054587
-0.722609011785138
-0.468456778095656
-1.135214062274544
-1.713483937790054
-1.733607734543782
-0.709151786020956
0.218733108288946
0.570041776390154
0.693861453254872
0.503604977819156
-0.827660663331147
0.102809162817544
0.854536420646678
1.110775674576789
0.202248897109948
-0.011486560040804
-0.411098580167461
0.707740047213465
1.097039580151510
1.875629333727459
1.802464226981908
1.873484665595829
0.631740063505525
0.282493582648078
1.818977681443797
1.393482868988309
1.371551985657933
1.137418459694657
1.023714927435109
0.640439523179176
0.653407087274705
1.705798414902080
2.458997948161333
2.808866202642362
2.086310899338734
1.736358569131761
1.265625953290212
1.014444285538182
0.929534679524011
1.722934940637274
2.184330534619806
1.566621399905734
0.994647977555277
1.193901666187411
0.893049089400802
2.194182839622644
1.463797625830525
0.449313025715420
1.166137300292042
0.061415842318588
0.762896871630564
0.207506742342340
0.110940511218256
0.322738939298407
0.426845928880966
-0.094564348172528
0.176352672011273
1.228687819954347
0.730013070004497
0.281564193739797
0.004831064205403
1.128050924930370
0.531343951755752
0.200123596255560
0.776222717722956
1.082183634045185
0.369651597063789
0.593694008393277
0.313744438851121
-0.055038038587443
-1.176786748008787
-1.106974750513783
-1.264741518477604
-1.761829213253348
-0.893318508719656
-0.186265495380588
0.113008766860073
-0.558813701410357
-0.292442505190136
-0.023988843642844
-0.289424618640118
-0.116808506900395
-0.441588723391713
-0.010629908873089
-0.453607988923827
0.190150872209514
0.520238791568637
0.031021502080146
-0.489144455112134
-1.199646516939264
-0.680283326269168
-1.063543430430522
-0.985238536405107
-1.499359829565202
-1.402168749880193
-0.747420542548375
-1.104928427231489
-0.347717666918847
1.144777378995950
0.839406149077017
-0.061610937962026
1.122416566733921
0.265528939181749
-1.191984722709575
-0.963182717708613
-0.385918205939643
0.083053058099324
0.363613313858744
0.490300304239191
-0.345575554760772
-0.385840267291850
0.510213056643186
0.697283460903620
0.414962845437376
0.278560510161791
0.080224968656650
-0.209353110481158
0.739030774896858
1.120217780571517
0.840827682906360
1.356396171467858
1.849714546244575
1.480023945737911
0.663593952479013
2.136523246999518
2.362390941561600
1.746721303592515
1.200381944687661
1.386662796566172
1.198839888251175
2.365704573974115
2.828690179421153
3.478813590109010
1.720992203286043
1.337401109573138
2.222764045828432
1.365881174682668
2.027881755479569
1.683566965686787
1.266707840084426
2.044287924160627
1.520498950415191
1.636242140218329
0.580549522740554
0.518963588530683
1.418468637988367
0.675935563520220
0.149199842824063
0.033426854807191
-0.064278002954956
0.911039465028356
-0.266183264052271
0.378788918430685
1.233235368363710
1.082599086027235
0.716828012844848
0.810894036881105
1.377398871269691
1.122778232047631
0.429806824804079
-0.054190179322644
0.875447040589120
1.147162882791252
0.185210592681328
1.194800132656921
1.849271595747389
0.432950556424416
-0.462933303841933
-0.249570598259928
-0.128391375648712
-0.718323695644405
-0.353619759748505
-0.915914973183881
-1.226923347337580
-0.961907258344534
-0.728590797036059
-0.823534420885368
-0.380894212650067
-0.391899880065831
-0.205684145297872
-0.055962805679825
0.425939447411063
0.874745971668695
0.854809920884492
0.175183810913786
0.107200327793461
0.965336135356843
-0.321491549408792
-1.423653430413792
-1.750372397168846
-0.829520487349009
-1.780995818713941
-1.526014579819143
-1.101317836652634
-1.375543420983179
-0.700265329860825
0.252472442665182
-0.040677704142893
1.143162365926983
2.006372394427586
1.239650343767546
0.934121415284774
0.174152225323435
-0.876573128916214
-0.157944941186003
-0.471324565905242
-0.212885714808158
-0.030993215932238
0.350073901949746
-0.475387466115319
0.785407152935710
1.331646633276690
0.812249330196211
0.966217480059849
-0.274314620998257
0.134103567426682
0.016920355999587
0.435270097302806
0.304916562598926
-0.654085164375189
0.375468352306337
0.703303436844858
0.780147484490003
1.452810877780315
1.791635568841741
2.328837011240533
2.177587970017246
1.267140503371495
1.344451551372745
1.571301888982034
1.611586725501851
1.718127714052356
2.913102596667108
1.705677262612561
1.212817644461299
1.750272104357629
0.534404819009017
2.051779189882244
1.434165267460798
0.733599841294983
1.272815223362296
2.052797787037391
2.275524176683787
0.509981691690802
0.099587818749650
-0.226936629497829
0.781874876425910
0.879939355051564
0.155604442890606
0.062984530041235
0.221346484408082
0.869644238758471
1.147035833052259
1.385462201397398
1.238590161615763
1.101911866606371
1.473034024832369
0.817623123030375
1.082260858064683
1.453105144783590
0.906269725275225
1.633890711460162
0.245101744171371
0.898515226542466
1.020183311360150
1.232890630662897
0.471096957297267
-0.175192283860402
0.004470022798791
-0.076346937986688
-0.592302816636822
-0.030820855381993
0.081528841586451
-0.508565310142652
-0.823906096179862
-0.772810232353158
-0.597562945263728
-1.011213074243206
-0.461561150753217
-0.192514243140611
-0.730390596820962
0.546941514649155
1.447210517484863
0.654476161241178
-0.456388233398398
-0.164378161129015
-0.884562077222878
-0.984876538384298
-1.351715984327794
-0.632012420278922
-0.414246684467916
-1.673520709549117
-1.248532412815342
-1.114204072752370
-1.098877600001984
-0.054359960379938
0.491411182475922
0.456729816432379
0.383688258873949
0.249615848148697
1.075014007174796
0.630067965779227
0.536562677572433
-0.420315616886455
-1.394467672756908
-1.099612757055866
-0.611306609498266
0.255798677650850
0.071725169798622
-0.204168144544558
1.167082995704691
0.881954880662622
0.698406280127145
1.036537155473461
0.730367165432828
0.327550331019609
1.379651546104024
1.830428283104122
0.801089434088685
-0.164073666034542
0.444551000777569
0.968851612927658
1.204221846539211
1.351342040053122
2.054635528262899
2.466699861499976
2.226444897879646
1.622261320354778
1.690770491711929
0.935507025046791
0.499175150348992
0.843233449699664
0.940410974975791
0.518707517764911
0.795926472074101
1.471791939619668
0.875844970777127
0.974151201930578
1.128875696076998
0.509130185194171
0.860587597408125
0.407212855143092
0.504286330478751
0.175266179427055
-0.771352779581977
-0.478192171609180
0.274537816464411
0.093067203561044
0.114151673405690
-0.362967364794718
0.053662349470952
0.620117202056293
1.562875101761511
1.741084217527528
1.629716895857364
1.466778397302850
2.489576300396096
1.519320880155211
1.710236497412716
1.925903534088638
1.033679755973591
1.469513434370006
1.158700196720535
0.781616811289054
0.780388703799831
0.847850576518615
0.369201261210747
1.128938080563521
0.133478390954459
0.361105500501527
-0.024611487570562
0.309895072829928
0.789776026869677
-0.206457925470395
-1.356296005560276
-0.670319094736470
-0.820781864165123
-0.558023534365312
-0.804204961912568
-0.258340118983810
0.215832166296401
-0.072731936643623
-0.180398460362357
0.401543898403484
0.093256737604140
-0.079995824569302
0.019680077240752
-1.208140922526754
-0.706929596322985
-0.622917282723678
-0.716708740272142
-1.632948185500731
-1.213918625856933
-1.646600640437618
-0.209194980523030
-0.027212070240008
0.552924440162532
0.994704733057029
-0.164163357305425
-0.346207804729613
0.587240508982110
-0.177218961768855
-0.171733587144695
0.071889857685580
-0.425012408461366
-1.064139828461203
-0.873322530855939
-1.207589510965513
-0.401018131863225
-0.129596876752447
0.892680866397527
1.187597357137381
1.480866097614531
0.727969795002457
1.594549041306879
1.560826199036856
1.305520520383528
1.366967479747502
0.510784501852163
0.097404792870324
0.703461960281625
1.368418764375129
1.504342081139394
2.152028942744138
1.737846940735863
1.606530661288983
1.673650708889624
1.373749696512423
1.233146055167073
0.527888527965956
-0.184066962640164
-0.226391652665887
0.196217525959892
0.279107578755234
0.385823247682488
1.107019753575221
1.017179509286805
0.118157553485376
-0.092229851953808
1.196663914051346
1.110000252404517
1.430937154443715
0.377772622635442
-0.172696460840874
-1.331609529837794
-0.877449287742275
-0.434555143196650
0.167801844433742
0.658648414635280
0.591125333699349
0.675772966153981
0.105104320520263
1.803232422764295
2.221509085089218
1.669842746673868
1.855696446678139
2.220447286309405
1.577932830931144
1.174096195730945
2.137819561803790
1.677640973889373
1.752483242598396
1.428513906509577
0.272265349650886
0.313815751365814
0.299732669537077
0.459742553101204
1.284597923656097
0.491397999017024
1.120303635506143
0.455953039139077
0.821362119638093
0.616602058778786
0.014580129089101
-0.981587642834128
-1.355450824734230
-0.906850573414503
-0.903793568922266
-0.174616618004918
0.810411388732011
0.587040614997730
0.421394650738615
0.823114744775943
-0.133278706149916
-0.566963993630792
0.361091235394278
-0.616297025963122
-0.204596286643452
-0.524568325803407
-0.185219309558309
-0.663560760084309
-1.081423345331189
-1.260666838448264
-0.337031570200951
-0.568563539528308
0.412085865567105
0.769169338290605
0.738356273227486
0.698442034192115
-0.325127354622862
-1.335476083634641
-0.238382220111934
-0.235924397664996
0.072250446650907
0.002790077793029
-0.779119038199555
-1.141686031734204
-0.796168212118912
-0.680361799818174
-0.347014015626854
0.093892269050398
0.652829765780321
1.010065161405888
1.302753335689665
1.479951730447524
1.950273940242407
1.868932585973987
1.557619961659489
-0.217007276309101
-0.842289596067436
0.908289134846826
0.813691555721038
2.443351930933219
2.033125621802012
1.152010707155912
1.631149451808988
1.967398953148318
1.622542071518608
2.385022299904461
1.044609228215312
0.576706645700888
0.412197727745650
0.209113078396714
-0.014258386440983
-0.011756589407736
0.244864668059292
0.499937825942371
0.952240626596886
0.516094337915492
1.055114624184022
0.904141493746521
0.611760227798292
-0.225662809523810
-0.888633954256652
-1.426179930798517
-0.470408646252394
-1.258965845450352
0.325805381085069
0.274902833554787
0.262017956454963
-0.406583190266426
-0.097812022532289
1.190025317168074
1.310260950578895
1.889740368062209
2.203733862516715
1.972125339961124
2.154454656555022
2.156075007999104
2.172734221451536
1.023062101725084
1.872260773649131
2.059287284439220
1.229988137170858
0.355656539290199
0.791101622622282
1.511160110330418
1.393517920675246
2.092362020680704
2.025196260369831
0.864049636178504
0.544764411064470
0.256011741811803
-0.688418991795244
-1.199947459439849
-0.372495610987747
-0.669370480510152
-1.344521347484226
-0.088873006746676
1.355169836817204
0.537486772748040
0.772339552074684
1.265243751901824
0.434968298990212
0.404205362243731
0.284146953748103
-0.460126421362512
-0.470081046164558
-0.054670777490010
-0.683752260605990
0.065187958807268
-0.833154579562351
-0.377718535047846
0.123218225149769
0.184011897676919
0.429623461127639
0.408478795050187
0.513983339502728
0.285511197056317
-0.392619184368001
-0.430798272228475
-0.851864760065095
-0.691581469826337
0.077535916087813
0.198741898416116
-0.465751251527354
-0.754682062649242
-0.626326391717268
-0.189356062846100
0.155552752637102
0.024342801102119
0.680590941730659
0.903178695855851
1.339721568433168
1.398037300209735
2.156327740967171
1.369041650246078
1.212457207425236
0.891987187913490
0.326452232713783
0.956026100204321
0.292274115416250
1.267158472809605
1.628209357351600
-0.137571314665483
1.115562449933035
1.419721529079277
1.553992041359596
1.833293343854207
0.989476724888621
0.615185283407218
1.718324816366671
0.676900209732663
1.086929873781473
0.607306638239245
0.066178518170768
0.570822047991115
1.254439986132277
0.313970038511346
0.938788503093335
0.023091056463164
-0.788086880043978
-1.226303747233954
-1.886246042883087
-0.416467835390674
-0.885147757291889
-0.802016122893027
1.170376972530579
0.316847800124202
-0.098654073126754
-0.514205348593655
-0.122636913257947
1.437383410445738
1.762771604391915
1.892919285159837
1.837700282487965
2.123625103392467
1.454265315472022
1.468116714003088
1.899271122139624
1.262548216324668
2.000469243915874
1.617909082142836
1.869473082910061
0.413491101221305
0.790029697476669
0.330317825613680
0.518736200081088
1.219372866251317
1.862108523250894
0.289805316608908
0.480650880722230
0.327790483981941
-0.910365357565602
-1.608163406284955
-0.825719283178532
-0.926045610470600
-0.744101430599764
-0.797809316405092
-0.414408442213310
-0.065522367366692
-0.083983537148140
0.391041077739488
1.065844612497173
0.868769025953205
0.501563262660705
0.172012668933705
-0.002926070588661
0.198430329382293
1.247321608790994
0.414100725686412
-0.297727126668966
-0.604378452201558
-0.174877465023479
-0.264547359341426
0.070811436151149
-0.196784737474749
-0.347569977288423
0.006573993408921
-0.451795684866792
-1.353503968595406
-2.028304390996616
-0.009968681771711
-0.125392828205310
0.010688106601757
0.362582839189473
1.116407528580240
0.400080742494121
0.192112520909634
0.214172867887633
0.732266689766235
0.522222366002411
1.414250400686140
0.902902103740936
1.172681267111910
2.287301106325918
2.425562560569688
2.273615002705368
1.716883161171074
0.789618401615964
0.895239533309982
1.268864628659739
0.939766970470506
0.906149073341923
0.168424954140141
0.845084473563547
1.118751161856733
0.302728288631786
1.450636517773594
0.985079220057577
1.383930924707142
0.963165292872970
1.052311403536576
0.210207847524788
0.131097873134561
1.320225818571462
1.696255179992902
0.271675269471443
-0.323243570279821
0.234031984771227
-0.522315943997266
-0.718176747690146
-0.920526321764483
-1.028478318389203
-0.256545598767896
0.481413045331998
0.990385101333195
0.506105390304984
0.011415093039303
0.330413283087989
0.775654293055249
0.704835795810684
2.034508202734604
1.935157631914426
2.623137226801334
2.509265040478676
1.820550874988751
1.495191311717580
1.839046687297850
2.347095637836230
2.094661539685952
1.279053820708009
0.501522600480496
0.505592603655513
0.049784699497219
-0.253963931430792
0.558618849226705
0.842985298381960
1.156209700710705
0.465493962567649
0.433437686081859
0.688070369510821
0.488392966893740
-0.170609349097688
-0.552355547354192
-1.089869236593360
-0.810184878333460
-0.509653666780641
-0.443973558604323
-0.077330994583861
0.257746482081310
-0.438117992090652
-0.417614178632819
0.999060351554731
0.983447917380447
0.427954531868643
1.052116783931701
1.544431364884407
1.412043047408367
0.400256010332806
0.227691567226032
0.532828300316681
-0.117635450681472
-0.494214852819304
-0.191031188817252
-0.154199602060670
-0.097381896825680
-0.482542013685104
-0.614799377603447
-0.873821082252225
-1.330759336563549
-1.162780711756782
-0.633130428886851
-0.185723201906102
0.298382492950799
-0.351599637869162
-0.100367986718224
0.241541889985103
0.297594559200510
0.090744987346788
0.309013507981623
0.014680918325903
1.100869601107432
0.905095238627672
0.122946988367593
1.591056322271783
2.374270406416458
2.650406707560569
2.044011728183972
0.845105490109147
1.001918439112976
1.427204124294571
1.286871709460857
0.984617904231480
0.294797189909457
1.594632112525416
0.944956437562165
0.483456752103520
0.735054028543319
0.996055711763302
0.776211702924782
1.024048657614440
-0.071604678314795
0.390737723376830
1.450625492284533
1.586450633196275
1.163450821781596
0.819424283668686
0.532059560561894
0.639380408559577
-1.125956272346853
-0.420112611059074
-0.053762443325794
-0.287263356749716
-0.312403518817112
0.318029130703869
0.321936866592166
0.338821498349640
-0.137484364904061
0.276185389696626
1.293333012295814
1.241994299562686
1.542877327719052
2.231980721310183
2.562967991002141
2.523014409051438
2.017411945268703
1.749750398609062
2.707645911746394
2.494947536966892
1.576593582041237
1.450010603269084
1.231895653098699
0.985622610825272
0.829998857638522
0.781208507597014
0.771609909159878
0.915750380547118
0.921921154197921
-0.811908570143467
0.773146414513355
0.349068077043188
-0.375218091865919
-1.743521300397151
-1.146887389208245
-0.703376542894087
-0.572807770323618
-0.852614472739222
0.381509161207650
0.376488726559334
0.039353872187041
0.752091963908863
-0.216099303364520
-0.357469878517323
0.343185202542942
-0.571548267819162
-0.134358043973684
1.007490751654821
0.066586377639447
0.144893517180582
-0.135536684761500
-0.215051333084990
0.523536537472499
0.155300977881366
-0.410498955389243
-0.321598627525367
-0.165538475946865
-0.137077753043672
-0.300847499868293
-1.323629717945317
-0.954242658204087
-1.391669349826170
-0.406943650427106
-0.081317219792323
-0.303011770148003
-0.581876461506809
-0.248570664375559
0.140146578163057
-0.046420824937987
0.007421185254152
-0.183043684281931
0.616713390938528
0.363761827914560
0.922085139961404
1.019035563141247
1.997370383701434
2.657209060742979
1.668230616154972
1.616734531115135
1.788076815706245
0.939637707179426
1.567647483048386
1.640361670918499
1.409906983300921
-0.292567525873946
1.040689944634025
1.019313641262813
0.901730938510338
0.479856198125115
1.180480858709622
1.162532003875674
0.062207234937017
-0.078774030040658
1.169336791844134
0.838940240580643
1.158091614471104
-0.467979364314257
0.257050581413750
0.197781871239441
0.229250037014756
-0.326221126666340
-1.175299001099753
-1.228906317480988
-0.772282864891553
0.360574441662462
-0.464700589121575
1.065102221977944
0.026938556327271
-0.579644867929723
0.149009229688011
0.887432733508312
1.633384474887552
2.366536743271518
2.431334412928700
1.391209057466668
2.134148837192005
1.650943702376948
0.144451115415236
2.005939376765123
1.780319726519602
1.989592230131052
2.613206509127279
2.114124642031706
1.099653528871025
1.460046791424021
0.918861302970982
0.118405776340824
1.095336890680462
0.186086490339512
-0.103006472139313
-0.403501706218491
-0.398919699961604
-0.905934534661933
-1.171793045666496
-2.142024049164084
-1.714133575760032
-0.533757730635265
-0.028088330253981
1.563095098196298
0.407154020294943
-0.241423636430971
-1.091582653427706
-0.712268860085438
-0.853362192835832
-0.354217090355721
-0.389880920244247
-0.258638885735819
-0.026482230333862
0.064342603594996
0.420502997342326
0.065060804559507
0.130301481870343
0.143180260892348
0.345064780172597
-0.404791018456571
0.123863229227866
0.606801834827826
-0.295108656133680
0.269069846777383
0.243300923559213
-1.078827253382444
-1.893045599351333
-1.237236939210709
-1.207657068429267
-0.745918154464469
-0.839272979153314
-0.400722994585267
0.087812201624328
0.578753036177002
0.460835482504783
0.718093459866774
-0.560245724044405
-0.310739754044562
0.787642649912253
0.581612031573628
1.116109455243765
1.707146147954701
0.504544042011428
1.897607351507776
2.061149021801576
0.431150797125719
0.612470182700005
1.245700050835233
1.275425275644810
0.457423884618711
0.886797458682317
0.874105143584511
0.729288676965611
0.624130004619407
0.463360146354715
0.495671905091241
0.272445712234455
0.905811589671890
0.491193236927534
0.274530046578378
0.163765117055198
-0.091832944280877
0.021575372751718
-0.114267748400593
-0.692537186365568
-0.795215703218144
-1.266777922679172
-1.593167795510662
-1.298151429208621
-0.669534302471110
0.208946205430329
0.383096595527483
-0.756640874506080
-0.374197683631346
0.055520407955850
0.743826733722164
1.498348109514541
1.930740634971960
1.858520384625784
1.032613240006555
1.736423321018423
1.358294794444784
1.661126007758134
1.827130313784448
1.075046278046040
1.998235612225458
1.505462167396721
1.832323053314681
0.441625923116311
0.420942589258103
0.276784340651876
-0.584274816723963
-0.234484745284912
0.385644125442177
-1.378123706806263
-1.181124999414940
-0.513628607026605
-0.707412690986310
-1.157677803124345
-1.771316792147782
-1.216908427890613
-0.110851913665883
0.010462336427967
0.553433563328744
0.267485492117500
-0.975402499730557
-0.356952241356858
-0.486216946698947
-1.191715447290900
-0.477466992961488
-0.338306244521997
0.235347205689238
0.385453748224181
-0.278388684594434
0.625120179830117
0.217988185015833
-0.653260909691224
0.001127718477847
0.537545321994723
0.313478034896298
0.120653127377155
0.062637524977439
0.578445805160390
0.558588773757553
-0.072305114983528
-1.056346900372399
-0.244256705664726
0.009933683885556
0.151803311870955
-0.452283258652903
-0.833338863924725
0.502056976193581
0.194529017921920
-0.557145389417837
-0.563935642860569
-0.358430303607145
-0.987711898107600
0.478030465069155
1.073348513418573
0.592760851121731
0.708163366194827
1.476877391342502
1.490161518171118
1.804067241165416
2.840262221550154
1.187525748356192
0.996723908058165
0.949628395035242
0.455760506741752
1.424046873671019
1.482150099362086
1.641681122781334
1.781118369964787
1.153464971905704
1.206948188507794
1.301156069806246
0.257954071915952
0.858712717448228
0.852602195083751
0.599278202868305
0.525886196254103
0.226113926689550
-0.533070247483628
-0.606215965743889
-1.029279947151628
-2.017557889174530
-2.087713888697905
-1.452524967653805
-1.025491654356610
-1.214183137458115
0.454821267968354
0.877388482585149
0.685017970076279
0.179284425338899
0.548140144637887
1.289906776520072
1.116383176731764
0.655202435388636
1.298730991436518
0.680320315245218
1.349280065587991
1.591394454977899
2.050858508658037
1.789556357210793
1.870457066211928
1.326509298730803
1.472812969316862
1.077683628672570
0.810889935126831
-0.347767200498883
-0.601041476402946
0.077431227883201
0.334295993240308
-1.318438327901184
-0.051565603970891
0.103166539919322
-0.836648512158913
-0.954392686835026
-0.425393942153010
-0.821682072381148
-1.112942318125963
-0.792039066317051
0.360689594901257
0.551096273364492
0.289051013500083
-0.681091166385257
-0.428867808063244
0.179522643743143
-0.149143738292972
0.438327574740293
-0.132723457359666
0.151902390196680
-0.525384683820589
-0.781135791471807
0.402503309508981
0.304740913674499
-0.640049904000785
0.141107718801163
0.539076266097879
0.312268860639163
-0.023912887270543
0.142226536488613
0.488625505652568
1.341434568245465
0.108478300399565
-0.027698151334784
0.185094219920883
0.657901178367450
0.198835980400702
-0.907814773067361
-0.754950716594994
-0.163015781789742
0.203290992615631
-0.268898620657025
0.296834655890583
0.255571399364078
-0.245676124647160
1.508743046262462
1.619275546991944
1.662822390619317
1.366089017111611
0.298195880819591
0.773315806870115
1.210004557930638
1.274203588715369
1.127541763480721
1.476332232763602
1.530988940698960
1.951798818092460
0.811173323232540
1.403482702873511
2.157105772046334
1.925525686999222
1.594008934053300
1.397167728822128
1.299120759210000
1.651707427346871
1.958415258520936
0.631068184444895
0.908995106311621
0.806049528945509
0.106646648555312
-0.368920209788296
0.746236479778574
-0.067788783418060
-1.388628360985002
-1.323667151519728
-1.649691385560831
-1.590311186201672
-0.596253150884074
-0.406968987273619
1.098745419429109
1.541276488269072
0.832054420715259
0.963047958301456
1.281270293002284
0.687195704126075
0.663485872309185
1.142562547390375
0.119340933838059
0.771660926407630
1.447478278932834
2.253868962057474
2.162017701349357
1.832598740567023
1.082698198691470
1.161235092181205
0.722561553703365
0.614278063598710
0.632179956218567
-0.429319913506421
-0.033441428547408
-0.966762464072592
-0.599859733830148
-0.256110697671735
-0.634465169614257
-1.064091896995109
-1.017077139571251
-1.261667317557003
-1.351635777331260
-1.188948954906125
-0.289460235966860
0.485703967121226
0.836087942637931
-0.388469808822934
-0.931266199314550
-1.119665666785500
-0.457514882120221
-0.306191485735171
0.486032637455459
0.392051403963008
-0.577352142143900
-0.753436614422982
0.562095538604603
0.847898021785932
-0.168211744347513
0.041681928804151
-0.232237390583133
0.199711695300509
0.528509710501085
0.081703057515728
1.016460143709156
1.542042504262414
0.628157214108546
0.399506781309017
0.140985589935881
0.902116791324979
0.400253875294140
-0.173428543609509
-0.809319919130857
-0.720484699783356
-0.317574942495115
0.993495931812465
1.003049451949322
0.634143641590458
0.760623569908948
0.597703943352059
1.198961407502421
1.225730979550432
1.710532674209510
1.468182897653414
1.013116928574565
1.069731513337427
1.272731046436322
1.593482703270863
1.124192336056179
1.441097231607622
2.047674592191484
1.726578799411419
0.887402410109384
1.651047729154828
2.865900820807203
2.238600887917625
2.151772689869503
0.804009078628697
1.208067508179836
2.275008189339740
1.322681250859258
0.454530599673826
1.401842648080363
1.756830157203176
0.128752612682779
0.333842100159657
0.237303626513911
0.608715295752530
0.657973268060980
-0.386799356950286
-0.564286715110334
-1.211294860721913
-0.379070545615863
0.574862819340593
0.258024065680772
1.395169115679602
1.488009543985967
1.327396083459227
1.897954633611891
1.902596129195622
0.631818925616227
0.438127100816419
-0.503941251322493
0.725786838292780
1.660991817336677
2.459136455872731
1.190923456258610
0.963983111299134
1.557089108222219
0.544733016582120
0.171032706411347
0.322396913747089
0.394384730864060
0.254845983071688
-0.849006455759634
-0.457670296942105
-0.169357126229892
-1.251845061762779
-0.999181568027929
-1.306731001108990
-1.941527599522084
-1.183281464888442
-0.682311591660009
-0.641996611748851
0.678682219071158
0.951613326873637
1.674744581825435
0.092304982896061
-0.480368709329939
-0.348604025223518
0.290699652936810
0.829597023005613
0.962057181669823
-0.647987987628623
-1.505801081502611
-0.596262801973655
-0.274405603231085
0.882908311557467
0.522943610657040
0.012206585579976
0.567496063671765
0.102710945302270
0.209463855261622
0.132942832058501
0.519945996112391
0.167478586179027
0.306592676075522
0.164805267295800
0.296366441034430
0.491284183282778
1.374606952105599
0.387587104626325
0.061899660798506
-0.024606055437108
0.158911542764652
1.160254804665056
1.441441965570923
0.470259785723570
1.186093734673278
0.980859579078178
0.429932645520005
1.100316612459466
0.585337001809891
0.986050559625014
1.328664711334622
1.898012704921015
2.163311886724629
2.091094525576904
2.124591023739520
1.908834885897746
1.216316888175042
1.292065785223035
1.595838119372988
2.227735890060077
2.164541453053137
1.971665156364323
1.567523898396134
1.673847189967103
2.146715268178927
1.890796850118214
1.533487636277910
2.025253044360293
2.020890740310310
1.780509228938431
1.684358752516850
1.025004418563190
1.131135156284115
1.259175545404025
0.148675702386078
-0.049146889781614
-0.386073581553152
-0.303869028194517
-0.740514722776603
-0.063207106631335
1.295988865100555
1.419690469803413
0.992003215178563
1.869225094766010
1.496308313926654
1.304520938253191
1.258060996166526
0.987787517191751
0.435688282196955
0.960224343427452
1.803890701008723
2.282949375218008
2.252192335480954
1.194023280577881
0.329705660684239
0.345437956336850
0.336429841173107
-0.002479187527499
-0.298521638954763
-1.300613807506329
-0.132750653319169
-0.457077475000869
-1.493050456359321
-1.795881222357792
-0.544161043143355
-0.879242315387346
-2.522221163685601
-2.390663796900175
-1.490335616945455
-0.852222419035980
-0.397021439337719
0.942098153776579
1.110945782848413
0.277750857771053
-0.342738629497733
0.139382858588846
0.100151865398293
0.544680715665321
0.187713234375683
-0.665842976688499
-1.296268067104780
-0.640936662858799
-1.594076862675292
-0.463716834948629
0.624916795680714
0.019561469078681
-0.154083197180682
-0.672573912188566
-0.037170070067960
-0.461023854876406
-0.257458684042709
-0.524344473820464
-0.579700704419318
-0.805547273286625
-0.247185531061795
0.586250029089368
0.098203822268176
0.258724731207660
0.349169530399617
0.493420130426236
0.411797636620582
0.364428086642615
0.358881397497848
0.557197710668431
0.965903430245232
1.074236960770763
-0.163492721740267
1.208971893393881
0.963433535669136
0.458498630525066
0.713945704639539
0.933052308444250
0.583240811946555
1.588572803117710
1.163414546550057
0.998820480329170
1.012910738364948
1.512351088962463
2.275843020699620
2.032464570542749
2.067304307506365
1.607723913881707
1.894766479197768
2.369889580888951
2.149287551628570
1.400403370416749
2.180098329081159
2.288384919779420
1.830929798647503
1.472674327204686
1.503615471085649
1.080788252706713
0.979824249420697
1.081096561062814
0.828519074525068
0.621732362737369
0.755742886619950
0.200150601950536
-0.910039469017469
-0.368785368621395
-0.332769250636682
0.611689352414746
1.544971815698509
1.414131351942288
1.626482316191996
1.037422331505026
0.655080078411929
0.602018733881996
0.612132862554618
0.124884925216543
1.348197319732784
2.023772957806222
1.622559386261598
0.742698321635369
0.282935087888599
-0.001444086245479
-0.030845170110413
-1.362796906133275
-0.969743417137676
-0.397170406043320
-1.238356887900133
-0.797406038665879
-0.809217294699879
-1.352155567135536
-2.058004207459133
-1.542401120401729
-1.378864520406621
-1.690359948997179
-1.348992272232993
-0.627981427853974
0.127238485241444
-0.132791343812172
0.460411414616100
0.689048910920110
0.243496713716111
-0.664120051923200
0.281257575750519
0.614361214725218
0.547695394352183
-1.104568079100369
-0.717814213337299
-0.995898747305389
-0.905402019744863
-1.198360959767950
-0.377563648095730
-0.774154761861787
0.107305134441907
0.295137302604267
0.214193966111663
-0.306325382151342
-1.756010998805050
-1.468029328921800
-0.640630891738100
-0.624827497738940
-0.300294132690974
0.037288412620660
-0.607388557848307
0.312374951633848
-0.075497676972906
0.314104663304503
0.234320870360413
-0.271722939548179
-0.248160558933231
0.331980940723900
1.062627369374648
1.257130046100411
0.558716429487224
1.511025867025882
2.062567713061110
1.116417313239051
1.138996991795695
0.591543710954306
0.572669992064137
0.939008318935042
1.704002655156211
2.097543246266447
1.969111143850590
2.502380607845499
2.830101163510375
2.514923537205537
2.198857116168286
1.070343866305041
2.082771945535138
3.147058530092677
1.704293986329160
1.188403245565716
1.795538008712126
1.814761946052293
1.740946179946358
1.591498992471529
1.104222435658704
1.294469540997983
0.489305243792797
0.735794063160787
0.518190550767351
0.541215710067690
1.221929261907716
0.380270412828595
-0.441650116560524
-0.477951721141019
-0.969088296552764
-0.096100548413482
0.657002739607186
2.035245504809913
1.677003712136297
2.208836476509938
1.819496218410898
1.413905606014749
1.140276589145104
0.628806954636175
0.939631806282335
1.222386458245751
1.290680203434216
0.711334620011447
0.654460250179201
0.176949763061082
-0.274928488167274
-1.260731427105279
-1.045445360218495
-0.922557102305198
-0.963844150148835
-1.156644770118691
-1.289116368361215
-1.506074150223924
-0.669120013851320
-0.544045286411674
-0.145451216201413
-0.691708037324037
-0.938675787715742
-0.967573553393232
-1.151793320365249
0.343974670682599
-0.447883261722764
0.063425729120576
0.190022815215003
0.098853685133199
0.393433862512558
0.477347604312121
0.026257415812756
-0.488250725061916
-0.934107070121679
-0.528213846648088
-0.657058973384203
-0.858317105419840
-0.952107804522813
-0.383288661993658
-0.247538525610463
0.367369586387409
0.007575855229485
0.466731128255843
-0.387627735312040
-0.379345920226536
-0.261567230602431
-0.568896730914132
-0.863787412424733
-0.187014350800811
-0.451874999554388
-0.190009346368187
-0.601667374466212
0.126696155607707
0.446126556491866
0.086950452710208
0.127509608346495
-0.205288891508544
0.542594002085989
1.560132046376142
1.273362306115279
1.021656084449335
1.608113043010069
1.831855060774557
1.967060666127284
1.186110693044178
0.418848949124125
1.454074693539283
1.511796963076958
2.112554160348354
2.274716475350258
2.827897178855524
2.642772547804916
2.510302847408419
1.895551581766388
1.184393875759663
0.804295655517711
2.673601190587014
1.316553106626085
0.702802628830976
1.496361469296703
1.238966435146595
1.777572051091718
2.470677268705615
1.121282988584115
0.538053135841051
1.099254338566116
0.955743485306349
0.391141260157878
1.253654013947060
0.470138800351581
0.125349071407070
0.482708086666978
0.251956888442703
-0.119802288361925
0.673653955974309
1.039989836320693
2.038104494973506
1.409277368838177
1.439274310428946
1.456858600821820
1.369019129666855
1.657356441977964
1.256675771050076
2.271909257471286
1.399824124569667
0.847103265673633
1.374823410788981
1.048682330678419
0.623957225894064
-0.697482402906881
-0.712311932212286
-0.991746153429922
-0.107158279137880
-0.382067629967243
-0.552540817993786
-1.152577432205292
-1.223950633243414
-0.157525104811757
0.025812462967485
-0.441729552846629
0.113221218101944
0.118094823578731
-0.614970970741738
-0.744443137699678
-0.315574135011006
-0.037980100053907
-0.079324958671093
-0.424019065267742
-0.529474074661475
-0.546060212077045
-0.561215998289082
-0.436213839843480
-0.421934798606884
-0.218512741164411
0.537245089863946
-0.796292587720302
-1.572063873397404
-0.687138229592322
-0.705011053306025
-0.808558222489987
-0.965334775005142
-0.110405396693195
-0.110044779737843
0.082477683494645
-0.587082653887731
-1.397721560035209
-0.182380544796044
0.089797359189461
0.143259797179670
0.078128977213968
0.475571602992000
0.097026019188218
0.455016203652665
0.066885786205350
0.462108201346205
0.270695463324050
0.269801098233111
1.231964616512966
1.246961273627089
0.932221392701392
1.057467073388636
1.011806625866207
1.907084221238847
1.258649071397383
0.694485152708287
0.866557103257766
2.094626139216930
1.856788743501536
2.057807535823500
1.779649517330968
2.331244553754323
2.469877074233559
2.680110313469021
2.473535846201077
1.507064603393479
1.386653278970704
0.938990685224251
1.104217144298201
1.099933626333089
0.973779106803261
0.927038737916660
0.924434613804501
1.787843048045313
0.801694795769777
0.460484334869468
1.221451313281091
1.161851586608628
0.589555376303979
1.059232064413732
0.286794407615810
1.321633420051697
1.264290481810840
0.094076732172137
1.281272130874347
0.599404135958314
0.519884029654675
1.518251596964210
1.345193771119485
0.440672267468902
0.446387306950150
1.597162948141486
0.648598115423139
1.412211137005124
1.811181408400817
1.641016698868057
0.986499011716889
1.477802456125965
0.973910589551832
0.538571671971125
0.367224381511752
0.470670022888248
-0.276789498581554
-1.029676168592677
-1.720189963160814
-1.438961094434392
-1.148511680909492
-0.179201631831784
-0.016885589787477
-0.229641244064202
-0.107810608033249
0.122219819340940
0.271680299722107
-0.427297150376887
0.010566059869536
-0.590690553522010
0.688918196741455
-0.088661334325449
-0.416381936525559
-0.596096302434028
-0.324847911088065
0.143431509833294
-0.089499949825575
-0.475590995684904
-1.184696074705060
-0.347027030392201
0.051981785262854
-0.648360347216632
-0.847680215323034
-0.958429419236467
-0.489307018834804
-0.473865110518713
0.235628156400335
0.208238639751909
-0.912519522022537
-0.505659415486186
-1.118393710992794
-0.335294640628421
-0.388795569980121
0.361283149416772
1.674268385374297
0.799017529305316
0.898501718242505
0.757326253702022
0.594482830741817
0.487421869946961
1.568593225264249
1.245280405726778
1.326264181039765
1.066827943507256
1.162857307708522
1.065833361155646
1.610876487528228
0.896025418473861
0.871726586038985
1.029917409362646
1.443821210906838
1.826623803937455
2.547069186660433
2.455953132564367
1.879035052580929
2.587408529599055
2.303369596510313
1.949103933798777
2.457100713235383
2.487161679219917
2.150985630824777
1.081254181262523
1.779493107505836
1.639398890294465
2.173970452361055
1.268207495305673
1.305028609357735
0.920940317929599
0.858379199994932
0.426066570404117
0.876329664971806
0.507098695259923
-0.020035745322403
0.664114736920387
0.972100886183407
1.663066910476482
2.017207412486973
1.261516460602241
0.738393872873546
0.959667942246111
0.886403671288559
1.582383316713164
0.598850786153076
0.461585430774933
0.657660621241680
0.931993318880275
0.814795972295419
0.792278575120524
0.873811162802469
1.183960466579183
1.030915566997057
1.750149496462991
1.495878671899684
1.396372646284408
1.119206702476209
0.870787283986927
0.297701450216883
-1.546811845193323
-2.223518209103548
-2.466450186281266
-1.786819638323896
-0.464125295058228
-0.276642981654477
-0.215831835297700
0.274925575282287
-0.252117825667273
-0.255425849310540
0.006376097249139
-0.012965778768854
-0.007389581181545
-0.562728684552305
-0.479039590786598
-0.964399689314339
-0.790251895270393
-0.210416049812261
0.123741113994362
-0.013682193090137
-0.359461532322275
-0.737681157287834
-0.281146540324739
-0.181139905922144
-0.529867615562195
-0.974569775753381
0.206792773575518
-0.204686252115034
-0.055843334664509
0.228555693895700
-0.085650475042425
-0.592399377831031
0.157040969858984
-0.231170828891138
-0.495009972882349
-0.055583773647184
0.294511811856685
0.824725345528998
0.995852760055408
1.371067291504454
0.299409736336189
1.312870312444907
1.644719976298694
1.282168068378467
1.189472294733349
0.560650078956022
0.695092401522326
2.221047611341047
2.305146182008647
1.889159383873212
1.829093555513416
1.267728202183430
0.718756869889151
1.054288970460756
1.658332839721234
1.346125818563107
2.404616813618929
1.888313684047674
1.593108546181772
1.683666018606324
2.020163378606519
2.216237628487510
1.773905256530088
1.498558238492588
1.327567689647699
2.358575075123435
1.781120176051207
2.455248278951031
1.847010418860214
2.380787619315864
1.817771511605644
1.612410828952317
0.743321838785594
0.255302064240509
0.972495682785374
0.551846674093604
0.702704856162052
1.072451025527307
1.807800151068945
1.613832098381863
1.306026534955090
1.222022152633491
0.978293911211340
0.640594761829817
1.016132382232958
-0.001658270033357
0.576768338620065
0.950045512756794
0.966923087792801
0.905466229659835
0.089365597084587
0.848830148004338
1.628983034671811
2.091663216447663
2.032727848498839
1.660719677178586
1.408939281410518
1.014637397419928
1.675531715419255
0.734167930319129
-0.944702861876651
-1.739030931027990
-1.902505975404943
-1.544056773657097
0.259158957090839
-0.260322595785007
-0.476621611048789
-0.098245290961471
-0.500226653621816
-0.218359770252148
-0.357456443313687
-0.040201299933767
-0.529122801286377
-0.596858514259066
-0.500272083806090
-0.455232206468936
-0.701733566253389
-0.015334685124868
-0.793614608553335
0.003555741162498
-0.784027532694164
-0.496299756454266
-0.618399807541885
0.166557091918555
0.206046420897204
-0.606395054791534
-0.254150652071019
0.395663490910920
0.001742088511912
-0.409693902832766
0.163715960461848
0.146735865377083
-1.019645175865174
-0.321997039823304
0.083325957641399
-0.072912266417667
0.711639902763484
0.151301767464638
0.616412679062451
0.990726286428323
1.158017725513820
1.395123694919448
0.494363962821660
0.112846065330487
0.616183537639287
1.210277962286116
1.652133498571764
2.057584137231094
1.869597420709255
1.287317677701192
1.491873243751478
0.608576595609533
1.222171469973509
1.103812655709952
1.655485093243450
2.150912799559098
1.937254061958898
1.643780284660501
1.369059094866995
1.266275588201282
1.524879061040328
2.168382327684439
1.275225553877298
1.892744050349750
2.177660048214412
1.544600295609267
2.176993064723133
1.842359693879119
1.731513056899616
1.365388290955077
1.487941203656375
0.619853195973818
0.411820485466168
1.370900742088918
1.144854065377931
0.955852330633310
0.816050662714092
2.007783308984636
1.274012620006175
1.568067694451470
1.931163572244363
0.813790964945504
1.048067360660988
0.557266376291994
0.733250544303260
1.257943620204634
0.763233637138355
0.006169090304570
0.400158192920140
0.309248945966680
0.377756600940567
1.308883871696304
1.977303251522312
1.363399698080900
1.785636626629730
1.310207177692542
0.889138766795655
0.993990898501874
1.717345017694770
0.950787253127697
0.476487846002637
-0.063684247624704
-1.292618164899450
-0.282762545269146
-0.675670237645493
-1.483720780911672
-1.276369495180166
-0.247947427169515
-0.248020941492765
-0.561502803526717
-0.289419455211623
0.206939868738980
0.245131927950108
0.300160043167471
-0.352364249785192
-0.511780506528142
-0.280994133261103
-0.561788026353378
-0.537414415125844
-0.360077277014836
-0.319284554999239
-0.733722111467234
-0.977168058023119
0.379905518143529
-0.380693437478119
-0.306946626456050
-1.037140260499078
-0.578056121438034
0.437455693418213
-0.796430922479491
-0.506830485346105
-0.832748226862779
-0.433280055565085
-0.491980630621902
-0.163696919291134
0.440097385364583
-0.218078716173017
-0.388077980517468
-0.031537488611113
0.493972217057967
0.472616859566272
0.918650713207831
0.896688770070139
0.940481427492027
0.039572486748581
0.177153888366410
2.171356092617123
1.743533712735719
0.892724576584586
1.017816190325307
0.678006727912124
1.293323101004498
1.201214025017794
0.742786685070948
1.074275610372302
2.293423846273110
1.982778904792038
1.512125922604782
0.247255141403331
1.259549337093863
1.111710444543500
1.442417079208269
0.999329733105831
0.941561820782389
1.419550525522670
0.455873885778189
0.515631164766787
2.528522018739882
1.698713926496216
1.552789348243765
0.915662881460402
1.111566949130379
0.947364365581959
1.229262577243147
1.011958299219310
0.794441694627356
0.556998514010962
2.037412086617145
1.831412709216560
0.618179923834283
1.177426861447502
0.472869048704069
-0.224984069290969
-0.086726615093055
-0.209090523542288
0.387889034928596
0.632592290320058
0.355036736454396
0.116570249062908
0.299138264967137
1.245939529466329
0.928150571123229
1.144518917921124
0.838760964461694
0.580470773030389
0.142067051750423
0.035542060390548
0.937237461891836
1.006126180476299
0.723197701795229
-0.315672880090385
-0.081689614388123
-0.468086913172056
-1.322169332390693
-1.060344418013559
-0.540185949166185
-1.892098832300115
-0.835832570213647
1.026388680972853
-0.030126862302754
0.061339573016970
0.077862452518231
0.546276137519617
0.457857637760387
-0.746165145381215
-0.938716225602857
0.314559086939564
-0.908131627639377
-0.460039466274968
-1.108438873421989
-0.956034538888437
-0.937819430612704
-0.434959882443755
-0.164447845036184
-0.588829995712039
-0.622372171829128
0.072239581221066
-0.364115636051801
-0.345384036509022
0.035002232744468
-0.160732576513135
-0.965265174031502
-0.862357810064954
0.305032288664780
0.970433575627917
-0.198238075853314
0.166187421558621
0.081207117258075
-0.632940499741160
-0.017161371362504
0.151736124667368
0.421388823664831
-0.252276346271623
0.808799347218140
0.587531872408701
1.004032070572941
1.442821496793104
1.143788737415248
0.392659476877855
1.327593318906499
-0.008946314247540
0.767906713652695
1.383911807911560
0.547890521235070
1.167241849996480
2.493138772534357
1.824023390228903
1.725357158499957
1.023878660668329
0.130759251242704
1.077754970739323
0.708522978773369
0.236384174602218
0.408985745201862
0.531262868243415
1.236533463086920
0.762540958465971
1.359592207471323
0.847660233209566
1.311099531566013
1.369473813157402
0.803142437422971
0.318293605562176
1.151924717044592
2.204112334380723
1.316328407857292
0.830141377585427
1.005410880916633
0.058118321918759
-0.177313436807441
0.026882998750513
0.405151402344584
0.365904898212441
-0.175339014771030
0.014416922063885
0.449180314395885
0.407943251379239
0.401326458482898
0.814777611772995
0.428699429017724
0.774306461319821
1.323796494237820
0.621003913532720
-0.501925948497771
0.468924799094915
0.554395200025409
-0.272670106894661
0.584035739606406
0.507482694195526
0.406125991552570
-0.699071383256950
-0.480599006952098
-0.374997945610660
-1.448243759444194
-0.303638078772747
-1.109645766239464
-1.307120458919041
-0.332323655299486
0.689769165632511
-0.166871537674479
-0.253295352079247
0.313236903665923
0.723642311066806
0.422766285378745
-0.071508761331651
-0.856884634133909
-0.100630491383776
-1.101553753704287
-1.662771401461762
-1.009347041847382
-0.132730921686284
-0.299328219835431
-0.512626945148851
0.402048422257792
0.184094197246472
-0.135519813381952
0.061973470790472
-0.345155461502507
-0.952386734325940
0.023833555141690
0.119546910901352
-0.617145099574382
-0.235843652941906
0.630871016843677
0.395020547295523
0.219270670120379
0.938684447860585
0.811046080192223
0.207640576751789
-0.088317468198048
-0.131964453062100
-0.087458836526960
-0.016860189432344
-0.209684290752140
0.032109186665329
0.896711316633972
0.794267629304364
0.525157709832735
-0.136802188127634
1.224851780817977
0.793439908419952
0.987400963717807
1.724062931760413
2.078873892365364
1.579597125366481
2.295950781263408
2.005436121968434
1.086617834599324
0.686668428313494
-0.006276292159209
0.178748817842173
-0.041281439830396
0.997062071772006
0.438929165656861
0.064486951259852
0.301481317984878
0.261295363198291
0.129269827368371
1.161264486494042
1.338938984405383
1.066889908923710
0.543575115293688
0.550105631117099
1.110937690775209
1.945624749460342
1.244517803426367
1.254742508071045
0.265454032211346
-0.448980162474415
0.107490287706202
-0.129693448662517
-0.247101194173929
0.016667760233025
0.618794265519610
0.507635483500029
1.027082173942051
1.376552380693593
1.370463576766848
-0.043961084342708
0.412712404044064
0.370430758005063
0.225933490897101
-0.346486778582050
0.034528297656491
-0.253700455588448
0.259490412661964
0.527307916583631
-0.177545321184129
-0.214919025896612
-0.330531483480304
-0.790440009710912
0.444783463954380
-0.685304894912000
-0.625884199414595
-0.197389243919549
-0.380145126518001
-1.322818637024633
-0.609265905857411
-0.409569112906526
-0.562999911845294
0.220867445776827
0.289039199587041
0.148078886386694
0.761234942910408
-0.754374321271737
-0.115825604321091
-1.043097036210776
-2.013251435861856
-1.482581471531796
-0.706234563948630
0.283960019771934
1.295712634035907
0.799789907235756
0.688637014316679
0.275407172360829
-0.366077309234953
-0.675174740388546
-1.116922056068392
-0.429368258878323
-0.252933840380122
0.214178772287084
-0.393424711082794
-0.297917940956918
0.694738351751885
0.438399626285824
0.629168500804672
0.273933560485332
0.176884103419738
0.164496146667402
0.361769132753573
0.488895479012133
0.421960104431952
0.340776513657356
-0.063251041274458
0.416922418346564
0.943584705940777
0.735788959814965
0.213587466886439
0.073525648159153
1.419209399382783
0.810245341718785
0.399520630830359
0.900171516982402
1.438540421399970
1.889829189871981
0.918077758899706
1.237039639261369
1.564198956313940
0.478497097456878
-0.747051631795631
-0.059145979179661
0.853351571579187
0.250763878059199
0.204437276973198
-0.704045602261077
0.819092328682732
0.118634363798562
0.019967355913386
1.175174094903669
1.838813844788135
0.586142378634439
0.620854703658908
1.684323389163675
2.052295322359516
1.624138870067713
1.458985160521580
1.030963704665111
0.290971489022587
0.757836287068160
-0.253441958431966
0.407677116958718
0.208968264191747
-0.947018882878034
-0.131977565861223
-0.119881231811797
0.768306249504611
1.261844639097531
1.360720940387816
-0.195981678207015
0.963536534808974
-0.087493872327077
-1.226223933743765
-0.203368523901018
0.430464726717049
0.385879622003733
0.159789827479266
0.926620589066511
0.355233310517246
-0.990309401494839
-0.843890065908541
-1.353314656177983
-1.221016295469712
-0.341253230916539
-0.073245042636953
-0.954508673666469
-0.920071923685425
-0.149861268026615
-0.976948335099444
-0.471164541569994
-0.202611649922812
-0.055736166979569
-0.054669257950639
-0.500899842393232
-0.116063566202403
-0.806201974058507
-0.486957725078901
-0.481122387884565
-0.429487166035704
-0.226822502881414
0.592118383067734
1.218416100388275
1.199194483768859
1.067563813407397
0.578857028378034
-0.665294210288313
0.051919102774477
0.106069206463003
-0.532161319788556
-0.879428243126075
-0.448772094374006
0.653635135657916
0.302101676272914
0.389012224133854
0.757909618663736
0.218472172814131
-0.407160025818720
0.113751415705050
-0.121155964692487
0.681340585655407
0.413365716841047
0.598910066524374
0.354984072772868
0.140556628497167
0.972149605511060
0.343524902981689
-0.066255417318227
0.034825599580131
0.111448428236091
1.304547284758232
1.194839157645731
0.906930324249791
-0.031808795157967
0.442344897739814
0.976891055846517
1.299167061569648
0.814320349895250
0.481035582853192
1.271043316984562
1.250138964861988
-0.132830036375731
0.077764547698058
0.393614072180006
0.738969717071538
0.300885396079638
-0.472767006940308
0.407083795273673
0.174093767535075
0.312922710277957
1.079795891656269
1.017800112600368
1.059079032153843
0.870410279819519
1.539197450271840
2.963961194007770
1.727620245056018
1.016641717330870
0.599106112743607
0.297823071875814
0.486983211027977
-0.535040390182555
0.579554762970544
1.235583771573967
-0.678039243790404
-0.087053397992406
-0.038769364439738
0.668494390265850
1.070930104646322
0.105733124545924
0.252767462225247
-0.362466366030242
-1.294135866288487
-0.528361387985642
-0.511535092712004
-0.288103451687491
0.183410980347806
-0.020221585225196
0.519612829167399
-0.402763542528132
-0.630300991310472
-0.460943116579731
-1.161947291164155
-0.610210065852559
-0.351625340188559
-0.245681139560167
0.046563240953833
-0.747786847588418
0.004663210656897
0.640757668760550
-0.147614908901229
-0.822093894501346
-0.209686419900591
0.149987352920303
-0.260896054639886
0.055939310829073
0.053718439054137
0.687931921960097
0.719066805235977
0.536609552804714
-0.213381258717864
0.863021570758851
0.838210861197499
1.364457902578018
1.327899382209982
1.969634505737291
0.872001437122391
-0.483662874546896
0.241563478166508
-0.713842665988561
-1.284838816327145
-0.035392021777190
0.612944122433775
1.223625211531059
0.169325376677236
0.531558555296734
0.419250734324362
-0.387825956289489
-0.321268039701186
0.171534572780792
0.418239745800763
-0.139912348737038
-0.498240485535154
-0.083767428727779
0.354863968247325
0.442798297558206
0.520302235884064
-0.323716530719401
0.170559304262150
0.460871861690408
0.560015695273410
0.269858276241735
0.053258848229689
-0.430080549591863
0.827320769385259
1.578974701858762
0.785188900803579
1.180096386711275
0.298123378118943
0.602896093683482
1.035992237305082
-0.466481278088338
0.165507225594396
0.098081049748271
-0.117039384212341
-0.399844619185106
0.051306333277488
0.445756295425361
-0.740689408413163
-0.104764643130238
0.960180680540797
0.943891092520196
1.248521415609061
1.043034557897389
0.622276258402959
2.693831290383297
1.878498750913748
1.525242953695835
0.866682114455917
-0.277596722896813
-0.333730730720342
-0.259521027975551
-0.533438160232067
1.106589273298988
0.642723474568338
0.843136683410500
1.136614487250100
-0.168742514433583
1.324818325068024
0.183904333046233
0.254174707137310
0.325026144181775
-0.460987885251948
-0.435880926916283
-0.240133280824373
-0.437005161154023
-0.014737580709937
0.580259379707880
0.607212189197461
-0.109154439983836
-0.086683853076445
-0.753463489210548
-1.098576479524119
-1.203398861159783
-1.372786466235171
-0.047670426563167
0.014560882550635
0.076140651076029
0.506628174583236
1.205658002363863
1.080063655144685
0.262199203531324
0.119292794237814
-0.290737214846992
0.018682615686653
-0.139764958836754
0.057803034072414
-0.247355869819868
0.100752566015212
0.889745801868543
-0.107316230202155
0.274517081866066
0.554259171970021
1.036525045252065
1.664646264745504
1.872906473963473
0.000082963985670
-1.604874905599373
-0.836280247715719
-0.470937389583236
-0.452216464632887
0.626968808128534
0.557828207690921
0.944907138803731
0.454740752694389
0.955284937165345
1.067123712905753
0.450403779716436
-0.565074584982037
0.476204492669084
0.229922557615344
-0.553480697865532
-0.439137251040720
-0.720015418566505
-0.448060835200305
0.709071738183289
-0.022771357880495
-1.147362405978668
-0.315645190982729
-0.258674922934884
-0.774580259430071
-0.944770441605693
-0.072782873301166
-0.616192023627637
-0.022187040261780
0.257202341235931
-0.872888395818015
-0.389206841205823
-0.144800065268447
0.856090167662498
0.544035275543135
0.187241820551352
-0.216227202903440
0.168728454798612
0.371110337266653
0.271368160087435
0.006440466183114
1.134513849861454
0.341077111034777
0.125943629602413
1.326707623280168
0.985248077394283
1.755821646834506
0.777952782083579
0.730848277310836
1.218867518134165
2.178608851911017
1.400632869788011
1.117335387381887
0.377928155122990
0.506007571834466
0.346576988413875
0.346060743087746
0.296537346019181
1.600179162738983
1.791814379035148
1.527359063465667
-0.237725086891964
0.350759306735340
-0.057407033587020
-0.677902758854292
-0.820183112440498
-1.047500296062535
-0.212731267091359
-0.413390144423098
-1.038594119673617
-0.472593319950307
0.790217946394137
0.886223654012054
0.641310257768640
0.243393178134102
-0.053859988671273
-0.966010331739450
-0.332716621221604
-1.364336157766543
-0.256923515534790
0.198149635356317
-0.212919089663992
-0.317440225408156
0.247410147195690
0.161507655440263
0.220672714053110
-0.556597819917014
-0.623665357558812
-0.513409897048840
0.224018742195432
0.375828063984462
-0.589357962245132
-0.279910321909229
0.132331682261684
0.237127991381108
0.866552194187930
0.778774722475288
1.863690957661874
1.080267949320394
0.557799384199091
0.708840482502983
-0.563580622714424
-0.395242801504562
-0.916393361352209
0.348318523609225
0.583999442952523
0.736955091773874
0.127235373850041
0.397617109935113
1.217879447433420
0.964519619916825
1.513883348078823
0.653164296348256
0.781780205010781
-0.000193707135230
-0.707915261897065
-0.340162049295227
-0.434755431498143
-0.538884971546466
-0.470961184675024
-0.260162318400004
-0.747505367847817
-0.033481028259537
0.231146863271357
0.214913803028087
-0.394289436080028
0.647644254485103
0.191508828186692
-0.449465887152772
0.228359582639700
-0.248725616534029
0.065661202824292
0.694107601109606
0.775700554370336
-0.188290215421738
-0.216527491284968
-0.454932014153497
-0.427068353199295
-0.386998914768689
-0.215740255501862
-0.385289269594196
-0.046746994254070
0.927601014500730
-0.233613111117875
0.546929582230481
0.852293141802105
0.861891012272994
1.085942161822511
0.738935579941120
0.594881485806000
1.880094929645754
1.537699797431525
0.930124419993732
0.369228612069050
0.884823911465460
1.500322255986950
1.159660902844373
0.978983929435101
0.975799944728818
0.611685090972439
0.744987539476552
0.813969480328278
0.136247576544737
-0.609604184025494
-0.072234008624297
0.036778460305433
-1.373497994559940
-1.369183713787045
-0.898006778129181
-1.188077856265376
-0.210548841798108
0.231660128503642
0.486853538081671
0.970994429784231
1.262123453342800
1.553157510693715
0.759035109586433
-0.387840709970753
-0.963439684875536
-0.037364525606145
-0.068594634745069
0.364559786759066
0.467319036558329
0.024065227649165
-0.557636152276397
-0.310878185820435
-0.881719848691099
-0.673789242584961
0.389554068448618
-0.767286739371482
0.380984303395724
-1.010290817127536
-0.897583446134251
-0.114849688289395
-0.246784758208073
1.029728276330742
1.006977627252329
0.848723252129928
0.408580583599604
0.283339746721885
0.409254504102478
0.059925397386104
0.108999911850784
-0.376706522448265
-0.463621098964880
0.690959535582110
0.065154437037138
-0.199643239669994
0.739643090226384
1.009936122409604
0.829942693598969
0.637367763034023
0.232677116084294
0.580628994251704
-0.005623414457712
-1.098802536329626
0.261640271400526
-0.206189613301892
-0.835235116792805
-0.652575852646016
0.008598001715067
0.644166152602196
0.878451974210935
1.231243735521055
1.134257104971224
0.239762804473351
0.075945402447088
0.303263500411641
0.045437480493108
-0.734142651354063
-0.692003385539460
0.097574961828775
0.315669292411035
0.346760288326959
-0.358475037388140
-1.182662120544552
-1.544743192235850
-0.267017931956869
-0.635892410664885
0.485114131549825
0.157466214611818
0.153187142483902
0.675976604315530
0.370211979144273
0.791390271781205
0.908293844666803
1.401613264826136
0.808715959415537
0.188947308135619
-0.082993317716343
0.598211386698219
0.823885077576015
0.814032373026546
0.454850516029079
0.313658757437031
1.453402758834490
1.530356055211105
1.763118857012449
0.531035931443725
1.578532176360626
1.037757112377604
0.626675387402071
-0.051957275271230
-0.007889049766690
-0.502389193392822
0.120441624227268
-0.869415030363741
-0.613924986427413
-1.238214805857835
-0.242111480799173
-0.432154202888370
-0.001179019004715
0.590383502330501
-0.093300845271980
0.135265621189132
0.913889590012633
0.354562897169036
0.046054160355735
-0.334919333417259
0.190065456860370
0.454200464731391
1.076781114219518
0.636787638625922
0.622184027541297
0.871834588802651
-0.245380908111364
-2.347204494457185
-1.326034657316526
-1.030079989759886
-1.173197001758417
0.049215848453172
-0.429907088549312
-0.445142773009068
-0.350709878171104
0.058328028840788
-0.049666946822823
0.465863406319206
1.695147120047155
1.013973252899389
0.230001187939682
0.546801410803564
1.376966520553504
1.195955792018195
0.495621944781203
0.387091040262489
0.466744168970744
-0.023411261712691
1.134733523922562
0.611034551321443
-0.117383278553522
-0.367754478735339
-0.240909754275084
-0.142886085076112
1.217641468356572
1.475856694087355
1.096949354975050
0.468815329797285
0.404258132416055
0.277197237805382
-0.281399188579785
0.202638948259918
0.319665821130031
0.665045267640240
0.647595761544799
0.635014705022518
-0.181591927187110
0.581384365449113
0.288462031298487
0.807260884047851
0.396116080266462
-0.749664637449136
-0.415546879427694
-0.179860995135504
-0.946290433327794
0.248908504824120
-0.671601208869528
-0.399127374977609
-0.944770388042359
-0.599753213360241
0.510975147189801
-0.026772513011185
-0.670754675111093
1.158883817406714
1.397868000526125
2.070400515236085
1.667594278607235
1.376511510809468
0.638777265805919
0.802718150848481
0.081157665099970
1.424059866634874
1.164082761194164
0.810083777598004
0.776288869637334
0.264166077780913
1.618306262734114
0.949248716803257
1.753860194609087
-0.039444428989952
1.718804993393840
1.571344822362394
0.720045045634426
0.297322175666563
-0.327630438223020
0.007306887874853
-1.160706200278690
-1.080312426239447
-1.223438003093344
-0.574705059110497
-0.242172880122127
-0.414521853364946
-0.153007569430598
-0.351378459915245
-0.683116034905245
-0.460554477098809
0.307675039762207
0.276400697016599
0.059007691158056
0.210368943620086
-0.004350163005390
0.309055277004621
0.647720513120090
0.859323208061906
0.880459302393689
0.685700398653765
-0.518242612597338
-1.566782134821401
-0.647811650286790
-1.448255680458032
-0.353925486242342
-0.987677090190017
-0.885947640896832
-1.121591289926483
-0.439438430478791
-0.270322376816745
0.071375417850868
0.031445469810373
0.624984780783782
0.321931563491635
0.979094333986265
-0.233405104301246
0.834833315459505
0.965880337426361
-0.203293819883897
0.232735602861801
-0.304533737691028
0.418509600729890
1.421289002608589
1.087398603945690
-0.917344395235591
-0.538418824912553
-0.047583729208395
-0.116673641178236
1.899112465926856
1.911725159500719
1.529848738253267
0.377973119664502
-0.167819705415951
-0.033469648209692
0.448422037388687
-0.101083424625299
0.305194171039086
-0.138709350084608
0.836457389929826
0.770454718168123
0.112845203417729
0.463429163738615
0.507090226639447
-0.250033156154760
0.669704734242898
0.032750076947789
-0.442781358892712
0.192655874537781
-0.902241019647995
-0.440149164927800
-0.444548050097583
-0.809411497683311
-0.845520463918541
-0.049200630594509
0.118939644541847
-0.414382074976104
-0.448353636021516
1.418941644126591
1.697640098999164
1.433831345686065
0.929042742833590
0.389843048116407
1.319282119273457
0.257380918826258
0.327963752455588
1.250852844402842
0.724629550932715
0.970959218588319
1.012190065287714
-0.197962478302630
0.604473393616445
1.325348204834534
1.167257099050234
0.681116622187244
0.696327632448501
0.183899598034216
-0.200171655476888
-0.448019307950737
-0.823459852303676
-0.554274339754382
-1.176276809618778
-0.824745643061226
-0.559950419380944
-0.941389110990402
-1.055054722831546
-0.319398541322900
-0.150260465870544
-0.878302343723531
-1.393882263876491
-1.107898673073296
-0.938097745797112
0.002863943373265
0.002046575090700
0.088945509830234
-0.432079415796151
-0.139165375545051
0.154130304960330
0.738397485418613
0.399911608750673
0.281499060071186
-0.391776097115794
-0.698019719908809
-0.598910571043941
-0.823599330582268
-0.044375602424353
-0.541848002239886
-0.168995212165458
-0.793271049089288
0.044027344219017
0.094939752313488
0.832009809563727
1.329425868430260
0.810331391601219
0.723436312486212
0.082535537423819
-1.024601235767624
-0.108645097602095
-0.150890175043500
-0.061095365675826
0.054097268458118
-0.024405794667009
0.334727015437614
1.600137081516787
1.518180130637100
0.433156384412740
0.688339824619703
0.151743136687664
0.640492232748899
1.512240204371062
2.285692595391131
0.743298122251791
0.749599736014136
-0.924482833600582
-0.785860315293423
-0.051404516870012
-0.705410472000338
-0.281206347419292
-0.099048846195668
-0.210650610519166
-0.073503724871235
0.571031315871534
0.615264648068900
1.391544408581254
0.353130766221204
0.945086946472854
0.336698571667720
0.477502658501411
0.747644417751246
-0.071686245827105
-0.358772630867605
-0.413754507379842
-0.440801573301597
0.134873616641034
-0.579620180168996
0.068546285801001
0.467696495577742
0.706871919178495
1.581145856664281
0.930948353234120
1.115616463689359
0.652055807378711
0.816407882901682
0.973195996304740
1.004001321859767
1.269012243525236
0.819376702618637
-0.049971904008578
-0.061365717696969
0.169990012744152
-0.205599033066000
0.555005020888891
0.911598418939880
0.750679686246277
0.388335672050682
-0.252900409658151
-0.207249261072065
0.250826826710226
1.353754506067435
0.217430015024633
-0.238087078776256
-0.899545919765072
-0.306727893763629
-0.641273195376306
-1.316550483640193
-1.024972053374581
-0.950509865097497
-1.068640425101427
-1.472503446428576
-1.805354073070215
-1.613115715562057
-0.583759695674290
-0.053652369926756
0.135512156905597
0.600095603178177
0.071012586648525
-0.129585209360489
0.008820798802236
0.489966514497299
0.240259257961320
0.729271654229925
-0.450457731584347
-0.327491855844074
-0.155882142686206
0.398773283736348
0.677655146149377
0.221849938816321
0.183503866352587
-0.470937486372407
-0.009613291257075
0.491281291614308
0.305739996641401
-0.235889643952248
1.294185052755968
0.753289188735433
0.043633088429426
-0.642000907429126
-0.839085789879852
-1.012421435921203
0.274342308237347
-0.316647835848559
-0.539080330743946
0.053599993996832
0.849990088682412
0.850607542647399
1.208662167666109
0.227152338539501
0.708569714660575
2.117671452005831
1.869177804941047
1.778386704468758
1.371816368649912
0.717652471379609
0.110727481212384
0.040345231118785
-0.575618758469759
-0.158204244414812
-0.883801580495461
0.006465796233753
0.234657124884614
-0.125440126711835
0.246085911588642
0.575504417765438
0.596175028408326
0.861414141538405
1.405323195820662
0.841659524459015
0.273845048426733
0.222511475645720
0.194254008546789
0.692598044412305
-0.579455263067483
-0.260114819574519
-0.338133139072325
-0.540200752361159
-0.598278893418718
-0.543644181575820
0.343689550772870
1.656265384207613
0.567026666819910
1.475228680656222
1.140592689334480
1.360409178883457
1.571768836302254
1.263060785560452
1.310136130590628
1.916302308376496
1.233208936081695
0.053820022944838
-0.096016622747268
0.030980112619288
0.783633637057848
1.676744737442087
1.320918337994090
0.435555027832286
-0.451193347890510
-0.531924114011368
-0.547539560113336
0.236851778729817
0.168779089185113
0.050585219286333
-0.973897539423718
-0.973700889684884
-1.465768249165398
-1.320908316015594
-0.690759480323320
-1.528540618169808
-1.901762985601555
-1.039522386856274
-0.408607326322970
-1.367447027796187
-1.108366145172481
-0.113721614630184
0.138736096097642
0.851389556354192
-0.285533147290296
-0.245509955668973
-0.303471643001016
0.232296208136400
1.019972779383801
1.025734989917011
0.071013312559403
-0.027414421588405
0.156592751067425
0.686222508998603
0.803130139037519
-0.247335850945058
0.241203365166102
-0.069714251830341
0.088440216154355
0.142064957485045
0.472849996913659
-1.015886674755486
-0.148772769632661
0.882871500990123
-0.186474054401306
0.170013878632807
-0.322918584440563
-0.573469956340519
-0.239435195925873
-0.305426800479649
-0.426527369962891
0.077480440003625
-0.042463767816352
1.349628380696802
0.650170913181540
0.316007595870382
0.405060383384092
2.135132031459812
1.459645533510482
2.497685434241494
2.163945300367053
1.271483564012602
0.197576486694444
-0.075665516889940
0.170652286873185
-0.531339131105699
-0.727261135977403
-0.192011026147164
-0.788277096025844
-0.896262965305656
-0.354151709267106
-0.229044365911110
1.195965258328144
1.072921605776159
1.319441068540712
0.370108150340517
-0.015738009887162
-0.225572235486149
0.125119429919870
-0.055020989876381
-0.465668816833909
-0.647802668385269
-0.811258293314782
-0.705611106998290
-0.747385734172401
-0.639258039652168
-0.709870754140659
0.421041928268610
0.250780145489013
1.200933961455402
1.090217761945215
0.898784650548563
0.637904315096173
1.477815893211601
1.881824290546902
1.157191660579331
1.475701865162429
0.120331444326412
0.690402534008816
0.404953290811571
0.641871915105909
1.578089313333775
1.256046752620141
-0.054371532275329
0.576520107725686
0.501323392480663
-0.069162734821502
-0.003370920654353
-0.589918500231194
-0.451795240341528
-1.130582742360321
-1.410981919719658
-1.773796599708060
-1.664989556820856
-1.565353745221814
-0.833315962455738
-0.845452274007557
-0.985747346218583
-0.683066393162107
-0.627584069397060
-0.574030173057898
-0.494236759034878
-0.030342283947563
0.576573453176170
0.588717100916643
0.112111179161559
0.306988822505334
0.060712221059811
-0.073538319866828
-0.281585968137524
-0.112708550260456
0.156482642072019
-0.740289666505643
-0.247269411527967
0.561563001098688
0.016067625534518
0.681765391862579
0.751431954169669
0.447571345126360
0.724564491308470
1.191345407694255
-0.141983319422297
-0.451862554519615
0.118742092144030
0.774883006002499
1.004711104342381
1.139211725491477
-0.075266591587936
-0.238894254830433
-0.421983523387649
-0.337145974758948
-0.509327760714849
0.297157527506351
0.246836268078817
-0.076413567889416
0.928362193736109
1.321664074261441
1.442750837916426
0.605729259349924
1.013279489234665
0.160566896904438
-0.334934756932241
-0.743812895776832
-0.498747686593414
-0.529561891078117
-0.755617120047997
-0.006144114967706
0.706543294611895
-0.157142831385901
-0.564485765724566
0.186548672271219
-0.329687813513909
0.311667789448564
0.550963176650479
0.552486213774347
0.018617454082693
0.163776101624375
0.521445309452352
0.194409031215528
-0.090705448362222
0.075786261643780
-0.414189293479104
-0.704165844161138
-0.324738532076156
-0.757170055255396
-1.169371093615503
-0.970889823724620
-0.536793280940744
-0.683398903610442
