1.310491924354248
1.273054997169794
1.221586690290857
1.131082102084436
1.051537291752656
1.031019977727525
1.019976408182197
1.000103261658006
0.996715870459404
0.999989653402623
1.013483040945762
1.068374355099486
1.116788635084749
1.139461190957961
1.136684584166320
1.110875941102554
0.958110532848789
0.839748974168068
0.818988504169381
0.819636857822881
0.740102631022717
0.717409507808612
0.644861132663517
0.671125647625691
0.737631270502041
0.803100326483995
0.912601676296997
0.920071284514504
0.980866672872026
1.046779518501730
1.087548860449640
1.199075514709770
1.306338224639608
1.363683049315856
1.402607104702263
1.387450649372779
1.344923770486285
1.293145303303904
1.156313108182874
1.003079304291908
0.940428822169882
0.752007294998987
0.571209625493978
0.565332438285958
0.560992351950611
0.439608968006420
0.329856425250715
0.217560086237069
0.228991120630558
0.239910530628772
0.219557158126506
0.165049078821875
0.067890521570373
-0.065908947364009
-0.207899167385098
-0.292882370493891
-0.343712014102130
-0.349716455530311
-0.324772415902788
-0.307766079766993
-0.259243124671514
-0.213280893791007
-0.239328658010930
-0.327290317325675
-0.382530129461081
-0.398853326117141
-0.437124833764179
-0.465779325720025
-0.548848839458928
-0.533695163408528
-0.504674825709890
-0.351987247968201
-0.274030452935439
-0.143297320680833
0.061499782907777
0.237979501896510
0.419846129532232
0.432021960991774
0.549903871614596
0.599543342234214
0.690456567843414
0.814861832079603
0.975680359020977
1.054661744468159
1.171833892549200
1.265063118580783
1.244786958608423
1.195020965788011
1.207907162875805
1.225122197084580
1.205067582721461
1.220116683407422
1.184640764433681
1.192183608548367
1.268335459833363
1.276907243222315
1.383853723910132
1.454601064145031
1.477826944804263
1.403915623466170
1.295494078365947
1.236470898871091
1.175819624508816
1.035396890888976
0.972181554699617
0.943071505547058
0.936897885476014
0.922854572466369
0.906923499327769
0.981346176041444
1.002333350363106
1.090081409197058
1.111039561489200
1.098319535974416
1.106254097477774
1.018963246467712
0.884562909775162
0.806164857635857
0.847728809045619
0.866803281713403
0.826546173647912
0.810167778289466
0.687376611872774
0.650101955489991
0.699157435768283
0.741945538756101
0.782305778560053
0.864696061515405
0.992550203149469
1.137318441008224
1.210738902273542
1.299042806901473
1.373966704738595
1.412034721079056
1.503498775196717
1.515695187081453
1.460344250879637
1.392178556305476
1.253640767032451
1.123928697968912
1.049969059445962
0.829521498573136
0.664021176748615
0.597799477845287
0.586527510207944
0.503079067596189
0.412090055076563
0.313266888165543
0.364983126949044
0.389033614456029
0.347295829791697
0.339754632715846
0.213585066367660
0.070214490906287
-0.117841035103444
-0.204166104910744
-0.233026964365015
-0.199712549504581
-0.163722491626206
-0.166383418095702
-0.118205409236278
-0.093546928490918
-0.196786117392586
-0.304314924383777
-0.426704689988301
-0.417266216395128
-0.381473388794273
-0.364165528795308
-0.330595722413301
-0.277080157395852
-0.226628852337920
-0.202189355526725
-0.166207316573328
-0.019120604270791
0.134087402177199
0.323373549115087
0.466451324197410
0.510177051785909
0.648478941749641
0.704222038690278
0.776891539822938
0.945714273733853
1.109419152093639
1.195655578227875
1.306195399036040
1.318661943375727
1.292089694656155
1.248470238110343
1.239122564567231
1.246229797570316
1.276149390958437
1.305441648453150
1.323479213038795
1.323713494948816
1.420729958618488
1.409433075917722
1.430648471112834
1.470488083053515
1.437438098871405
1.406857815234105
1.292699622732822
1.241292829894012
1.145479022338343
1.028373425107262
0.896634543203185
0.845988087462112
0.862119174752505
0.792428118736591
0.856067642329715
0.927401014046830
0.987816379470763
1.022974991186649
1.006186595923662
1.000035015423486
1.004105081829059
0.927710879699182
0.823791866324982
0.793541682078225
0.829098018089729
0.820258996066041
0.807854999321367
0.796665957895805
0.749865449290758
0.779560549041287
0.775987417532070
0.741188610484208
0.824079682797807
0.878530267278666
1.051797860542272
1.117689310094702
1.235517802344984
1.380195685278835
1.419793554074569
1.461920213537004
1.534416185050219
1.589148572050294
1.527514448866828
1.459468189865030
1.342484721883566
1.193452755171922
1.030318556626947
0.862233931938797
0.779118087300228
0.704439568866451
0.626936606986906
0.586016721373358
0.560357022988349
0.513795174379153
0.500374071873673
0.549498232737067
0.483174293005240
0.404062088180107
0.316938435604730
0.145070112804557
-0.037885525017021
-0.042295681234006
-0.035791728193236
0.008241195184802
0.017952189247261
0.008379476079178
-0.019334979489554
-0.034156804261614
-0.148021062885075
-0.278763426544884
-0.374496181178804
-0.356023194484304
-0.266947486154397
-0.197498986531858
-0.155151807012586
-0.081706926785753
-0.050792632996998
-0.059814614638563
-0.010008762619066
0.068944913944009
0.203407129075221
0.372851712108290
0.435961505174962
0.524845955819686
0.640859366178123
0.794960037140954
0.919662153155674
1.125708953411557
1.233485174539906
1.324202669353695
1.390625574261700
1.447231970179225
1.418757440090235
1.379841618528790
1.308625413409575
1.324348893190355
1.366611961115396
1.426999712580473
1.464103951563129
1.480543390175851
1.536743103234710
1.516800456634067
1.505453614382060
1.442693458573197
1.417456374047459
1.400930182189438
1.308748637543527
1.178403810733474
1.107412839877313
1.025300982328020
0.897334570739035
0.849348069403844
0.794444763639607
0.738669607151014
0.808109395944128
0.818699284901399
0.819913081689838
0.807326304954553
0.862081379894259
0.824220404341593
0.775010893531825
0.761349394214103
0.725971170405650
0.698052813555773
0.719124882267595
0.771268319643878
0.731952715010061
0.700454762099078
0.679563598260398
0.733103721125996
0.792005387382664
0.849413823025806
0.934248619199784
0.970612423759673
1.108448095868130
1.135613370845395
1.286603660329578
1.377276239388625
1.479031117060401
1.552271241678318
1.609938292743993
1.592468924677458
1.512425488340790
1.498391064007278
1.413337983616734
1.310650577161634
1.123512281399298
0.969166337580062
0.936427118783989
0.841513242494343
0.702371359770243
0.613543301900799
0.645740324293128
0.619699671697551
0.565414357111068
0.637039597815491
0.608324489330381
0.477963166869901
0.426808944881135
0.257926723645338
0.126079484584201
0.139630599714860
0.138141907433919
0.157244667347832
0.256910341277109
0.207642864153543
0.108750253144209
0.102014453488767
-0.062464600897115
-0.211436471763615
-0.231617360359069
-0.233501527154445
-0.143110470768328
-0.069094016513090
0.023671801144705
0.056634878579496
0.080738736440504
0.077762407401543
0.066028048315308
0.186031734373598
0.241473661023333
0.364796101032376
0.518629206628031
0.602141040007390
0.690635367168275
0.850632522816613
1.021700101179903
1.190071612447206
1.352047258347269
1.455428560860482
1.531371133782318
1.568066955696463
1.550338179353650
1.518691414402481
1.456142261715388
1.448481192051622
1.523338671770591
1.601321731077611
1.610752439760087
1.599987953607677
1.641497349935251
1.613382450620582
1.560022412270804
1.457069535858434
1.413052646271835
1.403580852172938
1.203584906835404
1.116356938145297
1.026459918662717
0.953039828788553
0.913778492464293
0.863934640474820
0.748917792841873
0.718125788782681
0.719190945034778
0.697462012411009
0.629981253253068
0.610534425488717
0.643197898677134
0.656973064700396
0.577821265234177
0.609435543864977
0.593427706328531
0.543100475814140
0.576682117145397
0.609700287841736
0.636321567903234
0.648727653121407
0.635770567670016
0.640003891425937
0.733986247482469
0.818650150349882
0.949268597233995
0.973661633183081
1.129383150521892
1.216929892219849
1.385381178979230
1.569114200705741
1.627209253034336
1.708019337424721
1.706265960900680
1.587428415998557
1.498305600003577
1.499330766223829
1.435566239904813
1.321634398902847
1.170497446206668
1.053944838892155
1.088568086253229
0.981081253904358
0.837265317803960
0.734448685912428
0.681904282601547
0.596752711600354
0.617551684960784
0.694131845807117
0.705371066455940
0.631978574435047
0.590336110299909
0.416876222571261
0.328572249590053
0.323408551220976
0.338901365804884
0.355591001408993
0.393311137931764
0.379960341503679
0.346234577816681
0.271409374382695
0.092779179989423
-0.035224318209986
-0.093639879813247
-0.098106383390298
-0.001048763699696
0.068794271364843
0.107523678499891
0.153757043367678
0.203843950755332
0.185752288677048
0.159464679037891
0.229112852904899
0.329195542097265
0.456396283654922
0.593612815353508
0.726095995712147
0.827733804944333
0.916055823353895
1.076555604580392
1.248402562274299
1.409019199800679
1.575919704763021
1.711123325541543
1.747752372168516
1.691150129646058
1.629092017717042
1.572913067844142
1.590563525730344
1.675410591163799
1.718052434124408
1.744055063559421
1.719565871805001
1.725356756522306
1.681324890941897
1.642728406992921
1.507152105063876
1.374026457997037
1.318940565845660
1.194661270783060
1.046301222405655
0.944876215700205
0.880277259723824
0.866206062892001
0.871435718825232
0.752758286463920
0.660010809923018
0.640361218503241
0.594479331123200
0.520591372549917
0.465146079539744
0.488615807272945
0.509396353519088
0.514980846958564
0.514721800565122
0.464754762877576
0.426968103897314
0.437783059979027
0.469975186235986
0.575793834446853
0.597547650468431
0.597281838346484
0.636612655269581
0.725374938202944
0.853480342264689
0.930892372423520
1.061238282865631
1.173057366951906
1.241148417455564
1.419872076683798
1.597861277428649
1.666739303967233
1.714580613645872
1.693927345894804
1.596632939847136
1.525480998475583
1.556434527966980
1.502307306922346
1.316905440615455
1.208535668160036
1.157037305272427
1.153779647684597
1.076588984332426
0.942006953426465
0.830267253636145
0.739544058164046
0.644004012473903
0.677533720284134
0.751657738239136
0.817948363624251
0.782294322177860
0.685552549925439
0.564285958755141
0.520500177554341
0.532014472484776
0.480344501581415
0.484739796401566
0.521468135102083
0.517321598268952
0.499119049059690
0.410510513796767
0.247715343478172
0.069127913569841
-0.020229232852074
0.006949363504585
0.071854581272138
0.114355428417617
0.146774261861812
0.197441575102513
0.254255828856404
0.200345482723921
0.239544405408263
0.296590366516598
0.453304514153649
0.577076499936223
0.691005279962186
0.820604484307073
0.907200632867245
0.987757325138574
1.169027450781137
1.325979767154075
1.498163798154966
1.696997385400571
1.824363892076497
1.886090913485900
1.839959028961972
1.744250695923329
1.698438730337869
1.720355761342108
1.760491064018003
1.779783962454352
1.732504399241336
1.742290707381516
1.767489229720794
1.681283987751973
1.621841616434107
1.538682371952475
1.395927013641470
1.307067965159673
1.203813946946103
1.082059893660749
0.935526774738230
0.886473961820502
0.920792337470235
0.858455324934079
0.732314325977354
0.672182430415626
0.641752615170507
0.573339978647967
0.498756629920404
0.473314186625450
0.472424956930170
0.447255598917750
0.419637588431329
0.394256190168923
0.333561049047632
0.341485662223146
0.349044467300880
0.385902134695969
0.507940677013811
0.599603609558383
0.632597116984196
0.635596133666394
0.720738976565654
0.852544866106661
0.976518746088753
1.110059881201113
1.208918659143689
1.326258035973794
1.438712476054882
1.458846454210464
1.566806266065741
1.644062976248595
1.645611197604693
1.623332879514595
1.580588651708700
1.524432560637953
1.396893948305350
1.278126336127386
1.235521564615517
1.227660571173001
1.208430893281427
1.118078806484784
1.021289681288942
0.902429391126097
0.803619876705121
0.769294298521915
0.754185146887061
0.792604909202344
0.821818818965296
0.800766109923762
0.714629552587277
0.628582306616536
0.579733892758184
0.641527979547881
0.582318347325509
0.590098446787613
0.609531276988761
0.650031401332155
0.649428055574553
0.513993240639597
0.372242046251306
0.206457985477354
0.181321435953682
0.190426638516347
0.171475347758421
0.172771227925820
0.240564816082560
0.237173634833051
0.276099030348413
0.293957994828356
0.346525354318055
0.373984944237456
0.458782184683956
0.594380297078643
0.739812133866763
0.850311086450936
0.935526501504323
1.047629803995799
1.199678971932844
1.386923413260509
1.560913407859499
1.734768726523552
1.863786141939628
1.900535534802316
1.884008895237002
1.826854169850951
1.788522293324779
1.726312795028686
1.713744975105753
1.727199254029020
1.695337699469205
1.671519343636529
1.680201679007109
1.639036724751836
1.620142379294673
1.530665553467019
1.422563118982069
1.305490338712565
1.187944877150462
1.115495999760824
0.995429882897640
0.913594328153280
0.869469225184258
0.844813052699218
0.795246010206539
0.737750066031639
0.681218891401087
0.615175706790213
0.517639153887265
0.520362710712730
0.518074890344853
0.433174257832881
0.364594651031453
0.325880631416228
0.295462346360028
0.282698313660767
0.321328459864589
0.396645000689743
0.456284495034920
0.518562823788740
0.592682499070553
0.610345916696460
0.729517054502688
0.801901347144775
0.943185134756426
1.080271091160986
1.216115691792720
1.333352073280325
1.357478490543238
1.334416937642430
1.447920806746224
1.536453609663599
1.576987528975417
1.582790887166386
1.557424591455455
1.465732558587598
1.337063898426480
1.301844391100986
1.310486262030302
1.319397176555609
1.237259194956678
1.151699918408406
1.068933612853896
0.974157474534702
0.897563558953290
0.924293224012183
0.912468120466907
0.904301253370713
0.886622918094938
0.874929915898369
0.798465918358285
0.655106372610643
0.621160501654523
0.627155833950103
0.597347559137898
0.643924871388145
0.675064956299325
0.681258782544230
0.693096815197095
0.659481039109440
0.527353985327453
0.355753970588692
0.344918014338508
0.363398183658046
0.310887600796087
0.308422267160330
0.303345556795007
0.293975810493994
0.337087739225376
0.399534636049761
0.455910303706759
0.448983627338809
0.471223780105148
0.631124190297950
0.780241255709512
0.888905574277946
0.999962849204155
1.131468727426320
1.274823522535006
1.386878770400701
1.541292678053698
1.704786560390504
1.814731224992006
1.882809841517248
1.834606242672382
1.757306612123766
1.792271154606232
1.750385387859983
1.668623087371412
1.650225920331633
1.614727847008133
1.576863432198827
1.578294625052355
1.614013617738943
1.605556221111390
1.483969046826018
1.391306447236444
1.282284379916649
1.143726773983848
1.037613486565356
0.907624649756512
0.903667630660926
0.860525075781989
0.846169428579720
0.799226388878924
0.685868652827595
0.653708013430363
0.617610674852160
0.538174920659212
0.488260497720871
0.459072250002611
0.407097153675659
0.284562588874871
0.267769240831220
0.256430486352313
0.206345404384351
0.268797186765580
0.351393583991243
0.457592466685507
0.487097011933420
0.556783380056008
0.637457078089814
0.764124928704445
0.781114561201589
0.890404548136282
0.988575518680561
1.139573277245021
1.231476586943476
1.254035662594852
1.343008260097431
1.425140901446799
1.498811850272435
1.503220679243920
1.533404017754115
1.524230204455369
1.479764316447305
1.372520989276880
1.358442267499379
1.336326338044052
1.281787188941827
1.222827778275106
1.209413676526614
1.182564457899350
1.124154858785132
1.037917560201569
1.026423070820081
1.050380234434387
1.005356751140175
0.977168429427033
0.966748944724218
0.897666431543218
0.736395503776272
0.704065583813217
0.633571404858624
0.598913336558500
0.724262379154699
0.743928969217480
0.698811506386492
0.720868257671535
0.702047108199506
0.646490740628362
0.466035869635615
0.386008789471228
0.333200900401154
0.360433060810816
0.380164081174138
0.393388476982630
0.392375727969607
0.466017313927810
0.518337035824960
0.549535845580268
0.548986179182352
0.514085329016438
0.578618334297155
0.745176173372626
0.902948371504089
1.037777146051555
1.215559834092028
1.388975628692139
1.458506607729074
1.546648664218288
1.670332779804918
1.761501505591292
1.829191579028840
1.762375070163751
1.734773240146434
1.759927178248092
1.716526589167929
1.625740902716151
1.645992124924913
1.629375890843118
1.617122374746073
1.640656410380243
1.637697688037912
1.592253149975136
1.527663093087160
1.402851047512456
1.268858177042014
1.070632321940071
0.917077343612256
0.841721840251547
0.893813511409972
0.901861565436516
0.847365367241832
0.761720311549022
0.680345466335864
0.599199885737581
0.562129863975655
0.528049594049636
0.477983475052794
0.422272096598929
0.367305024499915
0.303898734137558
0.250915793950334
0.163495876996149
0.126871147576909
0.146098861093749
0.298235756643614
0.401189141761584
0.370461884470504
0.507178722130508
0.614203920747992
0.697699585313777
0.758416679384609
0.875521699188769
0.944661395905447
1.046063874539436
1.120092613933044
1.182721731174054
1.305404695198428
1.450392119917333
1.478887299309125
1.559954007476036
1.591434067200364
1.519278998792528
1.445739780730307
1.409807584427737
1.369944404181287
1.336063085792974
1.288820297812605
1.323508728429613
1.349907613568847
1.323590824482484
1.274688869063214
1.191001601287289
1.133545242364007
1.053051427633153
1.022818242075032
0.993139761845366
0.941053410058822
0.885809253514694
0.810141424121957
0.781311859319024
0.667052030880517
0.687351640596013
0.762068056882985
0.743667004105577
0.742121861442348
0.764158902244831
0.745026393783944
0.727823830712802
0.564940156342571
0.424707611964391
0.399556126678039
0.415192898417665
0.468117425972867
0.489966686302535
0.446988161987571
0.539931395957764
0.655149181389109
0.611066759572575
0.672167265322784
0.643633612798517
0.605396478385825
0.673834314655552
0.912282885124277
1.092380379253315
1.298044792141416
1.458545686723425
1.500796142425648
1.607142623516474
1.681776638959672
1.753743939040759
1.795605390280248
1.756427253518077
1.703925353539012
1.709268009957922
1.650929717100315
1.689875832563004
1.665052191372001
1.627346000224914
1.700794928651822
1.685064921976558
1.579505539599777
1.504737928406783
1.452219174633616
1.368565024886500
1.256846046002938
0.985194108121605
0.835946375041457
0.755828711618049
0.782292279564879
0.839044985831947
0.810248967930368
0.752239090674940
0.644201168429078
0.539896450941253
0.503928837020410
0.490773065831996
0.483579987245835
0.461110539243877
0.422910267827058
0.352815889524173
0.245119428976650
0.090266191925751
0.032728187336863
0.128987588707465
0.259941211376985
0.304249307514290
0.291931356528862
0.448966324313576
0.508364241727237
0.643925308237231
0.687802105446293
0.810229041947978
0.959230163294572
1.022954560148253
1.100176442348264
1.159356291188451
1.273046092469437
1.354629631167737
1.384476492425144
1.530949346384784
1.549761514741050
1.479703595728154
1.437010897937326
1.441899965835201
1.447135533576581
1.449237462165481
1.443396179605966
1.500786850770038
1.479843226127789
1.414319319483652
1.374561845525525
1.289790106811765
1.192072263829521
1.080307388124500
1.045526759809821
0.987823152204993
0.906313326615038
0.864697820347791
0.784460382280695
0.720187994379745
0.693815846519711
0.750311807034144
0.748791503494310
0.734382063969304
0.783959048303359
0.863993344992111
0.856111253237940
0.781598337720211
0.609531315572518
0.541984229827250
0.559660216000787
0.559649213204644
0.641742935895595
0.670637555983132
0.582372622693614
0.644591186445392
0.686758419344455
0.684313888842114
0.734968645925355
0.745489703563908
0.786615713240050
0.826678539693473
1.005570564079555
1.149219919989013
1.377359552594168
1.496256892159377
1.542098546554116
1.610113448938479
1.679570455206574
1.754026279283261
1.732539079372802
1.736020008789637
1.674766797117553
1.625268831276794
1.619920459773195
1.667023679171177
1.646846447196010
1.623258800905783
1.676865573979955
1.650378988943914
1.511882877126719
1.338403478632081
1.266264012431769
1.181345964483719
1.107369685699024
0.927864843368534
0.824923602651279
0.699185822153752
0.718084395808555
0.778501413142821
0.805826402174024
0.800221538133513
0.671791448994190
0.521527513434327
0.420445974119644
0.427820867261770
0.460320345100133
0.470025081279606
0.459596073657252
0.392291940094481
0.257977668985189
0.109439704641447
0.064446602221227
0.128847780805857
0.192875664937565
0.236680250176084
0.316503879590597
0.396396222897821
0.481966910302721
0.569113909862914
0.617092065056067
0.729229534172042
0.870468613036096
0.956094223160218
1.068658256642662
1.125784445513882
1.168405943803141
1.250262007730142
1.340965226178163
1.451871576276034
1.467349235088307
1.458776266103941
1.447995802064067
1.460068149093424
1.528391618300222
1.579747373793100
1.641006048945417
1.652367071753438
1.614060563627471
1.471896602836243
1.422222177130029
1.327220584323856
1.214622003305675
1.127783519492848
1.053092584762883
0.995987131474712
0.946819797874435
0.862302499606994
0.803748183061808
0.742604462589905
0.699580108208467
0.724985513699682
0.777619807871980
0.795997519162092
0.818598243110745
0.915386173092720
0.881341384221924
0.815112292327697
0.707562696327960
0.693973203488898
0.718081306949736
0.787064462318033
0.827979473063328
0.842424489558620
0.800250074489957
0.802639283104295
0.819126167703223
0.821741078474810
0.825352795457371
0.904004008935135
0.955268564135926
0.999454386474063
1.113252886554509
1.226740496979955
1.441525211093077
1.523903817063326
1.607886904829341
1.605791219320373
1.651093743191494
1.678962300037454
1.694462990705288
1.714115118554396
1.660027849158879
1.541557742725608
1.498099879698172
1.532483903151685
1.527026887502213
1.558844618666227
1.596629727193551
1.591513385222953
1.508256004055605
1.344089864351207
1.190964951331832
1.050655237125793
1.008532316447768
0.904921743954279
0.847262385693589
0.772297359806002
0.745634939769100
0.763818401586849
0.798271884368490
0.746571168177865
0.641152899106944
0.511837680924340
0.390347919627872
0.391159089823494
0.395941943233144
0.405517779406928
0.446169395535623
0.412067584740702
0.272487225019829
0.158641799525111
0.058536810571537
0.100145366769877
0.157489255414380
0.267185048915487
0.304268033584854
0.279500678254437
0.337343506386144
0.444547706196592
0.577219782022204
0.719282607247154
0.831196108823224
0.917026809616367
1.008204231984792
1.048415393850974
1.069402237090128
1.119237828187170
1.222867072211025
1.334470059844578
1.401489624867867
1.439214797370535
1.514691635015071
1.538172169160301
1.577612214788277
1.667580130638194
1.774847898212095
1.724921649969025
1.616092513142886
1.574082292277860
1.488073297949363
1.388994380641070
1.290221576369952
1.167653975058799
1.079218594856079
1.007735203731130
0.947681844132873
0.891451388729994
0.868236405974987
0.823858918334438
0.783548624173770
0.754955759561660
0.770065650088079
0.831260069785786
0.890614422825653
0.939162119422958
0.932182861828100
0.877475882117488
0.801482051396605
0.819379296549227
0.805627569074135
0.867718738088678
0.993476640809139
1.036798304034695
1.009579966621331
0.932517687779855
0.940607562188609
0.923332000940715
0.914092828556833
0.973501929567414
1.041851976178594
1.096424010590549
1.173563330023162
1.249088326625907
1.399182629034756
1.489804751941557
1.557139179657230
1.613244076855504
1.651226873287538
1.657856819995151
1.618111073973493
1.632490196074114
1.636612890693865
1.464255998345985
1.338061776545748
1.404281837019631
1.404298338220485
1.465950346123183
1.486527487850978
1.485680858925666
1.466105470199910
1.333238703271108
1.106113961881886
1.030973427199090
0.934172177279964
0.900726737868709
0.896867275504470
0.873236999960084
0.745338792298612
0.717852569717542
0.763246603980029
0.665373458263549
0.574500582533566
0.437921700501824
0.322678861646989
0.344025497135760
0.366670573602388
0.387700908003164
0.397250288597625
0.387703395659391
0.255755675350799
0.179922953755508
0.137300133636704
0.130490727513286
0.168069700290573
0.233075345334722
0.247382457802429
0.164469924735866
0.151003299184429
0.283849681342399
0.454254030146347
0.609688739702770
0.705979001977406
0.834495381966689
0.933485061065963
0.935876784802725
0.935196712264373
0.985022881197776
1.111125792409826
1.222917485097700
1.345191315637061
1.407910640596139
1.457595094334573
1.521256882731621
1.563262194143452
1.654804136292687
1.772225851783112
1.743100283964629
1.651160535543144
1.569107721577355
1.503848977213999
1.445941836797387
1.341250068573340
1.211274335285213
1.113221687205106
1.058508723653555
0.989555740144638
0.967493302535870
0.955314503664678
0.911015064426165
0.884988005359971
0.856908455322823
0.869320009097941
0.844851346132199
0.912344712845647
0.998070559763129
0.998798230402982
0.938135913863817
0.867807927579261
0.933886587992664
0.904150530608363
0.905229814909716
1.045968051671394
1.107219113164008
1.163223584107356
1.112793067891920
1.012952091879727
0.943835640545219
0.942144268056159
0.953527511584919
1.043191099042962
1.121796508870764
1.192081407208519
1.239471930952845
1.366422680675369
1.460303542997917
1.500204075023036
1.547515820969200
1.596316110322847
1.566784356501607
1.542712720655429
1.516950454115247
1.537286483884643
1.421144884287142
1.327434152945800
1.375683930550909
1.374523183256421
1.382924314013937
1.382534463522030
1.402140413319168
1.343738072583172
1.264572648706447
1.067490051655171
0.964451379597204
0.940926790267282
0.911658002372246
0.905988199440912
0.871529886537170
0.740122236098732
0.688120416597752
0.684882431160121
0.639788403582889
0.588959959607942
0.426428663389554
0.306096065591758
0.354375016296394
0.369462442294673
0.435572218140106
0.425157735758906
0.309200458508679
0.241778580295581
0.173819999715115
0.165440448445517
0.187149915281787
0.194455188590517
0.184127868270691
0.179820746255094
0.077156186757034
0.157233897203483
0.229064990873567
0.316260448011279
0.472335362953833
0.642474078461456
0.784016908404927
0.875904934362510
0.897376325783546
0.900832542433233
0.899382629527321
1.035173058602661
1.148408106787345
1.308057669454449
1.450231735627787
1.470889448525998
1.503257543063396
1.580287231634921
1.585216440321345
1.710558126582522
1.736162827229867
1.649594699773410
1.583934189493664
1.566793246977363
1.485084024387989
1.367722621985064
1.234882443825740
1.174358344654428
1.053437691487882
1.072440889355969
1.105039908590483
1.019247955139120
0.914268320731419
0.953954658197829
0.931531729950458
0.951683985926778
0.938438139500436
0.943944247216803
1.008702616089103
1.027775394859635
0.981493586511194
0.949686366249994
0.978562222344144
0.931058533558984
0.953278534965682
1.016870163340542
1.133153415870333
1.229168752981234
1.164865779707606
1.044753310253637
0.915522197452496
0.888120789061547
0.952342856953916
1.040027700701163
1.137298208358382
1.226171441307293
1.254978358385752
1.373721118286991
1.471844222774486
1.544541177214739
1.600459236726539
1.592018190075253
1.610036053832343
1.537153283553899
1.477218797521737
1.488946017725665
1.471169458635277
1.360228460445298
1.356212038843551
1.365534309206768
1.425822483725751
1.395465062285570
1.337169243821892
1.314264562198110
1.211173301343729
1.028823379532060
0.937631910428296
0.952082354578386
0.979904277646789
0.890057695981327
0.857472964927155
0.772512927272365
0.739983476174829
0.705968958592750
0.685595608426355
0.579933917824984
0.476027635519164
0.421006286335118
0.418222476273719
0.418958661066306
0.373487077717528
0.326179288696231
0.252111190182585
0.184851512392686
0.099857394844326
0.059061781664747
0.124935411170150
0.173486041535629
0.117800018216553
0.097550970576332
0.054991946611446
0.071261485913196
0.165945766411501
0.297328001756035
0.421859986076339
0.595346582096611
0.769388976344907
0.848599426547294
0.888769001066700
0.911316631045631
0.908728780821224
0.983960067948994
1.088047116483462
1.241411303294340
1.386888164976111
1.472416548908531
1.483126514985363
1.489108437330111
1.519788367206733
1.623520075696619
1.689833383592633
1.707598805124868
1.686514457674662
1.663640726914501
1.527590647614013
1.419364852779138
1.298158168526674
1.188997626968493
1.121526687401687
1.156620296864150
1.163872168887222
1.066435115818601
0.917342047868682
0.878280839793693
0.917977338419260
0.976032258451922
1.023287130662533
0.969091832907869
0.941436259401892
0.942952857297389
0.897528243854933
0.881327066077040
0.888140452765905
0.921349753258107
0.938950256298311
1.026606316398162
1.127015751957817
1.176042594109996
1.100490444503232
1.040058725748476
1.002883900880751
0.910818019616665
0.937775549065448
0.986198058486865
1.048914266313494
1.179334747167005
1.312638159200453
1.397589233692681
1.440881935794671
1.551541908639710
1.647224769935603
1.666483005847310
1.687936583213898
1.596624818206651
1.516703142705079
1.513030868227578
1.493323856798620
1.421088258631785
1.402289672639501
1.438399799150667
1.448032339032127
1.390987438026823
1.338611994817380
1.294401574852001
1.163086814377758
1.003614642230801
0.943586553895456
0.991368554036592
1.019217029205118
0.933651695485514
0.913172162808066
0.882517091027348
0.842186349273673
0.830683038325298
0.718855952688367
0.589142422073846
0.557643147301803
0.527466090461213
0.467048058930798
0.484677980703213
0.400568395300680
0.307070856799067
0.221355866210858
0.146698405480996
0.055692120260648
-0.075440356946341
-0.009594835916134
0.075886140163403
0.066528695879730
0.079467368004012
0.065307708008733
0.082548897127723
0.192504029836560
0.301248300987261
0.410192582329945
0.563740323853613
0.748013253766289
0.830568050486259
0.906360410281810
0.915207689035557
0.925071359387567
1.010502979931181
1.092901214065183
1.226487474967308
1.335791934154228
1.419813723312535
1.441061644019876
1.493732894496339
1.542289235905291
1.577918207050171
1.626011203851660
1.747314923594817
1.782363619400246
1.697871787682358
1.514584994776679
1.449170986384918
1.304039378376240
1.212301725394974
1.238324616754145
1.236982998251069
1.129090087773564
1.061612297243782
0.982157884983170
0.920355549005488
0.980335083111067
1.060380054601290
1.050633477665481
1.016890195855642
1.009339003804528
0.924316204869942
0.884329893616934
0.868784267995533
0.887252991738381
0.863702573650232
0.905777791169531
1.000334209375380
1.010944369293081
1.102879877747019
1.094417321172118
1.056472429686096
1.075028375607597
0.973292990911340
0.957087803289178
0.990108919548162
1.088705030888344
1.184901272547879
1.262786539523148
1.371576793491948
1.461717919834882
1.562260030781958
1.670495109866533
1.691187301480057
1.676083835451851
1.606806126076695
1.565538207536605
1.513495674806744
1.438234444589054
1.407076828080232
1.400063203605817
1.374320951012354
1.346440834538102
1.248974837825530
1.197330406086371
1.214151596310472
1.091307354328762
1.027645936395484
1.059696183671523
1.091095580962290
1.020309598742158
0.909067064258138
0.905743555767563
0.904072380969524
0.874805860137871
0.791869116402851
0.664687479684781
0.584952191823402
0.554670486363358
0.492955355338700
0.397463415767607
0.367732777446748
0.363375812247587
0.301048967778984
0.156318081970378
0.056937789176481
-0.083876649536743
-0.094533614983418
-0.072855728539190
-0.057025491476248
-0.000055636303931
0.025077219437024
0.082861471435983
0.134774727644724
0.191343814383551
0.271834616173617
0.387537226168294
0.522718995366035
0.624546041310822
0.743806738105003
0.892054973868864
0.965931136637597
0.995184721603648
0.962242354675051
1.023722153823040
1.210256010075494
1.327515137393835
1.322557153772584
1.365216654582593
1.417076055699702
1.433518266588802
1.470219236812411
1.551909427930483
1.757716673718774
1.831809041864427
1.713176896714351
1.552860239385426
1.439492720076477
1.351539250316238
1.275930182381338
1.312853091488198
1.288767812680946
1.206532530089846
1.183576222522948
1.083432148680195
0.995403972908887
0.984856531875295
1.039539626840741
1.042267240080586
1.088624352230942
1.118802073763586
1.032050147735012
0.964722753817534
0.925174866643527
0.885362189555555
0.861299760966702
0.911595725332522
0.996202200077746
1.056969336430140
1.098833798848719
1.066776380279144
0.996833739402093
1.030628839489720
0.939831939905096
0.902225085232507
1.043834280693006
1.180185704086867
1.209560117354880
1.314637029446359
1.449871739484526
1.570518063156346
1.617321608198479
1.708742024158004
1.686794896826685
1.604458863915375
1.523921311621432
1.468157102621897
1.440453187040965
1.412996614133663
1.361577156815617
1.308109717982920
1.242420375175940
1.238842485173844
1.154776035700698
1.095446396637589
1.104876614401447
1.063117892400585
1.008835857568280
1.081070675413445
1.108732952856136
0.951242265163682
0.903970280369811
0.910973291253894
0.896796636270157
0.908969430506808
0.754433149842086
0.642828045153963
0.556297173619377
0.528833585190802
0.436519183677388
0.307860822762577
0.217667990322895
0.242948375055941
0.202714954880787
0.060241636391441
-0.070627408237768
-0.244335951936516
-0.268820960692130
-0.233079479643463
-0.197045781975230
-0.101885821922056
-0.050903843647758
0.039539203474996
0.151951609541345
0.248440522662599
0.297074680983441
0.382661248992426
0.445566598668863
0.530727848951257
0.711658223390909
0.851740244553561
0.963050730950073
0.988495797929916
0.999677778165656
1.007983379315881
1.138416192500205
1.285628351924709
1.275021296631858
1.289283900401336
1.314052090614318
1.324121585595658
1.416027907802782
1.456704048985616
1.571805997526883
1.725174951032564
1.697907271608983
1.610791253489200
1.513819644918092
1.415060327178824
1.355614180046993
1.367531970932113
1.311198983673567
1.282239339322379
1.273271802763545
1.204916593873486
1.058445803228063
1.026752603660349
0.991103627512915
1.048268450727109
1.108818400949202
1.104030798934719
1.094500952151485
1.056688792395293
1.014107191221102
0.998106642848196
0.985004583981417
0.907872822102518
0.933811661450454
1.023890010997671
1.006115244159257
0.996336119652266
0.988212083667431
1.011315396672835
0.894959904440599
0.858919556351409
1.018447901385623
1.194136771637269
1.283385446165959
1.419790362181071
1.531471841250703
1.597592499773500
1.653017174906297
1.743491534432547
1.650463960820432
1.600863203842129
1.529572045537791
1.434682263788734
1.358330639603527
1.380577989570028
1.338726090355770
1.283609500839510
1.222960894475634
1.166212273840902
1.112938833324070
1.048514169369758
1.040688302407966
1.053386581111432
1.041802639273754
1.032379521927457
1.042937264726245
0.936349649544816
0.901048312622127
0.922008379356556
0.923847890364247
0.901557036231341
0.779925772578718
0.637969312071035
0.520286100711568
0.486056711226029
0.390283622316275
0.274651018320444
0.155180832280545
0.088257990356201
0.046187358836268
-0.066945339392085
-0.263162839586286
-0.359606447266828
-0.406481731744374
-0.371804972292171
-0.321080680074010
-0.225390300822767
-0.150073290867507
-0.062615497990986
0.114132787175774
0.272025338430184
0.264355441203013
0.332396112602400
0.466613057951240
0.548786436835973
0.735222534921809
0.781428144273790
0.861691478896552
0.961450414252626
0.985265529188312
0.975950809218169
1.087311549623000
1.159046574491862
1.227130420849065
1.216254450495831
1.214106559207469
1.274435836375240
1.349883256806512
1.355880183151663
1.389743753792823
1.520830171172432
1.552872892824801
1.529375210411709
1.513302235998319
1.476321201568588
1.405820797525710
1.374587963383367
1.389645674383301
1.372891565733114
1.305456867127348
1.221654369562342
1.072698656013721
0.989011695615187
0.956355446382166
1.008788975501007
1.050815385163608
1.113123333222131
1.110221450394702
1.087310793472108
1.092802102736277
1.081556568269263
1.000613749669741
0.895661267969048
0.910511654613416
0.919396727873313
0.958016662659605
0.983898710427347
1.029703634255018
1.009417911358682
0.903419770439059
0.920654325721396
1.112443368504543
1.255383718745375
1.346320523434582
1.473825121666440
1.561980668775097
1.605459066705191
1.695496498890655
1.726216294531009
1.622812050416534
1.543530915110940
1.488918834378900
1.472142606597890
1.362462321149232
1.354984998364500
1.308908748514330
1.255620823732876
1.275808798743785
1.128968006137150
1.054682146387538
1.010523932247571
0.988736333788255
0.964007166210914
0.986259088321872
1.037151877152584
1.005861026912249
0.942666374812635
0.917532873100185
0.921637392527596
0.951357214360365
0.870955567286943
0.747818466153169
0.623591415185539
0.503427073274085
0.440131258369727
0.320610143836990
0.202516156544654
0.076567711299312
-0.047301837276161
-0.139476113943348
-0.216237291981514
-0.335417744164623
-0.395459626249235
-0.464926825212397
-0.464713475499829
-0.368648315165058
-0.297683927670334
-0.237883809579358
-0.139195044429794
0.004132455371735
0.133145117648076
0.196600875632047
0.315420014456972
0.474984641773761
0.601043072627050
0.673215811383976
0.767708992073773
0.836180438019082
0.903514808854553
0.890111177411213
0.888747897103941
1.014391890499430
1.113359957923713
1.136703556817924
1.186363783809468
1.199890458930013
1.257167215546116
1.304734005954959
1.284861205648780
1.268941903821274
1.346581761540731
1.384138134987640
1.426832988306690
1.485759512873980
1.464183606389429
1.442678136921802
1.472623401590227
1.487321127096067
1.420023969930423
1.339828996255618
1.227722468457977
1.045969186802322
0.902710051607120
0.880291563908739
0.963495355361489
0.974442322786612
1.021695081109923
1.052159309643951
1.091552854623781
1.071874140586216
1.055273353378348
0.952174414618909
0.873210379988755
0.875864701192396
0.874451896242617
1.019727754604805
1.095649046762340
1.125924919818302
1.064343054052010
1.002018591062067
1.016057778546809
1.127199864936146
1.274555052081951
1.420805981165006
1.573680914874058
1.645687880254502
1.697217659851022
1.774449067972948
1.711047524310736
1.577129653935729
1.516560294185934
1.505865903438663
1.498541858470773
1.472145189895996
1.352678874672838
1.281101402252921
1.234229754562614
1.144203985761143
1.080016473193085
1.012422469354937
0.964305959540532
0.949828194888547
0.944158662344526
0.999205033681642
1.002813642202918
0.939475417971978
0.968137658899714
0.958354399890362
0.966201020884921
0.904707760950191
0.792675552161276
0.669718121684903
0.611898169745516
0.490674802542958
0.397369821839238
0.276250189207647
0.169753425644825
0.040885337189338
-0.133528984781875
-0.289409862482075
-0.287357320737345
-0.321919272799119
-0.401431043018264
-0.439333044605973
-0.462010854249805
-0.398889495132619
-0.312147168485363
-0.291050686541315
-0.212707765053513
-0.128897921893176
0.007170775822136
0.184183437982954
0.339315376647011
0.488032373722941
0.578776399348779
0.651241164477616
0.732659331209627
0.846688076476437
0.869932335422199
0.917288541618893
0.922486557136512
0.967080356018930
1.015411996508309
1.098413457000484
1.154827297705891
1.169316962512362
1.231650087045509
1.264550544580244
1.282811507951985
1.306472655472426
1.320594231654486
1.306521184710475
1.348287102892918
1.422504914509957
1.434734297354443
1.440333088132722
1.457347265267275
1.463155324009314
1.419249519179955
1.342539334650654
1.267211760190155
1.115110212893215
0.916272073863926
0.811921502543666
0.892829521197603
0.908504446540010
0.927005872130250
0.991315993949480
1.057841718963763
1.043974431340035
0.986688458931216
0.899732724023034
0.900553422062926
0.920724258712136
0.963607825048054
1.105831412420176
1.237330274665216
1.211026432806415
1.141397439910907
1.173118886230365
1.205644263383011
1.271073341302402
1.370706514291885
1.497470045251279
1.603337481520854
1.683802644801261
1.748257795086359
1.698109956617545
1.619808388333996
1.572562570960766
1.569983117884999
1.519409868253712
1.532414367130828
1.561933994752601
1.405499788417464
1.332688963811650
1.246333681209337
1.138879252693276
1.043610919511670
0.984963893921870
1.011482120412646
1.010641280789324
1.042746095227070
1.053868879219750
1.006136774773539
0.978435907909894
0.965892486171501
0.986403073928214
0.984214160925533
0.855675500443893
0.752975304242599
0.670337630949404
0.601397359608543
0.451782991486017
0.272504603927565
0.221633041856342
0.175014222751272
0.018668798712939
-0.175330783766252
-0.313419436152530
-0.353402573199480
-0.334887152381918
-0.343618707359956
-0.438768684062962
-0.409925607909069
-0.355097283423551
-0.364964408631294
-0.336327208532863
-0.283840016501405
-0.206001629886256
-0.105886368204060
0.067152305894814
0.245416806892625
0.404792799979753
0.554478828778831
0.647937624144542
0.750182292862736
0.874689821070019
0.928167646934990
0.913591457304416
0.938490800050275
0.944187620485827
0.999780430369731
1.065361744115748
1.076435183575681
1.120234213742330
1.240528975936923
1.296731511024422
1.306949720170463
1.395096425194574
1.391548541268619
1.317665438157651
1.341213508810032
1.413195456150054
1.399155750077924
1.416099950924750
1.434058105363058
1.439860902278846
1.450953725337611
1.392762018881702
1.318154613953781
1.199959993859148
1.006920224440325
0.899042864933709
0.842908409361619
0.909459075129888
1.023920656468144
1.023139000999060
1.066730503435635
1.110320569761369
1.058971325374567
0.958260476344979
1.011786680755404
1.024622786515165
1.119046749956162
1.245595356470278
1.328727865658061
1.360297764998859
1.394680968428075
1.395850927686832
1.414742274532960
1.424433982276278
1.460455241971747
1.548950453888588
1.634100294677016
1.707893337254784
1.719153861203014
1.665187139642164
1.640544382538548
1.614259358880767
1.632648748507021
1.570656675779249
1.586121120593526
1.593989468164954
1.512542401738731
1.449660553078701
1.304539347507908
1.179356453015392
1.096427864580436
1.104021634690125
1.097076824609289
1.076380361259017
1.110618999292003
1.050249470109218
1.001195482840542
1.013918127660747
0.927052445934756
0.960302206759796
0.942458885756828
0.841828171120546
0.764697391874704
0.715622455310981
0.655814708633857
0.512813270342525
0.315726968436558
0.237364193866652
0.159786529488567
0.002044151456920
-0.116838153674208
-0.279652211880300
-0.320689429700080
-0.289791586173402
-0.292442002078987
-0.395240176635149
-0.363507424947504
-0.359326720476764
-0.372917428179692
-0.306788930344503
-0.262245264300625
-0.211017758345585
-0.149147251587463
-0.020063993382233
0.121524147819235
0.297826160952578
0.497361364656911
0.635685670393048
0.758457163034460
0.917876134762958
0.925288292188374
0.878010973957397
0.863904479217287
0.836911422604782
0.951358912425528
1.023231611571423
1.081836239746563
1.140029203193487
1.230683250964355
1.316820283701196
1.253883139046135
1.303203025956658
1.340573776937796
1.294524280591894
1.330993369647894
1.417174807177077
1.424855342608980
1.440918654138434
1.439894055382792
1.433408734410046
1.405857128374107
1.371951730823100
1.330129617574638
1.227027796793726
1.076785733093764
0.949574189041218
0.853289862612038
0.900871036559751
1.055670510794755
1.086255330342995
1.130205603879201
1.173899358696424
1.184825635429625
1.127769519101234
1.151604908922369
1.160308433791390
1.288890395866340
1.407887948995359
1.474072499827656
1.531851406250728
1.550418633386863
1.519133169486542
1.466545123622094
1.502515641665808
1.559634034952093
1.596302652294636
1.618196741410061
1.665484670986406
1.599065714306744
1.599665776546554
1.650173934291528
1.648533875272510
1.626754566465266
1.619566600542195
1.592030418733515
1.577188208233406
1.578736955565782
1.571611468135990
1.478006344776973
1.275586482980648
1.182531129358970
1.198359454994860
1.188166561510265
1.117844885048751
1.121637405932655
1.071275363427409
1.001675468285498
0.965974380255269
0.846669602516543
0.866535017172240
0.882257485666817
0.878538298645841
0.816929385805246
0.766129273196420
0.686917571573426
0.530221531280945
0.416962432974457
0.310017035946332
0.264632451732679
0.093480089410190
-0.016032808568510
-0.158156719820461
-0.177809468994243
-0.114316413555734
-0.204051732512601
-0.299829374962747
-0.293436770887131
-0.334789656512529
-0.313875276094651
-0.266235962360338
-0.206673779291190
-0.148398608235572
-0.082854358543490
0.000443618661778
0.140014181263881
0.257598490014121
0.425516982535768
0.595790690201273
0.732304488073687
0.847403943818739
0.845437328564642
0.832855841254643
0.805268678624333
0.782882191858725
0.856391028073801
0.962106484647762
1.026208102606619
1.006633327194267
1.105442287388086
1.150949286895391
1.175533591519281
1.220094437910464
1.224539045668690
1.255172411965983
1.304314013341751
1.413041809145947
1.446381353458457
1.476763224857137
1.475851158490449
1.437599495607443
1.418292747503896
1.346314236158177
1.286019744629824
1.198476908291711
1.034215716232030
0.908623853803579
0.861014315816334
0.887201644139906
1.004716079260870
1.008336353147131
1.095856186756880
1.218233136101046
1.218503910018319
1.253247566574840
1.272864103651376
1.374627148554219
1.459628319271773
1.536040160866704
1.586439432521785
1.653960023685621
1.697462322887645
1.609380516516584
1.543973485919939
1.547047571008704
1.580266879693752
1.592795704759882
1.610406681310051
1.586743649388071
1.505550363523201
1.509459784120690
1.476594823209102
1.547012485863368
1.545234399575494
1.527329669250320
1.569129141800091
1.630225578226511
1.613975039265080
1.629723374315180
1.564454644122582
1.427132000811815
1.257923403907607
1.212645017273706
1.232068915558717
1.213770604614452
1.222743885651727
1.125264368398005
0.970392735456523
0.884491524037315
0.799529987208896
0.862766904369790
0.869906945004524
0.851579120091891
0.778519322681005
0.726332854685919
0.618570694904391
0.499108995691932
0.412719142439049
0.406236912153110
0.412143104750551
0.289390336213088
0.162081636007006
0.069822507094792
0.016339700776346
-0.072585781320233
-0.096831544221808
-0.224468742403282
-0.261649022288551
-0.270972696255796
-0.226364877085261
-0.210571864685194
-0.156550664869698
-0.054076656546497
-0.003188171917216
0.070364929118966
0.128330326444025
0.246141870008763
0.414152579079794
0.547739518696302
0.697731035037986
0.784088985375545
0.765824418670106
0.749322736316466
0.756817971249111
0.719160857583670
0.772657082939229
0.886065289597163
0.904366345722771
0.931074419954925
0.994864369945204
1.081108163649061
1.108075650434111
1.135328010613420
1.149392321982896
1.145023810844194
1.208229360460184
1.309394388399467
1.379878170120547
1.430294999672845
1.434799875328007
1.426354744536055
1.356860972120963
1.295795835944843
1.247327113509324
1.116454163830799
0.974923436346106
0.922031392336126
0.858673604389164
0.792509419768039
0.886434406621754
0.968439966426843
1.062368080625571
1.155139852742937
1.234101892110852
1.322727596034583
1.361529664003211
1.424461315525151
1.531292666475378
1.555344757205411
1.590878971736079
1.653283057285058
1.749370377956440
1.684027282779573
1.615941272651521
1.604454067870526
1.556069646445626
1.581478948767975
1.568767219901184
1.522904633691260
1.472450845892310
1.447294172955018
1.421856675455390
1.473041635038713
1.446389124062304
1.438495463632241
1.534521688216951
1.622677443399062
1.645671733230298
1.682356193421767
1.615308661815120
1.477714376021722
1.340149332299946
1.291074917757725
1.287716257081753
1.279923211682568
1.281966928667390
1.192582652058873
0.975743552183720
0.857098587476093
0.800785298972527
0.855251835843835
0.866134462850584
0.830920472007713
0.770055139068290
0.759942471908885
0.671103262432958
0.539349712576738
0.467083207383380
0.439270250159060
0.438151673578609
0.359575702872689
0.294065065905566
0.207945096681879
0.108673355409686
0.073003585639359
0.025854439507889
-0.102661592651187
-0.185398047643806
-0.182453450025924
-0.173011148754675
-0.104246023152209
-0.058237105033376
-0.006299811273528
0.052821946892776
0.078515489952937
0.125913922267912
0.201761911735006
0.356374455811910
0.554505272012332
0.676184110178693
0.726094044739741
0.699806602697983
0.677672273971502
0.612068581879587
0.645686388929438
0.711313384868571
0.793119642916101
0.792998454875801
0.877151497491270
0.966005413723515
1.033856015270787
1.068950637538973
1.076428213590775
1.125514461537127
1.139547500298555
1.172777369761108
1.256290455520012
1.276474191295934
1.304226119063854
1.322171215090981
1.319122545174733
1.288132712735795
1.253778548077588
1.164029161460822
1.042479118514242
0.919782225184270
0.873733797335161
0.761190268916713
0.680417243076081
0.834527483007435
0.920379822721380
0.976646233420220
1.073468639276154
1.124184409825759
1.224206894094098
1.329341445466007
1.362207537104333
1.496918457682490
1.561994375013156
1.528058375897337
1.618801666122663
1.693076877220044
1.703230849774509
1.680674525545080
1.616652109463363
1.592312748506728
1.614125324830151
1.573618468369950
1.513564937243215
1.477428570036397
1.491917565810138
1.414506057680172
1.417396015459786
1.405197646159565
1.414614699409457
1.524888552487952
1.578564436284496
1.637204758536245
1.640513502483499
1.593100182917294
1.532080335163658
1.396868252684874
1.325568845530403
1.303225951000050
1.306112438229334
1.296343592828084
1.139715341226670
0.970735619608187
0.826509789984107
0.841220425312840
0.858305946577479
0.910595108173456
0.850847254188051
0.846134845509292
0.877613189616501
0.771132138843500
0.617801862106138
0.576467137576263
0.554845979931428
0.492048269380341
0.373335788739199
0.322538881326124
0.264151428296899
0.195004623087629
0.201672151568914
0.091277485203640
-0.045240904100102
-0.106887509338909
-0.078007440243280
-0.023208421105275
0.013244142151570
0.029677190974704
0.046501248532787
0.090706036318218
0.107177507270275
0.169508623948358
0.317973834854196
0.421578881216023
0.525801491385371
0.636719632711558
0.670930390653569
0.681991962461925
0.680073913348125
0.632303878170613
0.619712795399724
0.669555827041243
0.757541792295904
0.814058103150066
0.861111072635966
1.011557784792331
1.087624553863885
1.109571091992500
1.076538857311673
1.047913186714835
1.098502686706502
1.145201021383926
1.213425166238815
1.273930148495578
1.221694925377467
1.191496153333553
1.206637158622174
1.232013213127105
1.192760085157736
1.095096390226004
0.978560068716519
0.874366034565420
0.803233231138073
0.735382366730277
0.661338619637211
0.756319155559002
0.850384095913209
0.890490145712934
0.944106696145874
0.976265263962102
1.086351359411079
1.175131613949885
1.285651095796930
1.364172357411266
1.414974349913436
1.509845117864652
1.575628483326376
1.642983116458003
1.640410955921267
1.564032056495310
1.557351642190223
1.598560363806923
1.597831066396807
1.566208118394905
1.585193966274514
1.509666112032340
1.495741153008288
1.456107900140714
1.448212308687883
1.477105564887274
1.437629960725414
1.471847646935647
1.583996641306954
1.623222274759366
1.585371732305746
1.560887826322959
1.488975425605259
1.360444438186681
1.297188654546162
1.324306258729477
1.315320763181205
1.211511470127753
1.107109939157551
1.040387104744293
0.910139121495314
0.973120036910590
0.978423752179126
0.989228705461009
0.928998347533178
0.954208913494127
0.940525684088632
0.857540427939048
0.697232780092744
0.659155709456438
0.626135653189731
0.493001065026352
0.367249191060911
0.299955234247415
0.303038538351517
0.236280705720545
0.205363623393323
0.159553206546052
0.087546610267479
-0.016369530169842
-0.041662096581239
0.040512264100853
0.077724575040250
0.117997556659253
0.154143508515380
0.159588448443458
0.180029184875663
0.255837489027215
0.382728902357683
0.496619091274394
0.537159735699556
0.604374303561071
0.667343548616545
0.711088081234117
0.682837102709298
0.660074075663448
0.673853896023577
0.750818004384880
0.813469580518343
0.884879341521371
0.963643550047225
1.132592692862648
1.200998940508410
1.221368102284542
1.162743876399220
1.111059401935962
1.141681929456642
1.130446113042931
1.161632923798864
1.211768078027786
1.155620154753992
1.147952393994840
1.113312834219174
1.048149231797755
1.041838425310543
1.017047446065286
0.913267331441061
0.803817011081210
0.767124663395435
0.711584803364606
0.670503909144062
0.744549307225248
0.824647147374991
0.882127672912743
0.908205294164440
0.879396464398828
0.981874051530574
1.055304959898362
1.150849878211275
1.244732760295087
1.290980687780858
1.374191477180437
1.442266835468162
1.499848489235947
1.531603641140761
1.472358794782899
1.464299446147267
1.581249204405018
1.547400138204714
1.536511316076269
1.586141452433535
1.590374963167923
1.524796014406474
1.507922213224641
1.521954106076570
1.572461151943349
1.548321458615786
1.467882399464561
1.509665370780698
1.597371884947670
1.567270777098601
1.501631685720940
1.478727451592142
1.308964116192584
1.245630604567169
1.310361578377972
1.270267930561417
1.118268235709206
1.038750600682383
1.044186942718005
0.993198252790736
1.031039102312491
1.069339224751315
1.068568595364795
1.045534512991707
0.961858760370456
0.954110382120555
0.877200594497601
0.765786920118223
0.707339668838269
0.634355503816261
0.472090827032281
0.321824867047609
0.295008872668641
0.318971575758122
0.315066820106569
0.316814245946365
0.246850205659260
0.194516633726208
0.111210331294181
-0.013331724947971
0.018796536597374
0.073913837362326
0.166380155949002
0.252712031463839
0.246937929264416
0.255327013736741
0.315653216058755
0.407359114330145
0.537254268573398
0.611511840031962
0.637438180444406
0.694138671082675
0.730992406760928
0.687932218757360
0.709411157265836
0.716107451722050
0.775389202522618
0.860467686259808
0.958217649556909
1.081609878869793
1.177449151222541
1.233057310217775
1.249275774560377
1.183991942119559
1.156765432510900
1.129825721070121
1.097314513817625
1.100920876646267
1.086193841445904
1.062540190554347
1.026799529653984
0.983801914193282
0.918167322285319
0.902325686036063
0.883328304424840
0.777162543752907
0.685651719152616
0.689598428811740
0.636300761866469
0.626147626028213
0.744754791037507
0.846421966606572
0.876390226981332
0.954974324026533
0.898829794794580
0.948784085102464
0.977946280016145
1.003447676422688
1.124436334279315
1.243616712715470
1.291897504176606
1.321993017261949
1.358916854198619
1.391865178892869
1.375943452969792
1.393801764237573
1.480035770384657
1.468942177965641
1.430269803384401
1.487812106232091
1.582554837644348
1.542748489073893
1.575982634890437
1.602485195387457
1.585303858639808
1.646996491284858
1.580470762871016
1.507087932493321
1.526908176550675
1.514796594425486
1.419405128192247
1.371439214644554
1.298979149412429
1.234309924341510
1.213139597201075
1.169151754384249
1.075391792651730
1.041360627165441
1.090954703489435
1.098751313256906
1.091223820466585
1.108967003999929
1.084866102236310
1.087556403646329
1.028542537113140
0.965269019812680
0.859176235047528
0.757264150522689
0.717330966087169
0.664284853175985
0.521050976307019
0.331171659006519
0.289273111800475
0.372078812813830
0.387150646552470
0.379158672641587
0.360129412252276
0.274106407159287
0.176439875827173
0.050451356219273
0.062224944340791
0.083830889699058
0.200745684525018
0.311524232972113
0.294279970286074
0.303026315329283
0.386850354390304
0.489461406736231
0.585653375399057
0.588441483540011
0.625361939668534
0.714780950646114
0.691009584211030
0.689776335383953
0.666627250461376
0.656909736439045
0.709607538580307
0.774931352017736
0.888527113029047
1.035042391169341
1.158333548451497
1.220873759012826
1.235879846760231
1.196754425638289
1.206941942300880
1.158543516875401
1.081942063157240
1.048509963449770
0.974062509001240
0.929418962360969
0.958599211944034
0.892244304277569
0.851605110313846
0.864626568705028
0.764484781942717
0.625601619461713
0.560050470879900
0.535541772901923
0.490569856875328
0.558222701650850
0.700040417135304
0.789785880622886
0.895298813307657
0.936163606877351
0.925663303499269
0.929599774808528
0.903846735768768
0.908487864319186
1.013782389614213
1.099715256336379
1.204014585927412
1.259729976590749
1.314093140639541
1.298149886243251
1.229630458874924
1.279588550901174
1.316205215566401
1.356717893579737
1.405465366329934
1.400506937485031
1.487683279456984
1.579203494728522
1.619057180573606
1.615766088206945
1.646362818850567
1.692659199452866
1.644810850178159
1.581290368699916
1.519204564152137
1.443198710598973
1.357784621021322
1.271242206243584
1.264635432035659
1.235490187352601
1.217250378341111
1.153774858240621
1.082255230833119
1.113385985333554
1.159124267928239
1.128670179115259
1.114615519403499
1.115234075326708
1.096596573266523
1.125690546435591
1.082587805622687
0.939812398660041
0.790817824285415
0.732467363501080
0.687555517010935
0.625754116759645
0.555495493908657
0.416107845673995
0.349548180619471
0.442287373373370
0.456791520901999
0.424958646930395
0.377799016907036
0.316719174430375
0.214808351902313
0.124224926039228
0.090121816416810
0.101455467898885
0.226092707027818
0.274530408260857
0.276267669081510
0.338296222151563
0.441125061705426
0.465639355142267
0.470373300233894
0.546414124088641
0.683402844906862
0.677890692796643
0.597728130892373
0.532798167160989
0.528644471909311
0.534580981230589
0.667150606085573
0.744620729871333
0.783655492039995
0.880045157678526
0.999532878226265
1.034057020172891
1.113592827775195
1.178616390199837
1.188853445799577
1.135987561143379
1.080014459359507
1.055648338885306
0.976609388699434
0.914154860162121
0.876490568203716
0.854311668948069
0.799621014747533
0.762815313354918
0.698118069943703
0.573473641248231
0.428112306862676
0.386496067776423
0.455102149704726
0.548879247053887
0.649666968804550
0.753689392976808
0.902799370002506
0.937972416067061
0.934361170621651
0.886350308537707
0.790565184098796
0.779037278996079
0.864602914193027
0.933963845105907
1.046417866231538
1.087321345259668
1.174725471690830
1.154535527215430
1.101196241024058
1.176872623833633
1.251382121109185
1.316182764072035
1.371864121734742
1.380345910752210
1.448653505038382
1.510382586897700
1.567149460274056
1.578572119329712
1.614419259851381
1.672532138159014
1.695942487423246
1.548816040417967
1.479768050275263
1.379914904562504
1.284880270349724
1.250557281783572
1.266206726330098
1.217875858946335
1.188916761917531
1.168154753774485
1.070930946101859
1.122486034501329
1.172385168378240
1.109971794105664
1.148052053809500
1.134507536889339
1.135824791320959
1.117175181166703
1.031532638905726
0.867971032691437
0.707724062382140
0.691846567941076
0.650811436007267
0.604171531302722
0.587996466259875
0.521946945570351
0.466167557788244
0.473367579629038
0.485066005975205
0.485725206835969
0.395860739936737
0.281069032531318
0.189295187786843
0.119737791810352
0.121796489648960
0.128143356438010
0.197544224191781
0.284412302411260
0.308283019261433
0.357186078893741
0.387523025991466
0.382101441140225
0.419760789109391
0.519116097776185
0.656299064823818
0.628693289403095
0.519360524256733
0.436878599405853
0.433870410303002
0.510006926961135
0.654475455381970
0.708954642819573
0.712532231495645
0.710759210932647
0.763866871947835
0.903377692839873
1.013211415483343
1.034061628670843
1.061794657187027
1.092462762719321
1.041109789353559
1.009287109309674
0.931155276860526
0.882801306772706
0.851171360144783
0.849858917485783
0.816364846277811
0.730276982054983
0.646521484287308
0.518547925083580
0.393444135013784
0.381417546871117
0.470120948774266
0.561267889816000
0.646165876954926
0.727701135039039
0.824544684718642
0.877970641259517
0.897370186117761
0.860874126304310
0.769437932824134
0.731214289368528
0.797963561120289
0.857782173029549
0.911654618908897
0.934395769824826
0.961735237552760
0.957904964809863
1.019581140638255
1.112152691833219
1.203385378718388
1.321807902782493
1.360946928871371
1.379743522053489
1.416700159594978
1.455428034219076
1.503156837727215
1.542540537584479
1.580734283414946
1.599040179833983
1.596072685300038
1.502204475829253
1.409163172519474
1.312026385517886
1.249197422080429
1.270934487902746
1.262432631003162
1.208280790407236
1.204209753356867
1.158970319040354
1.088159757840719
1.130391864867633
1.204030253003891
1.156617761024987
1.218383657156157
1.197036491406390
1.141516866972700
1.090309154660682
1.021961643493629
0.875471362140125
0.777291531151206
0.733999127366781
0.639505932688962
0.639075108995757
0.592931114747324
0.556155233598512
0.592347640559162
0.493535166203807
0.434921127167325
0.464717256115070
0.387845766581875
0.296106757416154
0.214464415907652
0.161736334307610
0.128844129204798
0.131282345815477
0.188413751400488
0.240778862809749
0.269506844048347
0.254619172021937
0.275099957602208
0.245936181786831
0.291171454367217
0.422252802802707
0.547895351265710
0.577654171067814
0.512830374222841
0.472052821972856
0.457851627420039
0.527842021648511
0.568711553143487
0.601141929022030
0.603161224016156
0.642485337202942
0.681844686938928
0.800760301578292
0.862897816472059
0.902925121018641
0.917799846895050
0.929761651576009
0.861256448131722
0.856343596022820
0.829155519749281
0.836133837168784
0.876782564177020
0.773999854616440
0.722089030035597
0.724712389191072
0.625795567896018
0.487274705441811
0.370173465021122
0.347623885764421
0.426363959172272
0.474768374246882
0.501212644921692
0.605042915345916
0.703186338656982
0.793180574278088
0.837728449586585
0.847225113111176
0.752553351001426
0.707946881791645
0.737102318573715
0.838351490323353
0.879431992990994
0.893042773748356
0.886485955318582
0.854170077990595
0.894631902470691
0.973719197637794
1.121209723387023
1.280880262307563
1.346685550909722
1.357966424429326
1.360423176380270
1.365161537983989
1.428611113771566
1.445230265110798
1.401008537227687
1.471181718588174
1.399130004597529
1.396565294853062
1.328129282888838
1.239070776499347
1.221265561368015
1.215318300083068
1.214868108818407
1.232656830839273
1.255791695878133
1.171308278565477
1.116179577685416
1.109362791478660
1.152339876899958
1.202461691748288
1.298897002612532
1.204393031154309
1.129662253509476
1.107004055736212
0.994088089243778
0.857266739113440
0.738771140627696
0.652269967084423
0.610197417307667
0.561092815867471
0.531078305112835
0.622084533255357
0.600182347810247
0.454008971488214
0.422744810546705
0.409895989860117
0.378607669039283
0.361009335313598
0.297223790338624
0.223704487476717
0.138835771620221
0.111759480178594
0.140673250614762
0.145816172364783
0.160260399526703
0.156821718173978
0.103577874699984
0.104485969414944
0.164885802547683
0.313046212035032
0.420913096087304
0.539834144953190
0.520490004875360
0.514946548340303
0.521426510397007
0.550036982615238
0.516869623884031
0.540994565397478
0.510258203188032
0.561417441265766
0.570165428745730
0.591909736629184
0.635525271191629
0.741301198202175
0.798742815596342
0.760885244737980
0.696071428797577
0.667104859587294
0.748158704848900
0.807823268393092
0.754639584444247
0.627189425559458
0.510533163510860
0.483733656272385
0.446619802483678
0.358878382959422
0.345117105684006
0.294755277978191
0.346067119612421
0.413188456791238
0.437629631487468
0.506064022672593
0.592370822653841
0.725983428779654
0.832518232297769
0.824513633466806
0.726645563986018
0.657123792978849
0.712276074318190
0.773895655092971
0.836161849254807
0.813724842398152
0.816182518883276
0.806996167442467
0.810916402960368
0.903900787996647
1.001396170084046
1.178405485836271
1.285167275894775
1.268419374257042
1.230929217182829
1.274373841776381
1.255115664559580
1.240100792613993
1.290755876625252
1.343343552162477
1.251839592618175
1.264440616226790
1.197637421369041
1.125339908451158
1.163174074354192
1.170977615019194
1.181022792394726
1.237305994647442
1.206055253925154
1.154769476187604
1.149328737396965
1.148732407304190
1.160949390892006
1.263214333542829
1.288857946610948
1.206626982442292
1.102928297900643
1.006956321001791
0.889939573331068
0.833480600865610
0.731903646583197
0.624637787221611
0.576883555987927
0.528872071676314
0.549290627575629
0.596753706114673
0.590933807131685
0.526562111121481
0.457069393612850
0.424323851050016
0.420022271826729
0.377334381844925
0.292855961167030
0.201405738307519
0.115932760891854
0.043004658214187
0.024569090177244
0.049337353168518
0.000313853716294
0.021812868181133
-0.017546586253122
0.052740181442872
0.108119479157574
0.236972385027770
0.346780630275048
0.487264060748135
0.531697924549558
0.597177747182133
0.580149622719131
0.496325921911339
0.463188336602661
0.422865291528292
0.373668560125177
0.390578370955444
0.378945759673352
0.386761640309558
0.527296390397352
0.615679162692962
0.608876420185847
0.550635692733633
0.554552255582812
0.603068115783224
0.666157117018658
0.692361169219181
0.616476993583110
0.482838056313733
0.354106926424239
0.256269174620834
0.215378923443450
0.182616161329309
0.234455501849436
0.244263387162900
0.306105102783017
0.381077835834021
0.373591824910423
0.436847523587597
0.521631649025431
0.594719283825618
0.712796095078136
0.713451482780261
0.626451941164756
0.606406146230520
0.643518566421293
0.661622251272575
0.702858077092642
0.700986026678759
0.708373929368711
0.677095319537929
0.680476072408765
0.724810804047068
0.802418019206197
0.966338088911844
1.118171224568433
1.132839757715097
1.129342989835473
1.139710627536769
1.115381017464138
1.095152303558960
1.108426090656097
1.225648692880036
1.192655711029990
1.180250160077608
1.155865841319630
1.105244952785956
1.074620094506206
1.113728615999029
1.102403579300176
1.138776213524389
1.103239443618325
1.033649201540977
1.097274938312501
1.161428666990013
1.184274349223770
1.234471149410119
1.244964359969365
1.234734651895840
1.160290174282271
0.998455194739443
0.931459974602498
0.877389461625278
0.767783747492546
0.686761199024977
0.574488980983568
0.503952688414885
0.517722756498207
0.544674627655949
0.575422201688614
0.558443255846794
0.564888359335068
0.527354034640666
0.447352580373278
0.399307253915245
0.302666193819992
0.171951320099736
0.040662627847276
-0.067457433181460
-0.095856858567117
-0.039077618198719
-0.108094676519557
-0.129235946148637
-0.095812240248886
-0.059424395555946
0.032044395319880
0.132308999495431
0.270181186136432
0.407513141426429
0.526354000941538
0.564652985263540
0.498916176190861
0.413538527966310
0.373120331873272
0.322176832488732
0.310690998353754
0.273091458356570
0.232808010975831
0.326387853742379
0.436363739512504
0.490010676282956
0.496895221506346
0.480261401658742
0.455179518872167
0.552011146397187
0.593547906747895
0.608795791748180
0.515890909658877
0.432410617846434
0.262217126125647
0.136774007361369
0.060479704376480
0.063746766326245
0.080198439522389
0.139894378207568
0.215511792137388
0.242041752398385
0.263823872358874
0.369491483183049
0.415121878370039
0.471001934975158
0.535853595877663
0.537576277906946
0.490765507853042
0.463748225135711
0.455517855784474
0.474073634249414
0.543060984545862
0.548993961926219
0.577645112277527
0.609201158015179
0.658102596797788
0.683986713838851
0.785652894636074
0.824832229281320
0.913310462109046
0.936345171861092
0.975140518163407
1.014139728433322
1.075034748974338
1.033116441977624
1.000796510190444
1.091950394810979
1.116662606179234
1.061732088019743
1.041399265380597
0.977128089899569
0.997082643800461
1.047222571241538
0.981196324862386
0.956387833131158
0.955303658195030
0.903685067243797
0.959222190837115
1.114132890044401
1.214010164389687
1.210880678640302
1.166002657853321
1.101525685588423
1.125925977831152
1.060040778463300
0.983673499444655
0.889941870882007
0.792734890698916
0.678360703282670
0.567760455348858
0.526886968987601
0.564709789621846
0.544940533624670
0.529437000776994
0.492973255067858
0.503365049174316
0.471012532443313
0.390627826038977
0.378640652410751
0.289344839714335
0.131311531268444
-0.024110026985514
-0.163276542792918
-0.189278384610360
-0.203653953792053
-0.248463707008535
-0.242120346192125
-0.160354438187084
-0.122447400054543
-0.018882666286973
0.073615761145069
0.207590114860443
0.391695204886594
0.476320148912658
0.458092815875871
0.401137840634083
0.337332579399897
0.290693379232139
0.267101220443360
0.220684370280557
0.210785732168931
0.186182198524813
0.251347738124649
0.294357002969225
0.338890743813630
0.391117656691640
0.458467283633985
0.421872092244431
0.478551738100404
0.499288403494746
0.513260269707491
0.463735214820276
0.347061278204385
0.205665898460662
0.032667437273346
-0.003696909205620
-0.000944555609536
0.021695629310820
0.069804553110018
0.155781042419034
0.207305171995836
0.282274221808182
0.340514492136192
0.330620510403938
0.329405562419824
0.374909820375281
0.336609085271933
0.276495501582555
0.253529918784655
0.238185810955912
0.285832580868947
0.376689994660241
0.463008100844659
0.511026251402741
0.585133626787911
0.696161954267476
0.741490780444700
0.756136680266840
0.714511320949831
0.753553738173714
0.778949987669578
0.828222944388536
0.873467814118993
0.935048166795623
0.971332129059606
0.960567915207086
0.910348568219322
0.960215734263755
0.944199384101776
0.871207943648978
0.873971360872528
0.915183591304177
0.901101787671229
0.831445337914357
0.768736337760268
0.788842882961354
0.802176064531655
0.838845785883317
0.986154630448363
1.145509521339267
1.218170993989156
1.030558369575003
1.058650709960383
1.097041648711260
1.110585217623372
0.975322299742462
0.925574355175924
0.836237528069023
0.734276505193870
0.648287451158839
0.552983586268706
0.570357402910347
0.505744663148853
0.476336831784337
0.481533416772291
0.523288488063040
0.461242365926360
0.404533854284888
0.382610408718639
0.256370136673316
0.119087987979956
-0.031353903989495
-0.229660843298119
-0.325715358577298
-0.317181209823860
-0.371320307548019
-0.375027561059571
-0.208427680908356
-0.177722795137703
-0.040121571367692
0.026554995778241
0.143853666459019
0.334291669854981
0.388977743334194
0.368429821974103
0.347771675166697
0.265188194042305
0.232411883802111
0.166403708735501
0.139019518485305
0.150599696788657
0.160722620507773
0.131762055079543
0.178048328618378
0.222337588777174
0.271514976589846
0.325694227253038
0.326639298686319
0.400294391130464
0.438072906979177
0.415757757925304
0.332785547979862
0.206481954046349
0.074444792649401
-0.043323172538429
-0.080231431762255
-0.010392499195872
-0.047780744333324
-0.000589034927492
0.074975012501772
0.240686096814877
0.284090131809435
0.316347331742253
0.261810126657294
0.264267895512255
0.278799767242725
0.230742987375874
0.131265071620327
0.060929835989045
0.078559990152451
0.133501491322496
0.268161744276066
0.423443287099349
0.462196010754056
0.552425154487661
0.642975119192349
0.738745812709760
0.730219830429838
0.630799662940853
0.629317160098999
0.708898820202236
0.758576304445417
0.771291818037877
0.817048230096236
0.849358381288774
0.803842827515238
0.720379191063388
0.746991219272695
0.734981097729608
0.731920822754924
0.693531526209802
0.682772246582936
0.636589929463166
0.625934066007159
0.621699661341594
0.609198331776838
0.619376662707237
0.677914072624322
0.794989412228846
0.966977312927452
1.003189482260148
0.866831332188723
0.924531784023943
1.010126016379805
1.087477418327331
1.001538372590629
0.918301502524230
0.783174678177930
0.713315152681830
0.678822059903899
0.592601451857928
0.552506569096553
0.472256126237018
0.477705651490197
0.519262487062246
0.496761822649396
0.507949160463171
0.409508482271270
0.303201423879982
0.175952776112429
0.059640200838513
-0.064948658639121
-0.272179887561245
-0.356385406893659
-0.338128175227664
-0.375004608318833
-0.343509957481912
-0.255634470418041
-0.161856601274293
-0.052774262375564
0.077277649774204
0.142315068344429
0.251319537973478
0.330781593431728
0.320718666705164
0.285125296940469
0.216928453489839
0.124846709697104
0.093733280082157
0.124921222140443
0.136786403425146
0.167133036023897
0.105455073234207
0.102276047426865
0.113460991453696
0.105134911821644
0.157930813932112
0.213794900762988
0.284662748845906
0.340019672130312
0.291599132685159
0.153945548834016
0.100591305068663
-0.006052458117859
-0.074812623495836
-0.026637522143579
0.018544318506845
-0.004076589895987
0.071466788026115
0.141071993644736
0.237929859527264
0.308433671495738
0.282124140668182
0.199181854868446
0.188163625887888
0.204297406879787
0.125346438657586
0.017706352632666
-0.068008496626067
-0.053915550637052
0.031153932321573
0.175806082314519
0.239921336647123
0.300813006922205
0.457307625641658
0.595688840054765
0.649089475022213
0.646048076796603
0.643141079066756
0.628037271788319
0.666230450939032
0.682161458033857
0.686585526096897
0.669397259303763
0.641635185811687
0.553418556767448
0.516428259266188
0.539665449253735
0.526061348337471
0.526561579131698
0.450877615944841
0.394994752710271
0.368619818914822
0.382920538667747
0.413259204116082
0.431915621984315
0.418845913293383
0.514278098314764
0.613377198927304
0.693922354042874
0.817072912043878
0.638743644208193
0.730397604457352
0.853293328157470
0.912330102336340
0.915282031714529
0.918612508814270
0.806512881824779
0.761388890726110
0.689740076451391
0.579868828339246
0.485543966397205
0.490877837524028
0.487118520402757
0.472853432528526
0.500207080554787
0.422524611361197
0.352003786466436
0.196006890752275
0.029899209966463
-0.047643587394342
-0.152555810868599
-0.261356450286951
-0.336151814667480
-0.331932286338623
-0.325987962146050
-0.347752511466093
-0.244724401929863
-0.130851595049380
0.008900282743099
0.091919219561053
0.134361980496017
0.224868408039928
0.215697165607517
0.209580506408510
0.177156655222688
0.137655386948893
0.125012716299947
0.134070538801903
0.122207663082481
0.113134931041073
0.097400065787631
0.085636846539440
0.010277867299683
-0.078842146650711
-0.027653542295658
-0.006024003121033
0.054281177327822
0.160781378972798
0.205099370268797
0.192833927662171
0.100631407532418
0.020705100017820
-0.018329675873698
-0.038308516300997
0.102937974071508
0.094408495596786
0.121473434800296
0.221000992344782
0.222770782658940
0.235210600105359
0.296075369022990
0.262199890230266
0.207844766100567
0.100006683656760
0.065197852469231
0.044289702316807
-0.051059669452039
-0.103243419518046
-0.102028815589908
-0.039185334240472
0.062824759685679
0.116524911655391
0.194669313638397
0.320835960005647
0.440605619835775
0.551502679392451
0.595167544065818
0.632755535079178
0.601189335937949
0.589793860208333
0.643059132688765
0.627176359020931
0.526804589566265
0.391487057122050
0.300789297506050
0.278665301994386
0.260280490008626
0.173055868665172
0.153519674514439
0.103142619384725
0.093063764576000
0.153378738822498
0.144631716878363
0.164894400238748
0.181138490617652
0.238062663776150
0.332576757083933
0.400068942898350
0.438175735539157
0.566208646684699
0.398746975900284
0.522201224325421
0.628216779233032
0.739378895510444
0.817535393892482
0.854408939324257
0.839582364861836
0.854140799236375
0.790917155181511
0.629394799760171
0.543844750546227
0.474282519237245
0.359431019417039
0.306245457616068
0.344957732203361
0.258542396688630
0.218565607873893
0.158956962703678
0.026673959578367
-0.079559055714530
-0.182926453945371
-0.218782244637007
-0.264171007124307
-0.309408737294457
-0.388600518911050
-0.337267875368077
-0.235442306056993
-0.139295633148126
-0.015345460020571
0.007973727232312
0.089592622344884
0.133411091921465
0.081070432231758
0.088902640723093
0.066406905219850
0.076100644501854
0.155238068586584
0.087934663706688
0.052521930102839
0.025330436413175
-0.052770844245261
-0.091524328125508
-0.169248166612732
-0.191724559950768
-0.126401090449737
-0.086496722341463
-0.069557028212851
-0.008133794828691
0.061579298418197
0.079306627456112
0.029872023979099
-0.002753439837944
-0.015974980278436
0.057455743249732
0.186143793193381
0.217926191374721
0.226860884199492
0.224329036907993
0.245771544706434
0.316464737220094
0.320019787546761
0.204470300643685
0.158404967337790
0.038133478828272
-0.019522860117594
-0.095079619668301
-0.175769961352825
-0.228832412659033
-0.258584720079937
-0.173389635018226
-0.069803892802034
-0.029111009770143
0.071859296596676
0.136162123736798
0.256773510820184
0.411503234456446
0.507114727318148
0.569083582691985
0.529517645536000
0.515138847513286
0.522718902818583
0.475383541659331
0.321129914715540
0.172747999833458
0.092137794246216
0.015744466339413
-0.094091913991053
-0.215348179315467
-0.233634034403177
-0.226461641402250
-0.160141724007198
-0.097145399383820
-0.083916119859164
-0.040501805866610
-0.043136531564258
0.014842802075154
0.137182127747031
0.210266931599426
0.243359183916853
0.302784222428130
0.265643672305512
0.378309055687545
0.478002395044469
0.616216347836957
0.724740031097494
0.755715179522720
0.795336523570515
0.808284361167326
0.740571072286623
0.643861893650445
0.544968357916004
0.399748151980995
0.302679913647890
0.234370856304544
0.195460242357101
0.115772700896346
0.097817196790424
0.111936968191624
-0.004459409393780
-0.158483122729898
-0.218260664734282
-0.245937453725203
-0.330163689722855
-0.386894576583997
-0.431489432783243
-0.382245109851779
-0.270136491660252
-0.177806804100048
-0.108441844740767
-0.018678405763325
0.080888642940926
0.074937269055250
0.012251011701105
0.034327089141526
0.019126245648320
0.063805291378875
0.108792344368031
0.096267422193481
0.010015532409337
-0.049439185138667
-0.174511158795592
-0.260261747599012
-0.254898976955273
-0.199990473148059
-0.210526618602574
-0.224655310843870
-0.242236949856535
-0.164034731929304
-0.096311600108476
-0.054059209162974
-0.020465170215890
-0.019034855396739
-0.040535141036911
0.032383389549601
0.164755863425730
0.268280486716614
0.235345996491997
0.222190077009677
0.239068567258854
0.278261024286894
0.267733257981185
0.223741614097676
0.174263358862152
0.059153449764985
-0.105874316642589
-0.249996403640482
-0.336435144941462
-0.364368897352516
-0.395020976743657
-0.319975344297933
-0.238822785819841
-0.189120825792569
-0.094533749663534
-0.034102240666824
0.063528914097187
0.200427976255420
0.327881560397157
0.352147394204233
0.384689597731751
0.340840159704839
0.318084129384492
0.229241616688168
0.092180733416337
-0.042625057943052
-0.156755377663183
-0.281250860189854
-0.393544209104280
-0.554375182741948
-0.579652309379648
-0.545298499544490
-0.443345909411445
-0.359628044714697
-0.338632952144880
-0.280242291288305
-0.279075325394696
-0.199953944727471
-0.091978587822006
-0.003173999471019
0.059810919910029
0.173281975332028
0.192088876871253
0.306463721607478
0.390489647701539
0.482051606049858
0.565319919351365
0.698021110875509
0.775880358287051
0.764978032563058
0.664590843706190
0.549020713033390
0.436208220420982
0.295885992209706
0.223629043678135
0.131374543950461
0.054707428525588
-0.038723347590701
-0.038013874320130
-0.008644571433011
-0.140219921732272
-0.200754236756388
-0.309719387390773
-0.382263041007686
-0.432888061593635
-0.496329862165168
-0.478935547675166
-0.412409816503689
-0.288045356525905
-0.197308137237134
-0.148518238998771
-0.087896725274064
-0.058049143550245
-0.018646651675716
-0.044636613316321
-0.041063124141018
-0.061261297842660
-0.056162551145622
0.030666142413616
0.059117733634524
-0.042420534366563
-0.129547049512791
-0.218713715096870
-0.267762385809472
-0.218274001490240
-0.237290544859063
-0.282091279671559
-0.331801662417276
-0.295860377197996
-0.208481655753613
-0.169741605014380
-0.119328879904878
-0.058499294018270
-0.023743518533954
-0.019140615400367
0.039872678906886
0.137564393182985
0.258787007140244
0.306521720873835
0.276136503578539
0.227485809905226
0.280761939802016
0.298969822445335
0.289630772463452
0.215012176015158
0.062979193491948
-0.161432563169933
-0.284476410592221
-0.422645919023105
-0.486158456543879
-0.491999367147884
-0.486433469428865
-0.410825987904271
-0.318622574033116
-0.220833716680473
-0.156050329979401
-0.093691586710535
0.030235718409027
0.142854902256929
0.172389817187436
0.195394734811361
0.163401651770208
0.076574910957731
-0.065841282768538
-0.173956969466467
-0.250016989295388
-0.331906042434773
-0.484371100715956
-0.643925301540963
-0.796866242476218
-0.853913876541404
-0.798529443077924
-0.680887364907151
-0.618578474148482
-0.558314309583068
-0.476753239858530
-0.458201506529621
-0.361103689455724
-0.261152568086861
-0.198776961464456
-0.072207032537183
0.088855344358176
0.067380504385193
0.150540397880479
0.244668765541940
0.339660116888442
0.452339035854686
0.625093315772040
0.686240812840523
0.662804630392818
0.566614027403509
0.486316692450186
0.374919249763700
0.228644713398516
0.122183420243044
-0.009488441247763
-0.152301948694646
-0.215093765341958
-0.181794296156031
-0.167639624031650
-0.252256541329744
-0.403553270278937
-0.461258856048461
-0.467981621054432
-0.456973751687456
-0.498386512726137
-0.515122733072161
-0.499471873736594
-0.344654202376915
-0.217564293769909
-0.157798891422664
-0.214521304807860
-0.205712707588213
-0.180282214734434
-0.094652552605220
-0.087343685706829
-0.118742172098606
-0.121043854094024
-0.082548648760200
-0.001357622600270
-0.066348577085875
-0.158473515512017
-0.192732999029917
-0.229147147086179
-0.212197479069904
-0.262466053168434
-0.377026660886070
-0.449528355795575
-0.347408233621321
-0.234303387438370
-0.208040336421386
-0.175951493169463
-0.095457150374209
-0.032917927282302
0.000866384581163
0.113196272834914
0.258491573297647
0.334170887541467
0.395710514612631
0.439563050624278
0.370468887139196
0.407875982392487
0.403295439791490
0.282236791349071
0.210734764710635
0.018159539187287
-0.233652417532555
-0.383638650505028
-0.566454779235421
-0.584406799898363
-0.561477107283634
-0.568179534832128
-0.519930951374165
-0.410824461986389
-0.382730028741557
-0.326679662729931
-0.245444854589432
-0.154913961116019
-0.121366040589474
-0.077771592629677
-0.027417038381009
-0.034211488321278
-0.112743012660971
-0.254639750264468
-0.338445348974324
-0.371645384042265
-0.459869892919579
-0.684111134808092
-0.872642047239042
-0.968147367166888
-1.003068702037335
-1.000992940995423
-0.932417060177792
-0.841606350512342
-0.735287076611982
-0.650320846665560
-0.635093646556880
-0.536816777089220
-0.446730441408637
-0.352882429651334
-0.229830742446145
-0.078511815514191
-0.077789329111691
-0.035260090507465
0.034380374710419
0.185312856522889
0.390265000273831
0.504573755076434
0.597773334038705
0.597394500311342
0.465178820101525
0.433075187427793
0.406479741273605
0.248991286471329
0.049700774065594
-0.163921008239087
-0.334047554795883
-0.397255036770576
-0.371204566874958
-0.393684208975610
-0.447954085156809
-0.547589677751664
-0.640440976983325
-0.607728338676443
-0.563698370106360
-0.549752088454222
-0.526130350757919
-0.508350765770981
-0.363155827230147
-0.226933340821581
-0.185166165699945
-0.252731510325452
-0.270072019266528
-0.203435454609274
-0.072548453210286
-0.106261016077887
-0.185820687945243
-0.187690956641231
-0.165045651332167
-0.109459967137131
-0.158058244934146
-0.200254908330030
-0.220502476872114
-0.243987379753940
-0.222202240454548
-0.238139641466766
-0.327654650756732
-0.393858143508399
-0.318123246577844
-0.271151764978368
-0.240030177333985
-0.175200172332111
-0.053648604780379
0.012480645347520
0.099149591717456
0.238556211052166
0.356189779691625
0.462064725453064
0.572038149850420
0.557280666180268
0.532080199925640
0.517972516741696
0.424901457111854
0.343506229674605
0.228815984533935
0.021832575798785
-0.257082689177625
-0.475312095396793
-0.686801981444396
-0.690169874009302
-0.649892586431923
-0.604342641392784
-0.586099506159088
-0.532090931153965
-0.504420851552844
-0.459378188293790
-0.414882894028741
-0.412003287755291
-0.388344175727971
-0.352095548442253
-0.301985595700634
-0.289500775470431
-0.351188360982697
-0.454793655641921
-0.504451448627843
-0.547786335984066
-0.645776734611704
-0.850517964831622
-1.012142233698905
-1.145763884445498
-1.185718164635512
-1.148613367395079
-1.057365695651185
-0.899706178245444
-0.862061539037335
-0.807864401171945
-0.767043166755652
-0.684133199418895
-0.562490719663543
-0.489898219448621
-0.334706568287073
-0.184151070666490
-0.302017690700753
-0.195731568521414
-0.076568321325336
0.101960400406313
0.305268866972277
0.407484462463108
0.434173621180494
0.485563915356651
0.444993122309252
0.447842803778259
0.380725980027831
0.186371464563637
0.002636445484629
-0.205999982778392
-0.335527543630962
-0.446336032571301
-0.479072506049453
-0.483469963273773
-0.600873730763875
-0.676533908593673
-0.733398790370176
-0.689116657957843
-0.664170594422057
-0.646223728689747
-0.621381814245912
-0.603365626986331
-0.460866286028511
-0.328879588018977
-0.318599691452488
-0.346035736879478
-0.317213976192100
-0.238970435788548
-0.129962836841998
-0.132422457017163
-0.191555607875438
-0.213871722804127
-0.212973251456064
-0.203634138085973
-0.248488664660316
-0.276508093981365
-0.278169289259809
-0.233283559885575
-0.199230086634108
-0.255266654610352
-0.334974253986296
-0.361418576966473
-0.315446515439133
-0.295994688758807
-0.255984029587625
-0.198779848466672
-0.013981277096197
0.108337973638548
0.173819167348815
0.276596580718783
0.362502534059345
0.507079423797222
0.638230168945796
0.652873832775204
0.569286225395837
0.505760572622351
0.423329811588401
0.348940083719614
0.212380572322907
0.018630971801113
-0.211464213866281
-0.502980805945068
-0.657564379457021
-0.727691203361256
-0.795786228243880
-0.672656365751697
-0.653643914980931
-0.661107962736898
-0.666048628114770
-0.642824282427939
-0.708791484355351
-0.709975756383533
-0.664300550439500
-0.565573796592545
-0.503729861317731
-0.527732350813340
-0.598243151577319
-0.661983790124265
-0.663817471484253
-0.774282069671639
-0.913862452985005
-1.090792991180642
-1.260774832873861
-1.328654390278127
-1.363774542812924
-1.335392888808084
-1.261483970047917
-1.078704570577473
-0.980843617770793
-0.913971462292870
-0.912883798780990
-0.826765124830908
-0.648066044360048
-0.517221850942232
-0.445970362361071
-0.362306776986174
-0.364101325997125
-0.300398328860101
-0.131893817645054
0.000739672842200
0.120397884055079
0.311258986019592
0.347258963928225
0.364297001329138
0.376860539951382
0.370277947048550
0.301251385635050
0.153528346191894
0.008702997944415
-0.151855129943863
-0.295518360056866
-0.479971694692968
-0.519616239956070
-0.555589703485052
-0.636108266463109
-0.772773271553874
-0.771872287342599
-0.764127715395336
-0.739912111968517
-0.746358108599951
-0.757359757219791
-0.706075738631588
-0.626691417058450
-0.516855095028680
-0.409218305651154
-0.361415088761915
-0.351148433030393
-0.310659738713484
-0.209383777402891
-0.105969101213835
-0.156505655419351
-0.151874966009083
-0.175908924014844
-0.207208442601611
-0.259187407520278
-0.325508938836118
-0.329554718693164
-0.281550242576888
-0.257386609657929
-0.281631897955265
-0.376001697828883
-0.355547150788721
-0.310652038705653
-0.313022218281684
-0.311992286423203
-0.216292040654449
-0.055386454412227
0.097958888685246
0.177732509996268
0.225263209724623
0.298682261046417
0.472875690247229
0.538862042651740
0.565733464181947
0.515142831259086
0.448780308501921
0.385078337896472
0.240418295068282
0.158495039370564
0.020045770473918
-0.192963028797297
-0.431867858033550
-0.587499199708659
-0.715861762364931
-0.853936387196350
-0.835349466116277
-0.768610655560809
-0.802871511543901
-0.826040541600720
-0.814038042339898
-0.809889480269325
-0.807206529389103
-0.849970553167964
-0.791542399728942
-0.697838266820807
-0.713502367362575
-0.791453015938620
-0.876146793378404
-0.904626273277633
-0.998227786885742
-1.159581125809127
-1.326118802531880
-1.448672886036447
-1.529390184830141
-1.553493600985837
-1.499696270036239
-1.462268896786742
-1.264076892158805
-1.150968060978991
-1.079118164679290
-1.032839260998071
-0.883578525429285
-0.742807196688058
-0.650752377449012
-0.558287709666173
-0.473832491780559
-0.409430056381404
-0.385945103501127
-0.252155700335065
-0.160115510461035
-0.045656720062591
0.112485464403121
0.224608035074269
0.237580520411940
0.290673105980003
0.203416125681227
0.155011647640764
0.033358820243222
-0.071083636718654
-0.191160817404424
-0.344945120506916
-0.507445956728159
-0.600249354885386
-0.619686838068840
-0.652332295567670
-0.770904063675573
-0.818867889670710
-0.841157793578385
-0.840875021504569
-0.845829015092924
-0.819757115325854
-0.763244182572991
-0.780028413774672
-0.654149971843336
-0.519719739377007
-0.418239968725002
-0.409670418257295
-0.293414268742926
-0.197797563393266
-0.131401390223378
-0.119081464877412
-0.150484433758130
-0.180178224124957
-0.189724398701196
-0.201267997511598
-0.238488491163430
-0.283108489194950
-0.277769064321840
-0.309878871875279
-0.318295853050310
-0.348491471594590
-0.380514012849943
-0.341568748231606
-0.302260600181650
-0.310471243142746
-0.224539296577314
-0.078165688852689
-0.000338071766295
0.088859136263046
0.182099822903905
0.274907525630130
0.373680850581243
0.406820278155279
0.390797498893631
0.357503670699442
0.345822819466398
0.297103709376654
0.230419873732941
0.131580198128464
0.041688175707342
-0.122550224031868
-0.318104152339845
-0.552338188928370
-0.749865895743258
-0.869302254812684
-0.923364031383211
-0.945507144367595
-0.955919673140540
-0.965536135811429
-0.924867525189128
-0.807682110066633
-0.843451183161260
-0.968323565177409
-0.948933892886641
-0.840968674016171
-0.880359966890745
-1.008443216859603
-1.101667489409138
-1.211963890733063
-1.314810541512246
-1.380674210445211
-1.477189734662754
-1.599380444417082
-1.680587448758149
-1.742587374081243
-1.688374246151547
-1.580379003255244
-1.435806088194793
-1.328011810685339
-1.213802006996691
-1.153788880562145
-1.004579480769442
-0.879792696749575
-0.795533628455825
-0.663527542513757
-0.538456629949617
-0.473484570841539
-0.459991525303303
-0.366709874987680
-0.284773287419141
-0.159532761444741
-0.021075988169405
0.114491128323029
0.187765578928700
0.211587314050004
0.139447826398284
0.002608285064706
-0.100629854156010
-0.149139569180545
-0.209624032525595
-0.366642398783732
-0.544317751123706
-0.603629972496470
-0.642381961456297
-0.650286059921639
-0.730579070432762
-0.838468546618563
-0.922680992646470
-0.963509421897034
-0.934992142161979
-0.872543654017712
-0.861702443901929
-0.864905917447063
-0.737412215847082
-0.609894441303800
-0.518217697435868
-0.460268579667125
-0.328940616173215
-0.238276044910460
-0.142895337311431
-0.142174618101338
-0.192910519825437
-0.174579732965572
-0.134079903642369
-0.053363406191645
-0.083436733873038
-0.201895667039972
-0.308720052651004
-0.350538510244426
-0.280123876714032
-0.294001303868463
-0.330366444807450
-0.298961690779208
-0.290602633050958
-0.270648185603438
-0.147445783937957
-0.061062115150346
-0.002462551374691
0.109767889418800
0.163870519356715
0.238151688103925
0.320695049486980
0.280237993247672
0.260507976518795
0.257169914256087
0.298944498955687
0.240027897665626
0.207499733120426
0.143359406315199
0.045440797803492
-0.078038529002127
-0.269723755044807
-0.510173211247465
-0.772936395690177
-0.878389132560427
-0.931021268625647
-0.992023682145745
-1.067535070163731
-1.067284743817083
-1.056022835846811
-0.966194936909088
-0.971636126230273
-1.038441186538137
-1.030622284239163
-0.987514175628852
-1.098312679993359
-1.183133160705040
-1.280705249889289
-1.427475976262886
-1.619683101779149
-1.610703689336580
-1.612140051283569
-1.671995292107609
-1.794604050536803
-1.898253942160625
-1.824661227496994
-1.693000880640048
-1.590774194233785
-1.520680767764888
-1.396286412697633
-1.291976829546163
-1.171572340378904
-1.085181138856805
-0.897105106598429
-0.777161529569746
-0.623209216642612
-0.621370505450263
-0.544674445692259
-0.415277962127961
-0.340808321964286
-0.197942785912707
-0.084091426985109
0.077990576130922
0.114280491549096
0.147358721928398
0.049545270908025
-0.112031269500967
-0.228155924529543
-0.277601448069775
-0.311872788039471
-0.328191495619976
-0.460102138560624
-0.549572818283304
-0.575976075206365
-0.648698882975428
-0.764212393195358
-0.905700730559194
-1.044196418157769
-1.033436441033840
-1.016214447112572
-0.950798199692184
-0.935742317001833
-0.951854468138896
-0.851565386215177
-0.730486826792576
-0.594722096004320
-0.502766396205354
-0.363099650610536
-0.267022579168729
-0.189696872137977
-0.170270584665878
-0.203823453874234
-0.179947798581881
-0.102796244937522
-0.000105674228664
0.013988188810561
-0.122823576166783
-0.193846162265418
-0.275179234174035
-0.296181564156664
-0.317459605227164
-0.293004105333849
-0.237767034642364
-0.275498921138013
-0.292037882196103
-0.193877121801509
-0.078361074185024
0.021896313081736
0.061630736730799
0.125396795248932
0.174972555567037
0.271239472273273
0.214598986205579
0.184826991513388
0.185560590284752
0.262774535178604
0.252285393327085
0.187018674756223
0.126294568478224
0.052589071492682
-0.118914776170496
-0.314236119803431
-0.517232860122055
-0.813163091082306
-0.985908351286934
-0.993865960648150
-1.073837219963546
-1.084424422215042
-1.109849074351950
-1.128323482358369
-1.128775671816014
-1.131035670047665
-1.137174756459177
-1.143089713503059
-1.207155399617870
-1.296256965677842
-1.348440971664727
-1.404285332621101
-1.573312419986453
-1.722129283076784
-1.747152273048674
-1.779318919523311
-1.823402751721690
-1.848937788241310
-1.918981431102988
-1.878028203615940
-1.802490046352194
-1.779314134717760
-1.671262819069255
-1.573731045061650
-1.435399953611301
-1.253863118084851
-1.182689010972711
-1.011790385174719
-0.847449808493375
-0.716505522805326
-0.690890998091596
-0.667857348376160
-0.588487922223135
-0.432137310897255
-0.230858393784283
-0.081862716992263
0.055962269757237
0.023733016854272
0.053817986270905
-0.014675796679986
-0.216790615855625
-0.356142317640263
-0.378101555616950
-0.403397395801141
-0.374286358979004
-0.418908394261735
-0.567710954628733
-0.593602905984833
-0.700892523065814
-0.812443169861423
-0.943923206262642
-1.055128628300163
-1.062546865330325
-1.001069928851994
-0.970973885489585
-0.989959867646081
-0.998977890236439
-0.899122840069986
-0.783741175680799
-0.662238023389944
-0.565817073525906
-0.464148839381619
-0.372512254612903
-0.284903459064007
-0.267568619836178
-0.232810100725955
-0.176766012915547
-0.071041832112536
-0.061131640101282
-0.047958294128128
-0.045444652114114
-0.104855196179431
-0.174041232557363
-0.249409704365173
-0.294920602491499
-0.273983950634191
-0.312308692220515
-0.393455500618244
-0.379366667519251
-0.241099554480096
-0.094496244205554
0.006895678675392
0.006637738552286
0.046856313971534
0.078652834081341
0.082118859669487
0.079187442173243
0.094429513184192
0.145915115631483
0.257035726169979
0.211485754038625
0.153866691379927
0.100810881435749
-0.001484805749032
-0.161588756213324
-0.337463139158186
-0.527315878379700
-0.791403056102729
-0.961361996349048
-0.992052050133224
-1.113644960941406
-1.160830475101665
-1.178963355571043
-1.198946293673288
-1.195756354624205
-1.271522904112232
-1.278781621086228
-1.269115787200662
-1.385274798152018
-1.432641418347036
-1.411131370015956
-1.464863160108459
-1.611357860118420
-1.755733371586143
-1.815532156546940
-1.913326343280351
-1.982253194194342
-1.982956226574495
-1.951989672091543
-1.905377946524539
-1.907311692638857
-1.847321596808965
-1.748578872760359
-1.652236339138881
-1.519925086595970
-1.351506201161752
-1.252377299744462
-1.153054911863706
-0.982475026091242
-0.813851481381196
-0.833789719566212
-0.769550102717612
-0.636261107433423
-0.492449225652850
-0.335600957255821
-0.171689478634251
-0.051585343826834
-0.076401871855623
-0.084878318655077
-0.144125801081918
-0.374537178954386
-0.492492281370526
-0.490864145049669
-0.444741588994614
-0.415037169506646
-0.419939591716442
-0.569989845094612
-0.649727588889123
-0.796395685425891
-0.929945826579198
-1.044145136810269
-1.106623070952407
-1.108780897452864
-1.080089044134232
-1.032964516579925
-0.995448365897299
-0.957908110690218
-0.865012496979574
-0.745015985629440
-0.651766272726321
-0.558063037329831
-0.532541308761376
-0.481934495601972
-0.449802766850602
-0.331715591886293
-0.225906293449524
-0.175337769813520
-0.156990523121597
-0.112901695158031
-0.107239837841224
-0.144001271738150
-0.138582034526215
-0.147164471051236
-0.194412716507662
-0.243727900633695
-0.298455079265758
-0.395260685875510
-0.429354051596208
-0.456393011470074
-0.320793283674422
-0.140703479983896
-0.051319656227807
-0.037752323982980
-0.009532005751908
-0.014202426435082
-0.055069610252068
-0.036350800048020
0.086140502689766
0.211973388427592
0.262608433420121
0.175868628979036
0.091765024352278
0.022195773160511
-0.048623847737234
-0.179235003053735
-0.358031197704340
-0.594935338548202
-0.777603677026992
-0.965559721455991
-1.020583499988318
-1.099947132186563
-1.184036898680327
-1.253029360197842
-1.244171058306283
-1.279766049704897
-1.436609954354940
-1.496277245054166
-1.488685816906900
-1.478494130618187
-1.460209058873922
-1.372309015454942
-1.482197852801778
-1.745792203258562
-1.865612438862750
-1.959097306334043
-2.102602738796821
-2.142281142355080
-2.151483408144326
-2.049782199275101
-2.030893664958697
-1.950196765513069
-1.837852981372074
-1.775321108239845
-1.633808006154087
-1.509763146806500
-1.450894840415752
-1.364195740815190
-1.252374958266428
-1.081340656852043
-0.918102759698919
-0.944632465986871
-0.825821203327277
-0.683624566843442
-0.552176765672588
-0.441699840527911
-0.270304514879122
-0.225573893876784
-0.188381994862803
-0.223885615408564
-0.313011946551679
-0.515969039328834
-0.561105784463727
-0.527501002593100
-0.526660387926074
-0.413565393949900
-0.428432966949113
-0.617094071464440
-0.740016716200674
-0.830018894637439
-0.968717696422497
-1.078236590221469
-1.109442132150872
-1.124726321165401
-1.161503399642665
-1.092012113322600
-1.072675119478028
-1.000071358618027
-0.858189240369864
-0.776373604325973
-0.714919065068562
-0.638340322882686
-0.590962874366786
-0.572008329436099
-0.509091121171428
-0.353453960308883
-0.254924515081857
-0.276195491189191
-0.218012820155381
-0.152663697996731
-0.164596461447902
-0.182570849676665
-0.155091875667973
-0.118309584790843
-0.159006864139086
-0.219296174879219
-0.273457575452730
-0.318748056497643
-0.361040331521724
-0.329479041731368
-0.291714555738051
-0.186552038902008
-0.126984048568866
-0.065390248383415
-0.047442990473501
-0.036334205383794
-0.065200239776609
-0.028118324392395
0.058200770736136
0.203704411110411
0.196973687392249
0.106888710492692
0.007861364675502
-0.131942511605615
-0.112628602548198
-0.190094529044676
-0.400167575225568
-0.648742167547531
-0.830079314554328
-0.981409561462521
-1.105477278996059
-1.150405174834302
-1.218737698092621
-1.301715606404136
-1.345972654021608
-1.462623099070340
-1.621237572659812
-1.642487772275605
-1.642099603883427
-1.554139903665627
-1.471647189931057
-1.382533142106991
-1.496172525498648
-1.784174929576420
-1.973359971221772
-2.118333920634326
-2.282962583988217
-2.302540914660461
-2.218885598512748
-2.151611371899572
-2.085202793379064
-1.975435162228209
-1.903826331684526
-1.772177737654967
-1.666233504411598
-1.534216181709172
-1.472616893960034
-1.414269398159097
-1.290770009606782
-1.180962343360515
-1.058968624639435
-0.955966309072103
-0.823473925951853
-0.729842440460361
-0.607141021961802
-0.500307984825911
-0.391904083447831
-0.357781658110529
-0.330699877698370
-0.359959205075003
-0.467690377503737
-0.589310115521100
-0.605119637961834
-0.616036470756612
-0.596746605424014
-0.525204044797056
-0.533388740110246
-0.647834812000001
-0.740913028187556
-0.832912754395637
-0.971760446555485
-1.103966968236524
-1.148142903380373
-1.223679351561040
-1.180155486532061
-1.137685943696941
-1.115419019444194
-1.000138434380483
-0.848874235866006
-0.846291725412779
-0.813074944661795
-0.704834367365824
-0.647873958692379
-0.580244038714640
-0.530416138914957
-0.440833507121551
-0.380408570889558
-0.403046004741366
-0.358755607296701
-0.269776148628966
-0.220403107695298
-0.102221595062192
-0.072254686963381
-0.066938768816951
-0.112062651130927
-0.203770895268660
-0.197352568555356
-0.216527820071033
-0.208111151381194
-0.257945442080486
-0.256478113043452
-0.180061134602320
-0.096550942195003
-0.040908332066636
-0.003313413245650
-0.020673399061656
-0.063512091742911
-0.038870976520148
-0.035754235338588
0.027771085621419
0.131068257283403
0.097968451300286
-0.050191700055927
-0.194849117743310
-0.250307813105780
-0.282623154155468
-0.484344967326559
-0.736575170264440
-0.896266524447953
-1.030713296888576
-1.183485964425832
-1.239169013769121
-1.282005501086716
-1.417006904254607
-1.468241837715326
-1.654853815330880
-1.777842816773609
-1.759589821345433
-1.749825116560393
-1.666976194483534
-1.625085581162433
-1.612187193071864
-1.691741927742093
-1.816715031401271
-2.027483881778037
-2.222835748289203
-2.329936879630445
-2.375308811354737
-2.258260283204575
-2.148515169007033
-2.054794391469453
-2.041139380119839
-1.999487219000780
-1.870454033954714
-1.722321382466219
-1.554740548904544
-1.466654195632741
-1.476190593251190
-1.401660498230180
-1.238371518337704
-1.089883485540492
-0.935669789403110
-0.794013047524777
-0.758777807791126
-0.675674935732256
-0.567405255361531
-0.502576003588832
-0.470944206069994
-0.466242338443927
-0.509824898569770
-0.625158259951065
-0.734765092993390
-0.784096154610434
-0.796364813937053
-0.657713937637313
-0.679146811274472
-0.750407107545068
-0.808900302768477
-0.878957185267090
-0.924354368089519
-1.024058910110979
-1.117064592292986
-1.172274998672616
-1.233316596610957
-1.212695986472770
-1.177180950209963
-1.135360635420007
-1.038273681151815
-0.982730175401214
-0.950191601394303
-0.885961196167099
-0.724274577706259
-0.636357384633993
-0.604959169782467
-0.524741840324908
-0.470982628697941
-0.423156656844771
-0.369060436625808
-0.331581952020606
-0.291872995696510
-0.194692943619590
-0.058136839813467
0.043759369947888
0.003469939725426
-0.118796978767786
-0.115482949649427
-0.128430981275198
-0.146494783448154
-0.157408846171804
-0.233266188297090
-0.239220073495860
-0.124577359347672
0.005501351223698
0.029631274260280
0.012709933497177
-0.007811527545350
-0.006803979687901
-0.038745858534716
-0.084968584814560
-0.071531421425197
-0.021201190084902
-0.019781826965774
-0.113137256821743
-0.281083651609971
-0.387154516089901
-0.502962045308802
-0.675608627461517
-0.773035187083624
-0.929232046460754
-1.112151714536441
-1.227978502448593
-1.266002078298056
-1.392839630241915
-1.559414850517113
-1.661959500192539
-1.835115881135421
-1.903287198307931
-1.908673426092433
-1.874425230759680
-1.833343432673008
-1.750230846513759
-1.757929485725690
-1.787843256813373
-1.909398269743911
-2.073125119216180
-2.257530409543691
-2.330555283506730
-2.328177467531917
-2.226396922619714
-2.137593711052252
-2.104189489163883
-2.094539073417832
-2.053942666570391
-1.941238748996507
-1.726674310289797
-1.588230240992744
-1.483675506550853
-1.402976354581366
-1.274071219106848
-1.188762474782395
-1.058365500422548
-0.898382934459215
-0.785423002149508
-0.763447395339985
-0.734385109455574
-0.622283053934603
-0.558401446407861
-0.582040525332473
-0.578972868574433
-0.639008007932964
-0.742618710637701
-0.785851443921669
-0.889223759222788
-0.890203407649934
-0.812686759210313
-0.893938185806022
-0.964483210433997
-1.002216134025114
-1.048680456646303
-1.088180021982359
-1.157051204176887
-1.174557190044541
-1.176649427491936
-1.217583552052792
-1.295951315042297
-1.245775434564626
-1.200564007975879
-1.208312535811246
-1.172317109322876
-1.044962538331683
-0.917062534163983
-0.777376186583091
-0.661797800596369
-0.587401103686232
-0.553732496382675
-0.494063915433593
-0.463705039460250
-0.345298652719751
-0.240488711454617
-0.238208619197127
-0.122155798565164
0.015836762770812
0.106845137912202
0.081485260236060
-0.021954095242238
-0.017126370548162
-0.084322516696237
-0.126885535944406
-0.175744810730296
-0.192717949294688
-0.167137800564895
-0.088995517460336
0.023033797907850
0.073637099880959
0.021107032478630
-0.005850078997076
-0.059156666982749
-0.091355900902323
-0.108619905615156
-0.136383173305384
-0.130698779577670
-0.118018820464204
-0.212396638628617
-0.398368917784703
-0.481315668292430
-0.620653980157012
-0.741371219031972
-0.831240859404484
-1.032579768369068
-1.221894034902647
-1.357938545101676
-1.425819782677005
-1.541951163928743
-1.724570100680210
-1.832826452674641
-1.964206209124479
-1.983424801772467
-1.930675261178166
-1.899559865312278
-1.876459827795700
-1.826907238452899
-1.815732616229318
-1.813099927823314
-1.926064477094194
-2.084604457715889
-2.292486163849550
-2.326018524766635
-2.247599195823617
-2.110956410781691
-2.123994054485738
-2.122613218429033
-2.049946086653363
-1.982085955777282
-1.888401552317199
-1.671692800863860
-1.523079612190936
-1.437355632885630
-1.305460178219872
-1.208400438900922
-1.124634916736878
-1.043762835924813
-0.901968736230500
-0.769586937362435
-0.692808817592985
-0.713503196865686
-0.633234343354870
-0.638568321177670
-0.738676786962532
-0.706177502274675
-0.746156268281499
-0.837973298921737
-0.877726654750196
-0.927675665734742
-0.915883695487803
-0.920642846004716
-0.977167988598668
-1.063937283806760
-1.108489887552547
-1.208901273161004
-1.256624959706454
-1.241863102391553
-1.214313098186296
-1.202373038511112
-1.216984178276387
-1.330833749330720
-1.348254425672496
-1.294758536315729
-1.242083365369933
-1.165320828208591
-1.053585120065108
-0.985199770875945
-0.908408864271982
-0.764168084617905
-0.633420051275262
-0.585978531528494
-0.567888116401163
-0.481822893773428
-0.338051015799161
-0.181282786295500
-0.157402580909129
-0.095949987704827
0.017744665919265
0.131766150482878
0.078120342270384
0.030640562400836
0.043486504548648
0.021428801855440
-0.005540535266675
-0.015612052517586
-0.052409752217500
-0.081937776836476
-0.071981104134281
-0.016241151241231
0.036330541906919
0.025865914104584
-0.045025590520134
-0.082248499357207
-0.118505405471271
-0.204116022603854
-0.309254412750081
-0.191845742161079
-0.200011850876923
-0.258796728656056
-0.407014665371252
-0.525193594753089
-0.594819848934990
-0.761053096334475
-0.964173616363802
-1.177604015566886
-1.340864141049757
-1.543962395094107
-1.626228516345720
-1.654648500917766
-1.785343839634407
-1.905650114084912
-1.996925098954464
-2.010828037747134
-1.911499625712810
-1.893624382805075
-1.858130922003774
-1.853816518108362
-1.892616573534705
-1.895776622284882
-1.939680437876903
-2.054256270969438
-2.230021729789763
-2.224987004506660
-2.153528784692796
-2.040270340540332
-2.005166819091500
-2.040866607767516
-2.010781237251304
-1.907204437675731
-1.772768732048034
-1.606650391504941
-1.452592195547785
-1.362426071043148
-1.351383828911915
-1.253440305952465
-1.136124158245292
-1.043374120133753
-0.877013225861525
-0.842912687984558
-0.743022769201067
-0.722714509018145
-0.680330616024145
-0.722762315492737
-0.809494802829844
-0.759917090573313
-0.810862463024280
-0.900744748975090
-0.939530845834019
-0.885889339084636
-0.894117332979930
-0.925561294550933
-0.928727047955547
-0.974586583629460
-1.128750115392731
-1.240302654162480
-1.290677322694502
-1.250036687670448
-1.145702619087286
-1.160977800992380
-1.230692777590823
-1.335262610683114
-1.425975463022417
-1.351409101388375
-1.272390231636726
-1.158988073093247
-1.073105586732879
-1.095835159613132
-1.026341990934154
-0.876999568463525
-0.762336431410702
-0.646657159258492
-0.581134681387214
-0.462034086712373
-0.309970709738862
-0.206939606967613
-0.137557120664025
-0.076245109973978
0.024436575082517
0.138324533009455
0.108433227129184
0.120963281622181
0.073210393153105
0.059224335526754
0.022489544392577
0.005609056867994
-0.014555063964209
-0.021323547333061
0.006371284776689
0.000398736714976
-0.005406698020007
-0.007426051242529
-0.078124119864288
-0.123930088664710
-0.207115537303068
-0.340146834630820
-0.400953251885281
-0.345378174369813
-0.339490432816114
-0.316925550006249
-0.456093556825642
-0.619929826680224
-0.714896124757834
-0.867707721599147
-1.099094206164589
-1.301383339458971
-1.459499687912025
-1.658657352512554
-1.763177752498412
-1.793239431192487
-1.882255696327660
-1.971458345350370
-2.005911758514647
-2.002485643540432
-1.978826885332118
-1.980624594045845
-1.938337527076128
-1.981732895609250
-1.998621147130377
-1.950234080521340
-1.949518614525233
-2.096110026474792
-2.221730061919746
-2.189974290154779
-2.084685439449847
-1.997077317785371
-1.882083976801552
-1.901525439680350
-1.862608128766875
-1.788988520646068
-1.690886222574299
-1.560730493309747
-1.432951344679430
-1.341208182658006
-1.337379924941306
-1.280727345045232
-1.154777867846317
-0.965515013823709
-0.804756007085676
-0.827666152048072
-0.828448342669454
-0.759752628894969
-0.698110074597327
-0.720289071831339
-0.776445569182670
-0.808496116088886
-0.865699271012379
-0.908908921641224
-0.924407276658580
-0.832785883718292
-0.817855197639898
-0.906318806858590
-0.949249837414673
-0.982865882978753
-1.075303638083510
-1.203518872919513
-1.223147824712373
-1.197607433587022
-1.129408402977691
-1.132954925416801
-1.237433042615968
-1.353450862970781
-1.422848082324179
-1.406281181436236
-1.340702323841926
-1.222242088826854
-1.128126608622151
-1.110901090747153
-1.028416001846066
-0.933945229602497
-0.788467237556584
-0.690990687914930
-0.584543209075523
-0.490094922011872
-0.351572986976247
-0.222694655728566
-0.198394615687326
-0.154230197051765
-0.041428179687729
0.012151243089003
0.055184017533852
0.105004924569179
0.040567327145597
-0.032527293207374
-0.025830788498118
0.003695584628124
-0.017409949301008
-0.003879119786737
0.009560265440231
-0.032600336429160
-0.036480047778830
-0.037061155981304
-0.065541536969830
-0.173279056491612
-0.299322086828214
-0.427448785540662
-0.492472717595224
-0.536055793292026
-0.532990404477567
-0.544110074673513
-0.565869339834355
-0.726481284345397
-0.930263653665494
-1.076919507589765
-1.260381839221699
-1.455103241482922
-1.599990047247902
-1.756835803599186
-1.877955953942831
-1.999484017877043
-2.064656597086838
-2.101906019975515
-2.126426743870680
-2.065984186918544
-2.017403060180788
-2.023898737044116
-2.051961627263057
-2.089551013225730
-2.104248805398830
-2.072150712173002
-1.998656243933637
-2.056605247222769
-2.137890358311424
-2.186601024469916
-2.041415173631030
-1.978395425775566
-1.939551231992489
-1.880823498997694
-1.812798953847236
-1.707147475866269
-1.626945868761710
-1.528351166657776
-1.365247718791670
-1.286795897568215
-1.318640812598795
-1.268248361172986
-1.141257327917357
-0.952978785768646
-0.880140932930349
-0.844189109015897
-0.810589373312970
-0.718724317735452
-0.707067164047786
-0.692011151885809
-0.744544070220899
-0.831351511509145
-0.871719891719314
-0.849313436074171
-0.778189991233223
-0.769699564384937
-0.763754476436737
-0.853599713883038
-0.914094441894361
-1.030723308703746
-1.121731278505907
-1.182374261252210
-1.162283802801747
-1.182277615262677
-1.146178909325320
-1.122584840871997
-1.189443139836466
-1.324080574099244
-1.454086583590791
-1.374214529392587
-1.330238645596373
-1.215277812573674
-1.106743884027359
-1.058729744251992
-1.004711334982041
-0.897678847252399
-0.749984534662547
-0.671448233683037
-0.598849609048779
-0.523569984893932
-0.363760221247023
-0.231140863520191
-0.265302199690423
-0.244424793441975
-0.119997590136358
-0.095096856221970
-0.039467749018319
0.011559876948167
-0.049154279573337
-0.121569930575639
-0.071349812150667
-0.000969198102609
-0.013784406897056
-0.001507824874436
-0.022217879392730
-0.074516237248537
-0.098021929212837
-0.141241356148164
-0.213870790669281
-0.258138694716810
-0.387485871080681
-0.479533229527041
-0.551092600020643
-0.651472842319939
-0.677853812171518
-0.712910828752139
-0.778534231343246
-0.916720860139819
-1.115047414291602
-1.245348851540897
-1.404088133807235
-1.585155187237016
-1.757739464979738
-1.864065788091068
-2.046190331255018
-2.214694240753969
-2.254881323062628
-2.235772006354462
-2.240408832429582
-2.157363533811202
-2.135516260878042
-2.107277816866117
-2.119187154542061
-2.158922335906087
-2.149055457286747
-2.150954752935400
-2.060887988883767
-2.004510060653677
-2.065727245261363
-2.172597987556436
-2.090787521484397
-2.012342776971975
-1.942720733106646
-1.897120213950708
-1.849626118443747
-1.739989004889845
-1.592494882656987
-1.474134645239936
-1.339301527240904
-1.270825744879382
-1.360447038347222
-1.304593380030762
-1.175914144094295
-1.012583803710622
-1.003345799322907
-0.943740934743194
-0.854309787870959
-0.787804896400301
-0.759376288010685
-0.762189311085293
-0.677394086042131
-0.716317194948465
-0.767539052309066
-0.716702420359138
-0.669686570085258
-0.671318852186681
-0.720076019346673
-0.791938916648676
-0.914456662963914
-1.021573611174681
-1.140838934729536
-1.216771644802871
-1.205398714275847
-1.210555807388006
-1.146643299516903
-1.165659375694283
-1.258728987844743
-1.343036433982354
-1.367939413844293
-1.339072253358400
-1.269581657280512
-1.142201048617931
-1.093613134992853
-1.027596961442117
-0.985630566243373
-0.893360028496614
-0.827086097877844
-0.767741490988731
-0.646395338578805
-0.511619773660644
-0.383214795142639
-0.320066701193824
-0.326787033802806
-0.292545510651699
-0.225329130294722
-0.179255457300599
-0.143496399978982
-0.116347564765980
-0.115920663133179
-0.205337857917997
-0.162759930222907
-0.122203344796192
-0.127830874526932
-0.144187271334166
-0.115300164948356
-0.153300571331597
-0.194535287842320
-0.247811919470902
-0.306921529277263
-0.350263926788594
-0.473450294965149
-0.618306125871354
-0.726853176349703
-0.726484369576759
-0.768386526221264
-0.822752025676688
-0.898969445469100
-1.022248205342378
-1.168956132892637
-1.293712846806035
-1.489008650914483
-1.656443450667778
-1.840137190221474
-1.988894153478190
-2.153124886341169
-2.310576461443121
-2.280907932373486
-2.270722509276030
-2.280012747787450
-2.244607965055803
-2.223955522116414
-2.189316483432568
-2.179695817635587
-2.179565612715796
-2.218821828664547
-2.209730310337630
-2.072045901208110
-2.025030839041499
-2.029400027947357
-2.131273741572319
-2.097964973270924
-2.050874461748967
-1.963096487144015
-1.876808436754226
-1.796520536623475
-1.676393467373049
-1.558335786262705
-1.428365595002731
-1.326625554826291
-1.309593223513736
-1.348130987471886
-1.283412482186856
-1.135233141034777
-1.042215964063401
-1.058151519956932
-1.031817573546263
-0.952039295500001
-0.927805695704687
-0.885441050754895
-0.777003976140881
-0.638285090816985
-0.633622814438914
-0.666054034603939
-0.616933435562183
-0.568244317661863
-0.603808619526020
-0.693503739431507
-0.799313861790138
-0.917385852659178
-1.047613397657285
-1.161942972109244
-1.216941608594729
-1.228544489443574
-1.245890304604651
-1.238654682241078
-1.266317979245827
-1.295706921306029
-1.342028659866822
-1.363565628219393
-1.363656221706135
-1.247234349062456
-1.097138501062586
-1.080318212838897
-1.068250417303170
-1.026164830653219
-0.956857062616402
-0.947779408123662
-0.856595782675076
-0.721859196917377
-0.537607601596625
-0.437793816104485
-0.415870414574661
-0.347451473064418
-0.312193546917336
-0.276602398321045
-0.261596734426732
-0.262837011495314
-0.246376191719801
-0.222515236315963
-0.250526756019256
-0.267502513354281
-0.217225017609051
-0.255020099875012
-0.245318824970802
-0.239010759628294
-0.270004913234175
-0.294348992542464
-0.331270977218082
-0.434075106536389
-0.504875886980347
-0.589171269162890
-0.684749994591095
-0.765195456226732
-0.776332605978374
-0.805492203178771
-0.861760691310547
-0.993756556692843
-1.119599746644493
-1.212916479336525
-1.401669123172745
-1.601652308447676
-1.798338697037718
-1.901712514614794
-2.074122899275470
-2.228485862752020
-2.251220821297539
-2.247315869110843
-2.291093027344764
-2.356323945795268
-2.342645116695842
-2.317168171427457
-2.234006167825083
-2.216126209661318
-2.168315402544098
-2.268532270868871
-2.214997018287699
-2.078229719784122
-2.057896742812363
-2.099581199159148
-2.100013840151227
-2.077003617618374
-2.054527200549780
-1.994561327128619
-1.900408056766773
-1.763525815268808
-1.595558958590384
-1.492711205803899
-1.386286043016384
-1.286643364263621
-1.267714684026244
-1.273479086594726
-1.208443937026729
-1.115822082176579
-1.062848112196074
-1.052110068881922
-1.010646407719985
-0.928841003111514
-0.919254834551569
-0.901345615623803
-0.796800549823616
-0.661746742621079
-0.647454757998094
-0.652746424011651
-0.569268240381075
-0.511890183695498
-0.601719058129471
-0.690177237465906
-0.739172751044531
-0.866850532910990
-1.013218402753975
-1.133032832734596
-1.164048322950675
-1.156232283533923
-1.229631550849782
-1.205260184179667
-1.177731060055497
-1.287379068947943
-1.322607410801727
-1.365067898989117
-1.331474000151204
-1.234279300952264
-1.141878676274824
-1.082569509639141
-1.096338964373489
-1.022907299678469
-1.042702193552943
-0.975522287130952
-0.876894603073720
-0.757763274641856
-0.609019877129934
-0.523275865074827
-0.452343364161264
-0.357772608060352
-0.337681501599121
-0.339392507271573
-0.358853448555835
-0.342589363272670
-0.324832653747567
-0.295516033413932
-0.355226084562461
-0.381036449595119
-0.362517661028766
-0.378390290110305
-0.397816440548697
-0.421348924828033
-0.416933332364410
-0.483202699648383
-0.467557802876667
-0.582508810073191
-0.634031506912681
-0.675534451920477
-0.766706114659844
-0.761480254577903
-0.795577646557937
-0.914549886570502
-1.028846289898920
-1.151375298778907
-1.221039789903175
-1.355300794378874
-1.467080625813334
-1.606947902120554
-1.798354324809181
-1.959097790062334
-2.067752013941997
-2.127896893538421
-2.227451250512475
-2.242398249074767
-2.382366986778325
-2.453612060189101
-2.431862537577770
-2.361724141188014
-2.338479282831596
-2.289455325645456
-2.246355312439359
-2.320298299569009
-2.219302549549092
-2.079629609004670
-2.090434355838551
-2.108561010219905
-2.087495965612411
-2.035415366140491
-2.003118822598732
-1.897943901831238
-1.835322080181832
-1.694438429994704
-1.517706777236991
-1.402048447807141
-1.318413572209814
-1.224062869896955
-1.187299462184980
-1.205339484584957
-1.106700848876518
-1.108541248028074
-1.072817462710853
-1.039149670772787
-1.005224409461808
-0.988987346034292
-0.995065619415391
-0.942843339188451
-0.817479634823986
-0.699926136031947
-0.659195355029605
-0.620519602656930
-0.607292624895747
-0.611111235861760
-0.657507784612235
-0.698493541352704
-0.740195559281958
-0.799794308840264
-0.949248034938298
-1.101047238528219
-1.167587325808750
-1.179823963037669
-1.218791433924424
-1.192465344130729
-1.172998854878118
-1.185487122572995
-1.251838579569250
-1.267510060519080
-1.276821670403735
-1.232271156124478
-1.183190398101982
-1.182812635732962
-1.127149607293151
-1.066833873761374
-1.040057606584645
-1.007340874511783
-0.921701200036376
-0.810356701306029
-0.732176334415050
-0.633180402593881
-0.498876488014297
-0.389501335130549
-0.363514751841706
-0.396787453218059
-0.360240106385409
-0.366288245340477
-0.391521425717691
-0.436979022509857
-0.528076406335879
-0.507724266720127
-0.489675765554803
-0.507356877578527
-0.557660538456216
-0.533122738416522
-0.576855438857645
-0.641355878900936
-0.609127386512627
-0.659418026980736
-0.674308315739347
-0.687413397590491
-0.731727345119572
-0.797655153551354
-0.914607349274362
-0.993638365239578
-1.125860133700029
-1.254807180559053
-1.384938438114044
-1.512947641697002
-1.531779984370339
-1.599664854398205
-1.775957492621499
-1.954568028908511
-2.095691981691052
-2.174546415553768
-2.217765365215634
-2.299298747121319
-2.441232782813146
-2.490446602675311
-2.485050130545828
-2.456470820008267
-2.468487077402380
-2.394338925250708
-2.304855805071521
-2.268011864513863
-2.212050906913920
-2.091395537457091
-2.032132925736852
-2.037517290013887
-2.034128712082411
-1.935859813801929
-1.857476173183918
-1.741019497110616
-1.704546352989827
-1.623567118992378
-1.471124897214379
-1.349234358300132
-1.208506146623651
-1.168452597864582
-1.123559285785638
-1.054286279602328
-1.028723768200320
-1.042299361815938
-1.082715545850752
-1.063076932152897
-1.062978541813440
-1.051117172304392
-1.044649842373531
-0.953493370916653
-0.806610190344745
-0.693292298198479
-0.679655630978757
-0.632765383788740
-0.665433602279794
-0.673331132073713
-0.623134309397068
-0.666990921250862
-0.708066685484648
-0.790872693116658
-0.860718324078694
-1.062996705816204
-1.176025482123810
-1.221451534635292
-1.244315656905615
-1.227360236204190
-1.243973003792875
-1.215166206374549
-1.202381218612893
-1.150599007250569
-1.207546591231132
-1.290398354084980
-1.274220961850233
-1.203307239896327
-1.144764640978389
-1.099467263934221
-1.051939363338282
-1.021997988144072
-0.917829464251203
-0.805212422930599
-0.755621921550155
-0.689294787988840
-0.558927441832350
-0.418644129188683
-0.384189700932492
-0.386802872599423
-0.420927500911198
-0.430390438343011
-0.449491716213851
-0.506298031255569
-0.564694265460949
-0.584958663451106
-0.602192060596635
-0.640419586512217
-0.675188132657029
-0.616301227463447
-0.635729648930568
-0.729028802900305
-0.768342299729851
-0.758638447149870
-0.725858406191329
-0.691092811492813
-0.705424185960001
-0.851955793490376
-1.038540969347846
-1.118313430996104
-1.214732827337091
-1.321030100002996
-1.478327367600790
-1.594951016182694
-1.618452694017377
-1.688132254449805
-1.799717376126133
-1.891372055720487
-2.005177421271440
-2.156676409730986
-2.175200086569218
-2.312894833535983
-2.436735381063217
-2.501138238425170
-2.535030435304346
-2.519738558178682
-2.489103113298788
-2.409123264059787
-2.338870073000451
-2.243070696230592
-2.141768326321839
-2.039300995494823
-1.952564168457618
-1.951232421626347
-1.915769075874389
-1.787073772499787
-1.762685686599377
-1.696062955302244
-1.649573411848799
-1.563412906125739
-1.465040267612253
-1.275766096796888
-1.103581226023357
-1.040640332017826
-1.016534592710906
-0.989917988032086
-0.999746216238230
-1.039101278972663
-1.056532297626664
-1.120395363274278
-1.167716977755271
-1.135518838692352
-1.075096867654468
-0.973572053438831
-0.785730948004686
-0.672974051059439
-0.635856719755376
-0.606733793822048
-0.615359163713031
-0.594250682347779
-0.561164490662018
-0.602753001056348
-0.698611173933201
-0.755881123901461
-0.802841904066156
-0.987456326266855
-1.096082679184442
-1.163934775052073
-1.238923255667332
-1.275523080348729
-1.292813409104005
-1.227988433791391
-1.185486455138128
-1.137135875312070
-1.199094007479612
-1.298917218400157
-1.281512666681415
-1.220393860894528
-1.155398056368773
-1.108678432075687
-1.106908351445142
-1.065713510864797
-0.910497894686824
-0.832966900888103
-0.775923503156449
-0.700363463816460
-0.594178032430703
-0.431348120235921
-0.357004492220598
-0.375133543692285
-0.438245479460555
-0.465386451161146
-0.439346829735242
-0.444872114276678
-0.515195695401683
-0.564531719692989
-0.609020248523230
-0.717845396160857
-0.726903987604811
-0.724335605482892
-0.753451857702193
-0.779605336847401
-0.820430569018289
-0.839910908025352
-0.850452765289423
-0.849734703652245
-0.826779212613376
-0.929291423584181
-1.093190747603249
-1.222784337416418
-1.307377877912877
-1.411204674628052
-1.552741730911760
-1.644806858363447
-1.719567727366524
-1.793065963876568
-1.821168451744407
-1.868527527589935
-1.918115333613801
-2.000418016621023
-2.097246413458854
-2.303462832303819
-2.460165922145583
-2.479365703549084
-2.509955673813563
-2.461627479621626
-2.417980196845995
-2.401343010356827
-2.265200037417330
-2.164917956724921
-2.084349388050467
-2.001838392334363
-1.969933499193884
-1.934612100547233
-1.846222277462309
-1.730243791549894
-1.689693770036378
-1.669506819717975
-1.619592115612360
-1.547651186961991
-1.421869601036981
-1.257504944109390
-1.117628285359760
-1.076820322694931
-1.071731441437262
-1.007738519184924
-0.983448580200481
-1.069581490910459
-1.121514898427912
-1.180869606145313
-1.209957511685136
-1.171249279354966
-1.054010744297060
-0.935850639411926
-0.787326741246520
-0.711430020304286
-0.667434765652604
-0.620986956362666
-0.544729226188503
-0.467323022184128
-0.470019858080072
-0.559169235008235
-0.702029044157813
-0.810558958052930
-0.819941207929839
-0.959913957254895
-1.073023791866257
-1.109986649357557
-1.181443822840786
-1.255708270668476
-1.282173080882593
-1.234588922908737
-1.190762017866462
-1.189462749182023
-1.233162681316553
-1.213661222718130
-1.210268535340751
-1.216788430991487
-1.227592042940669
-1.151201958609468
-1.053911727747826
-0.972909987296131
-0.893937895291057
-0.878452181323591
-0.781617990368414
-0.650325052141048
-0.544562854633025
-0.454071125619707
-0.425717226956521
-0.411424996954097
-0.414309888238824
-0.493205980890351
-0.535128586476761
-0.474162441567538
-0.492205151078582
-0.567886929690678
-0.663578578848258
-0.770868805080797
-0.790530997691004
-0.805731857081690
-0.842157772933595
-0.863694302445765
-0.891605580206509
-0.967461280212004
-0.979548563020901
-0.975320997843238
-0.986723346788791
-1.056046926998620
-1.193685732851307
-1.307136575648936
-1.370241155436975
-1.468322440289955
-1.558988087935854
-1.651239961360349
-1.731725065975942
-1.837357116431658
-1.806950438826040
-1.860524505306562
-1.908906844862454
-1.937935412985400
-2.050604960492795
-2.200522761061658
-2.359354390986147
-2.378747653092831
-2.393869541189632
-2.357474032002819
-2.368695429227750
-2.363449854259766
-2.209231950398254
-2.087901033465502
-2.023487147014993
-1.929373168192485
-1.900532537811113
-1.891654658160680
-1.840780044144603
-1.704901367471291
-1.620126030384641
-1.597664233842349
-1.582819358722229
-1.496179299911674
-1.406205154816135
-1.329225458780459
-1.208126457579767
-1.138487947879171
-1.176821717756760
-1.118764714481004
-1.054588010667754
-1.091599061319887
-1.176475038827278
-1.201692110073630
-1.224337462714743
-1.174460613616700
-0.999332379167401
-0.893896373252339
-0.761995142273606
-0.706022473736605
-0.738818935911436
-0.664395094538510
-0.476349580371444
-0.448304158452002
-0.537314579161194
-0.603571566314256
-0.712650234137892
-0.804614933506102
-0.818246621038786
-0.931927443080429
-1.070835943270594
-1.103904367115040
-1.082848605924225
-1.171032981518541
-1.239512260645226
-1.245521146081092
-1.233446333266437
-1.275040824967458
-1.236759591429492
-1.178980220683845
-1.167226552223172
-1.228034452036541
-1.195646046069743
-1.049047095785305
-0.981050589799370
-0.981968461807593
-0.952512875971063
-0.917253489972858
-0.804700090082770
-0.703913061564163
-0.555218521976389
-0.488863145136575
-0.528054153716173
-0.447598785454214
-0.464456098536586
-0.505943986695859
-0.537583490258891
-0.533622071288978
-0.510171323769528
-0.576133194413387
-0.692900311496470
-0.818280359372978
-0.868693055240959
-0.912685253787396
-0.937855578195695
-1.012872592414864
-1.093165743601560
-1.148111801669237
-1.178047561992317
-1.182701297111084
-1.179400401983592
-1.200272522489961
-1.338878724753646
-1.398047534928307
-1.487861419578795
-1.543613775743052
-1.592026716469245
-1.651177025545108
-1.665099183981272
-1.705637576177444
-1.680976482749485
-1.730203385281260
-1.796051287476053
-1.887275783055874
-1.971186224385150
-2.058874644846773
-2.207618176504377
-2.256879861408815
-2.254885740686122
-2.270567899053232
-2.207563740304916
-2.189098583143795
-2.095344589303467
-1.984608398392686
-1.888142992924587
-1.808750701632290
-1.805543220538407
-1.815016504189303
-1.747265374008172
-1.658748771635552
-1.576631466931071
-1.506788974072016
-1.525577674883450
-1.539672997808222
-1.529107233824197
-1.396999604020039
-1.249175021635107
-1.175388036612563
-1.171812919543024
-1.151838487360100
-1.135998533874812
-1.100416646978007
-1.174674708101324
-1.211769516561592
-1.237851355995406
-1.205657522662197
-1.060284524747017
-0.982789126077912
-0.846457869609570
-0.720956393785891
-0.678758957129081
-0.596887087193528
-0.463360283540382
-0.470426005574454
-0.521505706586011
-0.612684586323166
-0.759891407300128
-0.801988509191243
-0.801134615839573
-0.882060725624347
-0.987143045716578
-1.038257419441199
-1.031497137927902
-1.044148809889714
-1.132117991062242
-1.207966325081436
-1.185525644071892
-1.208490037771246
-1.231406930455199
-1.171373653484751
-1.117988275681794
-1.142459637633030
-1.147790932304600
-1.024775545453491
-0.965540245369624
-0.974338473453232
-0.929920404406671
-0.857151236011655
-0.802495886343922
-0.773035638819170
-0.682433881910162
-0.671108006912805
-0.681168201247664
-0.550784647554748
-0.505892449068132
-0.538767242389027
-0.560878019893010
-0.547526526673941
-0.540173159449769
-0.608497857505032
-0.695792101967933
-0.784781439121803
-0.827434521821538
-0.926335815988854
-1.033654844267095
-1.125318760810912
-1.246298190362344
-1.277470087706521
-1.308854747000732
-1.374642453329503
-1.350635629291593
-1.357018829695975
-1.488168703872230
-1.557699471587671
-1.618137087165858
-1.611652038930394
-1.551918887404226
-1.559823431347319
-1.566945212522436
-1.543696290009367
-1.578510449509514
-1.629144979719573
-1.667852926930902
-1.794119116885302
-1.873860020641473
-1.970088781560834
-2.085077787732490
-2.190846438814733
-2.215038158510691
-2.153283292684218
-2.106920231280896
-2.055443113780200
-1.955798124196652
-1.791805174988126
-1.708773387332912
-1.679272322039046
-1.635949274692098
-1.672982233252775
-1.669047213901733
-1.620310638977933
-1.518471655990786
-1.402943904239607
-1.408528875302183
-1.482545599248971
-1.520387308265492
-1.447274076020979
-1.288837475014521
-1.201017881996818
-1.190212796254107
-1.163355104365123
-1.123925110088232
-1.103667206094537
-1.152544839853468
-1.184465650163382
-1.239099717162342
-1.174341106793584
-1.041758326120906
-1.039930732442527
-0.962272994519705
-0.809516265861730
-0.703560093681265
-0.585786395820544
-0.518319299595473
-0.506701383038346
-0.562229726129527
-0.635820721554740
-0.787969689732670
-0.828341967367597
-0.834695033704056
-0.790317633423810
-0.760387248460223
-0.864115971257794
-0.923664684241348
-0.942680820916608
-1.028526348298462
-1.127278006221776
-1.142293047879559
-1.148152074382109
-1.138195635756690
-1.117192592552799
-1.076893180307105
-1.104561622480165
-1.076237148820264
-1.014968292300952
-0.992084508301000
-0.932492046458987
-0.914008505141576
-0.858899324337388
-0.854878488587265
-0.855099533237672
-0.766335605232963
-0.767773847450930
-0.734233937204052
-0.614811924220793
-0.537244397270951
-0.518696157167441
-0.537318822283330
-0.510139565926159
-0.536835125223481
-0.670127027289868
-0.755779602034086
-0.767265996949954
-0.772022556376391
-0.916689973208751
-1.122155573181038
-1.226720850635596
-1.311325544323822
-1.354413401011276
-1.421188943470007
-1.449138064170541
-1.490596909522493
-1.515175792758396
-1.575078955413836
-1.691295874433283
-1.696995916682052
-1.720964908500174
-1.593904916722137
-1.540431756446212
-1.527088489036673
-1.483215860468400
-1.571750179912095
-1.596541205770824
-1.642353886041078
-1.752400355175227
-1.833433878384020
-1.885820995007025
-1.912270310560366
-2.065546196162150
-2.136809584431853
-2.094690969960505
-2.046608457739504
-1.971475071677013
-1.890559910648367
-1.687458789523245
-1.502359139901127
-1.510392657199074
-1.537141976226747
-1.564739689672727
-1.556773316223515
-1.494885653850818
-1.429225165960728
-1.333220005927418
-1.332120907081378
-1.446102964103913
-1.461602916536050
-1.441121420318514
-1.352031774692382
-1.236831827661451
-1.140436894171867
-1.120781501973255
-1.110385565775725
-1.080034432255160
-1.096368378226967
-1.172787172010756
-1.207554805470696
-1.127768626177033
-1.077148829278581
-1.052422043686819
-1.028953020848323
-0.868690633582146
-0.732699587811066
-0.598319930535784
-0.527936238257931
-0.525176893246996
-0.629091332889968
-0.706050014013909
-0.797423395637389
-0.803275299133233
-0.789622676246695
-0.705560156253882
-0.669362629036379
-0.805244481289738
-0.827744998113126
-0.856743902031912
-0.844499026344560
-0.900325970499468
-0.986638137781202
-1.062077601352142
-1.057974977975481
-1.106641546531553
-1.117486944325639
-1.090902815031208
-1.108775700917974
-1.077804232999184
-0.992325695359551
-0.917733816181827
-0.888655253513060
-0.858552517787088
-0.890764526822465
-0.887126704796622
-0.871628258444645
-0.782200626236360
-0.683125882773031
-0.566214531802030
-0.461856066415968
-0.438289978424102
-0.448374281828708
-0.484735276317846
-0.554368047498194
-0.716944183901047
-0.839965138329471
-0.759541792072840
-0.796510220580411
-0.874653269963121
-1.128162343055132
-1.283348631396757
-1.351127117717307
-1.431345740831358
-1.464716407203479
-1.502010296602138
-1.552097421590162
-1.567411690059004
-1.638799495706188
-1.723618799464328
-1.737029177600967
-1.740776028534647
-1.668396471829045
-1.628367186694377
-1.569223455374262
-1.543701042848199
-1.581212931533219
-1.611619310916143
-1.677513686971106
-1.726709870210408
-1.808829998979695
-1.837533624962538
-1.878225538912614
-1.969496501904196
-1.995867880298317
-1.944514622130245
-1.941037312487268
-1.821729875726644
-1.709912914047385
-1.523399243632778
-1.368746333762944
-1.364193870478962
-1.449232927988536
-1.475933738303512
-1.418476650189006
-1.353353313414899
-1.335341890457046
-1.273034776479753
-1.275542363587971
-1.315257933976613
-1.323039251911320
-1.299232879634165
-1.320575650376703
-1.258873738609880
-1.132582069714058
-1.088855055858209
-1.094797472631919
-1.076366690876874
-1.096109662422223
-1.164123909062925
-1.134790425460619
-1.093203639287550
-1.094801678430550
-1.015670940330041
-1.011221900160174
-0.924662842181901
-0.791672526253988
-0.610020827479336
-0.477769821492827
-0.466465963766467
-0.568269623875263
-0.701000941199542
-0.689595956456374
-0.644094827412510
-0.605735880288548
-0.594206002890453
-0.617370739670266
-0.741422319693828
-0.813545614450008
-0.804021801252043
-0.783758578979392
-0.782710641041756
-0.868436934147773
-0.954825181222327
-1.006832593379241
-1.071468938149604
-1.094848034667280
-1.122037817753246
-1.170264680390646
-1.088882768265495
-0.969721524529464
-0.956388616104542
-0.920867961151691
-0.899068731909377
-0.883059276607447
-0.882362642052969
-0.864422997379714
-0.717986090535044
-0.570984257840407
-0.483628707018109
-0.435328978650812
-0.369017582283164
-0.410002737036661
-0.461211304432071
-0.538634459424561
-0.672818819791793
-0.828861609804531
-0.807320104003802
-0.825763930011914
-0.954715979579735
-1.127640872238846
-1.263104603028579
-1.389955046271329
-1.455958409630959
-1.440147239153150
-1.555040029756986
-1.575915338358312
-1.617646522133424
-1.698073987120658
-1.704942903788670
-1.718744103188347
-1.790571716751890
-1.765486292414643
-1.693960204391550
-1.646959644371065
-1.612322161195683
-1.606427666545073
-1.607989954248222
-1.655626718038077
-1.712498490809920
-1.775809801411334
-1.831602733914819
-1.889422313604877
-1.927039361346376
-1.913397628859183
-1.855113792681480
-1.791496187109032
-1.647464184035358
-1.512891061314307
-1.345525017660215
-1.268991514472228
-1.277085199241585
-1.341081352627467
-1.294465136805273
-1.270785237530177
-1.248990510356311
-1.223236457516677
-1.172645938694915
-1.203244880258871
-1.191892976744466
-1.198388528487623
-1.194389583076423
-1.207940968783028
-1.235598900104769
-1.177444292581070
-1.128696188696201
-1.054088833965209
-1.086350340547859
-1.103617238162171
-1.161772745144580
-1.132175977324109
-1.051506289543198
-1.050499696564684
-0.997982372539009
-1.005938511109249
-0.913140164102366
-0.797099975025393
-0.549882354103706
-0.395863714405031
-0.374583682913807
-0.438914211780034
-0.529638494681680
-0.498697210539377
-0.477703984479911
-0.488739395255213
-0.524233528112542
-0.540019766440676
-0.645570347953794
-0.728562553718700
-0.761904669947031
-0.710242474833019
-0.683854047371014
-0.787706068789283
-0.870768307541005
-0.909216686405317
-0.977573972542968
-1.025148157662758
-1.110246286072291
-1.158816760069280
-1.064348425331204
-0.930626886642198
-0.905711357728264
-0.908131783260881
-0.899385197731831
-0.918940976012048
-0.863380465151191
-0.809555511875140
-0.675464236722490
-0.529392007345335
-0.475329649846956
-0.418924568038730
-0.379996375459159
-0.429238193820821
-0.457937465616956
-0.533482995797411
-0.652651397208537
-0.767263846159853
-0.859294859972811
-0.941012898645749
-1.040580081675974
-1.137867431454809
-1.240628831878095
-1.295013117019111
-1.372119540328764
-1.433476166411173
-1.559895395702478
-1.587979061784820
-1.598538668126561
-1.659497932157327
-1.703402574791157
-1.752075205682440
-1.845597267765069
-1.858512774468700
-1.774652732044804
-1.710695323910747
-1.653846819147029
-1.656657607120765
-1.643555263681963
-1.629199764513852
-1.635774993731766
-1.697130087016225
-1.801836318470140
-1.837689345477058
-1.849570080747975
-1.794281676906246
-1.746176970412883
-1.678289965243436
-1.491751325504095
-1.370377980631312
-1.261946652263395
-1.152044415905394
-1.128128997988564
-1.181504585286357
-1.170356547162868
-1.185026752468215
-1.098258896672932
-1.048705849607310
-1.010692962641576
-1.008929416311649
-1.016830979677983
-1.078146591365557
-1.096248167050313
-1.105110860260330
-1.127764607392582
-1.080687022365145
-1.055007419377058
-1.030845095751332
-1.020167510160103
-1.126930718363218
-1.102012610593935
-1.149438387286661
-1.068943940132100
-0.995103167482592
-0.908404127488266
-0.904304635045593
-0.800655519979312
-0.617980902320504
-0.427691891128399
-0.353627298563227
-0.335636765673021
-0.367342902435979
-0.374556378199646
-0.399905943633927
-0.370967820863134
-0.402772468033006
-0.454242214543508
-0.528488136125728
-0.636898634095300
-0.694813166096502
-0.698912890863814
-0.668249979465269
-0.635864577196071
-0.722789293355688
-0.778640110923635
-0.817998320289760
-0.860671251877898
-0.924694337569813
-1.034766223537083
-1.021290379184954
-0.958444458174644
-0.880878551617055
-0.780662912887857
-0.820632667009144
-0.831309964178968
-0.831192592925727
-0.807066176016854
-0.764822579615393
-0.684549845723475
-0.627484735469310
-0.565816276333658
-0.424471219796396
-0.391662467316168
-0.452113893824298
-0.590636102374219
-0.679764148556759
-0.747344368436462
-0.831059534712123
-0.938892266566581
-1.054666628396810
-1.143299668605854
-1.136736748458266
-1.184158069197541
-1.227491714447073
-1.312941831718745
-1.388551570114205
-1.515164424915983
-1.619931855744351
-1.674365281694591
-1.676826709263197
-1.722502887255703
-1.764344819042147
-1.860249119510051
-1.889676649135312
-1.820805882604656
-1.753986799483725
-1.792743898350357
-1.767232848042127
-1.676603599324638
-1.650490508035202
-1.674663166129398
-1.705827198822754
-1.762024485407391
-1.759984838264185
-1.690252378316322
-1.632293419790602
-1.568639449584969
-1.463099764440613
-1.310429547762037
-1.179800877220687
-1.140811341195802
-1.073184698123894
-1.016061660654397
-1.048732434617695
-1.063707591431136
-1.023484289702749
-0.905741608911509
-0.854598198526603
-0.841373746539610
-0.862161224224412
-0.863928263769711
-0.904682891828645
-0.955542871573878
-0.979816455183915
-0.958257274245066
-0.982317230228315
-1.005984982751041
-0.955874887317191
-0.978078505685592
-1.032572937362210
-0.971958712929836
-1.068784178259908
-1.030452123483709
-0.940276374130465
-0.877527940370919
-0.823889583003762
-0.711123788734613
-0.530687435112550
-0.374841987430152
-0.324924945895709
-0.344431272761565
-0.297827458530513
-0.286945977167691
-0.349846386697691
-0.323672975802173
-0.391254167052169
-0.473625429830917
-0.478833316042982
-0.562664493797714
-0.633786359345416
-0.643621309248819
-0.630559227912035
-0.615952694758595
-0.675730665376851
-0.763991502715196
-0.795028048182980
-0.770637232428843
-0.885260803844005
-0.970013234270187
-0.918737259954575
-0.858273451207295
-0.816778586778319
-0.768819378756284
-0.757214871241914
-0.731533334342574
-0.715888478373558
-0.734455113946259
-0.692819580418150
-0.680958847949220
-0.649491039573579
-0.582882232147292
-0.467079453260640
-0.444217658864377
-0.550789424791965
-0.618802967908759
-0.774305561882969
-0.884103671067278
-0.979979445718156
-1.124246619496508
-1.228206830025651
-1.261749585398613
-1.183941245991002
-1.174220029627686
-1.239250787688332
-1.315193356152665
-1.382321435189909
-1.520845072646223
-1.692835496730096
-1.761281957439073
-1.788665461868461
-1.807880911569167
-1.844006338467325
-1.895274961003226
-1.911478000618311
-1.850960392403220
-1.832961820268097
-1.834708478898645
-1.749487324734773
-1.719879440437881
-1.701591651411283
-1.683977039964058
-1.748217593763332
-1.720960773431254
-1.671697102505444
-1.605390913786070
-1.547481008197260
-1.464358058635087
-1.299580048099964
-1.146515416582118
-1.040970642501027
-1.032459313530431
-1.034591335247788
-1.039626361276378
-0.994411464140097
-0.899282345811437
-0.861497284879285
-0.776412068876551
-0.681217439786594
-0.675942569790537
-0.719057174921979
-0.753238089887806
-0.759545028068858
-0.784461963674240
-0.795349285675176
-0.820213471121351
-0.855276846871357
-0.892577806356733
-0.908911338183849
-0.912541593224506
-0.907884189417105
-0.847789083013442
-0.950566481055436
-0.928915278459000
-0.851829692439226
-0.826616302558376
-0.808143242874661
-0.731119582863561
-0.556903093035917
-0.438126873151165
-0.364709847264608
-0.328870466332067
-0.229272865740611
-0.241940529063125
-0.294735686386330
-0.320904000563777
-0.334933596726843
-0.373553968621165
-0.370746699042920
-0.395299779626778
-0.455287451856409
-0.486698836128445
-0.529848191634663
-0.553731674073866
-0.518504777026791
-0.686330973598909
-0.740887178494598
-0.765315935413259
-0.810568903712685
-0.875709408096817
-0.804287092683066
-0.699710685928169
-0.684660862524140
-0.690910312458457
-0.693389050360518
-0.659292722522020
-0.670957065259230
-0.709819324957393
-0.715979566732952
-0.632846059934232
-0.603271929574354
-0.610310236754086
-0.637875976549354
-0.669873552067698
-0.715945031533303
-0.767959684579002
-0.865918568890647
-1.010872639270958
-1.120185212135671
-1.247169595148968
-1.365075824115643
-1.307303493066728
-1.234732322619675
-1.222501397045483
-1.291508130516948
-1.373259115568097
-1.407663080392735
-1.507655950561394
-1.680465504047621
-1.775540959988218
-1.851423350552544
-1.921810045679924
-2.002513297468427
-2.036547205342291
-1.977562661512561
-1.926287281938641
-1.900057790169129
-1.792027331889889
-1.770227359208939
-1.758939609522877
-1.710367037612265
-1.678143868170699
-1.678751821559524
-1.629387045451164
-1.515066589849939
-1.433093964364025
-1.370210336714265
-1.311223797256654
-1.243443354699573
-1.075561857455958
-0.991385872961441
-0.934865533315897
-0.957655010457619
-0.975442343375882
-0.922827886831181
-0.882902070432051
-0.784328776418293
-0.609961614810933
-0.538409054319721
-0.517694926625741
-0.524087239010758
-0.564606063788025
-0.588729091104334
-0.605693081613646
-0.606298864829412
-0.647129596871695
-0.749659811937499
-0.802490499453957
-0.867924021757919
-0.822652007759533
-0.766804149730363
-0.639182557178017
-0.722244619946992
-0.763331539937605
-0.753999327488004
-0.739023271561227
-0.731878494903232
-0.749128398632447
-0.619350236852139
-0.484523621495805
-0.371122469028623
-0.335441887939856
-0.239903075526834
-0.233798784949197
-0.233700054160597
-0.258084513484664
-0.273654477503967
-0.278248697666763
-0.304118872582322
-0.250330775655763
-0.274160923597386
-0.306049610548934
-0.361593513397431
-0.346577586183468
-0.344573504856228
-0.468292994413905
-0.580218760975866
-0.600480798590225
-0.624831259903205
-0.695775523615536
-0.614433921538183
-0.536364774771209
-0.516676616491414
-0.564393906485438
-0.636775638762422
-0.663054086483606
-0.631128826090766
-0.663815282368936
-0.667737283144475
-0.656575628875398
-0.655386982772506
-0.693047634499640
-0.794938545759007
-0.814858128136328
-0.802090670045474
-0.881767865751149
-0.977226516389579
-1.099958543140452
-1.158454605734149
-1.246385802891587
-1.342938542271029
-1.337240128046299
-1.348119499753070
-1.339280171930955
-1.417764251930788
-1.473097229690613
-1.539792952666339
-1.593683411451110
-1.700250541572598
-1.819139641134948
-1.906252141631217
-2.023880703859639
-2.067953788600559
-2.110593046857747
-2.004503477376880
-1.995317862367276
-1.920678713475963
-1.784553327970309
-1.723689803127649
-1.742751421100736
-1.670588312721430
-1.582302981595558
-1.580836061246405
-1.468986892118258
-1.337109072175916
-1.270765367742509
-1.214119276555207
-1.174253341296679
-1.172115554546230
-1.079493795134630
-1.011488940935977
-0.873658539726218
-0.817675139943377
-0.838128956799023
-0.841572924945129
-0.833188753390666
-0.707937984635391
-0.590994946336578
-0.539876084155599
-0.436027333564185
-0.299073611199412
-0.322535351200920
-0.343298378599543
-0.389351802054705
-0.400436396656904
-0.435942274814961
-0.600710857957603
-0.688697134890352
-0.699223244592392
-0.672273151358545
-0.621151695833349
-0.438040293388874
-0.522704045202710
-0.558630066576512
-0.598732858918669
-0.621300137318678
-0.597160642343604
-0.624965529055062
-0.560124848188557
-0.459472403173139
-0.324619901163455
-0.306169414588224
-0.300038383722691
-0.257008740904017
-0.185220917936888
-0.150864719581118
-0.162234064570533
-0.172429846923645
-0.195343261801835
-0.134826975259471
-0.097657001441247
-0.134775627400574
-0.182309717466544
-0.143579649307693
-0.202448434078557
-0.248158736124888
-0.316622123318512
-0.345296944637291
-0.441762925949864
-0.485310977057215
-0.390713679293964
-0.336569326024279
-0.355631569651486
-0.448791741210617
-0.561537900147339
-0.642722508365297
-0.583746053926119
-0.523579584168868
-0.528840162928565
-0.601914651794016
-0.748493011227466
-0.828488938897320
-0.880422185310288
-0.931990141951471
-0.911672243476874
-0.922770738553571
-1.002829073161871
-1.106163447517224
-1.185079911729615
-1.271132644154401
-1.312185580772165
-1.314030989490011
-1.334302645026768
-1.341211652415621
-1.430939200284367
-1.522427099222079
-1.575833401843853
-1.695520426839566
-1.828168858561608
-1.971535439564257
-2.018584219591645
-2.090103107153409
-2.150214246037763
-2.186618139374088
-2.143278643048715
-2.120199238677176
-1.981207623663014
-1.811924616672236
-1.791523740378587
-1.716522153456143
-1.617982207769439
-1.542489087650849
-1.500418990411670
-1.358462007687049
-1.275938442643493
-1.256411572660576
-1.152899097922577
-1.080790435341197
-1.106748560382810
-1.055723481763508
-0.943102696376006
-0.813903522493542
-0.771718079996087
-0.784591544107580
-0.787317807348807
-0.755684539651453
-0.697630125350357
-0.527268846656289
-0.389120700687384
-0.248693316536871
-0.151115022830280
-0.116968271579962
-0.146764721160909
-0.202950251435007
-0.217098849237029
-0.311505035084466
-0.477845330013723
-0.512244274316594
-0.517609415027411
-0.479469446110485
-0.453226930629271
-0.246450907409684
-0.330713198904411
-0.391968632344166
-0.461430124764041
-0.476979992928608
-0.490395451944407
-0.480883037631553
-0.457409022718179
-0.412570960873035
-0.306380409344821
-0.261623773525983
-0.269162196233891
-0.183870680883023
-0.168177661483290
-0.088506450956820
-0.015720851332477
-0.024130671111871
-0.087903976399086
-0.076215834195418
-0.015837937535025
-0.039248800535491
-0.063717827184599
-0.062544631412717
-0.069015586193680
-0.060845344664732
-0.081149986076132
-0.136972298032430
-0.230279746194639
-0.295593091212053
-0.310050382968185
-0.298876100633290
-0.304508327741784
-0.353200744185551
-0.435641239845179
-0.522326062500017
-0.482156603636274
-0.474491336579999
-0.477032611252052
-0.529873262696583
-0.763176028214823
-0.904407745146384
-0.948061733821553
-0.969326068825613
-0.937205396940875
-0.935569537233363
-1.023427243528905
-1.082032608726340
-1.169114691605106
-1.222238286205544
-1.200776216688686
-1.183248705178269
-1.246437743047307
-1.255435004738120
-1.328582197701446
-1.438034596646661
-1.511313052195978
-1.659679798753374
-1.830409545769500
-2.003975442954542
-2.086854423620780
-2.174340363056364
-2.180924168030688
-2.218834493891252
-2.200325189684122
-2.139790010415251
-2.012954438726539
-1.915382566023474
-1.870206890990516
-1.759385308429172
-1.619115166296963
-1.514543344527041
-1.442565506933526
-1.341115997889591
-1.272145224464375
-1.240557596419851
-1.170798736922130
-1.083221906743747
-1.024160149753655
-0.941151083096093
-0.831775105104369
-0.736897145819473
-0.753354157841776
-0.758968721714057
-0.748076101246029
-0.695315294372855
-0.599293546140381
-0.420449130289633
-0.161220607667898
0.008623854623804
0.038588709539889
0.042532125867215
0.004419743414137
-0.036691150213872
-0.098378611647818
-0.207813116392201
-0.325137309166230
-0.356462285530332
-0.359233306556898
-0.340390413532310
-0.288373642793943
-0.170542315055125
-0.248540094229656
-0.308452106971418
-0.319690014342838
-0.332857374501649
-0.373164422091512
-0.386836763664459
-0.368293129852342
-0.282062715075845
-0.243028609518217
-0.230761745620404
-0.179152709468192
-0.127243462915801
-0.154703345977585
-0.108270065425098
-0.030200264669003
-0.012490556922558
-0.002083134585087
-0.032750142664392
-0.009326231852583
0.001512200894263
-0.045572736725779
0.017902318544424
0.078295879910949
0.052962612860816
0.051314255540356
-0.048556611208387
-0.142800984552170
-0.176626196771927
-0.166401845201582
-0.240789482456368
-0.253042187940743
-0.294611393702564
-0.321873589785644
-0.311553799934626
-0.379383212128436
-0.427588268019927
-0.532610240743219
-0.622199282022148
-0.773802185227713
-0.895773696779753
-0.923455705701852
-0.898456243513885
-0.887607394637730
-0.955037315610655
-1.011103842518712
-1.067442881617743
-1.102722728685428
-1.152903600464086
-1.135362561849639
-1.153474807278515
-1.224214935162972
-1.240275436520074
-1.291357205143086
-1.394215059278652
-1.517600800634996
-1.684785637533224
-1.815112271137543
-1.936843614292882
-2.054972367047409
-2.155686953394548
-2.163266640674784
-2.229733511420294
-2.264987632812792
-2.188936115795545
-2.107632040002086
-2.001967814885830
-1.919479994878431
-1.811436084660281
-1.680374849019242
-1.589136292125992
-1.460061647971650
-1.378063116750201
-1.296241068083207
-1.264111669309726
-1.260261202986836
-1.115926566408138
-0.946057667492466
-0.834353790555157
-0.742126674446664
-0.727774942444116
-0.674560867584807
-0.701037984245695
-0.643755371865001
-0.547267384138269
-0.424501687521026
-0.247481570711367
-0.052334669687447
0.135530167027145
0.177233347113958
0.181498123723895
0.094846527421930
0.020818603643538
0.000549037592409
-0.072806796661779
-0.119514285128442
-0.161157369568217
-0.240667216410734
-0.224687996073687
-0.187321956473991
-0.190926973683576
-0.247249630517082
-0.242203205611533
-0.164734522628968
-0.189528878994522
-0.258861416609544
-0.250642225380613
-0.257129138959990
-0.254775856716516
-0.168159744034417
-0.112906048258041
-0.082721647829436
-0.052079105082265
-0.118378171105763
-0.119913138924660
-0.024874415753762
-0.000915509055981
0.065704044071434
0.054536247240095
0.028161660950762
0.056436842261716
0.014513024807221
0.049263102299047
0.109984551017890
0.095874924331859
0.069312302500877
0.016457716735880
-0.033954722724925
-0.078916761364819
-0.057521656023617
-0.099186219184584
-0.191980744515015
-0.211658822547179
-0.225553092017356
-0.220534539767938
-0.301661481602847
-0.375028201987771
-0.457942283982378
-0.576895226192165
-0.717530902075111
-0.822434125312381
-0.839303247091149
-0.860846032525697
-0.921042319330245
-0.955877208031326
-0.967931694810596
-0.988777079776767
-1.069676657645012
-1.118433403148443
-1.139256756081759
-1.154721458948212
-1.156668313920131
-1.204613457933097
-1.288757507625816
-1.428041472762671
-1.574492656384913
-1.725450302279375
-1.823472404972871
-1.895975603577319
-1.994360183008108
-2.083224831055901
-2.118586028985050
-2.193544875413283
-2.266641738601700
-2.280869046611417
-2.185299772439030
-2.120852357498658
-1.989882299916107
-1.879861233376965
-1.741735189987490
-1.614548148918573
-1.504163987268272
-1.410648211362313
-1.361826071704975
-1.310448572576381
-1.278388772717793
-1.083890230173884
-0.871362399535331
-0.767428234081535
-0.730108646732567
-0.707453925181439
-0.692392671362943
-0.660809858733886
-0.611782433359605
-0.424671019408488
-0.312230582072467
-0.125890032766944
0.039552574975107
0.121460051914492
0.186078021877965
0.250006952465517
0.182046502977927
0.076874398758822
0.068761474155404
0.042927015136588
0.026121615295109
-0.028530773178107
-0.085186859651872
-0.107860960212540
-0.148873013985206
-0.155629052182630
-0.172836066018017
-0.108463348813486
-0.033282975124574
-0.082790505163617
-0.105052865230321
-0.116440501689553
-0.114312421519515
-0.127123709986574
-0.088496312981161
0.009114285330537
-0.024553425475338
-0.049405990888682
-0.117655695969699
-0.139657076791733
-0.060374039792149
-0.048379381563319
0.044554791021059
0.136595039511048
0.115161725485622
0.116267038427137
0.101969784267212
0.115761615341426
0.118693143841969
0.125486727127193
0.100741029839361
0.085878761459459
0.086863884397986
0.076327269740606
0.039861741232855
0.015386843034971
-0.064988973334663
-0.102394133611552
-0.202527642253401
-0.264870348474324
-0.281320724619140
-0.329955029470358
-0.397411599589052
-0.511434688680040
-0.672198622070239
-0.760804721435878
-0.778216765344978
-0.774608474611740
-0.837454790852166
-0.859495599540695
-0.887096250635110
-0.911767869863762
-1.010202041897079
-1.095217642615045
-1.120992358356732
-1.154325030362171
-1.162547701497623
-1.176762691170029
-1.335272750309682
-1.512909068940943
-1.650691250965725
-1.744210623329144
-1.805553415930248
-1.893381297696983
-1.950072277235558
-2.013781576441022
-2.074311142898373
-2.201146513943737
-2.278694743305157
-2.300094009153993
-2.196710280347347
-2.161520937797797
-2.048745852424644
-1.885915184547278
-1.663474767868379
-1.534757154433265
-1.494616590003754
-1.409828060263932
-1.380084632669609
-1.361125018181082
-1.225241688858925
-0.983443245531157
-0.822000675731982
-0.744653759337839
-0.702709308207139
-0.675237751969589
-0.720083403350057
-0.661278131999402
-0.554925694486763
-0.383844448426508
-0.258716265607817
-0.096876499588372
0.057482602912535
0.151700052679211
0.227668361258924
0.212060473820229
0.130242542522582
0.096947648658001
0.086611350337951
0.080102075164882
0.093839341376547
0.016890651445049
-0.059521638263703
-0.052018915569908
-0.098031956462773
-0.032256824395879
-0.027966077549095
-0.015422495891385
0.064727996726892
0.063494286548339
0.059821754448426
0.074199153286940
0.081837361262822
0.070108625879701
0.066184198559993
0.132322423252346
0.104593221405263
-0.000106207352083
-0.062112948368855
-0.132289999087354
-0.120065963315384
-0.049138567054075
0.073485769234487
0.164805271672863
0.195650514235456
0.236936309223769
0.254317680054228
0.245382388787571
0.239031850104374
0.199251519646963
0.203873774081632
0.256522677314133
0.234205547483133
0.222092172128098
0.187270240217762
0.102789455246448
0.033821092919849
-0.026953028401753
-0.095776289094226
-0.209111006530813
-0.285623783198925
-0.304390231023869
-0.401784720812503
-0.523760290882113
-0.606895939464679
-0.680146872833026
-0.669634565617612
-0.666636894956556
-0.690439103776300
-0.732676901050733
-0.758829062778134
-0.830993069361876
-0.980568836110500
-1.082636808303474
-1.094758195938865
-1.091289234060291
-1.175761727142767
-1.200052150220026
-1.349812734586466
-1.551344169567632
-1.654327993849644
-1.696996628614372
-1.791712883971565
-1.907429276499693
-1.932832277736787
-1.974725200125700
-2.043195422677358
-2.101476570794177
-2.195941801954582
-2.242099807995895
-2.135578284627877
-2.126458002981777
-2.058531240882259
-1.886470527071078
-1.682946786405502
-1.561886381387039
-1.487999912339517
-1.394461690760321
-1.292747406541198
-1.240408400841694
-1.118435861110348
-0.932370496592175
-0.796814799029591
-0.704723684831201
-0.614067237378173
-0.627046120314529
-0.606572928503435
-0.511334539301901
-0.448891969122882
-0.386730370843010
-0.239506025571752
-0.124511661920105
0.042995344452630
0.117443634646466
0.165476618117907
0.123487231952174
0.057282311106002
0.012917484349233
-0.000554201677062
0.082133659211488
0.139088340162604
0.107880170663107
0.014536751672975
0.000064066413243
-0.051856299381501
0.068274532074221
0.055585368098421
0.052639627680350
0.084657803428157
0.085723557228723
0.150819250721839
0.222097127874297
0.197221305072778
0.247307534928383
0.248357102150563
0.281613457713811
0.233714664335068
0.154326086684171
0.077628820570995
-0.017122873008730
-0.049931633847547
-0.040110968993149
0.158018244960261
0.281047659326772
0.305566899369022
0.332161001276066
0.336416842235220
0.377087321711938
0.400447347205324
0.421502277731657
0.419368045104438
0.433611732849687
0.423434952449905
0.363143033961795
0.256607635375488
0.178578563735663
0.118948898663464
0.060437895661503
-0.005598161163844
-0.103840666628024
-0.191031128839717
-0.230956980569215
-0.362903230450545
-0.432792650234230
-0.499963022694084
-0.593576283302628
-0.642605451625725
-0.595971263924910
-0.588346774346839
-0.593219703717838
-0.690216312487614
-0.751396325947428
-0.897394166611538
-0.997279121216908
-1.005688135887561
-0.985314972148419
-1.110916491185747
-1.221390512741821
-1.363577143090610
-1.512664941270129
-1.629758614663111
-1.701207310525800
-1.745730217649981
-1.891335663561888
-1.938514997156905
-1.964906888187856
-1.960914363837436
-1.986484284710048
-2.051194204625399
-2.057542190851646
-2.045058133666516
-2.056574767167219
-2.018142044111117
-1.863800008507159
-1.734484098415281
-1.596074029165858
-1.534638258034309
-1.410915196042648
-1.265820395244403
-1.090184291304259
-0.922243255347346
-0.848702933676491
-0.719404705459600
-0.630565400356184
-0.498222354581814
-0.505518978055153
-0.477554762444844
-0.353784198917189
-0.368105275244722
-0.318231624454414
-0.179237721647962
-0.079266567605290
0.021273066271517
0.103780776879198
0.161746646723041
0.112992924449054
-0.016997362157782
-0.042597985724919
0.011423728393782
0.035896475223605
0.081267893619265
0.129248375244294
0.031005783423351
-0.011130307406448
-0.000613782045892
0.132018286734975
0.097801652736826
0.138489060616485
0.193684881887521
0.172465445645774
0.232374369701504
0.219259295572569
0.203374624496243
0.297302183126350
0.357044948733458
0.409469411216031
0.376874252576194
0.256451894932135
0.198075284117978
0.109122754780667
0.092229731132265
0.112411626017969
0.231290469492021
0.312012265946723
0.336914384349397
0.386166145801720
0.455120158741829
0.550198497576967
0.598031167789189
0.632169378677421
0.646350366473001
0.556118761075595
0.537908731311458
0.486580786108699
0.378058587387212
0.289018470941562
0.166008591995437
0.171156991634549
0.139048305998855
0.004557636684158
-0.086400382083090
-0.168641902697459
-0.286031102491347
-0.332126613288906
-0.443651651168132
-0.540377625762568
-0.575224158114851
-0.586098724201172
-0.609921187767903
-0.615362357587299
-0.694644699642671
-0.724631103170716
-0.786643816093254
-0.880731079960059
-0.956896081299313
-0.980918242363382
-1.084396733659871
-1.253071496392621
-1.386799613702788
-1.509044059422064
-1.617941185096421
-1.741601232347911
-1.754487747103016
-1.792529304388063
-1.865556525312601
-1.948988618570411
-1.886669647173836
-1.885643591931845
-1.934846364533205
-1.953232149773082
-1.979899874651525
-2.004643379259715
-1.945154216305405
-1.802892051642439
-1.722991466140630
-1.622007741554609
-1.525014896745747
-1.384489949886507
-1.195815278182284
-0.993862822889632
-0.845624440751729
-0.785115586287306
-0.660567258184963
-0.565807977315810
-0.461326433408907
-0.388196762844482
-0.366161879237677
-0.321402803285107
-0.273546614193126
-0.150290144641640
-0.067767017934738
-0.011938608987573
0.019231633741448
0.140504298359758
0.188541460392471
0.080066652594128
-0.048390884609790
-0.074862818145920
-0.021338136468901
-0.036983955472203
0.037704445198178
0.093257643658271
0.073688996197160
0.032189390098066
0.021479227523652
0.120985822022383
0.151546402306300
0.223052092273970
0.270210235428795
0.259393515174439
0.249663403491450
0.285454092033915
0.295231411262935
0.357563528792907
0.452926217405532
0.511353029766483
0.515007289486909
0.418082629722457
0.317111163257063
0.262357239681036
0.268661524281746
0.299369391693932
0.364390976012483
0.356344923038830
0.376165986349507
0.450784109096000
0.554695884795133
0.687257338642750
0.718260826379364
0.762234311991873
0.775890844157295
0.690209854483599
0.577789759286891
0.490552327755161
0.447491633794435
0.336396442061952
0.249358176832300
0.258322141148828
0.204819983877342
0.144312242752452
0.025813995178679
-0.128021817472715
-0.209608764861974
-0.250025456186882
-0.358267840539505
-0.519671402845516
-0.577881645148752
-0.632386344781620
-0.641340317659196
-0.676435545064842
-0.663553716465240
-0.677136266462246
-0.697464693822675
-0.779499712862039
-0.916222034797528
-1.008646074840401
-1.101071195666357
-1.220701241239271
-1.378259224423494
-1.456255873419757
-1.589659111016633
-1.674065172211985
-1.750530535327562
-1.748044360519196
-1.830040593905772
-1.891916790591751
-1.892908151064778
-1.894208585113301
-1.862902347906588
-1.860942382682335
-1.896439525521850
-1.939683327632113
-1.949746078247318
-1.874985023356212
-1.760252003099942
-1.669227322063356
-1.562134636028554
-1.387773245463804
-1.165158754293611
-0.913423873998237
-0.804007462120662
-0.777766545674110
-0.717149267985962
-0.625184221783958
-0.490498537960600
-0.383355032226173
-0.320536517693276
-0.245337009568891
-0.147325379920708
-0.080377019247334
0.028576347016328
0.084832868824543
0.147261711597703
0.228704252566085
0.194846550575663
0.103455055835106
-0.034507040231428
-0.127150663720408
-0.085101039796778
-0.054360138290153
0.028415812310560
0.117568092248232
0.126004415930215
0.103484631461122
0.070883493171241
0.151394373396653
0.219632839051046
0.296194033829877
0.347719378153742
0.332312239704435
0.350799402629524
0.391092379238109
0.416065248169502
0.403131237995302
0.467032337714708
0.578369209224577
0.620013623892343
0.597953247512634
0.491380027505324
0.438068520264436
0.414874334817976
0.451456494510211
0.503361759004086
0.460021907344499
0.490829808624579
0.556384581984503
0.688958028370242
0.795473601906241
0.750759232196479
0.797726186040143
0.826116287971674
0.784064748566588
0.688033002555961
0.604740515422189
0.521960647169727
0.471268746976584
0.404969410609181
0.324925361137806
0.287856247738981
0.181086345988852
0.026475079289372
-0.060651365370268
-0.148787924837613
-0.176575362438123
-0.280785907518101
-0.502834435796729
-0.559253124484234
-0.593465590305085
-0.651401542255748
-0.629364135212245
-0.616116129968519
-0.660156926307700
-0.714852085876691
-0.761461642422448
-0.824053182654539
-0.921338012857831
-1.020018065251716
-1.139664180644812
-1.283547230095022
-1.351524433755264
-1.512081921697715
-1.597494896314882
-1.673782221646176
-1.712123150793850
-1.739021956152545
-1.803062674313410
-1.893285178418177
-1.883585261574137
-1.844196156984748
-1.848375460651500
-1.889174207884624
-1.896515385225985
-1.878955248964252
-1.785100692385240
-1.679425581555245
-1.635608448810279
-1.488860716157170
-1.300050421385368
-1.134781581386177
-0.940960670891997
-0.867521953799560
-0.855785231424917
-0.769014828486936
-0.643785831860094
-0.523545763712948
-0.351169593889019
-0.268656657978710
-0.164131696051779
-0.075679486409211
0.014253142289449
0.111231432517045
0.165453382158754
0.241721999420846
0.295574896354902
0.266757763700961
0.219659915134881
0.046034745585712
-0.091051270629725
-0.076852174254417
-0.000211708887599
0.094068990427105
0.177556715837457
0.220593521327551
0.133015581371078
0.104623256541353
0.231635769385907
0.273721373211532
0.349824252245528
0.399997566563207
0.353914693294292
0.358362955340873
0.379770904628233
0.412089127884209
0.458203257464242
0.475971004281053
0.567759158810743
0.671883037427717
0.707061897242744
0.610700654000276
0.565893383865725
0.558586724706727
0.533844545238590
0.557743475677556
0.565814769223563
0.582442236989612
0.618712819195330
0.729059350765778
0.791362881430356
0.798311125108339
0.774362659036986
0.855292622411998
0.849638148655134
0.766475915397024
0.714046911699426
0.673890026348021
0.580075764351284
0.513718169471311
0.421531606667021
0.300709236986834
0.214964263400158
0.064210696178479
-0.037633658895910
-0.087701747590106
-0.170158179107247
-0.225427170541662
-0.346452499172540
-0.433408139716059
-0.471967322876106
-0.577321026567005
-0.592760722322805
-0.551751457055828
-0.596158486540857
-0.678137193284604
-0.670079691929677
-0.765870992012269
-0.858271427845704
-0.945835798431091
-1.056856872978683
-1.208089893426215
-1.330843515289603
-1.488414193721156
-1.569028716070957
-1.550136397919607
-1.542215760662761
-1.605408294028097
-1.747565032224742
-1.882448672923828
-1.908450315097795
-1.870804590176855
-1.888032477621469
-1.916905129345771
-1.883360111615607
-1.803808219012639
-1.659363995937545
-1.546828913728953
-1.526782135412422
-1.438274794295650
-1.250812821096923
-1.093688727186003
-1.005017646094761
-0.958038675479397
-0.844053119900549
-0.780138810741739
-0.678512239955719
-0.563627945620642
-0.330405614644631
-0.203921808835835
-0.124149946148433
-0.060606872528130
0.057530017503399
0.119377770322019
0.180717123815713
0.272473773571411
0.368711144894981
0.354076081480833
0.285013835921668
0.175402429586494
0.056297899263660
0.056461468451918
0.057676690158018
0.144659176648673
0.236307868821996
0.220197882060519
0.207035768442547
0.215365336960334
0.245880083544984
0.327490711462705
0.390525716188275
0.400149518441808
0.329707672580159
0.284663819566367
0.304509840783506
0.363857945585935
0.475703504380201
0.574105313008894
0.649367911983961
0.711764643373824
0.744467294121998
0.739663975928814
0.677450508355108
0.719827491926310
0.643382881662145
0.639580494734129
0.684797126109687
0.716279064895794
0.758927391902449
0.833778085690614
0.832137183551016
0.800823752241042
0.782796461474486
0.786510743877698
0.825803985473028
0.819442047562786
0.778514434862926
0.745197852117871
0.669082506210289
0.597252408982495
0.516802311289245
0.395396306571099
0.215711930121407
0.115924045245674
0.076335739122715
0.022851802352906
-0.071619155825922
-0.084024236973368
-0.153782483476489
-0.273866688174142
-0.368036029229687
-0.495078101515478
-0.578233675697809
-0.591645217742002
-0.661835747173308
-0.658281542210779
-0.678090398377716
-0.730885664674718
-0.847343836163165
-1.000515820210386
-1.074530969943559
-1.194880911511315
-1.311655161465912
-1.413818144404412
-1.500677136802542
-1.471772806783758
-1.450452281372455
-1.525339079397947
-1.651895181980883
-1.758324115995253
-1.790186671299021
-1.759235715143041
-1.802172416696932
-1.835213133584551
-1.794928959070905
-1.687475225896091
-1.549719091019065
-1.485318502232529
-1.436836800257253
-1.361083313051222
-1.216605443006842
-1.040051295146400
-0.961733771191370
-0.864202904967179
-0.747092629930926
-0.730119296325969
-0.683534608805993
-0.570659107480133
-0.326981774661955
-0.140126556162616
-0.058109341550548
-0.011057904642815
0.104707117422462
0.211798850572494
0.242548088363419
0.372128906879452
0.488334615809940
0.447369160839405
0.374704783036052
0.280868326806317
0.237730919904945
0.198274038131711
0.192814506649558
0.215054715516981
0.260508321709124
0.217544661189804
0.189179957320043
0.231240727270209
0.215000789336511
0.341788291254269
0.415776704479583
0.420576564937849
0.356394366405869
0.273298214647148
0.242646771410376
0.285996239571339
0.416656640309135
0.597909591219465
0.788679166080033
0.859303673904564
0.887126494001941
0.842417605632973
0.862418954003488
0.893401119432345
0.842213656323679
0.838772121100190
0.880484143579951
0.873322851615263
0.941903571186435
0.991105215516615
1.025236547080536
0.986262415702779
0.906753030531856
0.870751777019536
0.921388698902795
0.922922057458697
0.850058505559395
0.826911396436154
0.798468691530928
0.665714006458130
0.612993559794826
0.456454014290165
0.280984227658137
0.180530484918493
0.178316604447407
0.196099694856918
0.171332549411298
0.123809111268857
0.065648836318588
-0.090556939204174
-0.281976493682459
-0.460135804384745
-0.540154591180435
-0.548239651308852
-0.615970567408691
-0.693801907715199
-0.696474449815462
-0.732095181982509
-0.830105582862439
-0.997881624024312
-1.048662009993687
-1.140457187142093
-1.224886336604009
-1.288577686339595
-1.384051850369933
-1.413083891631140
-1.416748706053444
-1.495500066883966
-1.509726716585742
-1.622367181296657
-1.609539286996589
-1.604535971637579
-1.669863279854553
-1.729957924434527
-1.705823711568778
-1.583330820243541
-1.484679388074205
-1.442882359081631
-1.400868177195277
-1.337095844886626
-1.189422344460911
-1.006337713682399
-0.906480472308765
-0.799656714647263
-0.735821698653102
-0.730237494911517
-0.673308025311405
-0.549406532811529
-0.360555918500092
-0.143731587269819
0.052737141488188
0.125841851124677
0.217227134348898
0.346056697115202
0.498468097512057
0.580447610284169
0.619321375894616
0.552210789789217
0.481858684087850
0.373069691625420
0.372884163111189
0.322765117681858
0.337209340320961
0.360863117675298
0.300469302507208
0.232725513609168
0.277327318724685
0.227962174034503
0.322156970647586
0.318222777111086
0.369685679726258
0.380213200730187
0.258822242337740
0.181934150852585
0.257076681143351
0.297229533834264
0.349793938286700
0.551119048079702
0.757321646537861
0.919527409978230
0.971549531868276
0.942430174370468
0.927312207624005
0.994260196376152
1.054528580177825
0.972666511787846
0.983934697414720
1.009572586965430
1.079585118149592
1.120946329854751
1.120776742823868
1.071767250745593
0.982592013276474
0.923310001525804
0.956376111990677
0.962720142256233
0.908641715563828
0.892554592845068
0.844178404586276
0.714207497612346
0.651717959421645
0.552415855470724
0.445876062601821
0.341207884456326
0.317201950027572
0.344854128461481
0.338127268650175
0.262487084137805
0.151863188988013
0.022697337546297
-0.141699076068778
-0.303644616997304
-0.415390352648962
-0.420388836465068
-0.482393384748331
-0.598182085033558
-0.691906591923894
-0.739869195658014
-0.739617389494064
-0.852425271016227
-1.008748407685177
-1.071286193012690
-1.112122820597980
-1.145646328697066
-1.279226709277777
-1.324417074395123
-1.326996889018419
-1.319893259178363
-1.341138246797658
-1.399524038281077
-1.423913427612621
-1.398379431708134
-1.445864199395062
-1.550733276363515
-1.545227352484905
-1.415035644757135
-1.411562493315456
-1.461373626627572
-1.379362518464869
-1.273940153786793
-1.101481547336273
-0.959019252159344
-0.892835077262088
-0.793207910258425
-0.798793222868883
-0.761102780802678
-0.624878975197343
-0.529555439893938
-0.400235701814603
-0.124527231599735
0.105601786996015
0.265695260490520
0.378103359109679
0.511796299829889
0.704788559183950
0.836372159874471
0.787904285259923
0.665375286776650
0.573031756752576
0.489594074467103
0.429344908548465
0.391277921089897
0.441684995395515
0.461487684282784
0.403223261834943
0.332659075679429
0.364882639784950
0.364811726828809
0.409597742304010
0.374166183422732
0.351131164528558
0.291461340730372
0.231503475395390
0.189062523893486
0.273693955583526
0.295953019067355
0.335088592642122
0.462204262054128
0.730200777044607
0.909749065921580
0.905896224982483
0.910305155970435
0.956071445915930
1.022576315029148
1.107846568538683
1.075091216087977
1.113603804915194
1.099336902778728
1.121543602777328
1.147345961805605
1.178815969673730
1.120115459349361
1.004118622015602
0.938975840067199
0.932289933343659
0.906699085430419
0.946316615879762
0.901165209491782
0.850392151348444
0.780310841101708
0.801483625083058
0.781298283646114
0.683475443877373
0.592723060412344
0.518356654552371
0.420276527842820
0.356391186810990
0.308695962154616
0.185309475954667
0.069552863853767
-0.053004451758510
-0.189604462747065
-0.279710450069997
-0.364212236123839
-0.361324013727258
-0.463891452772321
-0.615050201104135
-0.662282673708338
-0.700326097983398
-0.785425135745549
-0.900838629107438
-1.038843574125943
-1.011801577753380
-0.969467577268101
-1.022984611495044
-1.080772530229918
-1.098659791774835
-1.111053501112782
-1.092217529039866
-1.217061563364059
-1.305397361110311
-1.263907516931996
-1.272605760028126
-1.342935442312133
-1.378507617176119
-1.305863911744253
-1.297169520418641
-1.349538765329099
-1.308558934884438
-1.183113173714422
-1.029603483901424
-0.928581588338153
-0.856427337261770
-0.800149897977330
-0.756252166624389
-0.662395666094613
-0.521897600105108
-0.474796247400375
-0.342625593845255
-0.063257009406240
0.241472753118655
0.374639419061479
0.499830102089172
0.726991947637386
0.923956739496545
1.019822029746825
0.941571219454246
0.822781789578387
0.692327460173669
0.614909265486994
0.550867436124452
0.505607248451242
0.564336946092873
0.586125311688762
0.518444578463660
0.487289618821381
0.512315863436296
0.462244648173641
0.532431424585003
0.465809327872309
0.456196689575614
0.365227765255150
0.289168897207962
0.294822765009287
0.392331538274777
0.374702650297183
0.416344506085999
0.548349256164912
0.729442450244917
0.831484204135323
0.867506078256643
0.854030622651517
0.962905642799827
1.055540494036989
1.026107470764095
1.054304282668516
1.102006321522297
1.076382125378510
1.092041433460964
1.145861896077559
1.174678263814930
1.062894639683357
0.921717983195555
0.929003490283781
0.928405407209097
0.923286121178786
0.938271317540986
0.905098047882561
0.875276576566378
0.840350942558468
0.915900548834974
0.907974663746292
0.829138919712321
0.714213816839709
0.630334702538588
0.526141163519261
0.404282518671477
0.386387605116767
0.297150830728631
0.181007867779664
0.050850726774577
-0.088332836994180
-0.193902913265457
-0.284553993475093
-0.311414306058851
-0.419175383502875
-0.502396780325322
-0.585521586681022
-0.666492778100815
-0.769837962689482
-0.880277120024768
-0.966409818290310
-0.907979129112320
-0.853289660304156
-0.877915057179082
-0.867421886659195
-0.884912333031317
-0.894567645951379
-0.890647231476383
-0.942395060856622
-1.062477579003788
-1.109708032454227
-1.124712412145852
-1.115782484706334
-1.130113482347108
-1.155467175535582
-1.165664459232676
-1.180352073372213
-1.135657988347630
-1.072827362946450
-0.942150118373420
-0.850749784397077
-0.816975600769376
-0.751104286871318
-0.647638345973434
-0.495086423002426
-0.393441416800313
-0.306766153128370
-0.219243590971847
0.052937447639563
0.355351463761170
0.509776057926054
0.651758771221700
0.912971781924346
1.098486080876724
1.169383836257684
1.145614751514806
0.993049914702224
0.849459540597940
0.723608612865820
0.638510876211190
0.613249430754677
0.582804798915012
0.674547342636849
0.663098564147597
0.663158848162839
0.653853071932045
0.625809698200910
0.716760957231037
0.657239469511454
0.553807424558512
0.398538823098450
0.333057293610164
0.397512703543290
0.488882992427607
0.494010721822519
0.555906967256101
0.606252615774463
0.747902632560543
0.820136988035194
0.874588415749562
0.926057681406900
1.000502571861053
1.018731676466954
0.987941341824330
0.999725668188995
1.063370528662526
1.080353303775459
1.088566702815173
1.103594168203569
1.056492304957324
0.974968534416849
0.909776156802093
0.968149290762839
0.959426660676370
1.011538673952375
0.947578060983527
0.900975287585693
0.869770660292753
0.913562223847266
0.951204418416960
0.893017088123814
0.806284475649979
0.752046919909404
0.696121101517145
0.590141785450758
0.499903911055052
0.484297147665854
0.424960550935995
0.322715891530463
0.191058589763771
0.085909016152181
-0.078385331418442
-0.203278448833803
-0.236930865097204
-0.392748604711521
-0.416225344219460
-0.480704554903804
-0.545722420628568
-0.653346984933549
-0.796006735021668
-0.825911046966629
-0.813183478983824
-0.755029086248751
-0.834171595028234
-0.847182772559885
-0.850729116511102
-0.755081550862677
-0.729644673987625
-0.701305065139024
-0.799734364727510
-0.898379910217702
-0.943646759763582
-0.914951045592625
-0.916202686386225
-0.997845155692810
-1.021703121626801
-1.044256790497182
-1.069941756016741
-0.978621628095144
-0.857510933472838
-0.733225669753273
-0.672018964414364
-0.602513970196293
-0.563129418998239
-0.455112464743719
-0.286562587351774
-0.098452867292574
0.043260145435180
0.241184397340764
0.449558003164588
0.623766941536497
0.773314061794943
1.001278215411037
1.234332112822245
1.317378143315867
1.222553042767508
1.130415236162551
1.018107678932964
0.832104027244407
0.657676228202223
0.679936624620129
0.646252341309875
0.699812922690234
0.810594605170673
0.839718763833870
0.799966232618178
0.763452425926810
0.812116441136492
0.810165686202785
0.676367455225118
0.517457266322428
0.489495570005029
0.496270403335380
0.566471600530299
0.613533670722033
0.671745486069210
0.691287595706885
0.770928293288004
0.804976340388985
0.842316260170435
0.944542994918850
1.002945584952554
0.958515907575887
0.940169735595021
0.992278818830088
0.998607219610829
1.009358880064166
1.024742136620371
1.002556750972673
0.968015541163208
0.917274314403078
0.949665002131877
1.011260543873437
1.019390621522816
0.982598250017928
0.904275088255946
0.878894852841319
0.896741956375213
0.917171551604461
0.967656515336215
0.926573070564507
0.864324527364527
0.848424349655353
0.821734527349233
0.684641340307857
0.574897777161160
0.548809076199017
0.481341259674192
0.404641323795025
0.349428921990502
0.233316944462364
0.096183063173435
-0.082822033966093
-0.175057278006696
-0.318003310741081
-0.416492571026845
-0.435997637447899
-0.458818293150816
-0.531421180143717
-0.673292244837016
-0.704368650502505
-0.694408570941370
-0.699337357876994
-0.795686716269154
-0.830197742630810
-0.809289648740318
-0.713113209390301
-0.630229447470669
-0.622098299685717
-0.681807516274601
-0.732736563791301
-0.779066601543802
-0.761362800350361
-0.781593072978213
-0.882858794123067
-0.878313391289453
-0.949776174567791
-0.926458833274521
-0.914920285505117
-0.801395586510410
-0.614553681346867
-0.481846752546375
-0.472403313595453
-0.457377609028532
-0.363704567297962
-0.187424097830105
0.016024535747008
0.152316182858628
0.345365086030228
0.536488752644427
0.730925153633043
0.892628923432458
1.096647053904875
1.264126003909938
1.381281585991572
1.244475699651858
1.167657781300762
1.060619270035906
0.829078757510501
0.660465543504679
0.717601756306946
0.712664552141343
0.760287243239971
0.843322291437607
0.932628084841548
0.976039671795910
0.903648525912066
0.924466909795415
0.844670322609135
0.782149927215959
0.753946805996387
0.693979460567650
0.636336021626340
0.655533624460852
0.681513471476134
0.732075813773980
0.794180319813144
0.833034621790617
0.764846591487858
0.810175115903474
0.939263389557859
1.022847657669034
1.042919161200037
0.949819733199385
0.932802107350092
0.911528512733426
0.888027142746971
0.923573379235434
0.906864242589961
0.914238798067039
0.886592057521014
0.931111810061449
0.939353867628061
0.985085589913604
0.886980427348576
0.837120807577428
0.865511736081705
0.864121607360731
0.930651916326681
1.027069303392135
1.012802667880046
1.027452901940882
1.034503380332152
0.921325386454399
0.759078170039443
0.626007730579175
0.572672903479494
0.489201232867771
0.494460426982093
0.508584556605524
0.434767222839928
0.244318511052275
0.017992881226786
-0.114702881145599
-0.278156997766846
-0.365326638234682
-0.379590397160059
-0.394268419980807
-0.463182187538942
-0.505957753299668
-0.559923693322816
-0.625091228359974
-0.649463457160244
-0.729669638668319
-0.801221369013677
-0.730188185589958
-0.629358911028617
-0.575487490371046
-0.604221740553675
-0.607126581591074
-0.604700206377957
-0.600498893396840
-0.634808648924235
-0.667767408503181
-0.749408719135315
-0.799018086856000
-0.864660866246416
-0.850103405182073
-0.795854201421753
-0.692200912443389
-0.533753321922216
-0.371609559863884
-0.313258271365154
-0.285250451318335
-0.174497832836568
0.004328871416685
0.155992749057693
0.222245141452910
0.390032463137648
0.621575008481748
0.793980023317262
0.975844103464635
1.147283948401320
1.271774417485283
1.377872182144110
1.265256541106538
1.158938791901475
1.003698194778511
0.846761193235927
0.756361447217275
0.774987540311747
0.751238166436421
0.821613670079941
0.883488211038985
0.927406963983298
1.046749757165675
1.050206448303205
1.040106559023867
0.972979408300575
0.987880510603337
0.971795368166571
0.933100799711937
0.873528627610833
0.850836867902340
0.780941713035971
0.775940493711609
0.819618002231186
0.903157767118153
0.881823604385877
0.901880703827924
1.036590558919075
1.129537673328956
1.134504019763419
1.031135706835960
0.931476879758678
0.842601560794880
0.825878457652813
0.820203844876291
0.791723189728132
0.777445842767119
0.781929680468793
0.848237953164230
0.928864088901295
0.972828364521922
0.864706887676528
0.813418730759180
0.910066526768323
0.898435280381255
0.965742921663333
1.058271978803562
1.098449564341516
1.150363136477302
1.156551128621783
1.002261969083565
0.822208552945337
0.757184253648082
0.689245049720414
0.622964582407311
0.635064405860578
0.529198796317553
0.483187259728956
0.294537060603427
0.112531966419762
-0.028758244182865
-0.167781781996583
-0.226441073152003
-0.252590238937596
-0.270479115011884
-0.345519057915672
-0.358215148492468
-0.423381158649690
-0.540647912338175
-0.607368066607361
-0.665409344074679
-0.732657901735928
-0.648994503155646
-0.507829438746334
-0.436802306530743
-0.453601735607224
-0.470941883285569
-0.487680779250349
-0.460077703335020
-0.507443339219481
-0.607506471231580
-0.693373953514196
-0.824158900257610
-0.829970787654646
-0.734628473525578
-0.675498670176659
-0.488106827891901
-0.384473551494673
-0.292528192200327
-0.191563227434058
-0.071213199166512
0.072941635371000
0.200483322621091
0.303480665275660
0.380135785363854
0.546601912069626
0.652967391482362
0.864840106484113
1.063163893879525
1.179597311810123
1.280483850412110
1.287986436874218
1.255807175850111
1.216738091693621
1.059432619259235
0.953066278810743
0.866698381491254
0.878370920919549
0.878964087385825
0.872439664082102
0.975263429061629
1.032994389107378
1.144582975288817
1.136387549910153
1.189505084407373
1.193020069082058
1.153023810511232
1.084516394264290
1.051264478395361
0.993869449096203
0.947214365016718
0.938453813153456
0.890543721506108
0.826921249499814
0.930039667655416
1.024788319494800
1.002906606092775
1.056649655408360
1.145207954595436
1.181046479640367
1.112710355298829
0.943445584040161
0.805239922279399
0.818104726862996
0.765808522166002
0.704371253229601
0.644802535602509
0.660178098965295
0.809785318928441
0.949836542195861
0.991330265192865
0.943074927268783
0.916107559446524
0.955328475002082
0.999994467086188
1.050024214174751
1.113630280634023
1.155630236216989
1.251779973083554
1.251087490977965
1.130957009212418
1.043548545489640
0.907655840527852
0.780943424964056
0.725367349859994
0.709036410037464
0.570924833964414
0.491474640728774
0.355283466789778
0.225859847895668
0.049855657110360
-0.057062658278882
-0.120588147384289
-0.126009521115209
-0.131168151075427
-0.210743374272301
-0.226648330165292
-0.289278143055619
-0.409362370094961
-0.552958193148660
-0.609433639367704
-0.594936731824728
-0.465879974008774
-0.410167598768707
-0.399274383173801
-0.338383485232428
-0.376837301948949
-0.434485527427301
-0.449507483241235
-0.457671776257599
-0.539326821052137
-0.682982819250480
-0.820076068068963
-0.808571626245818
-0.687875760603308
-0.550713162427556
-0.368682239327556
-0.270000432748909
-0.170688779308813
-0.046021327556673
0.117922172543554
0.210250393671875
0.338178545714364
0.421389240913901
0.528373140734581
0.632767673922783
0.729889848662461
0.864502675077822
1.063981040839308
1.178908708505768
1.235982904864588
1.244333729504906
1.261366602265696
1.266134209108023
1.184875499594319
1.028143049607474
0.939817645528776
0.951114866118290
1.017262980769841
1.020747709564054
1.105899407009245
1.228409058072480
1.284985108179032
1.230781942333033
1.284441225514656
1.265767039250541
1.230468643140174
1.136514471316314
1.047578239157321
1.025701978430250
1.006494065455555
1.016284095041620
0.957076853944676
0.952595114035042
0.977074951057722
1.026263173819784
1.054235736092686
1.057682544574395
1.126334257912698
1.196508325101873
1.083861453907660
0.916786685670134
0.794529814960211
0.785318821237700
0.706162080713128
0.615079964118290
0.595403376426464
0.651311815660624
0.795275952305907
0.868500375403000
0.968155760449702
1.018554061752126
0.954124184048173
0.989987780978046
1.044179055899708
1.138607912515288
1.214451062846508
1.279348279566535
1.329998775020598
1.322254730676661
1.288118394956474
1.216350745494773
1.052614102358346
0.868236348498218
0.786499403191383
0.725301493224208
0.593182599486779
0.516236864851839
0.442949217805462
0.347713284555092
0.222106041618153
0.119718653479413
0.083076712159965
0.103011634994902
0.043331101212913
-0.033014515631009
-0.043965566248013
-0.141618043524609
-0.312397306485533
-0.409230485009059
-0.427120208091477
-0.415221404288953
-0.340110059218932
-0.372874461877396
-0.356564825754536
-0.315438012168034
-0.294144739781923
-0.364785789245595
-0.413658410651894
-0.425807194844122
-0.477795060867239
-0.546362683859521
-0.698954385633196
-0.706794847288556
-0.635363731401322
-0.453329893455684
-0.337301141912406
-0.223283063465846
-0.052934211037638
0.118124014496040
0.273313787797257
0.338966551841119
0.442412672269505
0.521470527367505
0.611014603105029
0.718449805015214
0.822403566242652
0.952248756846320
1.113629220580390
1.201060364468057
1.219631667353228
1.231406918504524
1.263993324010840
1.271051888768017
1.233683713065888
1.145847926637666
1.090574016784355
1.086213895718452
1.144546311721895
1.157891931673098
1.258771238476106
1.387079645005646
1.409974268374716
1.346186191478905
