0.774831087061739
0.607777504327722
0.452132666535906
0.318034932720008
0.104805970180728
-0.052898139821369
-0.184588928429645
-0.257565704168794
-0.421984781469092
-0.580531854295624
-0.707694453968834
-0.790121961655693
-0.863344711897296
-0.956577313926665
-1.051140198480073
-1.126009174641918
-1.216855403126641
-1.286359735090584
-1.319820277887844
-1.473495753553520
-1.593502264712368
-1.645329413841874
-1.696607781750781
-1.722561165828511
-1.738701352638703
-1.747807956796154
-1.775989927390226
-1.812043604216051
-1.828402262935870
-1.831578176797437
-1.799385136586392
-1.718399110021720
-1.667129536397699
-1.613738092427766
-1.555362454400829
-1.535932077436018
-1.509047933126793
-1.526206410304890
-1.515820416916268
-1.535214910796101
-1.492508857012738
-1.395403582462170
-1.291269829147732
-1.211103441942076
-1.149881836734997
-1.120893834609966
-1.089263026413733
-1.037551169473803
-1.028966350148770
-0.935719523603066
-0.821072705050725
-0.755471483908073
-0.686414170151504
-0.652143812786888
-0.625617614306275
-0.609525583821906
-0.545114158642444
-0.451404542884636
-0.399925215331207
-0.322475420550946
-0.172503391270598
-0.037506501905967
0.140702903705482
0.366232213951698
0.540836455375391
0.653678896163199
0.752551947235905
0.877615225737226
1.035920700689874
1.179174512433174
1.353309440454072
1.524732417021382
1.547178924401746
1.553784379855655
1.594381671720613
1.662782712285668
1.683926342868107
1.616312566166719
1.536069041894614
1.521696886635556
1.537962981810755
1.580962805704307
1.607633316462202
1.621648025090896
1.627576552346553
1.629746440017841
1.661116601266954
1.701389271857950
1.659293954252744
1.629139488211498
1.619682287238125
1.615934524972347
1.566780962216387
1.516279914802397
1.472058715363969
1.345382880825988
1.226048091252749
1.104964491101254
0.968485136816480
0.872041810326158
0.767166285047993
0.628421258685207
0.472139926510500
0.294122095074855
0.126756642924703
-0.015046632114468
-0.186845785701268
-0.338516432251985
-0.501631242436996
-0.671975477464317
-0.776860329756736
-0.843208408415687
-0.908662406001128
-0.980189616713909
-1.117832885060081
-1.189724480117842
-1.257612341330426
-1.315460841934839
-1.387221872508481
-1.484299943626258
-1.563140225126496
-1.650241461775535
-1.634644646463898
-1.693140448921520
-1.745774506345344
-1.736006917344291
-1.776390647786052
-1.843361499567042
-1.842083649317154
-1.823952874061945
-1.789467333845045
-1.699488836343090
-1.643391213523747
-1.571656073717704
-1.516482845219748
-1.509209027058511
-1.504651830862018
-1.492814285539672
-1.450487782878138
-1.435140989447812
-1.429576237856486
-1.404136441445660
-1.317592438697295
-1.224333267291486
-1.223883468291295
-1.177380812050256
-1.162765074796570
-1.121373278383316
-1.051552742873530
-0.946167284116057
-0.795629295717966
-0.714940924342613
-0.661379055738123
-0.657423903731863
-0.677274502569578
-0.625318691998230
-0.519389532685946
-0.429605393173091
-0.354892046100711
-0.305991055209787
-0.183390342441222
-0.059491670082249
0.095268853283738
0.325589482139759
0.484508459009801
0.629029649066158
0.737561813951582
0.870471569851987
1.030820806327351
1.197637394965235
1.330787925847587
1.485774404160131
1.570151867305546
1.560997755858769
1.603986095088518
1.672656939783287
1.693562716463377
1.631501805957255
1.556010660862589
1.507432982052062
1.520815864920785
1.548554620887489
1.566151542372241
1.567354524521133
1.632385225643202
1.650309171127290
1.646531876804831
1.681827609598317
1.698242858301470
1.708409849694842
1.679752998341911
1.642025308091698
1.614617186712930
1.597365502228589
1.512857989956570
1.397031055261227
1.252902537342563
1.160787511586069
1.013632255430199
0.869773793027285
0.727850552729367
0.604513337015915
0.438489132903814
0.279351473026189
0.153553224630351
-0.010500271507062
-0.194961647351546
-0.371472870500881
-0.547669307818883
-0.734371501105937
-0.865396825390886
-0.934318705133635
-1.030071265185721
-1.072637588166515
-1.166974851212434
-1.261609437676086
-1.333074486925267
-1.373318178461894
-1.465239567002556
-1.520099260475271
-1.579692736604990
-1.598968615449805
-1.611483263596762
-1.678582150014724
-1.717813020017483
-1.730366935230100
-1.764993758108310
-1.805523638354271
-1.783901436078106
-1.774929009253714
-1.761945711431135
-1.690746660859274
-1.604242637984720
-1.571091810593446
-1.497424836147705
-1.454191799117205
-1.434807664694203
-1.433844161841421
-1.421532480050663
-1.384867157297677
-1.363682085279426
-1.358094134581584
-1.354329202078683
-1.266846181816240
-1.236507198011226
-1.216227947117915
-1.186126976294841
-1.137749581915385
-1.059522883804039
-0.938949454817134
-0.753567016945553
-0.681127847619617
-0.682685725584681
-0.671765980807936
-0.701398853850837
-0.630621272414560
-0.506269489440495
-0.414933414744312
-0.323708917720711
-0.252377608123815
-0.163274318058802
-0.065478815091390
0.091179415235352
0.304329909277333
0.471156952482638
0.613315016390854
0.732760423353251
0.858054171486924
1.023055889088457
1.166810610420244
1.327905401216215
1.442676950945368
1.506536969753378
1.573335540126803
1.618733138892422
1.660711093919268
1.652852735809499
1.615866770207171
1.522120986976040
1.489157135286160
1.477524115544782
1.475410486242966
1.531015093007419
1.588376015446228
1.611514043672416
1.664819120958995
1.632928279714813
1.670739891263888
1.705178084678131
1.704600928614850
1.693183773736691
1.673186611334530
1.664375163069823
1.616340761464202
1.497803378794476
1.421783779933902
1.291396842274802
1.153708983776839
1.008943670293111
0.851172427776525
0.678939708570126
0.539190364265737
0.405356805299158
0.267919199897004
0.146578244394101
-0.013823988899996
-0.187610132898849
-0.414406781512053
-0.581700741298773
-0.754146638933210
-0.940398504898081
-1.063939027463213
-1.130936499132003
-1.156665348488003
-1.199310630348947
-1.267094836689877
-1.338692028737396
-1.385020544863706
-1.452357503679796
-1.493643545478205
-1.563599089374463
-1.596325624799023
-1.629752454221323
-1.664268471927239
-1.707880472913581
-1.738560189394335
-1.744618765066801
-1.747680841885526
-1.726719424900070
-1.764833462004603
-1.753352040136629
-1.742456796124771
-1.688000685480666
-1.625860513818003
-1.554590772918041
-1.475181776534854
-1.442049130786179
-1.409983599544114
-1.409103027178736
-1.383266286422661
-1.393938487269710
-1.395928792210199
-1.366835832321575
-1.305527930298701
-1.278882277497213
-1.287804477301174
-1.242933892884997
-1.168478493551295
-1.041236382051784
-0.924283160197133
-0.804535794778416
-0.779164088797199
-0.732193539293449
-0.709896276289163
-0.679344961531150
-0.575890426498650
-0.525842739118468
-0.426980189038934
-0.308065653355934
-0.251585884212438
-0.152067668101296
-0.043447161927550
0.143546078102942
0.315333178953664
0.501999741737167
0.620448409995977
0.715758620199209
0.840217759613962
0.980184880305267
1.128492189345393
1.269929589701724
1.391614260711540
1.422238272620714
1.478665775621681
1.553652508744585
1.602772831771676
1.644415616549455
1.591439416209423
1.506755964412746
1.429955591150547
1.422977508728898
1.439993798812647
1.501839559755282
1.580533231597919
1.627407484618747
1.644176504344477
1.649942728053102
1.693504617985800
1.749405652838455
1.758200955774635
1.728775724009119
1.695390666406181
1.670661565661281
1.584282011993240
1.454131701944416
1.401716332261421
1.277416494724830
1.123114876964119
0.953820012972422
0.832836438086860
0.647083164485187
0.492778899175837
0.392723232519307
0.265117422192321
0.139206948293784
-0.023454173698659
-0.229943463873015
-0.396643433184544
-0.562702696928052
-0.757092559326367
-0.968404676234405
-1.089615072475804
-1.142529732720888
-1.168375499781093
-1.155372205952862
-1.226230263511087
-1.317282799902759
-1.363332181728582
-1.410021782823978
-1.484085219259532
-1.542403174498881
-1.610216902013563
-1.638904407793553
-1.647281645728447
-1.679892416112399
-1.742591439707229
-1.740392977231137
-1.716327287237856
-1.655708121716767
-1.688331235506070
-1.730448469205069
-1.736807361304571
-1.702137799924645
-1.674814158835964
-1.635639863280172
-1.574065660043790
-1.530770550961458
-1.477833646330188
-1.452967745208914
-1.381314513195911
-1.434806975307686
-1.413848366068168
-1.372750045549209
-1.389688232933841
-1.373007005153344
-1.342670309116923
-1.285048859086705
-1.185582253982245
-1.012240321886132
-0.920461982503969
-0.873302070992177
-0.839022926698882
-0.781928431529894
-0.727303912729645
-0.650994645452645
-0.569978140239475
-0.517191542583871
-0.431146005355328
-0.358719602588555
-0.274698759349005
-0.168210649925365
-0.052214954951201
0.154944840230461
0.312307453171427
0.507433964959058
0.629057416942269
0.734627276563178
0.873309386749898
0.972310025044198
1.085907492842950
1.210331655222196
1.335046396373473
1.370800046968096
1.418379839404411
1.509131372238103
1.567484039303473
1.622263100428225
1.562442318943496
1.477380596262457
1.450115688323634
1.391635775269000
1.397216146635860
1.497385816715380
1.540534859893849
1.613654572699174
1.609428307592531
1.597855291831993
1.691722926677375
1.775538803995427
1.819569264141228
1.779159917062183
1.704528827594441
1.610536689900826
1.497600269579540
1.411774437913028
1.319740684105566
1.155103644020629
1.031979877882373
0.927393874744479
0.781738622231451
0.596260584566560
0.514410829359000
0.425219641499388
0.277839785816625
0.110147403383568
-0.035012214660976
-0.189883213152596
-0.341501583548405
-0.549265256557737
-0.754577723142189
-0.936237982957542
-1.029997464087213
-1.090597698248704
-1.135654990866106
-1.149198200980743
-1.185490308646579
-1.318651237448938
-1.373873441749894
-1.386056273200296
-1.446208428108068
-1.516282219191021
-1.585162293199814
-1.643062124977846
-1.695400188794756
-1.748943783508293
-1.733270682434041
-1.723810617452506
-1.724558606909855
-1.712825080714761
-1.765728374133561
-1.810795185351279
-1.797878805117726
-1.732999274633367
-1.692695096560770
-1.675363264484324
-1.682716342588331
-1.631756145007508
-1.541881278590766
-1.519779586351702
-1.484603485038420
-1.488855904906381
-1.466528301995288
-1.415584582537269
-1.435797742117451
-1.394074524487718
-1.368192505786236
-1.314342264200896
-1.192662168391456
-1.042008952827854
-0.964705642334173
-0.960055310345433
-0.894865628667241
-0.845246797117509
-0.759836125684022
-0.663995727431404
-0.601368141580499
-0.507442575770519
-0.407862687177804
-0.296267696150666
-0.224110090213048
-0.173315302892586
-0.052008800793685
0.113537923601900
0.300195346883245
0.489847706374333
0.654588918837821
0.784686789225957
0.878378521324844
1.001604812458658
1.062815534951934
1.138264340012438
1.240528421911113
1.354384548423050
1.415250397978319
1.442777507453227
1.512457140537292
1.565523370945968
1.536466472060138
1.461233872461592
1.424377478651416
1.384416019708431
1.409030328738175
1.482790431973313
1.516300047360624
1.565652688336804
1.574799730957190
1.554986855992679
1.679379241472002
1.753825264905556
1.799737078963987
1.752927607430716
1.668369228772049
1.586858468516906
1.485951927703802
1.399890635775738
1.238482370453543
1.070444846759074
0.935805642446173
0.841507000721806
0.715302199568985
0.578030328504806
0.509400026810551
0.415404346649290
0.256657861354067
0.135309184646278
0.004044525539251
-0.148880675880886
-0.307120087560972
-0.541197909997450
-0.720971302875985
-0.886587564645120
-1.003193168455750
-1.065220199770457
-1.112004698233918
-1.173165985044537
-1.230413864061691
-1.327145862649025
-1.392091047482170
-1.404595602750175
-1.422725675958792
-1.488077450324101
-1.590483472274874
-1.651810180769241
-1.670727499254428
-1.710793835087839
-1.740764183199323
-1.749946548943815
-1.709406347003685
-1.722395757748939
-1.793844191836964
-1.856852146282327
-1.869048141586019
-1.809348562501773
-1.775732746396078
-1.793661005964409
-1.784795204484247
-1.715369452912273
-1.636710186207539
-1.587919841607890
-1.575404494575977
-1.585082259992712
-1.532836905181891
-1.447922462053588
-1.396636359412407
-1.353598435450496
-1.341519894644628
-1.290573154417410
-1.236235673754075
-1.108995314561692
-1.027866264665351
-1.029881198559025
-0.954602631592375
-0.887025172651638
-0.774065381919949
-0.681522800498843
-0.608815972342365
-0.487235032501785
-0.358134794942940
-0.245710649216649
-0.187813754546084
-0.151513972646997
-0.035051297115270
0.117055496324114
0.330197251635817
0.536504375744502
0.712811368861319
0.805412846551926
0.865086662140058
0.944013004668180
0.995667434758388
1.047957331600802
1.189858961662005
1.335395442273982
1.362664050916092
1.410089669825638
1.435629904074239
1.495799445079084
1.483773330444094
1.395980741857864
1.364522255284566
1.354573838490700
1.360624275400155
1.457764685170044
1.519500489977714
1.511975700675402
1.514904644469018
1.541120771847227
1.624355953975854
1.683098059009670
1.707018635239177
1.683901594544913
1.642610533223599
1.578670641981228
1.483283247198578
1.341998240194800
1.206089600683423
1.056697736069284
0.918546431777287
0.773177735835833
0.660970194136976
0.572114624395461
0.479495246158128
0.393208517943476
0.262241818992467
0.151337169462948
0.004898504574894
-0.132829892741782
-0.298995725639995
-0.490042191097838
-0.671734385687829
-0.798631882617660
-0.919368410197897
-1.008303156536949
-1.063869069068841
-1.135150637957717
-1.203528312019602
-1.323049421338425
-1.394585523189884
-1.420578499524852
-1.409550205718288
-1.480817891031925
-1.533595849520681
-1.645523833698750
-1.650556272245268
-1.663547398932369
-1.699315550498689
-1.735809141412758
-1.710975682016972
-1.710919215129663
-1.792434846608027
-1.858576187927596
-1.907585624588162
-1.881396584776615
-1.855607357439209
-1.862310227244665
-1.864864520828510
-1.791505386027143
-1.752917399963735
-1.665471714134435
-1.595873815251174
-1.602147855769615
-1.545268304695188
-1.466021446612465
-1.419812911253533
-1.353545321294247
-1.307984996800273
-1.226505215211407
-1.181909168063155
-1.125867224683363
-1.075484396643679
-1.003132826415836
-0.985462203743100
-0.936394362763062
-0.800074096717028
-0.659598198543838
-0.535610407673416
-0.441786410354086
-0.339313076551165
-0.214412457729579
-0.116175864241911
-0.067683891259366
0.023202343228827
0.210862606175135
0.378738628365970
0.573938372703270
0.741156024505967
0.817797076677036
0.896954552603077
0.947111700432590
0.991686569600615
1.027919896881278
1.134971983717833
1.244241449001114
1.311638233527138
1.362534894966158
1.380135347140814
1.433131093797374
1.419699344552050
1.350301115331288
1.367329810975181
1.349784329777276
1.365172063742129
1.465548584293355
1.499409996866957
1.486683261794246
1.456205190122085
1.490109052334805
1.547481503050637
1.631676932960991
1.663668053624283
1.639579716379712
1.605202126785531
1.560386514090131
1.441863125961274
1.315045113437668
1.203004736521806
1.038103449712072
0.881724747060596
0.750171080759722
0.646511683571643
0.549502844741376
0.436902404965297
0.342587398125483
0.235091573008226
0.093309790664239
-0.064529110654547
-0.207718148966503
-0.353690024724102
-0.477014540802167
-0.671679390778440
-0.776249445386047
-0.844782728899130
-0.932659582461228
-1.011289633202391
-1.096184171811118
-1.136024195658106
-1.271260486363825
-1.379437336029079
-1.370043523557792
-1.413275864653686
-1.474690266138591
-1.559275667993374
-1.617920602303033
-1.598875186726198
-1.618254822105633
-1.668386666855602
-1.699845500817940
-1.703814335314342
-1.732375585017337
-1.803450451016201
-1.870628068715092
-1.922938929585135
-1.939353826541413
-1.924934140168425
-1.911722219458921
-1.910350160242911
-1.820760896167116
-1.769691100192737
-1.684307951499176
-1.629136605412275
-1.607467480228479
-1.522664855853614
-1.454203554953991
-1.419078196725506
-1.359256836303834
-1.294287550124875
-1.203261221673832
-1.158583763046807
-1.130476138715781
-1.074290160023094
-1.007673775799867
-0.992746773685020
-0.921255335323005
-0.774949966418784
-0.634057194236888
-0.498780842415067
-0.416785321545894
-0.312608459202957
-0.196478393974812
-0.057275872646004
0.007119769759083
0.128170281128338
0.342580888049924
0.455462661370098
0.600272822290066
0.706308545155399
0.769797911186461
0.868481453754743
0.933192803169224
0.993673642370505
1.032910386002886
1.104785000609370
1.188313052863931
1.264122031282564
1.295044337194253
1.357132101057825
1.406279937130677
1.403903680149597
1.336845181746991
1.341553408675025
1.361111464573205
1.387523797817173
1.454922715866275
1.476981049985351
1.490041340052408
1.459126112456901
1.453044227731940
1.548835177734424
1.588829124712089
1.611158708971958
1.584300300051382
1.548149448433930
1.479914754793349
1.400487844523777
1.262843673171500
1.157916870967479
1.032432258132477
0.882234113941608
0.760569972646095
0.648569896295514
0.517724160829497
0.402017753269658
0.267169728378586
0.193618196674757
0.059943027715541
-0.121831469946504
-0.288192195936076
-0.410815070853791
-0.492898647740505
-0.641882284039062
-0.782164557553359
-0.836801536113153
-0.939249154140314
-1.041615080955636
-1.106529736946903
-1.130866179956933
-1.225514243842773
-1.288105408398069
-1.308253420029805
-1.387406992346095
-1.456781792812360
-1.510462686192293
-1.546957262606104
-1.571219207431987
-1.568134388771762
-1.615721661197577
-1.659005110095759
-1.677507297771061
-1.749759624111899
-1.797444323515486
-1.848271116253822
-1.925479879488738
-1.955281797162354
-1.930010129466707
-1.908557743143064
-1.865346886658212
-1.838523086263400
-1.776317702283246
-1.707960552651947
-1.668292253619506
-1.593741140339383
-1.515848097188763
-1.441907788680114
-1.404803022627583
-1.361173838564903
-1.266823011152389
-1.178121036489539
-1.156304913884278
-1.092420877601819
-1.012696288978356
-0.956533702245193
-0.934837874249143
-0.864142304479199
-0.736933165791026
-0.626649444682180
-0.511421248136867
-0.374971765235836
-0.272666638956163
-0.157970195539541
-0.067770277995251
0.059991823964563
0.211770252140882
0.411083371139831
0.519227988389179
0.624797949051748
0.672248318409557
0.735062687445516
0.837002391059804
0.909050999310639
0.958803222429245
1.028052299129342
1.095778441715532
1.159861378575100
1.246164019595101
1.257611080444395
1.341558685053065
1.384919389669024
1.380387899558953
1.320162236729259
1.281183947691814
1.355615924741717
1.408300112209198
1.416741223220662
1.433820949023471
1.450040938790792
1.434323071025809
1.459134812034696
1.527279710123335
1.581266175914108
1.583989117792524
1.557999851105855
1.487705956796960
1.368915850280980
1.322048489607120
1.197851663837980
1.113244623288796
1.015655992160830
0.884744856497923
0.746853819356803
0.629754804872499
0.432656690911471
0.297940101148832
0.158854535983360
0.045592329295165
-0.085317506932287
-0.237904768890539
-0.389159620784851
-0.483975408697275
-0.520288754317579
-0.671809678827820
-0.839996678072495
-0.910760089335745
-1.002810571056883
-1.102077593682984
-1.136989851199844
-1.159845777374667
-1.184428085691291
-1.246751225055907
-1.297817507033758
-1.380861625692715
-1.453308197408720
-1.474835061210933
-1.497127286203392
-1.514313557146432
-1.525276297116865
-1.554908001601719
-1.598677876246964
-1.655478682750051
-1.744056423422027
-1.784518167804934
-1.850107630465599
-1.883149494544246
-1.893061418776250
-1.890573184739589
-1.904280142204841
-1.875651459525170
-1.809890378916981
-1.750108591851825
-1.711740060013340
-1.634562599686547
-1.521970943440250
-1.462372708506750
-1.397159445267794
-1.365029112508440
-1.303692675231044
-1.220174303980332
-1.110781547995979
-1.092688657965828
-1.050479330534260
-0.970174721696086
-0.890516542653488
-0.819080912534732
-0.767860766204578
-0.689042287830773
-0.611451352064840
-0.452362594221545
-0.286678215267883
-0.170297158840240
-0.085859836788456
-0.038262180636026
0.073238317412086
0.236366594013840
0.407797357191017
0.499343124637056
0.619417675846143
0.683035432045739
0.712819657761947
0.810959090144291
0.873261243357976
0.967912444063790
1.052515770815812
1.069302067932506
1.129588150744209
1.192973561259012
1.271958158447149
1.317109169056261
1.340995615248090
1.351236696706002
1.341097533154077
1.316086975249490
1.337740851129739
1.360445420966942
1.400588421562802
1.420198207253935
1.419610177761981
1.437269342086682
1.491627579329154
1.573021825563541
1.576295691165965
1.507878441068535
1.443098344332992
1.339043382897773
1.253423497344102
1.191669939273905
1.133630313406781
1.026360446218246
0.944528968144096
0.826044693017523
0.687198210190619
0.561992384561506
0.329241832646705
0.205587790356060
0.072110571999726
-0.031531908167758
-0.186100879016031
-0.323701639511248
-0.465206441236353
-0.563626245334073
-0.584064429165895
-0.688175148425845
-0.874741517865002
-0.988922090345128
-1.037964878057741
-1.095783705437256
-1.135927511006881
-1.177423493974841
-1.200731769977051
-1.233803836112588
-1.305796971454123
-1.358526079047820
-1.409671600994303
-1.424143757863881
-1.419682677553950
-1.457784322702562
-1.475721578982658
-1.472600783970071
-1.571489763262060
-1.626667501831146
-1.700390506218683
-1.720338864403766
-1.787848216724517
-1.835788567231727
-1.879073621431907
-1.935452460719418
-1.935692723017093
-1.874908552211870
-1.780111359632679
-1.722607829104536
-1.652812887267731
-1.515069028697089
-1.444167099463464
-1.420775290758930
-1.342578283839225
-1.284465098483004
-1.202433021578167
-1.138080836713048
-1.082013375230661
-1.073626731010281
-1.014713082841189
-0.898612495513363
-0.839385701481438
-0.739546913113049
-0.680470537406368
-0.642924907625079
-0.586249195978224
-0.419932122692973
-0.264685074167287
-0.166103796162019
-0.052898039892238
0.017588377783782
0.110534917344851
0.259972236389108
0.438462528683402
0.540267966872204
0.633746550420973
0.695490728946975
0.730270370784857
0.809585872213250
0.858079518000172
0.968558228520261
1.048629383069106
1.079394359658056
1.129971863605517
1.141436519315025
1.209996998894176
1.262519227652116
1.288319144555705
1.318502941527105
1.351020419456851
1.373646306649908
1.374955023985481
1.366007355389937
1.353048644171156
1.352061897886579
1.392976506690598
1.414815540807165
1.461602026184261
1.528805342476766
1.532885924136399
1.432549593419014
1.341433768167198
1.218882508912935
1.140884687984189
1.103597266309976
1.040272790258800
0.967510462438382
0.857768955801241
0.736915525891771
0.558392589212233
0.429156207172762
0.235145683257265
0.112957419282033
0.011394700897473
-0.117077242560992
-0.269265530765063
-0.404910365029872
-0.536339548947079
-0.654479482029569
-0.714452954415578
-0.803948213713081
-0.935503726827005
-0.999909573612204
-1.038067513740381
-1.085447006833895
-1.137593706360091
-1.156201966251095
-1.177577738529013
-1.211557644811164
-1.266263358191788
-1.329181051470988
-1.350663483204982
-1.379277182261327
-1.398898996775279
-1.392480249038160
-1.386046781656174
-1.422749266776617
-1.545434271642877
-1.612925562365955
-1.673767824423295
-1.687614531104727
-1.742151461066406
-1.772093789200483
-1.830232174671184
-1.913103411102205
-1.924924690226921
-1.860499615661823
-1.776112837617774
-1.708974016341449
-1.637375234162823
-1.472100733732922
-1.430115284649681
-1.379177546513307
-1.270895039563196
-1.192411794044147
-1.073588436564054
-0.992708747712968
-0.959938383085131
-0.971712573435723
-0.944446475850790
-0.829636686072624
-0.784963278913939
-0.739417964303322
-0.663756934670815
-0.583234148513387
-0.507977700839734
-0.377682811048003
-0.232149175284248
-0.138923911818315
-0.034744236967373
0.059849707365794
0.180105536819884
0.359682243529581
0.483728280489573
0.613328068767191
0.661129922361533
0.703376822992458
0.747052863196740
0.782332452223006
0.858209587913659
0.957249438853818
1.014815469712934
1.073282737086291
1.074285054240804
1.125506538563783
1.165068983712328
1.191532902689891
1.206683784435609
1.242266455033126
1.299071110845286
1.371531442409507
1.393977280677620
1.391279983710279
1.369527950079448
1.331716385338822
1.368041658572960
1.417015349764652
1.464293148357875
1.490241976955364
1.429277416780484
1.343658235872276
1.244057834162503
1.147885527007851
1.080712089542329
1.039199094567568
0.990909335668128
0.899595174418891
0.777732359867521
0.646795744885802
0.474016614272422
0.333324416172705
0.166177488461515
0.050646946036492
-0.048170539504037
-0.199756465476953
-0.354084522412840
-0.494429548834610
-0.628065131674974
-0.777630032570381
-0.874867527519222
-0.917494706592170
-0.984675616437955
-1.009222762472385
-1.022652087368869
-1.064077732803903
-1.044272197166684
-1.082619852688505
-1.171929850247394
-1.230380804007426
-1.264792131974029
-1.306562903212601
-1.298758400044168
-1.349464805991333
-1.387146049650586
-1.366515498859340
-1.347355859744990
-1.357803855854264
-1.483750091880183
-1.592085576894996
-1.670339995624250
-1.690785059924101
-1.708838019505352
-1.741457126658563
-1.801217426520612
-1.832034406515693
-1.831337344525989
-1.807880445844343
-1.789010361040481
-1.688939421341348
-1.624499650519354
-1.521673888457904
-1.454821423294810
-1.349471110294568
-1.204320928223649
-1.079079217525681
-0.935222287206592
-0.843988162418198
-0.851470475146876
-0.889461957399971
-0.881987891837061
-0.783820893232888
-0.737644444693527
-0.684320547710462
-0.622127543926203
-0.527864663619725
-0.437590907427205
-0.314957455834664
-0.217965330952827
-0.105404138849215
-0.015439017126515
0.055553853141070
0.173292851741717
0.372195181879788
0.520457208719257
0.622771184540484
0.666404407784218
0.690111025753300
0.737420329703094
0.785327530956026
0.825825047388615
0.901484810654300
0.980661371223011
1.016716814247869
1.043990820079306
1.093337970432605
1.141901270322342
1.153305126298867
1.137214806114627
1.187859926065315
1.271077060540464
1.360166371653948
1.421074164170644
1.419338774282339
1.383310345794927
1.362725256531315
1.357662472043261
1.363061241041075
1.401667359060762
1.415495361021847
1.359307204314886
1.221324798789564
1.143097069680860
1.114899733740647
1.064813528759694
0.981387010625440
0.892121719981059
0.821547884564631
0.726234367458902
0.577905349039526
0.451446638264040
0.301944783531727
0.059685463111767
-0.042846803622530
-0.158557733864741
-0.249432940894710
-0.409107191145130
-0.554688192834844
-0.689667650894195
-0.832469174316273
-0.978324488626431
-1.028595424280789
-1.028885305765951
-1.058740952148495
-1.071114797288880
-1.087433870562460
-1.048013931674273
-1.112164076336637
-1.212127887390028
-1.271743216671166
-1.302176092306814
-1.318709359947661
-1.309002556693302
-1.284746437660931
-1.299927193277496
-1.300833727507453
-1.286787715086101
-1.326889600608787
-1.448954938108751
-1.555414879206598
-1.656270118551679
-1.643461454812408
-1.673496211944399
-1.680560470257726
-1.691782742087529
-1.698091542554614
-1.739248612356775
-1.712566837924378
-1.684038686550945
-1.622820385134223
-1.523555234699587
-1.493939744771339
-1.414973991003781
-1.266230103911211
-1.067298155208657
-0.934873107152348
-0.826554622935364
-0.803425973064237
-0.826318629067670
-0.893180813170717
-0.900158476601480
-0.846543791579728
-0.781632709870227
-0.704875058519903
-0.633936268993491
-0.541000120622775
-0.431836550430991
-0.285705012304554
-0.171542579375248
-0.111474415316953
-0.015541004038751
0.084496654073950
0.150742921508759
0.345011067591845
0.510635736567577
0.565398681732836
0.607560631163942
0.622068947490712
0.647814880606484
0.675776458898500
0.745834385610993
0.806246669427137
0.891090862630419
0.927598813138725
0.973700799994172
1.009791920446019
1.065968681063435
1.079326924965465
1.087739010271376
1.144935733259220
1.220317227044248
1.320940241426766
1.423981106053959
1.441229599989248
1.369820620354186
1.325842379222925
1.331497675810898
1.308322058645142
1.325984079019817
1.357815320166219
1.276961366149312
1.150577680840729
1.077848028560611
1.051672628710276
0.963013228502444
0.880850908880524
0.818043958031424
0.755089940967716
0.688023527963025
0.515582820337663
0.348095290761958
0.194708576324653
-0.057585392711588
-0.122707859389228
-0.245374587841633
-0.343514289100309
-0.499372275254105
-0.625743401970481
-0.747829993268606
-0.889969594688032
-1.027907177212634
-1.104332142524749
-1.091518693354911
-1.142607166415415
-1.189705010474976
-1.173938746288385
-1.151844694087067
-1.181688550829685
-1.269483875267588
-1.297786767584306
-1.347698519070196
-1.363458029549775
-1.332712241099782
-1.270850836126035
-1.258541066840217
-1.251709743767775
-1.238406715915177
-1.282838441840618
-1.368135798907965
-1.464029162301906
-1.597419825765281
-1.608584306928126
-1.592565619241996
-1.610182771922799
-1.610538244162971
-1.593647062146782
-1.595572738671842
-1.569308428119252
-1.519029388866567
-1.461500113803295
-1.458818820879060
-1.396413273159690
-1.284096548304800
-1.146978682579913
-0.958038813241109
-0.872407838529095
-0.822036145559020
-0.771743423293195
-0.798965280086594
-0.870381686536900
-0.902378593467062
-0.860297125889099
-0.810856504195717
-0.749680780659150
-0.679909718198490
-0.549527318745779
-0.459763621900677
-0.304519273000120
-0.166623441398790
-0.052468499217392
0.037167574600089
0.080063814296895
0.142644065868391
0.313190663152592
0.442156160548675
0.519774217203821
0.541851311716595
0.566528958679130
0.604955572410352
0.593060303227755
0.648128956680840
0.750408013885080
0.816983290509937
0.889318282764405
0.911446481394307
0.959655213019145
1.003574872527903
1.038512473048824
1.044468786053973
1.109039833707407
1.177279484228157
1.275814891190220
1.343964589214845
1.364125269920081
1.285646721924756
1.244369020943930
1.305403400736203
1.299877680013028
1.271559668037421
1.229123937763660
1.139741618923427
1.126741785991201
1.051686677162516
0.959022531774840
0.903340176574351
0.824150318379185
0.747336053310878
0.668711109093531
0.601982906330701
0.426377574604948
0.252475572480184
0.069920796797381
-0.096453881095734
-0.150079342726606
-0.273899255522558
-0.430483657825639
-0.574832980941560
-0.705497106377939
-0.825287648011585
-0.951379772324827
-1.013976385222367
-1.096895526651348
-1.158186492637047
-1.249142397574479
-1.253707587098355
-1.261069178467189
-1.241280717291640
-1.274023160228058
-1.330959389603247
-1.379620401853173
-1.419402813543121
-1.407959744151984
-1.344337471621219
-1.254831293697103
-1.232057012859449
-1.231334143491298
-1.204996196619331
-1.242762413794515
-1.312443763390751
-1.397200993942426
-1.520862492640646
-1.523056324767682
-1.485876072671722
-1.469076759467002
-1.525092219495997
-1.528223258076337
-1.475144436275212
-1.483958566367047
-1.405296165383821
-1.359188138203269
-1.340449970812035
-1.252935133005469
-1.131219097805329
-0.995587091920963
-0.857085528801851
-0.808283110329343
-0.746240557493585
-0.724348439121985
-0.773213216350056
-0.833214062000359
-0.860301443096409
-0.835907342649607
-0.816344186076188
-0.788949745145766
-0.694516575530434
-0.584448973885628
-0.452794449023203
-0.312269639579853
-0.184720264120999
-0.044042740676298
0.078033339275499
0.117124423946135
0.153260809908957
0.255475601733606
0.373990460210899
0.481208245533858
0.508167523648157
0.570014496441398
0.622776591928412
0.578998662604791
0.588684073430184
0.699189045228082
0.789273317758902
0.846069834130328
0.874048882791458
0.889743288311683
0.930435690836851
0.969898968669348
0.986257311136033
1.075181176967250
1.123268167196573
1.164519311774459
1.223710053108716
1.239772587279552
1.223723229985585
1.234085244995238
1.289421187698017
1.276561156093215
1.226840181193347
1.155228282382464
1.114124423770844
1.080846346921605
0.987581867230846
0.913407342700186
0.871805551037573
0.804065680035516
0.693679187562235
0.566285680573638
0.518450154707254
0.388701849077961
0.226420190025896
0.019641195372424
-0.116777635226777
-0.200002020314975
-0.353258675878705
-0.484990559407344
-0.619655803978414
-0.722645756031788
-0.851229166274537
-0.930075790903581
-0.970461620778805
-1.087940488133171
-1.186000450007295
-1.281426272904791
-1.307991123734222
-1.294519587481561
-1.274602317734429
-1.338384901263321
-1.399463580738178
-1.429783209134768
-1.485908811584285
-1.475827584582090
-1.384363258382160
-1.293251640599940
-1.257007026543630
-1.290184287095157
-1.255697024883000
-1.256031577425536
-1.311631344425378
-1.392878789138385
-1.411207627018804
-1.397067923967441
-1.366725696254651
-1.374830551351368
-1.398034972356377
-1.448410132453698
-1.433108622619822
-1.402459136377374
-1.309914933388749
-1.240222691957698
-1.188776647049905
-1.122425393097235
-1.013399229900300
-0.859993477045047
-0.742869954485763
-0.664877514270500
-0.621183886106721
-0.666604049574760
-0.740124313657321
-0.785720404892756
-0.789880869790614
-0.790000083592878
-0.780924658670721
-0.793233675088719
-0.761260132410518
-0.647932211785889
-0.521551194612262
-0.327897723080506
-0.174143580881303
-0.030152046821236
0.057654400459358
0.107349766764566
0.143182813384356
0.189702500243994
0.308346144151548
0.424228486636593
0.484533890452641
0.564248084707761
0.556256530105281
0.531156845663866
0.557938581372359
0.658370180100407
0.729770225567190
0.764851969866038
0.789531158468767
0.817362289903636
0.864052067283789
0.916075707076667
0.953855681919793
0.986686225792111
1.064690351693840
1.110930481069329
1.190004632153426
1.217419666086093
1.233004702379825
1.204042158706699
1.207365149753216
1.204402201469528
1.138563741685788
1.093854070818152
1.085414474119624
1.050803186553868
0.985788863026461
0.899755377144381
0.823016754382684
0.774475751867629
0.699200238181891
0.557856131408534
0.438183926184897
0.320636042257653
0.169342928634967
-0.002383876958017
-0.122580637298896
-0.235079604334143
-0.368254440020712
-0.517816393175680
-0.654929664674477
-0.784152985657756
-0.851716381176923
-0.884419954144387
-0.920580956432049
-1.042534557664092
-1.193608418079627
-1.264113616188196
-1.254724286549540
-1.276685934771232
-1.287698864317490
-1.354835069374045
-1.420776696601163
-1.481088227575321
-1.522911113874827
-1.499621366835153
-1.435625693625661
-1.383108913420143
-1.302725770338535
-1.328066116997811
-1.323215500811610
-1.286772589868412
-1.304146415506090
-1.329292555551391
-1.323512462380974
-1.330455523354435
-1.311599666353854
-1.328352133481448
-1.306723810036700
-1.324090723111382
-1.345288158673038
-1.340791227014483
-1.252939037714552
-1.140683021479234
-1.065170873065547
-0.998885936254546
-0.876469325659144
-0.742140059545113
-0.659253252046513
-0.608471761407851
-0.595025997187507
-0.647642682278020
-0.685041175886544
-0.729203029678849
-0.723462109560442
-0.700037613543804
-0.725218793609829
-0.721962968319626
-0.721417706785049
-0.635300070701342
-0.518508662809711
-0.380781512377571
-0.230642797524533
-0.101579600138809
-0.015343345634547
0.035728391164564
0.140505725956214
0.168232187544417
0.257017704890052
0.370115060538295
0.451533137838174
0.492580793245632
0.507016246713702
0.476154217997865
0.512396747810569
0.575304902470168
0.625221476934439
0.715763172748717
0.749846439345833
0.782966705571255
0.831676798982072
0.900860575805750
0.916025283064898
0.911443836507785
0.961324607631952
1.044092463544829
1.099227351072050
1.186197521785576
1.242159660234575
1.193314249150047
1.145593150649072
1.141319288490206
1.101084511957872
1.054890347430892
1.025440902111740
1.042369898702083
1.026228933022177
0.930434297773936
0.843733452818324
0.754462410784567
0.689307764057350
0.536531228181284
0.379063039019895
0.256066537648818
0.117432655767936
-0.023606282409302
-0.155754667627617
-0.236873223522765
-0.361969167383619
-0.533031179604926
-0.689859585562407
-0.842784971194029
-0.879758623130730
-0.887244985969257
-0.932390991244366
-1.041673746786862
-1.150368038294713
-1.195448567832761
-1.232950821487281
-1.271617596283632
-1.322417455882178
-1.375670640136992
-1.470321368329778
-1.550532493262491
-1.599032567009747
-1.569019251506902
-1.497220173268395
-1.455736643219369
-1.338530247979492
-1.320472324307150
-1.306885868981365
-1.297821075616092
-1.290316630846199
-1.261223369285970
-1.290522145071307
-1.295841550378437
-1.285853492636557
-1.259846922494261
-1.251175020713410
-1.303970827927724
-1.327964167019731
-1.259499284011611
-1.138922850317704
-1.035600970089648
-0.936750577884931
-0.857489476260997
-0.765347777258804
-0.674422660831860
-0.600533636450402
-0.560332070161984
-0.556664430820705
-0.575066137549474
-0.600345071643676
-0.637819067465918
-0.652614549706292
-0.679350562482896
-0.717108528888475
-0.672740210782399
-0.629490605878811
-0.589764233590627
-0.466165721912923
-0.341118878637671
-0.288527963745245
-0.176799926640120
-0.103350262555756
-0.070821875937641
0.011655145652338
0.089741776435750
0.185343456627744
0.310102768151789
0.411348738370427
0.453524839190430
0.508281381929179
0.514662162779277
0.518028908843147
0.535153452165463
0.563555903816563
0.692352541402903
0.784918316842597
0.824691893019613
0.883382959272927
0.936077208690378
0.937822984065992
0.905046241129281
0.911703487908238
0.951002226937810
1.039522129583902
1.132445752213071
1.168470034257113
1.146529237014811
1.071801608148326
1.078574919055907
1.099833575543744
1.083207292411337
1.047303604398264
1.066650964936789
1.043762958329822
0.975520815950022
0.855581001417816
0.763699638291787
0.656119876173128
0.520369293307169
0.383941469403788
0.271488881007008
0.064338006552360
-0.077261918416209
-0.140741200762105
-0.221886216116979
-0.375105890037714
-0.525131974513905
-0.682571560120547
-0.803473780449843
-0.875101889964132
-0.933013435783155
-0.962184733536996
-1.027982385831588
-1.111287923525692
-1.169981750069061
-1.256049597598367
-1.308775224538897
-1.356343024100473
-1.422581897031334
-1.544315515732427
-1.629826382356777
-1.629827867793699
-1.615259863828994
-1.597348016854425
-1.512053254162189
-1.364384483039118
-1.293712276513339
-1.265324657988938
-1.273900548698004
-1.234581745489531
-1.208185312789942
-1.257784613663911
-1.232846120304767
-1.223183895141115
-1.215282519138790
-1.234300946083645
-1.242871508132741
-1.244693245276027
-1.149328537036002
-1.046167066999411
-0.920438398974750
-0.810199110324144
-0.724255430311670
-0.705294812482056
-0.667138205063166
-0.542995043801931
-0.447895544901034
-0.442565308959557
-0.487039819062863
-0.497571899484219
-0.501190927504872
-0.540194646711878
-0.629084271316221
-0.658749397512807
-0.645273441223935
-0.554279984929377
-0.455466511191862
-0.367449251151211
-0.285578136762724
-0.283116944299331
-0.224625596955494
-0.162525377906114
-0.109564657112442
-0.063395024558396
-0.010354894744841
0.112613714222843
0.246556846997081
0.356591611844162
0.444742974652541
0.505891626189310
0.541813337562001
0.548918278609544
0.547597206368753
0.594419561486385
0.721889213366137
0.775644779843142
0.819397333468702
0.919301104865529
0.952284137075819
0.923241165789549
0.911522815476354
0.916818341646911
0.935627816126702
1.029149672655886
1.102773036535869
1.113040198209683
1.053268020018091
1.005324931094213
1.043126554208604
1.097554600293456
1.058160773516474
1.072164879445960
1.118312947479853
1.085746822352892
1.011685134066344
0.875569278468647
0.768087414037058
0.677360240144054
0.568822765570106
0.432249955412297
0.294456895865988
0.095691893699654
-0.058505585944617
-0.130312523918100
-0.222032399495544
-0.358363930378769
-0.506905286737093
-0.618743430429223
-0.718234478490464
-0.808999637486924
-0.912324399078333
-0.962972495566761
-1.006346764093911
-1.109371084005320
-1.202515407669042
-1.264982740512225
-1.325524914561606
-1.391459535207481
-1.482160437252590
-1.591254200890416
-1.676785644588149
-1.666732301325929
-1.631131988444684
-1.603727147651855
-1.484062298459564
-1.334195401472269
-1.285033955496535
-1.251920560776565
-1.251068707327750
-1.197782914975725
-1.217019957009136
-1.224919496815895
-1.136729057204446
-1.131426695860618
-1.121219443324326
-1.145669744149862
-1.143651048210766
-1.081791745215263
-0.998994279743388
-0.932592264593546
-0.796614046133782
-0.686014195046715
-0.596887082396359
-0.604873335340343
-0.564251974038780
-0.484609677447486
-0.418487556852779
-0.374936354039210
-0.421784974005185
-0.389294418505249
-0.438991110208134
-0.478941402090463
-0.554760059617197
-0.578204755928696
-0.560567112095452
-0.490208203808607
-0.384039236994491
-0.332674236274492
-0.306016482894488
-0.308380597247827
-0.284187354742113
-0.231503040736527
-0.185033193316599
-0.142380662496051
-0.035452774359757
0.088585080026861
0.155552620191353
0.241889219112474
0.373150004557246
0.422832197278487
0.485598970654238
0.530691703832972
0.549650375417474
0.601703424503891
0.688149934520074
0.750170438165742
0.768287594797118
0.862945491503069
0.910084842642973
0.868453168473639
0.923735495848492
0.915576100141006
0.894043263505884
0.961557008818229
1.007300592623606
1.028784939985749
0.969802066806709
0.981838506451662
1.049814030198734
1.061146432809343
1.066233999640195
1.108022706528243
1.161402975442458
1.129222223440825
1.001763463907357
0.875920544312563
0.784774317841203
0.700631713730270
0.637986688316665
0.508312570942609
0.351513777676482
0.161368921158429
-0.000492714529978
-0.091173205120877
-0.167795098423655
-0.300840178132972
-0.465007414176204
-0.564561103111983
-0.674072532788341
-0.813100762006985
-0.888742203532428
-0.949111264609240
-1.020549240820658
-1.129222337518273
-1.207994498033923
-1.266615057035392
-1.316148018951812
-1.405038655036168
-1.474291482569521
-1.608619775920104
-1.714374841201180
-1.698652072181286
-1.620390936763163
-1.593250817942993
-1.518763915786955
-1.380224988706028
-1.312968975044597
-1.267051150647529
-1.234676715132994
-1.215833134830164
-1.183660897310817
-1.160677895073410
-1.107784028528589
-1.075291574898866
-1.083387111931076
-1.098187553455198
-1.040025130838764
-0.979034467508859
-0.918388032967609
-0.837971856189494
-0.702821698478627
-0.580506586536057
-0.519096454040079
-0.492760279060954
-0.461486837545676
-0.388695201026614
-0.378447577175564
-0.365659097457511
-0.353492074250472
-0.359024598400709
-0.423213198115394
-0.450579812314685
-0.455021784919095
-0.514929409924595
-0.496860396323493
-0.428481062697854
-0.358821012607256
-0.322544863663672
-0.305644093636006
-0.310985904088313
-0.289753088595601
-0.250686180166869
-0.199245342316233
-0.169735222967726
-0.124739500854335
0.015556941668027
0.079622456214164
0.154293879028973
0.225115765934032
0.289272400216422
0.398593250268402
0.464674712662171
0.528012862944077
0.556273024155334
0.583950857210512
0.657669043127473
0.725500549386878
0.796965363120971
0.833375395443196
0.813097036044119
0.837070730522277
0.829545063436570
0.846720961787264
0.940027482921233
0.969685834870179
0.974486505879796
0.976154808199332
0.974699514101200
1.021825307549515
1.027408620655350
1.074565152250436
1.098985178101102
1.105076287404674
1.043028589650537
0.939662462501116
0.859801799724663
0.791760182997209
0.732433988394164
0.688522962492576
0.556569361642994
0.407244219082705
0.189042030833189
-0.006247480441673
-0.033644719244722
-0.126979473218023
-0.229888642928030
-0.388100426364696
-0.487232186969895
-0.606031601780681
-0.728183776312255
-0.821301364964814
-0.931115662911783
-1.027149551406253
-1.116337758985957
-1.194438063956325
-1.267119163157357
-1.333675899464907
-1.388522453347773
-1.480855903269729
-1.563742917865852
-1.666919893754226
-1.703204417837745
-1.667813408597645
-1.600284743994961
-1.517899018918895
-1.405413730602973
-1.331336686588287
-1.252395680025662
-1.233841175861023
-1.195506980178238
-1.133134197122979
-1.119795099812023
-1.097342472936975
-1.066564163931041
-1.070911369891477
-1.061922884460586
-0.975809306065497
-0.889701028044506
-0.799778127116279
-0.692078681554239
-0.597304455989131
-0.496532681275283
-0.412362294680727
-0.397969449834878
-0.364150146795565
-0.333631536401401
-0.317949464863458
-0.317790253527562
-0.307527964553119
-0.322816867440761
-0.358180291229062
-0.396802767862903
-0.394554979851541
-0.405707993021390
-0.392378271338730
-0.370462830542608
-0.314352274619441
-0.277418124677611
-0.305547376734664
-0.311619066443900
-0.271738077978289
-0.214692896915370
-0.171855977562884
-0.172776124503902
-0.170043739837408
-0.097783323810741
-0.008166659641590
0.026649117914011
0.090934498055229
0.168554193135714
0.301067596829856
0.413986455546745
0.475031705006709
0.477304072973682
0.511068308900966
0.587753856277928
0.675316259908627
0.770871900209598
0.777172886697411
0.784288758744255
0.774915297160094
0.780660156437200
0.830297690773210
0.903533450433858
0.912494532492708
0.910546137157900
0.948409583869230
0.928680539416743
0.967301079878463
1.014941293280256
1.047358353583313
1.024219957475380
1.015379081186242
0.981002716696366
0.871972931524158
0.783345449742907
0.786534907033885
0.754822118123407
0.637268860397768
0.451997512211299
0.323964871186286
0.153909518096375
0.029409565815180
-0.048086605520033
-0.101893527617794
-0.200437932376200
-0.336371927696019
-0.440772650540790
-0.568541788074016
-0.712971542902331
-0.829159075715459
-0.885659759298771
-0.990759368471228
-1.082917383134411
-1.159346797941972
-1.211852623562136
-1.291540791124061
-1.396348053342777
-1.474873143753589
-1.527933701750351
-1.602859831325485
-1.659171953517470
-1.641167897658915
-1.546173032641259
-1.469011041228953
-1.368258356853975
-1.330169876228087
-1.251558893170837
-1.240160298471573
-1.170338696144736
-1.130171249125415
-1.129400473638703
-1.135380579315549
-1.118890586450840
-1.094305182390979
-1.035440401715105
-0.925592875940299
-0.806812249224988
-0.677519511130847
-0.555635840112881
-0.505122992120261
-0.434160906521605
-0.383499546987168
-0.374294444465679
-0.352343979747649
-0.314109296772218
-0.312047064164261
-0.335376637510821
-0.291107753638669
-0.304233976832514
-0.297497867456174
-0.326100399841347
-0.371931630308796
-0.339581566173173
-0.316949725278082
-0.287588599626537
-0.269055773153133
-0.231513500084133
-0.233847488141582
-0.249414677268171
-0.224286326929239
-0.174725971498672
-0.154964050233965
-0.154870073049481
-0.125503219976505
-0.087809160376131
-0.070924312554589
-0.025168361318201
0.016603002718810
0.087559980154875
0.211071761204195
0.309218679736873
0.375331276677654
0.419227454959893
0.499101331349037
0.579409302775742
0.677128514209148
0.764702773418986
0.803059694148501
0.789891401177866
0.738004966265789
0.701957590479543
0.794257156517980
0.846345984421848
0.867851075662061
0.869784732893514
0.894471291574219
0.905160379900506
0.931915599926723
0.992684266225324
1.035165347301714
0.996725757246765
0.945967505560235
0.927530827850734
0.847697506613151
0.789911378082143
0.759598394868609
0.704505239386175
0.599034895699744
0.411996278501064
0.282067370388764
0.164128034247821
0.035053666891392
-0.010460872422415
-0.068006551878631
-0.194112386022147
-0.306680022243726
-0.435751858328978
-0.570153653049577
-0.705251211226264
-0.775374535319930
-0.844964694941093
-0.919543353261973
-0.955339310225165
-1.002988161339902
-1.105507678687246
-1.238085067506939
-1.384233937567871
-1.496949386517407
-1.528601863630821
-1.587485092115180
-1.604796795272501
-1.564950719741746
-1.515901715131108
-1.451714363729178
-1.370785045010879
-1.288247142245679
-1.242189566911318
-1.233759333597636
-1.205937500098068
-1.219327613906614
-1.182694957867940
-1.167667286134854
-1.172472498795209
-1.100349110571531
-1.003670716655070
-0.874903082226149
-0.776110064492716
-0.601689891795201
-0.464650204464132
-0.413347407799696
-0.372831735239538
-0.358556447066590
-0.348538439549252
-0.329765734696404
-0.275268453563842
-0.267990741220315
-0.333320303390413
-0.322155768609597
-0.307893540140211
-0.308474431435230
-0.299731692546484
-0.306051141193563
-0.327802891600298
-0.297836173312514
-0.253177565256002
-0.210311132088051
-0.213253430255515
-0.147333696577719
-0.151748497467645
-0.153677813243042
-0.142524838024111
-0.139388726253274
-0.120079787279505
-0.104706315335824
-0.105231959423388
-0.089512261857263
-0.053223525374019
-0.001396479978469
0.075275726313851
0.172390114584505
0.281651876105355
0.346999098399437
0.423181046531953
0.526823338182274
0.578870945694016
0.653294437292144
0.712172646992736
0.772672068760668
0.749333974216893
0.715004408544363
0.703379826870419
0.764335634219004
0.801464498909930
0.795712884553651
0.842174858009646
0.910508518014530
0.922076659619458
0.906050370481468
0.960583147468550
1.009956812714212
0.949900913819989
0.907848365003400
0.854824752125058
0.822957409268672
0.744995489484673
0.691248293067409
0.623679138364285
0.559980565926618
0.395353537214468
0.239670666149492
0.150692289464728
0.049887799952675
-0.035381758303089
-0.092808055635183
-0.208382683914217
-0.343505579518611
-0.462041734743725
-0.551472350975924
-0.682817647348911
-0.723156622017188
-0.749302325478741
-0.806630312478248
-0.846097511356222
-0.907585725267574
-1.029233068484072
-1.201616988717408
-1.351309097901561
-1.488357940183848
-1.562910524047633
-1.585241018275164
-1.547107003823750
-1.527739375050726
-1.499335026148600
-1.458679429233810
-1.355863309057082
-1.273798284864573
-1.238557975529271
-1.262546390704860
-1.288347560059934
-1.287300138229457
-1.258544888285574
-1.197140932779229
-1.167885713011412
-1.087640949174301
-0.932317036481153
-0.781815524481113
-0.692683749466428
-0.529372795386071
-0.411390862476293
-0.344346649766371
-0.339139291179966
-0.326019662966023
-0.291835036008638
-0.292649187190738
-0.289744916528785
-0.297605207010767
-0.303904247364160
-0.288186395020232
-0.307319931741959
-0.325425901060420
-0.273190330026982
-0.269278394584384
-0.289720252546330
-0.291878336919333
-0.267815496587988
-0.225592194457125
-0.201204832603806
-0.193161510533869
-0.202140290773102
-0.162552114984996
-0.117737257226495
-0.095555666240688
-0.102689275960531
-0.108022661186619
-0.128647955806104
-0.087998944081577
-0.016416057640273
0.022394624480532
0.099854346911107
0.149191431077061
0.279750008112199
0.398290132366433
0.476688602443312
0.557487658844327
0.602645150606849
0.643117877516569
0.653133622032068
0.670827239781328
0.700670331204452
0.703157311902148
0.710022718243396
0.728326368182183
0.774211825608314
0.766493828455235
0.823838899773754
0.896010443119287
0.946116002741823
0.974031492566895
1.032214746353748
1.007281506338415
0.920499500517404
0.854834293955704
0.813599138567726
0.764473136599778
0.689772612586898
0.587376052073344
0.508660442369622
0.471409206672932
0.337323847707011
0.160677438175782
0.076134511224647
0.016737042687867
-0.080450945273849
-0.156004133647542
-0.259205970585828
-0.333378811339607
-0.459428391554759
-0.564825139920299
-0.623083674421945
-0.650879099926286
-0.679780706836682
-0.702893133413007
-0.775738192026824
-0.897225189385771
-1.035853365426708
-1.181276258177971
-1.341646426776895
-1.477811000858991
-1.531816349873570
-1.543471618587571
-1.528894400894277
-1.499418477896755
-1.472558182081067
-1.410184198898911
-1.301327598297277
-1.266585652818067
-1.281797677706030
-1.278196941244493
-1.310290671183098
-1.328684404887577
-1.267487466763250
-1.194971319092609
-1.146149856501665
-1.033732100094987
-0.847651536867890
-0.706494086607794
-0.576201286038422
-0.502878271651958
-0.407788461280678
-0.281379702820694
-0.290332180840768
-0.269746945435729
-0.236787418840411
-0.245460567893742
-0.291985567356650
-0.303651490969772
-0.289757869432426
-0.271921250601153
-0.278275882133668
-0.240452341102040
-0.218797364740170
-0.240490773514053
-0.274988233757934
-0.260184588546580
-0.275551568426041
-0.259586466813366
-0.267958973744099
-0.275038582384442
-0.235766731481000
-0.210189209883052
-0.146524083927467
-0.091505867838962
-0.092811531263337
-0.075695509531053
-0.077643045212033
-0.050916925538999
0.031270424345753
0.098664433722530
0.167245597602612
0.222812515825184
0.319449942486953
0.455420913874173
0.525613728768945
0.564524137045993
0.658027451174231
0.690143384829379
0.680388347518845
0.674933817868424
0.685533430554752
0.673537685102210
0.697637417416707
0.723205596877138
0.777554364265858
0.792308211137115
0.871448661961231
0.936475684638849
0.991415359097996
0.996823739083586
1.043903415534212
0.980655066231926
0.870391107753903
0.780101757999383
0.741243127765648
0.696814735505956
0.559356895462057
0.419423528040349
0.370351645039094
0.344275955278362
0.249194962157889
0.116711084328517
0.038242372150052
-0.037726289605998
-0.076668987795558
-0.152395925905255
-0.234731393179665
-0.307045965795861
-0.400008439528439
-0.434859537317513
-0.501109886645412
-0.605161096706255
-0.653028958089812
-0.682805950186359
-0.748333054327374
-0.854038907866121
-0.985528297439998
-1.136937028498499
-1.300933553949079
-1.416791087699686
-1.495907067341985
-1.477671584655488
-1.469516999927625
-1.450291729841527
-1.400021481749924
-1.340896383114415
-1.277276807643845
-1.256145457885806
-1.290061717971996
-1.279596552265083
-1.260783782989737
-1.260386401929280
-1.222910446571307
-1.167570864577640
-1.101342987962374
-0.974058191356409
-0.834104325056385
-0.715204783550677
-0.616593708466458
-0.520195790670617
-0.425776804506547
-0.303610763141324
-0.252009454059744
-0.229574785216228
-0.210616044193923
-0.195007322400741
-0.233939267894927
-0.275494613224143
-0.275924034436143
-0.225050718746625
-0.176226982547462
-0.152091339358687
-0.141613400651286
-0.194892778281469
-0.251277925671080
-0.256611735062289
-0.292580549330098
-0.292332874824154
-0.314711562526790
-0.307779106294436
-0.266047945584504
-0.276482626008349
-0.213653372157002
-0.093651917724834
-0.118255610544443
-0.096597697317460
-0.025163834511477
0.022964254246524
0.067612794282307
0.149838564965411
0.230500359036563
0.286707209521861
0.352112024019917
0.443647965160731
0.524104314953348
0.577326516582860
0.671274910444468
0.742769036778100
0.737919134745321
0.698338311334728
0.684436858616341
0.657716357639013
0.682272987437308
0.727097547347611
0.790880042278196
0.829948465906071
0.859381936259111
0.907876946922065
0.987827145276646
1.037214707633096
1.035293645666966
0.918945784213063
0.847184304528876
0.769203332701420
0.669272068512767
0.583092087652460
0.501602091930116
0.376932766317287
0.279798061925107
0.232694492167566
0.166540482141179
0.076222495679753
-0.007034440530658
-0.033820704990655
-0.120543483406047
-0.143614768277785
-0.160873364542229
-0.218316866408120
-0.298986604077959
-0.316403410021556
-0.413659808627526
-0.540786401542236
-0.611049168698632
-0.646441107876595
-0.724909197281798
-0.837440590003274
-0.964274526708908
-1.101563432218637
-1.243853737303337
-1.369100315787595
-1.474943073651313
-1.457716595335183
-1.378467624865600
-1.335193428410109
-1.318947945702451
-1.301246998045304
-1.316882879244071
-1.297542202911004
-1.267797032502914
-1.273212279681815
-1.235946614194650
-1.217877204865925
-1.189362458526483
-1.118483313434123
-1.046977749694046
-0.953342153965255
-0.818067159405439
-0.723776280365703
-0.647729464991700
-0.542827173647583
-0.399425809123869
-0.326368147766390
-0.278136791573258
-0.236135024958666
-0.211531556768682
-0.215709077175033
-0.223382947655473
-0.207904126855848
-0.197193874060520
-0.154218803900495
-0.097650475629156
-0.132281021690071
-0.141107022192193
-0.185542816966043
-0.260196177557259
-0.285233924873205
-0.311798307098790
-0.327228765981496
-0.335799886474844
-0.305717568444169
-0.274139341221032
-0.268169793295364
-0.259924746745969
-0.177143506773971
-0.145277529369912
-0.092289814767796
-0.033275426891280
0.063834952682909
0.140248721249656
0.231461814064783
0.236677851833405
0.268050824506895
0.334993498084729
0.409397479655635
0.537579610032598
0.570707759146820
0.659968874202634
0.713136595398723
0.749371687026168
0.702129520266539
0.645826700912478
0.642083336605330
0.655173411885049
0.682257512028066
0.733094182610934
0.774046061156807
0.821187651964222
0.871602398801374
0.972710378498251
0.977285509482686
0.943002520935115
0.882681479351630
0.821673645890670
0.766355875080960
0.648256902332199
0.545337712846839
0.457712365969725
0.379653558307855
0.293389874400088
0.218579373006658
0.144944351173283
0.074706150101384
0.022473358940510
-0.064926339698694
-0.146276464419161
-0.191485684952512
-0.207800602029081
-0.195366313518099
-0.264888479352492
-0.291625107128860
-0.337810587591437
-0.448014326323628
-0.521819626201821
-0.597350948965991
-0.688192022877328
-0.799086895148732
-0.933184048859914
-1.053521106664635
-1.200889911313861
-1.330873573487262
-1.446377574163397
-1.454623270449953
-1.369358410788548
-1.321103382145481
-1.257987194859961
-1.252764739472124
-1.292603050262907
-1.306698426324512
-1.290815896147417
-1.247883772638031
-1.209881537792050
-1.177685640499434
-1.119425395526675
-1.044691787294490
-0.967071311881742
-0.878910647823022
-0.760878806272614
-0.686596777898236
-0.629936145267931
-0.555739402185537
-0.444594439899515
-0.339996145153998
-0.303091035085404
-0.318633715637329
-0.244787130296797
-0.233041790468325
-0.250401925925747
-0.181331315241111
-0.099831011398751
-0.067547187936711
-0.067999459679509
-0.082422108036589
-0.113804824762387
-0.171871811888867
-0.272129523672143
-0.326507045134340
-0.380830127154872
-0.411363017708827
-0.381879558173930
-0.328256526547088
-0.293303710471891
-0.277827177757768
-0.253749139573690
-0.206337188708627
-0.144831637685027
-0.081359991849441
-0.018833334831624
0.077717657519225
0.166891740960138
0.236955621597337
0.270246924622376
0.294578749028633
0.320911286333001
0.423034571086810
0.466172069820370
0.521583947808163
0.581048706448708
0.643790529482064
0.709459825584290
0.722224689175227
0.698830485111528
0.658086534284573
0.635800298694803
0.649423875531672
0.661322952737360
0.731324802976902
0.787026834634983
0.863362508046879
0.898802368652947
0.889259427972990
0.864658512240814
0.854613354189141
0.821117679896626
0.713890173430953
0.644761022561314
0.581983184416532
0.491008633321349
0.408912335186246
0.327479063821123
0.302818219455216
0.207772713425991
0.071549408126762
-0.011679399585801
-0.101914719605216
-0.129421023635307
-0.148585333805221
-0.187615737887667
-0.178226590385120
-0.216989144273852
-0.274771026523376
-0.301773182199997
-0.381739673694657
-0.486666737987354
-0.573254191481545
-0.654296679538555
-0.763410394133312
-0.879252224700450
-0.954195842821873
-1.128401476004384
-1.294079796566920
-1.370513016242473
-1.349116838932558
-1.348708339985911
-1.279688916028166
-1.205760964820886
-1.226563048140840
-1.222252710664133
-1.240102346832506
-1.261447416028721
-1.235376418311365
-1.198690338344662
-1.163705807233748
-1.082954513110576
-0.977188424430863
-0.896218849122457
-0.808986684749617
-0.726477962849820
-0.642054117203419
-0.598442993144294
-0.476129050147114
-0.426023266633627
-0.333732116159438
-0.284277211060846
-0.332334023525854
-0.312094551766837
-0.288938902706580
-0.272050693938178
-0.163009867203251
-0.066394788472559
-0.030382811743583
-0.045952458179788
-0.052700790244281
-0.115448306844004
-0.184953525174012
-0.303289158001624
-0.374905635642005
-0.432403831317359
-0.476221935047346
-0.431204185024375
-0.356003505597680
-0.304595772033971
-0.287514219285628
-0.197424205555036
-0.151711387531802
-0.106469169122895
-0.049030932369397
0.011086641245233
0.076970794468567
0.126932814333413
0.210850011897054
0.250451755420433
0.282518866526807
0.306071855947450
0.369793051382909
0.431167478403493
0.495483139857686
0.477985173755666
0.543369905683670
0.601013951477971
0.628321361778164
0.659154141132020
0.678065699906885
0.657746816209058
0.649221114872454
0.639216843414690
0.665800920399060
0.723080756561374
0.750729003246944
0.805253031058012
0.805949936472246
0.829985805711997
0.817806742363771
0.766248453525608
0.660199600025803
0.604590211080479
0.562745954774744
0.468493339783206
0.416057186227941
0.366125878957673
0.340479247026386
0.240401463851613
0.089605803257970
0.025902788527006
-0.065310141236177
-0.063599597803465
-0.096956115443468
-0.149169416402896
-0.149163232467572
-0.166386186956939
-0.185751388799026
-0.233856920556370
-0.315410237300688
-0.402925679091425
-0.501992173278810
-0.595296703211459
-0.733792014188346
-0.859348003804252
-0.984412168918555
-1.121351143459773
-1.261652336999892
-1.284149588708660
-1.280258526914740
-1.296442881218228
-1.238027106170373
-1.202993420643095
-1.174831681246300
-1.171189148259578
-1.163022442987689
-1.217430464167545
-1.233879979933275
-1.216436888585739
-1.201129892461025
-1.116615627185251
-0.979103048974087
-0.877515113057537
-0.808962534698020
-0.701613969721041
-0.598922299706639
-0.560014575752560
-0.470880114690839
-0.433786186577052
-0.370316304388576
-0.317513876338325
-0.330232394900120
-0.316834834559267
-0.324622930892026
-0.216530383755368
-0.127648676294835
-0.056300085881596
-0.006292654325956
-0.009922483750486
-0.058315043821065
-0.171123746800262
-0.245232828989458
-0.346222814907696
-0.440776542726977
-0.518132113453613
-0.544292400695101
-0.536798636905634
-0.453636953597845
-0.368657501638091
-0.316555518597455
-0.204699288474092
-0.166609628034767
-0.070949591167010
-0.005317298468955
0.019421152907650
0.055126564853483
0.100156804787389
0.148553591188489
0.215856109457213
0.254318595466526
0.260229669451662
0.288934745685863
0.399938126502370
0.467398064657037
0.466522829406309
0.497818212318201
0.519758734335674
0.533683674165797
0.579694664097499
0.650379812802630
0.690750257108818
0.670967792760284
0.639397262807255
0.658089908264575
0.659273585983933
0.690987370356163
0.738822877861346
0.775548484053756
0.788562032573842
0.761282582594633
0.686302575200620
0.616257670024078
0.569948135856404
0.499945268755612
0.459636258923788
0.430716044523381
0.382256779840686
0.336429072673786
0.255234539828216
0.145025387915508
0.077830598160772
-0.001324701248391
-0.017535901660977
-0.067927562592870
-0.111743132399267
-0.095871306094928
-0.097801593553712
-0.139385587822480
-0.204817374681138
-0.313988387865021
-0.375008848966364
-0.452850103594164
-0.538207719421287
-0.680210388107950
-0.829253891625393
-0.996642257703527
-1.140607397281164
-1.200267040900823
-1.215689449185293
-1.242689689806773
-1.276989300172297
-1.263998742192752
-1.216182498757278
-1.195812259463137
-1.112555052607174
-1.077830818976223
-1.142711510694301
-1.195890496712319
-1.215663210952802
-1.189376199580630
-1.132645591320659
-0.991593090377708
-0.916087690941678
-0.831500734755976
-0.710482481450195
-0.608562887792147
-0.580708499899813
-0.498934857430877
-0.396734989134745
-0.373299854023082
-0.320221540477705
-0.316822790030583
-0.307676436547599
-0.280334359084113
-0.176416499805405
-0.093091554351827
-0.027892237200751
0.020590554402035
0.023729066643525
-0.029022050230477
-0.138447108445652
-0.224111072055543
-0.343453478721981
-0.462020535728649
-0.547091172036798
-0.557952464786173
-0.575077421130291
-0.517160135638907
-0.462555535736008
-0.359431756860469
-0.223813115036196
-0.159551226789614
-0.107128699816292
-0.032874099077373
-0.000709992569405
0.059682244154187
0.072482460862852
0.115152256199970
0.181760533279887
0.238119071182018
0.225105894057615
0.246667962565488
0.341044751052218
0.386125988886891
0.440936564412714
0.447072618360121
0.468405315526323
0.459274458292220
0.555479247821078
0.578967997155643
0.630718891111798
0.658563402179360
0.633003588036169
0.664712082646558
0.659880377164289
0.677195832039855
0.753819560301626
0.784498311829410
0.739790120622597
0.692541706822335
0.641100700182874
0.614725452475268
0.561754664394932
0.475140950911673
0.455142957569256
0.473799990365807
0.435793397339317
0.367266790720979
0.269514408012148
0.176500857593005
0.104585936281416
0.049218393903515
0.046993663583774
-0.009835226685565
-0.032210471507211
-0.052678408993918
-0.100362735251859
-0.151354830136440
-0.223513549532077
-0.334223369394574
-0.397540040923574
-0.473198114002312
-0.539510302864646
-0.698162835098107
-0.839215526275082
-0.931567593584828
-1.081557973391605
-1.125147016147602
-1.147312704505686
-1.184934561796629
-1.238997659703443
-1.258067747983112
-1.235060373096968
-1.196283400885809
-1.095151071622662
-1.045745529976718
-1.065515396115174
-1.127120410589315
-1.154784559860419
-1.152440844819381
-1.115142788280549
-1.027287977079656
-0.917782736970508
-0.844830355159405
-0.718314408637828
-0.619884992748137
-0.586599303230638
-0.478669291324296
-0.383262766452628
-0.366045324397010
-0.294011187758053
-0.248586171510516
-0.252908278160010
-0.195236086239779
-0.127343994336406
-0.107718525635431
-0.062663062255440
-0.034009421359797
-0.011904071655158
-0.037291168663073
-0.133586471459666
-0.236099402981900
-0.314550361365656
-0.445181580169186
-0.507971062773656
-0.529409377156053
-0.549647488773272
-0.515809298668440
-0.486068617891927
-0.387050029150459
-0.300603477964826
-0.243468437603966
-0.158940386793577
-0.048272419707267
-0.006692072695343
0.031783516810018
0.067997344176355
0.119522138353805
0.160658652655118
0.209701002533935
0.221112435679221
0.274489763187311
0.324947431243889
0.368487160297123
0.387026624504315
0.401405517739608
0.450257259120813
0.494241387816329
0.557481231004427
0.581569872921179
0.609610931159940
0.653616731192705
0.680247421516869
0.705094327459412
0.700810007485896
0.686443617564640
0.734779715103134
0.777088766222224
0.731027626781398
0.666479515618716
0.624829127271274
0.617230109989352
0.569798082712866
0.510283056318107
0.462529213555378
0.459543132260806
0.402083872439408
0.333319445999609
0.265329327983874
0.183235993605143
0.147467009247346
0.084873180359713
0.064409921808239
0.015534855873905
-0.039309464414036
-0.063093674040319
-0.110583655025483
-0.192341066849035
-0.248685771767103
-0.340638025515583
-0.441099240231695
-0.500400359802759
-0.602368976809794
-0.743411511960513
-0.830763224070706
-0.913508384296890
-0.970455251422475
-1.036921210594732
-1.055151244736149
-1.115873371854228
-1.225881167927015
-1.207058204410490
-1.216760830897142
-1.185213896304280
-1.068266212902064
-1.004163269123326
-1.014756780822057
-1.097012419287211
-1.128252143381911
-1.155550900569402
-1.112954523889747
-1.023577489693745
-0.898446381395603
-0.795899608800666
-0.689376030816048
-0.588850823731208
-0.517734862565625
-0.437303179635890
-0.376216562936439
-0.332364805603035
-0.276060330390600
-0.250916448522284
-0.261329020252379
-0.229357943237016
-0.184686629902105
-0.155580427106067
-0.107893640231450
-0.094030549792856
-0.088236466550585
-0.100394097895116
-0.207612598613160
-0.270521383733902
-0.342061080995054
-0.419903663074066
-0.441620894412512
-0.468745755525196
-0.498031760350362
-0.490212919465462
-0.461513065678959
-0.368113962818785
-0.296335253005971
-0.278403160046332
-0.215138146817214
-0.138090281174854
-0.070168792309140
-0.007643315352968
0.035371518693020
0.106018414606696
0.159636499704671
0.171552788038015
0.210792273087863
0.301484188142769
0.350076988172146
0.363700059362902
0.330560305981693
0.380685550526018
0.481368153902062
0.533547249587735
0.576534716136449
0.580396799905346
0.627985632774055
0.670627468465767
0.701632122387358
0.703661491055260
0.686159318217513
0.687750499326581
0.724032149039575
0.750750716799802
0.738765459765602
0.715448396429887
0.625736299076097
0.590159317736123
0.598536464951610
0.561478369792796
0.472273515000960
0.407437732990239
0.356609977446104
0.295669256216452
0.219711474970417
0.195057440055222
0.161296340849917
0.083722619502652
0.073631874378674
0.029308235984491
-0.050589995652792
-0.098039542531718
-0.153855242913643
-0.222977388874668
-0.305636934218939
-0.402538134698010
-0.441999504278640
-0.518338671159000
-0.617857443488721
-0.717231321192218
-0.823245844368722
-0.931011304537749
-0.960483601923432
-0.949057009770099
-0.955642397922074
-1.016341837648035
-1.103884973333735
-1.143379559876531
-1.120644827369049
-1.104196080881464
-1.043721847221035
-0.964988534377113
-0.983551384169675
-1.067137113787758
-1.100614552052549
-1.119163365193541
-1.096037279513508
-1.062545139995200
-0.915719201301305
-0.797338885558195
-0.652204713734543
-0.518334635394496
-0.430742177119223
-0.341883446131816
-0.298914370750266
-0.213611998247976
-0.214597914608441
-0.234542363585251
-0.266308613332593
-0.241091758252463
-0.202294235565549
-0.141664867849051
-0.142220574938913
-0.118047005721708
-0.138710818755813
-0.189241295789197
-0.233852849305721
-0.293007322142515
-0.327008384746736
-0.343990816547351
-0.382730328058382
-0.418756624260240
-0.454105330085082
-0.473097092111491
-0.459293852865918
-0.385775648706922
-0.288725785244690
-0.251815385287843
-0.261229795918738
-0.222458725625174
-0.124914226989337
-0.073135418071505
-0.037772532948044
0.017043433577489
0.062533931325781
0.165352971074599
0.256767127351995
0.291619042115328
0.326321358861471
0.333811049895351
0.361877160201861
0.449178299394430
0.496684310770488
0.542971071205979
0.573029144600347
0.559936720424687
0.622032301316553
0.675050841022759
0.691189642862571
0.686661141357285
0.688458257175598
0.679777452763496
0.703757540472363
0.735174384991649
0.740498455741977
0.719299776449651
0.686509593373366
0.652198755705325
0.625836730471383
0.574992817641287
0.472866942955352
0.359057370340177
0.307521898397729
0.259984289616859
0.236565124371415
0.239282610220095
0.181687386974620
0.118577689466741
0.039266941603710
-0.020698314583543
-0.079690429057862
-0.132254733181641
-0.201894391613310
-0.287826546624721
-0.377427541894097
-0.418525906848550
-0.411436919474716
-0.447777740228238
-0.539061100273674
-0.656742363474761
-0.780800945074500
-0.883487856351972
-0.901080866876446
-0.880881917405217
-0.877349933667881
-0.901116290855416
-0.974095539052401
-1.026278121664221
-1.021720177452027
-1.037875494147268
-1.044824854719207
-1.076559478717429
-1.036379554207386
-1.012133454809591
-1.030734613905143
-1.058580427771761
-1.065064078609500
-1.046390517818129
-0.902142387912640
-0.753702316534716
-0.581819473631211
-0.477055301467115
-0.382296916900850
-0.282917327626264
-0.206958849267044
-0.172519749075862
-0.204289980509566
-0.222641157469516
-0.255820705904540
-0.246090105543352
-0.187290420110282
-0.125596488426999
-0.143358450923235
-0.141780677347256
-0.162919359093043
-0.217629941573307
-0.243245183332232
-0.262983619432875
-0.278798287519443
-0.299525923158539
-0.349186360996122
-0.417822383185284
-0.473811847365543
-0.467327616141712
-0.459995134041665
-0.407659446345603
-0.304342497232333
-0.242791140764928
-0.253459524374037
-0.231684324339286
-0.184951066690314
-0.144698218619856
-0.096595990809538
-0.048654591691663
0.011623558031527
0.102974708238354
0.182701341829085
0.254823459829524
0.333025751450610
0.353052039793616
0.389650259384377
0.452696733759865
0.439134043359408
0.507530285579221
0.578047434859941
0.572352719969264
0.628592512708220
0.694074867792199
0.703752585921835
0.703176928418147
0.718519797946221
0.771870925662187
0.815485270570991
0.829860951778375
0.820512106774826
0.758448676327677
0.754610137432668
0.748055904591730
0.644674898916977
0.573462398610997
0.487818866094550
0.374859600248490
0.303183558508540
0.276579558714319
0.239638198199646
0.231673809267417
0.148647292046285
0.095923543130207
-0.013803767900263
-0.097943777814098
-0.115918906408478
-0.191261575246274
-0.246383258383090
-0.333945241468086
-0.422416004110734
-0.379606432850590
-0.362656274065651
-0.404399078011078
-0.478223156566884
-0.587330313851575
-0.706577375682597
-0.815634018146039
-0.803198843871353
-0.790530818241218
-0.801923593544713
-0.820016708474443
-0.852851406894624
-0.910163915890329
-0.986393530429824
-1.005706992694093
-1.074255058403982
-1.091855471553885
-1.055750904798715
-0.980390929605541
-0.985404385524518
-1.033665409526553
-0.970889002850491
-0.902487555667696
-0.796347929075896
-0.665638775859818
-0.516102079983407
-0.406233756709690
-0.304141363577084
-0.214747039613942
-0.162812688441157
-0.166968206328420
-0.196081389896239
-0.210048192120537
-0.212725192139917
-0.196845362068399
-0.154596784125545
-0.142497526886358
-0.191679283040689
-0.199655986199723
-0.213117604692766
-0.236200771524829
-0.254831452739114
-0.235776597705418
-0.296678235441107
-0.368557439859474
-0.405699398814732
-0.460786724466930
-0.496665816432523
-0.504333316698780
-0.428711648118215
-0.404794034775945
-0.351336088684056
-0.292986413944764
-0.280480729480504
-0.265597241156010
-0.222934125035449
-0.198584633503721
-0.174506658263929
-0.106212596101230
-0.019941792613835
0.087433440216253
0.167553958715915
0.239172286751096
0.260657665812147
0.275569145980925
0.323576558198215
0.360499342572655
0.390484244909930
0.439445298795566
0.543715029080877
0.601433689935784
0.687698351758492
0.748603516784723
0.776509106811876
0.767047911564901
0.795530766756712
0.887993891727204
0.964793703670824
0.950129878163366
0.903922001436396
0.818405812459827
0.771721372500989
0.770470140582348
0.673523010140227
0.563186992459875
0.504846792844898
0.398418482891523
0.313772940008752
0.244166546955169
0.226371934863709
0.208416937961672
0.122514196673006
0.047893881804369
-0.025940821045053
-0.138505964856732
-0.207975994009548
-0.274464666598579
-0.337748228844610
-0.400563956248634
-0.452433154175357
-0.408739292482807
-0.372715418726827
-0.405408173159609
-0.455723736291250
-0.518427181678708
-0.647758267350840
-0.759918124629024
-0.751902138025989
-0.744813797408534
-0.756993754353443
-0.780818302400005
-0.788605503556294
-0.837802018353275
-0.915843982410532
-0.968089177463725
-1.037824830705244
-1.032240477890065
-0.996436270080501
-0.949158736060797
-0.918020790201026
-0.944884663104448
-0.898033169372169
-0.819887457926970
-0.731132671547857
-0.613040229873032
-0.464990251311040
-0.337404117085411
-0.261121887313092
-0.170063168879574
-0.134772018931399
-0.170721697219755
-0.213387681723911
-0.198975446817000
-0.165500236706346
-0.177686641750007
-0.185554624234141
-0.203831727707664
-0.249158847825832
-0.261373806590637
-0.283863829855685
-0.276911330355013
-0.274979891015450
-0.284926673906514
-0.338275510362026
-0.415726067183298
-0.436688223667174
-0.485610352065151
-0.497497791491408
-0.509819120688672
-0.396579544145274
-0.340485606234970
-0.326456633930612
-0.336233395789402
-0.335863984984753
-0.299174285645829
-0.235859540396185
-0.195182651564239
-0.171079738654819
-0.107449067451399
-0.011995386576017
0.088753828579905
0.162394599442917
0.203132380928087
0.237592046018454
0.239465042605315
0.228060683521265
0.298498677891002
0.319584554369017
0.362562950674227
0.472303552848948
0.598058334531118
0.688109710816309
0.727352049141948
0.779933712811919
0.816183755488868
0.861605428195267
0.996846143056987
1.084115359824378
1.090860455696853
1.036626750796443
0.961028247905355
0.923932775640803
0.864278840886127
0.745745583893359
0.644310008370593
0.563491393866786
0.460326379751064
0.383391303433669
0.302842927319021
0.231329646581283
0.153060910221770
0.077857186741337
0.015868468511162
-0.098142775409113
-0.207685311585864
-0.327265493105343
-0.379683120128007
-0.423857989159714
-0.477543087987467
-0.446117427271829
-0.471970944367980
-0.430740489737471
-0.419575113091066
-0.457112914705447
-0.464713838031289
-0.574894890964188
-0.682001654526755
-0.726440363568097
-0.756172922869827
-0.761857713485127
-0.780991009974435
-0.799398353484732
-0.832137433551284
-0.909228151942065
-0.950013280959583
-0.961544399476109
-0.977586403049818
-0.967063985295164
-0.891008753869643
-0.845733331453594
-0.873283745422720
-0.817537310090001
-0.745239362343403
-0.653957692297135
-0.523134550965020
-0.367637609990804
-0.248464264069697
-0.170778145530827
-0.075241901177353
-0.072916561884460
-0.111299104198764
-0.129508798511649
-0.156889718033251
-0.179149009035477
-0.180227666887301
-0.229020445314421
-0.282875191882235
-0.301114806517542
-0.317762286360100
-0.323290422068582
-0.353533772676474
-0.330039497482203
-0.318331803081246
-0.370533696381174
-0.408256596974623
-0.437303499800957
-0.462031208111331
-0.440392617151442
-0.436800566378193
-0.380318113906091
-0.329595331188873
-0.296920204998439
-0.302991424375313
-0.293273410826612
-0.267966887888417
-0.238793367668876
-0.174977988184081
-0.142046388946098
-0.117009930989641
-0.003448621207494
0.134982686924836
0.203917245662753
0.214701737742798
0.249222156237120
0.216769283653181
0.188556284664630
0.224747004253473
0.278290445711638
0.312021692793087
0.450377550463660
0.564165462231962
0.669857696852720
0.722703705421898
0.804004991795140
0.887685266928920
0.957615154559917
1.070203307718566
1.166151128036937
1.167687867979334
1.145155755504901
1.052293170355509
1.028166519296869
0.937310134101199
0.813587870846315
0.762662066372716
0.661348654058263
0.535367501557131
0.409134383977457
0.319379386699800
0.245288325159095
0.162190441565887
0.038850587788481
-0.036019934618047
-0.167952537275373
-0.313045414888009
-0.399109580865045
-0.457207913465341
-0.498418994057765
-0.512970225467622
-0.536640409079461
-0.564518669127785
-0.505246517012186
-0.454799808773644
-0.462654373812765
-0.476555096699301
-0.534891813393435
-0.598696703314137
-0.685693101654651
-0.725032027198274
-0.747552473642046
-0.798706214455488
-0.836162817754717
-0.852745622954922
-0.939505901791559
-0.977931520702017
-0.954045236099502
-0.952606205611208
-0.945379259646747
-0.839440949324482
-0.770516972548577
-0.773149679437267
-0.720903810792195
-0.651385461966445
-0.558051747671528
-0.448020424047775
-0.277327705538475
-0.123865342883366
-0.032013575792021
0.001566884303364
-0.008717305505616
0.004509578962793
-0.030344305151815
-0.139409361708389
-0.217540931983664
-0.227578445694694
-0.228317777399260
-0.294730559609049
-0.355974875694215
-0.366009768488289
-0.353771459246152
-0.386911312626136
-0.346995390770065
-0.348343547185732
-0.390396172750819
-0.415433532813414
-0.422175564246150
-0.442029223892663
-0.409714809280275
-0.379375784346650
-0.374767110053599
-0.389812316613127
-0.339747786818349
-0.319781482660710
-0.289303311426901
-0.270773691421034
-0.227986709087359
-0.189157523074067
-0.159255008263297
-0.100532628635753
-0.001666152993610
0.132882622076506
0.199116494588237
0.224165643507216
0.237496563445773
0.191842896738834
0.181709079308378
0.201472332310211
0.201616213566699
0.279595686660411
0.444521665176823
0.582927378157058
0.697803858584895
0.806431473896443
0.877868653837262
0.982466578160340
1.019566954967325
1.144701350175711
1.226247684957847
1.193334311965982
1.161377668229180
1.116755655954810
1.037040411060940
0.944042320198207
0.847836331308996
0.810421267563616
0.718866485757992
0.581434793283064
0.456302946621860
0.379138553093322
0.276129946739767
0.122018452178086
0.027132146686594
-0.064721108385384
-0.258301989309813
-0.381564027660674
-0.446927325269890
-0.496729137453252
-0.552327482403396
-0.606081256446569
-0.617581807304733
-0.561578539269352
-0.540962684774909
-0.499741015307560
-0.479634589869222
-0.516614987276168
-0.529636452216801
-0.593856353511276
-0.666528659908044
-0.759102498791278
-0.783525898863361
-0.791971868098947
-0.851340845497235
-0.869355022601112
-0.938602153081512
-1.004073858717512
-0.997195463141098
-0.947442775905172
-0.911630980978591
-0.792349891264711
-0.771784326693905
-0.734542987810682
-0.637731911383892
-0.577427429345071
-0.502079113716094
-0.413181707042659
-0.258035919341516
-0.094943597619234
0.034898692009546
0.053079783287148
0.046628013622370
0.088119917141236
0.019379028371798
-0.120096487995736
-0.176650727839791
-0.188815715534911
-0.177449091773011
-0.233276070455489
-0.282593147115108
-0.316514449086989
-0.352644597088482
-0.347484633419418
-0.334032510778810
-0.387561068272655
-0.404222486423508
-0.417915603843462
-0.413307267650047
-0.392884629964252
-0.353445119587785
-0.345515335877651
-0.369254504272447
-0.374441146841708
-0.338947352030178
-0.286851306320368
-0.255627874493400
-0.214430295690803
-0.167258553154668
-0.153438946063217
-0.132805676536963
-0.053571179118028
0.029955424339183
0.124985282957020
0.160324263450225
0.213697982602923
0.224467315776736
0.195064045092871
0.191918626598139
0.203406058961637
0.212208455223550
0.309989142006835
0.466538366561823
0.635300737982814
0.750387554299232
0.860435468818088
0.965519480693637
1.045663495634761
1.093898681987560
1.162145180350599
1.233545040036073
1.235038518265285
1.163878744353186
1.120842908056939
1.029596910698823
0.919514403168645
0.826012076747197
0.764587318489323
0.673690821697745
0.591002244343201
0.493893317086470
0.394832665571129
0.291748382071593
0.142888155487926
0.021048946886743
-0.095025682836287
-0.301244358657378
-0.381435180670766
-0.458566206779166
-0.518872062940565
-0.577423993080399
-0.656103943699818
-0.617312624348612
-0.566111471571027
-0.562369400896683
-0.551153334580528
-0.516981175654678
-0.571761247234839
-0.595608685257488
-0.634642387452437
-0.716047664145729
-0.791998736853974
-0.865609665845439
-0.854720334347897
-0.857922411733128
-0.900274576532920
-0.909687039533758
-0.937354924769368
-0.971647935116323
-0.951579680568357
-0.883074209683744
-0.816248264437279
-0.757159516038362
-0.690650415152389
-0.596995841679127
-0.532623959046269
-0.467258856547769
-0.364009852661156
-0.213828279233980
-0.101017452617140
0.005959407668620
0.049794977465522
0.078981014160943
0.119334114462723
0.038914132677016
-0.071263493822119
-0.131685447737806
-0.116777291990523
-0.106599924631581
-0.173683845137227
-0.206467730850957
-0.246160115825536
-0.332180912304192
-0.351744507923913
-0.393583860629346
-0.375460482960291
-0.397190193171129
-0.429348173416386
-0.403304734746341
-0.366707262678550
-0.326157232077198
-0.299288013066588
-0.306232184508236
-0.320217497215259
-0.329315965533854
-0.268849116829429
-0.246343707051277
-0.192623259226354
-0.134329999467868
-0.049032137986926
-0.028370164608263
0.023526492311823
0.095587616077592
0.137124186799872
0.139776141072865
0.192857484015614
0.239203945938281
0.293608661621005
0.271794867099925
0.268112088008881
0.324573992332057
0.408904329254488
0.543555131741655
0.705511747052491
0.782970053730758
0.926995412855040
1.101310308962775
1.146938216682653
1.166691782778610
1.209332409464073
1.253392951294334
1.233796241174904
1.171958548208806
1.139177226314114
1.026901580065187
0.920060366341238
0.815428945687561
0.751206678944072
0.664111590538780
0.605554101693805
0.524414669249464
0.411966523631713
0.310194979007112
0.156282295943337
-0.000016008578698
-0.114572382843739
-0.304689783222808
-0.344196590162404
-0.408793438275171
-0.477215249038470
-0.553538244293326
-0.608653275561938
-0.594606695715506
-0.573084616057854
-0.609291328098787
-0.611869964794407
-0.577003624545478
-0.641194533685489
-0.678288701210301
-0.684129649334903
-0.754503015000051
-0.801087139167686
-0.886035465720370
-0.920772644255905
-0.916520478887979
-0.907499708151779
-0.904843287727239
-0.949500677964610
-0.963416826132696
-0.931261607464855
-0.886279895084560
-0.807069364664159
-0.701771555245100
-0.652218652528787
-0.567132691156517
-0.482557386786567
-0.387723751975538
-0.313421558737328
-0.177553018774030
-0.057455510749435
0.018518171767322
0.077546949820359
0.106670269904794
0.072276027538712
0.048405782503777
-0.001054219580320
-0.033989524988422
-0.060907140361480
-0.077824856112772
-0.142836578938514
-0.204018593055394
-0.263938814806300
-0.359991649740742
-0.378000981625912
-0.373482148617291
-0.397823789702615
-0.419183597135176
-0.439994697343669
-0.389818853313376
-0.360842032991098
-0.334499421045334
-0.312080812800951
-0.284162763304278
-0.264726952245956
-0.288886790320653
-0.298460164330748
-0.259479757285033
-0.195252287433099
-0.112534314969061
0.014126148702444
0.056238839453914
0.099245058540406
0.149233864331936
0.164172857008972
0.164412230368582
0.216400054422588
0.316833081765224
0.390144272872739
0.381448549458776
0.407621035494989
0.440035785858187
0.493500005861199
0.601598343805424
0.735992401442714
0.861802821705192
0.993553899484896
1.172490089600314
1.272156024272757
1.260114796387242
1.268810509937346
1.263907020788099
1.271125913370398
1.200595378887547
1.125005239201822
0.975331886598313
0.889090320415267
0.799739016004464
0.688192464562338
0.659996377972869
0.620638656549853
0.534628807963615
0.428624414942742
0.322624673230492
0.166169208515103
-0.031770048496816
-0.153585508406741
-0.231092179861995
-0.274918956317173
-0.344640823592878
-0.401618241464240
-0.450960538981357
-0.522457722379245
-0.576912933155752
-0.549991783016725
-0.576472653517768
-0.626393628882279
-0.682955735579288
-0.727007603047068
-0.740215013034384
-0.733452679025637
-0.737344363933835
-0.771502831685466
-0.875798934706908
-0.942755002654122
-0.947156421880211
-0.941584586714523
-0.963438840228168
-1.010095421136900
-0.935862585771975
-0.889085109945329
-0.860876874494691
-0.773165354248556
-0.695668122569669
-0.610429702852408
-0.508215515851635
-0.441329596384126
-0.357361599434519
-0.225690800868053
-0.135953975448310
-0.055813919902534
0.002005165325025
0.082514975124404
0.080103336985374
0.015824619480205
0.033333154488412
0.038844122078335
0.023422140956925
-0.040126007725548
-0.123785026498499
-0.188511240229797
-0.246246346079852
-0.306254996476244
-0.346494389699067
-0.383615137813960
-0.383833734611282
-0.386495833176242
-0.410756858520435
-0.424426621969130
-0.400126404181350
-0.386437314131463
-0.384825692613068
-0.363966053161987
-0.305196785659359
-0.245747807147151
-0.286177336194266
-0.290152084127279
-0.256382650288368
-0.153683154678729
-0.018372012421290
0.045713151663486
0.088646225374755
0.149314250826884
0.215098654821090
0.225927784955777
0.269774269740404
0.320376682215307
0.394367989378894
0.493639312113127
0.499075106860663
0.512734235378737
0.516037708814651
0.556852274328955
0.689856737345190
0.832878567294629
0.974217467458314
1.061825260697123
1.182880816054554
1.314565366313099
1.318794366566084
1.306320762289624
1.319517976371950
1.314325910845265
1.251371381466454
1.102025486617743
0.956592962730218
0.905170882531279
0.820032476038827
0.686312701033447
0.667807259139727
0.658775916188836
0.566744533278693
0.479684228096749
0.371290888411463
0.211252373936833
0.000956084564705
-0.127950841785933
-0.103756003502607
-0.172605752449755
-0.259121656345059
-0.315592883151623
-0.368822382705672
-0.468731692991537
-0.520460143364270
-0.532274824686420
-0.555723425992732
-0.619020064367783
-0.697113143822406
-0.743013341805574
-0.747012313440012
-0.722513979044042
-0.688904387797105
-0.732937026124907
-0.848472225600317
-0.923315993872637
-0.960563775489277
-1.005405929746462
-1.024466079051618
-1.002998710250045
-0.969883885061103
-0.895766929138023
-0.822822044075377
-0.757303208180207
-0.671753040517971
-0.611187910712783
-0.528186790517387
-0.427721459697613
-0.380210607747661
-0.251129079422091
-0.151995356424385
-0.054981970674424
0.002845231727329
0.051051180849493
0.033485756917015
0.036912245566765
0.019617305397388
-0.020058573480470
-0.008665625825823
-0.070585862166064
-0.151112987120227
-0.227703318429625
-0.299772412365787
-0.314418669666720
-0.334312747547580
-0.400907778704418
-0.394999992482775
-0.372050051255591
-0.398569487519954
-0.408065658833975
-0.406729292516669
-0.410128418118496
-0.405557094159964
-0.374254827892665
-0.360925066827224
-0.355983873971962
-0.365366835812526
-0.314031155242405
-0.242797624736866
-0.122916966778923
0.002160921931552
0.057359906349284
0.099829764498131
0.195199214618631
0.256476233610365
0.276557199777733
0.318242694199292
0.397151562101330
0.503514242709411
0.569982070032063
0.610149305596556
0.606537702471594
0.638515269479129
0.714648301747068
0.847084642013444
0.944448430320874
1.056789254867986
1.172832761454254
1.275396652833917
1.373686447911340
1.383562668315529
1.330146925161234
1.332789161808633
1.313861241275638
1.238720125094675
1.106694803671246
1.006995841276957
0.940866581298690
0.845010472508017
0.746201515659529
0.706806831877088
0.690467533142430
0.617267177519395
0.523541923392654
0.374646854822309
0.262136276004572
0.122278189731698
0.008514259598042
-0.012737695954696
-0.103024582947362
-0.191578612794440
-0.279148910124478
-0.346988773261294
-0.413916946886359
-0.480062646839059
-0.556547701833845
-0.580312225401261
-0.636300847814628
-0.701056971170212
-0.778939063349924
-0.810941356809802
-0.800984844752136
-0.775666053443263
-0.787053923278223
-0.841027041040069
-0.962855020132165
-1.053772062127649
-1.070134104344649
-1.077839396148392
-1.059337010074795
-1.037509481483166
-0.927061548670548
-0.833760477464495
-0.761883234620171
-0.704670529942433
-0.641576504062648
-0.519408030741294
-0.430793214745696
-0.371859553673097
-0.257373126966009
-0.129237467969694
-0.040542012047305
0.049990413935518
0.089413647005611
0.096188952151687
0.064197174063608
0.011929386224896
-0.057355839907240
-0.082398875305724
-0.135626150382791
-0.200824939772112
-0.296952914090552
-0.373888471749257
-0.371644567978260
-0.366074824132827
-0.407215217843411
-0.397722780764644
-0.403235361995402
-0.440750232947559
-0.481744374191010
-0.443850774138972
-0.407710641746862
-0.382220304568043
-0.347132278610951
-0.356896241250333
-0.363126988170684
-0.352195649259336
-0.300565951601039
-0.220859597904855
-0.097084189391566
0.009637123498324
0.056815726421615
0.124156566104892
0.219002175120023
0.289755533868488
0.350318602173713
0.377150050485272
0.439646753698549
0.554923313730941
0.632192820691359
0.647768445566929
0.700953229522965
0.760953226465432
0.892300481256645
0.986786266723663
1.056705996978379
1.175436627163605
1.296136307660736
1.394756551278898
1.446981849572110
1.428316747960689
1.390415453461221
1.351073947158490
1.318521007343423
1.262496644339268
1.150216902447564
1.063836298559737
0.939814563508917
0.862936270336366
0.821463476734020
0.759551340142323
0.716630383253646
0.640313219524275
0.542026726712929
0.400711059736800
0.319911514850709
0.209734584012317
0.090869918848874
0.007632220563709
-0.076890664304441
-0.184301932313233
-0.271542109831578
-0.351623337006733
-0.423124290418345
-0.539236508963353
-0.651894436029188
-0.674192816495227
-0.686343746547166
-0.725211806171839
-0.805414660858815
-0.850282188228707
-0.888029879867473
-0.877846295422745
-0.840249241150554
-0.928262028657804
-1.035867924297036
-1.122678320759037
-1.133985522126600
-1.129350776647368
-1.105005417236221
-1.062797932332754
-0.993709226218736
-0.902327797272615
-0.814111470432463
-0.744381691595483
-0.664813553843809
-0.539288512083575
-0.461823577957856
-0.366059494059328
-0.248371107217330
-0.062477873087446
0.008267820085895
0.084122327700266
0.138984676026508
0.139566251343768
0.051039276537103
-0.010903597767358
-0.065856013228542
-0.112707085721381
-0.167610192671426
-0.265423785189820
-0.309018527182574
-0.391333401231927
-0.421541016172250
-0.414191335322560
-0.442385662030772
-0.416016040565084
-0.428811635208446
-0.463024058475529
-0.501706287386027
-0.472014704222126
-0.422123749796630
-0.369528735754528
-0.322904542389024
-0.325968919347729
-0.329604251795432
-0.309653684456490
-0.257048558252773
-0.175746857815583
-0.093867153350970
-0.054741177384807
0.037190117366640
0.124641801410958
0.223745295286598
0.270744884727040
0.326762136492940
0.397719296828541
0.461182037121572
0.591318984050267
0.673565962438504
0.739328850127654
0.815388191754598
0.903965014108683
0.993663812086813
1.055230147713029
1.169811705629691
1.297662986962466
1.407126339995675
1.435123695284918
1.425771075853812
1.452870338598260
1.484536117968248
1.442420733692040
1.378375338650586
1.305137113912829
1.169141085682776
1.067470962088941
0.964850126100940
0.909671247238966
0.873047114059280
0.802196658394070
0.718659154357363
0.615978929683214
0.534934004632307
0.399777355011087
0.326242553783998
0.253385864365755
0.132675796849625
-0.022583753164206
-0.129138505235713
-0.208453676873774
-0.295446997997864
-0.422195225044186
-0.522325858654476
-0.615437318270586
-0.722810369325076
-0.749244779155696
-0.756788630091654
-0.778656539816130
-0.843175702157966
-0.864422223549893
-0.909662923128160
-0.935982006316065
-0.952909466289078
-1.019383534193748
-1.087871705128974
-1.149487882656314
-1.127596052198400
-1.094467498702784
-1.128873776526314
-1.083047197511213
-1.006992385136296
-0.973142448251598
-0.855197474443420
-0.777800671883988
-0.706436292830655
-0.582200045309041
-0.497987207991663
-0.389912923444757
-0.238039102915516
-0.069653324070519
0.018138549614181
0.073576365837488
0.111973318366205
0.117726466347452
0.069747006047754
-0.023640339663717
-0.083206660268841
-0.096418382504782
-0.147298450837192
-0.249458306892353
-0.267392409648611
-0.342877130554211
-0.440452888399191
-0.476158278720879
-0.427401458755507
-0.382283613604290
-0.408395852959729
-0.430829744169571
-0.451113825221255
-0.431825815576139
-0.380095981909321
-0.325739853350799
-0.301174378677092
-0.325377950732782
-0.314652175351997
-0.289459138027046
-0.253820615160049
-0.172250157392781
-0.073342439903361
-0.045989639666335
0.057894083703594
0.196916422827399
0.283790798322394
0.351504322167999
0.356093950881048
0.394038493392233
0.504942723842105
0.649894990304833
0.756422100754553
0.814963706197495
0.887717116296012
0.964879139469357
1.042544214350132
1.138507168594560
1.279927308176431
1.368616724388970
1.459183385720463
1.433416660804855
1.422156541054126
1.448260922041329
1.486051653960458
1.465433190017569
1.408711076465981
1.321809861035055
1.178686520582676
1.076565048569242
0.974705539093332
0.930359748117733
0.885829308995937
0.827693688986404
0.707874338173063
0.590798703000073
0.501897347954742
0.354713525628212
0.266050000904872
0.175648814712635
0.059762512039765
-0.077650705674032
-0.165313252895156
-0.237116886516678
-0.332325770959193
-0.469397352821682
-0.571064243579515
-0.648846841900994
-0.730494141091826
-0.797481034256723
-0.805882042417115
-0.845896213651420
-0.878108856804269
-0.880629241794566
-0.949699047569204
-1.045799811571612
-1.091241001658144
-1.112410990533939
-1.173421862682644
-1.181959242474425
-1.129664791019807
-1.084535801968295
-1.127030244922929
-1.089473741135400
-1.014268971603050
-1.023630285183856
-0.933444190792316
-0.808191581863411
-0.720872728465684
-0.642888457003798
-0.543124182529075
-0.422023062568866
-0.293763308691749
-0.121178683355656
0.004150413263389
0.054191773199714
0.095536476790966
0.073221301259965
0.072169779269059
0.024568272523757
-0.054612118000100
-0.096486604403747
-0.151064433195776
-0.226662545576574
-0.261274584233469
-0.313955777404331
-0.390167130191046
-0.440581399931521
-0.413221941963260
-0.364169968500812
-0.362944116782967
-0.336008406880396
-0.374373348904170
-0.391166541820118
-0.387991346175214
-0.336407482529403
-0.323003722880076
-0.279852956220170
-0.234504960103905
-0.206547242078893
-0.175503752068550
-0.128907257133813
-0.054649959700664
0.023199402280694
0.147693033897349
0.288963456652835
0.370113181713565
0.439200634104214
0.489418077147672
0.545431785849438
0.660535714527929
0.744886620810689
0.824896903561170
0.872675094975598
0.919260246219770
0.986234371365673
1.081941723979330
1.258843741038197
1.391206236500832
1.467330848802435
1.492616778862217
1.484243551670358
1.529841541336314
1.514130128104595
1.490533363579265
1.477411802104129
1.419455242989672
1.326987210819333
1.208556227990432
1.058937456986539
0.956979141737878
0.915859020130430
0.858530689342103
0.785409986562773
0.665122121034505
0.537882555799174
0.438745904847823
0.323353038397140
0.189537572990904
0.051439334075651
-0.060200072396641
-0.106283642596527
-0.172627754340270
-0.238099412036786
-0.347822243906475
-0.461299898367814
-0.574930055636010
-0.645077782611704
-0.737723213152165
-0.843690762874399
-0.909798250304027
-0.942252597502063
-0.958203710349818
-0.976045259442681
-1.032782263396766
-1.108063152307139
-1.161793806460774
-1.192726007362699
-1.277507261995857
-1.254644211272142
-1.136750545196460
-1.042830189780579
-1.081505774891402
-1.057953749780836
-1.040550705779729
-1.045078839804801
-0.975123734533083
-0.886992423384761
-0.795167519845717
-0.705004163413779
-0.585066235147888
-0.435330204137503
-0.326270821614386
-0.200752126705893
-0.019170027567395
0.040664680564237
0.069380781275298
0.033765641776124
0.014265986465628
-0.010572528148995
-0.048053231973771
-0.093278234535322
-0.156745883551539
-0.210291313367267
-0.282543725898768
-0.289462062250293
-0.381648485116791
-0.380513222198259
-0.348150763562091
-0.357074716221742
-0.309872143011317
-0.304999138616471
-0.308502330240324
-0.336320560510277
-0.348906007901136
-0.312717158606213
-0.279968464719869
-0.182385474729502
-0.129204860234814
-0.076854357389911
-0.052064810732215
-0.014095274050632
0.065556436434698
0.147296647237663
0.257837426967854
0.381162826832222
0.484298239708823
0.538428818340677
0.636485010545406
0.730260795071098
0.816199764430874
0.840056250218914
0.882349783756490
0.967162660944390
0.991873027826655
1.010399646116917
1.085351974362336
1.242797871343988
1.359751076634533
1.432825926653296
1.508578753307322
1.567583907944891
1.566746033274051
1.583588510361868
1.517629867246969
1.479998627108006
1.435576589425278
1.361754791373444
1.257413858023262
1.093243860365483
0.996992868947256
0.917972162519959
0.797615513536490
0.698159746650757
0.582315214328820
0.519302360688183
0.410650297711037
0.303975152741724
0.162856104027315
-0.018781265587286
-0.108022960493227
-0.119764934035216
-0.193959054124207
-0.273093960172251
-0.360490326086029
-0.437741965712629
-0.535645408525866
-0.615517563928750
-0.688223729684863
-0.823296699041275
-0.971904874363797
-1.066245008526283
-1.108007854334367
-1.117999802582103
-1.136074995844438
-1.170622428545258
-1.216649303561252
-1.255670006151401
-1.289241254827547
-1.271433763351586
-1.177048631669563
-1.081822652323538
-1.073510606255270
-1.040300246421224
-1.013455219695912
-1.013574312837297
-0.940939056976870
-0.875932889384797
-0.808963887600331
-0.722247262220018
-0.598018354867977
-0.474635338177507
-0.369131885920049
-0.263944758317506
-0.101892181152481
0.009020265010839
0.001813824644920
-0.051569741991722
-0.082103689713033
-0.063345688883433
-0.113754049027749
-0.162050261535441
-0.225934421786454
-0.249104321313299
-0.273758322509370
-0.318578158015236
-0.364447501741094
-0.343482893575441
-0.313329447325698
-0.271675999991954
-0.232101784432031
-0.206322475774200
-0.208253826127138
-0.250416721034222
-0.251558019134258
-0.227634904531254
-0.187437978053055
-0.076795234319673
-0.020971461623366
-0.008058255138744
-0.037039436054378
0.046592489026621
0.181991214896928
0.268732474214571
0.373748481227259
0.482559586417077
0.573038067308094
0.683094760716283
0.770016162013901
0.863033112275286
0.938905769024895
0.967634669822566
0.960372208757474
0.990624803175294
1.047530101812246
1.072631928470354
1.138379757483172
1.230954762310726
1.340974957795109
1.456217589213888
1.522567935779332
1.594275022866551
1.583515736639678
1.566436619780859
1.527935871465542
1.453191384737554
1.469702042497872
1.415383231824747
1.310377717109365
1.149969488405686
1.017983508853819
0.897733822487704
0.752190641656894
0.637937365961391
0.547408664489487
0.470857560598073
0.351522906919758
0.289382336790619
0.180067885985290
0.018269286326392
-0.062737720975574
-0.121263567145869
-0.200741942958371
-0.300797442341061
-0.399306571740654
-0.444225417145706
-0.527575819689610
-0.582836593937102
-0.681597868164647
-0.815483422229081
-0.987733599856955
-1.129019022027550
-1.194922505783550
-1.183679683036878
-1.203042427922080
-1.264292991695343
-1.284717747005717
-1.309977861374071
-1.319278098472132
-1.267251679371180
-1.193405847917129
-1.115590955545829
-1.061507622450806
-1.045061432959046
-0.982137368152360
-0.955018591208211
-0.931245926672074
-0.883155583756054
-0.834557865326886
-0.719628148323089
-0.612560930931015
-0.504254387026194
-0.368122626983233
-0.270174963848361
-0.151790551661019
-0.065883810589848
-0.072142572877986
-0.095264644390884
-0.101215585937234
-0.086526677237759
-0.155112112314648
-0.204661179377408
-0.268222901146165
-0.274040472227385
-0.245256180764649
-0.283345832510900
-0.343975821623394
-0.304306169331310
-0.249744627551586
-0.200489982749781
-0.185163277028300
-0.141648881970332
-0.117157298686467
-0.121432681788426
-0.130853968735637
-0.112296310970518
-0.082539434886794
-0.053501009619196
-0.018900428634758
-0.023311813010386
0.007100958852959
0.089958961787282
0.220642313156259
0.347993749032256
0.464266598216512
0.575151834224081
0.676452281193190
0.795899683567091
0.894436323950692
0.953133509735387
1.011618042856186
1.049478226108953
1.018298004037991
1.055768563974888
1.110259585055356
1.154097719734704
1.235341457655818
1.285819366512652
1.406625791227179
1.510683330385235
1.546221708388588
1.580497439073841
1.609299434188008
1.568390641864647
1.544845741297914
1.498235727956992
1.485943581170297
1.461202121505169
1.329226694314076
1.165303143908255
1.044401319825143
0.900061445438969
0.763469118460013
0.613932949628822
0.558157460171742
0.475046464065345
0.371905621121296
0.284222676210966
0.186694323805416
0.110822299005258
-0.009924200398382
-0.072729992926176
-0.198838637329324
-0.266161097628268
-0.376834722385628
-0.455968342257463
-0.547748430838440
-0.656237223489852
-0.763875743501237
-0.901380996368742
-1.082786226295066
-1.186763008629746
-1.231109098166318
-1.256878839029038
-1.283529681934743
-1.329052248032394
-1.353352128206352
-1.352449078769139
-1.340072169558892
-1.268820719296204
-1.192645093083180
-1.106633480797385
-1.039213227690479
-0.979435224693539
-0.974222150667318
-0.960329140908461
-0.942238298856837
-0.932924568258543
-0.866083960159839
-0.763845067243216
-0.640942806337523
-0.500073193719255
-0.395044923836788
-0.313305961659723
-0.216651103144963
-0.161615071332363
-0.148825774708690
-0.131153916188190
-0.080776043461251
-0.095244552764336
-0.162155438163355
-0.221555739585714
-0.268127704929956
-0.272882850923708
-0.233246154250085
-0.246209359504391
-0.290659766054333
-0.267642502224488
-0.218272318900476
-0.153948152854653
-0.123168111309514
-0.064663590445870
-0.029938809070960
-0.047818574963837
-0.032670683122664
0.010350971076855
0.002851975780965
-0.065057384086721
-0.034395816608172
0.012181909843308
0.065221203646702
0.167644265576595
0.260077428246935
0.363902921069259
0.490039209719710
0.609511529937657
0.749075261761270
0.873557071280834
0.959911891136622
1.003465111952989
1.033177624194879
1.069535814429277
1.082522131553484
1.163312186919959
1.211072757928455
1.210425275144553
1.280987304372212
1.367011947524012
1.500220492941313
1.562010323305964
1.581778252602505
1.595801656586639
1.594582344986381
1.577538687945969
1.559604599927927
1.546668754499521
1.509654569137446
1.467551711171300
1.347825442724811
1.203323929105974
1.066349548041269
0.949966934059380
0.861171630426803
0.716495861460562
0.600210864138262
0.522274207873899
0.447392507276117
0.358895084376905
0.288295269266874
0.186728784280816
0.046275762772019
-0.015399588611098
-0.143673104416046
-0.219099206736438
-0.338345925036061
-0.495820640469124
-0.625316403591962
-0.737381074775912
-0.847330611653102
-0.978406913776005
-1.122532127280337
-1.186367104353434
-1.276706425344625
-1.326317370849732
-1.360320304147213
-1.402873201977225
-1.360620085671194
-1.343635867716944
-1.288848127545111
-1.227250255850135
-1.181722603344793
-1.129070138149954
-1.054451720690903
-0.992804262415704
-0.954361288712953
-0.963668480799737
-0.975719725462821
-0.944615518036642
-0.888606751808137
-0.806525483500271
-0.679329924213081
-0.561314309391744
-0.474796151339183
-0.355077567260747
-0.242480918111662
-0.209117289197400
-0.173099393740087
-0.106968516837469
-0.055526022003624
-0.082130500257489
-0.135783768024209
-0.190895627480034
-0.253702518608271
-0.244094953202316
-0.230145894234366
-0.211052066999171
-0.233769903989713
-0.262913485061541
-0.193791410213977
-0.094013978275611
-0.029982460650270
-0.017597076821040
0.008282997267759
0.026456980868496
0.076924924880969
0.039877400874860
0.036074433292028
0.004804893153963
0.045059196521286
0.085152958019396
0.152062367593649
0.246513111395767
0.307927959984719
0.407628503352515
0.552505319105556
0.674287031603609
0.801544740312785
0.931975560072007
0.989424361619343
1.021362999338289
1.057496977961111
1.101718050054169
1.168151695118289
1.212014710842358
1.265883232499687
1.291640635936249
1.384923091922359
1.461851836036340
1.568430112897954
1.608084371880128
1.623448147762835
1.631797439718570
1.619932293914427
1.608227381582350
1.554183384582679
1.533061652352812
1.516683052862187
1.439060442320101
1.309093268328396
1.185944028171913
1.041133075306826
0.964236054170494
0.877747424174826
0.756454164264933
0.664329882562029
0.615225611156975
0.546883940349424
0.472011365187516
0.357412987083314
0.256648437506560
0.123640090578427
0.046544814401057
-0.080692844158755
-0.192362727065741
-0.319026727587696
-0.503297398040484
-0.672872811134606
-0.807852936020047
-0.932696452491896
-1.039059872072028
-1.088030239961952
-1.181428078818455
-1.298601378228385
-1.360221041548049
-1.391516958788172
-1.431508344642314
-1.373818343070197
-1.327958923387621
-1.239628609901800
-1.179074446963482
-1.132769780132765
-1.148967473941496
-1.092635695287798
-1.028501078564048
-1.016559971674555
-1.023562545827367
-1.030946416452763
-0.992890600875493
-0.940120501720411
-0.839213635289846
-0.723611464045934
-0.607625113800944
-0.513498445505518
-0.385737633686086
-0.229603817141255
-0.183606572157319
-0.102741474113604
-0.029211478646958
-0.037156088322219
-0.083142022572123
-0.106085878351407
-0.137503534490417
-0.184527908291869
-0.202532957367821
-0.180303646982996
-0.173828370091760
-0.225696277502134
-0.221935181902545
-0.159084943487494
-0.048763926231939
0.051997095436580
0.061464092452504
0.086438957826083
0.126967092099206
0.150357378715507
0.108301559385260
0.063613822962871
0.094104857754564
0.145071808001361
0.204741649976148
0.276608990763985
0.340862007079051
0.405551128780542
0.489982622031500
0.587473115282375
0.685807643895545
0.865285851957722
0.987592869342083
1.038316491028050
1.094226927054655
1.158982958641612
1.170219043200583
1.213215590019792
1.268095371841102
1.308172735560187
1.383550535743101
1.484311318662384
1.564619090737027
1.587512884933243
1.618429615799353
1.631058230695669
1.683332161087894
1.666778039786343
1.652369015817099
1.601855511967355
1.548772333277872
1.500340929410268
1.442007725354758
1.320342276252036
1.171068915279120
1.061095767964514
0.984351784051079
0.889474735356094
0.806189814926521
0.770295065667232
0.735226541915910
0.634649431635894
0.548919059610912
0.422806486730382
0.310467352857763
0.143628933928880
0.017445507822224
-0.083524921048553
-0.189295857850741
-0.339737878994057
-0.557125288031926
-0.707521596418202
-0.853035432512217
-0.979698424655799
-1.050221700153509
-1.082004926407324
-1.141529376612402
-1.275552069590032
-1.333121463461048
-1.373276042697680
-1.390245086933521
-1.383999396795665
-1.303398481324960
-1.197167164144552
-1.141141661550052
-1.146459879115216
-1.170388532405366
-1.148228260363884
-1.067045280474360
-1.031140564189475
-1.024563467382472
-1.022662134101219
-0.991924781810712
-0.933350664390963
-0.826229353195983
-0.691488347617834
-0.588251106622176
-0.522630903554913
-0.386828848563243
-0.228934585775693
-0.135972815772098
-0.049929572814196
-0.002670504026665
-0.027832340178930
-0.080508247974679
-0.083381920963960
-0.094425877709558
-0.134577518017009
-0.145686743611147
-0.152086486961530
-0.153620817590144
-0.163067082391349
-0.153687088432766
-0.138359299920880
-0.033603586503178
0.086637435851547
0.091315935627782
0.112594779382249
0.161236861598439
0.178120067452769
0.159164862116997
0.085930083497368
0.112622160773261
0.209340316939409
0.292434573456020
0.366309026600980
0.452430232980282
0.524677234297466
0.591431812277235
0.644905480694020
0.733103776583486
0.894153759872225
1.008744541966587
1.113194487407378
1.219941983611100
1.226032026836459
1.247809415322307
1.328148586805737
1.411028366880552
1.411786970601641
1.511033995710929
1.592526955187083
1.631957899573303
1.623611277383711
1.649282122822410
1.696287782704206
1.742648705992677
1.705334603662946
1.688184803185318
1.675035980118172
1.601782884048411
1.548493592626326
1.490024308802216
1.359287351541599
1.247810308651665
1.155105018489302
1.080640034475136
0.967747084053848
0.920470779790693
0.898207972814845
0.823624389473941
0.691636941179973
0.586372055886124
0.460623581563554
0.361140832635821
0.174101021377739
-0.007726927333108
-0.122655430226655
-0.234902087239329
-0.401673988888409
-0.580588168627170
-0.686075162631349
-0.820772626377543
-0.954788547898549
-1.039168506359096
-1.101318571194828
-1.175478405948099
-1.231107758379145
-1.263634535650444
-1.282857897465978
-1.305222346963669
-1.300951063888775
-1.250198490972059
-1.180923845867744
-1.143980043304828
-1.161096231566046
-1.175308382858295
-1.139630449529212
-1.076852565465400
-1.046008305218972
-1.019995659491809
-0.957967373415856
-0.926918598102405
-0.866023603650572
-0.773246263428067
-0.674415814741102
-0.533495596134688
-0.424634155136081
-0.310028076260291
-0.221945609310153
-0.130157579914497
-0.034357608759977
-0.015137725144959
-0.050881676534310
-0.088990977501568
-0.058017962121966
-0.090275015560432
-0.118547885956280
-0.103853620872832
-0.140606494859376
-0.081997293554480
-0.071730908538336
-0.063917538703715
-0.063337036347290
-0.031277667872648
0.098615261981550
0.167700840574735
0.148311378142866
0.177501107173923
0.179963655960134
0.184901025023426
0.127609119263150
0.142359241931996
0.259799216362336
0.385729779277308
0.486567006006602
0.540256807757518
0.592446483325067
0.659864206236259
0.735560152376188
0.864150924361020
0.952509464157721
1.058904329055410
1.191558126068307
1.296553294712424
1.348622276111569
1.341202421735068
1.398650002581459
1.458406141846666
1.507964280275342
1.559577957160442
1.618046457609726
1.670529473314148
1.674613990870437
1.701346787148406
1.724001422189462
1.722318134582068
1.687850916147154
1.686686332411237
1.734922930355859
1.743464365052166
1.619591347737443
1.513233370764482
1.386190181139261
1.289283608181035
1.230515626470725
1.186345661426591
1.050882547726377
0.979010356098936
0.936718574307464
0.834043740905541
0.708422260833993
0.562796663069968
0.452896562527321
0.365346223573123
0.174632810124114
-0.000222371479522
-0.137732992997378
-0.280947822496526
-0.438500549320468
-0.576408832034908
-0.674951313557703
-0.778797903830845
-0.900417608545343
-0.980114206526591
-1.046963415612110
-1.129370313510220
-1.140121062388899
-1.164807771133967
-1.191028509088026
-1.215953217107489
-1.231166947515087
-1.217562932034788
-1.190069751400592
-1.130669791109035
-1.129202372461252
-1.134266230774488
-1.110338863424290
-1.070947557798190
-1.041359528787049
-0.945604816276670
-0.880487418769740
-0.870856507915790
-0.828286278225765
-0.710237229742504
-0.613190108616682
-0.432122903343007
-0.320059216897041
-0.254339809585847
-0.198789546116460
-0.124430016147385
-0.068681922172705
-0.039641257129575
-0.059488290504841
-0.099136353086642
-0.079548069966923
-0.056935987416873
-0.056633386944873
-0.055871630712452
-0.053402035703723
0.009173435773124
0.046100441743693
0.022860001780015
0.022234303252164
0.057613264032147
0.146212081891918
0.186557628387828
0.183882048885162
0.187509968984785
0.170773739182382
0.159822839837027
0.199056648057790
0.253905212095919
0.403622338559646
0.514433665594659
0.574813413133480
0.627054917370315
0.689248586053500
0.740816854392986
0.807757785380804
0.946610584698601
1.049380135337058
1.191588559884575
1.289580635552676
1.378675655762624
1.443867847883753
1.435905252077459
1.463954840725806
1.480389138126075
1.522276637084863
1.551996373342463
1.596302474078884
1.647303181368319
1.676010240915351
1.704751864235054
1.702002853022513
1.682219525417716
1.680504093536769
1.705042198161877
1.747915148429031
1.766284570450678
1.677648632098361
1.548971829069092
1.395024874911204
1.302829618573930
1.248391222990860
1.211460346705169
1.093349765282110
0.986817504473539
0.951834278653625
0.869459704563091
0.742253258742958
0.577741567690429
0.463980512100025
0.278965650356309
0.157290337062205
-0.008488626008691
-0.165872389701619
-0.278464741936851
-0.402394924888525
-0.526403299605924
-0.640755942472280
-0.765281096346212
-0.877473272081253
-0.931514369497536
-0.988761082480187
-1.038879972018386
-1.044981941014693
-1.092427355120197
-1.159918799533483
-1.170299088912180
-1.186503524759630
-1.165534085794370
-1.127964866339783
-1.101089317088579
-1.125460874983142
-1.129941962731677
-1.083906405918079
-1.041826372424083
-0.978760128190610
-0.925670650875978
-0.850257945666292
-0.832841012685765
-0.766660832936226
-0.658363988393196
-0.505366204445857
-0.337267238441609
-0.261091674302206
-0.218322027063446
-0.158462481751088
-0.101391231304209
-0.085775784981521
-0.079878496114961
-0.058138074304588
-0.077220147827873
-0.074061263130956
-0.023369456370731
-0.027716414550373
-0.026725614309249
0.031300130392681
0.086861391744147
0.134701984038860
0.109460310571754
0.104782320158514
0.153298850138144
0.181258504904619
0.187147134947850
0.198627286473626
0.208904439761656
0.200457663900141
0.212882132288606
0.295826519367229
0.411657907000392
0.559224897507605
0.643479706930494
0.655184192148211
0.675621364200971
0.735077410153110
0.823614655183633
0.908603244526438
1.004988384707823
1.104792120073107
1.251365342695008
1.394104481050733
1.496893083491690
1.537081101477933
1.533621513923792
1.562709958975606
1.557758840294863
1.549621722115868
1.542097526286180
1.579699951140676
1.621825357167363
1.669157439369161
1.663001619334964
1.662247499669289
1.652135715497077
1.673140209630098
1.700437190374749
1.744899268511931
1.751176573480402
1.684009919887099
1.555239585716168
1.423580536243648
1.377567850619325
1.288879563259616
1.210725528772133
1.107610628762645
1.009896236471985
1.012879975815653
0.958738742366728
0.773960361616918
0.571462574438545
0.437367449643552
0.237261285292239
0.106330218327007
-0.023778558220433
-0.176955043685868
-0.289835899517267
-0.377410482971348
-0.484518127989507
-0.596122600215349
-0.699924485839419
-0.784887730619047
-0.877816203050721
-0.927788343460238
-0.974398926171031
-0.992275479311078
-1.008004432102608
-1.110600977393164
-1.167676724233049
-1.152742910091510
-1.096437702031813
-1.060777194973952
-1.102114142265481
-1.119015200531653
-1.075793474753023
-1.044017434065824
-0.992942700859275
-0.926613649085622
-0.894968415989539
-0.870528569249329
-0.805038416036008
-0.679871935322851
-0.582149626926517
-0.471440348875926
-0.331475811881734
-0.233866017042248
-0.157369449465838
-0.124862996047295
-0.122110173804334
-0.106931450316819
-0.065670560329005
-0.048735575184832
-0.025191573329155
-0.061878438478608
-0.033322855288750
0.017817026708937
0.050757861791931
0.070824177781819
0.077966986585091
0.101741682655218
0.086470300267548
0.162511761667994
0.221738165575419
0.240384049711061
0.234928583946269
0.231135604141080
0.255212545000157
0.268092851842369
0.305901556155125
0.389761235181297
0.510664026866541
0.627309111644481
0.715099181944514
0.736922849056130
0.732257991713086
0.791671260431548
0.895172689826853
0.981984513889997
1.042138948959056
1.176244847131689
1.324596323027139
1.440233739504127
1.579691737151883
1.634186043550522
1.645551860748839
1.690129059400233
1.633011366802520
1.619666753458694
1.581642130310291
1.569520826904501
1.582848531529728
1.634653889510348
1.657138983854584
1.671616042119951
1.637089060601357
1.634740782043822
1.713966594191120
1.724300571362114
1.692513235309756
1.603101337967534
1.468981548566713
1.406642988533629
1.350801507834612
1.300056611770263
1.217338323171904
1.181104607894062
1.053134736284209
1.004409693379468
0.917330969451390
0.740381300297371
0.554263195607643
0.390126809376943
0.228436964455986
0.093623706733374
0.014602531156247
-0.131532115288008
-0.252128587183163
-0.355905896098964
-0.459507683248493
-0.589709620083411
-0.671145700797748
-0.707998250060207
-0.755786445874315
-0.772758542211687
-0.821518107611313
-0.894916414813977
-0.948215208573956
-1.041166882775578
-1.090066815712309
-1.081132055574100
-1.053023451746229
-1.054947804826970
-1.079927279734634
-1.091393076586590
-1.030076863802593
-1.016887370880356
-0.942139836780226
-0.908091686063293
-0.883483493062833
-0.843574364165911
-0.772387406886562
-0.657436288983084
-0.558490431855469
-0.450249722138291
-0.345239828847271
-0.233841325984285
-0.157887140977099
-0.131532998062735
-0.151857438873426
-0.130562344177224
-0.071188276208568
-0.070168445310084
-0.030354483367323
-0.031563072280244
0.029764116583515
0.052955710876807
0.059259616890910
0.098896587403770
0.108109338280745
0.062075209620185
0.103337808343716
0.196152777602136
0.260936768884141
0.300494320758372
0.319436946382155
0.332093073338858
0.312883646488261
0.344392259423940
0.407873162668818
0.473262464597788
0.544445467894370
0.644927723214159
0.759186248006933
0.822329251167569
0.865952707775127
0.931797617364495
1.030473483216981
1.116282479233917
1.178820489617355
1.301285286092477
1.418071329075230
1.497548126281205
1.604213265081794
1.654051703758863
1.685992378958338
1.732778157488614
1.708656074218215
1.701470002508088
1.671371246659032
1.627838405399916
1.594592924336105
1.612915160655702
1.591962181219314
1.628616322804059
1.620360131967415
1.611832434531541
1.655480904989293
1.653904419017261
1.624160513313757
1.541553354652616
1.424800909532240
1.334076471180575
1.269961796928546
1.258448654536471
1.229593289792236
1.179539159423487
1.038492801191088
0.932233259480187
0.831057542302729
0.664635462444339
0.528210996474217
0.352205348729083
0.233724998726502
0.140413438313733
0.042035592582949
-0.074598408440075
-0.189072734102609
-0.296909056383485
-0.432362877923968
-0.570544895041431
-0.607053972269411
-0.637564741909980
-0.661552490224785
-0.685578020860180
-0.719613994758019
-0.798842794091007
-0.879604151372246
-0.931662806055360
-0.964585214693367
-1.006044766344925
-0.999517279257768
-1.007525793720826
-1.039791602718580
-1.047993495567763
-1.043864079153043
-1.022108746941219
-0.980986147136152
-0.940660222741680
-0.901699131273928
-0.872552879880150
-0.793488533338379
-0.702927103807427
-0.592720755249271
-0.504841375537163
-0.403733822743351
-0.329462817767306
-0.234952006752430
-0.188372782258280
-0.171007554049616
-0.155877479201365
-0.117145342045202
-0.087890078580417
-0.030274558153043
0.001853357477489
0.041348636275531
0.098378368288286
0.119258528862612
0.148191145638669
0.157768658409763
0.148418947705705
0.154441602099080
0.189724458169409
0.251100239457697
0.314155958423480
0.333290365684510
0.412160117579335
0.385396992559391
0.405135002798584
0.423065414829450
0.503071549847952
0.624010779657436
0.759057532952699
0.847862576759260
0.947966378434405
1.022227569811086
1.122853601272532
1.190619163943650
1.251807787588958
1.309755259406952
1.363084166067154
1.442400626376019
1.537014313335622
1.613905868223744
1.636278775705319
1.684104672683302
1.708223332975048
1.711243979856071
1.748380790245035
1.718475938144755
1.665302725373905
1.630905469589904
1.578885485055814
1.533630288697160
1.538275297460531
1.564360013805339
1.572424924854822
1.616322446008307
1.623795653553504
1.534859535821621
1.445881474400653
1.413328350923890
1.333388554024394
1.278657959784317
1.251694359026713
1.240638247691621
1.176489814807560
1.038899126347460
0.873477733117422
0.785820767031365
0.631471823476301
0.477699792301229
0.355263866431733
0.250532177572072
0.144009777994901
0.049621041813204
-0.055156081501049
-0.149200147735580
-0.263140552188706
-0.351037314948696
-0.479666710969467
-0.598164699095330
-0.632108317920170
-0.647716130501095
-0.674835789380677
-0.709902839953780
-0.723302564494471
-0.779072337069176
-0.873170372744925
-0.888975837174656
-0.949263076110279
-0.979134374339719
-0.980469818517529
-1.019605997609161
-0.999867031134894
-1.067918425416271
-1.081659903242947
-1.044732892553445
-0.970253136395829
-0.907076224715729
-0.870039621211261
-0.800024426100102
-0.688285648706721
-0.612329783431403
-0.525524850322538
-0.467594249953624
-0.405159180256954
-0.302353198297118
-0.260539357074720
-0.182124177809263
-0.163224773567807
-0.122425903249619
-0.053521443901265
-0.020235858523375
0.044620523742332
0.076809731529120
0.135581001808263
0.160319466057949
0.211284980835702
0.222854513444467
0.231920210065886
0.228910514560484
0.263683416594821
0.330590650489172
0.347687677599505
0.399133275826444
0.465521736405566
0.477915136382087
0.496503560250781
0.473487983229749
0.559510574956628
0.711009487569314
0.836644989145653
0.929607676503337
1.006767197284043
1.101418945548253
1.222814640544463
1.255010429497399
1.270627679825833
1.366322560804126
1.425658109545685
1.503245204122509
1.601247914087099
1.625189958283059
1.627649505401164
1.699147379486219
1.734128805451296
1.752677239128044
1.787514926852055
1.741823145731523
1.664029462733776
1.604359056880243
1.569807742254742
1.553911041992079
1.542771213336681
1.572405201373843
1.624478917871482
1.667938171872383
1.637838961466345
1.488425588522820
1.368297992831541
1.397550124124918
1.348029161412670
1.315596134338417
1.235158385091672
1.244014479739493
1.170637362699625
1.034550501058574
0.845608377628796
0.783477495966819
0.681901332190500
0.494563082811759
0.378458016353958
0.250022120309854
0.131757291343924
0.072519747193354
-0.046621495991955
-0.144548323848582
-0.216813560194461
-0.348246509534607
-0.515310524714837
-0.629328304915395
-0.673942118355980
-0.691760217529088
-0.740889775397966
-0.721638888775509
-0.733778494017319
-0.794638294853582
-0.845919047296875
-0.878235723057113
-0.946383899966226
-0.986399259601566
-0.984617497185129
-1.039547785653886
-1.048288627695418
-1.120395261658288
-1.119095542949114
-1.041422441877568
-0.973834550474993
-0.909120776448081
-0.862696863219732
-0.774552440609124
-0.691458778239490
-0.618700393711598
-0.581548955283356
-0.541649698328892
-0.440272439027469
-0.407114054044039
-0.352493725473913
-0.203798499912627
-0.122541348860652
-0.081760931392537
-0.048137659214439
0.026440488200688
0.107075322579946
0.145054308903535
0.194843658716928
0.188297548747382
0.269308523008321
0.278688510465679
0.274462992732299
0.309231821588321
0.357024654184053
0.368093171318996
0.408900389493372
0.459375345115179
0.513220517471061
0.553541365397099
0.575336323567100
0.578888085927616
0.621126100372190
0.727506441037633
0.847979723383491
0.947027413346963
1.045266519327529
1.151414276223532
1.260895706238911
1.287657575379717
1.307701532109345
1.408981712343109
1.489553933132581
1.552615197947359
1.597819393467055
1.656268530752822
1.657784732681634
1.685371533292587
1.732177875178712
1.775815095523356
1.811616775150196
1.764123032014223
1.704480019549771
1.642278954690650
1.641586621910538
1.640833059047483
1.630728761884807
1.654874540351879
1.685534022283462
1.650815616284303
1.633490921924028
1.508085081185884
1.379497838669889
1.400790511728431
1.349646374849311
1.287444739968958
1.249526617684808
1.222653729716843
1.164510564335677
1.048726718712948
0.875665502191667
0.772847528400982
0.649610354638792
0.499599700276962
0.409649898263835
0.304246762413277
0.187894860734350
0.093039357558398
-0.035716373649106
-0.125003639989219
-0.293869319095762
-0.445682039660832
-0.577870805502009
-0.675596550699884
-0.730450618731078
-0.787885296492935
-0.813336836628659
-0.752962788647270
-0.757409550860259
-0.801981146572729
-0.842452969859976
-0.917147156260308
-1.002019670959320
-1.027883267864156
-1.036769246620676
-1.073369598822027
-1.096374090736824
-1.178180142481282
-1.198798816755639
-1.119717107399951
-1.022605931566915
-0.933345947996353
-0.853659626639008
-0.783109454735386
-0.695530958415303
-0.625353124937294
-0.602926968161993
-0.561864363384888
-0.458284105788057
-0.427450920514738
-0.339387365120273
-0.205826113799166
-0.098456428518248
-0.071627528187611
-0.065336978035319
0.047506640979182
0.140598866292786
0.200381536722929
0.224809808784593
0.242334890607152
0.312156495064140
0.353523148174413
0.375418098279701
0.426249195496304
0.498580162748472
0.479889652520839
0.519999731164789
0.539856437098126
0.566726389543207
0.599169476016530
0.628400552130740
0.632173900206808
0.657986175999616
0.706728075580463
0.830515298582159
0.959258761629609
1.063474874094019
1.162880760332979
1.279655584790174
1.320814216969302
1.384450643715562
1.488324176683372
1.524196307646493
1.533363383396178
1.574381862495028
1.652378394042952
1.673282045349981
1.674379268364982
1.750816476008828
1.805495193282717
1.818273175431548
1.820900066855853
1.750022363968685
1.705832088612545
1.705160819506318
1.684111788189614
1.721473787296508
1.734940558279016
1.705269379597982
1.671007050865650
1.597041803045550
1.529099294424750
1.460839051974248
1.447113088262562
1.375639071926816
1.288215158602157
1.243544952232849
1.217516756768662
1.119275956530926
0.973933965225859
0.843981509633561
0.744968176288690
0.629653355666635
0.534721381834878
0.448701719296412
0.352687990536574
0.240924236958609
0.127967539896699
-0.001443381740703
-0.128026281415353
-0.330628754780923
-0.463858318271662
-0.582079512185024
-0.683908074844114
-0.770927031353405
-0.863912920610126
-0.838791578596332
-0.790748622557014
-0.807870103775913
-0.861954414103744
-0.920484699636024
-0.963667159665537
-1.028136749958479
-1.061180375651483
-1.110965625538640
-1.128652556387369
-1.158036836839870
-1.205730731047985
-1.209069704247974
-1.156322590786913
-1.095801206476635
-1.001966324626330
-0.886337986077335
-0.819035618874092
-0.743720732268387
-0.646799966568501
-0.629400983701826
-0.563869057239728
-0.431846673043764
-0.362695976490360
-0.280199116459709
-0.186322568546954
-0.080417405279616
-0.031274291084757
-0.013855670079150
0.044012735191695
0.155521426797421
0.216532052049994
0.262030089781212
0.321339573696363
0.383446209286330
0.435240474490295
0.479029761881651
0.516143037617090
0.528319980858883
0.578162295602818
0.611980363897109
0.593086366210053
0.593624845250872
0.639671062459374
0.636124165311395
0.650475373785672
0.659705732232180
0.698217397303205
0.805487698261854
0.956419599649050
1.055281638766146
1.163162926931445
1.272627334754198
1.322700187838524
1.425167437937156
1.483278183757431
1.500891635250276
1.490567225153185
1.542619974834316
1.628471608383082
1.667799748352014
1.714451318845905
1.764976711041010
1.768296184924092
1.785194702555031
1.812245704442351
1.803546924669408
1.743822044929586
1.782719883613137
1.799772411361720
1.798283378765186
1.814452422047187
1.766555274121670
1.713441120600206
1.632056779159672
1.561562523365511
1.491918644341721
1.440406265733109
1.339584826257998
1.220047292532331
1.177105260018642
1.114176682309689
1.037369083651599
0.892145727912609
0.737791777962120
0.672229603907384
0.625447242276010
0.545295154309568
0.466046811576747
0.399433508958874
0.282981920511463
0.133281657401339
0.014886702203062
-0.097587279542180
-0.255269884727462
-0.424263389885008
-0.568607382931686
-0.682030986825841
-0.793469979769599
-0.912798712571410
-0.940778287337785
-0.893816151923141
-0.907454708815948
-0.940726690545121
-0.970216240213944
-1.018135698925065
-1.066525437001015
-1.061440328643881
-1.093922413570711
-1.141236745852805
-1.183381461832151
-1.245460767207222
-1.250734880458599
-1.201312217077926
-1.158239541791293
-1.049982501614179
-0.915076233510128
-0.874611453097854
-0.787401160484391
-0.698088841528164
-0.661171624701775
-0.559081677202491
-0.445859615031923
-0.359075032516797
-0.255333540851082
-0.185972049204538
-0.133792330163360
-0.039750377708270
0.022560004461391
0.051928851688033
0.177629242444727
0.238229692241272
0.299129264286769
0.377264818626691
0.446373328458546
0.479159288427854
0.518055922636240
0.534982810220550
0.518266172328126
0.571553479811808
0.606527779652489
0.582971058440326
0.584798548428554
0.634569090620286
0.655884366490558
0.671548858436305
0.698440187664460
0.719978573786784
0.809469147305620
0.927534537501342
0.994541080693897
1.115102687581685
1.224694520063561
1.311703795082741
1.412442962109290
1.458667477652937
1.485363762675682
1.531116666533312
1.610868156402020
1.662444394815990
1.708892590508061
1.736256430660373
1.755475018949131
1.771411332044822
1.776484335967141
1.808323172698239
1.794166383572971
1.792045860833937
1.813072910892479
1.831158748190391
1.888416393102275
1.904390961577889
1.845367379278488
1.776172233175161
1.697739160386238
1.580244645424852
1.511138817830660
1.382548024518570
1.257501150542244
1.160135016354688
1.085100943777976
1.017047141146404
0.980501270514075
0.846879099346295
0.695293778055483
0.618287308774723
0.622059318752103
0.540188444752254
0.451255466568284
0.380028213586198
0.288425406149739
0.104893821155090
-0.007619208017936
-0.082832369955150
-0.235593127528615
-0.421274620957219
-0.560806464600822
-0.652203967774805
-0.780357051328723
-0.929271229191199
-1.013386668534263
-0.983190054386445
-0.989682953139889
-1.067957931873867
-1.079215719869652
-1.094242509441921
-1.106781276261721
-1.073570113166876
-1.118589383095204
-1.173911828511337
-1.208835078639691
-1.273587152126719
-1.285763516072411
-1.247546341028472
-1.193695545771712
-1.083328017462218
-0.949847086017293
-0.883926467415984
-0.833254169962892
-0.766949928915764
-0.671148424890453
-0.572267608590201
-0.473503769557303
-0.367179700795027
-0.297528261685820
-0.190567816924128
-0.119579421561902
-0.037806514127714
0.012632561460371
0.041805397941151
0.110293053622462
0.148984273304052
0.243379648313255
0.361463268701294
0.418048786534903
0.431385700142428
0.465618776092930
0.511113971889672
0.509013955773174
0.554990848806540
0.582879422468841
0.572526247190247
0.598024681415400
0.650585930949476
0.682558644390734
0.705394183037587
0.701768867234242
0.755494426496902
0.790230342918855
0.804804940215471
0.875008384147047
1.012133218524393
1.136559254542084
1.233548048458209
1.334493957534734
1.419374545095615
1.477430480087150
1.559022564392687
1.652663306298959
1.715907574670482
1.763462511604248
1.796476743418698
1.821643759901260
1.831712509661365
1.787796965278207
1.790630430539238
1.787610540105228
1.807256122672312
1.847394710177387
1.833804281443914
1.902811965972786
1.974116530591022
1.894297229560449
1.821063680384002
1.722356333235312
1.582224475014139
1.521445262032270
1.372025197208725
1.200001446129577
1.115085695386286
1.054298194149219
0.990407594736801
0.952550971262664
0.791449767482360
0.637985352206610
0.593150737377469
0.562248516826550
0.486747676955429
0.417518246053929
0.350081203773360
0.252359617014018
0.120064996077146
-0.016092804390475
-0.144606623310849
-0.272186993183541
-0.423052151139602
-0.535097567615428
-0.645057967007826
-0.818917027428776
-0.964083212990874
-1.028099545224450
-1.043262968733573
-1.069777753148476
-1.119340604661465
-1.112754556829699
-1.109503737036620
-1.145502111012169
-1.165318125209869
-1.214719060329903
-1.247340217277341
-1.281264495614222
-1.301563883759337
-1.294321554192578
-1.252139991856129
-1.180226742600821
-1.088520350648311
-0.937976956991121
-0.843333083142280
-0.815551929881347
-0.773363643216711
-0.698375121667744
-0.611355752317555
-0.471609727101287
-0.386486052086801
-0.314624245935315
-0.207797333866976
-0.129686152288035
-0.078462847767857
0.002970006161506
0.077265956836859
0.104614725380020
0.114172942721437
0.194526445428025
0.308648776910826
0.410872264861488
0.429496085101453
0.471937156758009
0.496963094391482
0.521417771819324
0.585729617487954
0.615971777581631
0.587975068333318
0.614004970013097
0.694748916097960
0.685377004981347
0.696464480176025
0.708107859921343
0.745043495050039
0.772641950005484
0.739511800938379
0.786109820229920
0.912864777204764
1.061379790895063
1.146956735655838
1.238371608495268
1.326170389623490
1.421271117302336
1.521113452557050
1.622195265199561
1.683579042231693
1.794317688634803
1.840004828250831
1.819036487863594
1.783081971864990
1.776043077682514
1.765842827770602
1.785431576940998
1.837149630304952
1.855234127358760
1.842071825483840
1.920405660958613
1.991475287093538
1.919468246249489
1.856326488407635
1.780450244160264
1.663896384087462
1.564510941812546
1.391608647294431
1.209419754719297
1.091632294570244
1.034972927802074
0.955967326139713
0.870296979058860
0.744215604022925
0.619417340361711
0.539296221810903
0.476543316644912
0.455962937032182
0.396526126048416
0.301025838828418
0.246136421653938
0.136665780521029
0.007354953922382
-0.135919277686606
-0.289830124077482
-0.447791011034548
-0.560530569238987
-0.676280218110911
-0.842221455780118
-1.028818796609229
-1.117989233017041
-1.106949146501464
-1.103486578005025
-1.128925363087824
-1.111599447973629
-1.110937020895825
-1.153230111953900
-1.221624335548920
-1.268199357874026
-1.322127838064738
-1.346514056644370
-1.318449922971265
-1.314228935024105
-1.274389196418474
-1.211195325418371
-1.082220218217752
-0.959299769125153
-0.840975383929107
-0.766179031835722
-0.774810426013336
-0.719391315340244
-0.611025374177639
-0.503712290846849
-0.404478387350974
-0.324474384138109
-0.210951609863805
-0.135294407352761
-0.075988756386967
0.001971992277485
0.079297638089086
0.088057858635831
0.129358949790976
0.209289767218059
0.307803564774474
0.431241455820234
0.499607919303047
0.565137028129309
0.566001828028325
0.587353950369185
0.619290899612434
0.644321514966637
0.640907348458770
0.654549149561941
0.716471696958754
0.704852090214782
0.689810583726677
0.704607148818383
0.714306368262368
0.729811261216844
0.709677296350207
0.747222312162357
0.895540666536060
1.041250725949993
1.136815235066047
1.226028747156668
1.329973584484489
1.416651486212334
1.522713765336995
1.624529213737048
1.682929129065590
1.783255069775527
1.852679766447964
1.797714370450596
1.759707734170480
1.754972481180024
1.763668706385904
1.782732425179586
1.849367893579801
1.870743760049738
1.879277819879247
1.938570844020996
1.981858040713129
1.951988572220594
1.914122509936020
1.834488776441781
1.741253042814870
1.645604418141992
1.427024494644574
1.271443805154826
1.151676191062555
1.042747353636609
0.968738572014146
0.847574805276854
0.736092325692765
0.648806246143127
0.544622132824787
0.501877474499409
0.445365105216476
0.396723536489444
0.295420527361278
0.251316744292038
0.108459375200968
-0.041885458108307
-0.188712095653170
-0.292296425962158
-0.402365691400962
-0.553091517719278
-0.713395129006889
-0.904240088698717
-1.070851590374130
-1.157199217421118
-1.155782125182734
-1.146173915751121
-1.160888563224315
-1.127842731939797
-1.139022631925971
-1.210497038720560
-1.277584567987408
-1.301577571357234
-1.330204737793652
-1.360957989356638
-1.340442603447637
-1.316600462823057
-1.295166406686620
-1.244041679257762
-1.136835660989497
-0.995841755898425
-0.849654710374304
-0.767723225221268
-0.783814962478414
-0.749693885135368
-0.621586718549370
-0.543005341063985
-0.475134705340919
-0.349683829942378
-0.219271806186258
-0.112932585231364
-0.067007925981864
-0.021512349060034
0.079306904917545
0.116686951489180
0.156331494301872
0.209628114797107
0.338059380824939
0.437520265920359
0.523166529081311
0.598515607699744
0.630677294337056
0.634632983918645
0.656896403702765
0.664016494218385
0.708345429633318
0.739019314857421
0.746244238926238
0.707600417405046
0.712630631931394
0.683765536876912
0.689447178210378
0.691438304913502
0.705990027548006
0.792641681456031
0.897333346403724
0.996286744918701
1.153240831761541
1.274500015794729
1.364605310760345
1.465274463088476
1.559869643485435
1.649569924439513
1.681628475625162
1.776703942655647
1.844462457836643
1.804636818204160
1.755294686945187
1.756683863269339
1.760454014155480
1.776736697348757
1.812746783126890
1.839044015081662
1.882975253735313
1.921116566452206
1.949277159551941
1.967256183432705
1.916967194774897
1.874835549509449
1.798809324719936
1.688593933067703
1.529225456050326
1.363866605611458
1.241534893595133
1.095119095861784
0.976591538600114
0.899250164476083
0.805128454031016
0.745512296420624
0.625133548619174
0.541783180054332
0.449768158577237
0.342270831695762
0.256675306204566
0.194691470156916
0.117825868906627
-0.035340274818097
-0.137196033543648
-0.245899302036700
-0.417051146344080
-0.548191452257941
-0.733433467000929
-0.944608861724248
-1.064606049945463
-1.129656744563959
-1.176979234548464
-1.177034177372421
-1.179509823665797
-1.176805598685033
-1.201413426870959
-1.254011418825678
-1.289354370185796
-1.297486857757738
-1.321036569430187
-1.392536649520374
-1.396133546984983
-1.375804734906909
-1.332590518163745
-1.291494772204817
-1.211896308174508
-1.091938755757287
-0.916874277909540
-0.835354553290104
-0.840598309994925
-0.795497633626508
-0.689982431827311
-0.586702788797029
-0.481305413599384
-0.359061620325263
-0.204809382699641
-0.049683418073330
-0.006083568137041
0.058322004851371
0.099199125915112
0.152641117237721
0.162016777772739
0.228142155261012
0.364834954691210
0.431924899103983
0.517572399985922
0.565758256183637
0.620866911378805
0.647669540057351
0.654221370687466
0.731119215262090
0.762598933213063
0.764598804857423
0.774192789354313
0.762110817743669
0.742482086331431
0.725041271162918
0.747000626113015
0.732290408701800
0.660178119129249
0.736115958121586
0.866255490218254
0.975180302657033
1.157382016284735
1.283910625171327
1.365349787244671
1.472217784640823
1.563400996924939
1.630050586601096
1.643236080212827
1.736340391904803
1.769195542617778
1.743783480847187
1.732391699001958
1.757338599850381
1.777157953803993
1.790000991083675
1.816512383770485
1.848695050518321
1.904611559748105
1.915103522093608
1.952307462927548
1.975101188081845
1.929160071033281
1.904563566539467
1.794846587933325
1.686517892503259
1.591072224154471
1.437328677493510
1.299993874335856
1.135344852798792
1.003926952593877
0.882858175522423
0.842595128137899
0.783305078018099
0.663132650140018
0.552014151366008
0.424373597911417
0.329755594913411
0.245327266274112
0.205430473457789
0.113516154498856
0.010965943560944
-0.100446011589063
-0.199929562503658
-0.405017377432504
-0.560474768650206
-0.741604376261561
-0.896486253773560
-1.013384846197762
-1.109735619207330
-1.154698219229696
-1.176153919652173
-1.206776494609027
-1.248363728178231
-1.282645296084342
-1.285317384547230
-1.299404522554641
-1.298959632996479
-1.348498685810594
-1.429421421508839
-1.421900851978607
-1.376836817000582
-1.363282604128820
-1.303731958330756
-1.239033013640604
-1.130388749257385
-0.959709358092393
-0.873677916624682
-0.888236456891530
-0.830721305080707
-0.752853888440530
-0.608860737211776
-0.462204516291121
-0.359749997951657
-0.212123174292783
-0.069909757199321
0.016462571485187
0.076051328322456
0.128913916763387
0.188693493834422
0.180695676815817
0.273812412734874
0.400104689411497
0.455466834380363
0.503139448173222
0.526318774120858
0.586596749180561
0.659187705749815
0.670081543092763
0.760864228262567
0.821286193170258
0.800676414193410
0.794346065258015
0.802318568699079
0.831440584022256
0.797252198427172
0.802286141258022
0.779931435202982
0.710466636069328
0.711916996889416
0.852380038859703
0.995266935814711
1.166136865017469
1.297586130011537
1.360012263583352
1.474427570016178
1.556252495408123
1.597145312067143
1.610195641352626
1.664743973306859
1.688664824350210
1.678538256832037
1.688193864865855
1.754791997524411
1.771045717030678
1.750834348979951
1.806685314019556
1.859321225595189
1.905347184677665
1.869574389957591
1.908974268543859
1.917404637630469
1.910503167479894
1.914802334470930
1.812627872950474
1.704915193748541
1.628613792779988
1.506675754814925
1.308216946641234
1.130036311357064
1.014072929348728
0.901930688728154
0.884482849104993
0.788867473487427
0.638931820693234
0.532507465512375
0.395090843312261
0.277345509947231
0.232862038402267
0.195381639146125
0.158941126732128
0.031848427146901
-0.062228525262771
-0.198228676297455
-0.402055645492887
-0.556209484895548
-0.724132007245885
-0.868863018216124
-1.002956651594987
-1.098810932905766
-1.169923243236569
-1.220073407802929
-1.265339737711875
-1.317013255283004
-1.344426744247138
-1.347092250738748
-1.322606399593710
-1.382975632714026
-1.423877414476105
-1.460336919738767
-1.426030601793919
-1.351274824167196
-1.350718486409279
-1.293096043950883
-1.214908484331408
-1.102490814778794
-0.991778114937431
-0.942508908882663
-0.921041920501161
-0.881504115624047
-0.803177429334051
-0.689201017148312
-0.527545414675797
-0.382933336098239
-0.246256951000548
-0.159350408098614
-0.052153821753400
0.056766480429892
0.145607609436182
0.204215248367912
0.217542078727471
0.348573124748624
0.471886660792241
0.485293584332123
0.496749641036414
0.511396747650139
0.562980248920735
0.642770439358783
0.707890531390974
0.776819192400320
0.832273551772599
0.807073217887192
0.798407466674678
0.801458318525652
0.814616504254287
0.820609283724266
0.873455373294162
0.824182280685268
0.749098494390349
0.755039202285014
0.872277809964997
1.027796117146362
1.126365500669675
1.252694464763625
1.355297297463277
1.444035558323620
1.509067374788835
1.532116539840638
1.537290342424340
1.544296894589382
1.557686902312487
1.587786232589724
1.619429014618743
1.713137978508848
1.761715426400465
1.723216603379665
1.718893677491047
1.782111959860953
1.824225315991469
1.819290977621157
1.840094860031406
1.849332060024835
1.898497492880591
1.852278026260178
1.797634980278743
1.737385617693220
1.655737872696415
1.540609200487234
1.371976557387837
1.161056110759478
1.041612318729752
0.956848639739774
0.887920945119803
0.771953404389790
0.654958699763849
0.533588183171498
0.403566666945224
0.277738107826896
0.216912908934752
0.195981587123783
0.117094879172954
-0.008562379241190
-0.083547246450517
-0.234581163158616
-0.354990492967193
-0.482807754396738
-0.631175424735372
-0.811765527761042
-0.952297133474883
-1.087818199446787
-1.158645819268695
-1.219853822319303
-1.311289262928418
-1.378088325600246
-1.447600887220829
-1.450934849149467
-1.439252790676105
-1.453884306222210
-1.513561375659188
-1.506697147769203
-1.454378305893596
-1.380132346127729
-1.304224330791904
-1.249556947507776
-1.202365448265217
-1.130991019017395
-1.051419657872659
-1.023134682060717
-1.000314412081260
-0.977123442408192
-0.875660904161834
-0.723710662874338
-0.594802542960875
-0.428441679003840
-0.315641819783236
-0.238812331600558
-0.137106353436946
-0.006712205494882
0.083455715310121
0.159999966188062
0.243567747131082
0.371206005882280
0.488692737745851
0.503658212744033
0.515950473631414
0.487493198404844
0.518657466938598
0.620587695241146
0.730822505908644
0.775686308667511
0.819491987658611
0.793892851645233
0.799656714305785
0.804016854997330
0.821835041430009
0.833023397492070
0.867842638194626
0.795497304091527
0.782699065634856
0.822035531123129
0.900669490571675
1.008582961929931
1.097863563766316
1.217041217895424
1.306678499485994
1.353157166333329
1.385509000350055
1.433150645765224
1.453355833815095
1.464661664676385
1.494999135641868
1.493588728380202
1.502508451749324
1.612408766354015
1.708427113215276
1.652292790169606
1.629274126916308
1.668931620922784
1.704431538612644
1.728678020466471
1.783909245909377
1.798161016194414
1.841545874632098
1.811056015909391
1.756861569599476
1.729800096187255
1.659702746165526
1.614917340471810
1.478187943464259
1.226270547572880
1.061139931429909
1.002760801823813
0.921428444164603
0.819510138105776
0.704281662004401
0.612182464821716
0.467934722341670
0.347028385730713
0.249089058926141
0.197484760883516
0.127950419050045
0.022486055816400
-0.105696873557187
-0.196954568051628
-0.299883935200401
-0.440741544709572
-0.592318536974079
-0.776868093746579
-0.930008076894849
-1.078712838774999
-1.155938815630486
-1.247757767788744
-1.353602939513420
-1.411697568655542
-1.459625810662324
-1.464082971504667
-1.503962957048684
-1.525170305498476
-1.561335326408265
-1.570613901369551
-1.516721258704274
-1.433321329870764
-1.322797728375204
-1.256123684517503
-1.200944745559760
-1.169760120063923
-1.096514271781442
-1.036951803670110
-1.089882685780618
-1.047761973081502
-0.908567807884675
-0.733951019686232
-0.611287617833157
-0.495492056925759
-0.418832349684963
-0.352772238041578
-0.242272918228711
-0.119573855112560
-0.011416423198503
0.112271729796560
0.272153224927288
0.400824771615540
0.516788907730444
0.566787231512093
0.554217476813648
0.490755744498336
0.491292585668826
0.593044342473834
0.704194388509977
0.785717525814669
0.838643354202790
0.801055224287895
0.778219820783103
0.803385935208287
0.799189522953190
0.819870473626619
0.801125237527874
0.723227876243004
0.725498540149387
0.782432113934975
0.903115065588357
0.991474872952294
1.044734291354298
1.154646407216773
1.249832466405053
1.274514245811375
1.263068374495978
1.296116491917500
1.342798947467365
1.360677453995884
1.423745526860591
1.460230950601274
1.485146733318547
1.557718711712327
1.612130024611881
1.579138494911607
1.596913920526997
1.616879915126630
1.625177918106096
1.634460422836213
1.696980571270805
1.772272396728531
1.818612245286987
1.785075397804750
1.752537319208896
1.758544988788034
1.733635164041114
1.673317579844018
1.518904832453425
1.326750525884823
1.140115721034701
1.016394726738967
0.964007366510695
0.884838859365759
0.769659012589122
0.695047072693788
0.524575076007283
0.378817716096640
0.272950447570748
0.209442907782421
0.140690101652409
0.036981507708308
-0.066887027146889
-0.192317193525402
-0.310736797659280
-0.437887806612887
-0.589028241263040
-0.749639677413610
-0.899176958905458
-1.062378181737358
-1.161113704607301
-1.254623754800839
-1.334418906398405
-1.376425044683623
-1.403779145264764
-1.444617865927164
-1.538956803071787
-1.583094190232805
-1.599779924205111
-1.616317786813379
-1.571326974574475
-1.494871502715353
-1.431063291207540
-1.333090102464731
-1.249497532904971
-1.200623775317430
-1.152091513774621
-1.109635793085416
-1.119948986695698
-1.063547771856747
-0.918871149594624
-0.792191378394134
-0.672580066224907
-0.550479207203978
-0.441948380065800
-0.388262896219747
-0.314298196822366
-0.215020234419352
-0.073431762441858
0.093354885322722
0.252615484404728
0.400278770990339
0.483667415977402
0.530817275653922
0.540456684568408
0.513420727514431
0.498058080257168
0.554778701596127
0.666386121612159
0.752960263408419
0.825506153319126
0.837587342183512
0.785195624794148
0.746973165623123
0.744309285956483
0.742258576831364
0.702894098662513
0.632432326805446
0.672016102365259
0.737138457713801
0.843963878036594
0.966042017561097
0.980134469526051
1.038375494919715
1.191644477373908
1.197634829807125
1.165192304821643
1.201429275925569
1.260853602921034
1.268343023189161
1.341496047018539
1.404165916899499
1.455618856170240
1.505572729334261
1.535264869969430
1.548105761984289
1.552483399141113
1.582665941558484
1.576430046482513
1.604431790794494
1.667484053353792
1.743570634899988
1.823835677185974
1.780202007654140
1.733034719115959
1.732399983426197
1.726650425221274
1.685956095809146
1.547015745154668
1.406550577673023
1.239151944744546
1.061563617045907
0.979216163943813
0.913256006007985
0.824312905620244
0.716965376806255
0.584342565970720
0.478272833726508
0.340942453881128
0.242607270431600
0.186552137659155
0.068931215293157
-0.069992595287221
-0.162938942825288
-0.298328715908124
-0.423498135579987
-0.552840343128720
-0.719700986407483
-0.860030312810798
-1.035796508596224
-1.133536155042616
-1.183293711560459
-1.214395806465386
-1.280211156914861
-1.327432240881292
-1.402376558981406
-1.500499433642619
-1.576239609587019
-1.663955730793659
-1.695953100954324
-1.646885353669351
-1.556522516724218
-1.509412653313024
-1.393482811835545
-1.311403767550205
-1.285244882198412
-1.237427380608490
-1.199279401054973
-1.156122012658139
-1.065694479114001
-0.935859272490940
-0.862786898900684
-0.756633862703146
-0.615809137182651
-0.518539039592583
-0.442721603809424
-0.369403683210299
-0.275104044050550
-0.144477860605628
0.044440828229565
0.197539685683472
0.316428620688626
0.377081974255022
0.428219126395280
0.509308122773873
0.575531419600906
0.575632857556448
0.591084453834819
0.663700829052196
0.725563736690440
0.800630532498510
0.815369423406099
0.747792947894079
0.668465147160156
0.636650459411908
0.602865758924831
0.590924041142159
0.595851648717191
0.643738559238878
0.684401867768479
0.750947119326466
0.871724129172127
0.920648316486163
0.956465969681987
1.032769591680865
1.096905311371933
1.115462886422950
1.144147839655089
1.191491436362274
1.213833786827403
1.299186764595572
1.369256108692150
1.405236654420481
1.432125845247410
1.474320265035578
1.535113959209790
1.536339899263588
1.559931927428709
1.578126200710112
1.615544690788845
1.679481192455820
1.721563144599059
1.751042501192786
1.762679207248868
1.765694480895744
1.751175470413628
1.741064524486281
1.691285245946420
1.612177156366291
1.471544042186890
1.276102406842217
1.127734500526265
1.017805455435834
0.983025257836960
0.907344078442791
0.775796942987021
0.624244906763961
0.553297272110334
0.441833341095448
0.315627575994927
0.258426316293337
0.094823477582864
-0.039428345515782
-0.096465264582707
-0.214198596396742
-0.337110254491159
-0.500083714201860
-0.671819715880133
-0.797335959499408
-0.914755419891228
-1.032293917741821
-1.090748296430282
-1.169452057354216
-1.246162721703133
-1.303915588364753
-1.389513605964109
-1.495405848140269
-1.596227269291164
-1.684380947433600
-1.717959777233480
-1.679097018447549
-1.601372628101610
-1.542363616012440
-1.457589745193301
-1.400469810607677
-1.372066892228815
-1.298207186995305
-1.216758441121704
-1.137124014558821
-1.057694760663199
-0.945029081853873
-0.877335406192450
-0.809443877731674
-0.730484375116587
-0.631120831058962
-0.549479348878024
-0.423320913485400
-0.322811255706615
-0.221015166173858
-0.051401231322100
0.093081215821589
0.241047826110209
0.341785111521083
0.382588306163968
0.461766930008485
0.565438462244980
0.645480580683339
0.643864044709033
0.666119128814043
0.676244322676065
0.760239271101743
0.730337842330486
0.675102196591928
0.600487121305507
0.519678198501049
0.498021763773478
0.524418427682971
0.605797181023688
0.637403069391369
0.622243484838469
0.638581745088881
0.795243350627131
0.876472748106048
0.910096198738212
0.978188718647571
1.035985347614997
1.064661387964577
1.129980477044134
1.177176040090768
1.225770391066411
1.265950260814770
1.339625762561469
1.388296407254971
1.382613733795074
1.423997809009544
1.445487056642262
1.460358822524728
1.521565147666314
1.583932516093555
1.642121831942371
1.696946721669575
1.709437374008009
1.692793228050539
1.743097183528071
1.775819433016439
1.793086804413979
1.780219894647826
1.712408995483350
1.583891419625781
1.461434452347911
1.266220105357304
1.112879476651797
1.066148149606316
1.015898440230348
0.942711564952827
0.845084395883811
0.709245564658220
0.623925212532802
0.550242529446042
0.398826776291990
0.347232816334375
0.165209140589781
0.019979967547319
-0.041809247225523
-0.137062844614685
-0.278643902085894
-0.467109077398104
-0.640270267663340
-0.726974563659153
-0.825585437304795
-0.945271662930649
-1.053637745086866
-1.158549864492771
-1.244312583920339
-1.341478580551329
-1.416825393853584
-1.506831166989493
-1.619404319594781
-1.677239681831738
-1.705615845708725
-1.703480877681760
-1.655008903586423
-1.586020814988431
-1.514658973982987
-1.521746227088216
-1.431480110230799
-1.324748726678811
-1.238734661828659
-1.142358633039034
-1.013098088787654
-0.933354238116391
-0.897006065972341
-0.827350798571999
-0.788346202100541
-0.738690984439201
-0.617842086578425
-0.491771372927134
-0.354490324571508
-0.213369808533455
-0.058314761526395
0.054689749020391
0.201734793865335
0.284051235892621
0.349660895350585
0.452468403017946
0.534787241341058
0.642416671984789
0.677788613100732
0.678826323017436
0.679692882664363
0.700199619771229
0.676233019310777
0.602756561874830
0.497684919368137
0.452098342341484
0.483973227331268
0.537083151761558
0.605279026353288
0.608585551288803
0.563436759459765
0.533577905468691
0.639188111241932
0.778496816965947
0.834003588733910
0.906114895301825
0.967897110466860
1.021846311248044
1.062102567368349
1.120348990420799
1.171872664242743
1.240970561179994
1.347814002862769
1.392455027851137
1.410384057692111
1.419776999261608
1.393548264855363
1.411487590737189
1.452325680196073
1.529953851635715
1.610803899443367
1.663285818201031
1.648151358824461
1.626984438388457
1.694238090807728
1.731595665922613
1.770871235795201
1.804908618752352
1.752299400037487
1.639335708581686
1.485421792473685
1.295765103029948
1.182194038978176
1.125780030013666
1.043775699365013
0.999368737704598
0.944521943672067
0.818239934735827
0.731457260624617
0.604633001940074
0.496014769685286
0.415313421500273
0.266377341919675
0.128084833947710
0.044372236994273
-0.077642326465251
-0.237650662115247
-0.420009196888794
-0.549850240637737
-0.670438046500706
-0.784528195197635
-0.900434415102238
-1.067619586156946
-1.194416600338787
-1.271811075528196
-1.335933092556709
-1.437843043350988
-1.551923683853582
-1.670971936425141
-1.739790095421261
-1.743779803112411
-1.752856659836065
-1.732930706216830
-1.714261336132571
-1.639759643834754
-1.622963690560093
-1.532079668406046
-1.436187369486311
-1.332506314156557
-1.248637373622052
-1.121003463203766
-1.014452340777324
-0.953743557330432
-0.895209407866101
-0.856678715281107
-0.833469043384403
-0.761946958806535
-0.606800361834748
-0.399293435777482
-0.217477822453237
-0.043230252716455
0.069198695572196
0.179320063865955
0.232907760780800
0.316928801290764
0.384449220524830
0.490564167022273
0.579706722253029
0.596491070783393
0.631424425195339
0.601906037909269
0.592390944522314
0.579134943506083
0.528459543302881
0.456379406756144
0.426173025691748
0.468108380209104
0.541604295149711
0.588051323619780
0.540998640776322
0.521531179865135
0.516067316646887
0.557164377534611
0.612438787818873
0.673080063881512
0.758068661472431
0.864036421593718
0.965728662034704
1.012059107714011
1.026939586157158
1.102359407400627
1.202906730756468
1.291620355120972
1.324872612737085
1.326142239573289
1.358640719767494
1.331943836002781
1.356127898104348
1.400568446065467
1.487032152618961
1.598779385866423
1.632969354468212
1.596767070544717
1.578586578118451
1.652897690711844
1.746522568483168
1.773337688392792
1.814790847256688
1.782063744956948
1.684967488841033
1.531964794309250
1.390423472863085
1.285478182397523
1.233995253848331
1.154700070329458
1.090676027125663
1.037326308394301
0.951740458894094
0.803747054731043
0.688766720330338
0.559172073372682
0.424253888309851
0.343796326121423
0.256638340519109
0.135131983715402
0.003954098121212
-0.197022876143987
-0.368556040193596
-0.503007512037973
-0.645866291568090
-0.783337452522987
-0.952333301256694
-1.146987292314775
-1.269715780261819
-1.315008992527803
-1.352454615395853
-1.459259941853189
-1.614402696414102
-1.717587386979996
-1.776992763970602
-1.792701188409550
-1.799505536419111
-1.806744935448094
-1.809961809549900
-1.763605140883862
-1.715114968088128
-1.605176771575827
-1.518469106950140
-1.442137847937027
-1.327435251152079
-1.212266119674366
-1.138259411787891
-0.994090264362086
-0.916380258677692
-0.909946649486989
-0.907210455794230
-0.848675739260604
-0.699208394257921
-0.493959025514403
-0.231665516150947
-0.052267696075794
0.026933018041728
0.110927289654033
0.155065027620148
0.287037960227025
0.357759245743190
0.410504872389398
0.502055617804487
0.538933174698598
0.526590957952118
0.460730293756901
0.386972322376801
0.434721220161357
0.443518786954848
0.443522426584685
0.428130748951319
0.441320313667089
0.523402638975575
0.565760677489720
0.498122656659305
0.481680258442131
0.501079050367909
0.521533744516034
0.508687239103589
0.547152402947896
0.636898717751131
0.737177912774574
0.859596416226080
0.934842402731825
0.988427179270732
1.033337484257435
1.116350812250040
1.167821000586736
1.207183078816476
1.230680918273245
1.245063094975599
1.260421418972903
1.304053892052648
1.377402031920981
1.483543646071600
1.562653218349734
1.588810155292498
1.586375602051017
1.585053622094899
1.648699079895924
1.724740052806004
1.766735102811667
1.761120730841738
1.788917674742749
1.739213311660321
1.576518327263207
1.451381100381371
1.387319650684137
1.338449681336621
1.220534513018872
1.142506216561750
1.109186528663396
1.035894836576455
0.890469775296647
0.727487985054926
0.587594981997828
0.470069893944244
0.375930893868812
0.291754742756386
0.172461822260863
0.025161155289340
-0.130562728473779
-0.338774129122121
-0.505678208792172
-0.653263510911465
-0.821977180443316
-0.998690964096032
-1.194970047679285
-1.287278859143499
-1.334751669381904
-1.390854306509570
-1.537988573418915
-1.661639792891698
-1.763342305407480
-1.840220064647274
-1.877805770825091
-1.891726456778954
-1.914255087203035
-1.907887393960498
-1.866606706597838
-1.784421205077102
-1.666920137189115
-1.576143772386491
-1.472279100942453
-1.383181117946965
-1.321806069535366
-1.232944188062580
-1.081371034214806
-0.964428340548886
-0.964936635819610
-0.982851670071279
-0.874532318024582
-0.733526658570724
-0.576969577829682
-0.346606639798976
-0.180471889313802
-0.054693510321802
0.044399088693173
0.118714588576443
0.246677030816924
0.305840557540919
0.332274212735869
0.378646877384717
0.405866556190824
0.406145179658988
0.320896456887596
0.274356082749425
0.341509378727506
0.385563428098398
0.417927525823942
0.393336727381458
0.448091349267580
0.540265321575127
0.519000781102894
0.489969320605870
0.428592612724596
0.423069265565342
0.441088715790438
0.501628949891183
0.520678567938878
0.561098574083231
0.657895296619314
0.760694487998409
0.839369183223658
0.953465637324868
1.040139344737315
1.059299310942502
1.112776884563715
1.167324070721371
1.177637400846031
1.220564343574337
1.253100830150920
1.331579288230233
1.409531701334794
1.445569603325073
1.516225274655758
1.565652805346189
1.572247350513803
1.588657031042274
1.651236204081638
1.704784164810292
1.736789502353467
1.773896530691628
1.758191165427996
1.734188652564426
1.655742321443714
1.515176212416361
1.444404681085033
1.348506287990717
1.236756790021075
1.165893465586722
1.130538119975092
1.048395656678664
0.922478064094077
0.817603524748073
0.651834283288022
0.524438933963584
0.433504687037922
0.343707841934178
0.216226327676154
0.056957307755208
-0.110728806253914
-0.308706546154209
-0.453369233937876
-0.620010909401686
-0.817036946226178
-1.035921725000837
-1.208014958251920
-1.264965085753649
-1.319351845306872
-1.427423821736656
-1.585285480072039
-1.735550992927614
-1.850336478565992
-1.910065067481965
-1.925699076361008
-1.949505488603131
-1.992658506210360
-1.974038041496493
-1.934270038329265
-1.844788237636319
-1.742305828081586
-1.631921953428232
-1.525821237007747
-1.473837450749967
-1.423697512890302
-1.309432111922054
-1.178629708424490
-1.060685291458716
-1.018274111813994
-1.004381786119239
-0.890870800473114
-0.756860403435055
-0.606909577760842
-0.457168759091663
-0.316193478339556
-0.204150351590862
-0.059905591112509
0.067146324321785
0.173175894833569
0.234694585418413
0.255047720676841
0.283404036926411
0.304878577453639
0.284980547506724
0.237813037448507
0.192856694030138
0.202883173228999
0.247386381423811
0.320562066510532
0.318718870787370
0.369927553659888
0.405718352394584
0.393266872730979
0.428631469883754
0.397759612172403
0.336482598441000
0.363571845533588
0.443307057296027
0.514918799584342
0.546919865437162
0.674893148213150
0.794977331990657
0.881487572073325
1.017324433097331
1.083508750025904
1.142716361679287
1.199861529713259
1.188958240832579
1.217543357592809
1.241231584237505
1.307633690063845
1.386774909266705
1.444313427929719
1.476930415948792
1.502752500204547
1.530982933083666
1.551043777241114
1.591868530306890
1.628318111958359
1.679084620992024
1.733476307432931
1.752748612651839
1.715572116158041
1.682545392332669
1.648681669304554
1.557313083825820
1.457175326070491
1.386221488801701
1.312278008596235
1.227452655133093
1.154864313977910
1.040424585821358
0.909688850925559
0.809021803779703
0.660435184219861
0.572534131443082
0.465301586718630
0.380929181905420
0.249891542624728
0.073160464511159
-0.108343539880818
-0.251063865740242
-0.365196011150491
-0.539690000708540
-0.781606819603016
-1.008463822294541
-1.197243114639347
-1.262910656043083
-1.325722565422561
-1.445750059786640
-1.582837554205316
-1.734646946059336
-1.829659687634129
-1.877703086619864
-1.911332676442669
-1.968486561042369
-2.009350434496292
-2.051172475612309
-2.018839389883262
-1.929021900118202
-1.795821982019371
-1.700481141598995
-1.549512666524125
-1.528029988922770
-1.499235589640887
-1.396014340807042
-1.273448961165093
-1.171293229845493
-1.141244836864631
-1.083677412985449
-0.974190755320263
-0.811128465803648
-0.648294433813438
-0.540219566245688
-0.446475394569910
-0.314098840944802
-0.155937346277193
-0.023917290809857
0.098112628694766
0.162058844795837
0.195467748992884
0.199399606973129
0.185182949061250
0.146464563050869
0.129817293428069
0.090285949312414
0.076916134052609
0.097146675394712
0.148035208692659
0.179138690427931
0.247688147109956
0.251473822345613
0.261732381057295
0.306970599262259
0.323369064890074
0.300813307917320
0.317850651372181
0.381468119610847
0.447045658296998
0.525002836884210
0.673223552150204
0.815628434711084
0.911592357622469
1.048322019860369
1.177598174051489
1.253600585376262
1.284024875673069
1.287460698680296
1.263481851573956
1.260815597211951
1.321124579747037
1.427918790740354
1.508550596387506
1.518888483613720
1.477058895764797
1.506930652330148
1.586885614549874
1.627946257520372
1.632839967052890
1.669470002287644
1.703543342837836
1.664887205546707
1.645681906337136
1.628891248005004
1.612771907590886
1.556566460500363
1.474415757485275
1.408464184382205
1.354608719724035
1.268156186176982
1.190617707596953
1.060625227629945
0.919152579939498
0.778225620977588
0.679063964270690
0.614746017665870
0.502309206250026
0.437635677509698
0.294162298488123
0.076277461171531
-0.059599583342755
-0.242244826905132
-0.363272777856019
-0.512977819276100
-0.718951353427560
-0.962267380269827
-1.114497196087466
-1.224366820853517
-1.324907109699742
-1.464920970913994
-1.539334933667443
-1.620484900876410
-1.701400395032616
-1.790012332368930
-1.893829494004095
-1.981997107532627
-2.032247492918351
-2.076523430475304
-2.055377860060927
-1.952675340189336
-1.850468434156328
-1.740142766027374
-1.639616713684070
-1.606282774276671
-1.580434217939562
-1.494651677757519
-1.420296794441789
-1.297713267592968
-1.249056243770374
-1.181898669909361
-1.054634328724317
-0.896750589981485
-0.794144939768941
-0.686825989556512
-0.527554575266495
-0.377164853469712
-0.189774517287633
-0.072244450994877
0.008085054280484
0.061527020335583
0.108793355278311
0.090413471559648
0.049994653818766
0.022030014265167
0.001654053818163
-0.001171598179816
-0.012299234477861
-0.032397241505170
-0.004865380243608
0.013209765533309
0.017032659461489
0.071126688138223
0.124984585087938
0.191531890467530
0.211407916888321
0.221212302505677
0.218624753353798
0.284589849215552
0.335177567183138
0.463074675008250
0.646075599399786
0.809064742808684
0.944401403415317
1.062895567858970
1.219475109682740
1.320060142425942
1.346795917217285
1.350552347375414
1.339638649423536
1.334946370166407
1.329283553030096
1.406966348707559
1.531709739343714
1.534545640760597
1.506368103782656
1.526450129456231
1.573840240078268
1.577598392623244
1.604693427948968
1.597929862812264
1.594912779445884
1.579449479164605
1.560743150099661
1.559765014682931
1.562991490856347
1.532722070593915
1.462093651212937
1.439693355337217
1.389276172643452
1.334629628103984
1.241605069814948
1.120633328106510
0.987434007504276
0.840864870009242
0.752303201648147
0.662048759556321
0.541389775525254
0.450104819998549
0.296376147690794
0.130682470856398
-0.040530392267762
-0.199876363552136
-0.375528749501142
-0.520692314619272
-0.705710804739465
-0.896798486809466
-1.028241221715297
-1.174006476321738
-1.299402797262949
-1.440022852620547
-1.521303360734885
-1.568943969065129
-1.640218981982548
-1.691427336247227
-1.815407815988661
-1.921692695630307
-2.008167666325912
-2.027543128150830
-1.988250027375535
-1.932131676039853
-1.880643784361209
-1.822648305074103
-1.735964732025204
-1.706429119047455
-1.668153257029673
-1.544561464332922
-1.454603756504410
-1.371801856857166
-1.315145544810367
-1.266904461647629
-1.153500124461748
-1.025153260711194
-0.899096180317484
-0.789575041133967
-0.650445382554311
-0.480632243146603
-0.278188982887720
-0.138167229979319
-0.111238778467005
-0.061179789786287
-0.026225137312566
-0.034991445223850
-0.056745430326182
-0.078228497931983
-0.069603283838421
-0.056381471462719
-0.111333526363132
-0.146627499224884
-0.143825953767914
-0.148840945711938
-0.136274095578588
-0.056180290115913
0.023504534133250
0.062057936853354
0.098716991469968
0.113663027640046
0.117561752395999
0.168995816136848
0.262326497283544
0.400857091899078
0.568845227846251
0.784700335556590
0.960767649417618
1.085582793196162
1.265353796376497
1.369831287129540
1.380716932932065
1.372163814825322
1.374413519709540
1.375793787693925
1.406528109361361
1.431157653413508
1.496152996900400
1.559484854129405
1.539525722907513
1.536637994317989
1.532532732670446
1.510703081063273
1.541957745280964
1.557865689727909
1.536195694573107
1.500049067743373
1.513366245422771
1.506052135597578
1.529594149184394
1.535753102386044
1.483702157014539
1.480564177653219
1.451963893373747
1.402469330426511
1.301253828752370
1.170553145102413
1.052672081671942
0.911338219823695
0.785359655424058
0.703665852702659
0.577836840100346
0.435969719958172
0.305841095089011
0.151557432014294
-0.012356139876085
-0.165702433734389
-0.330728897949105
-0.483179218362876
-0.668953041131677
-0.841195120715968
-0.989837842851884
-1.141385818359252
-1.266976978682152
-1.415300607523048
-1.467319663031240
-1.501274493142386
-1.537645150951201
-1.606526224623909
-1.689051017599762
-1.815960385898590
-1.895370024180372
-1.905667475983585
-1.912954936285150
-1.926645943700510
-1.903458006684303
-1.865266279511852
-1.791443477358523
-1.751023487061099
-1.690733103518349
-1.565334816612767
-1.471142058574719
-1.401167102943891
-1.370534296460256
-1.332264438644536
-1.226122997843139
-1.118378691066526
-0.984841015665622
-0.853888155552407
-0.745746510678217
-0.610502575717973
-0.428546754121910
-0.282620162299908
-0.229590732832471
-0.201659248387130
-0.151305199625337
-0.143800530370967
-0.155992645836390
-0.178546820431796
-0.184312168327834
-0.209700569209839
-0.229591378866311
-0.216655593565422
-0.247785370710789
-0.253195429751117
-0.241287691062582
-0.155451375787382
-0.088100310896277
-0.043555527710322
-0.017299286130806
0.029748353122182
0.060688174880863
0.144139524824406
0.251722417558747
0.385587141832136
0.583212244574003
0.774937704880380
0.947037656980628
1.102721818981371
1.205079648366007
1.310637912078548
1.329000256081699
1.300388512105557
1.347707098339332
1.352674667762208
1.423161689697321
1.470788387791561
1.525536134946946
1.547576612461123
1.525876682471542
1.533939330023818
1.465858107143286
1.467161393728925
1.494200895751067
1.561642759841403
1.526712475448618
1.515947120873240
1.537266979093204
1.538879458845589
1.569731956894622
1.548799759768609
1.528484004623436
1.523754795851996
1.474147663639555
1.420338816299306
1.335626584399609
1.195226949356273
1.100360657988382
0.998671707485237
0.828552708272285
0.777416608566125
0.656589008739702
0.517403758674028
0.373821581182248
0.216558586835803
0.051331724050395
-0.095819089463477
-0.276120911989856
-0.413861405280521
-0.592869164399437
-0.774361519893643
-0.952469797369695
-1.117537592077908
-1.211204042245865
-1.311099911352475
-1.335840313856064
-1.392532348979432
-1.457783223189524
-1.561334133556945
-1.642282378779086
-1.742225328259349
-1.825417088696708
-1.843234243567418
-1.869277005599315
-1.891728878332740
-1.888967102166530
-1.856277892547267
-1.831141107946670
-1.763239656114256
-1.643366640752294
-1.546586968133473
-1.508326639731017
-1.448903570621165
-1.430133879194817
-1.381809185616785
-1.293556109092417
-1.189662816631842
-1.088853530058524
-0.959681054274990
-0.844080818079784
-0.706358160922786
-0.572479898221034
-0.444042243448390
-0.405888288688235
-0.375927354701880
-0.301736536432372
-0.295980117486425
-0.300233142173792
-0.326117686226944
-0.368670265279701
-0.366136890347235
-0.319256199203740
-0.309851038373730
-0.332585594806243
-0.337853151590618
-0.319139226992555
-0.240407464214741
-0.152998536964443
-0.110673649192682
-0.115182648913744
-0.043957716590442
0.016180385014640
0.127819948583856
0.245428267335356
0.390765411194033
0.571218274873820
0.788482706589066
0.944822817554071
1.082333121905509
1.183339540528201
1.261301732166693
1.293976610600809
1.297099785527720
1.349051927907978
1.342995025468377
1.388603028425454
1.436379424534982
1.508785502606432
1.511734627887907
1.507421776814986
1.483301234228577
1.423197625584854
1.418963951010718
1.512938554474475
1.579593091239757
1.585426483071220
1.533800597629545
1.564785980425923
1.561407767818389
1.534676494185226
1.505802049812058
1.506168795390145
1.516736024471631
1.457891851673620
1.410400798978561
1.313705670915174
1.215524915837189
1.142117647767261
1.037472280953059
0.892795574896547
0.781538266157521
0.667642634949675
0.545499946781559
0.407634361071132
0.273462503854954
0.110035751986648
-0.060094511945402
-0.242307756589775
-0.396853683320241
-0.574575422542874
-0.768945973656960
-0.927248258159585
-1.053920869056371
-1.149981944402912
-1.237876430709012
-1.283406234960963
-1.311965741467335
-1.388506831997256
-1.499616285332144
-1.589568197607235
-1.657467257156369
-1.773012925746623
-1.805190277078292
-1.858447285430729
-1.867225313937423
-1.891704445999861
-1.888732432444945
-1.834538810721849
-1.738647889750900
-1.611746937663052
-1.608249808583274
-1.530978112710442
-1.475643899094039
-1.454012584341345
-1.401731412129665
-1.330054042555511
-1.320024193813239
-1.234602735328318
-1.112095040957004
-1.003518219216632
-0.857496058966102
-0.705022541142184
-0.605691161356622
-0.584587422525338
-0.549761777864442
-0.448556572550723
-0.448241396360430
-0.419900780661686
-0.441647001012566
-0.495334246018144
-0.490496134256304
-0.444004347739138
-0.412689919115915
-0.405063496015066
-0.418101139363363
-0.397530329845546
-0.329505981123333
-0.242473346331447
-0.242613473259662
-0.222966845462883
-0.090300732056595
-0.015099732454059
0.097036635814573
0.218943312401474
0.339271471694384
0.525204637072655
0.723614801316720
0.935901605233801
1.030163081284315
1.171241271953745
1.278282540022534
1.335283818977101
1.348422011495118
1.331127701102375
1.335161024903031
1.382933899565623
1.419466968949402
1.476464000645968
1.461844716486034
1.479119867460411
1.480636511414599
1.451304960743598
1.452879351376056
1.519707897243733
1.571318384807758
1.595274137879682
1.531776684669375
1.574563479654635
1.565907233017697
1.500989794999638
1.462269046997521
1.497953502601325
1.533717892251544
1.475523308006448
1.424639347891997
1.343362731897655
1.244149446440713
1.172943643637196
1.037054567406593
0.909839479907402
0.776710600763412
0.661109548575982
0.543929731791398
0.406822249112772
0.291790012487118
0.161282332901280
-0.013866338692689
-0.179807921228532
-0.395602277899554
-0.578180620967376
-0.728257022838840
-0.898128234798164
-0.964199068765576
-1.034745489722713
-1.147630604498821
-1.238252175183115
-1.298745855336208
-1.320670854582876
-1.418671908942847
-1.528367585281645
-1.567865612249546
-1.706560806243850
-1.739504291006994
-1.797445826690980
-1.851352965300724
-1.875602399365905
-1.904169285095192
-1.840565619635352
-1.706489168892284
-1.626223044664373
-1.631168653094202
-1.575876036391734
-1.538843231022356
-1.502999469345285
-1.476341229272429
-1.494222432880810
-1.460096810657708
-1.373266235261231
-1.267119972393256
-1.122398060771704
-1.007125615345208
-0.876778468715896
-0.759345622073024
-0.711590842915375
-0.700880513324769
-0.624965981197914
-0.613355421833039
-0.571273562950654
-0.559982709742426
-0.546450169062233
-0.544057612279351
-0.561695567873621
-0.511416241177415
-0.468273465417268
-0.473618259110696
-0.443283402895439
-0.375947359544814
-0.316890218503548
-0.347068821012927
-0.298887522211685
-0.103988016437801
0.039820277111657
0.168421072972221
0.257692617000392
0.332338794233903
0.494079568037885
0.693825745378019
0.896505383182536
0.989741412389861
1.088931231186039
1.209743356803709
1.270652674243440
1.296839866125741
1.272780829104617
1.281165085688369
1.323870499300440
1.385973691390182
1.388498293625424
1.453997366232697
1.509906704366804
1.525344497176609
1.486424351697785
1.452419115534753
1.521217679800138
1.576326168677695
1.568117255436969
1.523250087815317
1.526735223191711
1.551109662432391
1.521771208627690
1.455766050264323
1.498242594771748
1.538695922833482
1.529692071609794
1.468919476315408
1.359843580787782
1.267874996123663
1.198393614795287
1.048861672635762
0.902892860825101
0.712685261568300
0.566343068713485
0.491242314867292
0.418262637946641
0.299715117399976
0.136209267519862
-0.058882274039347
-0.181530038921570
-0.367069876325641
-0.555024814486017
-0.689514567700872
-0.826854560177948
-0.931669617212046
-0.988633505975635
-1.095839566663876
-1.210082955403907
-1.239400839994877
-1.272935031670184
-1.350376821169820
-1.467982826896134
-1.544046658717082
-1.637875390047419
-1.709460713688011
-1.764126626215029
-1.810110003649761
-1.842309922551040
-1.855104559388647
-1.822440810988935
-1.761850784176030
-1.677740217375822
-1.637477796681141
-1.656421498897971
-1.659763819145706
-1.654699505645495
-1.631776677127317
-1.612996123570436
-1.512806242799039
-1.453991293558064
-1.320714062847103
-1.216685421194793
-1.097891339571333
-0.967767568738961
-0.906277106722758
-0.840651333252156
-0.794170899004674
-0.736786662794894
-0.704166021225997
-0.686321631731410
-0.641970493506456
-0.574940669267091
-0.526631388660665
-0.559069819738456
-0.560338588838948
-0.506594380443953
-0.487832889810280
-0.476498985113822
-0.426408765998699
-0.404765143147070
-0.387791051745712
-0.310769434381792
-0.133872382578633
0.056364444195626
0.210012374415269
0.340961384805481
0.397251339336792
0.519424044153672
0.679061694661960
0.896428441885244
0.999570554642174
1.077197931980193
1.215123625948250
1.263125892461578
1.266698663077325
1.283799787829870
1.272262750676346
1.342685501689362
1.353714696497017
1.361787306116016
1.449253214614564
1.518471139257856
1.525181070298346
1.496881479039367
1.474078508430937
1.525845702215639
1.581007010965041
1.581331965000019
1.519014112105525
1.527673042822842
1.572532753026604
1.540156296278125
1.526326281176968
1.524774175473879
1.548264661039727
1.519642405796934
1.437859475013585
1.316727978264125
1.229502286122615
1.154614161222254
1.026877752447461
0.867798455464321
0.700042845734998
0.575255719102229
0.504843231629103
0.384768484615796
0.224302577939102
0.052484046542934
-0.131079453866557
-0.224969739020263
-0.349292278697161
-0.537929270168304
-0.680177246948611
-0.808448228112885
-0.915385916135221
-1.000744031788925
-1.088096234967981
-1.152333467173565
-1.208882414557209
-1.241486079655856
-1.341276775693191
-1.466884764530658
-1.544236093509806
-1.592272083560419
-1.672105055918398
-1.680299509044261
-1.726241784425122
-1.763458754322395
-1.748694172797814
-1.746401612079012
-1.759246337187126
-1.719036362538610
-1.705577969781926
-1.701187065217617
-1.716358736385289
-1.721225548697648
-1.702082243442128
-1.653874881342106
-1.574856616289591
-1.501602905751574
-1.383875039438119
-1.293761389893910
-1.192741110398845
-1.088618527088521
-0.987266813823248
-0.917306302404150
-0.859761895072262
-0.832212954575610
-0.777617249113016
-0.720014214297182
-0.681038529871598
-0.604687515364014
-0.532230852052026
-0.518069214538205
-0.496816650992311
-0.479617868793228
-0.498866107419240
-0.494666687736946
-0.463729370775815
-0.465206221986430
-0.372046812519170
-0.255677987654764
-0.140402212551181
0.016262314334190
0.188162423859920
0.372848241157034
0.465673195669484
0.556785256978063
0.692704329142180
0.899712378470420
1.049519704472192
1.149773250346426
1.284506343611365
1.316553584750160
1.302687841816113
1.330732434256676
1.345150609841386
1.371073037660794
1.420038617308063
1.441228220841155
1.484739473628175
1.509933295665358
1.507203993109766
1.510581529703353
1.499216160957002
1.523743392305035
1.564662099949985
1.563588273108660
1.531857420232320
1.578474429711007
1.581391990984416
1.553307584860058
1.559229808094479
1.531651973564448
1.526180088671956
1.463844430865201
1.337326195678854
1.251619886922238
1.190099084623613
1.098665435649506
1.011434331382368
0.869068793475020
0.746340483934664
0.609206276933140
0.472589979906740
0.331747353825988
0.175672000504914
0.002675233512632
-0.130289575384605
-0.215430229455129
-0.351307998740435
-0.513701088887253
-0.664053802672936
-0.831950073542765
-0.883669395385985
-0.971125384322823
-1.064371189483997
-1.147741429019593
-1.188477904782179
-1.257356129852782
-1.344958574340693
-1.433109701358219
-1.548569850740312
-1.589332698171451
-1.605094669060329
-1.625535253934208
-1.638167753679671
-1.694939289329438
-1.725318445841814
-1.719770734427249
-1.752308159106637
-1.709795735219426
-1.729070537638338
-1.732099168337611
-1.740674694547084
-1.713538323966876
-1.721184067937582
-1.704377437174027
-1.619983134638083
-1.553679834122965
-1.464134804013316
-1.391106034977977
-1.275270245789622
-1.145731410705526
-1.050615170050789
-0.954453644650925
-0.931380039061573
-0.899364670513156
-0.844528193327561
-0.769667278481877
-0.690795642396050
-0.623866768162909
-0.568391951318094
-0.517476067153380
-0.469842942128906
-0.480396939772623
-0.534938352668990
-0.537325611309585
-0.485886971121637
-0.454368882014184
-0.339408037290071
-0.247506141005122
-0.142371002484928
-0.018905128486697
0.154848672003869
0.316524223483991
0.488888124319504
0.589972309859173
0.672324406200510
0.864278517454962
1.035401283183467
1.177485053615991
1.260694539586203
1.329602466397442
1.344819062958344
1.337322675235279
1.392121750999527
1.477683406397152
1.509915254133246
1.513171316414107
1.538921904562862
1.533664734793830
1.547778202920296
1.548183949761035
1.509911670193258
1.506392511108885
1.525221488034393
1.498475406146174
1.524440196499541
1.607122518975526
1.621694104486081
1.598417755502658
1.593513809557434
1.555400325444416
1.517557558714554
1.460049395234980
1.356370300278840
1.268597794943762
1.236389049843607
1.140965554578476
1.024652689059291
0.881569777943118
0.699149906205054
0.562375111448657
0.425689896350461
0.282229451926565
0.103973387203332
-0.011068399160552
-0.122244592341340
-0.226075135603908
-0.374048541250795
-0.539503248466652
-0.647725560323305
-0.780840733979402
-0.856387185139668
-0.932091024173353
-1.026833918625563
-1.117630398253827
-1.172870907636587
-1.264357408125838
-1.332632705183545
-1.399940097272783
-1.525993226775408
-1.582550387940605
-1.602070480790318
-1.655566827164065
-1.643117106570843
-1.648534092132384
-1.670907977968139
-1.715978562281282
-1.723074719693228
-1.712373607639945
-1.756570627484495
-1.757695902239041
-1.737940842321178
-1.698793699121569
-1.679133761850985
-1.651951496296729
-1.604052142159233
-1.568158719680919
-1.529273362754685
-1.429020518346545
-1.347587622319639
-1.220626776926187
-1.099001093835070
-1.011186343976890
-0.981737214501410
-0.966984207032054
-0.916559891714204
-0.807352285881742
-0.730579661418171
-0.662498123850198
-0.613163661509035
-0.606820792789677
-0.546822216830341
-0.516432465378549
-0.544059089018646
-0.564370991516902
-0.512479422976165
-0.427116801511418
-0.303390451852214
-0.231116567944354
-0.126294086574396
-0.029704462239978
0.131670160587922
0.347120994431312
0.488270700474409
0.623189675465862
0.708887799792399
0.857656298862170
1.027479847543632
1.173396449273672
1.283469517302014
1.333681580670300
1.431362151125533
1.418006363015165
1.456267343564321
1.533168254443636
1.583001101709142
1.588699335592261
1.573030195160608
1.551748561878533
1.518073008070973
1.558949583187453
1.547184617603471
1.523560022171950
1.505684471473969
1.522104851000343
1.547685711547810
1.593737942450126
1.658638335354258
1.643757919761807
1.615971236485523
1.548902013606503
1.479219542965487
1.469823134886822
1.402940395544714
1.326934372273528
1.303571897041526
1.205642805819419
1.036884349918058
0.853485350181802
0.720888230245741
0.604148762248171
0.415477710845470
0.250906105412649
0.132681452491477
0.013253485623205
-0.134509892977924
-0.252114813403751
-0.397462286591726
-0.549023232060380
-0.632544775024974
-0.728835128908992
-0.825285528273189
-0.918484755972835
-1.011140803935507
-1.104061022503976
-1.172063211366926
-1.257463746819316
-1.364868286342996
-1.439710356584568
-1.551044972908190
-1.615775902200645
-1.626344169519184
-1.673695050705242
-1.672641239842052
-1.620801230713553
-1.666108897639824
-1.765249176679316
-1.754307282941820
-1.751799311110369
-1.751810194792127
-1.730978499862783
-1.677651360887797
-1.663434137833993
-1.651043582675072
-1.620689231105406
-1.587981279741908
-1.563074409319483
-1.522597961087350
-1.445747303996063
-1.412772761731707
-1.277506556222821
-1.142668160430959
-1.060238729888545
-1.053069479931533
-1.030748948498713
-0.966660552973981
-0.868414719710033
-0.781561373189290
-0.696531627755309
-0.669741959105512
-0.640232849487159
-0.600549900951560
-0.561926357296378
-0.570660047887125
-0.570343421224189
-0.524161559950080
-0.429633466196949
-0.331867310028081
-0.218827810992091
-0.136831343007551
-0.024215800588775
0.169203573969889
0.380306026510706
0.539456302900884
0.664159682249630
0.791086981134836
0.941768468618538
1.043545551693453
1.176291065290163
1.333471643126995
1.397627434742842
1.520668316865015
1.521479839488573
1.532680537514442
1.567665108363979
1.602883379879703
1.620123625650097
1.566689925356763
1.517914340447790
1.496766050577214
1.539057628731257
1.546728049054528
1.554031768887697
1.566253081282207
1.563888292907964
1.561571512508218
1.603103216086334
1.673023781532767
1.661455699162813
1.622992835778958
1.538707674524959
1.461317264012891
1.433233073273290
1.380188905610365
1.327140812274393
1.250996319118699
1.172299501202244
1.042317990181869
0.850361024414435
0.713994138022581
0.588212666758658
0.424823847426692
0.286012307641883
0.163724711001764
0.041843807521070
-0.122087853177750
-0.253079407165108
-0.397344363464030
-0.535316162298259
-0.625443943752836
-0.734420374259870
-0.837190037001180
-0.937872514772678
-1.020017810092078
-1.072320498450220
-1.161711282067167
-1.253047648484523
-1.338193006791237
-1.457493053471966
-1.560677091835262
-1.630899499579133
-1.651423443238684
-1.672919380524550
-1.699545355958577
-1.687718676344853
-1.716222107723888
-1.803071838996566
-1.797896558066935
-1.777579210100536
-1.776088049723651
-1.757988552857103
-1.678552820114584
-1.604326035471359
-1.584609359446604
-1.555041339297459
-1.572122591843990
-1.554123543470592
-1.520979966142244
-1.525615190726627
-1.487309545083302
-1.378812140601061
-1.222556170238594
-1.125222900276508
-1.117009291630092
-1.088167404972041
-1.034954514804434
-0.931174767389933
-0.826341142792789
-0.765111276534552
-0.741947544324750
-0.662756303814432
-0.645209731330976
-0.586596538084341
-0.589986417745847
-0.568048709283116
-0.527657311467070
-0.475419420518823
-0.403867654980140
-0.293614204504830
-0.156483366304794
-0.045516266394136
0.162781779795432
0.401256758457446
0.583873740036316
0.676237184487275
0.801555131514579
0.955662793547216
1.098160391232957
1.239571355792863
1.367603805145840
1.460975314594475
1.553490762687814
1.574285031301504
1.582590713698045
1.610558621912397
1.582180858590055
1.582770910358860
1.545720111800629
1.520758225549946
1.504746527758872
1.550912963768247
1.572915260237556
1.592801804382997
1.605778532990536
1.610762283648513
1.647880188088164
1.658460241120666
1.635805967310048
1.618178211348292
1.592075173687060
1.549964103021071
1.506824216835881
1.438456461998992
1.361796362626333
1.297252474388975
1.201956352687829
1.113683238469235
0.996216753481487
0.816703454584774
0.726728976433363
0.564437777959194
0.429719475919446
0.315246803854535
0.172719433665987
0.015486825456243
-0.133576201413699
-0.233898668198402
-0.399530730739779
-0.549977162060133
-0.668697899130371
-0.782618098011913
-0.866905382201480
-0.955206576663533
-1.005804658662277
-1.096259140515562
-1.182659028838820
-1.242012603461525
-1.302946779417683
-1.472436328605466
-1.573936494102241
-1.614763052232383
-1.673451324891674
-1.670902069161564
-1.706545011072945
-1.744209601722684
-1.787874917888600
-1.814126758053741
-1.804078436214354
-1.805284715328432
-1.784808551725412
-1.750584215100820
-1.718847281964685
-1.639118352101164
-1.578629116839098
-1.537860583524942
-1.538854690725296
-1.531146778262650
-1.552178288000839
-1.573518867089734
-1.522140619498175
-1.403021597015802
-1.258328769670571
-1.177044200508850
-1.104866926346335
-1.095256788011602
-1.058649805465847
-0.979982145417393
-0.938671422073989
-0.872299923350423
-0.788994383252629
-0.698463267131749
-0.662400150205749
-0.634294048841749
-0.599020871453980
-0.570466270625410
-0.545601079621474
-0.492715992357843
-0.411246986901315
-0.294889759331830
-0.166656954032864
-0.030624595620674
0.162360477475275
0.377090225111866
0.556073575549017
0.694728604246787
0.751086960214005
0.931981993025930
1.086896852028363
1.265227367580678
1.398156505177494
1.487482183383468
1.585108094988742
1.600157849697426
1.603966926295244
1.617768840157392
1.627652861895887
1.573554066946043
1.489343898961005
1.485524429156603
1.508861434460457
1.574099367337766
1.618204345659318
1.642584593263160
1.646400651307982
1.648199933998187
1.682059787156188
1.699070385239834
1.644671107179048
1.566514862880524
1.574333297170386
1.576284726820850
1.540148300448192
1.457932180659017
1.390356087027697
1.313698274724830
1.204078260703466
1.054853562562746
0.939940517047551
0.827860662874585
