0.464594744201297
0.184729568653000
-3.276131519436598
2.149506738572311
1.693194103221391
-1.593827563690143
0.100018822240265
1.575516776770725
-1.760131893399576
2.697009218664598
0.254621432178550
0.013346218376217
-0.904491072273877
-4.810910914634234
-2.127805137947723
3.622511006892958
-0.219709244340027
1.082081197414329
-2.462182214296430
-3.275868160567129
2.056105838950345
-5.648715099562629
0.424761676387244
2.007784642704769
-0.365807467613867
2.172808887867737
-2.914223503134727
0.000812736386215
0.682900962354140
0.029288211514552
1.141599972955494
-0.007522155107892
-1.202393652980547
-2.785071528977665
-3.262180216326156
-0.982186657219440
-1.512555246903295
1.338893710331042
-0.637755673446222
-2.309028249499105
-4.127814045792583
-0.771840834078845
-1.231256581768970
-1.372668998938237
-3.473911432779105
-2.156370330174257
-0.099348909054963
-1.897596275172160
-2.603869565596255
-4.374624602364717
0.475948973733495
-1.592715499018954
1.353024745716477
-3.536121568353317
-0.046176063108860
1.027254102202718
-2.409147340194465
0.930533652602363
3.679653046201595
2.232718784557852
2.153319456957795
1.316130390342387
-3.791969133032340
-0.601391695678764
1.957551840071958
0.230336152220362
3.581284773332412
3.267232124362891
-2.531144252630171
0.976822684836301
0.157798434034947
0.785277310440301
-0.558434227976648
0.346222509193177
-1.556150039021209
1.640543260553193
-1.867132346987011
5.666459206119026
0.237115052627233
-0.504274820663827
0.104890448434260
-0.149764671534927
1.797448339938758
-1.683550381162638
3.283920212259016
-3.613344507565890
2.239025377973790
0.589350105439836
-1.055771328501665
-3.665349499497917
2.672709718599218
0.321744673070081
0.997611127139123
0.692560180734709
-1.347144842221984
-0.521819884757308
-2.586210465861341
0.736324472868655
-1.354460415014996
-4.834916982441965
-2.284643721290762
-4.163645737794341
0.514088810650825
-0.478760878627606
0.664596507763693
-0.404228517755688
-5.457865008621601
-0.676913376374052
1.757135884314070
2.898200491794701
0.172536075293059
0.160711537335341
-1.513915314628887
3.404903763367579
-2.256575639534760
-1.953914381527083
-1.226072205351047
0.448412487903637
-0.199138491446282
-0.637198115447603
-0.100207436305351
0.351406215273597
2.707566534465904
-5.655166536606757
-0.444351677943774
-3.308286941456812
3.139180636012918
0.826240570738382
0.918979960171632
1.166623364498267
8.635850516955855
-1.613737622083456
1.932979409441770
1.518169412318103
-1.951169207386128
-1.342268742984114
-1.553077660152914
-1.473519277491478
-1.146994057659378
-4.647751864275766
1.136553495369410
-2.112888486634048
-0.059798566777221
-1.790607454478027
3.741105781443936
-1.150348327357710
-3.993823858157698
0.600137554394676
-2.590498290087146
0.477370814873510
3.443255082061380
-0.974027051856637
3.649865093183301
1.115871062206046
-2.589164693223671
-1.538356584439013
1.058943535625773
1.229435109703946
-1.267956928424389
0.664570732264087
4.260774202135021
-2.919376127758505
2.662275909555549
3.135447744874767
0.314162854619375
0.381001019755190
0.404330260151291
-1.812806894366876
2.258558929536494
0.285966659642745
-0.623255146843750
0.363343545759801
1.114782630749992
-1.771332863664629
-0.906619994783088
1.088956919042800
1.016229721891631
3.040991770283997
1.267271366960490
-0.243368737350210
0.615245072720103
0.432902278559320
0.465876000864988
-1.765153748342209
3.239065810490474
-2.668328861531875
0.283196915626376
-0.751514621112553
2.872064177758936
-4.281754866617419
2.397171057984774
1.283732813109446
-1.533879761605435
2.119560062335605
-2.940786739920189
0.456455390897394
-1.785597513691337
2.162154576600755
2.755052582891171
1.657752936156548
1.403853630652623
1.209433277526003
1.334828867800227
-0.998856139166065
0.019037175926125
-4.488423404054585
-2.400175181555645
-4.274270942327485
-0.437685387869762
-1.546974457811945
-1.157894860004707
-2.368114602701581
-0.946508084072458
0.039180246195120
-3.744397861314144
4.162298682803859
1.415226551763457
-0.046119297577489
0.367462811017524
2.165548209097752
-1.069126509845116
-0.637030880186206
2.748299378449937
2.365208262848091
0.978586238494825
-1.072060134882492
1.238020281936649
-3.586759574697270
0.812865884190950
0.551656842880540
-0.030053998712857
-1.374997547475431
-1.385445490488223
-0.993374707955045
1.645832233096614
-2.489590703687712
0.006927496017891
0.961796828064857
-2.957076915633016
-0.048456546080326
0.969252676367211
-1.223049209594000
-1.105172771359376
0.059800594422597
-4.903421771760597
2.907321862298235
-3.724459911666231
-4.985875620121011
1.543194671869713
1.608541658786946
-6.698283080965164
1.462293980722152
0.291311270082931
0.057291822222447
-0.994033410866541
2.596782158888596
0.754844965842836
1.619590672521922
1.616380983968039
3.576265897635932
1.599071732726630
1.751956778268813
-1.959456662195050
1.590650873218009
0.747623419135065
-2.245459119583594
0.014176212462725
-1.775900697160188
0.418686841635006
-1.090508090777243
1.127076812517610
0.114050837295751
1.558968740419025
-0.793861158165064
2.063120422830648
-0.433287612873331
3.844388785654492
-0.099602456765060
0.485119561556772
-1.335239951684227
-5.329360234175689
-0.346541264785676
1.420053943643832
2.072653618982121
-1.248453281022388
1.491740450057357
0.994295817762659
0.423986705705641
0.338847690480191
1.637372796957995
-0.522979025099251
-0.377711505528927
-1.474781599891128
2.085576041657602
-0.701568761981074
1.863425033555315
2.860310436004354
0.552031548975728
1.523155746568766
-1.086360897718189
-1.661295100403938
-0.434431828539322
-3.399848273462569
0.253519584554418
1.316370373284579
1.137729000550247
1.404640163227265
0.125619357762814
-0.342453284029058
-1.180559046560000
1.620038662020317
-0.189870799504463
-3.266211194301910
-4.372531965573310
2.125631130287186
-0.269920140515454
-2.203680182631554
-0.614898418898086
-1.725173204016868
0.960341430539089
-0.577746494319253
2.717602654939756
4.110422213197250
-1.706343724756410
0.478314863127014
1.779224206660677
0.525087106847165
1.843419137136930
0.582163393822375
-1.319952618811693
-1.546782173709211
2.044031907672589
-5.171205605963586
-1.243260122089467
-1.002583861012592
-3.910827489846511
1.511888934344818
-1.300322762780697
0.174673159356100
1.594961291585850
-1.185776358046175
-0.137535258685770
0.673241371593699
1.936586167822225
-1.496051938550396
0.350704212073727
0.793814744439372
-0.273689203961906
4.219179746764643
-0.336113606779296
-1.911737256952250
0.802070950303586
-2.186802684473427
2.578338809255290
-0.560707380024897
-2.902956655337602
1.371353383039429
2.057316614962758
-1.196772079522548
1.329492061553382
0.664115500284762
1.722253371106973
6.360478043967746
0.989712495648836
2.273276945348716
0.695875803947428
-0.617386118898158
-4.912113953489043
-0.970871588886004
-2.565570911784111
2.994570556522774
-0.169875703345601
0.513233009688715
-0.915796450826607
-1.226618971295693
-0.977727370495296
0.568975580353080
2.859486879337365
0.117061711704984
3.579415132007193
-2.793549602767398
0.815290132825118
-2.192094687225787
1.743064710165689
3.999102643013861
0.107087210934032
-2.054678260021385
-2.530113017137205
0.716965654555793
2.555031444722462
-2.034542222572878
1.896666854234761
2.101715136440863
0.999251392955262
-2.135120921553761
-2.720543559020304
-3.016851892850808
2.878988570890479
0.757512780686532
-5.266996161047752
-2.969131798578153
-0.309820142603252
0.383077025602090
-0.735387865393124
-1.896482348572408
-1.041034800604840
0.376243885945261
-0.373474283744424
0.948237031175009
-2.553153972627438
-0.684347869206109
1.593177828869979
-2.755468417275794
0.387353408166657
-1.381873543963179
-0.373324099475999
-0.633010914827555
1.054574944046277
0.035596616613709
0.200511093600040
1.105181265471806
-0.157328754478875
1.278213051192599
2.457702969518136
5.927602236266969
2.414059993368415
0.595383507350467
-2.046832952995952
0.492883513567695
-0.022860357297442
0.399603973664928
0.531478982692049
3.328996878359701
-1.368737669841008
-0.693513694917670
-2.273546339613359
-1.819149939159590
2.927658256513129
2.028083790828289
-1.284920907749545
-0.495070536735144
0.992963362384370
0.992846588463245
1.583161020922865
4.760141257629991
0.278954611968706
1.339465884784159
2.415314926178637
-0.913831280566824
0.943554152398299
-1.812981314381409
-0.068575009161246
-0.672173286962275
-1.049045844928140
0.311718870976272
1.862245785283601
-4.734144055153763
-0.751851495034962
2.032908048936114
1.399945755525495
-0.408098910315643
2.490636178494100
0.327076614271597
-0.469646426000905
3.276366808702067
3.012301334090189
-3.155557416534704
0.017751033832622
-0.237204149293281
0.259177993437624
-0.639847718977195
-0.037873607687854
-0.424094365532927
1.462052850756206
-1.949802707784381
-0.627905266653654
-0.875761588107410
1.210395533838421
1.179794602590304
-1.312222956860547
-1.611384866120027
-0.945349758241374
-2.161337566613033
4.445585375430619
-1.604940428303272
-1.612052764940337
-2.700684343042664
-0.625255042092809
3.500892605728172
0.737946889415192
-2.354084833484205
-0.480666963186278
6.285157851586757
-0.805119621191505
0.305153021240272
2.050012463377488
0.016962858981379
-3.103768137321585
-1.545190952327367
3.103045786076543
-1.035282033568537
-1.479559816403464
1.312532893292118
-0.175050056919279
-1.502626948728592
-1.973249653379157
-0.249769287091815
0.014009293705689
0.566886890784090
1.752705567351159
0.701075335561141
1.955908130795053
0.240746226135481
0.957846573944511
1.180743326208732
0.616876736875531
0.137818787926889
2.088951966089355
0.623807333240855
1.123357794281989
0.673139174928551
2.419974478334858
-0.951503412157361
0.575024929316648
0.273166973958093
0.862984588328439
0.161473905828609
2.497430830917132
-2.654426992048674
-0.490754494322996
-0.430886270551708
1.815678680440665
-0.302469606736048
-0.905091620294275
1.295213326145394
-1.688115342751161
1.964304286640489
0.915603073523456
-3.452512002936615
-0.721124676405443
1.029915425126905
-1.242894091582235
0.087808696827523
-1.627923189470083
1.784990220617561
-1.032572968378986
3.782469148117812
-0.863479321862152
-0.948047085613678
1.360048811036920
-1.696203123485215
-5.175591232257592
1.483955377193658
0.346992546026846
0.386781550032444
0.608790232963094
1.095499145087159
3.018355791122079
-0.696184135733506
-0.457386239220890
-0.760184562914800
-0.654561682589749
0.056527817359486
3.208572817254020
-0.142306729657689
-3.690939256421604
-0.183730468973561
3.535854273086994
1.626558043786601
1.354416994880797
-0.243781850155571
-1.803116657748628
-0.284435759141432
5.295198101235168
-1.008981122474753
1.672595106782655
-1.968715326937211
2.965520544870484
2.047205154506756
-0.005975326276078
-1.376311490665818
-3.691071183413194
2.642459221010468
0.052797834814668
-0.338506566538684
-2.595164606906716
0.645956191976751
-2.306496759588271
1.446984226823862
-3.061472701149758
0.001797699832922
1.727722240000273
1.077997599323701
0.192575634744191
-0.389831110244826
-0.299732277457896
0.940423860754885
1.302053614325156
3.263976661294271
-1.240274703696395
-0.744762542941685
-1.926533750055667
0.210407206391388
-0.342701207495026
-1.106624262065618
-1.669340133196773
1.778454097346635
0.761235843697218
-3.364458104502241
2.776973841676107
0.565603306262488
-3.719820273311884
0.161730731717810
-1.567843433668359
-1.028900305743181
-1.688300169281033
-0.271441922902587
0.176351403992493
0.981406374994920
-4.871003702817617
2.087913224288472
0.613116272556471
0.891054488503849
1.374304381568447
2.995678084667302
2.432344655601607
0.853896262196555
-1.262131870252508
1.546162140157141
-1.259952820480380
-1.013703329188014
-1.137729819773077
3.700778773627624
1.179593070836104
-0.548075516492589
2.763045001798258
0.448824560222661
0.344348134627273
0.011790946294684
-0.623768901271966
0.484329832611349
0.828757461754936
2.008171094545061
-1.043423613446357
-0.405042401509879
-3.961255916346745
2.133223709833065
0.464032155784620
1.647578586452682
-1.981911799119323
0.811339041409537
0.484411224016677
-3.097012559209122
-0.134618800450368
-0.213529791906683
2.202870914294162
-3.031274330363004
4.342534366632226
1.141381079754833
2.211812420377083
1.278714479489663
-0.189668075333927
-3.764876675040659
-3.368784176528261
2.294002980743055
-1.276104721912369
1.091290901645882
0.595780357135742
-2.793487494293569
-0.672115523231419
-1.918145287930408
0.499670357613809
-0.174773150945630
0.242311178569289
-0.569959797819591
-0.908899303552787
2.399351848889931
1.044183142052460
-0.160208430018496
1.477258817730102
0.014397189630641
-1.456147269572196
-1.627746390474019
0.376143781994871
-0.025483224003981
-1.738633451853882
2.327416372292447
1.387904075837574
1.274076377859134
-2.657000125273540
-5.309907251652105
-0.105763978789466
-1.676529002829931
-1.440745209375078
-2.828439805128816
0.794446744567587
-3.860815226188289
-0.519805922332376
4.495278230195964
-4.080648487482953
-4.400113332705727
3.182580410659488
-3.172678441904663
-1.598384142108231
-1.379286760570053
2.049236221785356
3.459466209333169
-1.956663841827710
0.797578289043946
-2.241706946494974
-0.465485525313763
1.940898179421595
2.638064013273866
2.544438083153596
-0.413639957456256
-1.311561877662718
-0.756221925798316
2.359019484429060
-0.225442022622856
-1.530297845413606
-3.238262449357565
-1.181923504085739
-2.626669130471368
-2.393486086677717
0.633428464219127
-1.717054149560607
-1.494980771677949
0.834678010903277
4.116257890755266
-4.334757985626429
-0.048351218707227
0.994685464000328
-1.348366833158915
-0.412654511760111
-4.655817595773472
-0.781765371103707
-0.089352598328975
2.648990780499051
-0.166654513341595
1.835308872227807
1.128632078782207
-1.660568399567609
-1.473528669930301
2.387551955150487
2.495113423039635
-1.565760027369918
0.463323894588894
0.598766509800710
-2.628551961958855
2.200755146243703
1.176896625130171
0.685682516849684
-0.568631628807843
-1.071974542395717
1.553615855130145
1.283554950210487
1.176840256739670
-1.120552563086991
-0.017976520201962
-0.165464159495769
3.480083005620463
2.561546092520540
0.498909052182291
0.957779061939343
-3.610080399701638
2.532527751883910
1.869624551112542
1.054164108730529
-0.087692173618384
0.883221151905774
-0.444027647181712
-4.265783257224710
-0.590793455665067
1.192161173389510
1.277783486041892
3.205398074308081
-2.313339954380332
2.127440358413082
0.290925212525009
-0.709343037815247
3.329211664936261
-0.757857319610769
-0.183028577950385
0.619746714392261
0.481461619063186
-0.527868145283585
1.913344641118534
0.324528141703834
0.618699638330632
-1.774591197305600
-2.446399938132255
-4.768261221495728
1.052567796419889
-0.560750556421570
-0.643762567511062
-3.454199265889792
0.887564128852076
1.043360918286274
2.938350276413541
0.607686188723953
2.118993616345465
-0.921267301260273
-0.397892359785457
-0.149976229333395
-1.902222035347427
-1.416940224039745
-0.915781271000928
2.508580394167385
3.393122176831243
-1.557861281666570
5.207983077017873
-0.873821948218173
-0.329562589824705
1.770455724679344
0.639476314644616
0.907976374800173
2.726074884218676
-1.833737303698514
-2.973328066456548
-0.858947674771113
2.699553408943368
0.646430829584266
-0.724863430898753
-2.185815110991675
2.093353697755588
3.321754233932647
-1.106868244917943
-2.737813278446393
-2.222223888778282
-0.204745607290538
-1.170037194698984
0.893336104136913
-0.945390024349954
-3.155644646492738
2.283908903152263
0.134222848281500
0.813420148858380
-0.150116644936787
-2.439572399956109
-1.413241327104641
-1.458259798347120
-0.094008651702323
3.087108879540494
1.970905322662392
1.928451295704140
-0.645796105969095
3.016399979066807
-1.621485413833773
0.239417671180382
-1.088933617242382
1.451499363645111
-3.258511365876974
-1.164064005858524
-0.384082431799826
-0.440407762676442
-1.559886091563188
3.451894332864583
5.461954937641019
1.862686487108007
0.412189686994075
4.427037483759097
-1.143732706851656
-0.405304360666516
-1.323520573729828
-3.216781453434214
-0.930012903616592
3.149424181412948
3.209552242770234
-4.388893817726657
0.712351894868683
1.198579540331437
0.988846957747126
2.585929038496137
-0.362019415998077
0.844675593327817
-2.027516401408057
2.319561779795983
-1.477935208878932
0.327535587941481
-2.854421923984359
2.068703854967620
-1.553507969319601
1.013978463089348
-2.408142986049058
1.669931369838064
-2.447158636935813
-1.809503932964383
1.741012608503204
-1.799915683762374
0.008502936332737
-0.168279666699195
-1.006453391198277
4.334114992217786
0.579828981893719
4.681912989890146
0.458403704564747
0.135028417442236
3.255647818878107
1.641757067894145
-2.586761300814096
-0.872395452664572
2.455412649456606
0.857292857512598
-1.784036209606622
1.693267581233387
-1.448465048147699
-2.241463133114009
1.451172328512265
2.374675944131675
3.446232333634434
1.987273721911458
0.299300678036145
1.202907551323046
1.990654072338324
-1.549527447768308
-3.487384531412983
1.583019502532715
1.871504566164204
-0.245164015792465
-1.409025422714515
-1.333783470884267
-1.821644537136963
1.150873652257354
-2.197106422204342
-2.553254651356901
2.493968175523986
1.810514329171228
1.277991709983322
1.204743720314621
1.747387155804851
0.453926612165408
-0.140353245288507
-2.369512311115776
-2.539747709740363
-0.481939230876033
6.113412950357755
0.308977628386545
-1.606909610230493
-2.229603224290202
-0.806882834739510
-2.823466157119134
-2.281714504618101
-0.553357828603013
2.563089152349159
-3.587152273101776
-0.015979637084555
-2.128778796992860
0.139801032398886
1.946182965655098
-3.526012191744000
2.407339918580655
3.424281337203171
-2.554705178813960
-0.229030367323013
-0.401235291893363
-0.261110541217898
-0.614375730968904
2.549760196352918
0.823959562653417
0.190654617694559
-0.952155801372459
-2.963771248774483
-1.932091213692002
2.345142081693931
-0.023598366246048
-1.762716257053995
1.076089740393647
-1.134594438711692
-1.013200408984414
0.335454234544594
-1.041149504215884
-0.671608350508116
2.956586945199596
-5.364272726804280
-2.054511182002182
0.985890155960397
-1.368823853429349
-4.905426932902459
0.740189196561411
0.566841383286044
-3.818617659276326
2.607126704717902
-0.188689159813715
0.767729635259387
-0.817310767320997
-1.159941060159577
0.007710680350124
-0.679841643357723
3.291058712110470
0.402909283579808
1.750721290680453
-1.398078019071534
2.105300539614707
-3.040680722506513
-2.204932122555933
-1.411257758706771
1.623551100430096
-2.751166517095147
-2.211766968554460
-1.305905000615324
1.857050039684403
0.200014978308921
0.876678870727857
1.331809888105657
-0.058553411327815
0.033286142344299
-1.394680070913658
0.040263831007565
1.997672674117154
-0.990547368687179
1.380235672306641
1.022136002279301
-1.920523638016282
-1.116498213437281
1.703407832440994
3.823776663424933
-1.378681228016838
1.198159688817942
-0.910252535194934
2.107997705343432
1.828623082597604
2.113796278363913
-0.749666452484779
-2.448098761621432
1.021462826586684
0.303527310819230
4.575824148397486
2.578822848765483
1.224484373726256
2.515181191606847
-2.830066091151338
1.318515508309281
2.723839110639591
1.184740467069172
1.713623968813402
-1.364079181084696
-2.231709703069828
-0.080051642551379
0.230586337274907
7.056578844142371
-0.031264090289275
0.207159639634101
0.839870325321767
-0.970032851016822
-0.070838336553728
-1.415724406836713
0.646834479060297
0.672007167211681
3.375444021335877
-0.416375463223501
-0.779926771036297
1.467904789216749
-1.767759431736510
3.561409286647212
1.686141585816274
2.144300559033295
0.398461612773835
-1.210301265345772
-3.082289757890470
-1.942777430478221
-1.891426587178409
-2.008918925941401
-1.089866707553294
-1.797109681019646
0.785425877690572
-2.599206194703753
-0.843762994854255
3.816755308595799
1.573122691489887
-4.293792174979736
1.466948792972844
2.294153471157834
4.170708000938856
-0.681167531676818
-2.422630017000866
-2.745506730769451
-1.454785882303634
-1.341460337666306
0.180767051244983
1.811108623522691
-0.885117088018349
-2.660733565806260
1.519276376898401
2.783340894236456
0.677284863398827
0.352351475744280
-0.717736118654572
1.675762761325448
-0.958698295161110
-2.694147937616457
-0.035729618716912
-3.892925726055512
0.766711591542143
2.918277403208953
-0.789299354804198
0.683305779803279
2.951682939845620
-0.170837882433278
-1.713377847702386
1.326684635964348
0.330373184658924
0.297455335803434
0.335546311320296
3.199986209868262
2.152067161109844
2.068312396028087
-1.025365168633856
-0.790033536804749
2.119139567053656
-0.692981633969482
-2.486982349999008
-1.217466328676075
-0.061762057501410
2.646342553243472
-0.385291634732921
1.698712717839691
1.248891029367450
-1.558041376001307
-0.645000484774314
-0.543511958677055
-0.214111811837882
-3.004786290609481
-0.138550738037940
-2.954230179897667
-0.073653234817214
4.373663274761121
-2.836057885825988
0.483631978984880
-3.412493737385843
2.546346208645331
2.912448445246207
-1.324939074783315
0.933310621206224
1.350276274304456
0.651237934400366
-2.069442134772367
2.571951845727689
0.949436712799688
-2.565129608197766
0.345615630847769
-0.384221300643030
-0.717440593506032
-1.403620917082004
3.227037391263233
1.349513929350250
-1.273286885205001
-1.486703397934179
1.035533041446447
-3.472332690144212
-1.610323705815640
-0.323677179436207
1.347621347026466
1.564654732913530
-0.690501011275461
-0.361586472726981
-0.573458958412081
1.610349452581622
-0.820031469918781
-2.994912214281455
-0.067120010423326
-3.631608579075070
-1.745541308633223
-1.837932228134961
0.925403566899910
-1.630088888564641
2.338687193180024
-4.050548385927695
2.840604482030934
-1.218145544069401
-1.442827106850267
-1.313819671008277
4.988304703277606
-2.260025615039068
1.793301888760927
0.823445926790936
0.214354281299507
-0.623010122842232
-1.317935931614463
-1.596532610464993
0.156473321782753
3.195764640266112
1.015354711152091
1.251864219259131
-0.534807614998302
-2.497960736524515
-1.589471722940661
1.736964645084756
-2.059164758993435
2.158108048506111
-2.635693092775268
-0.457340393331088
0.900406948730174
1.269308543595208
0.707125909945566
2.704866153944219
-2.837960119982751
-2.313113414670793
0.756804096074111
3.264183787755234
-2.356628047191032
0.259772069102834
2.618400822006020
0.470067632116514
2.087822018295283
0.130721860228602
-2.803611608006102
-1.460935101175377
0.606981935470876
1.407259547681206
-2.720519238476481
-0.529950514754372
0.161296997408107
-1.671250666949369
-3.204090751431540
-0.355763944252710
0.494059896317919
2.506656181185237
-1.396505922560259
-0.665599706457746
-0.777088331247171
-1.818556972994894
-0.538728393517998
-0.328446568093187
1.600813118184061
-1.550590764288856
-1.537663056873745
-3.170835788473123
-1.878431298931865
1.232874845015434
3.136247376720643
-0.068224295854548
1.384637695857529
0.853529857597290
0.981800951913612
2.845991309297813
-4.818600330458854
-2.982296859738398
3.668780954818272
0.753033635692595
1.282699923389761
-1.226678944226411
0.991762804234167
-1.983922671000085
2.571112797755153
-1.795538172412786
-2.087359673186198
-1.823955965787181
-3.162725241491082
-0.986422976650562
2.633560380187808
-2.741307228767065
0.318584803781513
-2.554522039204204
0.052145458836664
-0.475845977021125
-2.134662546172270
0.590328808380002
0.112853129171731
-0.325924819351266
-0.602302436547925
-3.157609111527345
1.940643086548119
-3.224619713890172
-0.797098684474035
-1.115520975312654
-2.734365776810320
-1.445074574054519
-0.133520832146415
2.220137333963435
0.281033446838004
-0.584213043626050
0.620571500891991
-1.179977541854302
-3.282083665916221
2.820018611542934
-2.840227274850405
3.317797433091954
3.462061319426884
-1.894170767071484
2.261902527654086
2.762928295022150
-2.033548720104389
1.266841764293194
1.934053467350535
1.839340847935743
2.814167104098309
1.164806064288229
-1.983566236085546
2.308288620363638
0.664794284983133
-2.514144431046851
-1.813747644772630
2.366882458140198
-2.170326474274459
2.410268133049170
1.437406682392855
-0.238053787667492
-1.226903405979433
0.080555027684287
2.989042777002847
-0.936442731151418
2.864243799167195
-0.077227431856386
1.390149400529237
0.240573361004529
-3.320508368091569
0.243864851070250
-0.002415972391468
2.186798733315414
-2.159147968874804
-1.848687805706733
-2.182294391680877
-2.226562492647640
-1.007289708084004
-2.829108233778306
-0.257513940774404
-2.541890187674385
1.563195789609932
-0.841466781874596
-0.637306657533117
1.008160620557971
0.892326537787543
-0.721343558030107
-3.209341345106335
-0.622135770104683
1.252098245929453
1.781143864769366
0.200881066577443
-0.316515703551408
-1.739751292568559
-1.152480820347180
0.684460698639181
-1.342004116216316
1.235984519688334
0.489216317520595
1.966315732430765
-2.443640690743636
2.635181632942106
1.593191870790787
-2.574241140993246
-0.033881006268013
-0.144168914721425
-1.884852881453328
1.024988327245586
-2.827138123659518
0.100246296672205
-1.066104881952234
-1.607231306389658
-3.293865944139913
0.012220127028815
-0.250353697051739
0.371203220400031
-1.289203580893909
-2.493556501717231
2.211923552677469
1.780147496373672
2.666818228582097
3.262871163686796
2.473298896120611
2.536296849598725
-1.915968347205554
-0.808099292456958
-0.502093893762947
-3.059379662270632
-1.820801788978625
-1.190140285776438
2.466772866261062
1.725257577659921
0.551612289708458
0.784899627339112
-1.816718916587168
0.376287497042418
0.204394360840722
1.043183202896777
-0.061122107516178
1.875492098057991
-0.761048937506071
1.701429535127801
0.299770629961944
1.308756973168399
-1.507945188418836
0.818404167218927
-1.032725263638419
-2.313205552350099
-0.786589080058413
3.583344324738260
2.064296583862710
1.232903460134296
-0.880238763447250
2.174807415074971
0.064888537241953
-2.425016211560025
-0.016310860090354
-1.272472979839961
3.294805989584001
-4.526396965203068
-2.948342098678192
-0.610660146487458
1.861292248405083
1.923904349014728
0.177310860792486
2.812886269937747
-0.475370408677258
1.136066218313694
3.027938620039070
1.225286914864579
-2.740736451308411
4.968773133981053
0.226165491300666
-0.047224106323789
2.722435564316426
-0.639520775466010
0.400464840143262
0.004988873780082
-0.935342790596662
-0.453243428725841
-0.045212033995354
-0.669812012730540
0.681361670863904
-1.786812717918226
-0.527154276498218
0.945996325249811
0.379067132197610
2.820263833812665
-3.741202311446031
1.406171636070171
-2.399934038851438
-4.044892125317343
0.834367280754125
-0.698818302107337
-3.282141068815212
0.000768244142709
-3.152497505489400
0.947589932221279
-4.506359454232797
3.090613533184119
0.442252206949502
-0.497966354599495
0.392150287005138
2.319159445028774
-0.423820628472394
0.734876297510961
1.006934434174991
2.041696387923068
-0.807917219026746
-3.219218058574746
-0.569066763900689
-1.774626840085520
-0.400847197423050
0.175594834090277
0.660785039639083
2.492321269967906
0.070320142217811
-2.511121363783857
2.892303485454593
3.014134846514374
-2.043362928958366
0.921183464506777
2.645276623636802
-0.108591681742742
0.540044806019281
-1.721290448122998
0.458299539478237
-5.953138835638881
0.488794696507439
1.730038719285957
-2.597908818028590
0.769808093540093
-2.461452015506838
4.975810655974138
-2.841794058293944
1.011179611667845
-0.716444967763445
-0.759033669653628
-1.978729574347874
1.932573098306827
1.998204234485479
0.453516614291323
-1.578701958893711
-1.453212896860768
1.392689076096731
-2.387129824168435
-2.588217646770756
-0.730640055877371
1.926942258961729
-1.943073861247021
-1.113044999168106
-0.734476420071550
-0.300331160785085
-0.540480756372687
0.610005554836444
-1.792442442256523
1.116653783173911
1.850921100476254
-0.811833567310882
-2.016260508674257
2.374089105047911
0.200230316885997
-0.725075905163142
-3.972628302648538
0.831451908173362
1.894862099443006
-1.989511631740406
-1.136890864108205
-0.911679632477853
0.730893107639372
0.709087324001436
1.328081800080659
1.939489021835658
1.233073774673281
-1.753434233094778
2.562148863759264
0.622909447201883
2.418001839556693
1.735203544387394
1.276235385180550
-0.976884371826009
-0.414498743030169
2.866692763749415
-1.390682000899170
-0.024833511780574
0.991924343478136
-2.148499078918620
-0.482514220234244
0.692629299850875
-2.327207595540951
3.951768570389235
1.520869117185569
0.497292134631476
-2.123427764064187
-1.849176729804816
-2.938643953490967
-0.637133813511687
-0.947917497861997
0.297038860679132
-1.073816920675312
0.426625741163366
0.575969070371756
-0.226356116398229
0.103312991967728
-3.038863672999408
-0.852699480452679
2.069697087588680
0.088002571679778
0.431433899392296
-0.563356388023540
-1.187816578016750
1.065623551570776
0.787362303356245
-2.400570152878870
0.807308925362253
-2.309200049044590
0.977105078130843
0.881045457135739
-2.353875634120501
3.058116379997677
-1.042402623554335
1.826097248305507
-1.513252768716107
-1.482070608561581
-1.815582120295060
0.392281787560488
2.703539729041189
-3.663021394212522
1.882197796566998
0.070875042224879
-0.964652135658951
-0.999683154875866
0.311620001544994
5.386106632927454
-0.888957659628193
1.683277725954281
-2.768304289683646
1.817047544727431
-4.303433963150209
-1.104695258801318
-3.572140869218210
0.083185991940424
-5.430687782142955
3.216098431174461
2.842577522876192
2.732454090895345
0.590181417365513
-2.076722951631582
1.415714950050647
1.162810010164306
-1.585936793982345
1.888888229583873
-1.436118061941415
2.070562767010849
-0.592921625927103
2.637640907068609
5.175354547504196
0.970863823318395
-1.544888870731420
0.838966235525477
-2.422072008418279
0.706899649757892
2.027948039166439
0.079278845124426
1.483893787103197
-0.882314257284442
-1.231475198953698
0.593277174766054
2.786562992529371
-0.859273988291947
-0.157050602384236
-0.693165872318599
1.126000079870660
-2.447463569944587
1.293480925232757
2.236181772316735
3.669501107711736
1.302393173772055
0.226878008042617
1.436774996945805
0.254937880895729
0.826751887492838
4.260218042799776
2.347967675120401
-1.513319385948183
4.182326221986991
0.427356065584021
1.119812763607871
-0.342274234124566
-0.742861135566816
-3.068262144327381
-0.722181686892385
-0.104637127338149
2.275160192340449
-0.085201223304345
-2.480543268732472
1.134815135690082
-1.707380083937769
-0.580839147914962
1.079914272590324
-2.089790870480912
4.497838570292615
-0.368673031977937
-0.255562582965735
-3.499898219228639
0.706723613505866
5.330768469949890
1.147016384477815
-1.882184734489808
-2.463410616865185
0.100319131737577
5.104191954348429
-0.677888383876109
-1.723639924069895
0.795698157242940
1.406189118014584
0.666744238348073
-3.488510538078154
1.390681449156282
-2.292688681044403
-0.432946668766256
-0.231661793622933
-0.184738978016254
-0.735521799140418
-1.873554884920612
0.455012620143444
0.362559352540683
-0.795464136938802
1.557757068727352
-1.446443667213541
-1.491091180371877
0.012629804813021
0.164229382415145
-2.356650343854779
-0.070505585973872
-0.022634646127158
0.975597239565903
0.623519141199403
-3.689050233702214
-1.634872118978062
-2.435477257557467
0.358049645668934
-1.255457197594452
-0.375071273522734
-4.784664038625112
-0.800137032398845
-1.163873773960133
-0.978486747735208
2.460320105005397
-3.284567631248187
-3.978464053204477
-1.069081290541409
-1.551546769188537
1.889531912840308
-0.890176380200612
1.152009509174195
-2.383841871926659
3.669197470533318
-5.130827775298064
1.096748961931494
-0.885199913725804
2.136676303966264
-1.538932029244123
-0.411501680255866
-1.441928973654354
-2.001556612656313
0.826807751109574
-1.090412316779015
0.386139957113626
1.673112659735783
-0.413589050440835
-2.064565561637989
-2.574412409018310
1.394770007699034
0.290417674285905
1.722806352886854
-0.993856744890358
-2.665954133623618
2.512543875879581
0.367062321555992
-2.048198609775186
-1.338491379484025
0.706805116134329
1.588898430265719
4.796100525191053
0.130895040897958
0.774142508107232
-2.233632281730780
2.519982704712334
0.117700012359959
-0.025018135109102
2.529286271263300
1.895505124626563
-1.064908287672490
0.280143220847903
-1.300629164177078
-1.559893333989102
2.794964167481786
2.555312692502237
-0.502335779316036
0.710839369760395
-1.879608508475318
-2.162075213332515
-1.138127086713548
-0.816359346446182
-1.510141846034583
0.185522869934128
-1.568441740909600
-1.383913527173074
-2.650895263812743
-2.702573259878363
0.069706593799042
-2.609330964438939
0.758128326893939
0.097885578789098
1.146073876534542
2.991039421187351
0.115908887295327
-4.246203651905256
1.220385837405684
-1.626565036343207
1.930818365831224
-1.032605916401502
2.338796004724399
1.668805255219388
-4.119653794421533
-1.621914323721266
-1.375826195630394
-2.370880255523973
-4.967710407677975
2.477298965032092
-2.949577831205465
3.704088206530266
2.583454430653020
-4.822761951505191
-1.452491752745122
-2.534132294977562
-1.611145735206156
0.784404517474284
1.005180678762005
1.117871676642358
-3.735049560476488
-1.963985701674105
-0.451722442844780
-0.131737261522410
-4.462277494014987
1.794939528018339
-0.776312471218646
3.679181828536958
1.388322475035448
1.402210752430708
5.687296173216542
0.177951035614313
2.235798191708394
-0.128055939643530
3.115009063753090
-4.572341751940643
2.510456588595906
-0.788903831172487
-0.860586694722571
1.022030761293262
-1.482386011338789
0.953969445399982
-0.282898548220253
0.840636953806261
2.003093155552657
-3.915890507370852
1.018464628644228
-1.458679908585897
3.871535854136396
4.424520384158303
-3.168364405732698
0.870024098543259
-0.155281145182164
0.048110201385562
-2.220953536524065
-0.444812946956578
-0.851112577860479
-0.418732032229026
-1.260778388760867
1.820026782417978
-1.780438849492439
-0.970678875505002
1.095366943716552
-0.949020279520530
-0.337254839200650
0.825679918787655
-3.192175783430646
-4.635904250315749
-1.214123443959357
0.391748893308577
-0.394591877710484
-2.684189850495972
1.812660668581716
-0.647256605842615
2.188418583158604
0.536492970855722
2.182095324576137
1.019180644127689
2.781193436730122
-1.393919992643958
3.073719271424967
0.392979263785616
-0.169895007566230
1.520980245682729
-0.321955043429621
1.044819116912885
1.008619944152252
0.250639289197457
-3.439993926349697
0.934779796587428
-2.734631051496125
-0.017964271643868
0.214497925733574
-0.156070168175798
-1.654369323521425
1.599843249598552
-1.858002249430644
-1.539875801563830
0.625651524288169
-1.688768329209731
-0.082911415352117
-4.146830210745126
-0.989926117184854
-0.537819354687665
1.978008368528145
-0.139931736782789
-0.352009324701741
-0.059590777308173
-0.120941247991738
-0.737966784580806
-3.336908154567724
1.452824571063731
1.868694582811425
-2.145363162653480
-1.469672581202824
-2.779284167971602
0.957163189332568
-0.925374061453741
0.458129205204204
2.334625591398693
0.395527332879023
-2.942474255787002
2.077337214079394
4.905654059707865
-3.011252462318710
-3.295643744622619
-0.517564884073974
-2.590060570265061
-0.566275880778686
-0.588117780040129
-0.926203273649896
3.556368701010455
-1.735918421635267
-1.666084897106144
-0.122924269089814
1.098335752773731
0.312162366084021
-1.364915853599756
-0.419216695163571
-0.064790960127130
-2.888523611555362
-3.766317076432031
1.660551768021145
0.883906806660725
-2.415157601839598
-0.943664887787180
-1.658559857847224
-1.015714735718972
-1.113009479253189
0.429370603074071
-0.538756377399280
-0.330237916190263
-0.135089485467744
-3.684219417285307
-1.788374408861348
0.955368720837255
-0.347662152653580
1.557784669347694
-2.179107137059497
-3.319692478367583
0.238306550242597
1.766499561011110
1.281213141836104
1.566960359030374
3.136023662214846
-4.665057046407388
4.860617826678454
2.800242632233775
-0.413359796591922
-3.039428430997424
2.447722341721232
-1.448880714736763
-1.873159204995179
-2.150120498263258
-1.316646805124312
0.958277232934289
-0.925314130999407
1.653152920986701
-0.233497509158524
-1.656310495935989
1.190637764108832
1.480327583519320
-2.473686944033153
-1.570250028494355
-2.182791623325079
2.443645903782826
3.481086591703378
1.382617918519366
-0.374497437567179
-1.353780304893586
2.061272637626849
-3.293402520444272
0.134042789636610
0.943815991871481
-0.143741428172744
0.899845644760955
1.637656668886519
3.390046629792891
0.213994353646116
-1.058369483235925
-1.971579307540914
0.068788156073000
-3.423606856077034
-0.657937663091443
-1.031555297011498
-0.263470987848392
1.375420223384936
1.730004579136405
5.401342847591724
-3.155419091158381
-0.853273247348011
-3.058212137723584
1.499960738544863
-4.615000021133403
-1.404883884943171
1.868741676230078
2.726036252336261
0.711137635099128
1.724276434031609
-0.403419472127937
-3.270809517188104
0.246658183980052
0.575974757287921
-0.815365728644181
-2.035544476652095
0.414362238990377
-0.985616615451015
2.808694109611201
-1.210520812759437
2.886877083069279
0.884173386395427
1.477010586577995
1.401435083595944
-2.760960455638668
1.985503565959734
-1.272930802464305
-0.712496666754256
-2.402103819371409
1.103983877496387
0.179484150436242
-3.579077540764096
-1.201768581411049
2.760767814060278
-2.430212738216744
-0.838459188653579
0.036145334243449
1.577803517107418
0.567201637090740
0.354011593525658
0.129257616259003
-3.098063203056618
-2.679000672253643
0.322879559126403
-4.804937964463090
-1.861370733981574
-0.453746037196508
-0.504844890579048
-0.024316412220079
-0.707535954416404
0.580546205145519
-1.391120643767947
0.188434435011544
-3.621711792908915
2.462839875511834
2.096161234888708
0.530190036224423
1.986754868741043
0.885050673768579
4.552583865679686
-3.095119241327830
0.296958749845038
1.009804896957430
3.899716981829933
0.364169411149388
0.132219895996720
-0.717586117385259
-1.628825605735187
-1.788323030215604
3.458221690073658
-2.171629969307077
-4.540021986901329
-0.684345114292300
2.866690972780365
2.550388858764920
2.209564407023343
-1.601589121439439
1.501255036398546
1.270171602700926
0.327185070051311
-1.519187412279506
1.530079013358690
0.750670669020820
-0.952844477820017
-5.033707346301243
0.254086293096132
0.356035763268092
3.335127989122635
-1.691140867895385
-3.551914766148584
-1.329018940288523
-1.691987517755797
-0.440423075584722
-0.185885445991991
-1.500251123409115
2.223261466301311
0.470712967554087
2.247829855909704
-0.416246131752444
1.967754629731729
-0.948582359315480
-0.474494614197744
2.797821922599518
0.467961250137513
-1.341560756935811
2.872943856497018
-0.682506179057940
1.210723676731397
1.282226947932786
5.390315004495668
-0.586188685702020
-1.047594066449874
-1.044732052705079
-0.732273698093804
-2.646131010475935
0.718672993481515
-0.951543072270875
0.607236781224275
0.653014530717289
-3.233340630775022
1.948824400180599
0.608723456236114
-1.040203972758978
-2.959073921053720
-0.523302410318568
2.487721570814969
-0.965053202181782
0.591051313536005
-2.725641234263278
-0.065118088275686
1.671613689842832
3.270750250385106
-1.510648607775004
0.628621085719323
-0.257527195852815
-1.233020941106688
-0.326027877404109
2.602788119836199
0.991802674069837
-0.513483221098562
5.316783159613293
1.543934137662435
1.330613268365464
-0.192299025595325
-0.068068027810717
-3.197121034001358
-4.128444744707891
1.547818745791889
1.274548929490659
-2.699256883705604
-1.772414563431133
1.474376106240660
3.816634963257537
1.767493773474268
-1.278673886916597
-0.892488519272729
-2.146264962055271
-0.798836378787444
1.873028216803470
-0.224017417156586
2.720246524506235
-2.036524500713216
-3.530738464159771
-3.245292165747246
-0.947130171881881
0.978931232479316
-2.607060153577442
-1.745115545713728
-0.184872402555503
0.437464277132059
-1.421842071939877
0.670254963365220
0.433428813959593
0.732185087221491
3.026590450348160
0.954125288324882
-1.478077166142210
1.259661239777761
0.823973152392092
-1.777118664610295
-0.450856521908096
0.183737820648740
2.662499912714586
-1.450004451868156
2.007448802565016
4.517100234644568
-2.081451659183522
1.471972428214517
1.340148564296071
-0.020982009128014
1.515686044409232
2.508310360212308
0.402494234262853
-1.439090986484207
1.249701731090582
1.030189550928772
-1.467112541736945
1.689977853011091
1.691127240346591
-2.146813970160748
1.695653227128186
1.822631324703234
1.362103591753768
0.086250330664419
0.420527027308426
-2.118256709594761
-1.347067290998361
2.755526766686477
0.346076420817506
4.862525919824210
-2.318073918601659
-0.249656137348298
0.770779789042887
0.748843026299261
1.782426512786725
2.363419488757549
1.016360653439124
0.185274452985183
2.813091092457566
1.599245407078610
-2.383770555596681
-1.092103389428440
0.134842696144344
-1.948988748445543
2.081319435318874
-3.088433704385506
2.095149335949615
-1.582719384463331
-2.881352842871611
2.256159531943517
2.624635703312056
-1.314975912651730
-0.537521237987368
0.801388026458208
0.276011429700550
-0.723284008201384
-0.495899093018729
2.209440616815127
0.708565107812158
-1.939943124818674
1.438425730069341
-0.380186882934035
2.393355274871950
-1.636183848334613
1.608890906209516
2.512873751925857
1.840280569213529
0.375641748507910
-1.112339781933655
-3.544004708659900
2.684780365837097
0.244240878743732
0.011066106645672
1.131042360808126
4.629637476003263
-1.695597602851227
-0.519981999066573
-0.755753269040257
-0.089579443392091
-3.332645119234915
-0.670253389730809
4.318865450333260
2.829291281193018
2.705197222525171
-1.777626948807790
1.384498926858844
0.976505789823953
-0.062677897960919
-0.711807157103914
3.298600438319429
-0.956297587566427
-1.426888366998502
4.004248024198366
2.130179099629065
-5.597881846184796
0.409232705345122
5.385623975544148
0.980791666431100
-0.049316497161597
-2.993235798314120
-1.427971736643434
-3.117046139740110
0.902910627201218
-0.849487258429938
-1.537749599083026
1.880331033604351
3.733301890417462
2.363153763243808
-0.020124271407717
1.189337293412136
4.452800082849003
-1.599263296866751
-0.475868675653651
1.530653309800678
-0.991039183911415
1.716558647275997
-3.299149398059075
-0.651938286558794
0.010718427328662
0.692107668802846
-0.448080188753480
0.436625655343653
1.178445861893609
-3.211796707860408
0.230906813597063
4.130019328186607
0.004727277447744
3.761002431465996
0.565354377118810
-2.273784847539644
-2.194984055813125
4.073743958058207
-0.717426609032655
-0.144929849912907
0.765596776315134
0.549698670664246
-0.223794487346579
0.194350126004010
1.985582815493977
-1.561593951265169
2.959504228513058
1.587048966419438
0.765435917222111
-1.584899825082997
0.510495149384418
4.438213260685151
-2.769279014995881
0.821707870705304
6.156823001423935
-0.749042775435271
-4.055151915416020
0.343216817674050
3.090063679313861
-0.215242019030240
0.530789426053398
3.589383664766793
-1.182004498568510
-0.033943915992618
1.741221681348356
1.562604778684427
-0.693254479714554
4.025211294458235
-2.094342675488206
-0.465380993126340
-1.105798531216310
-1.496336356096001
1.281572656548748
-1.239766726997246
-1.473812572970955
4.649876050310996
1.908898172928336
-1.108776450868446
-0.147574161068788
1.372350738677617
1.238291922475483
-3.760031112968055
-3.595250751129378
-2.698816356878429
1.513026613346589
2.291206545294402
-0.672542503738889
-1.063954504805740
-0.934181979153362
-3.058334168004322
-1.200872996598431
2.426405053189542
1.143320324785976
0.772192395824540
-2.306854757643754
1.454716048813484
-0.438199298825965
-0.231435285146831
3.443368546526184
-2.841237583347009
-1.843548522345518
1.835160102283148
-0.585736548750435
-2.238740229880476
-1.670563211484559
0.152690719849238
-4.805886724639111
1.444242854278952
2.247345246512271
-5.062313729219522
1.220049892720957
-1.288032973084521
-0.512158831656279
1.665847430376608
1.855417557597545
-1.199924616056728
-3.658592631389794
-1.109966209921186
3.152822430450199
2.883647434731174
-2.680922237764795
-0.705595479818998
2.954655178646166
1.045165339466161
-3.047188297341506
-0.135326324469358
0.346846970751419
-2.920947485383698
-0.077683514143357
1.598294364285035
1.380394772100548
0.511161969692001
2.052911451331935
0.861107082841922
-1.087204545524791
-1.053835973080610
-1.371517583713910
1.520672387945801
0.210302184054159
0.947077216749510
-5.295094082079654
-1.625924455804804
1.059185998543170
-0.126418842991019
5.568246027808081
-1.329890289558998
-0.335175180193834
2.235363601033785
0.001551051731840
2.618710039253139
1.722723253448306
1.618567301349434
0.804764704081474
2.202740545363163
0.312244263856754
3.125440131791875
-3.736441705593838
2.736818161444623
-3.405688409200582
-2.182657480386648
0.039346366905441
-0.346847514389202
-2.937233381465845
-0.925969517474748
-0.023016571479341
-3.088193790905624
1.098790275314850
-2.286289840881670
3.334959074353806
-1.421296055664259
-1.980470055968436
0.138724231085269
3.121961278860560
0.239513347494107
1.939832237222826
-6.160306057232571
1.056456830427432
1.396523730522390
2.770950123659748
0.762957994456931
1.022227993382639
4.037169825179132
1.818869482058813
0.406775520914267
0.318097275168512
-2.539857479250846
-3.496571983813037
1.469051319475840
3.060751911396729
1.674562285598628
-0.113692045413457
-1.755914439504074
-0.238737763427898
-2.766613468193625
-0.132697716043457
-0.181278815979126
0.617990302335015
1.720461493740779
-3.029614174446018
-5.564167183367657
5.118728736315940
0.115100670189632
4.324444193259895
-0.593042981089365
-1.063147646222995
2.318728598112580
3.019405400114994
0.283745488848202
4.962905059326916
1.819688283692115
-2.326974939484680
-0.524261272612985
0.883204002610582
-0.151203916036054
1.155562220468053
-0.449824945466140
0.474385753609106
0.279296753739626
-4.611412896793314
0.406504284447001
0.388276833056445
-2.013385055497820
-1.018883587771587
0.544305874841307
0.283671258298323
-1.523536056579070
1.810245146843316
0.333962133696804
-2.400152701256133
1.183207589727333
-2.367278512982073
-0.056794963095605
1.930929200922439
-0.140390719600125
-0.585260875396512
-0.775298816847701
1.632385106138149
-1.629345366434202
-0.590972215237309
-0.387713881464532
0.089913818937373
-1.989627149183981
1.760242434672294
-1.859294082199193
1.236940468295611
0.291103659745985
0.543050575183368
-0.729171628866776
-2.412528542046435
0.836240507221521
2.380193846877539
-4.143896608385497
-3.512287396887722
2.101120294019471
-4.485120791385684
-1.717111528715887
2.688365433610822
-0.398292372475560
-1.080430414661039
0.121171099894826
-1.339360072973548
-1.081922147390964
1.089933318489128
-0.751380472906691
-0.536739354292319
0.339546465459565
-0.871407424331601
1.383337997139884
-1.566060686622399
-1.142099647714114
-2.655590897581885
-0.410116873109714
-1.335040933983627
1.267859980770629
-0.691140803236010
-1.594246476596930
-2.036455293390962
1.310979143093012
-3.275291976710255
-1.362779570062855
-0.142552036122167
0.416942609199978
-0.152703103513821
1.711235340552826
-0.750610313381577
-1.517955698868664
-1.608730530444567
1.456002159686715
-1.084705313098700
0.787222565071588
0.966370971446622
-1.678282775975207
1.748382089075969
-4.147084094402579
1.426340261788878
0.512246619524189
-0.640993320167361
-0.184706902976532
0.588636374187321
-1.703092454378184
-0.799402879490046
-1.644814120624151
1.026310580099642
4.385713850241174
-0.062480586250527
1.225288594014670
-0.325286035121526
1.501092380701338
-0.603762670037827
-0.078358458056659
-1.135935259132267
2.644463981808501
-0.642101961749556
1.867834212480607
-2.492067077975654
3.515633155000887
3.743958859806662
-0.050807810497009
-3.187079925625172
-0.690319875733668
-0.642739164561019
-0.314056492498400
-1.329409940342378
0.713320080394269
0.582655216836694
2.603388986554274
1.533704337490776
0.289068639918641
-0.966610507238222
-1.905258859011299
-0.422812586675015
2.172165311214375
2.110719127549503
1.737701496155172
-0.317756253601827
1.553813129748880
-0.418347600598179
-0.933727904003182
-4.360772839803004
-1.362015949650800
-2.605299035917057
-2.595193972611530
1.736753393095720
-2.461018093867890
-0.953611406262963
-0.986633739638011
0.272235717310039
-2.778878645734704
0.421868093797048
1.494700987752390
-0.752809368445080
3.267779997378933
1.208558297239466
2.319885273050201
-2.379560833909907
2.756868043012037
-2.525827945071554
0.598791875111166
4.927171361974876
-0.374935099337317
-3.108668470604756
-1.392836968369614
-0.355377463207282
-0.600544341351302
0.876526181093957
-0.090154788451642
-1.160368313314639
0.402534509286317
1.397327605760154
0.959551065617042
-1.994736117673358
1.697910020479531
0.503945749781729
1.553107790574204
-0.829151508986968
2.178619335971190
-2.281460078005315
2.443684572163325
2.591954119356406
-0.515034786161594
1.866025061174443
-0.362599083042240
-0.003047846648470
-2.647773479061675
1.020069725323576
-0.014165394625802
-3.158206316577701
-0.437570035550629
-1.296470857775015
1.022651492878246
0.154263804611247
2.581600650526105
-3.109186659089339
-1.480543078343775
2.047661346226772
-1.763697752383526
-1.757327807880664
2.843314922062753
-0.037839368866619
-2.843052371095567
0.635766822514511
0.699004996421404
0.972837192710503
-1.034815663426757
2.191845057863144
-0.243863382784160
-1.351054718893285
3.073687862558817
1.604752131739255
-3.879411639900612
1.028721351188749
-3.378872022998096
2.596180033808936
1.236384394566239
0.525563725156631
1.376564361582513
0.523561979763655
-0.245055927265816
2.402690161959423
1.103836380065357
-2.347457189699219
0.297601000884348
1.881949107619858
-0.495520259487839
2.196875005488848
-3.235833325208401
0.952575710890511
-1.648917972178363
3.033241872523625
-1.604674228096371
-0.684959516667920
2.233465709709133
-1.308875337821914
-2.209867170881769
-2.268440065022370
-0.189505666664825
1.557154439249957
-2.289142270423244
-0.718705726137052
-0.771314651113533
-0.400712510564759
-3.714322316604813
1.843287999175755
0.559984897009965
-2.052525110151231
-3.182462509149733
-1.358492210120157
0.984026468465719
1.579057331036363
1.767758064779778
0.720518204426028
1.967953820678798
-2.599226455461016
-5.882812290842756
0.008908633459671
1.369738723724657
2.439014669993239
-1.415060999876260
2.223652444508373
2.041757783467254
2.414632492694548
-0.766753458431543
-1.899051259448546
-1.547493268539351
2.257876859237670
-2.613295540920278
-1.536139998958209
2.949619762849784
-2.232273045198430
0.434984412941156
-1.773053139591162
2.854960615841783
-1.723689541930557
-2.253912781288676
-2.085730641959319
-2.177650379820935
0.091011223456101
-1.212577499217063
-2.501578571863135
-1.087341033307925
1.845248259637409
0.774031963461585
-1.607990637599452
-1.808148758117045
-0.273122171039703
1.166493945242040
0.341769073946027
2.313060164712013
-1.497355991093880
0.001602116715635
-1.948183748793683
-1.683956458532055
1.563231784859956
-1.465511546341858
2.602913977424536
0.576160346474973
-1.547011237824294
3.295754096579770
-0.260540999573597
1.189326030405318
-0.437724921386302
0.227510893137698
1.906771834829850
0.432347352524644
-1.808499698911352
0.919847304200423
2.555239885275368
-0.591401308527005
-3.231172587916049
0.797204807692825
-0.810989446884624
-0.444093677390864
0.070506214124608
-0.975621971414626
-2.788359294427669
-1.588250562747307
-0.833069757860553
-0.299041823693746
2.047448710483994
-4.193396087610152
0.277704695425724
5.324435933322511
2.711958288544176
-3.772364634891958
-0.740160738303078
2.350453456595908
-0.296327799061203
2.172869891151250
-0.713399224439703
0.234047724377359
-0.379473253637703
0.527564774163730
-1.094525776264601
-1.800501947553287
0.013407879441136
0.575436284727445
4.163966554432275
-1.645998718649442
-3.042635243537786
1.751628537932504
0.935235810074311
-0.782976698397341
0.850027188875940
1.533855848731385
-2.815650194975741
0.747403961741533
0.151274985141517
-1.491420155556375
-2.855549710429485
0.398017489268204
1.678983026642557
0.554360910755854
0.498780815053907
0.984667938072959
1.583126091988816
1.169537347879027
1.236993805120483
0.191442975990607
-1.722072620144689
4.053948677385637
-0.129989847724137
2.058001545115118
-2.044614489341867
1.057370177412127
-1.567813549887589
3.590740464103239
-1.935091339826728
-3.189146063614295
-3.097919958614596
-1.399145218917823
-0.507395680780297
1.230918370812837
-0.057698852321983
3.318644386899043
1.390630755021941
-2.376001977955835
3.435284676551116
1.959513095373706
1.095326422391008
-0.818303459820420
3.317490732301233
-2.785522459160874
4.140630584454774
-2.949353055762872
-3.051027178193693
-2.019192857504048
-0.379003691916663
-2.814062824404025
2.539891135172990
-2.904981551472898
-0.859380473239517
-1.122883184820046
2.414400480033654
4.503113983931387
6.144633263783049
1.152840763052845
-1.401804056957221
0.556516506445572
-0.852908832978804
-2.244258031336162
-0.101075652646681
1.291266357717266
-2.026547366146902
0.285206856966763
-0.889407660937950
-1.003017581429600
0.764860110570575
-2.738099811834451
0.555566336341246
-3.162965462705553
0.798071284191275
0.689161546125906
-0.582807779521197
4.123618558806416
-2.330197632133566
-1.446021768520785
0.791689005781347
-0.192757400077190
-1.048287462565081
-0.990033301330370
-0.712484061735766
-0.413434189491724
-3.768425498724777
1.512139362202459
0.135585590921528
0.364068204020993
-3.100216939212956
3.200813866264759
-0.630658921394730
6.526179041671199
4.486628065814630
-1.479363804721021
0.148593104367500
0.284268730326286
-0.125093255820534
3.119013696684268
2.580811742799760
2.080689710184300
0.471091966942390
1.334723429097152
4.253636514842937
4.153669080625114
1.053543000584790
1.997924094843345
1.792704160832170
-3.271125950236049
-0.595734504993978
-2.490126135491319
-2.742156654313620
0.237767069252897
-2.882618364232833
0.038416908146700
3.738235350111466
0.405674662579752
4.947017811308305
1.682342577201998
3.348066399538673
1.535057177720510
-2.194174801984395
-1.591448673329267
1.218498033100887
-0.335937069931885
-1.167829672458984
-1.315899372960088
1.267873048383958
-0.142657152785329
0.830664444695220
1.136454304683520
1.510777524168273
-0.288537949174925
2.825735068351143
-2.297751973503782
-0.470176569361744
-0.247842263474566
-0.977698556672050
-4.328972608056472
1.049671395857832
-1.199893059709657
1.838238865808905
-2.357688887820509
0.987509563379827
1.331329589744466
0.568567226876049
1.372736686142330
1.765903070989799
-2.788176306387058
-0.511173948320651
-0.300385157857822
1.369502129587034
1.889584852339514
0.804244922549569
-1.058790949440111
1.342812351545201
-2.045231989881653
1.049768875360455
0.521478742310858
0.194768647680221
1.468348329755717
3.034677262429735
-0.091589851369607
0.154690708299012
-0.063808204884418
-3.393824488467597
0.723901219103789
-1.072895351962868
-2.483279238634354
0.075661822108002
4.000533470214055
-1.401321223673262
0.029599208705392
1.199826820451095
0.249101718648344
-1.624768043150486
3.858493952814185
-0.748788644439948
0.068431290989458
-1.907864880345755
-0.896784482228938
-3.372776967957068
1.542017545214612
-2.200777545920705
0.327445409920148
0.385414174240193
-0.708919642645598
-0.668891888380467
3.571121172283224
2.726334298483312
0.707836585447135
1.267786155895939
-2.207645455028695
2.656999194088088
-3.180002309218767
0.790502816619071
0.615862566812820
3.452140237847901
-2.859292880388830
-2.046418208871658
2.271525740803133
1.295338619399741
0.099920796369556
1.822968560455540
-1.749508994268502
-1.272819439910073
0.585406936470399
0.336541680677276
2.497779389634489
-0.166633454059926
-2.123401210711995
3.675340551117224
0.872953570294815
1.996830231726667
2.378927132213058
0.007615189758899
1.495342437567714
-2.719375780490455
-2.081697434452177
-2.844034006205256
0.231224684035855
-0.746333425911766
-1.266720740546947
2.285366096806352
0.557406155705931
1.108571189825339
-0.620318128546950
0.010465664085294
-2.556834489463080
-1.449952335473554
-1.942716066948804
-3.094017266273751
-2.551128378886383
0.987256825108053
-4.042045950085524
-0.430082986724066
0.980611746126416
-1.257947210254799
-1.220117339929714
-5.533158172284158
1.044861292747167
0.077322196393632
0.936681602971025
0.189333564731916
0.395695807678415
2.151160192900540
0.022405223265756
2.830312307254946
-1.115179966968806
0.710386054744586
1.281133172239372
-0.918353258885682
1.378407785182163
2.990682853151952
-0.186172499621988
1.710902542261813
2.582281519116846
-0.843784449401421
3.361270378710948
-1.668745076878047
1.211098120685226
-3.040209831782695
1.139118607760469
0.495846780007967
-1.374500812420972
-2.625362638280163
0.399848097901520
-0.794494778839915
0.931318149199539
-0.750539483968248
-1.938391960397839
-0.826344248470608
-1.443200310398666
-1.468640230218914
-2.972727253661014
-3.572142660367681
-4.065000242588494
-3.021953650235255
-1.181909761724979
2.624768958970631
-0.789486962227421
-3.125274654064641
-0.438752772477913
3.642490558572686
-4.907270748993804
-1.306736636648432
-0.237830152776137
-0.456082351307708
2.699537211854814
-0.401794525182971
-0.389643211017617
1.050605234955768
4.699480708481893
1.783961833320252
-1.457167553791625
2.307797663413239
1.392854945599261
-1.502405258491641
2.576626734467399
-3.795962496134753
-2.781950461253132
0.412192376748823
-0.930790747700222
-0.821351203926296
0.274258218042273
1.414349436601234
-0.004848797671642
-0.312476240759496
4.119361727361960
1.606927980172945
-0.608545399968189
1.165709108518821
0.225705027444514
0.902137521599698
-4.242378590892555
-1.213099311144108
1.286688929403832
3.458393739319951
-0.255355728383893
-0.504879970238198
-2.476406686607490
-0.281906900435109
2.953624130175471
-0.770931230896859
1.231468918859530
-0.823739633820701
2.550561556374293
-2.250643283073166
2.772247626125446
-0.285864738519336
-0.868088130450935
-0.469857016610190
-2.088315170572640
-0.098844807282657
-3.476440208694227
-3.417140596563486
-1.631572503173013
2.460925623885428
1.279128410184116
-0.468088438151724
0.846026875249258
-1.653752691285730
-4.906834189092152
1.594193676333363
-3.061525096781232
-0.248149589412249
2.804700685461995
0.229202381920192
-1.076008477455354
-2.583138457520130
2.901255964649411
-1.806957084071407
-0.010231932472466
0.592203516671304
-1.189062009423863
4.028042676967486
-0.139649939614295
-1.252398815567917
-1.148218556396140
-0.532774508249725
1.156719033012600
-1.410078706607497
2.216372386529282
0.429642426325367
1.013748448589674
-0.277074010756782
1.685377218947634
-0.258390333901364
0.208689377183227
1.488809168824332
1.476827012279339
-1.556462465647034
1.962284730827694
1.209101168702500
0.973388726654218
0.975305764431516
3.925882397059036
-0.238156566797076
0.099832417684554
-0.449521753174799
0.590197201421633
-0.391981821465002
2.939138341457254
1.130372795988566
0.879907171995884
0.480247107271429
-2.554170994987940
-0.078505467043290
2.863372132210181
0.719166987989850
-0.789894826110876
-0.893618800034959
-3.742255015353130
-3.427512200836194
-0.613237218717969
-0.032451952176741
0.480045929122937
-2.849926687185219
0.852010829477444
0.082332594890036
-2.181807976701842
-2.713995589644685
0.630120568338104
-2.079469842758702
-0.014997712334824
1.585070558190358
0.804035289055146
-0.002343449836487
0.176010291106619
-2.408851618311992
-1.558294306088734
-1.299115560523879
-1.700372272596059
-0.039174106004024
2.563894084457157
-4.845155042464213
-0.053962689327085
0.247973937459129
1.330176527284791
-1.165649493385994
1.479197037229359
-2.269936375110202
2.692295166062869
-1.955058285798250
-0.401064504413799
3.649199181812769
-0.485659746574798
-1.722018416343561
-0.481928680905095
-0.688294282928172
2.864988414521717
1.546400158005955
-2.704334914351431
0.743655614850086
2.738348381089201
-0.739474883085649
-0.154630171200018
2.758583879818400
0.866246673554547
-1.648537501576004
1.144208153444552
-4.516343388347017
2.434948414338460
3.736515313657553
-0.817909394886640
3.111409788750513
1.332690377690045
-1.428156190746845
4.536715306726268
-1.025048713320586
-0.744765692267019
-0.121691003456400
-2.317115117809242
1.635119034588800
-1.360034480948627
2.460339874326567
-0.703981276015587
-1.464283409696129
0.239584949639595
-2.185465683095946
0.748416962658515
0.550344507911859
-1.746726682167640
1.975455606771829
-1.382652731837696
-0.089564701238072
-0.216464099668516
-3.165453657461732
-1.701896183979610
-0.624528444824274
-1.522166844251185
-0.260187744215415
1.378185064517406
0.923800030268009
0.324493547549200
1.663791052440863
-0.131088408382744
-4.642164696037356
0.766435536648643
1.020188014051938
0.638512105744295
-3.390800510928285
0.394422174292778
-2.169926610365427
-0.185711279764395
0.968901966799018
3.863966143269279
2.436319051744623
0.936873378156021
0.646742761997906
0.951131458468217
2.401535084537824
0.571495355047284
2.273955143112686
-0.776910651654702
-0.077209603850794
-2.396282217423851
1.038524669648612
2.511344635164013
-0.335034157712311
-0.460487848110061
2.201445858150533
-0.821502765686369
0.651942903330027
-2.491185161989349
0.536829983900679
-1.129082120826353
2.316959789461608
1.391554728019775
1.989182029216491
-7.016073586197023
-0.398062132670006
-2.105878770851454
-1.647871183284754
-2.974139110154379
-1.685437074766569
1.322289373030935
0.112886907110886
0.930951301443126
-0.944525951934956
-2.569492310910339
3.522107375430580
2.535587353956963
0.511015522866932
-1.321263557187165
-2.536840249028236
1.348311087542967
0.097273403273670
0.464091824916551
-0.525674537177488
-0.995343441183791
-0.856366471817162
-1.999831391875854
-0.278375600666980
-0.687745532183923
-1.758933875967937
1.096564632187699
-1.505105892681753
0.006588729888763
-0.288880399943639
-3.395237497585205
0.776994947888293
-2.081349318544111
2.510851007514239
2.467684817779423
1.203422964318035
-4.460157004115566
-1.564034688299401
1.251035594912070
0.549711570360763
-0.070348772650887
-1.841227943937094
-1.528367614130079
2.036039270165560
-1.255716363043121
-1.829047233496754
-1.922358760424074
-2.596500182166023
1.361327127907878
-2.210324976387635
-2.959472094522343
-2.423626812586416
-1.464919700856424
-0.444356991686171
0.863241603051315
-3.938941687791930
1.039961339957405
-2.881380465314765
-4.900538017508958
-0.260017895850743
0.267904789503290
-1.068323796393209
0.516600497800026
1.930029165913799
0.378148524419977
1.738581243100262
0.272132573919838
-0.075442193041688
-1.628403030572628
0.509989072031226
1.858870750297972
0.037642945505556
-0.798707550474783
0.759580719840560
1.368551312723023
-0.260983882247176
2.167357581446876
-0.025452813786694
-0.895326668410310
2.442567685436057
1.151873392101942
-1.760747616303578
-1.311390435451118
0.423447634466728
-0.084041581206935
-1.534475831900666
2.282645302682581
0.389386907259726
-1.018197017406606
0.270241055654942
-3.687651293243263
-0.824047136213202
-0.333525244034186
3.440052956983529
-0.864806068307607
-1.405806187564491
0.331569866122029
0.005396005783375
2.179308637730426
-1.902289893872545
-0.603606899365236
-2.259918450659617
-1.758904111777892
0.348461823116741
0.827998099317407
0.726020256531227
-2.070089849889959
0.531383601025819
-0.685046943013681
1.631588886767606
-0.178136404292976
-0.031536177247566
1.192168695078813
1.159200478702898
-1.278237997954087
-1.388101644751819
-0.420816283383624
-0.396523387607861
-0.768507092854189
-0.837545660826504
-0.956039629378007
-1.516284019997090
-0.187788846149044
-0.042064392702423
0.173808141391247
1.160778135744661
-2.176242800620496
-3.144807415667897
-3.575954496854440
3.942732796618968
-3.821862590163138
1.961512927456402
1.602425876795650
-1.514796368267622
-3.354446987768577
-0.888067436659910
3.771503085769298
3.035879700334747
6.953497511737265
-3.018107843590264
-1.389294355781895
-0.407902753294673
2.740062453392812
2.652907930234375
1.902540856533648
0.389387074112999
0.780901843210485
-1.185619532094900
-0.706017208532197
-0.788482423434460
0.502752314701601
1.140984492752975
-0.973894782679523
4.318843418475355
0.830548065751445
-3.149183640983803
-1.101524614957675
-1.880500086694864
-1.041229606896947
0.747873070477581
2.437869923363650
1.345839099216116
-3.352517220517946
-2.666168110216044
0.005947960487090
-1.000305756385606
1.615979818886958
2.911536876970482
-1.218099668853416
-2.967508408080801
0.096294034600616
-2.510013481238463
-0.100390118184851
-0.908694302938092
-1.107168824144338
-1.281114519366919
2.173248269531696
-0.182308969366495
-0.113012073735139
-5.285657893290198
0.429156660211485
4.325276588902257
-0.213092329776379
0.446814821620905
-0.607073369796704
2.851778519508353
1.006215074412211
-1.744539718020394
0.090520162268607
1.266857411055901
2.396598197770942
2.060571140558328
-0.869453813380920
-1.636099484418869
1.407923429398245
0.562452972652406
2.847013270620231
-4.171456962894177
1.443384842824194
0.008905598221884
0.910622800453059
5.122671982344635
1.426545796160169
0.433073526328896
1.566172023835280
0.705420187502285
-2.033012529610937
-0.913137910678009
-0.794080502492755
-0.000652691905943
-1.331364054504417
1.064815797495083
-1.944332289761928
3.346236115892953
1.911846939979505
-2.238931090740175
0.583360305230113
-1.240548244899599
1.420760143417064
-0.386233206772529
-2.245290863884981
0.093690605419559
-1.253524240607438
-0.580211239561871
3.168500214234201
-0.479087710546110
-4.249280237527024
-1.317552831580314
0.560980691892427
2.288885994942829
-0.572442804316070
0.885152341223700
-1.486406838118749
1.057469046970790
0.493006153716952
-2.573814863010209
-0.688793640879627
1.298047139839594
1.372853291219314
-1.238931532359560
3.535256285318646
-1.154562209716455
-0.653823576503108
-2.275111444280227
-2.140531326024426
0.309521561302147
-1.733145088905039
-1.901895866682138
6.526733690603799
3.198893362947377
0.848920360186882
-1.774370637309227
-1.519153631255278
-0.254178274837400
-1.696975452968711
0.396419168360816
0.211905670813635
0.193520948082226
-1.693506611010316
3.264483107455036
-2.282368591135767
-2.905652486033998
-3.769860046144560
0.040255424234143
-0.105483761639685
-1.379468688589524
-0.039283255335339
-1.842446583343728
-1.156634712352841
3.363890028630246
-2.646569701238952
-5.210776083861809
-1.021885605377086
1.612796138401113
0.799200506314676
2.593524994283726
1.962261583389249
0.966088211437206
1.889910769992584
-2.779293050071054
-0.907377539374822
1.291239461887235
-1.170362444876824
1.082612046263773
2.418740508613930
2.995899705090404
-0.242069582885678
-1.934870168733750
-1.617287520179337
-0.534726614756641
0.610361960627959
-1.108252411930385
-3.565751426166801
-0.247039859569423
0.055630797316530
-2.600866107427649
-0.582488130091347
-1.260549124582670
-1.885180104381146
0.230742123305520
-0.766154220108336
0.964871943661763
2.372551880789548
2.771979570878099
1.136278128731829
0.881353239529860
-0.203374032901977
0.840035758340533
-1.147357676522872
-1.223542603024625
-1.251850822018627
0.680712349399600
4.413757795209251
-6.151561495682762
3.181645492847307
0.797498863721203
1.063176518551623
-1.792176848464932
3.959459109357616
0.798943826804143
-1.896506927250515
-1.565508612101387
0.898036477399700
-3.658157057110691
-2.017570213393559
-1.622501211495910
2.341940717719992
-1.418678463510054
0.321671757075109
1.410371430949963
1.327618488362928
-2.512777181080219
-1.606250139304044
-0.098572159569468
0.698816533092267
1.456904683430095
-1.416462566396381
0.730878606232355
2.204434420708090
2.085564148224285
0.705637318042744
-3.125154696993183
0.404310430656723
-2.189971605825920
1.046910738342030
-3.562203489888853
-0.069308177434154
2.011802868126147
1.381611736995010
1.078798940895235
-0.661159147747003
2.410148598531654
2.880585954774734
0.181360069119894
4.332263853928219
-0.983049880416628
-1.144954856744046
5.481883239324513
0.755195261196974
0.718274701872686
2.787267156837834
0.347861662471983
-1.330426387544332
1.960439395918959
2.447178438659961
1.496217036687320
-0.805232864962081
-5.180367033452111
-0.765798467404292
1.515654575245009
2.587348855761118
-2.917945303788553
-2.477031570193215
2.010615446489168
1.202224629698625
0.743001773421993
-0.329127636819650
-3.114659254735708
0.593876315082841
2.317546501915187
0.523522793204643
2.273622150421506
-0.106503012406231
-0.208045325995816
0.222117860467797
1.313382660137443
-0.251820594789009
0.108248220081023
1.537831320589918
-0.664777621724821
1.121409074408324
-0.121723621970120
-0.563204562339693
-0.914025667174918
-4.551354587539942
3.343684017824772
-3.848383460183634
2.927096223501628
-1.676065819080259
2.977271757925612
-0.105413145894856
1.374965198062225
-3.834457413201096
-0.838433259383774
1.296776333602795
-1.519452315914429
2.062742120502249
0.472185797006437
-0.222316834411301
2.063794514528173
-1.053125052880475
-3.285339231851647
-0.967619872244733
1.083013471771743
0.204051506413946
0.083739616326387
1.065873458491636
-1.476257575945906
0.016752208944971
0.692712966185949
-0.748383229256925
4.175401395300633
-3.072075365888580
-1.981191404836901
1.506633564403008
-2.118945832133367
4.061973127509505
1.113446956709360
-2.742249158338031
-0.831987059606300
3.229405714458336
-1.914947872932998
0.863764379243239
2.652419518340836
0.169252176373370
-3.873776251808404
-1.121528893764385
-1.108319486753594
-1.490240088186186
2.240392726910275
1.795527854578840
-2.484624577175029
-1.139052715720655
0.484714996949296
-2.379847786635771
1.205824829142285
2.923230897264301
0.145957410149534
-2.810694904523278
2.328317698384624
2.129885902750154
0.610191948185969
-0.475880263209256
0.754086827611986
-0.516829214807122
-3.213690672444489
-0.407425813430582
0.068014874218522
-2.291377794054991
-3.116746136586748
0.562907807915228
-4.316265028524136
1.297008106377587
-1.477152924133941
-2.111472106892810
-0.004020291393598
-2.770603505597179
0.069877753486022
-2.049144271832128
-4.802399669774196
2.587466534049576
1.775024058884058
3.935902137273378
-0.097165016908956
-0.555733834671050
0.900723509014008
-5.519118460741329
-2.917577152125350
-1.470227437061807
-1.341769541549340
0.133686206307379
-0.363098337447457
-1.212671587875132
-1.113584748677410
-2.739938312166437
-0.181104679295175
0.549997008176593
0.895221848010580
1.261577588296911
3.684209154362148
0.193683479161845
-2.715045070238905
-2.927102784204378
0.216209679549270
-0.447389624198717
-2.070449550190122
-2.903780657992698
-3.188910969650863
0.964124834864982
0.504126977032198
2.173890019902474
1.066645390732582
2.197523672177277
0.441327774539698
0.500259116762048
0.102015391036314
1.761424338847460
0.499160338508918
-0.944944189042722
0.459696060368046
1.162177127601475
1.877514201816916
1.225136478371595
0.551169233961984
-0.770715553871974
-0.052537149972699
-2.240856265074727
2.072046009263795
-1.021493476313265
1.381427279626441
1.252322914747207
0.056473131116619
-2.326818117125662
0.196831443053780
-0.646369662499402
0.298100021137468
-0.439693102746618
1.211363910164850
-3.513259917082713
0.593947645284760
-0.743103074645537
-3.969555660113062
2.850568976255790
-1.554985063173286
1.087571988563222
2.433677295786878
-1.214233683784183
-0.155236171495471
0.929207901507329
1.269620066838868
0.546521942032311
3.490506776901018
-0.728069509687079
0.195854024552956
2.125882188301665
-0.167057164946197
3.893535964983768
-0.302769753262506
-2.818870750413889
3.423828046048482
-2.355675608085924
1.028673279670752
0.301501394422546
1.593403663341959
1.448767195858355
-0.630174074439384
0.060993546420448
-0.939876231774950
-1.006101891786884
0.364484346080932
-3.764983211723505
-0.709139028673677
-0.254106864078376
0.149826114668107
3.202585649395318
1.365748716658089
0.722768591251094
2.743392910635399
0.837449876775429
3.859230863687274
-3.132468433296725
1.283972472479797
0.346096842169571
-1.888216413587083
-1.754187319019989
1.893569891176730
0.999358254332036
-3.197508660991738
-2.344479683799988
0.161853226540901
-0.277233365752883
-3.204871492021736
-1.163779351906410
-1.499556562710226
-0.817933174958058
-3.545972000834921
0.573522732236722
-1.249072220714011
0.846123327645529
-2.099805127013893
3.373151962160295
1.976565336916109
-0.166931001388792
-1.863005750382132
-0.766069553841391
-0.211317257809562
0.297753242524697
1.144496499202852
-0.700968759695841
1.137257412758242
4.926541577472428
1.423742531004983
2.951436373099690
-0.720922866739920
-1.758107243869913
-0.857414174448552
-2.665426407465560
-3.564452551372637
0.424145068602550
-4.216006967334954
0.405589033361073
1.053159599890409
-1.567995718147985
0.364621573469894
1.219694735271752
0.174172894374120
1.854597372671062
-1.420150483153213
-1.678245544028458
-0.685049137684719
-1.130247028240319
1.509934626530734
1.958341858526337
0.392947841726077
-0.361487570576826
-1.337158616748131
-1.056051988676287
0.700445506300933
1.925565464456476
0.829062760889216
-1.415148687773619
1.007699803907409
-1.859281817296121
1.786525613534774
-0.498569820575834
-1.278395072337402
1.501654247217116
2.412278296125966
-0.534287698812852
-1.770893173026744
2.886832657805288
-3.436432188973936
-3.336476047162276
-0.733946538669754
1.450933682202370
1.643490440030767
1.057097390541535
-0.137256160624158
-0.909100328191496
1.431422240737954
-0.508863058805400
-1.587256051993309
0.886768877315912
-2.546925116977602
-1.280532781620351
0.830003202668270
0.542070617328408
2.427830381183110
-0.554509922852027
1.313663042007903
-1.532166230002317
-1.733624826458654
0.201350845015111
-2.926498152456710
1.174364687423157
-5.425493432039531
1.550897469652291
-2.960906147888864
0.773342952285649
-0.681900139870162
3.112379023302703
0.010478131109164
1.016370398984063
1.510007874220959
1.166174319862299
-0.277931920947026
0.380522604956201
-2.065776683817428
-0.300635173369987
0.602041949134146
-0.407541548608533
-0.653469854699457
-0.691521594371413
-0.609872291898058
0.358010584212018
-2.543044992645159
2.661081012002832
-2.291307416451376
1.274595415450588
0.373514238067571
-0.642628749599920
-3.994183607094197
-0.811496065905133
-2.090333679509891
3.975982851388967
1.404914254252223
1.947286243360678
-2.216305159977703
1.900589818156595
0.875730939789827
0.338061380565534
-0.822180863117957
0.427143855964549
4.135081719070127
-2.592467480730718
0.279980583224537
-3.614503593961063
-0.888368879025185
-2.701417124427347
0.773125649433662
0.710026049857736
0.347109244279507
-1.226839291372028
1.922879804634440
-1.526848534519789
-0.268930063394883
0.468492893714062
3.088902551416578
3.475027590171932
-1.260934442351074
-1.459969439356257
-3.176140243199411
-2.033003686071607
3.284548709997866
1.385836760677793
-1.959806759956076
-0.725149421875765
1.877878700389791
0.573934358626736
0.421858197884935
2.026147758414789
0.645685705417392
-2.939568777981984
0.404293236539661
0.157537146399324
0.862661379217780
2.822984444532572
1.850897138698256
1.802237927816611
1.293445975992043
-1.800939862500420
0.089331826472765
-6.350744621370123
-1.675980896835588
2.054369743756399
-1.645287872688799
2.244143788560944
2.207592203450691
0.106851194940430
0.494457491941040
-1.007051755372339
2.364864601736376
0.006319282953915
-0.734593460124417
-0.010692778264780
-0.233590873581076
-0.711462846833791
-0.427797077126441
6.555139237662674
3.167913932239725
1.585803244369711
-0.029717783919179
-2.524807053439234
0.546953743574410
0.106088772844354
-1.514535006488968
-1.223116970279089
-1.213950979188007
0.422764634198692
1.260547149807263
-2.298482133179011
0.563790619672272
1.004016791319128
-0.218604956062064
3.114764456889406
1.125250687418355
3.257462314246773
-0.795240789975868
1.155142832391121
1.056252193841604
0.453343922798894
1.764513736367695
2.098393227333149
-5.702720230405712
-0.505206139669899
-1.239973114507132
-3.102980057582037
3.974763561839459
-3.696757753375762
3.887309303216416
0.762768449792099
-4.158860948326780
-1.955674238567913
-1.987451668492340
2.126168952663077
3.179492070129704
-1.065695214051058
3.651617271957806
5.194556064567503
0.387583209695036
-1.903239859002983
3.223022691674704
-4.775219811668694
-0.288787833668839
1.159632594950212
-0.229076581726575
0.557537786765216
2.172036660349901
-1.658551414236346
-3.649328570468440
-0.137644482112911
1.050304878776141
0.348258056164354
-1.692090041749383
-0.239613581703873
-1.995515026054938
-0.366797973881525
-1.611209625350231
2.774823439187504
0.697810238493176
3.026176207704009
2.270174759138799
0.243456359831662
4.147351199867541
2.435232647812559
0.577381884024960
2.414650085863197
2.354020779255283
-1.233359365761107
-0.978531329296663
-2.935437712293220
1.381627131808350
1.935092981761833
0.895649725723046
1.328105301361115
-2.413885593622020
-0.965130256986583
0.482054595500804
0.645151930646114
-0.191516903448016
-1.291582042423173
1.762411916097729
1.110316692762632
-2.398655245944444
-2.485754349774859
-0.856103166790465
0.705873795657406
-0.857696886302814
2.019948545410428
-0.187984184425981
-1.460458834489762
-3.034619652699248
0.985169718882650
0.814288754979018
-0.015580968002955
3.877934289480661
-5.616445447430505
0.451264362572076
3.288047124157266
0.947527674993172
-2.905284996813680
2.536842328165541
0.413216914592422
-1.337880567005373
1.667173754104197
2.028768576354948
2.583849633723284
-0.931940204603999
-1.181950424572358
-1.691914187759846
2.364773009419010
-1.318753730114020
-1.009747739411859
-0.504590831275256
2.697824291383724
0.691533528602706
0.521032346026751
2.999949115414334
0.010218178476295
0.350202424888910
-3.386376936858228
-0.824978265083576
-1.154324628806729
-2.179791718082591
2.094235184097479
-0.527864543947184
-1.027193456081536
-0.474896649371516
-1.500186765732684
0.392983607123722
-3.100068886789464
-1.101834721405026
-0.656425830313598
1.977006911836689
-0.718686377767245
-2.540283922324041
-0.147399874959825
-0.111635850824391
-0.667978707647815
0.353708266997231
-0.997907094341804
0.755271580008344
-1.170322936379965
1.314139727127380
3.351374677995337
0.994238942844067
1.995417468105868
-0.226899232052557
0.387094930152284
-2.992279491713912
0.158696907688267
1.190833207470900
1.231985424924862
-0.010193183574789
1.411324402310568
-1.038821548374653
-1.637915746887005
-2.476036804220644
-1.499068848079578
0.315426267346776
-1.200729202306460
-2.543609246748796
2.113126651333842
-1.441205440718569
-2.446039808983859
1.427511075239559
0.988284140975797
2.769730814796940
3.789116855687064
1.509336433683901
-1.406264623920809
-0.198206970003815
-0.049396251518981
-0.826625526091604
3.334691327132514
-2.134501197726502
-1.068910775504264
-1.794549643775047
1.364407590484718
-2.670170163732236
-0.484352546810275
-2.119062499743478
1.189044493978850
-1.191192232055003
-1.685887483913384
0.435297636679449
-1.074676813027395
-1.549480436565387
0.988059081405444
2.046203692635098
-0.126659133774980
2.168100511020043
-0.303762529428741
4.085187901575546
0.715751647292265
-0.680388304109192
3.365427414666124
0.335539662199255
-0.814208795947696
1.658313512347640
-2.090004878772957
0.538328202439610
1.651766108904223
-0.041524459923204
-2.023256501778910
-1.664762638864947
-0.084908967096901
-2.237451419822026
-1.405706951684061
1.875484791624931
3.072320111931481
1.840480842073966
-0.513833824384829
-3.861013538038852
-2.862514799574775
0.490010173325807
4.974853123152671
1.414715928929173
1.228551190092040
3.338553058060588
-4.128528503004676
0.552399970038236
1.774074544452855
1.074532063883405
6.196483401143831
-1.880653998312312
2.593458306993202
3.267407766980325
-2.331495095774005
-1.841716473689434
-1.346697905025593
-2.356426508539335
-3.472596685685396
2.140175951847687
2.035655850683694
1.144832941388496
-0.776335463267602
-0.489491534178369
-0.148446172533148
3.050588772667137
-0.860515977070544
0.806330724729472
2.667368160105207
1.486938173543747
0.750767820057735
-1.285822527436248
0.261884753402050
-0.146208197089555
2.042812702076954
-3.656044827327353
1.604178027396228
0.878601872992883
2.207038607755404
-3.540752831439308
-0.328785822011913
0.830028903257200
2.493063591989900
1.920469159853879
3.195320263264839
0.704444388730298
-0.126020731419929
3.396206159582178
2.537167695316107
-0.005984326446525
1.597351665648250
-0.577626594476294
5.333384520218379
0.752533722028019
-0.259955731026882
-2.729404059987011
-1.081867920039052
0.022610811005864
1.824921974452289
-1.109285185865486
-1.223605117424809
0.245314500905640
0.345655469900330
-3.051445950792632
0.477289914110575
-0.195150780713890
-2.845332451117049
1.215412490201116
0.576380737540296
0.294619427159771
-0.520796016636524
0.374292039918069
0.059656594379147
-0.023811623709395
0.347580290596913
-4.171522939297617
-1.352231199596617
1.743110166513431
3.419661672154239
3.327261077480250
0.094574822958279
0.637148300275343
2.754620224605954
0.079556152637405
-2.331307695272032
0.681352023804369
-1.241348739118396
1.328814510900665
-0.267859135232280
0.177836691678321
1.244179052253941
-3.182411139533114
0.171228520915415
-0.522778049882103
-0.425542588918292
-0.901785687994251
-0.059013946579658
1.695901114590212
-0.731710441028783
-2.086179764871371
-0.878605581970813
5.481495941743672
-1.269398950874474
-1.953304825907630
0.236697865973187
-0.374296284497281
-1.884693481014080
4.388010267732410
-2.620305943363752
0.928289704786552
-0.837692391490076
-1.046536299958556
1.821904937772613
3.865360075457010
-0.757922124954718
1.544718275562783
-0.792699430309545
2.102986998381242
-1.762049335808010
1.462956289315199
-0.888702846666726
-1.375616488240730
-0.983244552652262
4.563310096092140
-0.220687578092771
-1.779608771070817
-0.124264920554864
1.145500935998308
1.554207355229337
2.651279260293889
0.101564873473526
0.818143292887452
3.639076735110328
1.875251734690476
-1.893082228288427
0.980606157839785
0.346513207996030
0.571039767073534
0.059879148492228
-3.124263687438781
-4.340985661556441
-3.053829043777820
-6.050411055659001
0.435972833296061
-2.904860662263743
-1.360065316446054
-1.607226189149539
-2.888327385298076
-3.328605849255091
-1.170657686521941
0.244150529087121
0.529352687665915
1.238717274938895
2.186555234730748
-5.267354845436977
2.178274349711351
-0.636641879040148
3.597774090957467
-3.255729384654217
3.141958396498068
0.189859494800686
0.071392178635972
-0.789861225730210
-0.406996515710966
-2.606949391205176
-1.137494714504402
-0.697385979090757
1.194206720685853
-0.339557322716840
0.697105640961958
2.828088123506100
-1.186900601015683
-1.244030563666512
2.999414450371465
3.484088482188332
4.203139069177348
-1.624481070814654
-1.987397192534178
0.084478241365822
-0.613664609291008
2.058638234973209
-2.835081306289832
0.655017466004681
-0.529872309625196
0.386070941881043
1.738361689670465
0.494800252864859
1.746336333527395
-2.323146157036484
4.862578360446287
-0.966835959939309
0.884418294329582
-0.785661334268975
-3.049505172949604
1.465391858518884
-2.792055445806796
2.692955718049122
2.760992103531679
-0.041615798384837
3.214243257241399
1.706378455774194
-0.856955341355256
-3.583449096114677
1.952203758855974
2.224170224044162
-0.644408666174713
0.150624083461424
5.299187643292136
2.060426280870713
1.370970806477410
0.954846178320231
-1.577651555276560
-1.331021688116042
0.465661648031249
-0.481740600819302
-5.533221815355765
-2.154268955189599
-1.897213564007379
2.884818128406061
-0.234193719140441
-0.336571790507024
1.763713294735304
-0.587857056169408
-3.831321113108793
1.263799834901206
-1.727898431576454
3.907558262515415
-2.349129343311324
1.025754249330023
2.763985328654053
-0.707899081270634
-0.315632422917446
2.026898208476098
3.049705967592419
-2.721068076053483
-2.802767655038906
0.262046999247696
1.391770062024174
-4.438914796058818
-0.649972719777020
-0.139389175896216
2.752553167424270
0.190059836770352
-0.319014287501337
-0.817946600416730
1.149177351081546
1.800132985212485
1.281597757219599
-0.940575299149538
0.336705390739931
0.508996157581529
-1.885415811823174
-0.848604422152573
-2.971592521455948
-2.130322156586785
3.830443344791516
-0.795981315387412
2.014214449243674
2.317443021400248
-3.855936789124450
1.061890045712913
-1.699366868765940
-1.057628396544301
0.321494466498116
-3.835961486412529
-3.784275812335673
-1.243083351952224
-2.774664488092655
2.287396876389648
-1.553663771199310
-0.576270608395072
-2.315047231880711
1.849850252994610
0.114842974705390
1.042053139002704
2.320836901181442
-0.453606587277998
1.823283883831474
-0.473448812931847
0.506862624727324
0.196098983765333
2.312020723273831
-1.344788551751164
0.528604477331585
-1.627032768087312
1.051610339334382
2.057435370880859
0.261192093869597
0.497526156111843
2.495695704608504
3.967415647376699
-1.591083067393251
1.552336512024716
-1.897870935989470
2.884203945778047
-0.327696909779696
0.845949443362356
0.726993560016843
1.632527858127877
-1.262198034524671
-1.348069443429341
-1.557809799312407
2.661846412935974
2.585240190122807
-0.579279928310154
-0.693557505819978
-1.242370856687300
0.459596112488548
-1.563786685458069
1.668376843937208
3.345250350642249
0.385513219785563
-2.234881286887763
-0.204416685158147
1.664413209638030
-2.403515074402263
-1.543270619692246
-2.703458859048157
2.374443947795248
0.642996046065604
0.860366281148535
-1.209383712277774
-1.127714239363196
-1.965328263161559
-0.572834353076320
2.963597158940324
3.354028267640957
-0.621367054873672
0.198830428586723
2.696582195150784
0.461344022166145
-0.573391448197967
1.343622787638777
0.514531966618723
-1.781302340150405
-1.362080703264187
-3.071712382402031
2.460626882668512
-3.430435123470577
-0.824020708239171
1.442346508312918
-2.748298584773345
-1.804126112147155
-1.192909817924378
0.998582048712789
-4.354359155964298
0.702013380261956
-0.281481115435566
-1.714648206357210
0.503033906836551
-1.982757641719930
-0.744036237163982
0.908969440238916
1.185442990355802
0.262994727910446
-1.077624823361569
1.912421547463485
-0.900836731300528
-0.225337087993799
1.306888420125973
-2.866874882008400
2.374647343542762
1.742432258142674
-2.999604270881009
1.138706889851023
3.408604062180232
1.160414511793375
2.107855983366023
4.382153796490306
0.627068005766311
2.085245127872953
1.078208494474661
1.415064161109664
0.570106939694363
-1.503056883937157
-0.426147782384602
-1.437522926991140
1.695652461785232
0.363812332433279
1.965676278068392
-3.050725535582569
-0.748463291276154
2.467931875740718
-0.781495971383182
0.740543289786749
-3.633733722844535
2.165957111079107
-0.997603903985012
-0.167969826062832
3.165958887771814
0.556423561800194
-1.919681161707707
1.140395493917280
-1.242094444248359
-3.082967994157643
0.333034742189914
0.336602858910428
0.208595464644004
-2.678076058476301
1.086107667706254
-0.710836900097183
1.170215188363776
-2.337842120175138
-2.287287723919697
-2.485475864290386
-0.177829910503462
1.112874329385742
-4.408755796320146
3.731628997706424
-0.768338427065982
-0.062217194643542
-0.618389438169453
-0.332748456871158
-0.749899966808094
3.273401389856847
-0.576592133215262
-0.013514483649334
-1.938706393631770
0.473568576742885
0.870148957498168
0.301691705517152
-4.538706051657512
-0.211050639324438
-0.677255331933338
0.563510007836718
2.545174490762972
2.158094228182965
-0.027115640643989
1.828942893692036
1.367918173793252
-1.964169432499514
3.190817202138385
-2.896681741056291
1.325387073645909
0.300011337725092
1.959940351837721
-2.285643540262414
1.518193798277420
1.502167701071977
-0.752188600727217
-1.052316817616482
1.388692922377442
4.174700457790353
0.091438149482669
-0.535250289854492
-3.141492564662301
1.587787975115688
-2.226444608160660
-1.640141214464869
0.235042418516966
2.157204097173703
-4.173154531210920
0.728573742330674
-1.650817647762922
1.228609720930298
0.713430787097730
1.717908007422506
-1.492542941111598
1.775867580706838
1.127847974028257
0.439482274795846
-3.354762877434862
1.689613609447892
-3.463104614968605
1.217761640360998
3.356048114172220
0.518702611694203
3.007177948947483
3.157188114672945
0.177084733487763
0.526288815084972
-2.750935519820447
3.113013726754115
-1.037954228671422
0.231410025096828
1.957398668580950
-0.947477545288419
-0.172667835072619
0.257763294488351
-1.014273823884741
-2.612632068158561
-1.939581375156822
2.053927889872542
-2.299843542397404
-4.537011134755619
4.976431637462957
-2.400510876259809
-2.693695743700708
1.285609459467198
4.010436031322270
0.979639788340369
-0.119388699356068
-3.010711820701359
-0.169257218843819
0.562062064374047
2.538357337535754
-0.232048148506608
2.167139708860809
-1.364431322339244
-3.509065777194198
1.390604774565282
1.541158021138560
-0.820016014432002
-2.534748649630923
-2.013466053953120
-2.686309458612014
-1.385274825656430
-2.744626853647718
-2.951043259973427
-0.092110784357690
-4.307471961856161
-1.202927993473005
-2.302209079487706
1.810500147544933
0.718528524223857
1.138654345847439
-0.755854511899662
1.927565934366827
0.844931731402573
0.687776688920926
-1.070114117677742
-0.914115505634302
1.797328866271625
1.901466487027782
2.915308381925394
-0.105484600558720
0.285511910894961
-0.289380950882981
2.434965332959806
2.538436274012853
-1.516717756473930
-3.390904794382271
2.100392115209494
1.563097031564150
3.066678081192536
-0.081588619109511
1.869342623250318
1.256778913017959
-1.812131582919725
1.107156912261895
-0.943355773594764
-3.262116510721552
-2.501130497834453
-1.502755640851452
-1.273541559955705
-1.958791114960532
1.875504576181748
-1.016222587207974
2.525596815421296
-3.594054936579016
-0.449789593596944
2.157311708977372
-1.107839156362892
-2.280238317463831
-2.247774262134497
-0.074700164099057
-1.578204968208954
-2.792598858846904
-2.250980650849512
0.715832697063314
2.494203775738344
-0.798369332416425
-0.488550406618971
-1.756477875817265
4.235872715055355
0.272076568443663
1.361712523662788
-2.619217030596767
1.595441910373117
-0.053617868552232
-2.530001178987631
-2.656447744597163
-3.574171767157564
-3.302892023491766
1.325523378848202
-4.338873683516471
0.423354596190158
-1.012644208413572
-0.386763123863598
-1.787588266059076
-0.518176969325043
-1.296342972123216
-1.622094410346019
2.026763195230374
1.856292110479009
-2.329237117823007
-2.103074683661975
0.106215037441112
0.097677020113634
-0.641975800014385
-0.271471804846468
-1.232041316325732
-4.342487956720294
1.558946341451295
1.712416750719369
0.757191448448766
-2.896894999653850
-2.763162590251841
-0.907921955213459
-0.672399270134047
-2.424160998061227
-0.365418168442219
0.972413582928452
3.075509383644036
-3.370683871819795
-2.505212563125577
-0.970184383989898
-4.386662850646194
-2.127943052215159
-2.283340820002314
-0.243076945755483
-1.315470989303681
1.617397336668701
0.581645269983775
-0.323851497113826
1.287406555557504
-0.726207598834859
-2.915873808743870
-1.617070518000653
1.150535215568856
0.438023480822608
-1.546618484980978
0.686723013949099
2.672666741141547
0.464966009346344
-1.848452925738922
0.446960483607334
0.829812610194103
2.873149557160390
-0.529406045464138
1.394119087717163
2.043487470904669
-0.835561459346424
5.740496976716797
-4.134504313617897
-3.122021495224947
-2.247012470235079
4.014832494466142
-0.291348160642857
-0.766698569736137
-3.140770977799153
-0.393013322223121
2.545499896792061
2.006384715867322
4.396932914725208
1.050884841631815
0.338157842745978
-3.989386510609352
-1.504092692918643
-0.568515012867588
-2.266363583556369
2.038919111091951
-0.067231696915321
-0.436269500586685
-3.905540964749195
-1.238972438526211
-0.648034530893846
-0.621547269947479
-1.586348718160260
-2.329224453973410
-1.608723767809071
0.905700021997127
-1.124294174643047
0.371136089465519
0.604753848100637
0.107875243616089
-0.566575284849682
0.296970371487382
2.304932831045235
-2.314770585153962
3.908247309254934
-0.480192529580574
-3.330187611840498
-0.276570717293409
0.218250834148699
4.218125020364209
0.616508474701589
-1.018961479225383
3.056132356537601
0.586280982135924
2.062331454788402
1.632092128227024
0.445357375001749
1.096748564846016
-2.168702652327225
-1.294806428043179
1.813033902491118
-1.758053590033823
3.287715544489782
1.412655579375286
0.354611240130443
2.718198263200152
-2.315423686849998
0.736374649084201
-1.261775963147782
-0.348503147215599
-2.448697193405009
1.856249811464661
-0.679959151004500
-1.202674614434411
2.375764266760169
-1.167185084214489
0.384765628548708
-1.967643287660593
1.252553194016684
-1.747608897145695
1.149103460083603
-0.718955782095176
-2.665195228712579
1.194328248524731
-3.067433712230711
-1.289026173433240
0.899624451147931
-1.204702571324481
-1.885682706107862
1.331058932957996
2.737363730761996
0.768176163861361
-1.964044540741678
-0.625133652309726
2.929963841458990
0.504817193086347
0.651844611086046
1.809861215833061
0.361677166612905
-0.741456305209472
-2.128006932690094
-0.073187923491463
-1.093250190851828
-0.500979833272461
-2.729500224340767
-2.655286688308542
-3.960040681677283
1.666119650377736
2.398334702092940
0.310873231535541
0.054806388172698
0.328797630463190
-1.324377618937983
0.122306446861364
-0.465166927791310
2.426167789241528
0.965490277307606
1.798919212931771
3.190895918061059
2.676434982454148
3.117240317042785
0.696015934713150
-1.863017916539330
1.643697210855524
1.070466121733434
1.477953499914147
-0.860129176407857
-0.722822955036279
3.388418508024750
3.917935487219083
-0.886570893346023
2.412527854819242
1.581965391298565
-1.957956816537563
2.368978846818110
1.355358512932202
0.575193037906929
-0.344995438073803
3.161783180511669
-0.675945703666550
-0.250064816335915
-1.880640534982364
-6.001741582586996
-0.946860805460882
-0.726889832421790
-0.099044480350321
1.383460149540225
0.875830939394087
-0.635874543853967
-1.910002544611885
1.228051925966369
-2.184722283642097
0.699593771728741
-0.791196451508434
0.686751256853125
0.291498194151094
0.536738837610355
-0.013401720555750
5.229797306972933
0.621480356918762
3.045692167034166
-2.236773826899981
-0.999606567132797
-1.242444427614391
0.260769096271599
-1.615489770755267
-2.028011308319350
-1.531384023411277
1.006368399263932
-1.127552252853430
-0.889854930188487
0.970795488089025
0.956261991082335
-1.158686902012490
0.481322038726405
1.824044375126692
0.679115154983254
1.469598956182534
0.983198347863529
1.488970738574003
2.791316510792714
0.551639228903352
-0.007073598266833
-2.569594822483984
-0.029104619965054
-1.091130346925716
-4.035784481979833
-2.120637528254124
-0.892833181138177
-3.939252868752281
-0.482688043751508
0.637319572358549
2.043259575259740
1.229115191086575
1.598992898374445
1.797732957403239
0.248886223824692
-2.124506268555891
-3.028244541915569
-1.256548450028426
0.023172475633598
2.851962165108349
-0.251074171445607
-4.288775193756059
0.434176727142801
-1.556169999834256
5.658812975869417
-0.544446038725991
1.286392293693641
1.916966150338665
-1.837365534055075
-2.564615748979448
0.808093738411205
2.151230282710512
-2.269630397386357
-1.569114091951481
-3.866068358901847
5.147831939571950
-1.748774385961050
-4.666100427711396
0.902914070266358
0.947979219920075
2.444782229166020
1.636740778727872
0.736455575138300
-1.666769313723931
2.526152192444080
-0.222413225552233
-3.692738941586221
-0.451399077815648
-3.034144613653199
-2.629437505508505
-0.010014344622335
0.165823528902632
-1.509801043083830
-0.019813140018279
1.140443380590178
3.004298830371845
1.677768221223957
-1.304574459592694
1.959524986979750
-0.115132367620289
1.998961216854218
-1.006120278726933
0.635468795611136
0.891965515477432
-0.971732794070182
0.430291351693781
0.005089351555999
-2.306802367753046
0.589332953185290
0.069736645754597
0.953938792491091
3.502714713559838
-2.360536004303634
1.704457566941008
0.075033180721273
0.301978901025861
-0.874671123897736
3.610044471081098
1.125118032989334
1.727573992795893
2.505589573421005
-2.988674473042661
4.580742117416871
-1.152508349046547
-0.527029957784925
1.276564066719069
2.178983614902169
-0.701749873592133
0.045556264138209
-0.989455964454563
-4.335817058489765
0.865633832923432
1.224929874392694
0.845633956987371
0.801094916493811
-2.849056374701914
3.488256810068743
0.026149517295282
4.291385933776312
-2.527443470603276
-3.063180374597289
1.527374071121719
3.710026688203482
-1.803958991239438
-0.560273252123919
-2.399769146340991
0.628359182149595
4.944699263066535
2.706290875667556
4.269391667819479
-0.043630086671788
1.382917581471390
-2.722929368462293
1.386698033724765
-0.801123975377186
-3.331532840659674
0.602555655165974
0.503416573472554
0.137688905008931
0.112769994583368
2.402646970037033
1.089008978590140
0.592200124852636
-1.418479618000486
0.359500173536282
2.015866470112050
0.887730190824788
-0.471830111082693
-0.604607782748161
-0.732888716764962
1.151977129554802
1.217815265573617
0.599029709145690
-1.093081718210366
-0.149270693334680
-0.469557300529010
0.939503855025174
-1.028906284571256
3.386126893736869
-3.225377182985860
1.298878740037562
-4.164996533812814
-3.288820676388320
0.737293797332050
3.185829064038344
-2.227967432906810
2.188398625720509
-0.542166186906426
-4.642583318286689
4.111306838419400
-0.136834335666196
0.982267954742959
2.767435419482348
1.779000115337603
-1.762138318422255
0.298373518915733
1.518901590008436
0.007131921552362
-1.817215932100966
3.868243513132645
-0.263545438267244
3.906214910723365
3.735433035289320
1.986333488527891
-0.518373725690446
-1.830748029064420
0.990308426069630
-1.684427343554712
1.144069625424847
-1.026416386288568
-1.690669442045243
-0.456688314316000
2.769661494305419
0.109276437197507
-2.319726787860466
-1.549435170257275
0.099995285113924
-2.919586310451095
1.115350254891834
4.043359153081995
-0.957672301065111
3.749380905303067
3.688819495060873
1.645884007827160
-2.690137017183764
-1.891397659220048
-1.228246247774432
-0.241642784167450
0.027513710674179
-1.115435737045518
1.728630931795285
2.618946964239358
-1.540519682783120
-1.509145554093234
1.232667609884934
-0.126782296286762
-0.916381583220814
1.179651469314107
1.717265936446473
1.445235175329455
3.836363271847408
2.402020334666935
-2.673571493232753
1.779922720432406
-7.053644253897025
-1.135223128123401
-2.727410757780590
0.340255598825679
0.048652953012447
2.287556274587244
1.171275230514927
-0.516687195245883
-1.967047979778459
0.977969346636650
0.303133434495456
-1.518054040874184
-2.229483852576120
0.415642084945611
-0.979797220696373
-0.139333550485572
1.491425686971759
-3.043153620015799
-0.806322378589434
-4.206406144609249
4.725932402230820
0.320267309935031
-2.738954361743512
1.726482341220107
1.026747098458497
4.000748443437243
1.081841675390699
-1.463743068101124
-0.826859062401669
-1.218894210265535
-0.069463191343448
-0.151173973203693
-2.362239547513433
2.341162080649435
0.671772353260235
-0.827902875366151
1.208869180043935
-2.925076032614873
0.280413239435406
-2.607544491591650
2.184771105255591
3.718574735934089
-3.062265154116461
0.690809903233181
2.180807567018246
-0.881074775969434
0.991764618885364
1.208643819471950
-0.562348492852758
3.060955464269669
3.271870482550184
1.307186439288150
1.868045592230047
0.000348345638625
-1.661902180270493
-1.925822597753380
4.106290949064739
0.638849712191877
2.240343928866943
-1.571945346022583
4.011892845880219
1.124866579815037
2.498533059740488
-1.094297827533696
1.009071917379678
-2.844733675658691
0.703568897487403
-1.386518576862134
2.301548340981923
2.180014552491587
-2.190126351488446
-1.500480840867942
-3.417079814988504
0.017010228971248
0.220236442511296
-3.599400586707950
-2.578586533649105
1.906417837536424
1.659063817314568
0.530237823648755
-0.036807487863644
-0.696890936010229
-2.473008096959523
-0.466012630750991
1.576616713598268
1.367557074230379
1.660701265866001
-0.755849390809611
-0.931875187591640
1.443079520793519
2.863311219001885
-1.789989390083901
2.375948753547949
0.939520962128314
1.105745940364294
-2.233056575428826
2.754350296789921
0.713429154960577
3.187051974137459
-0.948675618499767
0.169715813604329
-1.727601104518873
-0.172994245596460
-0.803888075818468
-0.079410144237326
-0.034664380122966
-1.417414179047208
-3.515176109219154
0.668565931610833
0.498855555082519
-2.891216607185992
4.122904702058417
-1.170447140112725
-1.224704015675504
0.706567907254580
-1.207498857361885
-0.466442406798590
1.850057023150783
-1.042484493704054
-1.783429770999058
0.901364189413069
1.917290409963741
-0.969892565353482
1.533330807248503
2.777927851628490
-0.717222610045226
-2.240671829659115
-0.584891500613862
-1.992555407247274
3.750276483177769
2.130949049718847
-0.142670089246731
-1.795440618350478
2.181109423096582
0.725377303838187
-1.001240076368579
1.990605337246718
0.797913756565081
-0.961983172369173
0.146145049354430
2.146134155480990
0.595785094941855
2.852238254427792
1.530627873827147
-2.588467407283687
-3.543983876879146
1.698259858216012
1.001295729520879
0.356312324457954
-1.205168498731688
-0.433179413872142
-0.602245086950787
3.902143203440831
0.666497697706564
0.660960009139724
-1.591798401334270
1.451646543067054
-3.704864495682179
-0.105866182026248
-0.755187135144649
-0.765554650851456
1.886689163101250
-2.746528823420810
-1.438696680965822
3.525162309736744
4.280056571018989
-0.629875367424397
-2.386657401940574
-2.343869642661467
-3.305146380341461
0.940795252930739
-2.280664402317445
2.672359830760219
-1.359484551883194
-0.645767093608865
-1.628311012078729
-0.162986783611389
-0.594377666248758
-2.253441728500537
0.012445327630457
1.104063992443347
-3.371572822269935
2.479181759571265
3.819443328416788
0.767052364096726
0.585485754581143
-0.860267207450283
-0.134118079677240
-2.187818283063081
2.168667850878082
-3.025678450369503
-2.646238311058390
-1.845353679320828
1.977152697407110
0.905932828908088
0.976569694322796
-2.505992316033982
1.724837707184829
-0.543241446439377
-2.474323396692253
1.180125611156687
-2.440783696547692
-1.918629302871381
2.628604321699757
1.124767509981103
0.501343067945449
0.932526017143937
-0.109202182956867
0.726017783798381
1.121392848076708
-3.036941166986711
-0.097274760227758
-0.005053227986948
0.631054857313409
-2.586222486836946
-0.752671882980168
-1.102267428649139
-0.784728941195071
0.156772221819758
-1.032355704740230
0.226181616816000
-1.204413227371641
0.719538926612520
-1.534167504789684
-0.490559591500653
-0.530615406188647
0.006325981095581
0.256713498050566
-1.723476657034336
0.107840924432300
-2.958165959949238
-2.189927066431028
0.327756596052806
-0.010641493643046
2.583863873461379
-1.266898848645415
0.683797089430529
-0.817294455830663
-3.549484199962980
0.967091406082802
0.407271290382365
-0.454600776057946
-1.645665557495463
-0.633566616829267
0.207278295310348
0.236859674764201
3.678096719345165
1.661429420364947
2.883037287810034
2.077887089509569
-1.030740730200609
-1.236024051856969
-2.751873300267933
-0.738609893760724
0.673433983245165
-0.050729293744100
-0.391118959822321
0.351659655908503
-0.019154067498005
-1.230366019284501
1.467862366035868
-0.902890244156381
-3.842614965775325
-0.680091889143484
-0.458364784047732
0.917868828253034
-1.067018921067823
-3.023083750301809
1.376190849679380
-3.249602280106372
0.001337886146445
0.123179608493179
1.059013657562035
0.971591162524398
-2.353848150119040
1.372636217103377
1.275256585478111
0.029817573040362
-0.333012302760658
1.672563782752470
2.680017387841859
3.905447940188419
-1.229839256145775
0.102089103944992
2.212807913032290
0.786957443383006
-2.705794703264547
-0.155367219650251
-1.551329839810090
0.406191477677387
3.127765309312405
1.053948743890428
-3.210992271919975
-0.811535782819173
0.657085118336445
1.481892563838007
3.541827290469441
-1.498623428410960
3.724325547641214
-4.049340678285525
-0.209980133064730
-2.379000233686433
-0.159632434322764
-2.753868588289679
-0.514085311024345
-0.751581173248255
1.962890104375834
2.212861725449183
-1.297175271903912
1.673739462683053
0.962894696605730
-1.073990541220437
0.248609030649626
-0.878434646118273
0.506831505903637
0.212186900520673
-2.174584981754915
-1.231347792984254
0.816507756344496
-1.080678651708701
0.960937097033431
-1.536747414406305
2.210610557837958
-1.293523208587370
-0.518159887858655
-2.861079667981734
-0.687826960010724
0.025706538369127
-3.472228992220130
-5.750915478747041
-1.846944565940373
-1.624688156217370
1.196148040375891
3.078229215931639
0.431316695679352
0.352462117760311
-0.912234949240697
0.291627247294354
3.167644533903945
-1.010070655640996
3.225074800444045
1.278432809805254
-3.804683554357128
-0.245426989756279
-0.005771278588055
0.751306983184994
0.153372792791052
0.449872458345287
0.668444374864483
-0.641167974874263
-0.474033089657259
-0.056839173638750
0.576884388288070
1.472150079426114
2.379749650768620
4.009969313452961
-1.295964777438328
-0.471862687248782
-0.516068003790780
0.504069967638891
3.283322900933106
1.812105551068319
-2.517576795611552
0.151635546573776
0.677263681523327
-4.783295555537848
0.274294079227378
0.039497263499217
1.909566136600567
-1.711236046874116
-0.080985545093422
-3.341653989556843
1.274445003331722
2.670808260174393
-0.659886324731802
-1.229248003393385
0.668186503653948
-0.158840781388898
-0.048121206196427
0.170905917151727
0.211883528221782
-1.860903680397882
-1.608527197664390
2.912035557046656
0.170932641995236
1.418216723004702
-1.342336925243361
-0.636393642932637
1.335564431617678
-0.279009484917286
1.926208861280086
-0.021307824467449
-0.402323418123852
0.098384623789393
0.494851462231903
1.578564737815584
2.106945762997958
-2.704031132056382
2.225693030859048
1.034000286822239
3.975696156621143
-1.654432118517988
1.227996313917272
1.363115356516231
-1.028127207348311
-1.223359908723114
-1.666855803649439
3.748904937462123
-2.399392646436443
0.603497511076829
2.592086382961778
0.474083259477490
0.855203625975074
3.748663267359959
0.213275588286671
-1.237200836688894
0.590307133459723
2.045912154034759
-2.137953385249057
1.775674078396281
0.248312131762009
1.791684728384929
-1.064807108320830
1.208508762228159
-1.256949708218670
-2.070311296568578
2.291685986846848
-0.137230549194194
4.277922166719558
3.341633362177954
-0.119047799900367
0.508307216928427
0.248308103817381
0.839802869306895
-0.030605397425606
4.411378353068103
-1.866466060794009
-1.265783983945349
1.366863546569256
0.623929672600607
-0.100560943072133
0.604988168147744
0.188765377613032
-2.666655215877516
-3.172929099646926
-3.663107692669547
0.835217202053276
-2.851453665246647
-0.124640129126085
1.987739231685038
0.889301961193406
-4.872362542586575
-2.581174864922618
2.982469591735574
1.653425623288233
-0.104913315637215
-1.181298171804827
1.903818603018603
1.243648372864090
0.699597882612027
-2.212621583143925
1.435391105763691
1.082569389241968
5.180158298200702
-1.830260938007465
0.062687528652744
1.310125820510831
-0.634653615807634
0.223931725024561
2.872179980223631
-0.812908295291333
-3.602560074506390
-0.929501900364688
-0.557885253272790
2.352526645620705
-1.849298419573446
0.195314141917226
5.794418889290228
-1.774108935597888
2.292154820675808
-1.474156898387918
-0.385140206720714
-2.137687506633555
1.146154569376121
-0.436921658298017
1.101854082079969
3.765669034386341
0.185256013661913
-0.779526760345105
-2.625240215976591
0.188599145064506
-2.450266795567535
-0.553701329369740
-2.378928050259902
0.438292889910855
-7.209244862192977
-1.750612655252879
-2.123610936666571
0.051255818920902
0.357690448305392
1.656367704446496
-1.480443932791794
-2.266020634509871
-0.701922592512587
0.237993499512384
-1.620274436687200
0.202017722081576
1.930692107121272
0.067169319422927
-2.159529418407210
1.966823811623341
-0.889087751432205
0.923237682912208
-0.275694962986534
-0.636416553810118
0.207301514840312
-2.564737462918542
0.408121457118731
0.350133915779618
0.219717675080403
0.121674354916459
2.968384676960746
3.260237720746063
-1.274557899163433
-0.624063111737875
2.233754766682054
-1.641522726298932
-4.683930357991712
0.973495880244494
0.237494375979728
0.663846764158801
-0.815649211443375
-2.086372333758805
1.077820094536919
-3.098703404662224
-0.040638106415968
-1.221244212182442
3.460961045811512
2.022753281723222
0.170633583671318
3.092092794545174
0.484413465905743
0.415627576366929
0.192641265508082
-1.924893630852800
-2.566199332469204
-2.872736069267885
-0.231422057071097
2.964744091397112
1.085874959261439
-0.566556603776339
0.788474013354492
2.219593909586005
-1.264747907686063
-2.033282517916815
2.338570998212605
-1.774492464074102
2.062301234761101
-3.377605946596991
-4.787367936433739
-2.899786505825599
-3.098245179240488
0.897950124480395
-2.543867568758666
0.391438731972817
1.338916481069704
0.738628529016657
1.063978937954382
-5.339474637468252
-0.470372209452590
-0.622267419707929
-2.587181363147499
0.763885882881821
5.238892927592014
-2.176911039122997
-2.834618145128099
0.299159419534742
-2.987299385700088
-2.812757647298638
1.588913409498614
-3.543070237082242
1.517949421551747
-1.065201933969212
1.746266179653405
-3.269678684316124
-3.237728251374808
1.508345753302091
-2.266034483718584
-0.741563576616734
-0.380070895552265
0.842051922972443
0.646651869292853
-1.532545893702456
1.716641777922613
5.352987537287095
4.691046441977544
-1.852903045814256
-1.730977740695978
3.692271722317523
-0.476307427114737
-0.209599490711498
2.277006365717375
1.370054797346393
-3.717837773123807
1.976765623256214
0.531377164124044
-1.976475461779019
0.529947652258287
2.288860017086946
-0.834244801648817
0.735492432696319
0.431631707353560
0.100246190659038
-0.995243520339323
-0.834544001912464
-0.853104115879289
-1.237449864214878
2.253317865359350
-1.426678826943236
-2.050930499374306
-1.044204565492212
2.855919077020162
0.946895542319165
-0.166068713793889
-2.113570715778335
-0.489330718345888
-0.458719490828876
-1.388116386580431
0.289258259459521
0.061460535356669
-2.517891540987918
-1.519580142572549
0.406144696398576
-3.119988530690233
-1.623899860110847
-2.518141998395869
-2.004313949077297
1.816167096788500
-2.103368315382498
0.607118791092249
-4.750193915456950
-2.001387885818094
-5.151562152282284
-1.889232072253059
1.823527568571132
-0.119344387207100
-2.033526823494070
0.134528133917857
-0.085449458112211
0.403149653158008
0.902290277401013
-1.202625623591987
2.584302175177488
1.085555914948555
-0.973343719768310
3.133489022052988
1.414585101823400
-0.801627166048128
-1.615971011542607
0.460318279003703
0.366783239130910
0.125757845778011
0.107408437847446
-2.331851867044135
-3.730591125858871
-2.378412148762918
1.071637180382894
3.783057599545062
-3.148782992404397
-3.494165407826401
1.423333464914724
-0.889854945747893
2.308069607077507
-2.333661174556272
-0.529588651415967
-4.270215514694150
0.478328124754846
2.678611345787353
1.788978212290975
0.448431777731208
-2.986201910953685
1.293871267179011
-1.468974548646093
0.842542700014413
-1.842305245666135
-3.066553022608378
-0.477759414791912
0.776535422882477
2.392629324240050
1.021520317222500
3.762117228884464
-2.856594541479329
1.334570692708600
-0.783953081240369
-3.312640806258047
-2.524007189584855
-0.950737551705116
-2.534284365613868
3.262352479279415
-0.197498367675015
5.382588040714599
1.326889645808239
1.208297620249045
0.182911080347097
-2.585597336561548
-2.251617928853441
0.029097573594534
1.701073337063865
-2.117337604951798
0.733059706153616
1.961236185339130
3.964576464239307
-0.054206992021836
-0.266620399699534
0.112585551196277
2.714239462317905
0.949131393095228
-3.234816328207176
2.145454270185549
1.961268836522736
-1.628030466867654
-1.295379934354027
-0.675723103954528
0.146578979267332
1.206755640878512
1.552021882865566
2.523194992427239
3.420035918510082
-2.034230879896041
0.805850395950162
0.240200935519180
-2.016964080592309
-0.451762703407883
0.837623235879421
0.601103839245422
-2.780096318313392
-2.153735787269254
-1.122162508376829
-1.979404589793519
-0.543197803281683
-2.854426409061611
0.432208235684052
0.165160144843092
1.748486610889312
2.104678060037129
0.004019309988234
-1.399716042032466
-0.763983017913755
-1.194169448517767
-0.791192486997449
-1.696493528825821
2.381354793175693
-0.213822113070209
3.024139165947895
-0.439409628553149
-0.928258563554217
-0.918987313425047
2.157862239219867
-2.341572129000459
3.836885072919245
-2.420555721474460
-1.369209680372580
2.534370069287101
-1.042036476379352
0.369030690280576
1.036693108805974
-4.050171546043439
1.103255986095003
-1.013866874882036
0.877885850945978
4.023661988817407
0.198447789441443
-0.365720362993887
1.973527187614335
-0.783014999593503
-0.334766839900534
1.618149238243187
-0.964247255145664
1.329948456586796
-1.843940283926618
-1.831332058592660
0.948880162732232
-0.978249344560123
-0.368278175083362
-2.805569467551134
-0.885904528299513
0.968248409374843
-3.765637995430109
0.429227595575949
-2.054935286752965
-1.079728724314197
-3.047005785021542
1.061917905256445
-1.145830806925582
-0.414086824392605
0.896779817825319
-1.523486104647018
-1.212900728874652
0.680583188831394
2.012898045687598
-1.751964043093344
1.395732732281160
-0.791545476819207
-1.484139522758159
6.494661731211144
1.538683935655518
0.975943086023569
1.385793168772122
0.159931575509768
-2.771530387125410
-2.353204921237605
-1.394410440677433
-2.235802956486681
-4.441615491155782
-2.029658306803246
2.061854582600527
-1.056421423984341
-2.605145056005520
0.040111797968935
1.210166542361947
-2.527840942220217
4.022672302566948
-0.674411367997951
-1.322413302813958
1.750312298812040
-4.058636307045250
-2.144631746290167
-1.424618088627475
-0.967960043350581
-1.097732382126367
1.801425572474199
-2.203971828253894
1.429451495773482
-0.400463373899540
-0.666591703935023
-0.536530789730525
-0.103449624169977
-0.057964815887854
-1.648191337087751
1.587284170333372
-1.435003774463482
1.932153994169930
2.062251768428322
0.408418351838747
0.731081170675895
-2.528489800167133
-0.914889348794242
-1.218585609222160
-0.557020453002153
-1.920206439650876
-1.564416970813095
0.224351879649299
0.147803138562346
0.528878673852556
0.988502351132735
1.235177460767877
2.105095504133429
1.409701330966992
0.686600848496582
1.907499274588303
3.955226403561988
-0.427322646762096
-2.334863503782842
-0.577919356857137
-1.794295191580995
-0.119126194692545
0.828286006190173
2.171251470469969
1.654475620066670
0.313119254409213
-4.093260724681304
0.213070804997236
-2.406724906759141
3.051397605009245
5.134077873853593
0.507192120890728
2.377928286008677
3.906847477512201
3.405805524193557
-0.489567782710794
-2.930201875828914
1.011197635822179
-0.965231803166249
1.838616519414826
-1.741020485025178
0.299148380606181
-3.886027793525949
2.552800052426396
2.253264746493898
-1.282965358449492
-2.394951732390820
0.792212318294468
1.517782975187128
-1.914272967507609
3.151806701130478
-3.813126109473208
1.549892637116018
3.792276480436518
3.063229987875942
-1.062728978073971
2.995227174652653
2.676799399354318
2.011363528961544
1.273391759758221
-1.354934096146010
-2.160590873279808
0.847312372931001
-0.515463760202119
-3.958378116571377
2.640208788196838
0.772454892888414
1.209404853061421
-0.126203119675533
0.644290060309795
0.282955561363243
-0.324216563144427
-1.476951270228775
-3.311529046332557
1.996249723193640
1.416240290676111
3.261844136090216
0.410194851681361
0.065645481879769
-0.469003726380612
-2.238682595488800
1.504769764999489
-1.136308893998106
-3.811146660993461
-1.389719366880410
-0.646750378609116
2.008350824473472
0.067331870878405
-0.584522994909629
3.348047760782871
0.975998813559222
-0.165702000171619
1.224169976746643
-2.237056747866333
-1.463612398976948
0.039522671616206
2.539671192245795
-2.505926389648957
1.152761874256107
3.723208774320841
1.637039828918158
0.055092240412075
2.793834140532132
0.039618669262536
3.209430397570137
-2.287939077905974
1.982915057320157
-0.342137242874510
-1.331233248830824
1.270089004382546
-2.223485722198650
2.756323851630443
1.556756403667179
-2.369193314441717
0.502937624237669
0.867770478332601
0.717858673403402
-4.195119100916473
-1.938483526798865
2.142468996007458
-1.476239580952046
3.916516598412531
0.273233478062698
-2.769514983396355
-0.531142781540108
-2.621872155817470
-1.063273406253400
2.024695106693227
2.078534713452141
2.574329696397706
-2.346657368365365
1.648831496044902
0.182081174931778
0.399604086907181
-0.200276451964134
-1.178017081482940
-0.981951835641457
-1.123707698634611
-2.192650971139542
0.583818340917008
-2.528049169013445
-0.287155260474240
-0.599342935090543
2.364553059485182
1.489385364158324
-2.931464597981815
0.316045085893705
2.123664097062600
3.343204767420517
-1.430680814772129
-0.998326922126117
0.067088709042998
-1.954439769670150
-1.122043700112593
-0.866063400772360
-1.984696674929967
3.735395565371836
-1.600414285690303
-1.163410413161057
-2.399454012339736
-2.403537658220847
0.137378995838475
2.385975481033215
1.950920020837562
-0.115378496866821
0.362355417019769
4.282269781159632
3.767342399479802
0.621261593895925
-1.143488053658866
0.321961366840466
0.930273378662451
-0.991397176834371
3.263556778589499
-0.187683242588626
0.129406600739675
-1.292614185249372
0.970432212281008
-0.462277674747415
0.660776141859221
2.302041174768718
-1.985980420142051
0.318683254388170
-0.697325221103913
6.434530584414217
1.973232242761284
2.310339323033563
-2.293547543657986
-2.677730573607661
1.894332353627546
-1.249888922913750
1.310398197565906
0.527398290012354
0.439708476977228
-3.504938075955684
-0.086333663660634
-2.179727787431161
2.458573489731187
1.627742583623300
-0.773921864223273
5.231212715787628
2.104161981659216
0.383803764826478
2.059162446324984
-2.507987381995619
-1.610105119245187
-0.421089809407094
3.256761319720269
-3.372989184848462
2.421825249430567
-0.011922504538702
-2.740277826381756
2.492605973272580
1.623056994622485
-0.907958548807806
-0.925803739910581
0.368080989368351
-1.168444263089846
-0.111475410580365
1.839238674718300
-2.748589297436761
-3.672144244945059
-0.308507695007485
-2.998213793705406
-1.404027060584607
-1.172339543290561
-1.064662480864956
1.523836292146065
-0.439954765579491
0.346054940764935
0.156286902054548
-2.979073494587117
3.929890505262972
2.368356070112375
1.446438692309032
-4.199354490705058
2.481857437299089
-1.818373080296396
0.385890469255788
-0.615557494242406
0.420346420827003
-1.967800670863017
1.980777147305961
-0.937955242153590
2.734472802296720
-0.922958539277517
0.063847173979032
-0.933241387542840
0.392453072155779
-1.235979476308608
0.794540402324206
0.514632489687119
-0.242098176246183
0.660073004825402
-1.958637270085023
-2.837562745119007
-1.603983723411021
1.584873807994068
-4.559488856806991
-2.093422474983587
-2.780107795172352
1.402556204564956
1.793022538026085
0.812281147340947
0.030509337336362
-0.544911680374306
-1.961402529208755
0.623850491824562
-0.572629918694290
1.973088988656702
0.739434598925187
-0.317051499007826
2.006814836629888
0.597681044228405
0.362572365541774
-0.322372992620417
-0.916719272440827
-0.345486792796839
-1.789435203788656
2.283327418692604
-1.856841919759240
0.216584417189868
-4.288726452718318
-1.524100651574148
6.100332595565988
0.392931321436629
3.979848414726722
-1.790178855573409
1.437704779714881
-0.067146160941501
0.806430188964069
4.232798137822863
0.562451549857310
-4.118807232560258
-0.263709452936249
1.632167880134419
0.255106633265817
0.815195683486699
-0.789657722266146
2.185213934046978
1.600969664664477
1.473649875811004
-1.579203042169876
3.364126470162327
2.161347937400406
-0.975317185701672
-0.684670161367371
1.418503596444477
-5.966392409690796
3.808571996310344
-1.769049790686710
1.410985474981064
-0.105990093212235
-1.014820958818895
-1.761400681351181
0.392478780544442
2.828555720856195
0.231180363355182
1.280995596664618
2.410338235154725
-3.359257122603458
-0.250853996181482
1.639904231112403
-4.472380979187847
-1.011767859829339
0.431055426848789
2.779062029853736
-3.313401805169787
0.509251712959209
1.281188443418789
-0.104286446561729
2.516598958276157
-0.330747855067304
1.316941791368718
2.068721704025936
-2.349661100177064
-0.818943620831031
-0.043621509899435
-1.443285223977050
-0.846326528032421
2.069592703082936
1.752173931035426
2.536156644925164
2.460717464933712
-3.153589160202614
1.250322594267096
-2.711704484836484
1.849569277085287
-0.877070107398723
1.449602402015319
0.390948643039830
2.658293574554443
0.208838605846336
-2.497815531086102
-2.733329045487140
0.689948541125918
0.537259881847348
1.643837059474666
-1.240322766178801
-1.356607098801739
0.266901296429422
4.235208199624020
3.257764369865091
-0.637979718842644
2.920718974801602
-0.934235932290891
-0.763444695573276
1.348080386444333
-1.699262010817413
-1.079199322744099
-0.205647852920444
-0.683021333121066
-2.712533573611026
-1.467277224971315
-0.444474998227818
3.391085037992663
-0.801950982195085
2.849555514616945
2.031262452689605
-1.727502604820879
0.851448297148573
1.198767704258190
-2.783630072282507
-3.845002315708050
1.089204447418987
-1.383008401523438
-0.470215489149546
-0.059627970052623
-3.768460889326994
0.808775374081161
-1.197501177191156
3.041922395950506
0.984560596528731
-1.731785638938243
-2.579051859379017
-3.890361254896134
-0.334846291550757
1.046045721174248
-2.090048981048388
3.981149528356327
-0.037194869799636
1.917855245028251
0.569288055836537
2.020732602328905
4.211023384887911
0.539749893040424
-1.248300961899032
0.954148839889804
-2.299386235972419
2.706738413074823
0.097579747937065
1.723678515753465
-1.960506839666094
-2.129002915980484
2.901778955626416
1.469449753074966
0.097067761712673
-1.996165216712774
-2.177264738597866
0.577786546318098
1.906216063253499
-0.475741188820710
0.803475547534617
-4.527930564185424
-1.412142358568422
2.016994015769237
-2.114296808804146
3.915509546035906
-3.215758120552823
-3.012555537451542
-1.665865699291635
-0.423777006808764
2.191660974506339
-0.257261755744008
2.163116171322523
-0.136415949286516
-1.253341668460666
-2.578480971058593
3.748717094510188
0.810419016307798
1.065848632596572
-0.707242867507621
0.429703136165451
-0.494506404486103
4.338174447978870
2.525972333929736
-1.924375198433399
1.727430202575338
-0.665745404591036
1.023405557440011
-0.753911462553264
0.659262977613790
1.792530840999467
-3.079530335395369
2.011025732223086
-1.751776308593545
0.636284142566211
-2.885733623900210
-5.512202099842297
-0.073717449760105
-1.725904789396197
1.152103416945012
1.079243258842372
0.559653882519577
1.939481199262459
3.344072805340740
1.927270036005439
3.234720116352726
-0.198586779596467
2.048288381332032
-2.841662277985466
-2.115713908009188
-0.723900004988930
2.628229321605714
1.818390986325883
1.003147049073608
1.973885068552050
1.422228950681222
-2.520905807820766
-1.962988019483920
-1.246126801233125
1.779488112736717
-0.422993953581204
-2.336505976584383
-1.405162248818288
2.471345433713862
-1.738414892168915
-1.033421798447403
-1.536341033338669
-0.595554252466713
0.319852950716932
-0.517366199155293
0.444905194016712
-2.864390690215914
-4.823833420203949
1.335391802548304
0.872516577770369
2.973127931354114
-1.915335536303302
1.259880355003914
0.152045245540333
-2.603210862117721
-0.598288361598187
0.351076857899418
-1.992682599586956
3.075839950824857
-0.695625299181332
-1.376188896852396
4.617193549428088
-0.451786174488895
1.388653282825734
-1.773847797077864
3.680517995226655
2.319541138634411
2.171643827523658
0.170846640801422
-1.743508342779188
0.927420069377060
1.564275818075757
0.529047197346301
-1.069701297264008
2.001161356855285
0.201536899560266
-2.571440068866407
-3.544336608582788
-0.450544428126525
-1.172755245227204
-0.594736359876228
0.340128453175871
4.199542991447427
-2.304110175285023
-7.931679026258609
-0.765649198450306
2.226540961054918
-1.944485689024649
0.950693352152439
2.242720329179416
-1.282156016480691
-0.331012494496030
0.435915965507555
3.492577646433844
1.933194761605267
2.204844561410193
1.354908349527958
-0.905145430788697
-1.028915640147254
1.714970483015194
-4.621777448780292
-2.137020787057951
-0.028934157217015
-1.896005683337327
-1.055307667818337
-0.048397936906108
0.886345151405677
1.245609917315011
1.482684317935891
1.036647334047690
0.980057426170556
-0.375208764288449
1.231711604861581
-1.037409722940750
0.697268243889736
0.092862676698250
-2.507499297031845
-1.367188539878797
-3.205268691452027
-0.202839511626734
2.797141040900704
-2.176597339262794
1.668825999748608
-2.736399427622031
4.104700343479696
0.018922765714871
-0.546613107943716
1.326447133571495
0.789604248171014
-1.211285295412556
-1.003888462493742
3.352515276399405
-2.780394588162240
2.533630620402656
4.425054500363748
-0.917355672934286
-0.597871836917527
-1.822048477038573
-0.638500344690305
-0.374987792784121
-0.153807122109716
-1.192615115070482
-3.376538839785982
-0.111589187741624
2.865276598972564
-2.283313391309511
-0.137778941219433
-3.392320550296893
-1.987736653187808
0.573547367545781
0.339254524605881
-3.171533930259792
0.680756800242169
-0.381309155049009
2.015715918119004
-0.291680166208291
-1.341609971125453
1.502818762582049
1.418312066454871
-1.637508150807257
-1.988991795242172
1.050830326038747
2.609377064221218
0.339971976555210
-1.090504260262767
-4.654536205288765
2.969836175732994
0.001467549120265
-2.544481251400078
-4.335470764139751
1.684642735676328
1.347582304963039
-1.808175183457856
-0.492729795151234
0.346441669365128
-0.385368841007292
1.607066929535018
1.351454520412810
4.362548089763932
1.244384222928152
0.345880542088125
-1.454364541459938
-2.970242739210150
-0.255751072543403
4.982490717727051
0.469971555366080
1.439500188872390
-5.724601580357813
1.438303301953997
-0.916402676607090
-0.012776291093977
-2.158546655942698
1.177172804827538
1.650475476562704
0.197380223747389
-0.209576544844658
1.001072383004198
1.631697895361948
2.866058708990820
-2.624775399958557
-0.807749258564290
-0.193540553639794
0.660873658010518
-0.613718940313753
1.977561316521596
0.235983314355069
-1.836206066855337
3.245970088401121
-1.069904060298916
-0.027616937814268
-0.647260692057967
3.437631087827187
1.321192042863605
-1.976684998024122
2.025072092634283
-0.998358865137301
1.350311811513402
-1.515128713785786
-1.353467472040129
-2.635743462631046
1.110295553683462
-1.720203992010208
1.184981921722868
-2.020608896796083
2.659173516687606
3.287090298240671
0.827476152514783
1.522440741662854
0.005446670755782
-1.313810802795117
0.759474010098399
3.897530340489947
6.086645819984400
0.395373234238873
0.469745098884977
-0.913658691447664
-1.719089773118468
-2.360082045121331
-2.877676631338324
-0.798001676116932
2.820651833782879
-3.166580435719464
-2.291260738795880
-0.417554980117710
0.884758189072097
-0.996309414939330
-1.949815919312724
0.395537275443326
0.165305932103333
1.581442489076255
-2.173923516672889
-0.492107959044062
0.090343752589961
3.218707749990533
1.381139845228516
-0.701886933603717
0.197518423872516
2.266766394721353
-0.016690590015053
3.576362282309345
0.624028704759597
-3.998564107953042
-0.175831487566888
0.627504456701032
-2.945729235274383
2.313396341753861
1.442086616929428
-2.305680339257077
-0.925109432756839
-2.014827830887096
-0.478833221878947
1.693867113322427
-1.621094690787725
-4.292399054143508
-1.179273186651594
-3.843399171775455
-3.534947939907787
-1.024350364411086
-1.773017651162101
-1.408399035462534
-1.249778138643702
-0.690979360533777
0.917704326161180
-0.778795908394220
0.304884231509800
-2.356088621535875
0.052785556121345
-1.190245470025078
-2.853214582965821
2.156475673850479
1.951443459106268
2.286789459178633
3.162260742489366
-2.202417799639109
0.668098030048761
-0.122896478356473
0.870022566925276
2.575504206190809
2.027794159776863
2.665554004305966
2.297257115491427
-0.207791527781722
-2.481027998541901
3.779080027901554
-0.255980918043244
-0.240939100404802
-1.907755414388657
-2.625013512054702
2.022449949908910
-1.338125083771728
-0.418428738593409
-0.364545135250520
-2.181574287434211
1.663738287315480
-1.255741771070300
0.473496563904208
1.498745930774664
-1.625630377166746
-2.385764612375522
-0.369206102243321
-2.099296340151666
-1.674802896776708
-3.317747868830455
0.153198579970687
1.010753649879737
-2.541913823026179
0.870854376848008
1.965196413438893
3.333131061903658
-0.513782716696251
3.459509875164770
2.645327284626642
-3.133581284209914
0.034616354048379
1.206016742320398
-2.455080647956314
0.603800384804442
0.603903775940989
-0.493700159355868
-0.738282038534422
-3.305490914811570
-2.556527788391749
1.340865290604758
3.252497540474402
-0.705881338444643
-0.564750463447479
3.225411194648832
-0.090194142695242
-2.429225850400563
-0.982773147397030
-1.354921758336130
-1.454826131960424
-0.909290083762067
1.765775051661527
0.489628589377388
-0.990382098687605
-0.177103894308328
-1.570167039211934
0.450483646346607
2.191835863219547
-1.264158055334534
-2.440903410129732
-3.415631757886858
-1.202996310150889
2.138910687058239
2.046554902392216
2.154492181391168
1.784184125399043
-2.238663637307225
-0.172214999446021
1.985634030328492
0.618800294492409
1.139659154702257
1.054950381823284
1.881946277839554
-0.507685454793603
3.437695764503743
-0.105414137155915
3.102749728980986
0.164241434506683
-0.771301833059552
0.215288959527241
2.331497748782404
0.996232480296129
2.025517929867237
2.094196088303682
-1.716941135417137
0.111452723576149
-0.065903671801298
0.876011027374022
1.102652078402021
-0.710379008852994
-2.336546166679702
-0.670829248820895
0.222601881344723
-1.491759909932794
-0.948017876112302
-2.831019634758587
-1.229367895073689
1.454516898681765
3.066897619371923
0.786248532146333
-0.966671662306248
2.507784672233003
-1.028454232818957
-3.373277473151117
4.276834509178847
-0.809719794618644
1.581052939728785
1.514957394568475
-2.151607678103756
2.328633997047277
-2.740886709011509
0.512624738202471
-3.272310432340805
0.356260686634483
0.262798734260204
1.550867277307988
-3.004337798392039
0.224309314447618
1.541428249949130
0.340662353412198
-0.957319173100607
1.859902379951188
1.113542699896206
0.326746865800916
1.435655927975879
-1.813840521495783
0.663106554291293
-4.811358964556577
2.242747488993804
-1.337550431580322
-2.216341136345453
2.033322667942253
-3.078811751481544
0.614725693494003
2.880773240791780
1.849282578239441
-2.369336957402354
0.884612653236594
2.400189416048206
0.119194851865903
-1.542703414099610
-1.386135201428123
-1.351090577190343
1.569909547940019
0.863864127100980
3.684707985863706
-0.817325988865583
2.649973785142556
0.372942102908677
-1.548056397059386
0.691664837022651
0.082570551950644
3.612100090766300
1.341144517041010
-2.128720056604201
-0.540653504949698
-2.459849606633117
-2.076682790990878
-0.868130848285254
-0.014153305984564
0.498544168965953
3.224252358320016
1.886569556914520
-2.908424512513556
-0.527571509637596
-0.753280466789372
-2.323303683952735
-1.333524929046007
1.193817689939301
-0.695280568415255
1.080649954587880
0.294823000216617
-0.205673914713690
-1.251617977215185
-1.019113853983241
1.291797330881288
-0.223499175011621
-2.704876879463739
0.082662117866834
-0.494202940124030
-2.006768492909166
-0.028972541870602
-1.796484459987187
-0.603939011952929
0.806990730675751
-1.299307828406266
1.671364859042824
0.928668408155708
1.500145129269748
-2.783144343218514
1.025808480587881
-0.138656486687300
-0.460776894037226
-2.983937029854227
0.045023748860541
-6.478937804105491
1.700584786386170
1.204863128213571
0.980020860965091
1.831132945457440
-0.463383589465777
1.331448868286349
-4.440425522196890
-1.008429665749320
2.270820416800420
-1.132066590689917
-0.421817900046822
2.036436848880140
-1.204600818181782
0.437604722916713
-1.504730433286742
0.923909232430640
-0.055095854727794
1.952313327918881
-0.708325452191157
-0.796344054238462
1.323247513933176
1.814542294329395
3.482057892079782
0.689737451307485
-0.526791340512447
-0.649924911793675
-0.292878897489356
4.307500344615670
1.157797309995170
2.073123821207397
-5.937458124643805
1.549357433071187
3.958155450395537
-1.223492435173107
2.599152659862395
5.227377178457381
-1.203249091130560
1.403581127906770
1.065827515126868
0.200398265837050
-0.768124847315763
-3.581104739520386
0.717722408089026
2.475699135521285
-2.540688489750482
-2.183782099099963
0.591635443436958
0.460911763884175
0.165452824178508
-2.452417672636594
-0.326368844124707
6.099670464302587
0.577672267774847
-1.900753529710693
-2.021422383785705
-3.348625333842072
2.650886442757812
-2.532967780273526
3.142778914021526
1.677225552154046
0.954837515026967
-1.663501011992465
-0.566321706387966
3.648910518109516
1.750313827437055
1.270784165170581
1.539451454580866
-0.568149654806902
-1.328511328934567
-0.983248969133117
1.237843512343771
-0.064851275129030
-1.152231988403296
-2.687413051229519
6.332440840942753
-0.981642189125386
-3.488255912629590
0.686656790666257
0.038215696477668
-1.464222590832669
-0.306234192317307
2.474500518800084
2.143601669119194
-1.714263169632553
0.516077899520197
6.524498778963642
2.471878010707398
-0.470509448864446
2.796314659628261
-2.761479671211145
0.938695831995661
-2.164460938377047
-1.402951241262275
-0.746173565635728
1.921003252835403
-4.049045281189917
-4.077200563267541
-2.158648694151978
-1.305324700264021
-2.718657865411916
0.776234746554922
-0.612697446163573
2.232341917272318
1.462942284089976
4.239174125170801
-0.617706686764983
-0.746199438692908
-0.947587399931806
-0.060145649540046
-0.309949249348395
1.378647633769017
-1.066233911493942
3.257532150897305
-0.908878892460563
-0.410035999834026
0.527359891845003
-0.819147666984675
0.239988399834036
-2.517964230889016
3.225562224009238
0.692836617156330
1.350601661329109
2.765989293772849
0.141031701701925
0.785554757076200
1.077558890804666
1.580453579203461
-3.946640267434368
1.240672070628751
-0.800509742727493
0.224812798281660
0.472029679412124
4.734091233758130
-0.420031448643863
-3.538460417007506
-2.247167257438178
4.282031710831379
-0.903957272037975
-0.971451803138976
3.267868855813253
2.315658886903709
1.119586428826572
-1.183774917116627
-0.713261845679164
0.575940576958205
0.585135564552542
2.663645208446383
3.089787086603146
-1.215408316203390
-4.463695106129659
-2.631329317921943
-0.883264247073326
0.020669377849713
-2.511467603463791
2.090066317615127
1.138458224238106
-0.617356547780884
1.167597954498948
2.338454445679445
1.579891047615227
2.402707783033823
1.118298841778875
-0.460602088491026
-2.466802802016470
1.134303177362597
-0.236648830890275
2.131566507859759
1.797861686532248
1.689655760373820
1.994999521214278
-0.914071675284367
-0.436747771400553
-0.428644822300375
-0.615908273017203
1.405011735467734
-0.072177245779980
-0.519368342409239
2.522274166214676
0.745288210845768
2.300367336613060
-1.904316290512576
0.326083289928234
0.747621886977484
3.405502030737488
0.413567727511699
1.075310822309234
-0.630504099881205
1.251978280663988
0.892023327226115
0.295007882762439
1.407787950603651
1.065274455722519
-1.442926451290910
-2.547669519889205
2.333438953266663
-0.239122956094864
1.709534080943784
-1.767001490067698
0.072501763975628
1.569583557017162
2.943799179665189
-0.008636978858596
1.858956690096363
-0.149605721497039
-1.728817114705761
-1.133229238014149
3.984362884003463
2.952174718818124
0.020941368410741
-0.993977737546254
-0.784145026128084
0.852075714471293
-0.364280660376185
0.430888283642570
0.918848340165783
1.421870795797824
0.209747880469880
-0.757882715571831
-3.268230861887097
0.691332400972393
-0.592557876463535
0.176261153321924
2.713975561598400
-2.057155499582290
2.283987170855066
1.987672843739009
-2.178467074940759
1.710702175541685
-2.111477738808619
2.981767328358935
0.166964663770342
-0.796551074053444
-1.684625046642048
-0.336400904459901
-2.344586898514469
-2.715541400923966
-0.346034926274712
0.828871742335096
-2.232197425053669
2.447173661320467
3.342540506776495
-0.745943178114138
4.904608053694092
-1.034406060608495
-1.547233566814973
4.666809646287540
0.889094876884377
-0.012855271910003
0.332229654900019
-1.384983680389005
0.826586933402918
0.380656962884482
-2.392891629485562
1.976086088610775
4.499493668809411
3.077374602890868
-1.188210830045813
0.186219245708946
-1.034559772932656
-3.620617783494191
0.931939239971380
0.430872735675578
-1.796699616242441
2.061255848365211
-0.101353791729559
-0.402245150395631
0.525595443969537
1.569668172774632
-1.627232519973177
2.978355870186958
-0.057967671286555
-1.613562715179267
-1.929037509330749
0.032565399193152
-0.313959599088434
0.270077634749369
-2.561186341208305
3.803288188319573
1.186847069638661
-0.622149275384827
1.815030019724764
1.327890866674261
-0.029416806724341
0.429479097194236
-1.509253340807097
0.239368793322579
2.483582924616592
-0.889887800803826
0.231308291228455
-0.725819420570024
-0.382934230678011
-1.215205281882188
0.507545197551536
0.951203915549729
2.043069127915324
-0.844350388753189
-0.012431780001645
-1.282578223939785
1.523901601861642
-1.235375142259681
-0.724121583744223
-0.352188454992316
0.659926453957767
0.443774956200455
1.125654888819520
-1.554625166939692
-0.495997873475147
7.870181671470950
0.680470327948587
4.301045775238759
0.341396967637520
3.719012728153458
0.192585386066261
2.037690958839130
1.601701854747002
-1.531184152620494
-2.428215162897945
-0.962612787744652
0.149358712201546
0.760254831474803
2.172641547466164
3.794005649545742
1.265564003474848
-0.622518474378883
3.032129791316852
1.191201182827050
4.379163567989238
-0.610607510746520
-0.717069211912620
1.774959824099833
0.352937811995645
3.732709329354683
-0.398921604206320
-2.406766232688646
1.437158933300296
1.662953200584095
-1.396487430877475
0.711478314470925
-4.194029026451842
0.594006890836871
-0.929309258353839
2.922815940651450
-1.517897406689092
-3.962039034829935
2.032973673530432
-0.494117077656963
-0.337005127703879
0.221692817078806
2.109833115778337
-3.349210398441523
4.376177036874379
-0.497302756306476
0.986729209483887
-0.342004537733630
0.389486967797591
2.350226306490977
-1.115600939846237
-4.929182169305881
0.370596000104577
2.918180358612919
-3.075280768889268
-2.878951618277556
-4.388851065658274
3.122004881773217
1.192555165868589
0.936060624539971
2.693286862973292
-0.758665231627606
0.459579300192274
3.359162805896314
3.098668205732005
-1.530397746006533
-0.855400656292309
-1.801019233349149
0.779378273127558
3.761314803463464
1.527872076482443
1.303354847742404
0.901920542179156
-1.510912875336865
-0.595729353168031
1.435814780510057
1.906544839989934
0.921185651295171
-1.088085061972291
-2.240632190697600
-2.489862658622915
1.806999481543547
-0.289562893513528
-0.335193346593780
1.971801785708504
1.292393329399346
-0.885302328725351
-2.689610331087394
-1.400594076504556
1.357959658163197
2.437514316192554
2.006264613172280
-2.813976791708115
0.699076730188411
1.030167132030088
-1.967570590095472
-0.649434336805175
-0.306157593254704
0.309177517494731
-0.879292576433394
0.047783746565120
1.764736001799391
-0.168229789148545
-0.841290318037424
0.180654071350369
-3.689127051699635
-2.062711900266469
0.946919125444841
-2.667528676561585
0.958486527881598
-0.999804302257213
-3.059127789841864
2.982172301144481
1.410094144996625
-1.151482355792959
0.130505002783150
-1.850965454364799
-4.202769871920061
2.234203003516288
2.171965953095614
-2.230531859329974
-3.132857194109615
0.566929428999603
1.643166644443268
-1.588195663398816
0.704965945825340
-4.014929581871171
-2.755240807262567
0.612023488967443
1.079038411433967
-0.349543700369745
0.270489182381848
0.656739985771328
0.102351466698341
0.698589056187619
1.648899721425405
0.485912725197777
-0.357920953886666
-2.763211959573586
-1.775862038389957
1.054663015031945
1.812850966918350
6.213209346966130
2.110570911149178
1.201238283645508
-0.044943660572874
-1.783612735012240
-1.371492224031082
-1.630354418106926
3.021419800162124
2.091521415319484
1.677623547997322
-1.265630186111941
-0.196433268163486
2.266612508997409
1.753115070756080
0.626094082005413
-1.948391244946825
-1.125495915865729
0.942977227855226
2.150973222792195
0.676167048860190
-3.323637601779410
-2.296593853930632
-0.040383105082611
-1.210838952388396
0.755147144549078
1.232220808570773
4.014850475222688
0.730041684115435
0.485016140700719
-1.702979356419834
-1.060193016736039
-1.862433977893785
1.494773480263242
1.216099161324086
0.725680577617652
-0.937216823462328
-2.625284765760942
-0.701911755464375
1.558264512253574
2.882598011510898
1.231039909311472
-0.915524665486814
-0.530498443217210
1.546054571187958
-1.542789019079983
-5.296466328021581
-3.231184352220782
-1.209211619601323
0.796707048314843
-0.102641377310353
0.531221262030645
0.829793008858172
0.726195760567483
-1.207301616685190
-1.117855112735058
2.437508359889482
1.646449876090457
0.757810410153343
-0.993292650615853
-0.115057007106858
-0.912062940991560
-1.367793588514184
-0.378118913182036
-3.383557173046591
1.032599969274190
-2.736430750355698
-0.863871817673767
-3.632201124166795
-0.275325749601551
-4.260584532373496
-0.106173688230683
-0.768391219541862
-1.202482498226933
2.468897665485286
-3.179322107326594
2.524928503893167
-1.305508375574277
4.253694087789619
1.806680509352802
1.141041153233006
1.921040088450040
1.130179438110784
2.472224895683006
-3.371774907458919
2.595598232383196
1.602321139876418
0.204748355139435
-5.893969164897558
4.388365788298638
1.369719004417728
2.798993687883391
3.746375556742445
0.414442289648826
0.770332398876896
0.877697041254377
-0.260138937250336
1.086889174615824
1.951268541021806
1.623260983057600
-2.076093155457379
-1.383110684216571
0.487693531205814
-1.640212467487921
0.533245493133648
6.559564324731316
-1.945583471495877
0.163510885679759
1.071625671043695
1.807315319923361
0.120368067053744
-3.451880099162853
3.167309484709879
1.278955998586895
2.592859014762635
1.583524089643171
2.875891375452682
1.721697212418009
0.716425771814201
-2.263728672432304
1.190001214940873
1.176230454117360
-1.476892174460191
-0.764169848381237
-1.613847043957257
-2.162609944419808
-0.426363242270790
-1.418798696813032
-1.701564858557765
2.408567122842918
1.157449053342443
0.148169216068278
-4.343309228618367
-0.907702392625395
-1.061845021662971
-0.337444993735335
-1.800825651151377
3.412819683997321
3.414258981573418
-0.129777846615388
-0.421270535256058
-0.916447924565574
-1.403562093406038
-2.089108234653430
-0.674715388566327
-1.314480377818218
-2.458491174018819
0.758972883425683
-1.657637057651304
-2.609926038297926
-1.964209298059794
-0.985305745869110
0.725891706911718
0.661334186087272
2.765779016395127
-0.436166958206552
1.154100738993376
-0.627789325713356
-2.846585662459439
-0.517872881665466
-1.405363375949735
-2.501264795483936
1.317405701654838
-0.349875123491463
-1.579983732700970
-0.357634657058622
3.330363221612426
0.457722821122362
-2.418282269104870
-0.515676269908911
-1.453368328664457
0.179511168189973
-0.220317714886130
2.388842337081942
0.926950498646075
2.621732007610593
-2.385811753397331
1.234458107729379
2.771963912208445
4.983514354589844
-1.564770198744260
0.082569093216471
4.674623991213581
-0.102900048482921
-2.429544754400967
-2.292251810264939
1.447496831925764
-3.286337010290227
1.223553534862425
0.484299692186349
1.326356779176569
-0.405838117835742
-3.966108290840223
1.100378790385009
0.511514329400366
0.309774914467978
-1.260033527867981
-2.212538083563580
2.973232682986978
1.771856709312956
1.035304082955445
-1.248337673487576
2.513520573615296
1.235950269136249
-1.945758426615302
4.386959686684509
0.227443697312682
0.154230044771286
-1.207580334219393
0.740146360544824
-0.245074757757261
-3.316470593078634
-0.608737798071887
0.724756569774236
2.493574540172187
0.844049616541298
-0.850464853659951
1.317385805774647
1.059634699558602
-1.493309099432495
-0.059333692718021
-1.573758805427085
2.198303206450122
-1.588294849103843
1.064827631133314
1.447977466723152
-1.114878907345689
0.377102528712271
-0.841412931724001
1.362045390920003
0.385533386698538
2.911033397618500
0.028682778775578
1.769938256446927
-2.848911471169349
0.069355059002153
-0.152779570261455
3.754932107479128
2.036862743767537
0.651310724003413
-3.400275966857900
2.600798531062062
-1.472576696092606
2.282237952453891
1.194047178620337
-2.392074679977583
-0.905800645194662
2.506482348866863
2.953119247901593
-0.158184341346497
2.653155925720093
-1.239936510421674
-0.278214773913912
0.677031117422208
-0.400362360098272
-0.516193130816706
1.280272449502749
1.436683275353480
2.283389827187610
-0.703319411672984
0.522797242524719
3.095625286794111
0.256569650079113
-3.662736320195916
-0.446157830457311
-1.491068334749120
-0.874323652036880
-1.209283832293653
1.771200513953437
1.797907230128394
1.069501868020228
-1.453916972197964
2.561586396317083
-1.818622417266710
0.202731608532418
0.740509482127917
-0.544011576722951
-2.265130476151702
1.426782499891432
-0.856105863319994
-0.512773328512080
0.379407692158815
0.303658995428002
-1.323806316428768
2.261075102865851
-2.351460320814085
-0.229122589642064
0.588442690284114
0.614701686855463
0.680133439734637
-0.798422296237255
1.849548711913407
3.738062814422130
2.385045711145997
-1.864397680010221
-1.815598318957370
0.974694216633131
0.083267077498285
0.575420511253408
4.994452340967720
-0.555283380124758
-0.705245735875784
-2.012244172112255
-1.280590500259376
1.996597066791651
5.177743159957509
0.599086657628530
-0.934270120809372
2.630033892169648
-0.622589308727630
-0.013461668391710
-1.048014721162038
1.355334520316560
-0.400176812293429
-0.952527366499322
2.154555520478344
-0.157051211723686
1.977948879008764
1.645010576579351
-1.162094690099830
1.711619455084874
-0.346935031818430
1.839414368409203
-0.242816463674345
2.278278632465324
-1.948733423659396
-4.655119335666742
0.129227333273306
0.287988400202948
-0.206407656471491
-3.553675511608597
5.344929454410868
0.266644413753292
2.141925503092803
-3.225695822947895
-1.658912095895042
-2.218252494725406
-0.847517381559761
-0.452827004230422
-2.000953833332903
0.277227897536500
-2.782687764314880
0.764459360647413
2.683854441561941
2.177292301055415
-0.856570851599020
-3.463067798801144
-1.001647731586737
0.308166062082624
-3.211804621118636
1.830345928155722
-0.598606891654543
-3.684503419845516
-1.296668888169325
-1.297812194184175
0.243412675836223
-3.114793590742902
1.988279796520028
-2.132248337517653
-0.608243267373421
-0.295145236261166
-3.000939800686592
1.724779114838577
2.242487265640108
4.004576125025729
-0.972656132711911
0.121470610023031
0.534533255200399
-0.048452666912409
-2.691898743068557
-0.186517097198825
-0.518711808654124
0.225671375142490
1.590052250304626
-0.493414939880628
-3.414446521824142
3.263162591943742
-0.713110824195372
-2.483342079894769
0.695658423964785
0.940177978471807
-2.564906824091301
3.957130928297580
-3.314950588301039
0.450388610602570
-1.617678905808200
0.593130208232155
3.836755218901536
3.706670583830698
-1.939394155313435
1.474828187696402
-0.354527241480856
-0.836592368990083
-3.006091922917388
-1.018467197917229
3.399432683264094
1.482844785282839
0.037406432699601
2.571770270284519
-2.315278022395174
-0.662719212765136
-0.045223096553419
0.501521840364053
-1.324251378868305
1.540766704160592
-1.671350027940649
2.242700450051774
0.784724136637531
1.476774909195715
1.058229338262268
2.184227762208856
1.674339901881628
2.885547545554039
-2.281556373386641
4.002891292702675
-3.781682872298659
2.217076905505813
2.727572588086935
-6.214069818458433
-0.680822244786624
1.136862810629883
-0.318362906634304
-1.161093742136396
-1.623844918334621
0.120772048111374
1.443850363118720
0.159935649155394
1.737610469756699
0.573361385481701
-0.460144306476402
-1.225548159000449
-2.959177619464894
-0.844531684839743
-2.017151281495332
0.442005873502232
2.201513052929903
-0.720831117023619
-2.736808876245287
0.163188006970212
-1.626332862280177
-1.540919834042255
-0.211635735321116
1.197398448631770
0.500257531032477
-0.154970547446786
0.029136586139531
0.290270653677116
1.667507330595800
-1.430511584121506
-1.265376250741869
1.076881842604633
-0.650562799045133
-0.421543309994041
1.556492335596438
-1.536391184611150
2.399165458693153
2.428615882945374
1.072867346979454
-1.470908346597401
-3.498760516389814
1.088086392323889
0.138328637692224
0.944774547358730
-1.620404314432740
2.305581350058286
-1.092570752506071
-1.905358603246547
-1.404161282718851
-0.317789356451805
-2.879730595554519
-0.093072826244443
1.739527608422773
-0.525609430022340
0.927375400329827
1.971824964674142
-2.092220085294981
1.749464017965764
1.535710304463367
-1.180768441092982
-2.685771489618701
-1.518295805115405
0.075376144391908
1.782075303197675
0.953228560431719
-2.201688991260783
2.439913347369600
0.147025837162656
1.029801935311510
-0.154660036090111
1.609960852132932
-0.839702962597537
2.045600650534103
1.118479185669601
-0.590453647557492
0.775632146751723
0.979318207153401
-3.022249370350139
0.093606912728156
-0.004573627242359
2.567943407327330
0.126425483662743
-1.353487790995391
1.349585732344076
3.419186058891894
1.709032932096078
2.258335182881186
-3.639973423289133
0.357457705531845
-0.307003243751085
2.588692684804640
-0.723847635034376
0.905759832271706
1.446282298172299
-1.014897880017434
1.153463833704744
1.381035170387836
-2.085066827357365
-0.050435278085545
2.215262470875939
-2.955670469488745
1.711667814357864
-3.037913931602889
1.545293102431143
-4.841558704783607
3.823664686444797
-2.430308075228870
-0.806633830699789
0.622379005129125
-0.426068868155814
0.147276993676168
-2.982275468989520
1.313411494587689
0.398248357304237
2.890612036540289
-0.309608787607750
-0.327872184016024
-1.363665519068520
2.502335355884737
-2.183766133784930
3.273504621808187
0.464218131190686
-0.025146640679264
0.610318552958449
3.791934546294981
0.310860487222385
-3.518465300211655
2.440416327377279
1.227457240296758
0.870157191679210
1.127429506945538
-0.837123944319685
-0.519664969647876
-2.116727855521686
-1.219416532886795
3.012247035301507
-3.456776344842455
-1.959939411777447
0.224888140218145
-2.455091867240803
-1.529701838221466
3.449453881198366
0.711316810104696
2.396667569831274
1.982465013054143
-1.245210316440803
-1.452262665550498
0.525494844193761
1.203802434159997
1.575683923896281
-2.128043405624273
1.618361473496674
-1.927042442080073
-1.655050330296258
0.587938946958408
-5.138324768022646
3.541164386314117
-0.479883884977491
-0.903790017762774
0.967526678426043
0.041221719683726
0.682470532485876
1.727272339426305
-1.050131818992315
0.168387073051464
-0.655065234173053
2.455178297563772
-0.760327829241216
1.520132960447227
-0.413086975251739
-3.384890027423815
4.729959010171764
-0.732559691711331
-1.218560359451030
0.456778626889733
-2.369045865938672
-3.427555263781355
-0.191738332420189
-2.866122629333398
-0.361115313487204
0.627612768840796
0.990171545930201
-2.572864733797057
0.821389774819130
1.439816423349971
-2.256907214035393
-2.991235163959882
2.033326297705870
-3.733564391514642
0.289229393015288
-1.517956646433423
1.029232293966349
-2.467000196718152
0.492694613250850
0.454035260975700
-2.651679410201837
2.226198524122738
-5.320333064698869
4.824216891691807
0.253056093956815
0.673567331763939
-1.937046803089661
1.017638290346821
0.768402986365638
-0.836065027680173
1.322627192513200
1.040695056760657
1.158932643796498
1.225014211867634
-2.614922326832874
-0.570321319707777
1.819064146004000
-1.354804356014670
-0.358894018314446
0.076641205979903
0.257071022785991
-2.130386004245152
1.841009897943890
0.647686100100648
0.244289884543703
-0.454983888819593
-1.218984379233429
0.312273048839768
0.730066677282852
2.443254022013688
0.540134903228746
0.242304793369722
2.588948894495982
-0.751436928334051
-1.463051291348488
-2.220426673797380
3.262920037048941
0.216349540305596
-1.608307081138846
0.075006405627312
0.787633996293187
-1.112763425052991
0.720922493661348
-3.274910656768454
-0.160501132153147
1.652502589784070
2.860741518377219
3.175505217138903
1.796582692328350
-1.169852863035480
-0.918666680009488
0.217186327586279
-3.211419226211395
-1.826965476105350
1.642862314963703
2.230004442733617
-1.886030262537336
-2.103856560467822
-0.218153261323559
-0.883760426838778
-1.132430622433733
-2.895538002176267
-0.526847885077791
-3.578627629505736
1.034899301451252
1.112984501522765
3.499845651899634
0.656125308307171
-1.513445455384223
4.734029421523463
-2.569149516257351
6.102393190780067
-1.095491114884220
-2.334039298432763
2.325372181898622
0.924291221673161
0.273309402686061
-0.058166777775827
-4.644081240483361
0.449796330935373
-0.002651840580857
-1.968840434793636
2.058080039601047
-0.183250823343154
0.677563060310142
-1.505200215365730
0.556332518596114
-0.959833618471411
-4.983803743683837
1.750876433153184
0.071169420470521
-1.835192134033073
-2.376121985407360
-0.542285150499471
-2.258229924740293
-0.708037116853146
-1.310996378715426
-0.218029365649258
3.177940274407975
2.666282997630681
1.092504752471461
0.344645071299021
2.136362152620776
-0.613833768014357
-0.202213312121145
-1.370571351139877
1.465316797481039
0.401223329650530
0.466361141535379
-0.787839872454745
0.232701399670965
-0.356241163670675
0.450157244240147
2.468202572512193
-1.125819115599188
-2.780602651536150
0.879615767390447
0.248768404519574
-1.680303183250804
-0.671517850789926
2.836144258182089
1.878742728290566
0.089969169072235
2.879664689256791
-1.916778394052719
1.290123523237834
-1.571405174164791
-1.839865697000139
1.212076571608309
-1.997702235950908
3.368094142481888
0.179104850767055
1.788044798093687
-0.114759022075821
-4.256107955921281
0.778930110318779
0.244553557686116
2.111694743452471
1.816705274295662
-3.709675341642725
-1.679911035079365
-0.929332072665556
1.167825764603084
2.354073506485100
-1.999552083243355
-1.647788310218189
-3.183497240735888
-0.018642229647590
-1.356330350509047
0.508621787988791
-2.885336694576592
0.752096058252749
-0.461989272886159
0.524849822598996
-1.200949735386287
0.030541425696879
-0.605058594510176
-0.410317748358662
-1.428452374397928
2.019391564156213
0.304488306552577
0.029083099384143
-1.303257254925908
-2.717831618215317
0.520041455287993
3.472306860941877
-0.644445231199236
0.096294849907569
-0.906072701523730
0.012550344635450
-1.241933268597732
-0.044309257177371
-0.592298393646949
-2.182186382738966
-0.489894075909443
-1.480156278603816
0.815003320065775
-0.740891930624421
-0.021795691498565
-1.084586180576658
-0.881951801866348
2.811748804105510
2.078608149785220
-0.462800998075914
-2.871258409563735
1.183676138009433
-1.559621571194389
1.515601103215551
-1.014386871796729
-1.843052565038924
4.795129324280182
-0.253726274701383
-2.245020831732868
1.326729472073998
-1.483126269513033
-0.548521173843549
0.813281531503743
-1.249749845895390
-1.084367005591127
-0.166464021679190
3.361211662692089
-0.376535278870803
-0.748494826496060
-2.292429373732832
0.323806886188272
0.731352310723274
0.185012116600443
-1.756897777324253
-0.154633384309555
-2.343408479941285
1.899913323643131
1.219274887145711
1.914207744410484
-0.660365711073496
1.013437885302384
0.608745875285408
-1.103322123171378
1.023049503930052
5.208774027918512
0.597894072876253
-2.962937191947915
-1.488597252437768
0.723587532557675
0.642277484806492
1.683153113657013
1.979474852757797
-2.545716709012694
0.034821738756279
-1.725323313932192
-0.223280987382396
-1.041174524772042
0.511418721994856
2.833346660597069
-2.913873795966531
0.252551958218375
-1.435553741662346
2.788348308058384
-1.312012638281901
-1.116139064617513
1.121160845432580
-2.226246966349723
2.522275051458297
1.449162747691440
3.012557305898573
-1.753990444257236
-0.855228715498405
2.440191899923815
-2.779129599937491
0.114429406889773
1.250249435322818
1.556515042397731
-3.081648082993572
4.232916951795865
2.583624675751131
-1.734615726614948
-0.117366474694263
-2.121323826068170
-0.812524511767971
2.828537959191042
3.251312318543073
-4.399415124995476
-2.313639831571345
-1.262679636468613
-0.980651852763509
-0.139627950691892
-0.032522659978863
2.754571601611561
-3.109484990677066
-1.017961973601057
1.006446813394895
1.825826970799812
-0.547547173939346
-0.731839523771200
0.063365418064823
-2.786934664226987
-1.259375953808391
0.182107547946541
0.402016882776740
-0.404466467871125
0.138363201687265
-1.993571749329504
-0.249524597551656
-3.153487692084500
-0.481568563253061
-0.906032960748537
-0.784320559891930
0.226434722233149
2.571131988494668
-2.162419291256345
-0.949205132082109
-1.005422382471175
-1.293109765101274
1.532763435623168
2.288458133031374
0.344106375714754
0.431831391326391
3.830129630857137
-4.028131417469567
-3.875800908081086
-1.009399877600921
0.453004086552213
0.028179578581543
-1.049390410095935
-0.639532933050068
1.188304240526270
1.197485020920543
1.127557766698486
0.316010622008997
-2.598714958860612
0.753248564876249
0.855396248768739
1.417359590344413
0.803222047384938
2.779013135218746
0.637622186020192
3.994321472861359
-1.472185961951365
-1.914932186216505
-0.184092544299726
0.293178314820981
-0.654224325210506
1.686959823363382
0.106856358130756
0.184338196357601
0.053434233795196
0.681136542064575
0.213394772434970
-0.232587289984429
0.530473995091216
0.027900470273880
-2.327729643358478
-1.618517065379570
-3.456471858679784
0.686700180342572
-2.648732555726857
-4.396411138801258
1.126605138795825
0.869733889498364
2.138687496040075
-2.442096688752791
2.663746276966322
0.587747918049018
0.418895495344097
1.334804668056535
0.524831943003068
-0.952356729503760
0.787137821197084
-2.849947971061578
-4.754633849063080
0.568429072274718
-0.468400246202193
-3.476106286621502
1.833207415114534
-1.160205790076597
-0.558615350827357
1.603171607440980
-1.338809109905163
3.887522714532204
2.490812120757808
-6.016982713165498
3.725476043545505
0.840600924293469
-0.431226165520222
-0.811015984527486
-1.904216097408733
0.094285965955441
1.341584058583081
-0.448466146663615
0.383623017756112
2.493143909905523
2.070655796517019
1.488192528714634
-0.208746332077156
0.778464420499899
-0.792358334179884
-1.563044772905925
-1.494301374615109
0.217122071713739
0.869394900379587
0.181759435428136
-2.226107616052704
1.159649686963871
-0.895351512224166
-5.112797336037994
0.221875057437250
3.978621426231607
0.561349248219625
1.904191098010745
-1.233246052105367
0.214740483957448
1.234647571284995
-2.181785323908010
0.325629192474701
-0.102471320166043
1.938654986660565
-0.610816659865567
-1.067222102270840
0.574050321550288
-0.209537102257597
1.058200063297883
-1.396102272793920
-1.796350508354617
4.304213408319260
-0.695678844940539
1.854699265891236
0.868697416075521
-3.099522856252382
-0.217430593219025
-0.772292900313820
2.163999036048117
-0.007674773772969
-1.844464410895450
-3.861207785471095
-2.941123142807035
1.257286991840960
-0.675980278407830
1.469093699833732
1.565602539208111
3.819689201797949
0.523211808583836
1.308827797295842
-0.277443058066742
3.461888880527422
1.392931171808502
2.263953612985556
-2.768796186288988
2.173765404027458
-1.602477906415464
1.460151443696893
-0.119376572064637
-1.019148905418886
0.603892913007390
0.193304332100013
-0.176602972522026
1.173962314168487
6.042656983808304
-0.501952008066531
0.647048500636069
0.783135020255516
0.400494045258091
-0.225043445498614
0.446701539526206
-0.973881429412059
4.667958373254959
1.015503355369006
-0.914549050689977
1.533324244544631
4.705138448820994
0.794858359812190
0.276126510047384
-2.334042188124888
-1.137200304990532
3.555698231137669
-1.676358949246630
-1.155996472870711
-1.653930399791765
0.778027779822393
-1.839569235824674
1.552787275967668
2.263495988264897
-0.320933796801761
1.672348456599292
0.345708026669678
1.109445695650676
-1.844223447187804
2.388975020286773
1.803473500458328
0.194754377270578
-0.081427620769859
2.685403660747878
0.738302514154023
-0.272785992809511
-0.327448644469206
-1.235327820444726
0.697319172932184
2.238634861281031
-1.786338618178541
-4.786803754506850
-1.519579526282415
1.226692335853279
0.188424379426111
-0.576426032369787
-1.040932191465923
0.231094903309398
-1.069100540986766
-1.019908866261713
1.369162406699473
-0.381758203898042
-1.516399657373994
0.794866672034498
-3.864795860705935
-1.778122915596314
1.047003396382975
-0.779891364222121
-0.765598295897803
-0.934735191832775
4.711332055560618
2.234605341029297
1.388483645062276
1.557147527262274
-0.400999770778317
2.144639661321084
-0.468037918443071
0.439660610790130
0.876710668395260
1.219577098153227
1.964657797076717
-1.612938827701081
1.783218490424958
-0.965080736364219
-1.472817179954672
1.423413054874068
0.786912047731979
-0.998297718896976
2.096893872361064
-2.004201019602461
-2.553284275665794
0.037357478676390
0.499803399839638
1.122194716990044
-2.786320160213902
1.877257530590954
2.792539062468726
-1.051890657843689
0.729428882876855
-0.939152383872305
0.338176711879323
-0.635827100318009
-0.321268103267831
-1.675626472999889
-2.160137415802032
-3.282970409388127
0.631923923963721
3.620787227109874
0.873974937726149
2.539486776380215
0.598755170444541
0.819336139923042
0.798108626966843
-2.579981714806535
1.751500440124760
2.605665788521188
-0.489172282662763
1.120514817372633
3.854052774159340
2.708594265535367
2.744033521694131
-2.600531391308553
0.642275073657528
-0.807707618812376
1.393007712813276
1.503505471887956
0.964266359087865
-0.503582214566985
-3.345120335140050
0.856177743371988
-0.402144364489711
1.919617683249160
-2.562908420117358
-0.251933796434416
-1.995218438549267
2.856666662966894
-1.577303925438936
0.434230239305177
-1.266585495242212
-2.853389230053722
-0.796031166646052
2.310735926967368
4.899834874699207
1.553267856679132
-1.757559019962964
-2.118633267265417
-0.167264304434559
-0.749240218129471
1.688773945016689
-1.025280533054466
-1.447703000822922
-2.069998873555793
-1.755451860208066
-2.173935020153934
-0.917219219390548
-2.738186754662425
-3.393724403575835
0.761222147397355
-3.641044147307402
-0.291354413068264
-0.475308944342313
-1.850292108957969
-0.363928989204125
-2.996998189349667
0.180429239956282
3.315651276058863
-0.615204377294562
-0.338546038633517
-0.746944269437981
-3.257054409825511
-3.503954458653998
-0.821173829716578
-3.680391821258123
1.945902251017390
-0.862899464229940
-4.045375795288668
1.527276676684473
2.184446138797310
2.641070909976031
-0.325726211740365
-1.430287493218731
1.199248461475463
-1.979763299247062
-1.748727060205435
-2.240324063607777
3.071260701511508
-4.775404326933333
0.463314742971570
0.725766515985601
0.977132693138457
3.402623468038305
-2.541272481513279
2.107620569672535
-0.602191937212471
0.060157001342994
-0.023601747813685
-3.675295976223848
-1.215534787161661
4.168702482881426
-1.511930751841522
-2.127258361974430
1.684105145196749
-1.020618276787202
-0.904676662696155
2.269743978923002
-0.511261927920502
2.428429109580704
-0.783596072274439
-5.113408934051444
3.477671414728877
-3.110781046256331
-0.278283719106094
0.214316528425549
2.661593338490965
-3.037723289045413
0.143116507065499
-0.066066979577541
-0.099923843871478
1.521482905289158
0.567271913993384
0.832001362802027
2.931540305069377
1.335090502866310
0.546237608528732
-2.766448717377221
-0.825593594975033
-1.829454355786614
1.293120477240070
0.756029673579979
-0.495847928714577
2.618175370427817
1.844736982826856
0.378638091085642
0.084228181574669
-0.071712361355979
0.855525264228050
1.126452401819870
-1.529821880044091
-1.346340776141489
-1.400781413767416
-0.825419831966258
1.705723277264929
-0.264830667213934
1.225528423892366
0.790873540476831
-1.072061165929348
-0.452557906164836
-1.453111103202765
1.073192409973889
-1.588240819610627
1.736521003875657
-4.730124541999770
-0.757111548764425
-3.039904791333515
-1.196020910730633
1.595292545172446
0.215603855888576
-2.652583640510211
1.811355690426593
-2.359420475850477
2.363238475364585
2.074130571986140
0.103465586626349
0.269579980445642
-0.290059119035112
-0.113304241827854
1.017807211715175
2.978799059773213
1.264174528154477
-2.880770133760582
1.048535677897919
2.247588629033943
0.583512083883449
0.239557584638427
0.264471042086394
2.953311816107214
-0.802266287082149
1.411825211802819
-3.729158772842965
-0.055593670908711
-1.839792170206495
2.505928096778921
1.852618690972525
2.843296975202122
0.712621566483213
1.820479883495373
0.236271355277437
-0.234852632739796
1.839302254122695
0.666720558469784
-0.813386416091642
-1.431604402220725
-1.880110101230156
0.989795118160447
-1.673137425035942
5.180091808981246
-0.925729878080152
-1.205024752780795
-1.137200486520192
-4.306562923972956
0.258450002229846
-0.512960856010803
1.061925570529852
0.779150116965482
2.545607877230478
-1.396350698693068
1.432550333898915
5.395508105316178
-0.087037564723343
2.280133704117306
0.491687854350191
-3.012143577960658
-1.333493154140114
3.442778402928701
2.599009703785410
-0.753595244930139
-3.335728794575380
2.381426610857428
-0.807363675166807
-1.910474896878924
-1.460148500584656
3.049338533427442
3.733372169390312
2.212544195041527
2.129719629770084
-1.228785607270278
-2.020467230507726
-0.315003463288737
0.087105576894421
1.010861837175629
-1.744995897075847
-1.422352522947124
0.268538047573712
0.509303224941170
-2.224619801290801
0.437225063294530
0.981342745432414
2.751789465900794
-0.178699701452006
0.268784606170387
2.538778089745495
1.732379893622092
-1.843892632741601
0.421755596910015
0.288865869392567
3.587127485982556
5.445200589219404
3.400842556098689
1.233555430819293
-0.895813076619845
-2.086304361776924
0.195353415861899
1.930649189527355
-3.865671418534556
0.926919145250390
1.996435083286902
-1.489010060595876
2.101379590654319
-2.025580515795762
1.608502546189755
-1.644786402116027
-0.613940586212813
0.610173492606010
0.867469034538145
1.918164279564728
1.286130403358288
-2.619160674656970
-3.183071226930577
-0.011712289423351
1.754096314537352
-0.939639036572695
0.001590290504251
2.132840491994331
0.741076375062692
-0.554713031540528
0.436088566036907
2.582432224322554
2.550321342002057
-2.951673595026086
-0.775526323146252
-2.803546104618322
-0.614139187295876
-1.263681443043075
-0.108208064911149
-1.069383973976817
1.305937327670879
1.128476797847179
-1.219703799910582
1.922435815316516
-0.187759368806062
-1.339126944931953
-1.600202087251538
-0.488722932369322
1.708499741726162
-1.981185768697444
1.510323844948462
3.390342284149145
0.852225128490036
-4.926405288723466
-0.687412579851826
-0.593683486332794
0.689795164511809
-0.212771541512045
-2.831201254975551
2.191169096679656
0.094205832827285
0.266958822739091
-0.144091962527795
-2.850997187391515
1.067572495723963
-3.449535195261435
-1.574600333551431
0.258050201176752
2.152477150057310
-1.595481242123652
-1.951846326836274
-1.683249132841936
-0.726436498924955
1.599106850432127
-0.301526775517108
0.538325022169588
-1.653937603849872
0.564614151514288
-1.283192172794072
0.527987014142728
-4.896717434570359
6.446537466394304
-1.561206735574164
0.166739540228167
-0.382118548479802
-0.051808339255291
1.594301196339739
-0.445951154362884
0.434165500391260
-3.476227399562215
0.076416840334039
1.280516659994658
0.058773850420295
1.231114393101245
-1.711681695153184
-3.130549475460559
-1.063845952044280
-0.448247456154530
1.410457039373310
0.358868838644264
-3.995306376113985
1.252901225976148
0.620669110786232
0.176689756942093
-0.058549802212852
-1.053445330026626
-2.390022278411235
-0.571743483223544
0.343981380841307
-0.179341188955698
0.763109340886864
0.383120676742427
0.030723461626287
1.335305260265643
-1.930406022697496
1.432001674542476
1.265923662892237
-0.106591528094489
3.267903227901575
0.359324420096264
3.617959001215383
-2.392740026684220
-0.236165978763054
0.925732934620456
-3.610411755437819
0.434818303881386
1.223408436567814
2.653135074513908
2.760215960647986
0.894723013874712
6.586343243344507
2.388098806851629
1.698105474824953
-1.639613858452068
2.433681803847425
2.046555987058410
0.550472517263258
1.455594852922519
-5.823700949886352
2.085218064619927
-1.109418627836703
-0.144136665279766
-2.553142144791716
1.844547011850527
-1.797047624901323
1.618941451350815
0.390012200992012
0.697966143680339
-1.034033863919442
1.252883558232862
-1.481712319330550
0.192443055784968
3.036237451015773
2.977039009460722
-0.679564420730888
1.909832131027454
0.925652818782204
0.809538933029630
-3.484545091345469
-1.535781416778400
-2.343275695345943
-1.110992775685583
-1.039224557023444
0.388335403507457
-0.185142004644083
1.775999940558685
-2.816683869647171
1.434646791721711
1.374814193830654
-2.618904583223431
5.617397908274103
-0.797810168473278
0.122159167000926
-0.249360371254365
1.362626703955444
1.303585647553111
1.367970807711612
0.768047016756058
-1.841062855407633
-0.600579486976341
-1.820145010874812
-3.457568228199656
-0.406316481960552
0.490598543919327
4.390224237512275
-3.537812492713985
-2.065074323677449
-0.097148263129277
0.675231442617585
-4.432848933827803
4.073040773119572
3.575449781602754
1.287500426025149
2.514401702449736
-5.174785628565473
-0.911229780151101
0.673562661247046
-0.076660267583029
-0.312589800407039
-0.817635743688602
0.297261755372384
3.614236164510205
-5.308522404261834
-0.254155876103949
3.924617223553632
3.558319875858360
-1.553169852688400
0.770694587812789
0.282642868744692
-1.067667257224711
2.651251315055473
-1.507152354722914
2.659883844972153
0.553412979725976
5.187053390991694
-1.187890286745390
2.084106340656696
-2.610757761578451
0.385523490260572
1.756231935319539
2.146654344569369
-1.532523661558576
1.875666378999191
-0.682273756369216
0.629185011479239
-0.926249199785761
-2.003966361676618
-3.298726968902541
3.359349837655303
0.263669524863737
-2.445671375619585
1.321648096394747
1.161860976517502
0.496042601066523
1.188764085905926
-2.525170749754720
-3.144845057994297
1.464225310061548
1.930370719689426
3.063061260687070
-0.911131399029416
-1.194741435341411
1.702685389643962
-1.371328964476503
0.433356761794038
1.173743422371527
0.419933397693175
-1.218864264540382
1.241770054065718
-1.398365280293437
-1.447141943946203
3.742068331006837
-2.967116947726520
-1.731485208479319
0.671635392802803
-0.671486045876713
-0.813714730644214
-2.660843273103061
0.958298711062386
-0.933545783141858
2.024290386770287
-0.997950969649627
-1.491060766801714
-0.678680786018525
-0.173412868169844
1.844950763076210
1.177638572747689
-3.219759909523802
-3.179533130093211
0.569680748733636
1.754447691063403
1.643252161953566
-0.221551026610318
1.578577253448797
-0.248761086515915
3.637664649337255
1.264955407217892
2.922773374076197
-0.539679217866137
-2.782486498754431
0.090032131578491
0.916466741588971
3.289489688707425
-3.083163590132574
-1.868957873338820
-0.296108941829964
-0.666081364682553
-0.900189944998529
1.170029438448607
-1.731915887951105
-0.909513716441335
1.210622290346034
-0.687672487243523
0.369200539867003
-1.423738631528993
0.143316783670807
0.489640796969078
-3.244514949111820
1.328444922770165
-1.049385116172727
0.862324590721703
1.642624381978162
0.390329173260774
1.603914187773297
-2.156912983146265
1.020959525877181
-2.448543487027870
-2.568767858808768
0.271388425799487
2.203378945208864
-0.812134313296078
-1.845379470670689
-1.350920923569543
-1.006149459489845
-1.023381588782045
2.399669792665097
-1.067821105324118
1.031583582227438
1.358768396042835
1.740952713249989
-1.552379719863141
-0.738758556529669
-1.330378552821072
-2.432495456958069
1.345514606127189
-1.931138632120125
-0.368603682983862
-1.686492228057611
4.299953293099403
2.917027976516143
-0.125493528088248
2.533029498337593
-0.947040536222059
0.939947512606238
-2.087672142414119
2.712746918268960
-0.787110835423414
3.811291883019974
-3.753213410021227
1.210556634495421
2.074628328818774
-2.275402064628477
-0.758230616957248
0.402283899663398
-0.249140887169016
-0.459162468979849
-1.118718187472654
2.115269593277353
-2.370335865978782
0.090928331245650
2.620942650963678
-2.428094168085332
-0.958604546977667
0.018852670407973
-2.725725657160083
-0.759688213079760
0.360082178252981
-0.004604235576530
0.448458483128162
0.615634169961627
-1.827246851365236
-4.091022216948266
1.026992185545871
3.907323992583705
1.135022155397006
0.151661009922922
-1.384476565839304
-0.338893390363246
-0.619768541758731
0.658790134468171
-2.068169492157529
4.858795028286603
1.150538217765520
0.262227398026630
-2.193100578454119
-1.177456180766125
1.709686765867792
2.523430771495576
-0.237374269699217
3.627287281013563
1.889484320522331
-2.648453540057542
-1.674074293760739
4.022458314002382
0.343660668402887
0.264539807575993
0.698157261817983
-0.343296078159408
-0.571314331386956
0.265899158970711
-1.662905036068540
0.654564210598330
-1.050697221755638
-0.104554786724802
0.081327013180549
1.545509493525287
-0.834713001766844
-1.450248964251539
-2.324421186060245
0.401246683935427
0.017602542555636
1.078890449253085
0.093451511788298
1.089702907589254
2.260722418157981
0.281227524511750
-2.044630918152408
3.870937285464918
2.815762640734012
-1.457781033384483
-4.225321447137347
-1.188144512190883
2.505919682851651
0.403463877050282
-1.132044147623175
-2.384262574106175
1.003359160270449
1.887055738026327
-0.788224100292596
-3.335625883391651
0.597618536451440
0.917454926661538
1.717071452386749
0.292550097936401
1.089937113988814
-0.241332435961528
0.960852202488661
1.373637907920601
-0.958839680336454
1.833129051936688
-2.098595730425612
0.261148067756253
-3.433534229239401
-2.983458811443263
-1.681901396629893
-2.709282465286851
-1.543148725843795
3.237638504651952
2.845241440432614
-3.529452269425861
-2.345405214884025
-4.498837389155827
2.118648647501286
-1.979171873469546
2.129869449545542
2.970269356164580
-1.282398115993994
0.842719628638997
1.424001870468253
3.938899053984527
-0.447174027020178
0.096335710387668
1.173211619480034
-0.852498222679395
-2.128835435095018
0.108302747325081
2.501741619440150
1.498194126636471
1.189313058752673
0.308931093538628
-2.926474689848670
-0.959164851505722
-5.914774975496743
1.136238974202292
-0.569091041574055
5.481666810130200
3.680417046111554
1.669589577014360
-1.476978611604388
0.802642990590692
2.043021719896311
-0.624277689008450
-0.715950381262868
-7.956066604743204
-2.577693323307396
1.332334262969348
-0.760755865986580
3.459956523909200
-1.288164277233701
1.702572167558049
-1.048097632275054
-1.045098032663585
0.478399934844757
1.935149292242206
0.880930815227988
0.143446234593021
-0.787363509555433
-1.893278465961942
-0.916820823639678
-1.742298636829746
0.531591678178711
-0.001656407548096
1.022639541389593
-1.412479959695711
-0.001176503681411
-2.827428866629105
-1.762412331821210
-3.407941344851203
2.501173546217705
-0.466571682954805
2.457316970949881
1.752145530067893
0.865439896077934
5.200386940834957
2.160268974391701
3.080660955448292
2.241842513463323
3.218707615734818
2.182366063737079
1.421904616051256
1.132018430963675
-3.614465252413637
1.593435102045514
-3.124930803979702
-1.106185733447935
0.410640106266129
-2.030372829492795
-2.653890613913827
-2.871288384677724
-0.324806712017239
-2.489787620571067
0.368705274143669
-1.762847720405613
1.988367193399874
0.189127449200248
2.598043585662480
5.584392177416254
-2.560808329375559
-1.191405660614546
0.702143749037195
2.904320551399871
2.518622167096578
-2.911969512265310
1.687839972340651
3.177420853013320
-3.958171165974634
-0.491647256270778
-2.461432564277041
-2.349435955607084
1.412637733809264
-2.411330762937479
1.703037004058744
3.169890903934202
-1.824465968052824
1.630003021478891
0.155252031796487
-1.040650075901272
3.145947996261087
-0.460859689489361
-1.151193245521304
-2.745472824913612
-0.240111626468442
-2.858979968239952
-0.722123540842201
-2.699099749471008
2.860649786243828
-0.499810631617974
-1.878608070975032
0.045712087514614
0.698058687140598
0.090065063821622
0.740770631654088
-1.662199516657246
0.604868406458051
-0.824341219931660
-1.336432621706535
-0.107846984560817
1.793019927488072
2.761680188579880
0.824042457451885
1.905084652745926
1.606559411524484
1.401754770097560
0.580860027266010
2.147320162257073
1.008512545828464
-1.774198848770065
2.309308260601130
-0.314584594868668
4.273934761992276
0.183159165889547
-0.107882576074102
-1.271369645339948
2.510681220036231
4.952786977564881
-0.844043413148095
0.346803845277843
-1.372482356343883
0.587287429560817
-0.722412837341849
2.501114888003024
1.312450928569579
0.724667644449251
4.243264643504794
0.029741992488206
1.145764219980715
0.881515614960498
-0.631679473664424
-0.609958011026817
-0.050819072150826
2.405442515527708
-1.089454463020205
-0.512907433287260
0.722128053161007
-2.134428131533865
1.946016727825977
-1.618964729344402
-1.523632107786637
0.714503952595781
-0.030398556854413
-3.529535377988120
-0.690916791522098
-2.047795441803059
-0.632461042800612
1.965439577572726
0.765145474675917
1.911757540909833
2.076132963576355
-1.218006243567244
2.014891876749190
-2.461404593926752
-0.693045620893443
1.643049070393002
-0.398091275780362
2.209425754766054
0.607226283982580
-2.231026987933279
-0.897378114170520
1.965026517272762
0.009637307480782
0.734469486654621
-2.222157180845282
1.562270871492944
0.833689520007864
-2.619414865027658
-1.613658804411258
-1.158344532488283
-0.009608412778014
-3.200880954293946
-1.097699829606199
-0.346439814730258
0.786643242634969
-0.178692784505587
-0.943694651890185
-0.926070945510493
0.623754332167883
-2.094855760989898
1.253533056314788
-0.767153653465095
-0.972855017923432
-2.120614914780993
-0.766816233630048
0.703768883446086
-1.008089820309946
-3.336074006748003
4.955937262802063
-0.495120548526492
0.708320804718689
2.322394756506991
-1.234693223463059
-1.287085961566183
-0.616238662003357
-3.072001381639236
2.457105424367954
2.486959917395968
-2.016485224501903
1.183257741320674
0.097995630854073
0.234256837688540
0.082446194625389
4.005128499219886
2.682032560761253
1.573158619309547
2.277076216279339
2.512014650079898
-3.155153152783409
-3.492875038220400
-2.017516588684390
0.500940985531172
1.786792630102009
-1.564223816575376
0.049157160750926
-1.092262543425768
-0.861956765396987
0.819332775826005
0.039466024181879
1.931111232949048
1.422942996255410
-0.736428153788877
-0.845931849213228
-2.749504449161178
2.998920448744257
1.741012991655952
-0.182669946813621
-0.528584420497041
0.415237252593789
-0.569417403730147
0.974883143988716
-1.419172902556524
1.822593438190494
-3.061374266169706
0.032689797396632
1.778641820539310
1.917179605328939
0.206825594501761
-0.793488634376426
3.025347050738791
0.843072128923130
1.129883879011158
-0.752130215041146
-0.882545589331956
1.321569977407925
0.610389588614158
-5.163926671273740
-2.450541832944602
-0.486388196492358
1.033834461227831
0.690640341398925
-5.059020316596866
2.398738489400560
5.472699861861124
-2.797790599680026
-0.058090920240998
-0.348074776910588
-1.579999777284237
0.618499070333721
-2.458690248093664
0.821065863977633
1.539481657235029
1.926560868237243
1.380820872437837
-3.900391583280800
1.973764058496832
1.087317931453772
-3.092420359765795
-1.245640310228402
-2.077365507693866
-1.447956096854196
0.740468452066307
-1.565347732063624
-0.681665978409895
1.894802279038089
-0.987862244549997
-1.663627602341719
-1.229584359140105
1.877678400913845
1.120487966127709
-1.571604759714504
0.097436569064348
-1.668580535448920
2.731224464506434
2.762756811477571
-0.266394947433421
-3.150857471272832
3.564659383293086
-3.489484719876739
-0.259970951370955
-1.455725987466180
-0.414731405328458
0.219776880659552
1.565989695598790
2.504943159003416
0.595555571318833
0.511341626703887
-0.949770025917339
-1.099368142809956
-1.296520294811293
-0.762431473245337
2.758111294619774
-3.248608044146065
-2.371118777902732
-1.765275842747862
1.550474263891096
-2.365625536841564
0.765307880229690
-0.982399626095764
-3.264663445560576
-0.240516335685626
1.204349190280538
-0.743528760494742
-0.480443801760762
-1.295147415353485
1.197546222776993
2.751033435513043
-1.660183144554441
-1.678606083541290
-1.244765932911772
0.441232353044384
-0.697829368684213
-0.393778209212288
0.468282872100635
-1.233941920667527
1.554694525382694
0.380161718597547
0.305680801681014
-0.029990184563411
-0.748803528376967
3.499593566267047
1.230443476558366
-0.113632746241412
-1.685159445839719
2.660625244243816
4.825644183530954
-0.370572662030209
-3.877939908745659
1.827938072069030
-1.428946519260318
-2.761135235184547
0.515641008435758
-0.188436979576964
-1.917311611922135
0.370413245789546
0.288476610280065
-1.425683834434085
0.656196690989472
-0.651993047105508
-4.287666616566664
1.574123426697873
3.941337753921983
1.128797586873873
-1.666113713943222
-0.221817348397891
0.084586339284929
2.718736331858150
1.244421345324563
-3.702629781362359
2.561122855699464
-0.419914596386522
1.377475609062115
-2.085519268677460
-0.417539993766218
3.074648573375852
1.005138457512087
0.822984210225250
-1.852808342997697
0.676049381713944
2.219666292980459
-1.809991348756005
0.376535659021055
1.226344786583292
0.996166002082539
-3.602658875621077
0.484085600297364
-1.447506729074572
-1.397026848232888
-1.480650991792380
-1.656266364158804
0.854672335607760
4.295205756610605
-3.235156787933909
0.772926288695455
1.414921480062670
-0.448959467841435
0.639164455998660
0.169222701621613
0.185708328085757
-0.148946085866039
-0.310436502074445
-0.724486746092121
2.327417947959832
0.662616345551028
-0.437073002748479
-0.302886688998072
2.319147180182626
-2.929846476828608
-0.384239137703502
-1.206998789851091
-0.326450441417275
0.390484036098065
-0.241240136763810
1.763213691054448
1.209142449210634
-2.102474174302403
1.693257888865302
-2.653704243965838
-4.768316633899188
0.900466575075225
-0.749590840452013
1.822354918061156
2.512556439344292
1.718032236605635
2.735518800160330
0.254735036146870
-0.487382373046645
2.667075173963108
-0.346862749603979
-0.075997806199733
-4.269819569373119
2.886783956064337
1.790751221540211
-0.680691846131066
0.045470392311591
-5.018862927945585
3.872287607534643
-0.899085701558152
2.428792870187082
-2.105516905932146
3.198005109510688
-2.208744951125351
-0.365140779412343
2.921904127808252
1.647632276594940
-0.603493632082777
1.986981140006249
2.336294806526286
3.834232318068334
-0.836040537978140
0.340235857439562
-2.485107192153289
2.598044833957223
-0.228071878991624
-0.827518734464283
3.350427715707400
-2.712055001225409
1.695033491273470
-0.664437443807656
1.023642030743088
-4.008936809372099
1.890361314181057
0.475842200313868
1.632568015275947
-0.521467577809925
-0.423168373293456
-3.553429601994324
-0.909082750543970
-2.746945526278933
1.429001164256267
1.086747195225781
1.343038835173409
6.184457108818773
1.639201127859465
-2.194401998603059
1.101354995739516
2.809930559851660
-0.172391016634319
0.654387466838740
-3.277210714850886
3.434236905913625
-0.612387150245789
1.130255040381909
1.676963373977544
-1.209056634232916
0.496471791064324
-1.831662631406949
-1.509520062000401
-1.948195924581323
-1.087668183770142
-0.709093215437777
1.920610536076839
-4.156304374785646
-1.398271768586296
-0.490664515831011
0.386659730461238
-1.367803635835706
-0.195707140157242
-0.761364918236015
0.217993705507976
0.079564428415976
1.357611494725514
1.484801293347502
-5.290022120525059
-0.501207430941318
-0.807725872815435
0.023230745019545
-2.157256814617060
0.292469180616510
-0.080613042040216
1.364856895601025
3.702453919770979
-1.326077204767366
-1.889280129414105
-1.367874375926249
2.111208005930386
1.824234698453327
1.306616899155005
-3.392301956703812
3.554685511191689
-0.531498103034100
-0.584368514621335
-1.485442721926973
-2.728572403714431
-0.884723669051264
-0.159518805220749
2.600127688362401
-2.971072134719187
-0.168479124151820
-0.795501331545796
1.789974681138197
0.525145156599050
-0.209739091164910
1.936457969327922
-0.862138488536605
0.317086502725434
-3.113781533253399
-0.601310944127511
-2.794666187808260
0.351219716143351
-0.807339414700380
1.561226797080094
-2.166713376756827
3.247849808114168
-2.865022284909784
-0.553122898906589
-0.145032685907900
-3.125327225462849
-0.075183095289109
-0.250101457367244
-0.312588956589191
-2.379680829886676
3.282181647634764
-0.638434593687151
-3.275935060148125
0.700444828373120
0.107008600628153
1.772037572272746
4.715624032987695
-0.251018651496209
-3.160584479046685
-2.239340055374831
0.941030345482681
-0.411678171246296
1.140831764923695
-0.443201014690682
-1.954134615057892
4.274724375860443
-2.626076084372663
0.731029212718223
-0.318073692945580
-3.751231368580835
-0.976904159730258
0.604329393477441
0.786553936490546
-0.030834764055263
3.018136316203318
-0.555472049870757
2.639380221095639
-0.863365693518936
-2.925001322579659
1.837076055747175
1.472009818116746
-0.789657331473508
-1.489378029011714
1.101729628362417
2.970187527261773
-4.651659983017671
0.609654403883168
1.143232304106444
-0.833190625620666
-2.761071936797617
0.666400584807539
-0.497991740196077
-2.464741396168139
-3.327049506169387
0.349966858089369
-0.675170717676238
-1.212721505680838
-1.571435443774393
-1.543720509377915
-1.804363045024834
-1.130922353642602
0.529203568733163
-1.877978242455053
2.374615535639410
0.177190159681031
1.417734147741775
-2.909496759647029
1.573516234958601
3.232019592939590
-3.444289227565818
0.086111544010418
-0.685329785531328
-4.333932725838940
-2.910227151606556
-2.752320375838177
-1.422998770697289
-2.173112151651273
0.037949648200876
2.272955719043773
-4.163802113636944
-0.046300450665296
-1.190999741186226
-1.382493051158603
-1.804142204494044
-1.220991953368195
-1.901426239566252
0.990362896667461
0.695451186104253
1.009583209503273
-0.572214821383017
-2.691370865117598
0.712137944479650
-1.840477514787214
1.335270648053097
-2.316835977892977
3.726979243847887
-2.553116423639386
1.341149563249368
0.657719562340142
-3.148890969119913
0.758679101219273
-0.136281903892319
4.838725577391844
-1.507926431005915
-0.731391897166845
-2.594900898163068
2.275431030638488
