0.320813122096670
2.760681651033444
-0.559982928055769
0.455530520793037
3.620238630238855
3.487262864305720
2.628102118262435
2.613199125431569
2.610458838246178
2.155540332978086
0.948156953221163
-1.396608141433766
-1.150659233034426
-1.213347215056538
0.158073278576867
-0.161908552369401
2.224478765496083
1.037347799266753
0.070926991381536
-1.319150078953187
-0.729470561271617
0.998002150231004
0.530818727353703
0.144788489038886
0.624788262725463
-0.624951613600019
-0.804240835027141
0.576713581481226
2.418276897118279
1.688356171771189
2.177836483075290
2.106862657318047
1.477765744988757
1.786873665341878
2.232474065540926
0.539024990122080
-1.366563370661192
-2.049434156086128
-1.206371326898366
0.974173807940750
2.838430789133347
1.373499929796199
1.775232585656640
1.008187672559584
1.330223465477008
1.303355469449550
-0.788393152322597
-1.234214656508887
-0.382012862901509
0.282482024022343
-0.069964027613375
-0.011258487129049
0.782402152737547
2.371840703910579
1.673723859261629
-0.683682306447145
-0.658054323814279
2.565049845341194
1.382146184858482
3.158651018682371
2.965896015726411
3.767621228749231
3.202564907592756
1.206657278749238
-0.725969086498476
0.475907110314527
2.526415403547110
1.804286848567194
3.044694129140980
2.974890723150144
2.893895795931960
1.886933799756738
-0.735125206041780
-3.213032131942708
-1.947100868876942
-4.329982763660615
-3.196012945521307
-2.422548825887235
-2.667181278802540
-3.375697592954077
-0.971227190108767
-1.859943588397280
-2.869323693236038
-2.380177109002671
-3.698022988311740
-2.604005913470830
-2.422924142540233
-3.618885816180677
-0.133323935734317
1.336948029117115
2.556947892766980
0.633600699245319
0.107372531269853
0.223252735972906
-0.882483620568916
-0.881454781423810
1.553236925521134
-0.291163480073607
0.628367125703382
1.532647169547439
0.152639323657574
0.722206298368036
0.293753191158991
3.258601866629561
3.659519288641210
2.857383597717813
3.651367431345264
1.227840666429116
2.577867649047366
2.793659998299042
0.727302689913479
0.177251652891679
-1.533591494751825
-1.189276056196844
0.474677966307593
0.957271311789604
0.391366383737625
0.762069804800989
-0.384326739024277
-0.917802588248496
-0.297329390847469
0.475179717221714
-1.322322498731682
-1.766973097306715
0.009971950524235
1.006738616613258
0.026087389071646
-0.151958237943878
-0.602480091280063
1.343470292130611
1.426568670509442
1.282577816784626
2.977317203937913
2.189563910706157
0.923801570441228
0.987016176769837
-0.922703979982470
-0.041784945577390
0.634305194453451
-0.260420287904021
0.147492711759689
1.321081245742383
0.219961709582551
-1.637588196503785
-0.633755063008647
1.651082324640300
-1.321099149201756
0.091388586325654
1.286419083098799
1.608769896654175
0.772038203530174
-0.587133878574562
-0.322166864171997
0.863548784725378
1.248055122873936
-0.037000528369719
-0.361330969860783
1.911912596879009
2.162434122453417
2.537682973582839
2.421478376833706
2.016512584053618
0.994694356150461
0.171330813519278
0.356563816596322
0.886053514565037
0.202718210470937
2.321870421179602
1.628132959802690
4.511764375893257
2.490223764251111
1.215425935374599
-0.924220232251503
-1.639076203053631
-3.348297101087527
-4.378699956201161
-3.883466506505095
-2.192808545174994
-1.820453629733142
-2.185575828538891
-1.684996883591143
-1.715912956208376
-1.934129734190642
-1.464587511510796
-1.640189222187888
-2.373025505031716
-3.294384241390355
-3.503671936111594
0.746353802456770
0.537771662100570
0.557136595058838
1.215051975768307
0.445465538201324
2.207126640450381
-0.419421586854421
0.659663934912831
0.697496947346148
0.948187485787744
1.426398108064704
1.319685962250778
0.213541122746773
-0.865071421588227
-0.377208221336125
0.016165106383466
2.676318818609321
3.002968820733334
2.225508158326204
2.144634467733442
1.121521714010992
0.483070598160724
0.287391910444229
-0.402632165510189
-0.344440706836916
-0.666044886038829
-0.634452555314391
-1.106974477912155
-2.791092324229586
-0.937346638217026
-0.274930984380829
0.642534063364184
0.859493328208786
0.990569653005653
-0.083578265749049
-0.054237493429112
-0.134374223394420
-1.254980202764286
-3.092440190379878
-2.924434883163630
-1.381696910494649
1.010488353443272
0.434552239172047
1.096137608868739
2.720601652256512
1.998894205897745
1.198328887060494
1.661462868370184
-0.443720755719662
1.832312381493238
2.307025082606407
1.956033791026220
0.090109570446213
1.633114539112732
2.191554737666980
-0.051578709099093
-0.171782431990722
0.653184110076884
0.613250088834090
0.647262680865924
0.037412468901080
1.064536254170594
-0.008007250298681
-1.002708787845570
-1.210321322901302
0.758945586969820
1.527876510199898
-0.692886397527946
0.309826800938986
1.279137082867815
1.757496086390458
1.606414278040591
1.991744347354851
0.951833509422670
2.623034631611124
3.457955169371039
2.102456344625014
1.228619369128078
1.477094855213499
0.749172514379479
2.064448218362757
0.921896107596911
-0.354097992958022
0.503847540148683
-1.190033480367501
-0.956020217644020
-1.038839309191287
-2.956725127028278
-3.637964068080121
-2.532948403759673
-1.416237364240102
-2.912587312716743
-2.154696602980163
-1.685889498324179
-0.704011444845363
-0.752149072128664
-1.189322747789769
-2.130441170055746
-3.431599457662908
-3.528206274628723
-1.825445448705247
-0.347939351396951
0.022619753161915
1.578684980439942
-0.103577586229622
1.552257545903259
0.254127456204871
0.943372933445866
0.260759818115438
-0.008096796933570
0.739372243133268
0.238283041239979
-0.572881473473719
-1.271953872394133
2.054565122936967
-0.549979066808243
1.101902846295919
2.403563303664767
1.028832257626009
1.138488341673099
0.734834605984298
1.423176383523971
0.370832748973943
0.404373779299834
-0.258316002471522
-0.667695125851478
-0.726140942084236
-1.192800990440268
0.423609077629905
-0.858807100969195
-0.225937805759666
-0.138463633899916
0.211031866602402
0.900837376085528
0.842528013703777
-0.440441325720604
-1.208901806169970
-1.217527848659394
-3.148536634216805
-4.729514567349663
-3.624318606149785
-2.667080798670389
-0.203831685992975
0.353956153307957
1.955852548576562
-0.458272433786947
-0.950623034664534
1.212720728716744
0.608270712702527
2.072150682654196
3.236331397778640
0.618830149598270
1.030632462938980
2.777647717787799
2.593750512789303
0.259217461131030
-0.098078069698607
1.053519748087554
0.231544854037181
0.130750626488845
-1.096817268868960
-1.449615873796176
-0.200018582092821
-1.659441107792299
-0.884485823483296
0.259068348989043
-0.448480209380827
-0.359007800091201
-1.798248970348850
0.865344039756442
0.626993081215560
1.221226317627776
2.839989301709347
2.413535675174982
3.035528332124892
3.905907237021146
2.075554595974584
1.752095069091644
-0.227658699978726
1.463934114370386
2.778752049173109
2.399384254632849
2.638234262826723
0.632812881991300
-1.886092232252480
-3.164781097664054
-1.752681487785108
-1.847432917806752
-1.637957505496846
-3.331701248766021
-3.381046460408247
-1.886743419278345
-2.205399614317111
-2.520154914781108
-3.239471153915117
-1.658740242633452
-2.893965195469995
-2.615826212792499
-2.563374317400867
-2.620936489221122
-2.244523344311347
-0.822146275864773
-0.992569685229084
-0.403094210655183
1.669158992860628
2.958500358788075
-0.077848195103609
0.344458617244231
1.492582565570540
-1.043165145248397
-0.647248047983013
-0.483677044419616
-0.929189351418609
0.859265712520521
1.795170342527852
-0.439830499503383
0.814165828697726
1.363368453083608
1.786200669285265
1.098014565405535
-0.417291603372182
-0.227783920425486
-0.848426324102343
-0.746860631372173
0.301376242498836
-0.141286031160110
-2.238331298417562
-1.219208894767185
-0.879141483968579
-2.405461675255733
-1.615866122079180
0.175636970187569
0.576230005698594
0.060989732399577
0.319097083827324
-0.516456055126405
-0.811565575954415
-1.347545624998271
-0.458415027831402
-1.479024837949973
-1.539635131143121
-0.545833028434890
0.630642828597948
0.301305926714977
-0.009161561826683
-0.866546367205837
-0.263085300237685
0.495340745535075
0.905081579235815
2.467973352872372
1.886330773690311
0.133326263705217
0.569050255178071
1.750495923526763
2.556875227581804
-0.916391892861961
-1.559583776251267
-0.739744392109243
-0.313890006468551
-0.185994369285694
-0.968380779385866
-0.370941992958774
-0.228317403858251
0.596480233582231
0.889897386641020
0.134727582039691
0.103916983070180
-1.469291993154663
-1.542931100595138
1.618587961617604
0.358564052605269
2.737675412924044
1.009720325804396
0.945833418605123
2.508358169327464
1.712264003663629
2.698553688679885
0.293110598649559
-1.018223366201799
2.327423771091948
0.844152436309505
1.178686553513230
2.169583034972159
-0.453306519828085
-1.157660853899802
-3.177967969041974
-1.799255752588713
-0.809547866717554
-1.630484799127619
-1.738198385257168
-1.909064022919558
-1.410586831369387
-0.836636039977834
-1.698668309748268
-0.560095139461861
-1.632222032131335
-2.012138783200515
-1.005909071936126
-1.926025289270118
-1.820737727877514
-1.944338506727133
-2.142908820707066
-2.539901452533527
-1.922170712690842
-0.024521195724640
0.558681596237650
-0.084493619949721
0.748284652946932
2.017891526923918
-0.902310975987977
-1.016477463763569
-1.826512831109522
-1.705676915104258
-0.702890400057182
0.525578371622925
1.228686351287930
-0.005657669759322
0.291833498679210
-0.218485768754247
0.950002009170415
-0.615149429075480
-1.563769619876430
-0.738929566752954
0.030447881873115
0.058092606166137
-1.091030660848936
-1.013125730074481
0.506818950114385
0.498263419793822
-1.404903319494987
-1.280956486572907
-1.705118683699828
-0.668118526066552
-0.055307319042040
-1.604980171709147
-0.739123876617597
-0.512639245107738
-1.882325599284219
-2.224574749959377
-1.826778231823940
-2.375157411728295
-1.557279526035960
-1.193469785014641
-0.906008665818924
-1.877425413862551
-1.393833355837863
-1.333990971041740
-0.224772327012035
0.025547841638368
-0.537106674926241
-0.453030115626794
0.891676611619532
1.331820211223944
1.409809881621223
1.483892435258192
1.253013116823259
0.727264523940280
0.322559719510400
0.175917123104173
1.314982492892514
0.018130559460174
0.866661827064399
0.776810562292990
0.839055760430296
0.196053274880527
0.598364724274743
-0.434432423004256
1.890929828280315
1.643490266934194
1.138519295966056
1.524650974303757
2.193828730600242
1.216332575297422
1.946276212985361
2.786909777526436
1.360015342797387
1.611701702194513
-0.783722366637073
-0.959200049357997
-0.332056972554000
-1.974546530159848
-1.526867176481144
-0.206510322443639
-2.542304358183424
-1.011058832606949
-1.672291064844849
-0.257256075250250
-1.172046923097456
-1.407529498037142
-1.575139803838464
-3.261928699056862
-1.621216586698695
-2.705361668592080
-2.135600803162649
-2.413541090175533
-2.488803046276134
-2.311249176318140
-0.741130860196752
-1.381448438581982
-1.673130656477664
-3.570421963804822
-2.084043331610496
-0.889027911592940
-2.259643626898537
-0.269069006268129
0.121474391720421
-0.213472371496985
-1.250511166212762
0.426814172519006
-0.026814743264752
-1.240870123763371
-1.693501174145081
-1.212306000403991
-1.073622241116950
0.719432402600251
0.354136774901077
-0.431390695111565
1.902293516175030
1.397921804466368
0.613815604416040
0.768063740299852
0.199356298600883
0.207082335739687
1.534628590695002
0.820016490886198
-0.068429719727073
-0.843550476661334
-0.481416184002131
-1.614657001521195
-1.682359067041769
-2.769128042638020
-2.196177844186505
-2.699012960717493
-1.229706669403178
-1.752228151551431
-1.063236250095524
-0.702353026020940
-0.063062648705828
-1.023259662273263
-2.860365657569080
-2.013878250225501
-2.666864321932356
-1.986461135166377
-3.134956107449894
-2.795561176978437
-1.921217476351565
-1.696542273092685
-1.448806395444179
-0.817846926024156
0.051077160100833
-0.123896123461960
0.531151581642413
0.600986659638117
2.772348756502011
3.125243246188361
-0.123479074070987
0.945273660686639
-1.210067795124075
-2.166283729725512
3.018594487780776
3.245592485439394
3.594220862066639
2.468448677690861
-0.066244361908856
0.471168904054967
1.600913727985153
0.187156315197011
1.223119454207038
1.163387770777514
1.926247889298389
0.559940373289285
2.007013623995231
-0.237142107083833
2.460919176705502
1.126588678099900
0.377770151879019
-1.163328873187736
-0.465554889972209
-0.939315276385935
-1.439360786766021
-1.770232432793583
-0.191540174523717
-1.497859431273253
-1.571054129132872
-0.994076441441817
-2.351935432307596
-2.764850156259815
-1.973591392300671
-1.485357345184880
-0.934535198486585
-2.218048877075626
-1.735456687693937
-2.144919590504633
-0.644002179921815
-4.370854160071278
-3.474522971899544
-3.441837802141598
-2.638702230982295
-0.937963661416500
-1.833810158507772
-2.321454833356265
-1.855175929855096
-2.543298257616246
-2.386100499956565
-2.125093837656583
-1.042927636605601
-2.565085776150036
-2.679105021217343
-1.793372018846563
-1.955974184680542
-2.636214476463286
-1.018142726613694
-1.884066460567317
-0.263706865133417
-0.035945038833261
0.744720461159302
0.961032704406007
2.031105551603043
2.991276419163496
-0.082274146731339
-1.016544977267626
0.332547209875916
2.048523039030997
1.468026857648092
-0.236238530091815
-0.875862856663878
-1.268866381192510
-0.958006074718446
-1.363837771980816
-0.928963603906482
-0.910107939509154
-1.432606140908317
-2.166170603199771
-1.610619205637393
-2.588903183351823
-2.398587371112729
-0.764142999974660
-2.051998099418164
-1.581516909233541
-2.119811374021681
-2.201038879871696
-1.951972972907728
-2.070173108926018
-0.528259143402889
-1.952311528581339
-1.627210280009291
-2.043781213716542
-1.009482539140861
1.404932559776465
1.679341039070131
0.038187579355177
0.407960416286078
0.858711171490074
2.877044829293653
1.370105351180430
0.287267075930029
-0.779693557874977
-0.259996830521871
0.476450009176822
2.218114954772592
2.274834205729461
2.093359849253138
1.997015763003850
2.569067651902287
0.868901955672239
-0.445568661487736
0.544343415896788
-1.121768298371321
-0.715052584922098
-1.561799645052860
-1.824937276533849
0.654295322838768
2.052050986628982
3.255386808533986
3.308690797087893
0.703786195286628
0.233163746505263
-1.781383503825180
-2.903325200872044
-1.445571062336070
-1.330419720307294
0.680944155537685
-0.217693848833915
-1.554289337045138
-2.051263825279762
-2.610066049695581
-3.847737138697163
-2.840257982864584
-1.138056120267541
-1.152967120701150
-2.452137787453453
-0.826861390825957
-0.348513453392283
-1.544229992530865
-1.475146696610244
-2.034615900509113
-1.378416282505856
-2.160847175856620
-0.687548314777718
-1.116692056967875
-3.067027458998203
-2.705154274721388
-2.227360814234240
-3.244735347888732
-0.954557194314509
-0.381168123821084
-1.222622208442598
-1.985161730066701
-1.831894476149180
-2.196924970339520
0.304359251560783
-1.693363060263840
-1.550468737479165
-1.573992262055921
-0.341202154080850
0.456952579556412
0.257401396046273
-0.120055353628856
2.143780037578574
0.777616202075035
0.098632941362313
1.725450948657670
0.691940220928032
0.819094687215596
0.935110221561793
0.774757363518066
-1.267712803186778
0.045521885440261
-1.293097152822512
-0.697202161889395
-1.680437243947179
-1.516023977678826
-2.043747239143919
-3.377305309335902
-3.386851959852504
-4.227845815132516
-1.754021104332297
-0.681069865550795
0.690076455144585
-0.884313756264352
-1.518263728316796
0.104674670216779
-0.757228542566041
-0.445965083607579
-1.112975981728465
-0.761049280161819
-1.384218778348133
-0.693404689675766
0.612589828237006
0.759688939090171
1.183385966296145
1.139105738777817
0.383922052534777
0.305665899196691
1.403902644884345
1.741083874650351
-0.131231380496200
-0.352025196273523
1.917756945912311
2.183810823074563
1.932685736368951
2.336094900218533
1.733426289993721
0.500196745746233
-0.642153485029185
0.503450559372192
0.970138842855582
-2.320178937677574
-1.711600318060466
-2.825874958613655
-2.998451464547621
-1.618815595808028
1.202237001926875
1.487071361527549
4.667653725018124
0.873774994904839
-0.004206445548522
-0.070205570598307
-0.695149841635713
-0.983825601505499
-1.344883126031855
-1.297479245560370
-0.910703261764221
-0.491149831292056
-2.367144380598643
-2.921491458276788
-4.357299492842560
-2.682275348047790
-1.344568637623284
-2.994588429667598
-1.552367851867136
0.069708366906218
-1.483045814328783
-1.367538698939856
-0.852162011988518
0.450153330037589
-0.683286950251866
-2.411269127522433
-1.564473295573091
0.216087134663669
-0.325666376454868
0.033172032156576
-0.710568558146464
-1.638244472925171
0.203547760786214
0.579652845795475
0.698148309079326
-1.125374740585421
-2.956152435218681
1.407475045140503
1.211476655942761
-3.392502854248931
-1.519119315139579
-2.084032623709740
-1.959652888205858
1.319129600378413
2.495246474042546
2.344749179513837
2.915551752544266
1.688010516002063
0.761040661765552
3.380972560723379
2.465764880395223
2.895515619979641
3.633124874138748
1.155659764417380
-0.421452025908558
-0.424891934728370
-0.944443807833037
-2.237962861065921
-3.293326984377767
-3.996013921221586
-3.861465035119134
-3.699466548196517
-2.510883950471732
-3.495766895261271
-1.223930209054000
-1.010594923597708
0.824235086281892
-1.759627320294033
0.378225340101914
0.652307679434000
-3.374205178684309
-2.009100111576387
-1.224311140510979
-1.104905250172538
0.284342528274822
1.055347191887368
-1.907272122636235
-0.424871874783406
1.536936168276067
1.268296277491803
0.664566665732360
0.412707618028231
1.899931344913826
1.314258888702665
-0.085378170645711
0.016001741123499
1.850274074832676
0.992663520672509
1.854231164054100
1.440312435116034
0.470139025556543
2.781910021587150
1.147278275067671
1.847730045130467
1.791028644283126
-1.926913079670824
-1.055592363508493
-2.086239499627640
-4.088631518344040
-3.144767232477897
-0.962730921273933
1.284315921245509
2.218055854172006
0.782858702601630
-0.604472498032487
-0.710917318598524
0.171921218267413
0.194723763353441
-0.045514125291509
-1.118668800696187
0.557169372413769
-1.282748866736182
-1.303730308859255
-2.052748852444812
-3.456178814246333
-2.415044191833821
-2.403786739902400
-1.993215967409295
-2.868997380127443
-0.612705874242366
0.042221077449509
-0.836303751068972
-0.311271574741916
-1.233290501189511
-2.566217616460781
-2.753201429957321
-1.826571498855958
0.734553615766602
-1.283625742860088
-0.307636207375489
-0.452584539738206
-0.123065018881470
-0.862292947860756
0.030547262686214
-0.752961822183891
-0.958872685851433
-2.806601664015985
-1.917855992994656
-3.158796330144364
-2.855218195025410
-3.439423831902681
-2.408421700163907
-0.602724314660751
3.929532076421512
4.528005375324005
4.501738509894130
3.112858762269214
0.711468252765706
1.221912988492864
1.422578617497528
0.985009694069094
0.899774977990418
1.830668628825316
3.220644118496179
0.327843544373672
-0.334439280618078
-1.165496431119246
-0.221869231811323
-0.918286249206268
-3.884917779539129
-2.584181422586360
-1.607794140506131
-1.962096083514393
-2.229844516657052
-1.272018065724223
-0.351250471098534
-0.472138394517622
-1.147398179251276
0.172910679484457
-0.878952137930480
-1.702257753965809
-1.723607978020395
-1.912447869219487
-0.212005943529297
-1.663418603304771
-0.971178445719703
0.687143577433934
0.722108339966516
-0.406194858194381
-0.975103476542763
1.673449063158966
0.425860774714606
0.334426847371065
1.110442188442468
1.135167637742355
0.343020851732010
0.228373998280904
0.039629191834531
-1.202729602913338
0.270688208056037
1.969406117749664
2.705353433474546
2.234474202189963
1.714774937468722
-0.146023235184835
-1.305412966783317
-1.214757420506651
-2.054402867422805
-2.552271227907568
-2.817018568710686
-0.859811360837918
1.675815570847021
1.501606999995852
-0.684571264013095
-0.651819611801351
-1.462994667726639
1.366157161969761
1.474911779950326
-1.295083749993218
0.338829935411108
-0.440899657955891
-3.353062741051903
-2.152517224957461
-1.841053606369994
-3.441629608086693
-3.428948924621831
-2.500550724220581
-2.440123382524333
-3.758806844666029
-2.775826552828711
-3.516625300137676
-1.824324468177851
-1.493842875439428
-2.546084544188009
-1.967908429291160
-1.061652188218527
-1.500513040553616
0.242672109854754
-0.687493438752550
-1.108684849043390
-0.914704349914062
-0.783576629171896
0.695326945531750
-0.273614051796045
0.512868370818030
-0.202647268413732
-0.153591147004384
-0.620931646307030
-2.574671959198353
-2.066583731967014
-1.795512081768579
0.113612678592281
2.548780143846573
2.626010030260878
1.226954189371855
3.442434297264307
2.595426659238544
1.006188309067763
1.952768415696845
4.042915057903996
2.224559449514031
0.592037672450654
2.812363783567302
1.514835230365711
2.022721654037360
-0.106621804452018
-0.355976584658749
-1.215709381242526
-1.852155266444612
0.240098634729560
-1.810358699937011
-0.953007737859233
-2.341809727862859
-4.038729033688732
-0.178966631741410
-0.934896231542463
-0.532332848015804
0.210131847120668
1.164914786061473
-0.622498011737025
-1.637947105955290
-0.251960288215607
0.461721235379174
-0.397593945261603
-0.698795459759587
-0.583596615720361
0.230650938246966
-1.308944085287727
-1.458232191935893
-0.730063163427670
0.995231514949933
-0.985754962412282
-0.690555266902112
0.507635894384708
0.493675098884718
-0.658898956300255
0.695361016898700
2.599810437738344
0.412298914204949
2.535893550812228
1.681153247034564
1.731204996724298
2.905890395128760
2.480477987519516
0.682736453877064
-0.188156212358878
0.363291435012935
-4.064670950051223
-4.497706578392444
-3.460639839826387
-2.108877063941450
0.663043906067736
2.289693470290850
0.767426126085470
-0.118698297546704
0.464283232375807
0.251702132474928
-1.330320612769240
-1.225280749520290
-0.404437722482457
0.405654201548534
-1.996462725251973
-2.140176032581923
-2.552496249413664
-4.499963463384644
-3.972030298398528
-4.222649024422435
-3.493574671868221
-3.355384700342313
-3.271414032356275
-2.166208997201052
-1.823806312307374
-1.536370692084828
-1.158763449908998
-1.162304115520619
0.198850741954387
0.019544504909839
0.050071488090630
-0.072326274012954
0.041167587812381
-1.423262490021278
-0.947777936267782
-0.031435914238777
-0.263087010432501
1.062193827203708
1.394791125291686
0.095722759289808
-1.441539828324044
-0.742420375456959
-1.045111310156204
-0.031380440950770
1.896151833894188
1.826129537071080
2.629265841227172
0.223511886797732
1.314778322646647
0.046717529671812
0.708671646131704
1.070566682871125
1.284074463667610
2.284129165255703
1.195874295725863
1.897091795795033
1.605500963076529
1.456814904058331
-1.602347777254183
-1.485934387050041
-2.516395422839329
-0.639030387894374
0.899361592827808
-0.157474939344251
-3.171795004451210
-2.389067975321989
-2.173048566799423
-0.457467158073593
-0.840967891125263
0.379460122835466
0.104061472730206
-1.387320253088704
-1.567193662640685
-0.298674791976605
-1.192251364441997
-2.177826779827699
-2.274635466849833
-1.815204999030466
-2.171674416402583
-1.284414201626767
-1.093928125779436
-1.403899834545806
1.339632929020957
0.721263592196123
-0.787047319899753
0.996281166048048
1.721678379789113
0.790250456903122
0.906881608067347
-0.309501537837264
2.258960571080687
2.197203398322432
2.935471546914738
1.052739578264645
0.020320589239876
1.882076008476371
1.635804338988190
-0.863331392449194
0.136245679430658
-1.253593376298904
-1.275718844640471
-2.433064716898355
-3.033396759369996
-0.491824126994079
0.676262846795519
2.578708704897410
1.505811694373069
1.414688998566909
1.511273482482112
-0.146319890319767
-1.892216798313199
-0.481020496034446
-0.427359109174718
-0.623562340380748
-2.549812172556603
-1.765448792048425
-3.922948277704803
-3.813015031883796
-5.435532524319231
-4.630892360086786
-4.222895639326428
-3.535164025059613
-3.666793114788996
-3.302706161599014
-1.681728002671459
-1.224835842815718
-2.416194253628707
-0.590153624648775
-0.072284746552519
-0.352917916591702
0.048350480158713
0.908135419617365
-0.354290721148003
-1.717649437271763
-2.205797477319785
-2.767065831817007
-0.036896575534103
0.819431919394899
0.615704777053936
0.987793094150395
-0.704930879578192
-2.827596230994720
-1.848632638992456
-1.905673970514997
-0.561034796783831
1.435738498747035
2.121524109636240
0.693975515407007
-0.377473183563702
0.143300853476641
-0.909804241756953
2.292478427629937
2.448909223701768
0.577226491396413
0.822503809703137
0.020180223596365
-0.193185968314234
-1.329942745391494
-3.103243598158145
-2.195546704047039
-1.868798399884312
0.456446661138698
0.813180294594568
-0.330866277553410
-0.354379057540083
-1.521539030329716
-0.939270309064104
0.786105916123213
-1.202215808112145
-0.254877031615500
-1.646357228565602
-3.129935525594209
-2.048570454234724
-1.405056736277337
-2.114027309364218
-2.307545385579341
-2.701881206160735
-1.335650351240287
-2.784757015112963
-2.527277185188353
-1.079596970768176
0.283338420862752
0.150605698061282
-0.390594770767612
0.069562935369695
0.335548260873673
-0.496183560410960
0.890602627582714
-0.076724571195888
-0.278821747397629
2.124850297236204
-0.268700922412345
1.218424189654414
-0.111627807514762
0.042930515729810
0.368817411859117
1.405085359292937
-0.850374965916465
-2.682102033348355
-3.633506619492448
-2.229179092379022
-1.038462209105283
-2.162819458679919
0.415689802635790
1.127866097692994
0.387217845754091
-1.183462793102667
0.216059240872076
0.866016832031374
-0.349043754974159
-3.541588673412650
-2.094760073719130
-0.873876094155332
-1.148774347056068
-2.640951876657343
-2.289173788393296
-2.080673290684618
-1.042911429025291
-1.955536558623964
-3.030363256895976
-5.876917043635593
-3.464721854641598
-4.341849613406467
-1.331940832572015
-0.685787838583511
0.411706667019696
-2.470382677290308
-0.525392954565276
0.087884441604014
-1.333105463986419
-0.736348153684349
-1.253534707359486
-1.867980194788027
-1.452566756005075
-0.793285513903617
-2.148919751046338
-2.484212989382653
-0.202605168347851
-1.058984581289795
1.016040491696133
-0.547947215467670
-1.129380898916534
-1.933485644741390
0.497371882983698
0.279161473218873
1.113754109506728
0.551379292856697
-0.922602024272387
0.205758865266160
0.814638548064036
1.755874551499851
1.698375587300486
2.147066997862762
2.147330173288899
2.705374853510365
-0.410901680798048
-1.462327206796698
-2.478434611147430
-2.118197297540607
-1.158841001508696
-0.850134882221661
-1.357162768291979
-1.150529229563616
-1.059647609340483
-0.028921973164142
-1.160693685021541
-0.701922047993251
-2.621682128976778
-1.407260326861738
-2.066503842985176
-1.557795826719049
-2.326634863340102
-0.979124588943813
-0.678831332497852
-0.890170629140694
-1.953275270716328
-3.358161372244886
-1.111734327038739
-1.452420933050657
-0.757372742749852
-1.782739703753127
-0.142463665929423
-1.129826769992726
-0.312309091315677
-0.401607383961084
-1.653745769387176
-1.106998013327478
0.432534647633660
-0.216406919663881
0.974686330614725
0.765714497863376
-0.836785201237064
-0.689659538417041
1.675844448041626
0.171343983182568
-0.459789900345036
1.896867943730210
0.283755924042312
-1.947901335653044
-3.178687400434275
-1.003898951009166
0.129132366318869
-1.282228153359144
0.626660982184292
0.135978665905420
0.899000620322479
1.059021052899493
-0.175193998444400
-1.731894723043665
0.160149242139113
-3.633308764621137
-2.482007023833769
-1.478011694926706
-0.515058321943414
-2.288662514509949
-3.039790280958387
0.894445521846898
0.029578393117537
-0.629105822684729
-1.314125793575439
-2.685756390102442
-2.885004897752349
0.612246167138035
0.039795730950664
0.800670089626115
0.998855504472037
-1.910363597482280
-0.764610118399880
-0.876843827167946
-2.360987289954512
-0.927161205102736
-0.948759964736297
-1.126574638698677
-1.159742120640441
-0.537147099002959
0.328591999040259
1.424224628430610
0.265474410105147
0.298437326164603
0.368067658822209
0.609093291448808
-1.258304881222539
-1.422833666860286
1.797154364768866
0.311277050051680
1.031491942428527
0.789996404779054
-0.373544867613599
0.207173176534254
3.070474461422753
3.641366761490915
2.993579569322832
2.707603126178238
3.091580845718966
1.568303640914843
-0.065714634481306
-1.444570746168568
-1.540997721235731
-0.189270371641094
-0.833863623488327
-1.236395304247747
-1.810310591836898
-2.577634602303459
-4.146045667219912
-1.189189313226924
-2.329815629578197
-1.303162706369170
-1.848520059066919
-2.243710438526628
-1.768576461174952
-0.870108950598385
-1.471403023086874
-0.241775240464718
-0.095087569260985
-1.584673656426726
-0.771989731189618
-2.939609599665892
-2.982539029573075
-0.959763455139700
-0.752536409266470
-0.090306257356503
-0.290197931713078
-2.610111971989823
-1.880895447365357
-2.721417797473430
-2.251519343249235
-0.160619217203045
-1.384404908026126
-0.874436063428351
0.917907252412255
-0.663187085433757
-0.220877065290357
-1.664192234833222
-0.179719928184197
0.413762387768783
-0.221065879444918
0.948251692078026
1.116823073698747
-1.440094859116055
-2.712148919094751
-0.100115083620503
-1.058926443348090
-1.214393978128080
-0.946031298370100
0.553683601354104
0.424890855555107
1.637092547323810
-1.043159973504729
-0.827448867868576
-0.730671077708350
-1.425548743541384
-2.329594041700775
-2.696994045471436
-3.871106722351584
-2.217983277016493
-3.508031087999965
-1.676772755057643
0.438910304188428
-0.518055495515125
-1.715531159676543
-1.924404648773350
-1.876310689088011
-0.826812403404266
0.789747779829598
0.864064443487709
0.179586363908400
0.237458522934323
-1.081540660603230
-1.557463942133809
-1.176930520000860
-0.598902926053504
-0.771568401919243
-1.121097653144176
-0.080026344274907
0.398215492256950
1.526693283649847
1.552132058010610
0.347893126926366
0.400201796345152
-0.501487470091402
-1.304144645587649
-2.299733833713607
-1.784677449139289
-0.775391680052386
0.727859973359358
-0.315287045902736
-0.159809647263984
-0.586371919257893
0.050542703839170
2.418133972459113
2.410574648421801
3.022026545278262
2.362516474643707
2.462925529398911
0.621898481131948
1.328553949678394
-0.586557344154209
-1.159643754566698
0.903572935231944
0.493949899569099
0.845516320391370
-0.643571565702211
-0.755249895233757
-1.478495569032770
-1.243219391013662
-1.527823235533099
-1.658427697422856
-0.347787247440685
-1.482462378305918
-0.704677441253123
-0.103377805657899
-1.507903949122269
0.028484874662402
-1.229230967013561
-3.067705369515014
-1.135281036587937
-1.233704323044540
-1.574345425557755
-2.708400473756872
-1.139776020598806
-0.284601191194357
-1.788506712999474
-3.556769026347845
-3.364351719992457
-2.506221008642529
-1.323004444046566
-0.813414974670874
-1.765437209630368
-0.548777116158235
0.278556081186497
-0.449452241750260
-1.869344919115644
-3.336677271322861
-2.059553889206330
-0.160099183587138
1.792239091177132
0.850446903327554
-1.027215569371321
-0.317493726262391
-0.699476097701135
1.322995036294437
0.589367589422807
-1.254720531658686
-0.866725041130747
1.648953551977459
1.856348871719438
1.190642158436292
0.691429548987722
-1.210397706049694
-1.074118791906597
0.372155336549724
-0.077430322854600
-1.005798929061639
-1.762678434341526
-1.059934398348134
-0.769174581657942
-0.526499040086470
-0.319484247342611
-0.897966554673895
1.662379640753239
1.931405601092258
-1.438167802624502
0.153974541248160
1.584279991109598
0.961068235728593
0.535846660622302
-0.143819891465707
-0.346083546485091
-0.550104809133898
-1.921619938768401
-0.655477905490367
-0.070422810955316
0.793771997709015
0.235776557429173
1.443098071082346
0.436282738910462
0.021262534123856
-2.219470253381368
-0.908284188966940
0.701477024234924
-2.862410085365472
-2.295117540285280
-1.531280882886954
-0.053217906839108
0.181262447086292
-0.667061100422663
0.211343470629900
0.676782444047620
1.306773768834496
1.716191329889300
1.002741212053203
2.735842319448357
3.361977112343856
1.883901495184255
1.105964485653276
0.489952561320354
-0.993875714847111
-0.861163164230627
0.587996571246378
0.496083329544150
0.650902960512444
1.851676404784682
0.381721133322346
-0.164593307328189
-0.966169281253783
-0.526219181807231
-1.779236496065981
-1.187184206627031
-0.943652389647106
-0.771054467117415
-1.297114224677751
-0.525218262433672
0.023341004603702
0.871801978831098
-2.070480001454974
-3.357594621320483
-2.210691935000861
-0.802273455669435
-2.428082045914167
-2.391513422198911
-2.086959604339935
-2.394243662661538
-2.769712520891898
-1.591619848759422
-2.744829962095408
-1.262814310985535
-0.927158814516440
-0.125798870399058
-1.641575318688771
-1.302424819289672
-1.540943390134393
-1.683516600489775
-1.266504534664799
-2.268989574758677
1.156005700354532
2.047433525691649
1.608729758076173
-0.381206635975162
0.625547648874078
1.487842706289816
0.547650538184142
1.355616639551297
0.884023518524477
0.136610058473756
2.374677506145691
4.258535317162913
2.731673571784045
1.860836352941993
0.279504676590513
-1.979777174784053
-1.075413778035772
0.227991130697613
0.015025372822237
-0.792297317179530
-0.702802434494782
-1.444555949204061
-1.178715905324825
-0.210331740519249
2.259604823009793
2.090534542635276
0.814304120431880
-0.700114829759865
-0.348504528379110
1.113063999719927
1.438263084669090
1.445001931338364
-0.067159253862965
-1.296124775627428
-0.415747679341516
-0.557046335734281
1.308320385252168
0.972832552702578
1.474489952851583
-0.544394130709539
0.756190739545007
-0.353653098226511
-1.798309118817263
-3.738792515055341
-1.919931548635728
-1.720314614901853
-1.724115620915383
-2.150877823105887
-0.686316040576733
0.889802617134396
1.232674619285358
-1.498938455020131
-1.774754181114725
0.702168071311740
0.765666786204686
0.695954491204439
0.201728640999583
-0.614554011533298
1.939224968200880
0.583246960365253
1.438544789493317
1.087642427844619
0.032174336548745
-1.038330053222541
-2.893622744019065
-1.574476945439070
-0.039762366577862
0.587118691671906
-1.030663639027074
-1.990175292079667
-1.804009980748808
-0.805725224890999
-0.912866060058126
-1.779395832351522
-0.060009132570187
1.203654177038355
1.860485063315091
-0.241270870897948
0.687852559248373
-1.695250702398417
-3.250871994856520
-1.585306385946861
-2.471843225755546
-3.181122318269917
-3.331139704171392
-3.750352517591400
-1.060139679259109
-2.553723115648979
-2.792495059475404
-0.756201640683460
-1.680496660165939
-1.094013494772571
-1.925319682422432
-2.853025993312745
-3.743198618942293
-3.841477576747101
-2.011328144733232
-3.100941685272690
-3.078375933955350
-1.993280364847130
-3.252237266293381
0.418010220825713
2.863665364842525
1.790901488951669
1.216277165234084
0.696000328745242
1.229320116037780
2.266216429961395
2.309397866250276
3.520123272566262
1.467082335595202
2.683101492847799
2.415477406923846
2.241146159082661
2.851699177577748
0.269363084026685
0.595157822314543
0.321651171750587
-0.205131463264239
-0.398429219567634
-0.811958534973552
-0.548125478369779
-2.097528082506900
-1.400448294053924
1.642653345780460
2.594214756335349
1.588796227185721
-0.621053760557980
1.503756809035666
1.652460861502373
-0.965733450205136
-0.761982598526884
0.554805399912379
-0.259534200528334
0.123292625562656
-0.653099766674793
0.437907265812415
0.146392941728424
1.679212002394907
1.847464114072721
0.710710152121362
0.211098494239944
-0.125495216314075
-1.574308279417182
-0.625505610085162
-0.892901435758900
0.484900682097670
0.733523336707430
1.674041428622822
2.307668395507963
1.056245466513254
-0.088611631275989
-1.135017851796687
-0.706683926095447
-0.793849619478441
1.781853515870272
0.695677948290023
-0.684191076924110
1.609874406955896
2.584580101382663
0.907669323231442
-0.317551383670556
0.118553566420573
0.642686916038505
-0.846537353961703
-0.449834366054041
0.823286832527872
0.879997429256112
1.516690933565074
1.299452504342870
0.877910412896471
-1.740446113795539
0.067901937763074
-0.743890597792194
0.971338411599847
-0.384969300558837
1.967264040089571
-0.206648435605774
-1.828941893582826
-1.330186950751604
-2.586850804475403
-1.331753127682692
-1.032726112430578
-0.497334158248936
-4.684656395992738
-5.515341968358554
-3.440535524670716
-1.162281223919101
-2.560717758203127
-0.667723406325798
-0.185643493454278
-1.374752343689046
-3.211033049885187
-4.156509808666799
-3.854530272972410
-3.973375158940826
-1.343613231246874
-2.444827507207741
-3.922362271421398
-3.722190490226547
-0.974052178885222
-0.328773645088184
1.641736034111907
1.957740970036271
0.750192640895412
1.616032807544032
1.745638724123835
0.091827404974401
1.912990034212640
-0.639548299795484
1.006222022979343
3.873964747328472
4.458632614384123
3.732421615798062
0.717862698824563
-0.420766980675920
2.020461981314706
-0.226747485498749
0.179779433095172
0.265785032313768
-1.006770401907063
-1.469651652936774
-1.847159656803903
1.218996098672998
1.482508628403405
0.382489709258769
1.117699569276607
1.710820230487279
1.781000963395933
1.369164775310174
0.269456558702596
0.463612315438983
3.374228224607565
2.203245889725951
0.223942165201975
-1.545418918003446
-1.016863723308644
0.310576182151935
0.617648391766645
2.022136617584716
0.973707432835093
-0.221702102750720
-1.236988892946137
-0.883321404948188
-0.038425786120425
-1.035848821451233
0.391577647330907
0.519432496668733
0.850658399727425
-0.138546126959890
0.832193486043071
0.003554117307186
-0.715660173330586
-1.376639742814593
-2.241247430085060
0.839248198271765
1.077487237194430
3.259347154629691
2.936794238279582
3.029679576142565
0.074805833266237
-1.153098636238872
0.001788170802128
2.244498881943112
-0.294579479269369
1.608381608324598
1.745984498652838
0.031436896778185
-1.071828137219798
0.035183597715004
1.522936058569118
0.125756202043888
-1.760004071279324
-1.188054350978360
2.039195551211785
1.551647919898383
1.908040438573830
2.097134957778386
-0.347475493823531
-1.885536843181495
-1.504101869847775
-0.014679663395487
-0.772627834247243
-3.159752499243372
-4.643913121448253
-6.707939921574348
-3.768708146883787
-1.652354614631084
-3.438081389579273
-2.054080514607821
-0.546978372830422
-2.443763020222692
-1.997378147687045
-3.888839679000899
-3.041219528412918
-3.457943589918560
-3.858809219905785
-2.152161592317408
-1.207353872185716
-2.408404745532341
-1.963008318506212
-0.842438971113268
-1.233114463839206
-0.229236562345952
-0.625400949307422
-1.913953946024514
0.501215390656784
-1.815369608430707
-0.165731652343408
1.412467420145622
0.630006921603539
2.978362813083197
2.145042322090212
2.562905760634474
1.559099586365225
0.405624349622928
2.502936240217530
0.175436622294497
0.345495418617342
0.640125442303299
1.054926001191548
-0.570134990572199
-2.147227860282099
-0.680743060146257
0.741757091708594
0.097121036694177
-0.034439514872098
1.325136471761598
1.634586964783011
1.608419470703559
1.424054846635774
1.743623658588402
1.709156401479471
3.634641191021040
2.099107846968842
-1.039554485265713
-1.415152145889112
-0.366260549634633
0.012006573767117
2.923936235446146
1.623257089261344
0.458776471712751
-3.095288818513931
-1.925227740496605
-1.349937257661581
-0.854864876401818
0.430567583233111
-1.031039271512356
1.943715107838955
-1.213605066062340
0.360031960620847
-0.577208831736366
-0.886054212544699
-0.061298566049292
-1.276977013178218
-0.692178895793951
0.075798718318397
2.237059721162945
3.726570035946233
2.707832875770940
1.797314294358575
0.376941660955622
0.635203610849380
0.342823340856493
0.978115390735835
0.969960110176330
1.022839792170344
1.820414105478174
-0.483564285901481
1.828632288267807
0.238851368972822
-0.167754120753026
0.927219981912822
1.107375596137640
1.792523905273995
2.938291931839373
3.761480512948598
3.324315949254511
-0.362295248184794
-1.519303608830773
-0.817770897072859
0.001926346046411
-1.213555233610705
-4.519907013535104
-5.567355272679796
-6.730635483695051
-3.755094918289801
-3.596054784032855
-3.332605345440026
-3.347535615991927
-2.988273869526752
-2.306802919577569
-2.545492268688409
-2.545100026968036
-2.667841043573664
-2.853644605648247
-2.051380737287743
-0.843758929482121
-1.640248685418899
-3.268563846708732
-3.576070476983869
-3.102452364530370
-2.709011876527881
0.426649725279573
-0.099292961657824
-2.048227323659709
0.224206725327026
-1.560558739692983
-1.810114853142222
-0.653465778146453
0.406575781337646
-0.542427229147914
1.012152001845361
0.455998094792426
0.453271801368842
-0.713150297815576
0.775856689773657
1.352044989247140
2.015472192018886
1.421588302676089
0.627872275680103
1.093810856481285
-0.953892549338587
-0.300491820702783
-0.461288425181856
0.165010937196941
-0.153410861935954
0.220956926911161
0.246868064967175
0.844079166844437
0.208287697233937
2.883624416977796
3.047793950150171
1.685139897320377
0.836024084205612
-0.552344749368424
-1.839793645610470
-1.432842704008108
-0.201442779047653
0.143058003029168
-0.315471404350882
0.154794286902183
-1.031767368958303
-1.170641091231963
0.314653461990201
-0.800917149394087
2.138564813093755
1.004892500662991
-1.018790979701991
-1.334539430888900
-0.539944955845747
-0.511031002246519
-0.952503768369151
1.630281811727090
0.679732632742284
1.715226062200670
-0.374350374327250
0.767152462094255
1.428671101663339
1.829633509372488
1.245860057783136
1.035044518316725
2.435333743492899
1.197599862538725
1.921490339831118
1.440700963298249
-0.135551420590207
0.198087681149558
1.440508432874240
1.885893532453884
0.161583545579103
-0.445603954726838
0.139972467216733
1.068823095002332
-0.704082542309481
1.215135334734022
1.669988823455663
1.879443224613900
1.407823327526562
0.204863994636809
-2.415883122429506
-1.423887148405426
-1.824074529359649
-2.878434124277065
-3.993818418583270
-5.583379802446798
-5.345609537251313
-3.671605556705480
-2.789345182316723
-2.045070552991024
-3.905240707073345
-4.492986073191342
-3.516834607164911
-2.607229794056249
-2.685529753354225
-2.724349105739769
-1.664016848991084
-2.110473338861537
-0.788479198640140
-1.313520863402933
-2.768658836149993
-2.027016458124239
-1.448557044195605
0.737457988479743
1.298941593433893
0.808905897966740
0.156033210360347
-0.711294134085445
-0.337146583041176
0.093693249265184
-1.534917232452980
-1.323479824670931
0.141078960020444
-0.128881259407359
-0.563197772931790
-1.035545142518503
0.584933477478438
2.355495777658781
1.393190794153385
1.235550956885211
3.267843595433583
1.890263530205006
-0.210905604820963
0.306787354423485
-0.174628813420522
-0.624143547737225
1.016778459308339
0.772068276741029
0.011702352865624
-0.202489164579461
0.292065893791532
3.554616544395694
1.271245940788533
1.712739116139822
-0.166715184587098
-0.904650865950132
-1.007405796832586
-1.489868758195924
-3.081501225779453
-1.922755416203953
-1.859396463275733
-0.191510885727545
-1.687763266221985
0.081656128194420
0.459539017275186
-0.215161705454721
0.853249909840899
-0.682045008317427
-0.016376098553834
-1.309635132146490
-2.486058458620788
-0.510996624211126
0.758896540548566
2.150642073970149
0.873049623558910
0.641015892193171
-0.078176029814056
-0.167845311828434
-0.022532360343587
1.373081973484743
-0.967083964093039
2.195894030686188
3.595072872081282
1.534556563175171
3.088686780142992
1.058415354926680
0.294713392912326
0.280315572283551
1.622290848937208
0.083056186062989
1.138803645449742
-0.825607107901208
0.417339838440546
0.973677285918710
-1.034874264225896
-0.976324543488343
-1.290202773392811
0.498115683092471
0.237815745418853
-1.109249499430701
-0.666816233896073
-1.666193634561184
-2.656571429231518
-1.532232172565084
-1.542242540471787
-2.084129239003941
-4.820022380305072
-4.735943404403325
-6.331114382697882
-4.674381439104921
-4.053631816683372
-6.070511032126456
-3.357643469042415
-2.267322782719428
-2.706343402724232
-2.796000957028729
-2.913131962543834
-4.372592334896050
-0.353581771261767
-1.364218503714460
-2.371371933058164
-1.589364567457372
-1.183158394955579
0.002179431737437
0.792487999273287
0.142693951267649
-0.152199024046705
-0.577878554601157
-2.357940816408232
-1.906013923089678
-2.852800364293416
-1.418644184010147
0.589724089048470
-0.105812541194693
-1.118999947308048
-1.076825497770914
2.021870813610253
2.087803289840742
0.115558632106188
0.744090720779935
0.548540217531002
0.231967002393138
-1.374861022389993
-0.433434798407554
-0.210093017006556
0.163627621623245
-0.453417151535126
-0.243575091762887
1.907835146110796
1.077553800473928
-0.538229376283033
1.130456315210191
1.051694628955344
1.140910016404013
-1.495312795060796
0.100513593431266
-1.178427751938168
-1.339256491845231
-3.000682203757720
-1.419897718311901
-0.443953265015351
-0.001354638752106
-0.535338763440638
-0.420637744418993
-0.702863336607801
-1.739454610857499
-0.393145173824732
-0.260578479528982
0.058436943428961
-0.713697179756971
-0.641539827039465
1.604666690265309
2.698893942500991
1.295309974427489
1.080407184254376
-0.049328502645656
-0.763747355933003
0.193901659505667
1.040770683218655
0.659133868276067
-1.005059061417070
0.685128400504211
2.204800940120278
1.867613178571212
1.485468251733563
1.351872033563948
-0.725314607409002
1.156389745933633
1.273980408498621
-0.553079851378887
0.510821674298356
-0.202994539162200
-2.242663809875406
-0.223692684767073
-0.242655241514851
-1.354645008267738
-3.259959619194585
-0.851751859970407
-0.869315015559982
-1.871177837003773
-2.171033990330689
-2.233434646705069
-0.921327064304198
-1.865635138574658
-3.799592913578876
-4.149668732136994
-3.840678164978841
-4.101870922299400
-5.682903941693834
-4.064518453596200
-4.016098313451457
-4.699971386671979
-2.343554507231143
-2.563202267028801
-1.684632917338329
-3.560296616915579
-3.466400889460935
-3.772812016011473
-3.525059988409358
-2.451853092640067
-2.258588095742990
-1.400344095793846
0.482084555805088
-0.520663903579737
1.780193015314689
-1.240855088046261
-1.362280858096012
-3.162477521988377
-3.010859202052669
-1.605524090836595
-2.499125348376894
-1.369145818293235
-1.040109749275729
-2.337527317581639
-2.205665619101327
-0.610288067276820
0.096707181511732
-0.810074709341933
0.483207109250144
1.921122212689065
-1.024177000958011
-0.330348935709301
-0.705135738595493
-1.215372034237257
-0.215830491410214
0.024991330472754
-0.457004966456201
0.111276191173443
0.041744842604274
1.224932070669002
0.536011394373027
-1.216638889159676
0.138133448750245
-0.729703794239214
-0.662987390588146
-1.450184577848460
-2.531063332788879
-2.969150822199125
-3.242248839943939
-1.280895430876189
2.096719784031958
0.551073774645800
-1.261844979279796
-1.697999965357320
0.557465750593611
1.076697999054680
-0.087924131732377
-1.090721313193783
0.344403900020116
-0.814984368106606
2.142924855381214
1.905320148172287
1.686014545302685
1.256124563213144
0.312080635069102
2.176342780863395
3.840911549602745
1.075587318822893
2.252179708503840
1.831651991921609
1.331334928388491
-0.074687278665929
0.996453837341186
1.055207674834914
1.076815116027644
1.386679032470287
0.521970532431927
1.174208752633941
0.882876513985682
2.335268620186500
0.145595906412983
-0.548351590767630
-0.769940170792572
-1.173887279359646
-1.191868280651779
-0.843820163371205
-1.278993558782726
-2.326072246178884
-2.082597189727310
-4.134253216468835
-4.128785704663706
-2.958586768985044
-4.070927581389578
-6.054745905022468
-6.168910078566311
-3.619212701962549
-3.989958709452456
-4.966363405977224
-4.782770593448000
-3.210898764164166
-2.184043752816303
-2.358711959779664
-1.639355362704249
-1.766809454113934
-1.412487582602212
-2.962170327544110
-2.642227175671339
-2.555581072735161
-2.611451264299328
-2.613355404329322
-3.886541290208113
-0.804886735524930
-1.139951670125897
-1.441212854036321
-0.297221905218856
-1.536443648871676
-2.396628440530611
-1.552839331094847
-2.580517376763758
-1.732151021924643
-2.814033217935918
-1.637647733307937
-0.929613984257711
-1.569174043084658
-2.021606408772071
-0.096859819028158
1.296895065822540
-1.702462256461362
-0.483867603306029
0.700113100836249
0.460177393246094
0.006284423976014
-0.190326113876745
-0.959520011046698
-0.729929022149719
-1.050813481236643
0.374438384297691
0.493032654848035
-1.740140582590001
-0.830456817261981
1.065034410421748
-0.406137630688951
-1.184309673529235
-1.726329198936734
-2.403273960100420
-2.430909498012834
0.229641939408519
0.247816996422562
-2.186904942024636
0.304903079274666
0.244823357359502
1.008130159189030
-0.543840226082004
-1.406563965692937
0.178781319674790
-0.412638393454850
-0.643326368870713
-0.155358330462562
0.304755628749695
1.345605302093762
2.707857364767831
-0.097309173114115
0.274067334566842
-0.022968747237132
0.439395597544293
2.676583222168370
3.011326040963920
1.464808936707758
0.278078179139000
2.527371146864633
3.531308484488955
2.245082427853243
1.618670779170038
1.145792392045374
0.745191537366730
2.006317365419998
3.240276251752662
0.743837124343330
-1.238303012720926
-0.414223094545056
-0.031208379293290
-0.129628166625366
-3.536959209319685
-2.805205219814059
-1.088799154850207
-0.473283165657202
-2.580452709912985
-2.860637299205744
-4.407732040326832
-5.712375197373340
-6.097402906227551
-5.294364371283810
-5.445023351166158
-4.064488163493224
-5.979065219263466
-4.305154830929016
-4.215419365778772
-3.928947881350911
-2.376900470936073
-3.019028444575555
-1.822586897290200
-1.114601150006119
-2.455756296156340
-0.157205381772027
-1.248161685610801
-1.257295111039747
-2.064880326695540
-2.848866348494592
-2.539644822725938
-1.573995037180807
-2.405316393126743
-1.948135736058186
-2.485305555691423
-2.652884907218202
-2.855917763479995
-2.849141527102980
-3.218938462368521
-1.809142500358468
-1.892164211511350
-2.124868662016951
-0.649819314866205
-0.944589874005184
-0.813251125326676
-1.463218433166221
-1.012603592231642
-1.136320415912750
-0.908338190255281
-1.744037984173300
-2.377740329388992
-0.559944402518933
0.939348727240177
0.011271927690242
0.434687475752388
-0.940062248299904
-1.858811781391364
-0.733119683602289
-1.584354691310005
-1.530687543185822
-1.933904235081790
-1.609036776428819
-2.233506169874002
-1.854842748129295
-3.032375315732712
-2.543764836352209
-1.073998671224373
1.329329175147942
2.381600099619266
1.288857133801573
0.375974932502206
1.889747672095461
2.806814234703967
2.159966377078298
0.671856711899421
1.733189472023792
0.754962234438934
-0.364413379426703
-1.124208844272382
0.994759458805370
1.680263329924147
1.778292518133699
-0.117099615076493
-0.591198643412159
-0.008220663984155
0.202199304674261
-0.699022134318125
1.198893363718255
3.641503698453378
2.073599131777501
0.496527338028290
2.784139933994702
3.849138514483456
2.142810441853158
0.788725933938341
0.941437384667371
1.510245140918390
0.441169050639661
0.778566076528968
0.226991258312627
-1.159770701183547
-0.992282737765597
-0.186860062238510
-1.397157232406539
-2.079025291577639
-2.421664325893594
-2.522470156920537
-2.416022824270874
-3.232204929541244
-4.084954276941283
-5.592199191094365
-6.246502641827787
-5.232556801382355
-6.043526686907663
-5.474065152950976
-4.564592531659319
-5.991481229090731
-5.382541902234359
-3.912033552868742
-2.114526414835216
-2.991471464943419
-3.695112677816243
-2.934638252635388
-1.810676571259297
-0.881518932916246
-0.356829677772069
-1.891424003212350
-1.051941421309951
-2.804262444523050
-1.888012762716671
-2.102234509258397
-2.304873696744176
-2.071311101099410
-1.388024990305724
-0.131350972591508
-0.950718836011893
-2.358727670242641
-2.835653520919129
-2.941792657280781
-2.610705565162461
-2.205165742705072
-2.826927303808509
-0.459313103980821
0.430481566863650
0.226289495252842
0.437538615038590
-0.135913665822968
-0.986466516805986
-1.816101986599199
-0.402154214690635
-0.721958536070269
1.048808984328298
2.208579251016233
1.120653213372166
0.729411861315290
0.314576489665992
0.113958780915031
-1.475280310257731
-1.470365368206753
-1.659586154073456
-0.541691639025099
-1.527023658230859
-0.899694493950606
-2.332072320216433
-0.757289926318246
-0.740581200202771
-0.706487347185570
2.171997900280882
2.762204721136410
2.759431603083229
0.231885144374921
0.137545656473651
1.644938745862928
0.404598300236171
1.611606381658825
1.155409949738838
1.259629893908732
-1.289883073062586
-0.819895391293253
1.453490517951578
0.999435997780757
2.595575359467506
-0.037968829157435
-0.264834108191829
0.114909598114544
2.237853702352741
1.750902292663176
3.284343904870993
2.524759787981025
1.950565686713005
0.900266013941442
2.277977101435934
3.444999956269578
2.734335609542296
0.412615114993260
-1.019630610898883
0.469626946991752
0.868305825548843
0.239144802958634
-1.784713259455995
-1.304066449047746
-0.124536049241191
-1.747260538582389
-2.705559747084944
-1.629535897926021
-3.074984512419763
-3.520910452705131
-3.499560148992748
-3.946576934441719
-4.209012582441895
-5.866662342477674
-6.058191808521603
-5.411958932153636
-6.737029473410074
-4.538233819747193
-5.845007190494219
-6.397333680333254
-5.273068735731999
-3.933136154049514
-2.530009423727318
-4.447752668730568
-3.279041196406753
-2.129242673506166
-0.928825216649605
0.206707800891617
-0.620116465923684
-1.812094358726977
-2.932824584642240
-3.062218466507380
-4.421440362471992
-2.742103232671465
-2.943800476273843
-3.911748348797198
-1.625750558869792
0.179482312027787
0.969178272211516
-1.096744955180228
-3.767300043191170
-2.085714256720918
-2.231892365907528
-1.522519843088265
-1.851529449078787
-1.258881216878438
1.729410588451633
1.243930759448699
0.352171478782999
0.866993892393434
-0.704852721364730
-1.382939468486452
-1.269494070920945
-0.920428804052452
0.982664845798865
1.513239452137548
2.345739606555973
1.695081452124965
2.495300865471391
2.402426559950144
-0.532522099631586
-0.746908234414160
-0.850664917628252
1.251684763710970
0.679333783368328
-0.849157979472377
-1.299501024561638
-0.622890893118654
0.926861656528020
1.032212198176625
0.441798877947422
1.296041843343175
2.795981917044196
1.698989714830352
1.717769298474975
1.715217774544913
-0.599120157654637
1.288227904503259
0.966822912239304
1.238127300657895
-0.787870221004880
0.000554871603837
0.726341646942380
1.991721162880157
3.695631915197902
2.079128398980684
0.514234536358004
0.571172428526199
1.497189016176090
2.904640201383332
2.931328144932073
3.992351066048926
3.676462333754212
1.502460662952036
0.358235825547074
-0.063436450015114
1.634627377907010
0.776851983627881
2.055633854048512
1.067667911771319
2.435732986164043
0.401043190860860
-1.631593271877343
-0.663354588443092
0.305546478839745
-0.114366361004931
-0.138783963896200
-2.005468845801759
-2.374323225561499
-4.330167202044890
-4.778350296571965
-4.021074780565702
-3.513766808114638
-4.942562332637268
-6.768692681054478
-6.706051757778072
-6.002996679609862
-4.318706475970385
-6.070945413971264
-7.290192892520698
-5.373608975986586
-5.412803677408346
-1.707000475302345
-2.829860244779091
-3.380636556883925
-3.032443858653909
-1.487803006786027
-0.885225635473136
-1.333383184961816
-1.494657913767563
-1.773965710245381
-3.063212099854446
-3.086267337013104
-1.926858620386755
-1.929995445209858
-1.783402481002655
-2.235006702963340
-0.236558911939395
-1.097523822343672
-3.302295255801639
-3.669778858368831
-1.831709505766234
-2.497605796570727
-0.692089003874710
-1.197027418108893
-1.001292005723521
-0.022144154878006
2.105571453257739
1.270369160085419
-0.134797325586526
-1.918871258932813
-3.147623078156238
-2.021199196207360
-1.933843034273579
-0.509939004599590
0.112003044485397
1.241932936150215
1.456334812668200
2.637861824313193
1.812585389029450
1.357714597332705
0.051151650540283
-0.028368151741119
0.454059509105040
2.045780294729287
2.676349332893665
3.450187338031278
1.529612340999650
0.989926608409301
0.455015028535166
-0.126251773082062
-0.268393596934177
-0.077118521886736
1.997227427296040
0.621788601544181
1.880398707289889
2.458524350899795
0.585968213686944
2.526009530587027
2.834744334559414
1.795846261215454
2.750579432632549
1.827573760439435
3.275234782392479
2.385919367997876
2.062313603108765
-0.411395198229977
2.089311733208496
1.963026068898273
1.078707184702864
2.019989032170292
2.467807081699699
2.651668836018421
0.354803318890408
-0.067396247976644
-0.387857588656736
-0.193250334133332
-0.874443506423975
0.356106411346129
2.125147539388577
2.521511158363837
0.837692438622414
-1.978934466919868
-1.986436605778249
0.426002874374206
-0.072278784313480
-0.530164277198959
-2.344914662650107
-2.373743795531136
-2.943629126638489
-4.542382433218785
-2.873558634586558
-5.163631190308791
-5.271271671182871
-6.486689222234018
-7.798228154645921
-7.730637839251049
-6.022780502396041
-7.449252643466573
-8.121294465086921
-5.985860249390746
-4.737993075801810
-2.490182379305319
-2.522951323808586
-2.595297941918651
-3.291668394945640
-0.476549529685563
-1.632072986394718
-0.704442655221745
-0.180346574645299
-0.856629107278853
-2.117181810130865
-1.270592085461711
-2.577174324213291
-2.387050035960834
-2.362690978154662
-2.623172456032127
1.740311531490810
-1.432685376911644
-3.169600364244904
-2.872389182538764
-1.281937286361242
-2.868350479952471
-3.485860343444581
-1.373364635941420
-0.810290031576436
0.933104764375593
1.855727370493306
-0.127389737324595
-2.293937228593074
-3.958682671963433
-3.433630306677879
-3.777852119060602
-2.859928895870909
-1.359612899718523
-0.449908201399325
0.722779262864574
1.004501437404378
1.522878231024215
0.548924245429676
0.616308903689859
0.486942161302701
-0.017984559477653
0.172895673126052
1.372567520302807
3.131670705620593
3.499435706235077
0.617291579095013
1.232339531556780
0.978445226052502
-1.120749180673936
-1.484239687260206
0.476602000888248
1.787077084685567
0.915067046544357
3.657052990571682
2.584801464852132
1.506610219606566
3.264361786118118
2.958115735320713
2.072825471308098
2.862918443231258
2.765946206352274
3.354211997319549
4.559497073016719
2.538311031820451
-0.100144186620946
2.696208056400156
0.637708782758927
-0.423588770897489
1.732369903323234
1.577129475392356
1.779901113695443
0.931457770228632
0.347334241269883
1.274568788384372
-2.122687437954330
-1.419532253780781
-2.556574131379038
0.560041767174008
1.998545353331056
1.494908972639831
-1.331202490078741
-1.193673876564055
0.246301355258063
-1.083842307881989
-1.887817837052594
-2.664760539032768
-1.287732433367351
-1.684955606225939
-3.078518424602475
-4.985531133753535
-5.944666554471477
-5.542598087462817
-7.333570631076238
-8.443680764623139
-6.719540455539710
-6.264207789606489
-6.010478919241919
-6.146498844609942
-5.455565883166567
-5.029635072818452
-2.868203273484943
-3.948921148996365
-1.437704377959222
-0.243323479275519
-1.799193612752510
-1.578740011285109
-2.037907848307093
-1.396214601627362
-0.588204230203409
-3.400937232404261
-3.155822499546192
-1.862688733169905
-1.281051686883115
-2.538398761553163
-1.333132410650059
-1.514875860873225
-0.678650671019912
-2.996242981091778
-3.384500279360299
-1.463968718212941
-0.877453467938331
-1.093099661154432
-0.985808619388369
0.898980099655090
1.758733728020906
0.947176005950866
1.658010724558120
-1.217719900916175
-2.220230486854044
-2.830224721635338
-4.110514982367252
-3.097905577319258
-0.650764548441681
1.969792326136123
1.211815980732861
1.378902921342808
2.628496487020624
0.335821363945290
0.249727604788389
0.714148678721361
0.845718650738801
0.336187953713061
0.967120643551367
0.776520240009326
1.682339225632960
1.040548718619452
4.241931707113889
1.500316055188750
-0.022664230759464
-0.302311494247042
0.172638512502142
0.985226664809816
0.556957345088841
1.505611992024229
2.510877821125308
4.043310909190933
2.035867961644062
2.074966561535756
0.897870423033891
1.813093538008987
3.987751419031445
3.141601141445439
5.261649762607902
4.543239465658493
1.166126579969336
1.383751145937024
1.076195372840645
0.425155066984090
1.708098640310785
0.171321356922527
1.435537657001671
0.813800644791355
0.877477979509996
0.000856282833446
-1.338894118148437
-1.927361176980886
-0.303604350594938
-0.563332315713447
0.836452235000171
0.070599082816878
-0.463707790522894
1.544957501828108
-0.948107047277134
-2.142020502503701
-1.540424953044015
-3.786762800699816
-3.698899494489277
-2.749248919271107
-3.870098119803891
-4.461535111207895
-5.074195941169011
-4.714385496399388
-7.172424879455289
-8.581468141337011
-6.917613876194839
-7.440477681573514
-6.296485169254922
-6.167971713199101
-4.491975240207518
-5.721514687451650
-2.859306708727857
-1.046407470074485
-0.907124589599703
0.092818338039975
-0.665121336692755
-1.105897571153850
-1.594254861518456
-0.520746876535408
-0.556645790877971
-1.278522371883785
-2.931670817517247
-1.432244603928325
-2.241193147453569
-2.315217327237115
-1.567234890701119
-0.238931635765233
-2.194349355132112
-3.919519035595385
-3.050227211950554
-2.207510453095937
1.030779640182850
-0.256616511034315
-0.784240186599770
0.421239568095162
-0.230183134888784
0.699316339450954
2.061239854811654
0.502712891874970
-0.828545521217666
-0.714027575248692
-0.330971490340811
-2.191670842100673
-1.324963223543938
0.555874649145105
1.176266884629347
0.319894836328069
0.358744476560840
-0.868581707402232
-1.928282723954546
-1.688902812205020
0.911903974552993
1.456592530089101
0.685956677382444
2.889222545999163
3.503973819034346
1.026171092186600
3.704126310826227
2.768198115283401
1.855581936931025
1.338840860253706
1.780349360455251
1.270711978963566
1.725522176043114
3.172612968233759
2.063688289182258
3.343873344610643
2.630692312283523
0.445974519374373
0.045339764558092
2.153785800000064
4.086482939424536
2.098182130513658
4.320044257544592
4.955172639695311
1.910376816510932
1.563142755297870
1.904693375684556
1.567792253960423
3.599873511434003
1.395256509809755
1.324866499518863
0.054374370772192
1.837294073258325
0.560569986634467
0.329982093092560
-0.412964541676434
0.297504853826201
1.326084054179305
0.866993095452238
-0.201002408108050
0.308586581718933
1.699792883586223
-0.356118259014483
-0.977047142799235
-1.827107451573153
-3.829098235559548
-4.554450724832994
-4.152708329449808
-3.864277408731355
-3.000637369278228
-3.458960763385161
-3.758481305740685
-5.940428235011784
-6.774533218930936
-9.082871549939583
-6.853390836777339
-5.762913684457234
-5.444026725051004
-5.711238234861968
-6.697984123537871
-3.942261924092727
-1.020974924489020
-0.740013608104487
-1.756129541578489
-1.737845800089519
-1.979642643031928
-0.666348436445100
0.501263638791335
-1.635778808025328
-2.833965754847536
-2.945697874141856
-1.197344336791653
-3.693869905596132
-1.391134554794583
-0.383908429899204
-0.804325086603611
-1.310894249087273
-1.205723505965251
-1.064878591524881
0.436689587274237
0.660208789810531
-0.389468426939905
0.696994844475735
0.619777275184288
0.390398713675803
-0.177692748960890
-0.376756421455426
-1.117546987049330
-0.481719458613784
-0.906490865867592
-2.093872470234033
-1.558868591377232
-1.089994852164163
-0.184700483109511
1.627071652037134
-0.099512763838166
-0.812608639652970
0.279162769249743
0.036660946168419
0.203581322270769
0.679700760718310
0.982388683790014
1.064574356621713
1.912547399358984
2.163793064672627
1.793985250492524
3.267435903366826
0.501997890937006
2.301613715553483
1.591854346147837
1.278641922284731
1.995897442712711
2.109683737617158
2.664247575307640
1.088515863301714
1.855994739934626
1.756155124587665
1.704097378190663
1.025734605708909
1.299145260058663
3.093165066938629
2.379573033100082
2.218122872983382
2.093360099129636
1.464730625161041
0.576835522047796
1.020900872232825
1.368456718664597
1.147787841326106
1.838885200728595
1.701424714643081
-0.056445426887882
0.315294625775612
-1.655584392819921
-0.610201905361730
-0.170143107550995
0.442646110604318
2.251868810531434
-0.663317452873028
1.967130963085966
-0.712405289713039
-1.839785942047575
-1.857902848911706
-1.004939140138703
-1.445804680798054
-2.269503875647957
-2.544620243320721
-0.454581215944927
-0.112338886119294
-2.718322339320874
-3.887410151034176
-3.388431657760189
-4.140879543049989
-5.616988129254484
-7.663459569002086
-5.127792923383079
-5.417191869755929
-5.633962574215012
-6.274970283232389
-5.645306741000319
-5.253365043534373
-3.398396949169360
-2.606867314445888
-1.643404178307782
-2.754456419756063
-2.307464097113957
-1.991412268452136
-1.294925278446472
-1.865838083603391
-3.327560455048152
-1.360580707060294
-0.950136528411494
-4.338097678614285
-3.293600978287312
-2.215936957569221
-0.887469454945846
-1.198019584535305
0.050537001296302
0.849248272296368
-0.226558691590273
0.493939616951238
-1.163381138520645
0.011879890478740
-0.666825574978701
-1.658164597433234
-1.841434434834341
-3.051581471465520
-1.001949272569217
-1.274239570980608
-1.230990739781876
-1.915274399024419
-0.964107135740515
0.074203502265072
-0.113693269843687
-0.401952271211241
-0.520463303849083
-0.697881626967790
-0.138794751907000
1.905641668303271
2.211997824418467
1.805119576001560
-1.489785428701327
-0.157534414433754
-0.456251474703722
2.680698503259215
0.704429630260963
-0.319341570061143
0.388845447072525
1.187076739047836
2.375106000937291
2.324903637734413
1.042223667292267
1.899843403463887
2.966953850227565
2.850474325444595
1.557638822624228
1.627037764040061
2.487689837414477
2.946979638541999
1.953206867044728
5.147005633022181
3.961675660507922
2.838338759692023
3.805719148375075
2.090836428912905
0.618000544238645
0.769967951445469
0.450147902523620
1.659613873326050
2.869603616585626
2.031935390256501
0.321831748730004
-0.112798210545123
-0.993453856181508
-2.922655571791999
-1.631199565664770
0.698300432301586
0.929096758623749
-0.807165877768890
1.102242810808122
-1.816078060339697
-2.968297101584358
-1.404293274208330
-2.223709282152328
-2.455679073582882
-1.245393521965709
-1.871251133928118
-1.538110765435785
-1.842660460104736
-2.791058407414701
-0.783192357024807
-3.074547657022534
-4.287762437035862
-4.593881302957096
-6.051807827817107
-5.648041396247116
-4.072945787579610
-6.135998257532668
-4.878264071979394
-4.568167338355360
-6.135101981708477
-4.642010915507203
-3.713517623675157
-4.491287712428970
-3.618569931817016
-2.263367991809601
-3.371953171020205
-2.236910657385126
-2.309126018879014
-3.544055874332782
-2.819218110826355
-2.565747600890282
-1.463435070642270
-1.993369912505126
-0.691542761456750
0.393590256828829
-0.681236742547073
-0.253934548621516
1.162325855631133
-0.400889781768396
-0.674039670120912
1.053008399617101
0.335351381523127
-0.261430980315913
-1.671261462982026
-3.592828823892203
-4.961265016820224
-0.870256550955194
0.402195498682634
-0.821208366296261
-1.526713804605003
-4.070121251898252
-0.768391571567558
-0.487935817457206
-2.357703703758178
-1.584569657607060
-1.557107135383305
-2.082630243828596
0.074449168795412
-1.064218835895857
0.424204503906926
1.946748090767457
0.401490548135896
1.351343426447582
1.936036349706639
0.464765983808759
1.175828179338227
0.490855593688167
-0.614986193648355
1.442318830547951
1.639662595231217
1.507982277439135
1.438273448365505
1.844629392247950
1.055152256335396
1.125839164006234
3.103090802188015
3.262802326140763
3.011533640177602
4.512593297580895
3.527961069154884
1.985161641607763
2.732743556013209
6.047755993206112
3.870032185543257
0.570396417253503
1.386485034394364
1.904283470433062
3.204717346862015
3.662540615836413
2.427860365856247
2.941577500543954
0.760034887107427
-2.106334132095816
-1.837065585602384
-1.726500702165307
-0.978227444018063
0.188007810197786
0.932972046514347
-1.069895666117859
-2.742253724067827
-2.117015312671404
-3.418686386779326
-4.959545082498841
-3.790509684740300
-2.905958743981947
-1.558566591639710
-2.229793489329746
-2.259458863922436
-2.899063465835938
-2.528221182147905
-3.217424590588052
-3.504941727001156
-3.470368863372991
-4.676623377770815
-3.982099120476907
-3.648375160097623
-4.608763455884485
-3.035795354015037
-4.127387296881173
-5.644253842289303
-6.093802717089443
-5.096587577582716
-5.068391722074292
-3.213829581631462
-2.641212106710355
-4.329244186416494
-3.109891803518886
-2.428587092552629
-2.279566048549814
-1.027432718064875
-1.180681372680404
-1.384158586572581
-1.343255384984567
-0.435086595469911
-1.065547340247487
-1.094722745780991
-0.598550605504355
0.853065364986710
0.042223327226184
-1.875015890824999
0.807033958110750
-0.065955350211416
-1.023131879563279
-2.514809286696698
-3.228693536962434
-2.262462487314435
-1.492345327046864
-0.300068074054409
-0.433565283459766
-0.375419873210080
-3.895262780236822
-2.534133450790795
-2.885915985039250
-1.625963545997353
-1.193648899227451
-1.703793520995187
-0.263628277800913
-1.528904463261478
-0.990901622389087
-0.150126560893445
0.009649868828921
-0.004117103997282
-0.915609739430628
0.648746831812516
1.639796513497410
2.299871149860910
2.116155001453251
2.164630904929428
0.685089804158266
-0.642722919507742
0.312548603134171
1.372108342693067
0.288427641963887
-0.786566312849106
0.071583908350165
3.016699019922709
3.212045835187028
3.440412494625109
3.029982047712167
3.779258335388394
2.719174440460968
2.399416620725014
4.027723827725540
1.953433627426767
0.330750837464540
1.279896985427433
1.907688053682187
3.349537450675488
2.455869342757919
1.993479458599848
1.200208728315714
-1.363007945723324
-1.714455986786165
-1.871475718660940
-1.135592978778331
-2.105679829787639
-0.735588320839323
-0.223818293609148
-1.976063180321177
-0.980706066607549
-2.340634859189929
-2.190109910154727
-3.320138107589844
-4.932164397404815
-3.909229238031212
-1.848854834646214
-1.594540945181945
-1.851734248473130
-2.042374022537218
-2.704071415447322
-2.996839933309857
-3.282493141770717
-2.795189431645771
-3.443487020319974
-3.558675299168867
-3.057307538555448
-2.787429835163813
-1.448645791906862
-5.078234313795242
-5.507268029827640
-9.289043447050801
-7.884421008606219
-3.837638954904051
-5.078905135992978
-4.597780311280888
-4.151755327089202
-3.518477143986133
-3.045105482668762
-3.080889274261230
-0.768241446691027
-2.521661088202759
-0.492465729433712
0.677378034521023
1.315979886785678
0.542600278402450
-0.780430247843671
-1.262249707133599
-1.667032584495587
-1.173627171141711
-0.892241420074497
1.294689899484968
0.145240446489193
0.396138850969950
-1.431287832366984
0.558955878927346
0.182477161801915
0.095046961489756
-1.722783884816704
-0.878850888524288
-1.631603460603965
-1.224372628890289
-3.186271414088369
-3.447377797099760
-1.499289440798969
0.065459598485084
-1.110371952232176
-1.228100849925320
-0.993245074732340
-2.555340462294547
-1.646359349481956
0.210758880165932
1.446319677567647
0.907778445371976
0.992781051077513
1.713932210409948
3.137785921868337
3.717183298673258
2.373710134776871
1.359929501183164
0.466299029154084
0.653471643000249
0.636126754872778
-0.934992357491840
1.107005943922270
-1.103463571480222
0.024642997137286
3.035123535587741
2.080788747214986
0.419768220999691
3.254747171989426
2.331577449005505
-0.035525545523615
-0.540968071112807
1.448292567580745
0.410871168685142
0.601426495932702
1.701933860900349
1.314977947168332
1.321506197374800
2.833593375476348
0.536275350299001
-2.365542362078433
-2.538530250174038
-0.184544549105598
-1.214738366109937
-0.839297706846978
-0.746248156447239
-1.096239872744688
-1.442338525170118
-1.416394439750677
-1.408353550292922
-2.675352457181252
-5.597612751524124
-4.525351029093896
-4.714192394389378
-3.374639429655292
-2.400453718772414
-0.679544478652765
-2.342603536390294
-1.965749779010273
-3.306090829112609
-2.746681666166539
-4.037710074979889
-4.671004272718143
-3.566671588036948
-2.026513093874013
-1.714825326812496
-2.578998050887098
-4.228898694700502
-5.404593101559001
-8.780195236643642
-6.724002187380026
-2.553222669396969
-5.596164676469505
-2.979029937832178
-3.319115264768079
-4.167406648035949
-4.715012646887664
-3.756681456105358
-2.027173192034389
-1.932201559405370
-0.215356896087595
1.776683781603531
2.559476612182759
0.478788314485641
1.360554593034852
-2.054058580135800
-1.028955585151973
-0.248726208628777
0.225310673283501
0.984251494832038
1.335886514297821
0.510220013864713
0.157634830219384
1.187418859727921
1.481924746209149
2.230473873713045
0.221770888063160
-1.784269072991877
-2.271954662630082
-2.480286946000330
-1.972254034223386
-3.442577041268773
-1.322189779664057
-1.543360770148497
-0.788082501127204
-0.612496906672513
0.730236519197067
0.386024793795242
-0.821896032079382
0.000760657038512
0.669436045412062
1.729456867365368
2.240110667970935
0.755116129477806
2.215460190667042
3.722736596652598
2.613531112127921
2.801518611977142
2.826154683614485
3.115833956048903
2.278346940910943
-0.229062543228005
0.266130144857107
-0.771783354720755
-0.210974703895527
0.738359391739966
0.345961886716117
1.049934825903702
1.913165603260917
2.997376796939567
0.212797441069681
1.176668945317974
2.027476541553212
1.152591475279090
1.715875714769944
1.347985843829937
0.407940453686492
1.016559146414074
2.155331705263588
-0.986267350593413
-1.621995771181934
-1.075053971681283
-2.726775910331848
-3.484892894570787
-1.870022161124013
-3.130788260084125
-5.203376855781783
-3.456076244569723
-3.669885785462988
-3.191255904600718
-4.464263947435002
-4.600728516375590
-3.272771651663330
-2.858774887006940
-3.069347461668404
-2.244859433862594
-1.348880781739666
-0.374990520028177
-3.213245010709119
-3.231138750852057
-1.570310253484350
-2.485980277986800
-4.960985771060623
-3.759938209629619
-2.957809807912600
-1.835919485797633
-4.130867562990081
-5.323787639276893
-4.353565883765633
-6.849267945485628
-5.181456313075040
-3.327565326606943
-4.631169616906293
-3.589113819023424
-4.681103126522947
-4.691626103642803
-5.143262583158513
-5.488710354102573
-4.940282096977154
-4.110047697379256
-1.489235297846567
0.016822672391334
0.814553321565764
-0.430423253160280
0.078374827333270
0.057496835985154
0.224741322943477
0.293871485278185
0.352523652978953
1.777808350855377
1.358763366372398
1.111606783009524
0.880449197735707
2.241573359231870
3.248092226286905
1.528948300465560
-0.089662241871288
-1.654933780451979
-2.010086177272839
-1.936762404129916
-1.628278675500369
-1.919669317459692
-2.070961770525414
-0.429586600677746
1.349217838996222
0.789987210622257
0.336541114378786
-1.409947714309064
-0.728628861151396
0.849502638353381
2.037977906300606
3.663599462509933
3.016597171797381
2.726619198809378
1.670093187080557
2.212932821168137
0.647459299022810
2.363251556252031
3.370392318479680
2.298534276368839
1.977137673004683
0.871209261377447
-0.390006276739807
1.635432358003766
0.853644145749212
-0.334467048396357
-0.560635383428832
1.099003388599620
1.304480679548768
0.521001835913046
0.229365707023595
1.043511763894061
0.467979976396203
0.828264848885521
0.703398529457130
0.512688729027780
-0.284995312236403
0.979257787457903
0.132568901759350
-0.579307315812909
-0.291281283576500
-2.068375834074625
-4.884087772301339
-3.366664454645885
-1.799391573710214
-1.517889405217681
-5.785471727714188
-3.735088946629251
-3.140332605787214
-2.308823250944740
-4.256293874652533
-3.927776502027625
-4.725546970745600
-2.845600376311535
-2.420865049534617
-2.589306320597288
-2.125236543067269
-2.002291070425436
-2.777408631689685
-5.826194517232227
-3.366195430073585
-4.360874074100051
-3.747514419279621
-3.951906008231664
-4.463081946643340
-2.604177103172607
-3.057368591897786
-4.944395433287043
-3.833665460348730
-3.879786778511820
-3.942348628782131
-3.624559281990466
-4.289163958221834
-3.447246946328702
-3.848967580868622
-3.977599831141327
-5.030123647346523
-4.664552378915359
-3.911532106125408
-1.635387916059497
-0.991461106103117
0.540023019335195
0.083218732627922
-0.925932037784527
-0.528936396370157
-0.373383586714591
-1.053917774343605
-0.402969345638666
-0.260235161828069
-1.442874670346345
-0.127044608399760
0.677086321796395
-0.030171388991700
0.114433659303903
3.279909094589979
0.671742123683752
-1.445909791947918
-1.094957628196938
-1.748950879470125
-3.267394974739147
-1.775324489276896
0.474320518164226
-0.872786033484202
-0.400909960431692
0.763589979421484
0.895799787235866
1.129764271053760
0.381457028495620
0.881593928615849
2.836173970415865
1.126768231269384
2.591073691836637
4.545532976841031
2.056014000244891
0.870121426518721
2.495990042246683
0.499309529500782
0.447845492387629
1.022661650117431
-0.023712974602835
0.334609464895916
-0.543614294843170
1.451679408422278
2.525892783288604
3.201406230389801
2.229692723415361
-0.095818954528509
-0.553722026033925
-0.772863103561811
-1.293329828407570
0.559942628400207
0.227412076377740
0.688154273487308
1.947317383145275
-0.031916191774302
-1.102503015256437
-1.642286169518414
-2.099950335547632
-1.690377027129838
-2.982185874398676
-0.803325067925015
-2.003328313334412
-3.924129308645489
-3.305963840317375
-2.124206246656343
-1.128602741003072
-4.448009612372363
-4.992077499279703
-1.808114358200801
-4.404187865931513
-4.023752461685519
-5.633432711101348
-3.755502174236891
-3.797403384937806
-5.525891521492055
-3.584822450626538
-2.987951602817193
-1.752372369885570
-2.796104730342870
-4.810397449556747
-3.005618384392377
-3.520607775902138
-3.753159244178359
-3.564520869368126
-1.976283514420423
-4.121187791744905
-5.817265088277694
-4.100209021991006
-3.731569044840697
-3.689739188948119
-4.139034597038438
-4.124098304636478
-3.818241459168718
-2.943834402503821
-4.203146923071883
-4.076713283697027
-4.230690759407439
-3.965434908900023
-2.271657149573361
-2.237442362439495
-3.519293573462055
1.057672359881406
0.320506275755717
-1.013832400628285
-0.706789477756918
-0.884459791975197
-1.821379186518965
-1.219331522032720
-0.063510123144814
-0.234520311583234
-1.191438603102026
0.387057548790226
-0.783454239514894
1.215549558462254
2.873042167710752
0.946693844284516
-1.683538574252024
-0.572361157255298
-1.496742099456649
-1.660064060053016
-1.312183671389430
0.283413826321692
1.482732527490379
0.152374014204759
-0.331671770481436
-0.319594784901661
2.130031561411771
1.717082782950102
3.055059707466961
3.254055380508169
2.171813526884429
2.343185969511315
3.634154543099600
3.077896271898719
1.545971024438782
1.500473706192257
-1.445727940450669
-1.211782712303798
-0.909420105304983
0.458422058545983
0.879151181253343
0.086143978387434
3.036772207888908
3.063997619779383
1.971867559504671
0.407929820068331
0.052274527025840
-1.201629097979367
1.170285844371541
1.983001481700496
1.512229617045733
2.284462641411738
1.572268587566967
1.843531507882546
0.243649599866008
-0.885063201711878
-2.576422958443025
-2.637794652246934
-1.933474323357991
-1.770252063875749
-2.226691473231175
-0.789211776824280
-1.324650949719018
-0.057759055345838
-1.779054833322079
-1.956196610878378
-3.635897570950713
-4.005840142444050
-2.172206474470356
-1.958109181938452
-4.800580607825255
-5.531065306579942
-3.639913807106499
-4.336190766950629
-5.045267151177549
-4.636522070599356
-2.968496404216662
-2.334414872878596
-2.836719052638538
-4.113645976007347
-3.402746623687261
-3.819152123112966
-2.971481592460962
-2.781451098827722
-2.981274250155467
-2.666602402699446
-4.463150685395053
-3.122900080428410
-1.363516892481837
-2.421517025516578
-2.219922127819282
-2.759702100233293
-4.781224952274131
-3.619958086638450
-2.738882564739786
-1.903833670496734
-2.990760242225178
-2.774968506292862
-1.611912727026010
-0.746635280317234
-2.191292383586235
0.886308971103126
0.479391412340288
1.495883151156739
0.591049491340429
-0.286980182532649
-0.226296488192448
-0.028577897119566
-0.298649673299473
-0.431855366136237
-2.022266419407297
-0.644106151531100
-0.975950986383556
1.887349599387923
0.933340413071341
1.964184561624629
0.633888473880871
-0.313192729487371
-0.908934013077611
-1.517562291827293
-1.354132257658218
-1.811500306902634
0.467432261357119
1.656808343096391
-1.264658895922838
-0.289311521488318
-0.909886917935024
0.419961226652296
2.495399588860985
2.864333562350357
1.435194357015301
1.359236268326029
1.789283440598693
0.934394121366669
0.722241046584647
-0.308984016780192
0.905154097009537
-0.003251439610050
0.606114070492914
3.093812150752770
0.309109842304032
0.437925619362645
1.968073463235316
1.143894709838192
0.750413279184637
0.213582897153408
-0.104826371770055
-0.826057938807076
1.648560049563947
1.669740212194290
1.626556212387174
1.185309691323500
3.839972610416909
2.091092472210609
-0.116177061944433
-1.248671037109796
-2.531734958207429
-1.400319182302842
-1.958256467709047
-3.245439420145226
-2.149670556073207
-1.075049692506837
-2.646165509494708
-0.753696892761947
-0.012759990256185
-0.145339250535479
-1.310800711392565
-2.795844589111177
-2.888586500912254
-1.286075908071008
-2.799885973264189
-4.813247161992469
-4.175715200290537
-4.533761467223119
-5.452745636210943
-4.599425111685867
-3.561239764961607
-2.218915584202900
-3.255415930421477
-3.083559342371307
-3.304721592399681
-3.417066662845095
-2.931677065539514
-5.145322956614179
-4.061401381034984
-4.037007108538018
-2.928081955010504
-1.618135027143840
-0.770463026118731
-1.887611656817974
-1.741125704487580
-3.604376017334515
-2.672482168803543
-0.738420932184301
-0.916912812772593
-0.226513545863866
-1.513762579942040
-1.028786317141635
-0.820823320108218
0.199708926978251
0.594666807450774
-1.767033995368719
-0.059677930458718
0.573593632701419
-0.957009622140255
-0.851470929521380
-0.564054341819035
1.091793710803080
0.650317562443102
1.440521483415240
-1.061879160360424
-1.787285100298386
-1.973262971030611
-0.197228400898702
-1.220816437444679
-0.873116154877510
-0.548660033205831
-0.773599441486994
-0.137965681989659
-2.649099335160610
-1.553267059796875
-0.604241334521496
0.191009725261360
0.626295535404333
0.128237154258925
0.902747949270130
0.155626598679043
1.698213881817431
1.125128466412556
1.568813643399040
2.473262186647020
1.713593838756237
1.023847852042814
-0.803302869377551
-1.220591101045315
-0.664566301120105
-0.113679739061524
1.388631874965729
2.765620026883764
2.788331049103786
2.821619250885790
4.275439513614383
2.154111668545527
-0.524056101861849
0.215574633947515
-0.687424012586173
1.113549934568090
-0.054093813747937
1.391372512357111
2.561717398211923
1.081649874095717
0.593457280974664
2.949082694464656
2.280951590886860
1.238711134779798
-0.787659180623811
-2.859503244291142
-1.251400499130836
-0.979843904427108
-2.774910263339548
-2.400353064417816
-0.855262492655503
-1.690976093387799
-0.792474590369183
0.440927572603942
-0.787598099493835
-2.154735352402719
-1.022489268313873
-1.689773433157564
-2.034247675626565
-3.343013917977458
-3.860226866075729
-3.791969799124975
-4.022680230215114
-3.786066371506024
-4.267063032967735
-4.636112040583992
-3.129926921997797
-2.636396147640453
-3.167765602885336
-1.760247191212069
-1.802541582950469
-3.023332092239642
-3.148200056622189
-2.735071860689668
-3.521030521850824
-2.109292455967015
-1.702398648704788
-2.810178846501732
-2.625214337767028
-1.628706933157909
-2.578213914777137
-0.929405345206080
0.067857443662391
-1.913835110075475
0.149956734785257
-1.670294348602659
0.657470404137931
1.669940147021682
0.405628750649698
-0.418877110665851
-0.071493383876449
-0.074003874907266
0.277192396425590
-1.788572991271689
-2.496695741889301
-1.887374514196898
-0.469067936297390
0.061267872912066
0.668582596532587
-1.224807819244550
0.966887322029765
-0.542458364999944
-1.774207513516512
-0.317427675499595
0.102539178449668
0.713557273342584
-0.937868643947150
0.938199743948284
1.170512603521507
-1.099868317173437
-1.500520547669022
1.671017387199885
2.115446295503242
2.056234619394266
0.984112555747124
0.880522766652915
0.505984776534352
0.331869684315101
2.950992829154354
2.112948431753225
1.085275461833470
0.053512514137107
-0.915546447918920
-1.275733415522642
-0.023004419175828
-1.975535840350832
-1.159747114023702
1.254924491301161
1.376102335613549
2.889147546223601
3.690387920815754
0.025239852518214
-1.727937306112839
-0.590203394269023
-1.191468305878072
-0.658427171267299
0.790003861008603
1.563817183802781
1.100800905380449
-0.137536170685917
0.987919793017435
1.415815690274542
1.599530436054245
1.974901195704063
-0.294114726338532
-2.033612818962253
-2.443678845185995
-0.621189746076205
-1.253964593202909
-0.798405115091486
0.535798731677651
1.131891345767975
-0.384582590215792
-1.460983036500163
-2.084809777998149
-2.952939997753226
-1.002056345903644
-0.783629337062206
-3.559978523357342
-4.148182314291414
-2.214520214025499
-2.368662648149390
-4.619449837180511
-3.167093256215981
-4.130795524614024
-3.574385948433136
-1.015059261257638
-2.946646603287594
-4.907829397974271
-3.733191690792312
-2.489906003224276
-0.884008508190544
-0.671193839144271
-0.176204832333966
-1.429482721406961
-2.672424459181928
-2.589927950820013
-2.447872405500111
-2.764065519122278
-2.157978610290541
-1.077058168303698
-1.902334647658401
-0.082494933714222
-1.729953792574880
-3.303615796450781
-1.892410207406787
-0.473756072303926
0.326804832472941
0.857374289589399
0.277688722295637
-0.434314380036551
-0.224951358197686
-0.260946385870477
-1.096097267794742
-1.693080738817969
-1.452910973874742
-0.499083476843785
0.501893422675843
-0.663798529522977
-1.099142928785199
0.686983206688209
0.601534311752504
0.480349300488288
1.707938820018817
1.025588323978363
0.402958357594375
0.859213055742870
1.888647861294904
1.380015009511471
2.362811246940320
-0.322446979780690
0.776921222158541
1.721118077513706
4.464503289976492
2.915450434728482
0.997052903897254
1.786658093134917
2.620225946738965
2.278133541769114
1.366833979342725
1.346894487715461
0.654195252968529
-0.207960619261630
-1.056384056890672
-4.241637941704698
-0.615398061115045
-1.505916095219746
-0.644379649006109
2.144924685812904
4.175319270419694
1.843242222022180
-0.026176107606849
1.264066410270018
0.962320185541982
-0.538460229097726
-0.128484033473593
0.807894131372505
3.383355040428500
0.516881693834632
0.759552761411598
0.150839921174360
2.161140447450636
-0.218816648461332
-0.602102320991837
-1.399167245707237
0.647647086879314
-0.788563601588923
-1.339742556549640
-1.298721175553037
-0.259342203841988
-0.232089957884935
-0.638841275158232
-0.856464662969331
-1.123182879109065
-0.746130444528632
-2.267855859713704
-2.487417844037163
-0.840525840897631
-2.463904974846888
-2.483705690098907
-3.281957275349741
-2.794599953361659
-2.413822718317097
-1.812735360899999
-0.571553763725420
-0.662620247873007
-2.215522348216918
-4.238816148218575
-3.075868942847824
-4.330952627189076
-4.200581977836174
-1.370222671919771
-1.354021398923304
-0.959079768945582
-2.640526395622810
-4.090092794366831
-4.152592329977908
-3.194457256684676
-2.738144124680587
-0.634005290731643
-2.738183816565626
-2.399075138203712
-0.504351669944721
-2.388985679962896
-2.132206743802437
-0.697210980756961
0.324938510154344
-0.469924448462837
0.655896259479755
0.125517716037149
1.449131123235322
0.556021924262669
-0.142079536396299
-0.608703177058795
-0.105787281778944
-1.113554803302669
-1.036748339199445
-1.106237567256241
-1.473713426188855
-0.819745991970771
0.620105427278032
0.134235311499306
-0.074066272954152
0.396557917287650
0.277371083324716
2.865501999497054
1.955105192409817
0.672863880225239
1.857142572341715
1.295841698787405
-0.070829672457698
0.304106911542066
4.202996029439820
5.251469139881618
3.712423693009306
1.569345387821803
1.895735959947423
3.242553188838114
1.107839762978269
1.886723684925366
2.207787863086002
-0.610070809167996
-0.650941956184530
1.391823049768520
0.866731622107720
0.069002587859064
-2.044264340860723
1.199629342403915
1.982791618409767
0.705511246692212
2.718247380854315
-0.394492890846282
1.188483963661429
-0.097254259018986
1.399004087157587
0.247466984333087
-0.241447215735354
1.520863607722051
2.396299812903348
0.495558771458945
1.231697503551950
2.365659865352160
1.037505702581564
0.783436718170042
-0.938027157066771
0.030117168379743
0.120794696475452
-1.564341641572177
-0.532049174223348
-2.094460393978074
-1.452957352410486
0.514415136755122
1.630985202823238
-0.976037369663059
-2.812303254648434
-2.488071221157661
-1.786203601439419
0.166654526418595
-0.390671414465086
-0.822757186549035
-1.723411036068901
-1.173294011187610
-1.811094781170231
-2.674522371594891
-0.470157645056968
0.849602210268481
-0.391861161208574
-1.972918515707626
-3.429233161772622
-3.981908726381176
-2.483454124648996
-2.380531219067957
-2.348531473119084
-1.309084407738469
-3.241082516328641
-4.454176879911472
-2.994804613595925
-4.032583309291073
-2.617004334230257
0.561570397423996
-1.272864002023150
-2.250142960518188
-2.381992452499959
-2.433284370458655
-1.682295467679343
-0.293323670444859
-0.757376347572583
-0.888710580035676
0.534359816651380
0.145276105971897
-0.151063853865321
0.361211527700197
0.366498532147127
0.032440587087513
0.196134911961223
-1.940912188760226
-1.073074493792079
-1.925481969313295
-2.055797148186409
-1.609611132576382
-1.456953637068207
-1.365730071160350
-1.830452565404020
-0.396457846124921
-0.126045954079772
1.560177289173199
1.346372890589378
2.013794475032240
-0.215656681205781
0.496751322660458
0.316004834718990
1.246076994185342
3.018948440248159
4.191242237401163
1.310752605997651
3.146914682926480
2.039425984361123
3.592237156201135
2.040597192533367
1.695095943144991
2.233349573551115
-0.953924419848485
-0.868228623963100
0.800394097739550
1.640048954899080
0.774062900353934
0.354796545012370
1.451319046078560
1.305725286798310
1.547351545976484
0.534816113268573
0.686084784918386
1.409148726525077
0.912900414582741
2.315601991696782
2.678458192737167
-0.445353214458953
0.006884481006447
0.773780794035765
1.507127628985729
2.405194197003701
0.745184952354911
-0.825648477204978
1.287784357653952
1.248031190649861
0.714130360314324
-0.091509558409948
-1.489634135961400
-0.459117944937306
-0.628888134352634
-0.499730265338019
-1.107308509080307
0.179856058553681
0.496948097713484
-0.231122319161849
0.337390472471888
-0.842216564030584
-1.140577109308072
0.306757813202374
-0.434875153651668
1.649350036586877
-0.756512496312931
-0.905535704037795
-2.095241601676952
-3.504544094007015
-0.339678248760581
-0.829935121914604
-1.087193674841177
-0.188889804904173
-1.569868250633122
-1.703083817075096
-2.320794707745732
-2.279614699309176
-1.073761199505803
-2.179846619338932
-2.478257691055179
-3.171068685855147
-2.933987173587564
-1.316884541541858
1.062313802404110
-0.558872362461850
-1.491398793073332
-2.286662313160397
-1.524987702413040
0.535503807315617
0.261959601211746
-1.456308663924450
-1.297625940946862
0.279003324721025
-0.449910177520851
-0.059987756026495
0.805161169337084
0.718770933744208
-0.254679177303970
-0.515469444791304
-1.339422289645800
-2.084881163491327
-0.174402023208342
0.035222968561865
1.192024904965056
-0.166393303770877
-1.045822527963569
0.307172181341587
0.255499126101599
0.754938194454206
1.761430893708500
0.035340858974352
2.139037058415006
0.531108781749135
-0.149420380831190
0.556174128797029
1.541649242324666
2.812757842778626
3.328339472929439
2.714115303491120
3.229630160637076
3.604325446468784
2.917138942166945
4.090897783483515
3.217826986996397
2.792436409477204
0.624840569439565
2.115636072346544
1.771846890877356
1.541287036344006
-0.182618537926332
1.815475295385434
1.166578886888794
1.309852617839216
0.904318349088783
1.276859377835921
2.002203903411897
-1.133830991852491
-0.694129351587414
-0.260236236013155
2.045569507209216
1.523699422354204
0.337442073038489
0.961110893464212
0.908334652769035
-1.137306165738939
-2.233127383168550
-1.952239484758911
0.609628143052867
1.423055028035928
1.160720622154752
-0.161582349752836
0.868090816317201
0.345043362502479
-0.209297899885226
-0.371385839504865
-0.229399853602342
0.740965432649906
0.600912856503745
1.941465436937574
0.212555083176315
-0.086164233495842
-1.195022954266418
-1.447201246879089
1.176673961658664
0.357174713868488
0.980031552119212
0.146430016871595
-0.581289574539238
-0.292749584366687
-0.629970980283236
0.213021309139177
1.910051491702454
2.068100984435247
-0.184676482514133
-1.181382094442074
0.784336371366694
-1.343273235617719
-3.279529568151649
-2.395376403558749
-2.380334661885420
-3.106734395892885
-2.965439987927303
-0.723131026930272
0.018683166397410
-1.290831944178084
-2.090833377151080
-1.291254309943681
-0.889225238571551
1.736518992960972
1.600495820453972
1.221847280145379
0.184498730002922
0.007065170717759
-0.814033279994161
-2.663279060634752
-1.850303986057332
0.238597282767705
0.273566025997768
-1.289957764521428
-0.232315432220689
-0.405451294304739
0.594448715715106
1.162739699798886
0.123940309145944
1.752669979651757
2.214982080287185
-0.217544771241552
-0.028123947998972
-0.484608066329771
1.467531464836651
1.066284985542395
0.814914050095182
0.935738884425516
-0.486813292587303
0.119315952766035
1.556922021312372
2.798678706056593
1.841477017710007
2.043918092650517
4.049415468749376
3.972221168229283
2.992491901616483
5.092857233374650
3.274362088567882
2.768141159903540
1.953512519533521
0.893378827204899
2.485475398309407
0.127321652793610
-0.335419074682491
0.928686147907784
2.615686438429353
2.446229682257230
3.058697488513110
2.391171450540436
0.986493546693774
-1.399837339426805
1.225591630479184
0.796002568476505
2.756916536456091
1.937116300901048
-0.428536310475282
0.999033631997132
0.159228566066527
-1.590351763467855
-1.216199141619846
-0.020662856141506
0.778135683138089
1.419707986998984
1.586378300183759
-0.693389045666107
0.536586430457938
0.141123293898062
-0.868903462258342
1.060260677321157
1.190344027650913
0.414911902043709
0.671185267768747
0.906654522400882
3.350123368750407
0.460500085199894
0.609453727601880
-0.089785922918980
-0.361068988956299
0.326798175661673
-0.705236271572711
-3.468116410925289
-2.031366514366856
-3.921500304400490
-2.192729523716072
0.016031075543762
0.036053591749845
1.040958961185370
-0.123114720880079
-1.556891883028686
-0.160497405603246
-1.104310532261052
-3.273290190316031
-1.955609206725890
-1.851586104951275
-1.450429388725514
-0.057490083991347
-1.931210597516048
-1.012838820411076
-2.174863081769688
-2.211405962504890
-1.467865286014878
-2.755334995018410
-0.668772989539428
-0.614970912774086
1.130430840137393
0.609038060848684
-0.569183160564818
-1.057514653953209
0.003542730830135
-2.012944687062432
-1.579951088051972
-0.737430362981891
0.377658471680869
0.587371191177793
0.038971797937676
-0.686700118067988
0.506493742787791
1.451586533933462
1.099077210233657
-0.490218576768814
-0.598573568187975
1.001958429179459
1.395768104415718
0.013286381690355
0.945967289575515
0.206518269159617
0.679402212522277
-0.586189337191015
-0.789207992284158
3.148875825057637
1.960575751408852
3.166901656399878
2.393390876960308
2.856270386762307
2.278021053436373
2.465889713916191
3.459854616654937
2.723371201954125
1.730435168523289
2.004260089150147
0.854551413679199
1.648617205812147
0.613761580663598
-0.944469888409171
-0.365859543903478
1.594374667967953
1.758682733379393
2.700231287815217
1.931552251360910
2.386085199320376
-0.190295069889387
2.576545989716056
2.627151512453743
2.871487169477374
0.341910138267364
-2.301813738158383
0.602562822083780
0.302152584532155
-1.841902397705091
-1.532369927231056
0.333866555820875
-0.305333018823211
1.512593260004309
-0.379161606314720
0.229770455537094
-0.730982711692099
-0.270126017623089
-0.257379604072909
0.841943922496215
0.930115388176885
0.250347920921738
-0.618617584395671
1.801603137809815
1.254810620579239
0.090166923722808
1.035663751035331
0.684959230360094
-0.415079603371579
0.793152721534993
-1.791491922094784
-1.767225298673035
-1.564117286013498
-1.758536375299802
-2.111951564235834
-0.785855685165011
-0.037629597896061
1.223015014224517
0.699043483075447
-0.923013808832184
-1.194050328232523
-2.278854507678655
-2.919692452031699
-1.797475751196444
-1.654879785032036
-0.757441226698984
-0.539307777811682
-1.253504316107828
-1.023445264456183
-2.595439725580686
-1.945021255015535
-1.323960329743975
-2.066440397388592
-0.612330877523182
-0.768800063196423
-1.534397918532975
-1.001651867029204
0.074246224926255
0.852717681748188
1.810836171156294
0.991007924230684
-0.610720524056764
-0.800653773738464
0.798979248801536
1.343936569219868
1.606802763336432
0.127939031555471
0.603454295889752
1.587334140084680
2.004646594283313
-0.054758318506693
-0.575207876496968
-0.458423788262676
1.221629245115448
1.044110314746445
2.069437889296610
1.437346152719742
-0.032281690093615
-0.886565316362376
1.034381967315362
3.576016309594925
3.790998475949813
2.420498123269482
2.158238758278765
1.775377956824004
0.570346846468337
-0.641474835312339
0.913558136834728
2.781178671258931
1.952844427219906
2.493862019760489
1.845479988332458
0.961885606702944
1.076101821181371
-0.422815541670872
-0.646256257968956
-0.443690566530518
-0.477853552007091
0.520388915517344
0.944549601257802
2.907770599557387
2.708861344908537
1.106898153185712
-0.692794330373665
0.877941516921759
0.046004299158695
-0.949657392160721
0.014895800583729
-0.854213857357095
0.076216288286176
-0.996874400664988
0.777315269011596
0.621073258915013
-0.613244486396004
1.301869501982481
2.092685774884756
0.777704911068717
2.872571185625700
2.182094063085370
-0.313153588647066
-0.390252331928811
-0.543890143182672
-0.560722777213379
1.205777433723930
0.081787946535110
-0.461066783685469
0.899642677468747
1.885524992879220
2.603162720882588
0.858989835097918
-0.605551828063622
-0.717970973051349
-0.622967562165222
-1.508562410386328
-0.734453625812874
-1.455141252864598
-1.246211979028075
-0.533992497398681
0.353178724860768
-1.160297762346214
-1.533526386954930
-3.759584416710473
-2.405438195725444
-1.397325537443602
0.301022134924411
-0.213034221129526
-1.704654769702949
-2.359000937854773
-1.037204027651145
-1.999635769792177
-1.940558767563127
-0.684010999195602
-2.225945515776241
-0.510091325728314
0.002474924472865
-0.230573395456916
0.451779320462180
-0.259545291984071
1.049572708412903
1.469549887240232
1.095468844281068
-0.105163760413466
-1.002902037584274
1.867886726486858
1.636820114616707
1.338406348135758
1.175712374337852
1.424097916300109
-0.079152631730911
1.884542558844829
0.480647011104575
1.549209323290554
1.370515747292210
1.638573520244771
1.276941825037502
0.712684090736521
1.136386378960824
2.813373808650990
1.271444610910534
1.641152570131366
3.123392566878107
3.571462798693993
2.358232210908361
3.626498562404544
2.412190261717660
-0.243259595907224
1.687012855187890
5.511975829770232
2.178572995910588
1.737501063862406
2.938033083410058
2.914149390752136
3.605394558707913
1.626430267565666
2.677429017426631
1.640365141601837
1.913355902585498
0.654435828060645
1.152764760813387
-0.014744993443962
1.780168231412185
1.452041818782451
0.404061765820395
0.457583811823089
-2.074151630718653
-1.309404335697559
-0.318513020375359
-1.018623388953358
-0.632949759348136
0.817592348399895
-0.308633946077112
2.054296202544327
2.625813244933324
1.364120628026086
1.930537907901867
3.253059629642123
2.581744103158481
2.687456847045383
2.464909305537800
0.453681858669019
0.116788701512321
0.632802454829120
0.413076784990607
-0.035418856744723
-0.186980825393535
1.092181979171654
1.827253672998169
0.920336269269393
3.119865231858761
2.122594983320711
0.977944728606874
-1.852961568450645
-3.072097072285146
-2.545277639687141
-1.565575238508103
-1.316309037604399
-1.167309325146846
0.216556242835054
0.200783888818683
0.514488941775675
-1.221534218126666
-2.698783882873594
-2.945618816316897
-1.949592021307923
-1.543903327621161
-0.960284486520703
-2.329453994637036
-3.138126091266749
-2.109779449639551
-1.230833719305422
-1.265208306800258
-2.273628004981099
-2.300284808792777
0.971815150583024
-0.006569915971341
0.875843261688432
1.119841711632691
-0.492387127540545
0.344263295911819
-0.834404377974057
1.985363017072413
0.110719820210788
0.915941113071541
1.887499977179190
0.659032575548258
-0.747157020834005
0.743620936096486
-0.908318531400893
-1.564923645698250
-1.603397156687618
-0.045929323911736
1.454981948396109
0.599788220950887
2.169949407588672
3.001244166956087
3.718012041640460
2.624250397561307
3.379010147308675
3.064738382100976
2.909212403102520
3.548575589526836
3.857481019278028
0.610065287070513
0.479447021342814
-0.055902239592240
1.774203258308493
2.697652006078591
3.752577280427068
4.490790734084978
2.592206090975741
0.058367381626644
2.933833967147276
3.450408301434487
2.084594262652424
3.476174342862732
4.520304506928002
2.165514734339344
3.081015543573376
1.177278736270672
0.395494176325894
0.492942728142992
0.925419141585199
0.520372705584368
1.884123469857611
-1.890448037835904
-0.934822123014965
-1.632944868999553
0.207693956151551
1.322678324665844
1.499169202331626
1.229854942274527
1.619736021762248
1.442249602845085
0.779740764540731
2.490561039210586
1.928238662439218
1.027389428524096
2.084403203500346
1.744844117719367
0.188366494774395
0.569049016940517
1.353425529335078
-0.125873329545960
-0.299679114123300
0.810691035624376
0.669057763660240
2.433890081329683
2.630932467547640
1.964696199349997
1.015947072311486
-0.388632909623589
-2.469557026961517
-1.464773303637560
-1.176953964925334
0.273860250448991
-0.618079129187345
0.552074902932433
-0.910282138802884
1.492670371781422
-0.306881494513516
-1.418110102026586
-2.892374572042876
-4.605573533868754
-3.701151856967801
-1.518372716384935
-2.903883575397936
-2.666015672917292
-1.448352893012144
-2.362024266894902
-1.255226966784633
-4.611129958803572
-3.359602379652068
-1.271713446259124
1.615035337201209
2.693273266159283
2.052310379958775
2.819929583296202
0.917360335287200
-0.060503853831389
1.451051587436719
1.364229293661722
0.061184536292610
0.801218220205935
2.512220461389494
2.057696960544667
0.388874044397447
-0.435316399198534
-0.266952280084690
-1.084360775196684
-1.197842154883407
-1.275316713247370
0.171960843138863
0.453752481485106
0.412856207596031
1.838540907437855
2.243955760442138
2.629381132654430
-0.186264736026653
-1.094811570746184
1.700038148367392
1.779488611445404
0.336673941900718
-0.642282530103507
0.420692815911218
0.344343165012568
1.524825642845514
3.949818601181748
4.000705755052794
3.291857108258375
2.585878623219672
0.253227689695452
1.539276577649236
4.327277709903062
1.604184095557816
1.420195639038675
3.374061216169207
1.982381577518237
3.260043228188143
2.777132984271226
0.353557246647886
1.174447297237542
1.052639647257796
0.545744200930652
-1.631769840367279
-0.066903271249996
-0.330854399100155
0.615785229918947
2.060275133264112
5.140326382519833
4.446286076220424
0.630543471419034
0.081845594197560
-0.402213049480860
1.586418665796233
1.250959651581812
-0.220359856508139
0.535835052588636
2.463438778292169
2.436633915095944
1.093704171924626
1.665227121641773
2.782006654593975
-0.612171374363516
-1.098500312530476
0.522732654760204
0.535489976997790
1.837631490294948
2.548365859863589
1.168900171704608
1.279557977805407
0.931841004777158
-0.537351280179238
-0.902063813246052
0.669232145802360
0.015437732647800
0.423980138947411
0.784974529006303
0.668452110532297
0.683219832834463
-0.063000441881164
-2.466655197528997
-2.012821288690293
-2.695464823456622
-2.967062596236239
-1.576616421739571
-1.590332035970681
-3.070273116816566
-0.690557843094865
-0.140744791526419
-0.873534743255396
-1.697696131443616
-0.845271265884060
-0.613983791641485
-0.866228909980288
0.648066721004151
-0.260242616584709
-0.704664441270374
0.103807043818855
-0.735602252033087
1.299816726250561
0.075036715403879
-0.065660369447110
2.098406348756420
2.108323813138473
2.704707800350594
1.132563707883369
1.355667783562458
0.971288375371028
0.678338238446170
0.592585717968624
0.476845402227407
2.553247671780762
2.050477124343304
3.078595799038049
2.553393500675999
2.813601826286683
3.564921939140125
0.301955443194501
0.303609710294240
1.175512551698101
0.097921379684999
0.132277718391609
0.990663576844421
2.392485310063834
1.537599485312299
1.017916371291148
1.426019772644628
2.847479438255666
3.500311966871530
1.276220964679617
1.960014481248682
2.087834551786384
1.257315975542135
0.928012576389397
1.535662299230282
2.148547523035956
1.002007173286552
2.345708232862676
3.100883006465533
0.714183078213189
0.748482545789244
0.102264450956164
-1.137286010297019
-2.121632136219704
-0.371519967283105
1.178121826662466
1.927962598982908
2.949865082575919
3.714765305504615
2.460779245337777
1.190818661506444
0.348113224817447
1.201128126091376
-0.131872111545542
0.377474092477911
-1.914945898989201
0.064634829691378
2.232296526253425
2.953011468521143
1.636831091987588
0.812678747125756
1.398886426866054
1.392319016694845
0.041143248746785
-0.049455182747049
0.688808134554173
1.108288742638713
1.475478805377761
1.651501266356449
1.720321559968531
1.872276107539537
0.466000414008591
2.517401960390580
0.874045538677927
-1.716910416204506
-1.540508972821560
1.926642687918103
0.465921030487522
0.446174319895115
0.375257776841844
0.015232101820125
-1.122152382844906
-2.064605739185322
-1.663640797933039
-0.980279571583708
-1.317444305558373
-2.856856318843391
-2.157016121474025
-0.253589699279864
-1.165590265181540
-2.018969537751593
-1.056841494501948
-0.814987208871522
-1.841029977766530
0.562716323356484
-1.660452400794236
-0.174658925696234
0.306437319648267
0.242427943880181
1.049722123218330
1.381329728245874
0.148747770014139
1.732585434677254
2.634797168205096
3.047788825071057
2.047531318464883
3.060720990547966
1.518888314339243
1.547996899475912
2.266534944918558
0.799936339986303
2.191713222773605
4.002263109998727
3.916815746961845
4.068618872082518
4.158836006824247
4.308228786643392
1.167699245914852
1.011443964909645
1.277845891969353
0.090070543380846
0.641437257783960
-1.203740419457386
0.732363306662726
-0.132755000777488
2.106533121044974
3.615384277333482
2.334929573207268
3.341128790798712
2.019006527134888
4.386601097374393
2.448596942130786
-1.118318132661284
-0.490101250470768
1.487429959595532
3.014468855926378
2.098806796685202
2.000080092079874
2.823260870626162
1.322371389976937
1.874799508978332
1.323985364545731
0.783773603920390
1.092183131845061
1.751834151399220
0.320956938904336
1.897926182271680
1.421801487616450
2.627817372151931
1.039004318547209
1.189593261352520
1.997689082690679
-0.560555197230443
-1.433503228889873
-1.131534926321733
-0.932933354077719
1.010383402395439
1.206523765587395
1.436874002964320
1.478802942137713
0.395835694788094
3.187175330159966
3.726110404909022
0.403421164457269
1.265901121385172
0.648648827625901
-1.017014515232308
1.549329554965305
2.540951711062696
2.736685060532697
2.796629767469404
2.227291401832948
1.304997724290521
-0.605525053632083
-1.048725955780617
0.211034992243650
0.350812108948422
-2.845763828051254
-1.159724466526806
-0.930252127329972
-0.700668757285084
-0.160286459018772
-2.087641206131500
-1.041147605529168
-0.048267385335672
-0.480731609840769
-1.438355999285434
-1.990296418258623
-3.074109659327133
-2.195287452218467
-0.772589944212243
-0.721253754148135
-1.384731184618594
-0.545513145183120
0.074341971976292
-0.517865357282341
0.260168641498446
1.853276747695231
2.814235018196725
0.931939748118549
2.082054615650605
-0.916740075250426
2.144070565612931
3.233657301020103
2.980807860906095
0.640192987219765
0.486482909633700
0.765202788940814
0.400896784008530
2.040798683690862
0.837996497800526
2.529623850321497
4.390365401969086
5.482980038902492
3.510980096579387
4.682841421437001
2.747819834704833
1.460812129389380
-0.178637951926008
1.185056550594051
1.687470867902174
-0.251667292243961
-0.029516936897470
1.075596000632876
1.759810137608323
1.849737821993263
3.692515335834302
3.244015998936593
3.041906515622679
2.029962223591683
1.826321039844951
1.609043801022945
0.416571110437098
1.076636740567661
0.945800268332242
1.278005378167899
0.667762626531558
1.130779018934122
1.071225468508981
3.394550620843365
1.026378582648837
1.389880889003450
2.940519651245606
2.839143376134639
3.112569838671561
1.432996506689718
2.841848266622635
2.156751288988727
3.951464044698445
1.280399328056165
-0.012353607436420
-0.548083757572944
-1.513648790823021
-0.433991904854415
-0.533571319169616
-0.239160293909971
0.056401011323494
1.331004144356892
2.362733274876036
1.906418308202685
2.663742771501958
2.668515651816217
2.922198970316794
0.298668371102533
1.967757073959335
-0.313307329715134
1.721404114028791
1.943841511122888
1.241186554317087
3.081424899698767
1.818535211263751
1.983276337997519
2.132274644649855
2.019774175952519
0.885223004224253
1.464099599290277
-0.859526221580028
-2.677202695978565
0.165343237168833
-0.827238661950348
-0.054159962333098
0.180606019792787
-2.131272823048506
-1.746064194269120
-1.578605343224823
-3.168928404889764
-4.114307547529275
-2.013504142986358
-2.980665759020257
-2.143027693140340
-0.946197277523075
-2.578383679058876
-2.815023257749255
-2.442601893171644
-1.326265071263953
0.739392339446126
2.597962169008373
2.454790829523226
1.857217908452875
1.421672906926794
0.983717744048863
0.852561631725644
0.018477599079417
3.855513389554536
1.885889755675359
1.664050850369380
2.332939103608625
2.150472819230103
2.680604987540501
3.023412474594861
0.294563169807665
1.497342087656682
2.168910295748248
4.285880983654613
2.945853699886536
1.790245843921801
1.427110153621558
0.736817029917038
1.334982818229096
1.629731471645193
1.803575589501753
-0.972743378938733
-1.375841272155691
1.845900830765594
1.659124314857932
1.064033361692306
2.387975460050268
2.897556606979141
5.224862005713667
4.220722047816015
2.989913248250018
1.184780665894766
0.004737034470821
1.447797876341658
3.022061418140708
1.231993266012936
-0.155503943606728
0.403538502357705
-0.353917723990545
0.255881456859610
2.343061985189419
3.448974162086776
2.916901945165815
0.650968699953660
2.187215544217727
2.969669256075285
2.854623816125042
2.549451664951572
2.785642551175425
0.854731961026302
0.924975876995348
0.697263352502994
-0.322974481609002
0.527245829044760
0.249044721016659
0.875760568791440
1.964807367807040
1.503197700079886
1.316313477447239
2.606290765953965
2.463772293368456
2.258363062526295
2.248431752569985
0.550653816985913
1.505749660295168
2.456857765795310
3.414719080951858
3.610995489026049
3.392572768696840
4.328812203389477
1.171824495515374
0.191907140635438
1.040917639715797
0.790110059196111
0.927045292759584
-1.385836962446589
-0.958101710350868
-1.362804494202984
0.676954820010801
1.992938370006072
2.590429938585629
0.292177054602980
-1.487025824040710
-1.562539355921128
-2.643702776681547
-2.613383965590267
-2.948867914070458
-3.027171544453030
-3.177819241486680
-2.123285636188803
-1.480308912646698
-1.905379601963031
-2.389304534174140
-2.279563610611934
0.936501019815101
1.496920528594960
0.551709596133503
1.288107422455887
0.008481258787068
-0.347917107162628
-0.183844281061631
0.380411541227134
0.828679983104010
2.889921516982294
2.022480528634209
0.212802066838835
1.414007383285746
2.194870163869278
0.973325047155577
2.323865838332807
-0.307286986462934
0.656600296924454
2.202907730062428
1.886402657374711
3.715327694739012
2.271823986547854
0.441450236692005
-0.270310201899202
0.046422817528012
0.375554523291509
0.536691225219689
1.558180436632286
0.959436168244221
2.023398193632400
0.098837312305564
-0.127710195541956
2.231342156993269
3.887727777916961
4.373515608295188
2.688056760361290
1.592138649403718
2.756132292024405
2.596591417662671
1.322030199602417
1.701638502812424
1.638372889792095
2.033386758321284
2.734167084292169
1.333274997065518
3.904875124015549
3.910938772527536
4.151205425019528
3.091281364397676
2.680578922862574
3.000104732272966
3.677672806754734
3.058580653637114
2.898812400742413
1.782536673102073
1.570575304926337
2.851377165609018
2.511782534655692
3.223851268919875
1.386704550575113
0.725130558493289
-0.643771145048226
1.882461162146959
2.417216026715865
2.007422090947965
2.071960429274064
1.402813402869127
1.001999235104940
1.180860970869472
2.563574025685408
3.975926181295137
4.007518669813097
4.581836938117874
4.165347788844346
5.190031253963744
3.899791939817393
1.788800798123432
1.784958039785892
0.277713430831314
0.257208712186558
0.641865403045398
0.670495708656992
-0.104163550292643
-0.526331851016865
0.410256100551518
0.489050473873840
0.535042352344757
-1.341819414641979
-2.625890917179320
-2.113124557289525
-2.575252406055792
-3.111120700181883
-3.000385919592657
-3.434633401009845
-3.188267456857582
-3.796557221503338
-2.541269794978656
-1.548695903027209
-0.959887390762750
-1.722499092519606
0.154244801927192
0.282659889386985
-0.674890238217579
-0.778009856323626
0.450898243854795
0.798583083720977
-1.027539200370925
-0.407815590495574
0.498616962162296
2.184361043428605
2.515421633369102
-0.894763056952691
2.498942150237141
0.436563638645666
-0.369617771330833
1.061100899096248
0.927095576678543
0.798492527092035
1.044313095560611
1.745576124950535
0.232247365139945
1.071145507187211
0.461041056630435
-0.496130464191117
-2.286059206486869
-1.765928203326965
-0.514756936285175
-0.970696049307855
0.424067897338357
0.887701599046072
-0.766583328769171
0.391555425500186
1.861836614653941
4.145634095685486
3.943109428349159
2.673804928525583
0.700790885068593
0.496466890491206
1.596077754729588
2.157478777703663
2.372869760214943
2.109668321679330
2.363728073614745
2.901843159253299
2.637255856295492
5.098745063172549
4.609023982351493
3.952263329957392
2.834344068391965
2.790375491802508
2.878700146337323
1.369760271935412
0.949640294891012
1.229279692161981
1.567921817330231
1.251956892307640
0.343211508507345
2.595383348452854
3.059355272768782
1.692037865998899
-0.445974922062401
-1.456300994585876
0.471145669510411
2.722640609033450
3.019654685877494
2.228357289471360
2.370199186021547
0.874808072315161
0.255697468794339
2.195443371213625
5.333154947514411
4.716265472007741
4.745897035562226
4.861206662038339
2.749548667975847
2.738173667574889
2.663697956400958
1.047511485668621
0.465871176947141
1.170407120833236
-0.558864919551467
2.346093272964170
-0.350037705673150
0.236774791973380
0.034981986452822
-0.657254024007357
1.105709886831477
-1.567349419916144
-2.644049118338134
-4.820961058599420
-2.553445787086881
-3.148271834722986
-3.690471516777293
-2.391639665732983
-2.885018795219196
-4.722451548763794
-2.694178608227750
-2.253972353031688
-0.567981756326646
-0.927154948311684
-1.083020622526734
0.254409576561694
-0.343925097039241
-1.634641126170765
-1.145783455431229
0.400282832974189
-0.662031636628454
-1.463080145677149
0.409078146165834
2.396652870811298
1.838994846703535
1.988566441185998
2.457180209329803
1.231253864724315
-0.177164512578071
-0.449106177342886
0.394470809401517
-0.305476875303747
0.885533704907060
0.408313737999070
-0.067450454185738
2.019907119020546
2.169605044946696
0.789194944916695
-1.725822576570505
-2.353331889747402
0.384852019526876
1.087442375980765
0.121623194760571
-0.518725868311643
-0.339729144286396
-1.082277855408876
-0.735491709977319
2.365698470878202
2.008841691359867
2.071900279605110
1.279096250660122
1.090872261906234
-0.221410039894054
0.363818425786698
0.309012996556339
1.617215649604076
3.588946996245225
4.748174810999013
2.745760056852861
3.147086186180401
3.492662267283007
2.776294912224628
2.318993444596974
1.331031082695314
1.211141920794284
1.563267623832247
0.950615704960971
0.869638035475040
3.833512282889434
1.496750691786692
1.838152018800176
2.851797439949424
1.613089474407556
0.867977655888376
0.523712299971761
1.732660303755268
0.620181070259891
3.340535960275901
2.498281393322544
2.501877222864128
2.541284882761388
2.996497867560462
2.268607687287997
2.583201898360280
1.323314482398207
2.567052875426320
3.992812321304994
3.938615120095853
3.208612279366281
3.801829451550307
2.564176525801206
1.515847541354242
-0.751631624943663
-0.761505594638236
1.535924955003019
0.205353876620578
0.479430839459576
0.161663018332058
0.583773382136943
-0.357120849668124
0.857083784614189
-1.149415021253705
-1.331958154237288
-1.793444122807652
-3.560995059153916
-5.281555179544490
-3.023269703272890
-2.753276548303356
-2.045171952824206
-2.941332912312201
-1.028455735922072
-1.737158877416706
0.429445779877075
-1.461354513921512
-2.195042985584349
-0.677855752116995
-0.659023594237716
-1.641759015916666
-1.553952711934023
-1.725582687186133
-0.199012932233797
-1.808183929960522
-0.605458034554387
2.020889331418399
2.831868399249431
1.128626683520991
1.830226557495782
0.841551827221003
0.811195551921608
-1.220901908929816
0.148674527830070
1.641641390731412
1.906579778420332
1.391436905009899
0.504956424660196
3.137428431415743
2.529600852584129
0.811555005774787
-0.183913927528604
-0.976721545912196
1.357706786129795
0.765966046475453
-0.967486092750105
-0.203387605368983
-0.693201467895547
-1.736354338669350
0.351632692500621
1.655623835019142
2.395926581082005
1.995820170962055
0.654564611990928
-0.557234554156409
-0.338242511932659
0.497303677997256
2.900810464953794
2.230273495754485
3.750563351422025
3.924031340881583
4.926991665119720
2.082342763617014
3.017512237001959
2.295974125910153
3.373724493228737
3.200409570913716
2.129340016985783
4.287188640802136
4.286658870346518
3.152113948032704
3.672613386128797
1.094785883296760
1.671837201452965
3.509980218153668
0.932520159267270
1.872375254890587
1.048838776940008
1.049674258678824
1.251537263554177
1.630761355707979
0.269930775439720
1.807557805679907
1.012149331464947
3.141533308567794
1.674353763571219
2.099750607002988
1.048074522084887
2.477418466565491
3.475332559732753
4.590349596106674
3.580362198351601
2.917000233382504
1.313342094144136
-0.553299109059458
-1.103291198853882
1.309136447042418
0.179652196162162
1.632691898078087
1.431991683847672
0.447066133870155
-0.191352762590193
-0.437899497184224
0.170302217139948
-1.385438644672154
-2.387269325345126
-2.823777082407913
-4.508841834661828
-4.906353986041258
-3.137518983439881
-2.429447362518970
-3.309259031804655
-2.362239570095176
-0.643175759177889
-0.826971326694904
-2.017793538193944
-1.524717755321795
-0.342627373455680
-0.275828838798332
-1.683816394166360
-1.692529379256102
-2.648353459023856
-1.678682063493897
-0.668082142684095
-0.635001360478318
0.103840249727686
0.271634210986946
0.429513711447465
0.873912653061646
0.433050915183376
-0.257614184736509
-0.968981504249726
-2.566765798530510
0.804260510270066
1.087035752524896
1.752217096510790
1.561120789073022
0.985155624503795
3.188971180416456
0.901898448095659
2.881660502059327
3.438011216846181
0.726761832084884
-0.294442795364648
0.106682669236027
1.397183846043222
0.945382804952289
-0.072617388702303
0.157452942457597
0.037299054785869
2.251722134587512
1.951689532329272
3.295762698710584
1.670806598555155
0.677467786147986
1.206220284389909
3.013003921859319
2.563037425930294
2.729947781981129
3.138823404106401
4.051662132250121
2.855772872360055
4.164093421746958
4.200878328987751
2.605294787489265
1.846134412986303
3.480297724878999
2.523469345936052
5.694874750304306
3.922617014558519
3.566504502938423
-0.413164008909847
0.743622876466652
1.340971101266600
0.966730417265967
0.955136351216232
0.225570967173793
1.023120911497702
1.360738399278679
2.077290138632605
2.507198915761024
1.901154430983457
2.279374851164983
1.160442628970956
1.639052639574683
1.476883858411890
2.256925886212240
2.973655599172111
3.122831479926089
3.564023297920088
1.728410359128846
3.500379565434685
0.385893568875911
-1.444098518082623
-0.205015207844737
-0.453929983550695
0.187456278935607
-0.186264203100633
1.447595319832343
0.085543709279958
-0.626311814196182
-0.457948623079436
-0.906387857108635
0.468619270094459
-0.133635085971013
-1.573693410336658
-1.756302902718000
-2.616602918052436
-3.035638216701090
-2.708675952495845
-1.350897629316196
-2.037145912691428
-2.362001011572308
-1.075852262245474
-0.716733234841339
-4.261809717698804
-1.603491897375018
-1.178619379071177
-1.755670176101984
-2.135237830208890
-1.769978716815247
-1.835700806595361
-0.312931127103743
0.022718497534021
-1.402897480326876
-0.517045385534499
-0.625602727734115
-1.143519298375577
-0.874056226751069
0.179374613156160
0.510184158448344
-1.561831969049425
-0.786823876284666
0.528326511012923
0.971194474422653
0.961389297404158
-0.760682660837615
2.151855918802860
1.172304283759554
2.870533277239756
2.565240860032433
1.511375689899573
0.789421455305442
0.555121065980943
-0.275385585966638
1.210996851015384
1.356538951943950
0.074617612111831
1.144193751338293
0.659529587260752
3.796531718267092
3.119922990081954
1.618461511652458
2.721953151996354
3.090775464982214
2.660725304593993
2.489152542666290
4.086264070314322
3.099779211989919
4.680369046426710
5.082068272727104
4.614193003015840
5.505695304113321
5.128689389085360
4.009577378864167
3.229351677889817
2.678321197272071
2.551109723178254
2.239842235643209
2.565346196769682
2.408086554744678
-1.282437993416240
1.766771060858314
2.071070728686013
1.748467187652048
0.906833052991699
0.736522179059915
1.240705268758915
0.705221697981586
1.737360108585804
3.770379102851822
2.997227667294884
1.873694613851463
3.812501044744506
0.565982602612612
1.541634470650393
3.393135497356232
3.086452780252459
1.589592153635121
3.396078931781956
2.677303981225295
2.642883508134552
1.971883449975823
-0.695864581476524
0.061771395027021
-2.084505638832665
-1.119301474474642
-0.577658859709060
1.860402358397688
-1.330788298664409
-0.928099624231166
0.196514906766216
0.244431052534421
-0.938408030619743
-2.215645386302959
-1.557199381931925
-3.919416317764970
-3.975301600340437
-3.028970782584762
-2.141328340387236
-2.496553259100613
-0.303998860811790
-0.839217163070844
-2.007838879998327
-2.232244205110616
-2.568210318257570
-2.001648004622421
-1.094788516070028
-0.714656862181831
-0.059656219315165
0.415573071472455
-2.244239904984859
-1.992340503872689
-0.923604675010737
0.253784528776071
-0.643198026569963
1.001697309906393
1.677953590786996
1.408331568158868
1.235996208256063
1.634519003620549
-0.591831183620470
0.952758298750206
-0.483434413254735
0.488141255398788
-0.815906830160726
-0.881330465477021
1.518299764504564
2.383073321701755
2.746211786082449
1.558120735230117
1.103549481997258
0.292685191375924
-0.800510791061833
2.550684980067906
1.853020452863364
2.045924405415676
1.659462038740229
0.562337738130420
1.199702438617610
3.061604973377996
3.912739748213895
2.338485827811307
2.132944786813847
2.902944435303603
3.623447431579549
2.639122247108288
4.235738598935696
4.128390999303359
5.359177019465506
4.063635936273691
3.914118187134393
5.264260115219295
4.371258238554776
2.413909621820896
1.981043858816173
1.550818209920791
2.642739969966461
2.349600601055676
2.531672729766216
0.077916269792008
1.562080229659693
2.339165563322461
3.829253233864867
1.113312630215379
1.491047187925649
1.695818122134789
-0.939966432186634
-0.210648510327255
3.205850492854315
3.452549113783522
3.636826641762751
3.565431276238640
2.551216452609461
3.345317604112352
2.043910755082647
2.173768914094547
2.409484733380455
1.888346464087071
3.029946791890838
4.051622136115038
2.334362882243941
2.032227581959371
2.647187209594542
1.372486555298793
-0.339578163580542
0.590211405827066
0.147605506594679
0.927386709826120
-0.942988147442100
-0.562736836265853
0.015311546517164
1.472259679402079
-2.377227014882955
-2.506469252237315
-2.168654799718972
-2.588959307631654
-2.325832716878590
-2.836180021419771
-3.028204685807199
-1.778393798458418
-1.492203102172100
0.085425523906555
-0.268393894228505
-0.251930335554276
-1.938456950739515
-0.178122893221163
0.612979595769420
-0.232197519624853
0.151537704545955
-0.561076214718269
-0.520266181475477
-1.926298996917098
-0.692518887175232
0.314504839017486
-0.114578303958998
1.631700725937434
1.834017521059014
0.787313036677400
-0.735552631408025
0.035602480316261
0.742876518745837
1.568661507736514
1.395085048027651
-0.440252720194822
-0.124589396779474
0.008451382484271
0.094447371431322
0.821477918276349
2.647963338723507
2.663783884924285
1.103141252647382
1.761328882088789
0.003990905743258
0.367026089575556
2.339529651942944
1.877288316979882
1.577820058272330
1.875341266193082
2.868965161010089
2.741035455527495
2.960442177856241
3.163176040402591
2.094880593214968
1.674831967205736
2.951907891048471
3.263363329993449
2.476797504616773
3.409410440358330
4.128948711448379
3.771598329553976
4.602409732697386
5.894840117458545
3.822598002936897
2.827439790231665
2.595098368021326
2.222762247144693
2.672023373548136
0.876041449913949
2.212429554626352
1.190099467344743
0.980186326300027
3.965960987062416
1.231642697736399
0.901990584793633
1.844023339835326
0.067891413388792
0.020645300281535
0.163368359855522
1.266934879149766
3.588912009674739
2.957589045020655
2.593921151240611
1.699745512979469
2.818396995772866
0.881539242473941
1.525538013918685
2.973738966134187
2.770801156465751
2.254391311884563
1.727721256750113
2.118254023624150
0.474618099604099
0.524712329819348
0.993689175012140
0.427733162261807
0.078813649444878
0.070583045953741
1.969322664924306
0.649345630902673
0.700979209026886
-0.347801948604532
-0.544089022707905
-2.255823451386085
-2.799821231758753
-1.871484119966758
-1.740441977260617
-4.236585445346078
-2.542094798210164
-1.490204762516006
-0.301327300068476
-1.143994344137157
-0.547583086412514
0.141700654044360
-1.740458221475865
0.030047664989462
-0.165937746326454
-1.477745018664282
-1.751081878455486
-0.660131659466247
-0.773572064113166
-0.419380144506566
-0.665900985996493
0.586199072619610
2.015202047939883
1.260938774858714
1.159630117518513
2.513842377664075
1.817909781887136
0.933725340899609
2.100932570543054
2.666244381269764
2.370416965975000
2.524007375792933
-0.267486695614286
0.310315796961809
1.022737895986481
-1.198797958793461
-0.167229103179359
2.196373413135447
3.424606414483595
3.268723956243838
1.609851391053238
2.522892369930124
2.629545382229481
2.642031127612535
1.811592218322044
0.863383146951329
2.725455788923032
2.146738827761084
1.764976318054050
3.160674829186913
4.674768179203871
3.055806886895534
2.609896100857190
3.107593838825616
1.807670184480232
1.783243592974149
1.358936747394077
0.775440469125308
2.632455030096296
4.184324262132707
4.141399966844350
2.473725072418260
3.099924435414500
1.550056691733207
2.630777140389913
2.759623109786691
0.504192123295108
0.343379047264070
0.740671848652702
-0.511439859964094
2.094135944543566
2.730618997929394
1.433954663194765
-0.117893324586694
-1.154005963360117
-0.561050272232634
-1.202702048893625
0.288722267474605
3.012455744663170
2.158736166674474
1.721059125445699
-0.394441360772933
0.830723971131173
1.258085737326228
2.352215433581841
4.036904035235060
2.291542055035849
1.526184575777807
-0.593853067030983
-0.208190958438969
-1.269754540302005
0.306130170367040
0.801512701155926
0.856930639698247
0.628941537607815
-1.967692179474047
-0.095504213576074
-1.063803389418747
0.626528776819254
-0.239154353286441
-0.252875119509547
-0.865476140031593
-2.091112471520236
-2.334845083673449
-0.163572681867067
-0.914544060678011
0.312139625610293
-0.126177394466431
1.873703004097293
-1.139963608581708
0.712353783917297
-0.639673962893949
-1.797754185444904
-0.338344148968292
-0.786262128720814
-2.645541712200601
-0.650616969334538
-0.441215779228152
-0.340138095309491
1.453237114697134
0.675388768991205
-1.212950093260677
0.774320645747225
0.512000427733857
0.043736589791355
1.326362004292489
0.904380978919206
3.124639039876025
3.630166935104833
2.809878598641244
2.457001676055190
1.629563323093887
0.462335222439845
-0.389355220349020
0.773783019170659
0.181108238873987
1.668018466769987
3.273176559726268
3.545296716316327
1.879064593901718
1.298599316478542
1.815106109510296
2.898330306002540
3.509448383105116
3.408659915027153
2.725311235617213
3.538633783805068
1.998274426792828
2.452622709967748
3.433942199439201
3.786314196509763
3.435818866352797
3.771309781801364
2.606432093912589
1.403125206461587
0.183282350080026
1.662901319064291
1.218069485651744
1.906888634074206
3.235409070913066
3.669648690337131
2.853510863222266
1.535589452945379
2.295198730140629
1.589908099942965
1.317706577564336
2.843609524521805
1.553861131839555
0.868911984505169
1.333258243314936
2.290749562648448
0.195861177804930
-0.395353910184818
0.204757880263364
0.508010562478884
0.097744635129337
-1.270410848425500
0.361568312889711
1.388198278803454
1.041753946310255
0.915130249272596
0.688607453554767
1.021103276816214
-0.283516688325492
2.266386834576026
1.761291908156091
1.372868763851914
1.613174240942534
-1.590398641023562
-0.084504019550705
1.222202661074047
1.279618105013347
2.704105174451028
0.403093543674531
0.341717745818403
0.436855394844156
-1.127209040250183
0.044605153650244
0.700028157130322
-0.045045912110715
-0.105850602058219
-0.588108838951059
0.514222145432252
-0.890403432360055
-1.398046838910203
-1.746026241237806
-0.868077844291204
0.394558052836930
1.510850256578573
-0.915396625365703
1.744078914638702
1.998614949432945
-2.463219591007748
-2.197034510165909
-1.899110934387178
-2.133150429712550
-0.916006933302612
0.216478588553966
0.775593603585200
0.355726168286643
-1.143276892088036
-0.984899920189569
0.550077315753030
-1.315660352563088
0.351903985496939
0.349405870095468
1.417302613776795
0.929729676811537
1.461606226656413
1.672318981904723
0.480796275479029
0.539195298590908
2.469511186339065
2.620453243778938
1.377918381662889
0.027300366149799
1.571882232572613
3.243178620106847
3.682276262577641
1.637271673081001
0.336311749175528
2.829926676165953
0.278086938605302
0.795583968149344
2.413640547043874
2.879716540424110
3.131338787623176
4.323668082769825
2.998783964730780
2.169110327732591
2.938748018060290
3.532284885397555
3.352286465254945
2.324069925109526
2.492471760742920
3.069403488444404
2.063533582144106
3.911026292650449
4.403897117880391
3.342101448003314
4.406111047044134
3.083540722975383
2.664592945690277
3.359876393644478
1.982992019560449
1.876771456963120
2.574008068446080
2.713393610694903
1.989700844450790
0.433559082199714
-0.952202375371333
0.150823127148239
-0.991257792314297
-2.113261745327080
0.408972023701740
1.079757649054246
0.694728859854965
1.629295336100440
0.538687286196147
0.621805730141284
-0.302244064720582
0.690916658074578
-0.585958621020118
0.185799712021542
1.559919176437885
0.804262271553988
0.234701906959768
-0.671090056064581
-1.422610587027158
-1.756091313772077
0.024959498583461
-1.306535439403568
0.062806045767799
-0.372885975915657
1.242599555668155
1.944659297282672
-0.796419616364682
0.467067759957591
1.181267679205514
0.816268573887563
-0.682793162548736
0.717137368125795
0.383282308684774
1.796253080141069
0.406079378159614
-2.107003587233216
-1.708245312341642
-0.554777039440410
1.124308216149075
-0.008583458366753
0.426607742144474
0.525477995080267
-1.491608099180741
-2.809821342790323
-1.568956154628454
-2.328709582180935
-0.867779934376940
0.546170397987525
0.312499830432049
0.294436754183347
-1.811578685115559
0.286152447214100
0.685847463437310
0.747398435162432
1.780251372189730
1.524319117372976
1.939316402036957
1.879333879337202
-0.030780687284040
-0.995409383173010
-0.203064778369483
1.115723108184355
2.588525207040531
1.762545457598936
0.295625727890812
0.621936434796765
1.649405922455134
1.221382835511853
4.819505562674694
3.089203584084649
1.264661190886486
-0.022836799479449
-0.841061526951444
2.090742754135743
1.916647103397433
1.415952388619279
2.358960768130626
3.451009289429625
2.631034545135418
1.335122564256152
1.578240634845167
3.186969726098028
5.420886084297130
2.497975041652902
3.541403940038169
2.719093257144023
2.417850285484267
4.453733280042140
6.587057733500370
3.892567010736610
2.022925294897749
1.940627713058057
3.734363308879425
1.320873260537216
2.032186827301397
2.794718641273129
1.350746717005465
1.214216221852334
2.226124156020404
2.151578803293508
1.103704729250093
0.729672265582434
0.139869859031321
-0.887725911921695
-0.620086606007062
0.194738499919284
1.409608775187115
0.803334426483989
1.534067406151374
2.577309302474696
1.637563997697363
2.102096372289588
-0.186268984742438
0.680161619753534
1.232773664017200
1.791611128267560
0.695467181771605
-0.299251368801469
-1.467544202349560
-1.182898138355707
-1.514172356750943
-2.714119289762954
-1.563240494222386
1.254021588502402
-0.380574036249429
0.356451866529221
-0.506695516670643
-1.198830064648560
-1.046519405363237
0.328330414781290
0.023513345494137
-0.439728564618523
-0.084308406983797
0.226466012502481
0.571629437609497
0.684154912437664
-0.517947376130952
-1.073294691875971
1.127482793554531
1.127115571872205
-0.824861774511554
-0.339069537884173
-3.110894913756813
-1.950029517402092
-1.618511149363191
0.047443648990594
0.895472084873212
0.961161646444267
-0.031275692616769
-0.121600778677447
1.364960932061092
0.320849033281160
0.980371308882133
0.993557227736294
1.107839138631310
1.467311936884217
0.597801343553136
3.589759400753674
1.287800743969446
-0.295066770962363
1.948288880070012
1.133305190415126
3.417287255831817
0.524482431491843
0.574980882509858
2.245390028730732
1.179231773104902
1.737759609369212
2.993393015806700
2.415651993044551
1.152544644037576
0.734332871827037
-0.089475373617486
-0.034516672558697
1.974450988932497
1.629077725830295
0.293452378841986
3.290331873313485
2.672159680322013
3.092573412423156
0.634494166337057
0.343132992469929
4.457001834925252
1.106668918862083
2.309765794804969
4.904767736725367
5.052359855606078
4.693449620854977
6.790092338295797
4.266349420933738
2.836977096772571
2.549665950430479
3.858578512173999
2.457648053113306
1.769342701235397
0.543086294786604
0.661290876930541
1.357845084961487
1.740876562832788
2.349000474316501
0.483971122334728
-0.110516271550216
0.630343930997772
-0.892245677433812
-0.071523949143234
0.133443989859489
-0.421278082710682
0.333289218515860
1.239432711758472
1.038811829459350
-0.992604158425387
-0.453191182881254
1.515170150803848
0.003515892222704
0.729824043813921
1.368734678313382
0.889632176322709
0.616838647014548
-0.685635267028675
-1.577355538330259
-0.984789099436333
-1.500626844607678
-1.131406924562572
-0.260124776596421
0.351971223029395
0.076439460816826
0.857069182600106
-1.549035067298333
-1.564320058366616
-0.827858880627511
-0.380264973234846
1.488390369685162
1.770692645353599
0.755896812240708
-0.569034320982171
-1.533991496313778
-0.521827801940885
-1.254328478097140
-0.263532314205055
0.571495086919262
0.617448949219191
0.607266879772665
-1.083978439314555
-1.331815705006110
-1.738830705912118
0.788432427910171
0.055920538057234
1.031954609439403
-0.408616580280726
-0.353637126252664
-0.115872704148550
0.419068555560049
1.108638970297638
0.978006615958200
0.591665505080131
0.415989182516507
0.291384319288127
1.961590013585385
3.496520181081746
1.686424820950825
0.135443916164691
0.851344258369119
3.744401272845861
2.558663656335309
2.290170547948515
1.828533065854148
1.388930875736555
2.214230498613435
2.771066361188044
2.739811969181057
0.539866167762754
1.251498760680583
-0.916409247438469
-0.408843949219022
1.411486078567432
0.220729920727701
-1.681043149900956
1.027301766075106
0.712348308884576
1.116155806533232
1.941171063757199
2.724235134791452
5.217677769926697
3.379818196605599
2.052485444720763
5.110987307187781
4.926068861356700
4.757808546868415
5.153672599653933
2.757408528533724
3.509484723158959
3.152092443041765
2.692819614684615
1.024220620990495
-0.189481047436051
-0.168907692363742
0.695581250051644
1.886624957104290
2.635835906446486
2.331112932367252
1.825056367833010
0.543786969954505
0.873797258670730
-0.611580400747772
-1.180023955206552
-1.460981090502934
-0.477443918687695
0.502528145334367
-0.771888677491904
-1.498968764771818
-1.090298214886166
-2.301620184620653
-1.338376091559994
1.532572699228292
1.069857834018680
1.873658788219522
1.370630837479279
-0.480629222434567
0.075130191302687
-1.863685970265223
-0.005436907342361
1.635991040487391
0.594838319087852
-0.706385697588772
-0.255840123443869
0.911293724659329
1.159550668266480
-1.012929751522365
-1.720430196527408
-1.046840559352163
-0.030939112809264
0.825753209640330
0.316754487411152
0.583570206509693
-0.743102721634070
-2.329816942453079
0.349628523091697
-0.527537055883355
-0.825157996441408
-0.158414064203281
-1.037466993285490
-2.455543973197174
-2.615642108270196
-0.943211710934791
-1.526758568668815
-0.898667658756421
-0.650824976404194
-0.145289031371636
-1.621268648299165
-2.409474421792635
-0.369701665199295
1.097363810782941
0.172487474442224
0.952525727967852
1.569322119420652
1.263229708511235
0.726749718621914
-0.532720249010615
1.688049023435259
1.354710664051852
-1.277266195838676
0.497722119802827
2.305583319316284
4.825363015780653
2.642739544083155
2.954765480442774
2.664268391587922
4.018605016848606
2.475722802170745
2.488792541216478
2.237727939838398
0.136454201905578
-0.735946246986924
-1.411253035899005
-0.488815004639601
1.195076128799230
-0.816009516777076
-0.366126909204230
1.978117906998026
1.384542411773480
0.418534145936424
1.502483956852852
1.118671907001826
3.377512105671683
2.556235907882351
2.872535761908698
2.978151458742710
3.852144942175589
3.586747701490211
2.917303572232782
1.069114777719452
2.129940725770191
2.149623404076241
2.853792325676696
3.699319660967010
2.671022710830866
1.511465336431304
0.557754700373246
4.058016251343843
0.402913282957504
1.894385985874593
0.030507947635000
0.045456407852875
-1.086824247928935
-1.430584905172040
-2.265093153551218
0.848889946531101
2.516661172403371
0.609115486653979
0.877076864295047
-1.923359757447111
-2.402251773915523
0.573004210237994
-0.030900421162647
-0.320316704563896
0.617550766684491
0.163483344758758
-1.044695708831071
-0.969701430492934
-1.376230437917798
1.518290837286766
1.323572383264791
-1.181569253628966
-0.471112846420148
-0.582793796519722
0.847909977104643
1.326552787385456
0.779971176839240
-1.477123328226357
-1.606775480941871
0.606048760964010
-0.113279415057107
-0.537345661042795
0.376535604363095
1.263539516015554
-0.114046332399690
0.372293076578412
-1.628909669890720
-0.380488401977780
1.233107290005804
-0.576557860819873
-0.886079188604698
-1.562716025916226
-1.264513753909938
-1.701059817484705
0.186517397936225
-0.701711717275980
0.490827688534891
-2.149163277243113
-2.170575294974447
-1.196401785407019
-1.072656636554935
-0.123472324290474
0.347609365172773
0.028274444921927
0.143325905903501
0.647231086753953
-0.532328812150989
2.001717472639077
1.703838565630607
1.781058767596277
0.025118606854960
-1.742308532363069
1.464032485913216
1.381300437626374
0.812221561913200
2.244807238370410
1.882187020209004
2.312524494299170
2.658421823392587
0.433736631382246
-0.818783568130454
-0.065869150009902
1.057248600223305
0.607280038416383
1.613141542269858
0.814932591997335
0.079558307755877
1.376768052199342
0.593225883701866
-0.752702368506226
-0.506689093276186
2.209346599473699
3.661061583528173
3.995227405086973
2.648880423782129
2.054280328465032
2.811836129578534
1.874613966026979
0.892275866236797
2.656324272967530
2.355106109947449
3.084646100543285
3.252570900113952
4.217939945430420
4.512527224896419
2.385289440616409
2.453414325229229
2.463842838756922
-0.733931765878674
-0.501869671731727
0.616295331877020
-1.139319976605835
-0.952536468840879
-1.164095046721199
-1.647674401136603
0.568513048632573
0.341341078603332
-0.604671303574601
-0.337699377903358
-1.374333389149710
-0.343394924016929
1.380916601423199
1.688982137373843
1.872987381672909
-0.967726612439334
-0.361864502771585
-1.215402320533324
-2.871662932314103
-1.236156510220755
-0.838194571084855
-0.991265210468118
-1.675744661883966
-1.267397657504894
-0.956629086545222
-0.150221641995797
0.989431677305828
1.198011243711827
1.210046076929893
0.460659893584610
0.389367111317373
1.815702350538043
1.547316703770454
0.554228825899693
-0.953194441313863
-1.875670080793823
-0.941248719833408
-2.099905793062042
-0.400190646162160
0.219218519678579
-1.470143577093460
-1.107368882703899
-1.920087864596232
-0.661006864745195
-0.529532488458877
-1.505959868016153
-0.329759530119847
1.557171681655934
-1.952691264501349
-1.171946500420145
-1.198968048637775
-2.064037338796135
-1.785753849404310
-1.033865497174540
-1.297715546984950
-1.626229509989120
-0.104244291897242
-1.024592802640220
1.838522373298472
1.850978813230831
1.004516226476682
1.209931519933704
-0.593596573898010
-0.472424952411822
-0.359183127835887
0.541064556918423
1.103600954400353
2.476419046226071
3.091967659182914
0.678559166541982
1.107392001781142
0.410307776667148
0.341954498476945
2.152368324951222
2.604470064979195
2.286043469618759
1.056532330771802
0.998634836524231
1.594640598850414
0.885860294340082
0.913435394516947
1.519901849459164
3.595723056907445
2.521942387314684
3.259812448769130
1.914240239547672
1.380312577074229
1.337674963871722
-0.396359635736898
0.977205130292559
1.932058956664668
1.128717685647928
2.051334553945038
4.465712574010634
4.329074323421485
3.997179151727527
4.378678094197358
5.221618309673473
0.622189611609127
2.381763521994724
3.024388976032815
-0.525133694003429
1.727965511407826
1.409158808767012
-1.905842449310172
-2.979739456126244
0.058529589012546
0.846026479769794
0.295811778548177
0.951961279966086
1.302685320647412
0.717408166984910
1.679560491101415
1.449665688812868
0.704080044120448
-0.261518596676032
-0.637210319786127
-0.357169573440849
-1.480858024697869
-1.509342655673853
-1.912078605757191
-0.941530801205757
0.705618751768821
0.132933939527213
-1.385563332648704
0.198376958182526
0.394003112565351
1.145678714365875
1.633864173254709
1.390498081849282
1.483699083132661
3.052194837635162
2.389609387568384
0.032290365706986
-1.457748334424127
-0.009891259350009
-0.860331659887656
-1.003573147517832
-0.892054133868137
-1.414009239913255
-1.603367303871870
-2.250698488039473
-1.747075506998859
-3.600352407137236
-0.852426424818570
-2.116647528019049
-0.940267999700885
-1.383312366563034
-1.021818636431341
-0.609814116136499
-2.963714899941109
-3.458144932309396
-3.165737155646187
-1.777611403486057
-0.827271296008221
-1.798161991526603
-1.852652928758670
-1.344727672558996
0.702820887402923
0.952528896868129
-1.230164715006817
0.291777884211002
-0.337565205051990
0.517897641637414
0.702134099529864
0.773365670287190
-1.136079199472315
2.645416171004170
3.769880017057599
2.067520593221924
0.643848137194607
1.549691136721014
2.817748340988306
2.022924395692038
2.863610859823234
2.654755071276122
0.765149513211544
1.398745439465820
1.204659069691004
0.344842269731680
-0.141913945946017
0.548439536068319
0.647951289598413
2.133322684975252
3.528891473341493
1.114218884492683
0.205445816354135
0.616859416748911
2.622385569894992
2.373777616128997
0.601176009452059
1.228429062295953
3.881426717590097
4.633889236787279
4.750295301882898
3.448542037180213
4.401009939326300
2.649341586917535
-0.361454787388959
2.293904086487869
3.641758965821990
2.205109230058741
0.963330283962846
-0.931912471095530
-1.554567775753734
-1.858845786697350
-0.616875895869740
0.529186271345739
0.721545650560580
1.216874105465495
2.402419913318819
2.602374153693037
1.615893282299389
0.919633837552894
0.350805756057401
0.581340392007646
-1.051522639788152
-0.757386386731775
-0.151575108486503
0.051870161431511
1.199931399135578
1.830364696913785
0.939295988164952
2.702704065284319
0.809556447350388
2.093255358292744
0.097918019246656
0.154048265391986
1.170827768736195
-1.900918428494510
0.089232881237359
1.196924119547994
1.419644796915239
2.292682831678205
1.972448014307422
0.098054523085616
-0.886114104512590
0.323999871359022
-1.627781292200966
-1.329221780045114
-1.903947794457864
-3.659347792240088
-3.420172069405319
-2.097599260147167
-1.970042882172352
-1.753129248478795
-1.758439618647129
-2.038030167443140
-3.093737732022762
-3.496429391767997
-4.636855707752806
-4.047078540483917
-3.788256436934193
-3.428232059533336
-2.148441874902979
-1.080836640397916
-0.028009425744881
1.138950968706509
0.522515562349157
-1.596738664403819
-0.627376488302880
2.096495277185944
0.986738947881429
1.343584438113215
0.225213152555589
-0.944572823819134
0.114262179994742
1.767365858429836
1.688845644417585
1.005444528995032
1.367681642745484
3.962017724761846
3.301088222938157
2.545387043344680
1.431366034098938
1.619470061088385
2.217132170530905
0.300537815806800
1.621060069007411
-1.365219543109002
0.105971024783918
1.782983042695464
1.972334849050963
3.004007073282980
0.441704431104054
0.753813556244767
0.406968321373041
-0.194391656929262
1.144925836463086
-1.377775237838463
-1.490315096169691
0.737646902904646
3.460484436356079
3.167044716492864
2.403783658067296
3.773643556326724
3.553674451964659
2.236998097075777
1.096764275620906
0.960179907782545
1.986131362271956
1.704833883448919
0.533569100105229
0.649147152979431
-0.385917113510290
-0.454125740029407
-2.314824499074412
-0.357557482323233
0.465872210521851
-0.160166980904098
0.698754931601147
3.883166276799186
1.591986908201466
0.670791696501434
-0.164653760422912
1.246041738098899
-0.062366728129425
-0.760853010718355
-0.457476702364528
1.369752553975405
2.572206018069368
1.797375906713369
0.416731419188406
0.211352961333038
-0.123780495814347
1.156323814938619
-0.827931450701335
-1.824247932433820
-0.852559487306921
-3.280048265275771
-2.140671236165240
0.046825345987058
-0.056324870569990
1.698217607192332
2.762591553156395
0.406833528728460
-1.372012288960780
-1.904029183269551
-0.934188610912482
-1.240344971152422
-2.879658394337028
-3.544859375722907
-2.398262001905936
-2.823092393932747
-0.424627691277913
-0.877472738389461
-2.582619757078170
-3.121339100968690
-3.993749118496700
-3.037214408958024
-4.102325960628080
-2.495428035750896
-2.346351294811676
-1.688893052116045
-0.847500810699927
-0.414721928093321
0.346295532568580
0.826473107144332
-0.705886378157922
-0.976617860370672
-0.845883592933897
2.312783109036622
0.134922494602714
0.263964438516588
-0.630757602387353
-0.591259235451148
0.685915078964549
1.940508059213337
0.861146399348845
1.172568800190438
2.316507575160653
2.748524131573622
4.085187161797865
1.527020085694446
0.196305183643783
0.701389264383446
0.940381123452823
0.061403823493004
1.196741767644508
0.141530134770402
-0.497960022711735
-0.663369073290327
1.545676156150697
2.574390202955849
1.796224617288336
1.535559575881447
0.406630123829356
0.579411387486017
-0.291782317739567
-1.416949873951392
1.505649276635132
1.889451952131239
1.977752410791121
2.335350793189350
1.491559120078116
2.929519816486759
2.919476398649860
1.575175982526575
2.369735538175159
2.973448021967052
2.012099574488081
0.866758960751882
0.435869047751694
-0.499526281603516
-0.571091157304315
1.045926472361402
-0.513013914949206
0.019107959316146
1.475626612213848
1.210447422792268
1.191632758302015
1.509103340399636
0.489941995479556
1.053306756860934
0.601175762381642
0.845870490521105
-0.085106266436122
-2.491538803962127
-3.188846467905811
-1.396529948640748
-0.549998465349524
1.668380396309708
1.199798022734517
-1.089189050657796
0.098623817343469
-0.087689507731590
-0.052991575789330
-2.194054386933702
-2.916472929742080
-1.284124683866131
-1.730867301027015
0.058610478072501
0.314003282493807
-0.101296838052080
2.140359337725386
1.167038033328113
-0.157557790069347
0.024059693382202
-0.741848915937935
-0.803901269458288
-2.747563499996182
-2.919455776781262
-3.317548996358599
-2.182819099978800
0.601827890466951
-0.253579901526590
-1.562567987685006
-2.365974740582969
-3.466142411265433
-3.611007823167106
-5.400456236406812
-3.459327256931886
-0.951556589915564
-0.150273805169786
-0.247852078658121
0.531393524014717
-0.841117677192127
1.756421193538807
0.097218969846022
-0.022004406176940
0.754663040772951
1.572616222033878
0.396947521006389
-1.344724688390660
-1.091567420909731
-0.617566337880503
0.553132567146468
0.467702962573733
2.094978260175977
1.961615712801960
0.845432839348335
1.735840657259127
1.741216355634504
1.357975755306291
0.545010584461477
0.481603656324191
0.993952817716969
-0.731196224364892
0.358883245090391
0.674312650127791
0.635225209775145
-0.387969016921159
1.380532691126263
2.248945410871810
2.702192637250242
2.742993705429656
2.028159911467401
1.913736729159442
0.339119424951293
-0.443318509312585
1.273673929169199
3.419188182518348
3.255242677122065
3.068542329786681
1.590488239687608
1.786801178452123
0.354742150410529
0.482603731338448
2.668060762454854
1.855091495170417
1.545949982323715
0.857590744484187
0.730378967161598
0.695459770821402
0.788135660412446
2.691067032662509
2.265874490757162
1.410344140847532
1.571982876708542
2.062141071216038
-1.958165214627000
-1.678081189797512
-3.253316650788262
-0.739117174829673
1.508664428666097
-0.304897354890513
-0.914858602455090
-2.104099447769555
-2.898131392871462
-1.154454822936718
-0.146066595011913
0.466341105322056
-0.063758909410442
-1.102560285640555
0.211792089295688
-0.299063321532689
-1.401535891172613
-0.193271962449069
-1.550741507137931
-3.041492545948329
-0.482773748968823
1.633393031635700
-0.022205218046953
-1.177461914217591
2.837172234318547
0.660399233415472
-0.435403542035971
0.533212895004255
-1.806446082120016
-1.820781932485257
-2.154893377009509
-1.750546379720612
-3.057698496056901
-2.161142284304856
-1.827531102108662
-0.793112262614605
-2.024609448968393
-2.720887981274422
-4.550011174398581
-4.765678546842917
-5.810356572883105
-3.534601808818168
-0.788341152180019
0.253826935011503
-1.079584339110523
0.907200087379240
1.094413557554892
1.279001322730209
1.442335657857771
1.645997395323749
2.055141916731430
2.523963998968678
-0.980135367797460
-2.430297547335009
-0.851583374963564
-0.542317535126522
-1.034394723793486
0.543179461350105
1.071210398332965
1.374080262279571
1.067219609348645
0.194117555189752
2.641316094940551
0.247681417387269
-1.137156413437374
0.388534683507704
-0.481314624935193
-0.643899265096597
0.145749274965762
-0.211676281331705
1.473468546827505
1.250892803634483
2.614032441124264
3.114014669258995
1.905792502891494
1.059709835088670
-0.563474422462588
0.461698202070893
-0.199151453923225
0.827255645366457
0.816103073786972
1.880536670546792
3.046919713599336
0.851103113543932
-0.522545831507701
-0.253070136846516
0.579096264043145
2.032005550211983
1.053317857039145
2.011430374127164
1.336077364435198
1.620641742420436
1.591500334178876
-0.808530871548097
1.939356021032405
0.646942591460405
0.226531646480284
-1.605212190678754
0.157443988145606
0.601520050003523
-1.292990023305441
-1.633934047971712
-4.235392418627420
-2.693003118398846
0.661991308115663
-2.606538521521395
-2.113746891202972
-3.764857904508605
-3.553008541118314
-2.578094473786428
-1.012458660895228
-0.078234547048896
-1.107716492203840
-0.228417724268658
2.696514182186921
1.215525582850087
-1.097358632785525
-0.977438103163162
-2.547917361672663
-2.927174276856314
-0.252590972908768
-0.582961445349239
-0.262465318559342
-1.436524740017790
-0.890952070864884
0.976784136669773
0.221998310744093
-1.741555416903436
-2.690867614823238
-1.239877165975847
-1.314980404881051
-1.127493267134234
-1.128691077181478
-1.695309572709522
-1.361338923175368
-0.559976350377746
-1.591585982234648
-2.171377965217045
-2.716040567697422
-3.204080279843240
-3.810544213874389
-1.715420230996894
0.052806005746699
1.816475882826803
1.650685002002722
0.663471341686629
3.480398953857437
0.905304412039389
1.966387483949230
2.225750290950925
1.686126159738529
3.108196630020037
0.118521317511031
-2.218730320599263
-1.083583331514480
-0.796654436974732
-0.876891900197495
0.369226135050052
0.642008507838602
2.129793101717252
0.519408166546978
0.502424135578652
0.060153409880862
0.938675196233839
-1.299222066135243
-0.554231595276136
0.990364624195777
0.193043787930531
1.147635286773645
2.612236362702358
1.971109492243479
1.354665092689365
2.357257772344429
3.274744653591473
2.330145829723287
1.870394203225243
-0.931282911924927
1.328735764028163
-1.237251274495467
0.538611158023956
0.148248846659315
-1.082002462285719
0.181598789422415
1.113102894403607
0.051852465438508
-0.959263548412250
-1.282253807240506
0.635555228084369
1.385958320204907
1.924134179328146
1.351308182629547
1.229771784794371
0.162150686147757
0.209156980900969
1.099066957096390
0.951587364328847
1.872850675977591
-0.621951019405595
-0.340864777518799
0.141598052003018
-0.105160042496041
-1.315409524962598
-3.475402870436575
-1.565005986746758
-0.868599689610090
-1.746287671299228
-2.909032181835709
-4.266126376682501
-1.256906961544566
-0.214375181862172
-1.995783840206670
-1.835519500350717
-2.130301940948452
-0.204402805863889
-0.410270717437966
-0.113883295046996
-0.524939128317401
-0.868496023876364
-2.153245370687040
-2.157890966369882
-1.280439597806489
-0.984140798862670
-2.824581769774753
-1.104829119811839
-1.704673244617917
0.139916220140659
0.188189903437198
-3.034030064332685
-1.459382320645162
-2.065689384492726
-1.093295686956776
-2.006816170582228
0.594404487129794
0.153135519179375
-0.613776488961079
-1.433229650278706
-2.600314308919631
-2.212213383309757
-3.008479845547782
-3.570796341996590
-2.149097849569876
-0.905285534543831
0.053745706098004
0.797393341371327
2.944301398755985
1.943284473982553
1.606537090793369
1.471432816984996
3.645412779136704
1.401808434167843
-0.208490624251773
-1.059231999526657
-1.132207676165134
0.219655662158850
-0.201614090915075
0.014277604910788
0.386240187333231
0.590332947406178
2.698969356279168
1.941662414694086
-0.030687352769071
-0.729914314303193
-1.108201153854859
0.330019610025256
0.956559321357376
0.692159971414147
2.902725396271638
1.602462697492824
1.355348801971988
1.048446384064103
1.920274941945044
2.517225943734270
4.119838580892347
2.625028856811225
2.700175366516063
3.102093010257502
2.518352391839263
0.619143064696660
0.728686522970468
0.733246327106243
-0.049473744178042
-0.625398091222969
-0.326110196133612
-0.585969875393287
1.201132657736164
1.981336811733044
0.436866326205800
-0.423655662517234
1.440826484658909
1.593518335345134
-0.393839897499286
-1.211111892601147
1.216911975472504
1.093768353742778
0.725562993193814
2.317399733316080
1.666874482838143
2.450919473509417
0.907119760170089
1.111727203988194
0.294459686799082
-0.261054516300245
-1.884597720382072
-0.833282916992270
0.309484405594464
-0.794144903578311
-1.693221878614273
-1.576885832620206
0.502701503555317
1.619149025493331
-1.197588130189272
-0.894216452462464
-1.230822811508043
-0.240950071481436
-2.368755865758912
-2.426180984773825
-0.948982749799361
-0.457673660597227
-0.475533211427096
-2.334940451610237
-1.497371102322163
0.245031410452863
-0.573559714411337
-1.251447948398701
-2.442255756823209
-0.348898670163196
-1.630561828537419
-0.746424411948007
-2.338253878432451
-2.394046337767206
-1.912826944122372
-1.390439245923564
1.020746666454166
1.507836361703416
-0.391182329278221
-2.340072503812086
-1.618491780469861
-1.136199488422055
-1.492780101905238
-1.139289308556396
-2.811275673099456
-0.159512875671080
0.577964581008829
1.635795929550363
1.889515048866058
2.933605732994114
1.192562722230936
1.218438637904680
1.983370872464246
3.092697103471694
1.050617519895529
-0.459048435489091
0.259497883259841
-0.213501817392902
1.869980007117650
1.653215574656604
0.437546997458338
2.047923506651736
0.336163525734446
1.201972418850462
0.725756025346115
-0.306280707139160
0.463936412706205
0.874079305467998
-0.725894312815255
1.033416390596902
0.929538402414062
0.784032059518373
-1.314826171701120
0.166970463154666
2.895451427517401
2.163600092628853
2.539008916867362
1.891093736420203
1.853000946030873
2.433998175846011
1.805518202589555
0.753104862193972
1.375922569153817
0.328269284449141
1.642728850463965
0.301245601429815
0.054178508444427
1.310031889900302
2.416172788736864
1.802467464000185
0.661322353080822
-0.572207888239795
-0.069685588758398
-0.363201306933823
-0.695228706827954
1.247737029227712
0.969841541804205
1.642653721770041
2.691731938788924
0.833531274499903
1.633659268630441
-0.083038967448678
-1.075543204837902
-0.259210800208565
-0.056875312497731
-1.559399672871902
-2.576996180583645
0.812643244094373
-1.548796377857352
-1.274918484364569
0.136172161481057
0.025670822913104
0.576242298382850
0.470564602722597
-0.130706864622809
-0.181733605206649
-1.186339726584351
-2.408076056119810
-1.876591954107479
-2.168285522907655
-2.313757955752972
-1.853651686562270
-2.072387370880671
-3.083095377424919
-1.667779364150135
-2.599269716274486
-0.757300366914147
1.351223781380894
-2.032224931868860
-0.877983133195693
-1.728888438869510
-1.586740833410252
-2.754389942821163
-1.690049814044279
-0.400826797858889
0.518920835216617
2.180850574288494
2.186542960124782
0.228018623663501
-0.433578882357609
0.513028926248604
1.821484989002764
-2.186871310124746
-1.593743694777068
-2.003314491676258
1.107186760867982
0.841639110412531
-0.187079204883112
1.711624340286156
2.710264193216505
1.943402053425572
2.920091992248726
1.152844442537544
2.134121857753308
0.749817149880512
0.813790851719242
0.599873473507007
0.813798235690251
3.244466983411391
2.597386430345121
1.207477888972211
-0.018830894319536
-0.646209653226956
-0.874014967734467
-0.040298959262860
-0.687414968471512
0.757814001196227
0.598191202509098
-0.509259966368648
0.425201917962937
0.426428666478804
0.544523441678563
-0.190215480651816
2.374810044003030
-0.042291602576602
2.728228555582215
4.734299977619534
3.511044580452292
3.641045596609684
2.894729495401983
2.842143915699490
0.973366377596446
2.835332678800725
2.966717372042458
2.606910001687075
-0.163258580057003
1.301254465916640
1.893811927026355
1.748124610957174
-0.505068176424253
-0.997800468440638
0.204659500022423
-0.255914887272463
0.028642762556328
-0.343642426741460
1.305928325893806
2.840534067754928
2.574366051214032
3.084316742521032
1.431058500995450
3.065996374591965
1.374095717468662
0.022859296036390
-1.144423692764341
-2.277740407187496
-0.911504331430625
-1.835250441548125
-1.090280736699285
-1.549818834682066
-1.496954188357509
-2.410205846200816
-0.286208568222529
1.479982260450720
1.271181274103107
0.999645206278348
-0.214319924862827
-2.534557071984451
-3.370726822342676
-0.942754875474795
-0.253928475995681
-1.861798203451069
-3.416986963906356
-3.797983954668093
-3.776955256579289
-1.729749309902718
-3.176204598638288
-1.849851622537108
0.050837812087805
-1.010637020615576
-0.164781671323581
0.294799283780109
-0.713243131993665
-0.183463367638575
0.768484137364737
1.423002292739201
1.938601584753230
1.067092771531288
1.299554351756007
1.089862635915149
-0.572399881732186
1.550949802053397
0.146908115216999
-0.504113278487563
-1.891986642226458
-1.160412243183675
0.336952904086637
1.192445248376789
0.330234678627424
0.580071815828025
0.374768638282158
1.471332419824073
-0.203519654305771
-0.149775049694337
-1.313332125296866
0.593423791938405
2.567473617131065
2.032507120937413
3.468502237161101
3.726891404200682
3.832686551822441
2.210315075789414
1.231243230719959
-1.736785569604988
0.033022380887683
-0.729395613894848
-0.674896556484666
0.174964655360217
1.693621391176923
1.636345925411834
-0.153169648958268
1.159423275688317
-0.769687415758578
0.830292789550206
2.138937724663605
1.775006518981387
2.223603503512622
4.730953454866789
2.825055598374584
4.172512216516817
0.866852107164977
1.043142066756931
1.236280529340904
2.751332813362622
3.396446207707343
2.476153957811510
0.495298416167892
1.419717912409390
0.688381520524308
0.049300856300365
-0.147714703411968
0.589197295488131
-1.118045666030094
-1.164715546105934
-1.334000610507376
1.319758584604412
0.152054511372322
0.024799240932206
0.452550179994951
1.381820345667823
-0.064136134911718
-0.043061882446341
1.027161326570556
0.509116653666476
0.932883401757165
0.323522141508051
-0.923872636916918
-1.103478212092837
-2.231910421678620
0.013460705519456
-1.216771059495306
-0.604122249198031
1.293814171711037
2.343758044372728
2.407898287032524
2.203537352315927
-0.486593002570947
-2.016194731396657
-3.326745268487971
-0.897438855448927
0.085006496905020
-1.398628174196822
-2.171525438307449
-2.848485541201951
-4.874000124455755
-5.009297504269049
-3.153308106209614
-1.598941888809773
-1.868588358592931
-1.349545684494646
-2.373253555363614
-1.062652362796764
-1.713121441647564
-2.037486353148954
-2.620048290831803
1.198631012440642
1.577945870508845
1.289581047259837
0.264508240497310
0.187817464685805
0.000380222844399
-0.334281409809742
1.145969312385509
0.212831677791590
-2.535818303889959
-1.873492594523275
-1.904023303203378
-1.196776034283490
-0.682839452873837
0.531929915386525
0.406714073335520
0.145962538998636
-0.567853084939671
-0.412987413776147
-0.405573697739306
-1.749902479269932
-0.907529702863763
1.218634725039430
2.331471074453467
2.503922027077417
1.703228705813011
1.608230731481604
1.621707782281463
0.234138686475757
-0.260164723379259
-1.150724433492742
-0.993536145504145
-0.431426168809112
-0.838094768542861
2.512529476317038
1.313814743117035
1.430565740016801
2.265468600649415
2.339324652560812
3.012968347462122
0.970352215468675
2.518593356454324
2.722687223523116
4.606776346672303
2.186844160797579
1.704857150213157
1.701168338536781
3.406840612789812
3.070208882249787
1.451593650670192
1.294184496616840
1.385157427356930
0.757590205316123
0.410143304446888
-0.663770096013265
-2.678044831984285
-2.600179045298182
-3.001795797018119
-2.141663814572457
0.953740231605958
1.620893818474624
0.324351354371146
-0.829117171411324
0.235137701382665
1.015555025794749
0.969958491445462
0.233822744419055
1.605000737287166
3.328847448906998
0.863864247916979
0.859061315457732
0.812244083895575
0.203044026024142
-1.063992740424995
-0.422814220021107
-0.759226887988310
0.326584771355533
0.551380897130070
1.227002678563593
0.386866522986370
-1.054877246577152
-1.219158010269755
-2.552309160358560
-2.124004065919456
-0.469053175549060
1.400384668300764
-2.408583275070282
-2.673058085853433
-2.226748666399605
-3.339341079978823
-5.990669251182670
-4.028389336833911
-3.060045103849794
-0.704291208293529
-0.578011672341737
-0.822208526129435
-0.396079257205392
-0.476048747968885
-1.644175364767122
-0.355298140891533
-0.711981570832001
2.075503144360233
1.544573067634773
-0.285919709307876
1.618566239971379
1.334196235371953
0.690133654429300
-0.384250352858966
-1.897448987216914
-2.359353637049127
-3.090541836017602
-0.751447821010172
-1.946479046985361
0.100056983722749
-1.128564716158971
-0.421065177928560
-0.617957787474712
-1.123545175691617
-2.052753916746039
-1.085757412842222
0.243481673505435
1.711315924818410
3.029187751765197
3.695471758477418
2.098637782318482
2.413399524877438
0.495290272012654
1.299636710797549
1.309029947441765
0.751611287328382
-0.917201260541731
0.627835550152593
1.708836540020015
3.066279990152573
1.124782679247976
1.469026764253183
1.997591912591058
2.756345223300366
2.378504837726595
3.194163302023542
0.663963255271054
2.774086306286041
4.641971900304579
2.967126519384558
3.162668929145079
2.686287568102219
1.673164750113888
4.146028144094666
2.499059398358304
0.860769820081142
0.385457906383705
1.136358773552601
1.472296529350645
2.267033604907883
1.086281168142511
-2.470374288363222
-4.333005547087343
-3.881111823136415
-0.438071510884122
-0.054962395112454
-0.344286365396462
-0.888549865553368
-0.380732760539120
0.644342170302124
1.689741280949441
0.608417478698770
1.735919957101681
1.648506859325471
1.696744218062620
1.667769102428499
1.004972218260724
2.496848323561594
0.484621450050584
0.643329358355010
-0.052923962275173
-0.063561193081821
0.274512748567427
1.398621133504087
2.773802645325213
2.384163183883967
1.123631613696906
-1.063513326471978
-0.822339622615976
-2.168209520265727
-0.613717284506754
-0.542622346999551
-1.567795087366297
-3.303758559878097
-0.882863622204340
-3.578277341369538
-5.213886394763904
-3.878754576519101
-2.357428981977198
-1.907683380499246
-2.964890342154117
-1.653158729784929
-1.144623327955893
-0.506927038503704
0.296249975664301
0.969456991178178
-1.658890985755477
0.367532450316683
0.464215267345377
0.402655263983389
2.030291023562436
1.891236087902838
-0.192766873461169
0.354385286969948
-1.290292900732612
-1.408363106404714
-1.427342688310007
-1.025971475183639
-2.027622158477441
-1.430616678737888
-1.279424833707892
0.159342526921946
0.632647210411006
-0.430161850620889
0.867953963142866
-0.137020193848133
1.935168239021339
1.777829105934848
2.884316137264834
1.805643555090944
2.535853661464143
2.702429207211359
3.256015063934829
3.664671835531332
1.687363423315577
1.378034015483474
0.359021124280683
-0.699058213287945
0.348803035026282
0.596726584491646
1.303687634980317
3.181745816107866
4.098693273646265
2.635855853817447
3.541927835313880
4.605550649018022
2.012795409231134
2.056952929092114
3.068554086104735
3.041245770215261
2.447427147811780
2.639796302532572
1.849241514510355
2.596116570562309
0.808633016495607
1.958553521997262
1.864347917563065
2.791902895870034
1.685335837595177
0.670642945747382
0.184845270394173
-2.300134484537273
-2.034733544684432
-1.812795814399823
-0.220220014576300
-0.866542970610384
-1.488327809674809
0.532594636067624
-0.475057752006950
-1.693823095676349
-0.161307887392898
0.513253996400936
3.400004147454077
1.970210708950036
1.865998267062290
0.861099771249226
0.283100222526185
0.790237226882591
0.548920743830013
1.447938942538121
1.215371641157079
1.182796698305868
1.430073675635397
1.235094485971212
2.741740049334465
2.874654058549704
2.756050192407073
0.240661238161520
-1.219602449933493
-0.059510642543108
-0.801528569905367
-1.503102621297063
-2.249972279452310
-2.487453928203410
-2.434318337122565
-3.609264953402237
-5.034161321850145
-4.312352679566059
-4.589640986898928
-3.757604239408151
-4.021690570394883
-3.146945830448773
-1.653023843974492
-0.747061779401163
0.010037984603238
-0.143848261391085
-0.942295722802356
-1.809519251022035
-2.170162375800667
1.211131047422366
1.857634646888639
2.342733048945675
-0.380527507766247
0.759747941758464
-0.834854143884867
-2.194756764397114
-0.796737850531507
-1.030263321354270
-1.402143987107252
1.099660760111250
2.390623263987282
-0.674372144150118
0.145887815241772
0.751769126429081
0.292833717555676
0.098376714967257
0.968113272111388
0.746204535645277
0.537721440114491
0.576320308722139
1.252518440775566
0.854197411544724
2.427296224170782
1.587887664081363
1.843042345382153
0.702380311772562
0.816170885888834
-0.729970992717323
1.254814615297735
-0.196240149574086
0.684540278776801
0.007926412112765
4.084931227208351
2.042041993577403
2.156977047729381
1.556474005475200
3.147309203657895
2.939242100350904
4.319858078906045
2.782992834819775
3.475386096916031
2.398682571915271
2.521759249258450
0.978984439064648
2.004232140474483
3.010167594259112
2.020951963132954
0.334342331573128
0.582275844508585
0.312644449577849
-0.590950384658465
-2.653876849765826
-1.431447714808107
-0.769639870626534
-0.710371294142938
-0.812990854737016
1.812909944644046
-0.927810214643563
-0.118840947292530
-0.368838782535857
0.344156868992166
-1.727509947277587
-0.581298962620767
1.329688403330552
-0.710778274476186
-0.942126815022861
-1.365488334685928
0.978361217777677
1.567243738139275
1.708367992798756
1.286629624979792
1.233187035095046
1.448262916488470
0.793515536067656
3.797201858584509
1.751413418926582
2.369499655161059
0.384251547765076
-0.798580027135300
-2.507838724935787
-3.122141824503996
-1.571719323140946
-0.162393616996346
-0.372728255989127
-2.732619314210091
-3.344207780743565
-5.047076199864110
-2.964526704968296
-3.237054711656874
-2.945468425925110
-4.042846718711968
-2.330818006744942
-1.693274254545327
-1.907865705781996
-1.373264713012398
0.218924289041481
-1.958722238445739
-2.507241197772237
-0.941148420490963
0.504070659886979
0.016815390370428
0.647111813731502
-0.357627855394950
-0.617199346956950
-2.586757141342955
-2.449433087476905
-1.026072803306515
-1.115093062560832
-0.183311910780029
0.258286596039658
2.603097409439529
-0.330307535024635
0.834418070756189
0.992063534231574
-2.127568633263570
-0.206830713826551
0.687523741876021
2.115651880239904
2.744313886991648
0.476356474502663
0.648640678669920
1.387495202808140
2.398625709858241
0.948641402841672
2.696307509486147
-0.224724930216216
0.828204709116518
0.671257213287902
-0.920862432676500
0.403275042630710
2.585755194171015
0.850527244294804
2.317990715805699
2.548072924954719
0.519393253932987
-0.155335374861096
2.286406848446697
3.413452373583627
2.767641258333916
1.391953680323348
0.685466702571698
2.408492969445063
0.974787164701454
-0.808459788123030
1.841056506176053
1.821669325821924
2.237798232216195
-0.166590406907094
-0.998515209263228
-3.021396151441473
-0.406924413816365
-0.033690870952512
-2.358063470714935
-2.152729311923050
-1.720604615824223
0.683730112915249
2.249509169250472
2.057270324064183
-0.313220396931219
-0.642382770489549
-1.588961117695047
-0.616611362163471
-1.405929813920015
0.604959044653346
0.224572419328659
-1.841218740465731
-1.009091966408646
1.050718270636695
1.915382687465875
2.331391217847719
2.784017518092416
2.378936898762110
2.352432294902633
1.010352284272153
1.498463984157659
1.320660337309564
0.890608040427434
1.061179064683505
1.060313145859286
-1.380331556046642
-3.020898060379811
-1.776947075116393
-1.406638179847096
-0.311042741650634
-1.457576607574950
-3.058254526335173
-3.652997230787737
-1.458955699662691
-2.876552942504119
-2.505702250045081
-3.591823993677233
-2.031633911075336
-2.968324533344864
-3.017605262320663
-4.418144111190853
-0.962178293909788
-3.749974991530222
-3.801813792851536
-0.610280978263722
1.136756431568660
-0.114135209615190
-0.964469604024452
-0.519061948065766
-0.832194449771453
-3.719319971415412
-4.089610659365366
-1.249728378896924
-1.052148223261691
-0.395088179452556
-0.523214080524535
0.073806164815427
-0.363568284762336
1.182305537634084
3.439607888772571
-0.163559777415801
1.341264747203984
2.385562274213559
1.760184098998129
1.976405917058822
2.448105736543826
0.977758408641775
2.240748359614899
2.555633122133431
2.108254740211423
1.560025413608477
2.773881239005025
1.377340608503280
-0.258429083499338
0.010879462432252
0.768559909579511
1.995257951229698
2.115896237383014
0.607517542838065
0.562250360317305
2.407831762240760
1.564707151131550
1.704180041990264
2.630384030117919
0.365877777269248
0.044400947007379
0.993460956757694
1.851466664575587
0.808763515167131
0.704709889929379
1.835317390701383
2.541924099269732
0.839935444679791
-1.671015567423248
-0.975321534164103
-3.620131712707400
-3.018776135608127
-1.382617038870253
-2.090205873134185
-3.101034374904907
-2.136635896480122
0.617487756626998
1.038918877650024
1.556378609395970
0.116057199795058
-1.328491444420015
-1.274192432360571
-1.992437768355548
-0.275528708084970
-0.012233530234800
2.128317019028778
1.262684131976180
-0.083471992996634
0.413200137331935
0.077774994029305
2.123615199755424
1.325884466962975
0.997665013777003
1.672508066865517
1.056551648210732
1.636857194825174
-0.468896824014129
1.160006266753692
-0.043096886330936
-0.538092064237945
1.124645637616850
-0.044634116093598
-1.473025294501760
-2.023336793755272
-1.140666012607035
-1.614615151610409
-2.405357511289730
-3.552390550200678
-1.768067374731004
-2.164742866870103
-2.484531502430547
-3.398108682436522
-0.823323620436263
-0.608509576841911
-1.102232095898213
-3.183571144955408
-1.743051545901020
-1.001248309508682
-1.487384018475597
-1.023187175041114
-0.312573657228666
0.348562127063222
0.661025448166045
0.591391418236411
-0.431420543654310
-2.858245499801163
-1.911713105307482
-0.673244247844799
0.692440667831205
0.853024264728110
0.557233229552003
1.367027910686388
2.040767934344969
2.869607806359614
2.668519590991618
2.925729537468815
1.723609230880397
1.092395895109984
1.191243079864658
1.022335990410901
-0.155667376919130
0.638239741219443
1.285886131353696
2.362068330803421
3.366153003153072
2.222712816690931
3.957843120488328
1.300975321308382
-0.183944729694227
0.402980188657132
-0.298141849283612
-0.477883314309748
-0.376458712446405
0.430999362011633
2.513627941462126
1.149321766013868
0.758106326856167
0.677283959421174
1.777944648534656
0.955106467845165
0.896756767447000
1.734124490567299
2.272993011818753
2.192926809773746
1.877157897517130
2.911566563737150
2.025560048967529
-0.051899025016204
-0.582949662257754
-2.082548742621756
-3.046390472192801
-3.597493841847444
-1.412730947759919
-2.619073157771181
-1.379377179962608
-0.812654704006111
0.403327668370938
1.939040363451905
-0.245216041805883
0.139291146832764
-0.159904058521145
-0.664363817561990
-0.931104124550626
-0.551007002640456
-0.375157061390529
0.658303983313969
1.953280004056042
1.429554021958972
1.447471426653231
-0.540833960489766
-1.617645733905187
-0.680421093918163
0.949125425178616
0.853980672134580
0.340249595837788
0.341863489211444
1.661813085157841
2.421905502755241
2.239592508016184
-1.234307633386417
0.989270838895856
-0.125261666190614
1.951520568644806
0.577368189321527
-1.966245492700397
-1.996569525447116
-1.584369870803613
-2.339556892291151
-0.957740561602058
0.080408715557621
-1.614012237306580
-3.254895176905676
-1.189675397830724
0.237021001907347
-1.056761193262654
-0.988627238342358
-1.235604526666841
-3.517173590331755
-1.040752530755234
-1.206186911599152
0.411596584686461
0.015008306921581
1.065365204632453
0.667731531357333
0.220680743247608
-0.997907881051705
1.113018357387597
0.085736082837065
1.547927394748160
3.077429687387953
2.213556089923122
2.968096159756582
3.089143656255664
4.595635041497959
3.026416100515477
2.184847038537814
0.239379170664564
-0.417266498812030
0.012559650746461
0.994568169769211
0.967804473069661
1.658268999022417
1.328965921124393
1.231985094607055
1.963105600093743
3.263276813483764
4.190049961911968
2.347580178263591
0.519990417600508
0.430328925223071
-1.805734204881293
0.276937020993888
0.522749938283061
2.010833093378929
3.105323453917998
1.539472754788970
0.125454216134328
0.537557678642868
2.244820514343925
2.218096258531597
1.178859777509532
1.059698403411202
0.044201651486209
0.656016469652180
-0.253288328641420
-0.062015847503048
-0.181846602091586
-0.667377263926937
-1.469321357035199
-1.440965106740228
-0.586159207483661
-1.286886339957880
-2.173451134335278
-2.342746899360521
-1.811649148794193
-1.843484739575744
-0.381960253081544
1.224160270291921
1.140354593098608
0.657707777303013
0.745355006369396
-0.803117942112802
-1.541060341011755
-2.176812612142460
-0.585806470785801
-0.994338525036303
-1.862536275908428
-0.498143750869874
-2.040718639462813
-2.193719011450726
-2.391177612504984
0.149582912449035
0.845995008612277
0.347583482359580
-0.988443820304097
-0.270244081802100
1.259835029440703
0.649827655596299
2.232135570822983
1.716113822174286
-0.270821377087288
1.285969715078818
1.243317372652018
0.126125189748342
-0.437336908280282
-1.747607175314310
-0.567499484289423
-2.473395044876853
-1.219584021316130
-0.001366511949703
-0.155756861532485
-1.078493252673694
-1.879426218149830
-0.212850434956689
-0.523142363503239
-0.843023966991849
1.184035723119033
-1.791010657082593
-1.938073653679482
-0.320062405347216
-0.180795380391201
1.124113445641255
0.596913665845103
-1.263574793971017
-0.296878052543463
-1.016310146590325
-1.324629625484003
0.248679817160554
3.547556832860147
2.215285924920208
2.341524026253208
2.249427258770703
0.672472487119827
1.953533376117007
3.569423946063497
3.111107314105258
2.195685689242665
1.955372158331114
0.112003780274125
1.694578734977069
0.805666274686000
1.252426871569136
1.785941482091677
0.891457895481778
2.382385023914412
2.644088732787448
3.129334981068218
2.802736670583656
0.561006807913359
-0.355211684862917
-0.215504981806593
-0.454719951783180
0.518171366636670
0.898471443849516
1.920098246119982
0.745277520467159
0.681941138315573
-0.311988161950642
1.702602311973248
-0.878189981294272
0.962641664968265
-0.345510293688273
-1.434064090241736
-0.001899987540902
-1.794326008668647
-1.372162751550283
-0.869193326101194
-3.520823520928652
-3.902979989530402
-2.317528435698865
-1.174472863791893
-0.835926962786216
-2.760420781565798
-3.796824186061824
-1.877799666297057
-1.866028121561124
-1.048148130894659
-0.066277919149899
0.006764068377423
0.263747154802656
-0.156508121367459
1.840765669498407
0.705407792495909
-0.689794093726295
-0.888284249236666
-0.895589072020331
-3.731760383378950
-2.973731624768429
-2.305401951348243
0.062174016091616
0.067471811647613
-0.090173959621959
0.271964931157890
-0.394746418182360
-1.589777219017553
-1.091218247626253
1.346154389451653
1.516388895483859
2.226036479264011
2.904690310348252
0.244522937204027
1.605739597435440
0.944478292473668
-0.403745600056442
-0.390282141997264
-1.292003892359265
-0.929780590033268
0.370930772551381
-0.847782108871934
-0.200545018908689
0.325146302925433
-0.349353139996654
0.831613020833625
2.669658822401343
2.167445663817731
3.489541886998158
1.506296486950849
-1.172101643410401
1.140833821511209
1.105638452904870
2.453775931034753
1.784750604438777
2.776333315586059
0.799591031774377
1.182021223013199
0.203690925716898
-1.387948144776406
1.444226783039018
3.282006449395764
3.330559988851222
3.151348465429897
3.866624890953718
2.233237960478240
1.482062268438096
3.004419388881077
2.901010159059548
2.677136569464015
1.343078489005337
1.538911121417837
0.966333377009902
0.802278302871827
2.191122299595917
2.248358812289427
2.663518689616016
2.314747839938844
0.151938374853893
2.282982312133578
3.784251654310750
0.891519976572585
0.523718154107082
0.597956704242191
0.505672562247069
-1.470099925534723
0.361204259981872
1.935061917684796
-0.163629578707089
-0.095718397252102
0.197417861643520
1.952718994458476
0.225294555214187
-0.996377988138581
-1.945035105784503
-0.907637663100300
-1.245790580294573
-3.878693605693036
-1.681625144605179
0.203051699382234
-0.163763529327789
-2.231853419362070
-2.044568715492195
-1.954873979085531
-0.353513603828628
-0.713383454614025
-0.444395028311870
-0.261503263637808
-0.305164145293060
-2.826447588341168
-1.571394855599953
-0.505853373136249
-0.826104925642524
-0.440518832781054
2.995158343499330
2.833067962349381
0.052063622373968
1.864447686074370
0.678879140513205
-2.203378385733786
-1.054441752283186
-1.545900701641249
0.298351697073573
-1.186274227934359
-1.061715336280559
-0.932735312147275
-1.735290512153141
-2.105552188268595
-1.436259063039958
1.468966993967633
2.449024907560617
2.171260297023537
2.244222748369267
2.497223295705278
1.660962961626827
1.699161762093041
0.242341553034085
0.878859075629685
-1.204153506288948
-0.706647680801073
0.124847244284620
0.832725098584348
2.216256571803075
1.501639808235022
-0.018992596124565
1.046029500524546
3.125484703859838
1.959728789961684
2.366044915828591
1.923202622451125
0.069073187550802
1.346456798762084
-0.241058066942729
1.202047439109287
0.931657967230365
1.696206691861870
0.133406195005899
1.408423019809106
1.420926253536991
0.062502169176954
1.852757515329496
2.798666234147442
4.716183088916472
3.976651216024355
4.250309532918251
2.890996910712118
1.580059467260077
0.203108653144558
2.830952605712020
1.246334216877416
1.851049129222805
0.743862240199381
-0.110292303118456
0.907129787824636
2.592401719649672
3.445767579019725
3.158947266707815
1.997147470580831
0.021703214941009
3.409396953126818
1.561375438091498
0.240917425488743
2.778377716536618
2.070350133350776
1.567639662572751
1.844263241933077
0.839836193195187
1.894802241415557
-0.351413290537616
-0.250115313871456
-0.374286526533169
-0.012014510518047
-0.033212442749149
-2.327147732699550
-3.005483345857246
-3.403900025588050
-2.482015152029829
-2.511161092963947
0.824753125090810
1.360712184903901
1.716601330064900
-1.511229967189342
-1.107135650868520
-0.080071539703646
-2.026594585807602
-1.381366036938645
-1.452161375189752
-2.056488520140869
0.462089782472510
-1.421008180058932
-1.579689102692656
-0.154997507109833
1.769936480711874
2.391885695148695
2.506167105221589
2.448106797525365
1.334400891747917
2.790067916816425
-0.820639245161190
-0.672281517568805
-0.307492290426864
-0.301844740449161
1.685147061820775
-0.476036350200133
-0.642455226670149
-1.198202944307567
-0.911760136732502
-0.767901651409867
-0.997168536706307
-0.408379625790668
1.446243124239711
2.615120054421837
2.217312648489747
1.591477117062655
1.645084568155016
0.909191618375618
0.870441498962045
0.389399527500268
-1.266998916801103
-0.489280484374236
-0.728114677910562
0.599201420310905
2.031803123017643
1.338252801190505
0.481105630832480
0.826327564635579
0.853246344655439
1.787625830977881
1.728078990838431
0.112499603804145
0.091096500646872
-0.876298502737323
0.162854150252514
2.367816413902516
0.638520824889664
1.278387650939197
0.039678646093243
0.705593557051970
0.370324207148248
0.586972255392490
2.331313553199676
2.231044338654887
2.927795678768370
3.790093138254768
1.357252959868201
1.897709219990791
3.299741478707207
2.751395094401795
3.744222080024089
2.017677252808245
1.595182446947798
1.063775239149906
1.312220047474688
0.250014691628643
2.760214654868747
3.711797218784520
3.797407919325833
3.916127443777308
1.856950199459874
5.224842680517662
3.051349340142424
1.454164529201813
1.298875198377390
0.333528311835410
1.226315100209662
1.980823097190348
-0.322695583397121
0.891638753627011
-0.085582752148548
-0.336208435802570
0.158187507394116
-1.484078795750377
-1.301234555616575
-3.617250983252060
-3.077002316262965
-2.475347771656893
-2.387278551637025
-1.485418636904292
-0.733876824361051
0.826293171012836
-0.161140131610699
-0.073645741511355
0.205603853962881
-1.562177148324864
-2.153143533031999
-1.855808627390053
-2.456707999669493
-3.458447140565394
-1.679178985660454
-1.718179036120621
-2.151003713912796
-0.773305578606191
1.147453242004470
1.546734002108151
3.206203565245688
2.384397992132902
0.439664549303432
1.325847914630086
-0.785257385116361
-0.829594347259891
-0.776954392408861
0.280525033265977
-1.993268108171104
-1.955557644571514
1.216391754217035
0.360662973841323
0.196031539563528
-0.392513155554458
0.930436160146485
2.446420966669851
2.058678853129624
2.700150257598765
2.905897008927081
0.752588918458062
-0.807350662561990
1.277170878714373
0.875468305520728
-0.412985659166315
0.182428528060700
-0.282251780357221
-0.100995483296973
0.086568502440179
-0.381111472956012
-0.551063813322040
-1.429412341561974
-0.431327160035267
-1.080014536268785
0.434690100236977
2.010821834310128
0.051297584561237
0.423957746993694
0.410067516631419
1.236961596140179
2.567244977240046
1.343658689918175
-0.580079086866846
0.605948266780880
1.333770262870022
1.161660936075930
0.911881163520937
-0.084166412867478
1.179956732263091
1.551334614491081
2.762835242845221
1.570082998682891
0.511958922622615
3.780433253003043
3.713568787168640
3.433910379853070
2.692826425212055
3.373763439121104
2.431537499492745
1.166230609356231
2.897191344867259
1.762940948097990
1.388107736215200
3.280491815452330
4.537700828981795
3.798750169250426
4.190638359764468
3.298459290919924
1.348097713192385
-1.004257253278638
-1.296014426821617
-1.585195673523085
-0.211855234004362
-0.589203178131526
-1.259822442238160
-0.171171393076389
-1.501624435838135
-1.176277428116452
-1.571567926197174
-1.808737289507981
-1.814539959828155
-2.364215899830235
-0.526917239796030
0.343196140203970
0.453370489227127
-1.097583797462883
-0.411607935616792
0.868376995321752
0.595747208080080
0.277161447631340
0.032965982440611
0.235003060554296
0.354877550476719
-1.805904010607450
-1.765941581721280
-3.144300021303924
-0.282810818271819
-1.002320406913584
-0.413486877707503
1.601738935943499
3.333428502259293
2.490356578388039
5.033416440342787
4.515916985373478
1.617660757864124
1.351930103793374
0.428616278687220
-0.119676091988173
-0.525163694982329
-1.161047756097770
0.440074320425269
1.098320220971136
1.195008230470261
0.689151406432674
2.504996928843213
0.283127676185242
1.515826742427863
2.559516798916210
1.059651073860446
2.539981000141881
0.876790872310986
-0.043047248402992
-0.143475321571946
1.131874636371495
2.300973542153856
1.037129203894130
0.004487905429146
0.114449072965965
1.121456094181209
1.590588832125223
0.953350200975209
-0.214597003924310
-0.089790516450530
-2.028056988957047
-0.034916733252468
1.481707555822274
2.589777474522841
1.575961453138025
1.507560578357843
2.580854515998360
2.073764186412069
0.917777765296332
-0.834737450268935
-1.289262029940897
-1.592226688951381
0.459601978579438
0.736859337679023
-0.369542636231942
0.463825580997481
-0.048309954773819
1.476103000623813
-0.453716461111390
1.529162329200320
3.497285249773125
3.500988689551421
3.791425836480073
3.484435924050967
2.321830316027291
2.097767109062179
2.838929472097606
3.002823151939082
1.234221004909822
1.748661388976473
3.044260596841108
3.734777380844105
3.632167156904754
3.651174115739967
2.681922503813261
-0.135333408902266
-1.450866901298405
-1.085424172783184
-2.672496221155929
-1.410433884407148
-1.159040657855993
-0.562804538661627
-2.153711099263747
-0.882423597777863
-1.535822468344548
-1.893205005650042
-3.484305935539936
-1.136302659769539
-2.538315980518797
-1.900311992081878
-1.045061154896914
-0.012122025524386
0.657238989153924
0.898371657161659
0.226668718267768
0.299168772016544
0.831594069413843
-1.114255565877538
0.494553359419145
1.118551890854129
-0.587040698715441
0.318982388494409
0.546133034160232
