slope,disp,mutsd,patch_sd,ac,draw,rep,t,n
0.6,1.5,0,0,0,0,0,400,2144
0.6,1.5,0,0,0,0,0,800,2063
0.6,1.5,0,0,0,0,0,1200,2210
0.6,1.5,0,0,0,0,0,1500,2284
0.6,1.5,0,0,0,0,1,400,2252
0.6,1.5,0,0,0,0,1,800,2129
0.6,1.5,0,0,0,0,1,1200,2100
0.6,1.5,0,0,0,0,1,1500,2207
0.6,1.5,0,0,0,0,2,400,2177
0.6,1.5,0,0,0,0,2,800,2169
0.6,1.5,0,0,0,0,2,1200,2089
0.6,1.5,0,0,0,0,2,1500,2172
0.6,1.5,0,0,0,1,0,400,2173
0.6,1.5,0,0,0,1,0,800,2077
0.6,1.5,0,0,0,1,0,1200,2093
0.6,1.5,0,0,0,1,0,1500,2087
0.6,1.5,0,0,0,1,1,400,2158
0.6,1.5,0,0,0,1,1,800,2217
0.6,1.5,0,0,0,1,1,1200,2085
0.6,1.5,0,0,0,1,1,1500,2149
0.6,1.5,0,0,0,1,2,400,2114
0.6,1.5,0,0,0,1,2,800,2232
0.6,1.5,0,0,0,1,2,1200,2152
0.6,1.5,0,0,0,1,2,1500,2280
0.6,1.5,0,0,0,2,0,400,2211
0.6,1.5,0,0,0,2,0,800,2230
0.6,1.5,0,0,0,2,0,1200,2137
0.6,1.5,0,0,0,2,0,1500,2151
0.6,1.5,0,0,0,2,1,400,2070
0.6,1.5,0,0,0,2,1,800,2209
0.6,1.5,0,0,0,2,1,1200,2213
0.6,1.5,0,0,0,2,1,1500,2111
0.6,1.5,0,0,0,2,2,400,2211
0.6,1.5,0,0,0,2,2,800,2183
0.6,1.5,0,0,0,2,2,1200,2123
0.6,1.5,0,0,0,2,2,1500,1975
0.6,1.5,0,1,0,0,0,400,1797
0.6,1.5,0,1,0,0,0,800,1835
0.6,1.5,0,1,0,0,0,1200,1801
0.6,1.5,0,1,0,0,0,1500,1728
0.6,1.5,0,1,0,0,1,400,1800
0.6,1.5,0,1,0,0,1,800,1787
0.6,1.5,0,1,0,0,1,1200,1816
0.6,1.5,0,1,0,0,1,1500,1792
0.6,1.5,0,1,0,0,2,400,1726
0.6,1.5,0,1,0,0,2,800,1930
0.6,1.5,0,1,0,0,2,1200,1844
0.6,1.5,0,1,0,0,2,1500,1801
0.6,1.5,0,1,0,1,0,400,1788
0.6,1.5,0,1,0,1,0,800,1866
0.6,1.5,0,1,0,1,0,1200,1841
0.6,1.5,0,1,0,1,0,1500,1795
0.6,1.5,0,1,0,1,1,400,1769
0.6,1.5,0,1,0,1,1,800,1818
0.6,1.5,0,1,0,1,1,1200,1810
0.6,1.5,0,1,0,1,1,1500,1911
0.6,1.5,0,1,0,1,2,400,1794
0.6,1.5,0,1,0,1,2,800,1837
0.6,1.5,0,1,0,1,2,1200,1827
0.6,1.5,0,1,0,1,2,1500,1766
0.6,1.5,0,1,0,2,0,400,1767
0.6,1.5,0,1,0,2,0,800,1754
0.6,1.5,0,1,0,2,0,1200,1616
0.6,1.5,0,1,0,2,0,1500,1790
0.6,1.5,0,1,0,2,1,400,1873
0.6,1.5,0,1,0,2,1,800,1631
0.6,1.5,0,1,0,2,1,1200,1746
0.6,1.5,0,1,0,2,1,1500,1677
0.6,1.5,0,1,0,2,2,400,1782
0.6,1.5,0,1,0,2,2,800,1779
0.6,1.5,0,1,0,2,2,1200,1901
0.6,1.5,0,1,0,2,2,1500,1713
0.6,1.5,0,1,2,0,0,400,1972
0.6,1.5,0,1,2,0,0,800,1992
0.6,1.5,0,1,2,0,0,1200,2078
0.6,1.5,0,1,2,0,0,1500,1997
0.6,1.5,0,1,2,0,1,400,2090
0.6,1.5,0,1,2,0,1,800,1836
0.6,1.5,0,1,2,0,1,1200,1979
0.6,1.5,0,1,2,0,1,1500,2009
0.6,1.5,0,1,2,0,2,400,1928
0.6,1.5,0,1,2,0,2,800,1979
0.6,1.5,0,1,2,0,2,1200,2047
0.6,1.5,0,1,2,0,2,1500,2051
0.6,1.5,0,1,2,1,0,400,1989
0.6,1.5,0,1,2,1,0,800,1990
0.6,1.5,0,1,2,1,0,1200,1914
0.6,1.5,0,1,2,1,0,1500,1903
0.6,1.5,0,1,2,1,1,400,2076
0.6,1.5,0,1,2,1,1,800,2109
0.6,1.5,0,1,2,1,1,1200,2087
0.6,1.5,0,1,2,1,1,1500,2020
0.6,1.5,0,1,2,1,2,400,1962
0.6,1.5,0,1,2,1,2,800,1908
0.6,1.5,0,1,2,1,2,1200,1976
0.6,1.5,0,1,2,1,2,1500,1967
0.6,1.5,0,1,2,2,0,400,2102
0.6,1.5,0,1,2,2,0,800,1860
0.6,1.5,0,1,2,2,0,1200,1999
0.6,1.5,0,1,2,2,0,1500,1986
0.6,1.5,0,1,2,2,1,400,1965
0.6,1.5,0,1,2,2,1,800,2011
0.6,1.5,0,1,2,2,1,1200,2128
0.6,1.5,0,1,2,2,1,1500,1938
0.6,1.5,0,1,2,2,2,400,1983
0.6,1.5,0,1,2,2,2,800,1899
0.6,1.5,0,1,2,2,2,1200,2013
0.6,1.5,0,1,2,2,2,1500,2134
0.6,1.5,0,1,4,0,0,400,2158
0.6,1.5,0,1,4,0,0,800,2218
0.6,1.5,0,1,4,0,0,1200,2145
0.6,1.5,0,1,4,0,0,1500,2026
0.6,1.5,0,1,4,0,1,400,2186
0.6,1.5,0,1,4,0,1,800,2235
0.6,1.5,0,1,4,0,1,1200,2090
0.6,1.5,0,1,4,0,1,1500,2239
0.6,1.5,0,1,4,0,2,400,2008
0.6,1.5,0,1,4,0,2,800,2173
0.6,1.5,0,1,4,0,2,1200,2142
0.6,1.5,0,1,4,0,2,1500,2203
0.6,1.5,0,1,4,1,0,400,2096
0.6,1.5,0,1,4,1,0,800,2001
0.6,1.5,0,1,4,1,0,1200,2265
0.6,1.5,0,1,4,1,0,1500,2287
0.6,1.5,0,1,4,1,1,400,2210
0.6,1.5,0,1,4,1,1,800,2051
0.6,1.5,0,1,4,1,1,1200,2186
0.6,1.5,0,1,4,1,1,1500,2130
0.6,1.5,0,1,4,1,2,400,2228
0.6,1.5,0,1,4,1,2,800,2206
0.6,1.5,0,1,4,1,2,1200,2023
0.6,1.5,0,1,4,1,2,1500,2135
0.6,1.5,0,1,4,2,0,400,2136
0.6,1.5,0,1,4,2,0,800,2122
0.6,1.5,0,1,4,2,0,1200,2099
0.6,1.5,0,1,4,2,0,1500,2154
0.6,1.5,0,1,4,2,1,400,2134
0.6,1.5,0,1,4,2,1,800,2142
0.6,1.5,0,1,4,2,1,1200,2152
0.6,1.5,0,1,4,2,1,1500,2080
0.6,1.5,0,1,4,2,2,400,2205
0.6,1.5,0,1,4,2,2,800,2200
0.6,1.5,0,1,4,2,2,1200,2278
0.6,1.5,0,1,4,2,2,1500,2240
0.6,1.5,0,2,0,0,0,400,922
0.6,1.5,0,2,0,0,0,800,798
0.6,1.5,0,2,0,0,0,1200,973
0.6,1.5,0,2,0,0,0,1500,944
0.6,1.5,0,2,0,0,1,400,758
0.6,1.5,0,2,0,0,1,800,713
0.6,1.5,0,2,0,0,1,1200,927
0.6,1.5,0,2,0,0,1,1500,940
0.6,1.5,0,2,0,0,2,400,818
0.6,1.5,0,2,0,0,2,800,829
0.6,1.5,0,2,0,0,2,1200,807
0.6,1.5,0,2,0,0,2,1500,760
0.6,1.5,0,2,0,1,0,400,869
0.6,1.5,0,2,0,1,0,800,872
0.6,1.5,0,2,0,1,0,1200,929
0.6,1.5,0,2,0,1,0,1500,1008
0.6,1.5,0,2,0,1,1,400,917
0.6,1.5,0,2,0,1,1,800,844
0.6,1.5,0,2,0,1,1,1200,921
0.6,1.5,0,2,0,1,1,1500,910
0.6,1.5,0,2,0,1,2,400,823
0.6,1.5,0,2,0,1,2,800,806
0.6,1.5,0,2,0,1,2,1200,838
0.6,1.5,0,2,0,1,2,1500,714
0.6,1.5,0,2,0,2,0,400,809
0.6,1.5,0,2,0,2,0,800,874
0.6,1.5,0,2,0,2,0,1200,923
0.6,1.5,0,2,0,2,0,1500,794
0.6,1.5,0,2,0,2,1,400,745
0.6,1.5,0,2,0,2,1,800,809
0.6,1.5,0,2,0,2,1,1200,835
0.6,1.5,0,2,0,2,1,1500,735
0.6,1.5,0,2,0,2,2,400,1030
0.6,1.5,0,2,0,2,2,800,1033
0.6,1.5,0,2,0,2,2,1200,785
0.6,1.5,0,2,0,2,2,1500,809
0.6,1.5,0,2,2,0,0,400,1735
0.6,1.5,0,2,2,0,0,800,1699
0.6,1.5,0,2,2,0,0,1200,1746
0.6,1.5,0,2,2,0,0,1500,1689
0.6,1.5,0,2,2,0,1,400,1636
0.6,1.5,0,2,2,0,1,800,1558
0.6,1.5,0,2,2,0,1,1200,1558
0.6,1.5,0,2,2,0,1,1500,1657
0.6,1.5,0,2,2,0,2,400,1648
0.6,1.5,0,2,2,0,2,800,1682
0.6,1.5,0,2,2,0,2,1200,1706
0.6,1.5,0,2,2,0,2,1500,1633
0.6,1.5,0,2,2,1,0,400,1620
0.6,1.5,0,2,2,1,0,800,1625
0.6,1.5,0,2,2,1,0,1200,1588
0.6,1.5,0,2,2,1,0,1500,1525
0.6,1.5,0,2,2,1,1,400,1504
0.6,1.5,0,2,2,1,1,800,1476
0.6,1.5,0,2,2,1,1,1200,1607
0.6,1.5,0,2,2,1,1,1500,1600
0.6,1.5,0,2,2,1,2,400,1718
0.6,1.5,0,2,2,1,2,800,1629
0.6,1.5,0,2,2,1,2,1200,1665
0.6,1.5,0,2,2,1,2,1500,1630
0.6,1.5,0,2,2,2,0,400,1543
0.6,1.5,0,2,2,2,0,800,1566
0.6,1.5,0,2,2,2,0,1200,1501
0.6,1.5,0,2,2,2,0,1500,1493
0.6,1.5,0,2,2,2,1,400,1575
0.6,1.5,0,2,2,2,1,800,1538
0.6,1.5,0,2,2,2,1,1200,1519
0.6,1.5,0,2,2,2,1,1500,1532
0.6,1.5,0,2,2,2,2,400,1589
0.6,1.5,0,2,2,2,2,800,1448
0.6,1.5,0,2,2,2,2,1200,1430
0.6,1.5,0,2,2,2,2,1500,1594
0.6,1.5,0,2,4,0,0,400,2055
0.6,1.5,0,2,4,0,0,800,2205
0.6,1.5,0,2,4,0,0,1200,2210
0.6,1.5,0,2,4,0,0,1500,2082
0.6,1.5,0,2,4,0,1,400,2163
0.6,1.5,0,2,4,0,1,800,2123
0.6,1.5,0,2,4,0,1,1200,2180
0.6,1.5,0,2,4,0,1,1500,2139
0.6,1.5,0,2,4,0,2,400,2199
0.6,1.5,0,2,4,0,2,800,2113
0.6,1.5,0,2,4,0,2,1200,2083
0.6,1.5,0,2,4,0,2,1500,2065
0.6,1.5,0,2,4,1,0,400,2166
0.6,1.5,0,2,4,1,0,800,2058
0.6,1.5,0,2,4,1,0,1200,2115
0.6,1.5,0,2,4,1,0,1500,2034
0.6,1.5,0,2,4,1,1,400,1988
0.6,1.5,0,2,4,1,1,800,2056
0.6,1.5,0,2,4,1,1,1200,2136
0.6,1.5,0,2,4,1,1,1500,2131
0.6,1.5,0,2,4,1,2,400,2082
0.6,1.5,0,2,4,1,2,800,2001
0.6,1.5,0,2,4,1,2,1200,2227
0.6,1.5,0,2,4,1,2,1500,2043
0.6,1.5,0,2,4,2,0,400,2105
0.6,1.5,0,2,4,2,0,800,2121
0.6,1.5,0,2,4,2,0,1200,2188
0.6,1.5,0,2,4,2,0,1500,2152
0.6,1.5,0,2,4,2,1,400,2006
0.6,1.5,0,2,4,2,1,800,2107
0.6,1.5,0,2,4,2,1,1200,1977
0.6,1.5,0,2,4,2,1,1500,1914
0.6,1.5,0,2,4,2,2,400,2111
0.6,1.5,0,2,4,2,2,800,2093
0.6,1.5,0,2,4,2,2,1200,2088
0.6,1.5,0,2,4,2,2,1500,2023
0.6,1.5,0.75,0,0,0,0,400,1996
0.6,1.5,0.75,0,0,0,0,800,2060
0.6,1.5,0.75,0,0,0,0,1200,1888
0.6,1.5,0.75,0,0,0,0,1500,1967
0.6,1.5,0.75,0,0,0,1,400,1945
0.6,1.5,0.75,0,0,0,1,800,1939
0.6,1.5,0.75,0,0,0,1,1200,1971
0.6,1.5,0.75,0,0,0,1,1500,2031
0.6,1.5,0.75,0,0,0,2,400,1928
0.6,1.5,0.75,0,0,0,2,800,1985
0.6,1.5,0.75,0,0,0,2,1200,2013
0.6,1.5,0.75,0,0,0,2,1500,2051
0.6,1.5,0.75,0,0,1,0,400,2094
0.6,1.5,0.75,0,0,1,0,800,1918
0.6,1.5,0.75,0,0,1,0,1200,2042
0.6,1.5,0.75,0,0,1,0,1500,1935
0.6,1.5,0.75,0,0,1,1,400,2071
0.6,1.5,0.75,0,0,1,1,800,2016
0.6,1.5,0.75,0,0,1,1,1200,2118
0.6,1.5,0.75,0,0,1,1,1500,2061
0.6,1.5,0.75,0,0,1,2,400,2021
0.6,1.5,0.75,0,0,1,2,800,1946
0.6,1.5,0.75,0,0,1,2,1200,1990
0.6,1.5,0.75,0,0,1,2,1500,1990
0.6,1.5,0.75,0,0,2,0,400,1899
0.6,1.5,0.75,0,0,2,0,800,2044
0.6,1.5,0.75,0,0,2,0,1200,1980
0.6,1.5,0.75,0,0,2,0,1500,1998
0.6,1.5,0.75,0,0,2,1,400,1961
0.6,1.5,0.75,0,0,2,1,800,1959
0.6,1.5,0.75,0,0,2,1,1200,1917
0.6,1.5,0.75,0,0,2,1,1500,2078
0.6,1.5,0.75,0,0,2,2,400,2002
0.6,1.5,0.75,0,0,2,2,800,2044
0.6,1.5,0.75,0,0,2,2,1200,1840
0.6,1.5,0.75,0,0,2,2,1500,1972
0.6,1.5,0.75,1,0,0,0,400,1582
0.6,1.5,0.75,1,0,0,0,800,1675
0.6,1.5,0.75,1,0,0,0,1200,1716
0.6,1.5,0.75,1,0,0,0,1500,1561
0.6,1.5,0.75,1,0,0,1,400,1721
0.6,1.5,0.75,1,0,0,1,800,1756
0.6,1.5,0.75,1,0,0,1,1200,1690
0.6,1.5,0.75,1,0,0,1,1500,1676
0.6,1.5,0.75,1,0,0,2,400,1549
0.6,1.5,0.75,1,0,0,2,800,1648
0.6,1.5,0.75,1,0,0,2,1200,1645
0.6,1.5,0.75,1,0,0,2,1500,1729
0.6,1.5,0.75,1,0,1,0,400,1656
0.6,1.5,0.75,1,0,1,0,800,1660
0.6,1.5,0.75,1,0,1,0,1200,1627
0.6,1.5,0.75,1,0,1,0,1500,1594
0.6,1.5,0.75,1,0,1,1,400,1665
0.6,1.5,0.75,1,0,1,1,800,1673
0.6,1.5,0.75,1,0,1,1,1200,1619
0.6,1.5,0.75,1,0,1,1,1500,1637
0.6,1.5,0.75,1,0,1,2,400,1707
0.6,1.5,0.75,1,0,1,2,800,1670
0.6,1.5,0.75,1,0,1,2,1200,1635
0.6,1.5,0.75,1,0,1,2,1500,1595
0.6,1.5,0.75,1,0,2,0,400,1546
0.6,1.5,0.75,1,0,2,0,800,1708
0.6,1.5,0.75,1,0,2,0,1200,1546
0.6,1.5,0.75,1,0,2,0,1500,1687
0.6,1.5,0.75,1,0,2,1,400,1607
0.6,1.5,0.75,1,0,2,1,800,1749
0.6,1.5,0.75,1,0,2,1,1200,1634
0.6,1.5,0.75,1,0,2,1,1500,1547
0.6,1.5,0.75,1,0,2,2,400,1702
0.6,1.5,0.75,1,0,2,2,800,1736
0.6,1.5,0.75,1,0,2,2,1200,1709
0.6,1.5,0.75,1,0,2,2,1500,1691
0.6,1.5,0.75,1,2,0,0,400,1883
0.6,1.5,0.75,1,2,0,0,800,1782
0.6,1.5,0.75,1,2,0,0,1200,1855
0.6,1.5,0.75,1,2,0,0,1500,1695
0.6,1.5,0.75,1,2,0,1,400,1924
0.6,1.5,0.75,1,2,0,1,800,1754
0.6,1.5,0.75,1,2,0,1,1200,1901
0.6,1.5,0.75,1,2,0,1,1500,1971
0.6,1.5,0.75,1,2,0,2,400,1834
0.6,1.5,0.75,1,2,0,2,800,1811
0.6,1.5,0.75,1,2,0,2,1200,1853
0.6,1.5,0.75,1,2,0,2,1500,1817
0.6,1.5,0.75,1,2,1,0,400,1888
0.6,1.5,0.75,1,2,1,0,800,1847
0.6,1.5,0.75,1,2,1,0,1200,1826
0.6,1.5,0.75,1,2,1,0,1500,1698
0.6,1.5,0.75,1,2,1,1,400,1761
0.6,1.5,0.75,1,2,1,1,800,1807
0.6,1.5,0.75,1,2,1,1,1200,1825
0.6,1.5,0.75,1,2,1,1,1500,1774
0.6,1.5,0.75,1,2,1,2,400,1832
0.6,1.5,0.75,1,2,1,2,800,1855
0.6,1.5,0.75,1,2,1,2,1200,1886
0.6,1.5,0.75,1,2,1,2,1500,1780
0.6,1.5,0.75,1,2,2,0,400,1888
0.6,1.5,0.75,1,2,2,0,800,1891
0.6,1.5,0.75,1,2,2,0,1200,1819
0.6,1.5,0.75,1,2,2,0,1500,2043
0.6,1.5,0.75,1,2,2,1,400,1745
0.6,1.5,0.75,1,2,2,1,800,1800
0.6,1.5,0.75,1,2,2,1,1200,1818
0.6,1.5,0.75,1,2,2,1,1500,1766
0.6,1.5,0.75,1,2,2,2,400,1876
0.6,1.5,0.75,1,2,2,2,800,1787
0.6,1.5,0.75,1,2,2,2,1200,1782
0.6,1.5,0.75,1,2,2,2,1500,1766
0.6,1.5,0.75,1,4,0,0,400,2106
0.6,1.5,0.75,1,4,0,0,800,1889
0.6,1.5,0.75,1,4,0,0,1200,2054
0.6,1.5,0.75,1,4,0,0,1500,2073
0.6,1.5,0.75,1,4,0,1,400,1994
0.6,1.5,0.75,1,4,0,1,800,2078
0.6,1.5,0.75,1,4,0,1,1200,2074
0.6,1.5,0.75,1,4,0,1,1500,1994
0.6,1.5,0.75,1,4,0,2,400,2053
0.6,1.5,0.75,1,4,0,2,800,2048
0.6,1.5,0.75,1,4,0,2,1200,2089
0.6,1.5,0.75,1,4,0,2,1500,2013
0.6,1.5,0.75,1,4,1,0,400,1970
0.6,1.5,0.75,1,4,1,0,800,1915
0.6,1.5,0.75,1,4,1,0,1200,1971
0.6,1.5,0.75,1,4,1,0,1500,2059
0.6,1.5,0.75,1,4,1,1,400,2044
0.6,1.5,0.75,1,4,1,1,800,1971
0.6,1.5,0.75,1,4,1,1,1200,1919
0.6,1.5,0.75,1,4,1,1,1500,1860
0.6,1.5,0.75,1,4,1,2,400,2016
0.6,1.5,0.75,1,4,1,2,800,1964
0.6,1.5,0.75,1,4,1,2,1200,2013
0.6,1.5,0.75,1,4,1,2,1500,2033
0.6,1.5,0.75,1,4,2,0,400,1813
0.6,1.5,0.75,1,4,2,0,800,2005
0.6,1.5,0.75,1,4,2,0,1200,2142
0.6,1.5,0.75,1,4,2,0,1500,2204
0.6,1.5,0.75,1,4,2,1,400,1847
0.6,1.5,0.75,1,4,2,1,800,1917
0.6,1.5,0.75,1,4,2,1,1200,2248
0.6,1.5,0.75,1,4,2,1,1500,2042
0.6,1.5,0.75,1,4,2,2,400,2002
0.6,1.5,0.75,1,4,2,2,800,1962
0.6,1.5,0.75,1,4,2,2,1200,1883
0.6,1.5,0.75,1,4,2,2,1500,1899
0.6,1.5,0.75,2,0,0,0,400,828
0.6,1.5,0.75,2,0,0,0,800,833
0.6,1.5,0.75,2,0,0,0,1200,749
0.6,1.5,0.75,2,0,0,0,1500,768
0.6,1.5,0.75,2,0,0,1,400,759
0.6,1.5,0.75,2,0,0,1,800,743
0.6,1.5,0.75,2,0,0,1,1200,868
0.6,1.5,0.75,2,0,0,1,1500,836
0.6,1.5,0.75,2,0,0,2,400,869
0.6,1.5,0.75,2,0,0,2,800,738
0.6,1.5,0.75,2,0,0,2,1200,827
0.6,1.5,0.75,2,0,0,2,1500,843
0.6,1.5,0.75,2,0,1,0,400,750
0.6,1.5,0.75,2,0,1,0,800,867
0.6,1.5,0.75,2,0,1,0,1200,842
0.6,1.5,0.75,2,0,1,0,1500,795
0.6,1.5,0.75,2,0,1,1,400,816
0.6,1.5,0.75,2,0,1,1,800,866
0.6,1.5,0.75,2,0,1,1,1200,734
0.6,1.5,0.75,2,0,1,1,1500,892
0.6,1.5,0.75,2,0,1,2,400,888
0.6,1.5,0.75,2,0,1,2,800,831
0.6,1.5,0.75,2,0,1,2,1200,789
0.6,1.5,0.75,2,0,1,2,1500,751
0.6,1.5,0.75,2,0,2,0,400,915
0.6,1.5,0.75,2,0,2,0,800,872
0.6,1.5,0.75,2,0,2,0,1200,813
0.6,1.5,0.75,2,0,2,0,1500,738
0.6,1.5,0.75,2,0,2,1,400,798
0.6,1.5,0.75,2,0,2,1,800,788
0.6,1.5,0.75,2,0,2,1,1200,750
0.6,1.5,0.75,2,0,2,1,1500,864
0.6,1.5,0.75,2,0,2,2,400,838
0.6,1.5,0.75,2,0,2,2,800,751
0.6,1.5,0.75,2,0,2,2,1200,730
0.6,1.5,0.75,2,0,2,2,1500,836
0.6,1.5,0.75,2,2,0,0,400,1547
0.6,1.5,0.75,2,2,0,0,800,1676
0.6,1.5,0.75,2,2,0,0,1200,1396
0.6,1.5,0.75,2,2,0,0,1500,1589
0.6,1.5,0.75,2,2,0,1,400,1625
0.6,1.5,0.75,2,2,0,1,800,1420
0.6,1.5,0.75,2,2,0,1,1200,1489
0.6,1.5,0.75,2,2,0,1,1500,1506
0.6,1.5,0.75,2,2,0,2,400,1609
0.6,1.5,0.75,2,2,0,2,800,1576
0.6,1.5,0.75,2,2,0,2,1200,1469
0.6,1.5,0.75,2,2,0,2,1500,1566
0.6,1.5,0.75,2,2,1,0,400,1553
0.6,1.5,0.75,2,2,1,0,800,1405
0.6,1.5,0.75,2,2,1,0,1200,1422
0.6,1.5,0.75,2,2,1,0,1500,1569
0.6,1.5,0.75,2,2,1,1,400,1482
0.6,1.5,0.75,2,2,1,1,800,1574
0.6,1.5,0.75,2,2,1,1,1200,1416
0.6,1.5,0.75,2,2,1,1,1500,1444
0.6,1.5,0.75,2,2,1,2,400,1339
0.6,1.5,0.75,2,2,1,2,800,1310
0.6,1.5,0.75,2,2,1,2,1200,1407
0.6,1.5,0.75,2,2,1,2,1500,1372
0.6,1.5,0.75,2,2,2,0,400,1375
0.6,1.5,0.75,2,2,2,0,800,1449
0.6,1.5,0.75,2,2,2,0,1200,1531
0.6,1.5,0.75,2,2,2,0,1500,1472
0.6,1.5,0.75,2,2,2,1,400,1410
0.6,1.5,0.75,2,2,2,1,800,1412
0.6,1.5,0.75,2,2,2,1,1200,1403
0.6,1.5,0.75,2,2,2,1,1500,1458
0.6,1.5,0.75,2,2,2,2,400,1432
0.6,1.5,0.75,2,2,2,2,800,1407
0.6,1.5,0.75,2,2,2,2,1200,1323
0.6,1.5,0.75,2,2,2,2,1500,1394
0.6,1.5,0.75,2,4,0,0,400,1975
0.6,1.5,0.75,2,4,0,0,800,2004
0.6,1.5,0.75,2,4,0,0,1200,2032
0.6,1.5,0.75,2,4,0,0,1500,2001
0.6,1.5,0.75,2,4,0,1,400,1947
0.6,1.5,0.75,2,4,0,1,800,1978
0.6,1.5,0.75,2,4,0,1,1200,1990
0.6,1.5,0.75,2,4,0,1,1500,1917
0.6,1.5,0.75,2,4,0,2,400,1894
0.6,1.5,0.75,2,4,0,2,800,2125
0.6,1.5,0.75,2,4,0,2,1200,1992
0.6,1.5,0.75,2,4,0,2,1500,1947
0.6,1.5,0.75,2,4,1,0,400,1972
0.6,1.5,0.75,2,4,1,0,800,1947
0.6,1.5,0.75,2,4,1,0,1200,1943
0.6,1.5,0.75,2,4,1,0,1500,2068
0.6,1.5,0.75,2,4,1,1,400,1942
0.6,1.5,0.75,2,4,1,1,800,1797
0.6,1.5,0.75,2,4,1,1,1200,1988
0.6,1.5,0.75,2,4,1,1,1500,1972
0.6,1.5,0.75,2,4,1,2,400,2046
0.6,1.5,0.75,2,4,1,2,800,1910
0.6,1.5,0.75,2,4,1,2,1200,1850
0.6,1.5,0.75,2,4,1,2,1500,1994
0.6,1.5,0.75,2,4,2,0,400,1854
0.6,1.5,0.75,2,4,2,0,800,2118
0.6,1.5,0.75,2,4,2,0,1200,1878
0.6,1.5,0.75,2,4,2,0,1500,1895
0.6,1.5,0.75,2,4,2,1,400,1868
0.6,1.5,0.75,2,4,2,1,800,1951
0.6,1.5,0.75,2,4,2,1,1200,1875
0.6,1.5,0.75,2,4,2,1,1500,1784
0.6,1.5,0.75,2,4,2,2,400,1955
0.6,1.5,0.75,2,4,2,2,800,1854
0.6,1.5,0.75,2,4,2,2,1200,1826
0.6,1.5,0.75,2,4,2,2,1500,1987
0.6,3,0,0,0,0,0,400,1850
0.6,3,0,0,0,0,0,800,1975
0.6,3,0,0,0,0,0,1200,1953
0.6,3,0,0,0,0,0,1500,1956
0.6,3,0,0,0,0,1,400,2016
0.6,3,0,0,0,0,1,800,1957
0.6,3,0,0,0,0,1,1200,1932
0.6,3,0,0,0,0,1,1500,1870
0.6,3,0,0,0,0,2,400,1910
0.6,3,0,0,0,0,2,800,1864
0.6,3,0,0,0,0,2,1200,1951
0.6,3,0,0,0,0,2,1500,1858
0.6,3,0,0,0,1,0,400,1990
0.6,3,0,0,0,1,0,800,1906
0.6,3,0,0,0,1,0,1200,1932
0.6,3,0,0,0,1,0,1500,1771
0.6,3,0,0,0,1,1,400,1937
0.6,3,0,0,0,1,1,800,1884
0.6,3,0,0,0,1,1,1200,1891
0.6,3,0,0,0,1,1,1500,2015
0.6,3,0,0,0,1,2,400,1884
0.6,3,0,0,0,1,2,800,1973
0.6,3,0,0,0,1,2,1200,1917
0.6,3,0,0,0,1,2,1500,1789
0.6,3,0,0,0,2,0,400,2002
0.6,3,0,0,0,2,0,800,1947
0.6,3,0,0,0,2,0,1200,1925
0.6,3,0,0,0,2,0,1500,1803
0.6,3,0,0,0,2,1,400,1950
0.6,3,0,0,0,2,1,800,2082
0.6,3,0,0,0,2,1,1200,1999
0.6,3,0,0,0,2,1,1500,1810
0.6,3,0,0,0,2,2,400,1880
0.6,3,0,0,0,2,2,800,1843
0.6,3,0,0,0,2,2,1200,2006
0.6,3,0,0,0,2,2,1500,1899
0.6,3,0,1,0,0,0,400,1685
0.6,3,0,1,0,0,0,800,1597
0.6,3,0,1,0,0,0,1200,1550
0.6,3,0,1,0,0,0,1500,1550
0.6,3,0,1,0,0,1,400,1656
0.6,3,0,1,0,0,1,800,1635
0.6,3,0,1,0,0,1,1200,1645
0.6,3,0,1,0,0,1,1500,1713
0.6,3,0,1,0,0,2,400,1718
0.6,3,0,1,0,0,2,800,1671
0.6,3,0,1,0,0,2,1200,1553
0.6,3,0,1,0,0,2,1500,1572
0.6,3,0,1,0,1,0,400,1705
0.6,3,0,1,0,1,0,800,1623
0.6,3,0,1,0,1,0,1200,1653
0.6,3,0,1,0,1,0,1500,1729
0.6,3,0,1,0,1,1,400,1669
0.6,3,0,1,0,1,1,800,1682
0.6,3,0,1,0,1,1,1200,1605
0.6,3,0,1,0,1,1,1500,1699
0.6,3,0,1,0,1,2,400,1839
0.6,3,0,1,0,1,2,800,1649
0.6,3,0,1,0,1,2,1200,1744
0.6,3,0,1,0,1,2,1500,1641
0.6,3,0,1,0,2,0,400,1673
0.6,3,0,1,0,2,0,800,1670
0.6,3,0,1,0,2,0,1200,1716
0.6,3,0,1,0,2,0,1500,1708
0.6,3,0,1,0,2,1,400,1597
0.6,3,0,1,0,2,1,800,1679
0.6,3,0,1,0,2,1,1200,1696
0.6,3,0,1,0,2,1,1500,1662
0.6,3,0,1,0,2,2,400,1700
0.6,3,0,1,0,2,2,800,1642
0.6,3,0,1,0,2,2,1200,1594
0.6,3,0,1,0,2,2,1500,1578
0.6,3,0,1,2,0,0,400,1917
0.6,3,0,1,2,0,0,800,1794
0.6,3,0,1,2,0,0,1200,1881
0.6,3,0,1,2,0,0,1500,1796
0.6,3,0,1,2,0,1,400,1822
0.6,3,0,1,2,0,1,800,1739
0.6,3,0,1,2,0,1,1200,1723
0.6,3,0,1,2,0,1,1500,1832
0.6,3,0,1,2,0,2,400,1759
0.6,3,0,1,2,0,2,800,1821
0.6,3,0,1,2,0,2,1200,1822
0.6,3,0,1,2,0,2,1500,1747
0.6,3,0,1,2,1,0,400,1808
0.6,3,0,1,2,1,0,800,1851
0.6,3,0,1,2,1,0,1200,1748
0.6,3,0,1,2,1,0,1500,1766
0.6,3,0,1,2,1,1,400,1876
0.6,3,0,1,2,1,1,800,1733
0.6,3,0,1,2,1,1,1200,1699
0.6,3,0,1,2,1,1,1500,1794
0.6,3,0,1,2,1,2,400,1855
0.6,3,0,1,2,1,2,800,1834
0.6,3,0,1,2,1,2,1200,1741
0.6,3,0,1,2,1,2,1500,1803
0.6,3,0,1,2,2,0,400,1746
0.6,3,0,1,2,2,0,800,1899
0.6,3,0,1,2,2,0,1200,1772
0.6,3,0,1,2,2,0,1500,1736
0.6,3,0,1,2,2,1,400,1734
0.6,3,0,1,2,2,1,800,1899
0.6,3,0,1,2,2,1,1200,1876
0.6,3,0,1,2,2,1,1500,1761
0.6,3,0,1,2,2,2,400,1796
0.6,3,0,1,2,2,2,800,1765
0.6,3,0,1,2,2,2,1200,1734
0.6,3,0,1,2,2,2,1500,1916
0.6,3,0,1,4,0,0,400,1927
0.6,3,0,1,4,0,0,800,1866
0.6,3,0,1,4,0,0,1200,1830
0.6,3,0,1,4,0,0,1500,1905
0.6,3,0,1,4,0,1,400,1856
0.6,3,0,1,4,0,1,800,1950
0.6,3,0,1,4,0,1,1200,1895
0.6,3,0,1,4,0,1,1500,1904
0.6,3,0,1,4,0,2,400,1922
0.6,3,0,1,4,0,2,800,1886
0.6,3,0,1,4,0,2,1200,1907
0.6,3,0,1,4,0,2,1500,1831
0.6,3,0,1,4,1,0,400,1824
0.6,3,0,1,4,1,0,800,1815
0.6,3,0,1,4,1,0,1200,1966
0.6,3,0,1,4,1,0,1500,1801
0.6,3,0,1,4,1,1,400,1861
0.6,3,0,1,4,1,1,800,1909
0.6,3,0,1,4,1,1,1200,1865
0.6,3,0,1,4,1,1,1500,1831
0.6,3,0,1,4,1,2,400,1923
0.6,3,0,1,4,1,2,800,1818
0.6,3,0,1,4,1,2,1200,1915
0.6,3,0,1,4,1,2,1500,1880
0.6,3,0,1,4,2,0,400,1947
0.6,3,0,1,4,2,0,800,1947
0.6,3,0,1,4,2,0,1200,1854
0.6,3,0,1,4,2,0,1500,1842
0.6,3,0,1,4,2,1,400,1982
0.6,3,0,1,4,2,1,800,1821
0.6,3,0,1,4,2,1,1200,1907
0.6,3,0,1,4,2,1,1500,1760
0.6,3,0,1,4,2,2,400,1774
0.6,3,0,1,4,2,2,800,1878
0.6,3,0,1,4,2,2,1200,1931
0.6,3,0,1,4,2,2,1500,1814
0.6,3,0,2,0,0,0,400,1146
0.6,3,0,2,0,0,0,800,1082
0.6,3,0,2,0,0,0,1200,1177
0.6,3,0,2,0,0,0,1500,1166
0.6,3,0,2,0,0,1,400,1191
0.6,3,0,2,0,0,1,800,1080
0.6,3,0,2,0,0,1,1200,1101
0.6,3,0,2,0,0,1,1500,1132
0.6,3,0,2,0,0,2,400,1091
0.6,3,0,2,0,0,2,800,1120
0.6,3,0,2,0,0,2,1200,1015
0.6,3,0,2,0,0,2,1500,1050
0.6,3,0,2,0,1,0,400,1114
0.6,3,0,2,0,1,0,800,1123
0.6,3,0,2,0,1,0,1200,1045
0.6,3,0,2,0,1,0,1500,1166
0.6,3,0,2,0,1,1,400,1167
0.6,3,0,2,0,1,1,800,1110
0.6,3,0,2,0,1,1,1200,1123
0.6,3,0,2,0,1,1,1500,1136
0.6,3,0,2,0,1,2,400,1310
0.6,3,0,2,0,1,2,800,1217
0.6,3,0,2,0,1,2,1200,1160
0.6,3,0,2,0,1,2,1500,1161
0.6,3,0,2,0,2,0,400,1163
0.6,3,0,2,0,2,0,800,1202
0.6,3,0,2,0,2,0,1200,1133
0.6,3,0,2,0,2,0,1500,1216
0.6,3,0,2,0,2,1,400,1135
0.6,3,0,2,0,2,1,800,1066
0.6,3,0,2,0,2,1,1200,1131
0.6,3,0,2,0,2,1,1500,1199
0.6,3,0,2,0,2,2,400,1170
0.6,3,0,2,0,2,2,800,1108
0.6,3,0,2,0,2,2,1200,1057
0.6,3,0,2,0,2,2,1500,1069
0.6,3,0,2,2,0,0,400,1471
0.6,3,0,2,2,0,0,800,1653
0.6,3,0,2,2,0,0,1200,1531
0.6,3,0,2,2,0,0,1500,1766
0.6,3,0,2,2,0,1,400,1592
0.6,3,0,2,2,0,1,800,1600
0.6,3,0,2,2,0,1,1200,1512
0.6,3,0,2,2,0,1,1500,1449
0.6,3,0,2,2,0,2,400,1467
0.6,3,0,2,2,0,2,800,1651
0.6,3,0,2,2,0,2,1200,1531
0.6,3,0,2,2,0,2,1500,1633
0.6,3,0,2,2,1,0,400,1583
0.6,3,0,2,2,1,0,800,1393
0.6,3,0,2,2,1,0,1200,1538
0.6,3,0,2,2,1,0,1500,1426
0.6,3,0,2,2,1,1,400,1521
0.6,3,0,2,2,1,1,800,1472
0.6,3,0,2,2,1,1,1200,1494
0.6,3,0,2,2,1,1,1500,1511
0.6,3,0,2,2,1,2,400,1553
0.6,3,0,2,2,1,2,800,1520
0.6,3,0,2,2,1,2,1200,1419
0.6,3,0,2,2,1,2,1500,1464
0.6,3,0,2,2,2,0,400,1449
0.6,3,0,2,2,2,0,800,1431
0.6,3,0,2,2,2,0,1200,1432
0.6,3,0,2,2,2,0,1500,1346
0.6,3,0,2,2,2,1,400,1535
0.6,3,0,2,2,2,1,800,1411
0.6,3,0,2,2,2,1,1200,1441
0.6,3,0,2,2,2,1,1500,1417
0.6,3,0,2,2,2,2,400,1444
0.6,3,0,2,2,2,2,800,1461
0.6,3,0,2,2,2,2,1200,1472
0.6,3,0,2,2,2,2,1500,1384
0.6,3,0,2,4,0,0,400,1883
0.6,3,0,2,4,0,0,800,1808
0.6,3,0,2,4,0,0,1200,1835
0.6,3,0,2,4,0,0,1500,1821
0.6,3,0,2,4,0,1,400,1831
0.6,3,0,2,4,0,1,800,1793
0.6,3,0,2,4,0,1,1200,1930
0.6,3,0,2,4,0,1,1500,1837
0.6,3,0,2,4,0,2,400,1783
0.6,3,0,2,4,0,2,800,1904
0.6,3,0,2,4,0,2,1200,1867
0.6,3,0,2,4,0,2,1500,1923
0.6,3,0,2,4,1,0,400,1773
0.6,3,0,2,4,1,0,800,1927
0.6,3,0,2,4,1,0,1200,1829
0.6,3,0,2,4,1,0,1500,1676
0.6,3,0,2,4,1,1,400,1758
0.6,3,0,2,4,1,1,800,1771
0.6,3,0,2,4,1,1,1200,1828
0.6,3,0,2,4,1,1,1500,1838
0.6,3,0,2,4,1,2,400,1810
0.6,3,0,2,4,1,2,800,1794
0.6,3,0,2,4,1,2,1200,1825
0.6,3,0,2,4,1,2,1500,1924
0.6,3,0,2,4,2,0,400,1876
0.6,3,0,2,4,2,0,800,1871
0.6,3,0,2,4,2,0,1200,1761
0.6,3,0,2,4,2,0,1500,1792
0.6,3,0,2,4,2,1,400,1878
0.6,3,0,2,4,2,1,800,1730
0.6,3,0,2,4,2,1,1200,1834
0.6,3,0,2,4,2,1,1500,1872
0.6,3,0,2,4,2,2,400,1936
0.6,3,0,2,4,2,2,800,1793
0.6,3,0,2,4,2,2,1200,1856
0.6,3,0,2,4,2,2,1500,1816
0.6,3,0.75,0,0,0,0,400,1764
0.6,3,0.75,0,0,0,0,800,1924
0.6,3,0.75,0,0,0,0,1200,1830
0.6,3,0.75,0,0,0,0,1500,1802
0.6,3,0.75,0,0,0,1,400,1786
0.6,3,0.75,0,0,0,1,800,1883
0.6,3,0.75,0,0,0,1,1200,1779
0.6,3,0.75,0,0,0,1,1500,1836
0.6,3,0.75,0,0,0,2,400,1848
0.6,3,0.75,0,0,0,2,800,1807
0.6,3,0.75,0,0,0,2,1200,1720
0.6,3,0.75,0,0,0,2,1500,1890
0.6,3,0.75,0,0,1,0,400,1855
0.6,3,0.75,0,0,1,0,800,1773
0.6,3,0.75,0,0,1,0,1200,1851
0.6,3,0.75,0,0,1,0,1500,1873
0.6,3,0.75,0,0,1,1,400,1754
0.6,3,0.75,0,0,1,1,800,1883
0.6,3,0.75,0,0,1,1,1200,1835
0.6,3,0.75,0,0,1,1,1500,1798
0.6,3,0.75,0,0,1,2,400,1816
0.6,3,0.75,0,0,1,2,800,1759
0.6,3,0.75,0,0,1,2,1200,1843
0.6,3,0.75,0,0,1,2,1500,1855
0.6,3,0.75,0,0,2,0,400,1794
0.6,3,0.75,0,0,2,0,800,1785
0.6,3,0.75,0,0,2,0,1200,1837
0.6,3,0.75,0,0,2,0,1500,1856
0.6,3,0.75,0,0,2,1,400,1841
0.6,3,0.75,0,0,2,1,800,1870
0.6,3,0.75,0,0,2,1,1200,1783
0.6,3,0.75,0,0,2,1,1500,1767
0.6,3,0.75,0,0,2,2,400,1823
0.6,3,0.75,0,0,2,2,800,1786
0.6,3,0.75,0,0,2,2,1200,1805
0.6,3,0.75,0,0,2,2,1500,1685
0.6,3,0.75,1,0,0,0,400,1581
0.6,3,0.75,1,0,0,0,800,1587
0.6,3,0.75,1,0,0,0,1200,1653
0.6,3,0.75,1,0,0,0,1500,1581
0.6,3,0.75,1,0,0,1,400,1660
0.6,3,0.75,1,0,0,1,800,1559
0.6,3,0.75,1,0,0,1,1200,1634
0.6,3,0.75,1,0,0,1,1500,1618
0.6,3,0.75,1,0,0,2,400,1626
0.6,3,0.75,1,0,0,2,800,1684
0.6,3,0.75,1,0,0,2,1200,1557
0.6,3,0.75,1,0,0,2,1500,1588
0.6,3,0.75,1,0,1,0,400,1606
0.6,3,0.75,1,0,1,0,800,1538
0.6,3,0.75,1,0,1,0,1200,1510
0.6,3,0.75,1,0,1,0,1500,1624
0.6,3,0.75,1,0,1,1,400,1573
0.6,3,0.75,1,0,1,1,800,1580
0.6,3,0.75,1,0,1,1,1200,1480
0.6,3,0.75,1,0,1,1,1500,1508
0.6,3,0.75,1,0,1,2,400,1605
0.6,3,0.75,1,0,1,2,800,1550
0.6,3,0.75,1,0,1,2,1200,1481
0.6,3,0.75,1,0,1,2,1500,1713
0.6,3,0.75,1,0,2,0,400,1688
0.6,3,0.75,1,0,2,0,800,1606
0.6,3,0.75,1,0,2,0,1200,1527
0.6,3,0.75,1,0,2,0,1500,1531
0.6,3,0.75,1,0,2,1,400,1618
0.6,3,0.75,1,0,2,1,800,1507
0.6,3,0.75,1,0,2,1,1200,1556
0.6,3,0.75,1,0,2,1,1500,1637
0.6,3,0.75,1,0,2,2,400,1606
0.6,3,0.75,1,0,2,2,800,1637
0.6,3,0.75,1,0,2,2,1200,1559
0.6,3,0.75,1,0,2,2,1500,1536
0.6,3,0.75,1,2,0,0,400,1676
0.6,3,0.75,1,2,0,0,800,1736
0.6,3,0.75,1,2,0,0,1200,1762
0.6,3,0.75,1,2,0,0,1500,1630
0.6,3,0.75,1,2,0,1,400,1605
0.6,3,0.75,1,2,0,1,800,1683
0.6,3,0.75,1,2,0,1,1200,1707
0.6,3,0.75,1,2,0,1,1500,1563
0.6,3,0.75,1,2,0,2,400,1636
0.6,3,0.75,1,2,0,2,800,1641
0.6,3,0.75,1,2,0,2,1200,1748
0.6,3,0.75,1,2,0,2,1500,1741
0.6,3,0.75,1,2,1,0,400,1762
0.6,3,0.75,1,2,1,0,800,1725
0.6,3,0.75,1,2,1,0,1200,1726
0.6,3,0.75,1,2,1,0,1500,1784
0.6,3,0.75,1,2,1,1,400,1681
0.6,3,0.75,1,2,1,1,800,1727
0.6,3,0.75,1,2,1,1,1200,1830
0.6,3,0.75,1,2,1,1,1500,1702
0.6,3,0.75,1,2,1,2,400,1772
0.6,3,0.75,1,2,1,2,800,1710
0.6,3,0.75,1,2,1,2,1200,1755
0.6,3,0.75,1,2,1,2,1500,1630
0.6,3,0.75,1,2,2,0,400,1739
0.6,3,0.75,1,2,2,0,800,1551
0.6,3,0.75,1,2,2,0,1200,1706
0.6,3,0.75,1,2,2,0,1500,1729
0.6,3,0.75,1,2,2,1,400,1628
0.6,3,0.75,1,2,2,1,800,1726
0.6,3,0.75,1,2,2,1,1200,1778
0.6,3,0.75,1,2,2,1,1500,1765
0.6,3,0.75,1,2,2,2,400,1647
0.6,3,0.75,1,2,2,2,800,1723
0.6,3,0.75,1,2,2,2,1200,1685
0.6,3,0.75,1,2,2,2,1500,1799
0.6,3,0.75,1,4,0,0,400,1934
0.6,3,0.75,1,4,0,0,800,1772
0.6,3,0.75,1,4,0,0,1200,1856
0.6,3,0.75,1,4,0,0,1500,1906
0.6,3,0.75,1,4,0,1,400,1839
0.6,3,0.75,1,4,0,1,800,1905
0.6,3,0.75,1,4,0,1,1200,1760
0.6,3,0.75,1,4,0,1,1500,1891
0.6,3,0.75,1,4,0,2,400,1793
0.6,3,0.75,1,4,0,2,800,1742
0.6,3,0.75,1,4,0,2,1200,1879
0.6,3,0.75,1,4,0,2,1500,1918
0.6,3,0.75,1,4,1,0,400,1834
0.6,3,0.75,1,4,1,0,800,1791
0.6,3,0.75,1,4,1,0,1200,1702
0.6,3,0.75,1,4,1,0,1500,1806
0.6,3,0.75,1,4,1,1,400,1956
0.6,3,0.75,1,4,1,1,800,1840
0.6,3,0.75,1,4,1,1,1200,1895
0.6,3,0.75,1,4,1,1,1500,1768
0.6,3,0.75,1,4,1,2,400,1767
0.6,3,0.75,1,4,1,2,800,1884
0.6,3,0.75,1,4,1,2,1200,1669
0.6,3,0.75,1,4,1,2,1500,1908
0.6,3,0.75,1,4,2,0,400,1825
0.6,3,0.75,1,4,2,0,800,1708
0.6,3,0.75,1,4,2,0,1200,1782
0.6,3,0.75,1,4,2,0,1500,1815
0.6,3,0.75,1,4,2,1,400,1789
0.6,3,0.75,1,4,2,1,800,1867
0.6,3,0.75,1,4,2,1,1200,1779
0.6,3,0.75,1,4,2,1,1500,1840
0.6,3,0.75,1,4,2,2,400,1752
0.6,3,0.75,1,4,2,2,800,1756
0.6,3,0.75,1,4,2,2,1200,1807
0.6,3,0.75,1,4,2,2,1500,1716
0.6,3,0.75,2,0,0,0,400,1264
0.6,3,0.75,2,0,0,0,800,1087
0.6,3,0.75,2,0,0,0,1200,1079
0.6,3,0.75,2,0,0,0,1500,1031
0.6,3,0.75,2,0,0,1,400,1109
0.6,3,0.75,2,0,0,1,800,1174
0.6,3,0.75,2,0,0,1,1200,1151
0.6,3,0.75,2,0,0,1,1500,1164
0.6,3,0.75,2,0,0,2,400,1245
0.6,3,0.75,2,0,0,2,800,1151
0.6,3,0.75,2,0,0,2,1200,1091
0.6,3,0.75,2,0,0,2,1500,1172
0.6,3,0.75,2,0,1,0,400,1068
0.6,3,0.75,2,0,1,0,800,1159
0.6,3,0.75,2,0,1,0,1200,1089
0.6,3,0.75,2,0,1,0,1500,1165
0.6,3,0.75,2,0,1,1,400,1076
0.6,3,0.75,2,0,1,1,800,1163
0.6,3,0.75,2,0,1,1,1200,1100
0.6,3,0.75,2,0,1,1,1500,1094
0.6,3,0.75,2,0,1,2,400,1095
0.6,3,0.75,2,0,1,2,800,1162
0.6,3,0.75,2,0,1,2,1200,1127
0.6,3,0.75,2,0,1,2,1500,1104
0.6,3,0.75,2,0,2,0,400,1133
0.6,3,0.75,2,0,2,0,800,1097
0.6,3,0.75,2,0,2,0,1200,1115
0.6,3,0.75,2,0,2,0,1500,1079
0.6,3,0.75,2,0,2,1,400,1046
0.6,3,0.75,2,0,2,1,800,1131
0.6,3,0.75,2,0,2,1,1200,1145
0.6,3,0.75,2,0,2,1,1500,1107
0.6,3,0.75,2,0,2,2,400,1095
0.6,3,0.75,2,0,2,2,800,1100
0.6,3,0.75,2,0,2,2,1200,1124
0.6,3,0.75,2,0,2,2,1500,1182
0.6,3,0.75,2,2,0,0,400,1473
0.6,3,0.75,2,2,0,0,800,1484
0.6,3,0.75,2,2,0,0,1200,1485
0.6,3,0.75,2,2,0,0,1500,1426
0.6,3,0.75,2,2,0,1,400,1609
0.6,3,0.75,2,2,0,1,800,1504
0.6,3,0.75,2,2,0,1,1200,1465
0.6,3,0.75,2,2,0,1,1500,1487
0.6,3,0.75,2,2,0,2,400,1397
0.6,3,0.75,2,2,0,2,800,1519
0.6,3,0.75,2,2,0,2,1200,1489
0.6,3,0.75,2,2,0,2,1500,1434
0.6,3,0.75,2,2,1,0,400,1350
0.6,3,0.75,2,2,1,0,800,1540
0.6,3,0.75,2,2,1,0,1200,1467
0.6,3,0.75,2,2,1,0,1500,1457
0.6,3,0.75,2,2,1,1,400,1507
0.6,3,0.75,2,2,1,1,800,1419
0.6,3,0.75,2,2,1,1,1200,1408
0.6,3,0.75,2,2,1,1,1500,1493
0.6,3,0.75,2,2,1,2,400,1406
0.6,3,0.75,2,2,1,2,800,1548
0.6,3,0.75,2,2,1,2,1200,1489
0.6,3,0.75,2,2,1,2,1500,1458
0.6,3,0.75,2,2,2,0,400,1438
0.6,3,0.75,2,2,2,0,800,1487
0.6,3,0.75,2,2,2,0,1200,1371
0.6,3,0.75,2,2,2,0,1500,1380
0.6,3,0.75,2,2,2,1,400,1437
0.6,3,0.75,2,2,2,1,800,1337
0.6,3,0.75,2,2,2,1,1200,1333
0.6,3,0.75,2,2,2,1,1500,1438
0.6,3,0.75,2,2,2,2,400,1346
0.6,3,0.75,2,2,2,2,800,1448
0.6,3,0.75,2,2,2,2,1200,1436
0.6,3,0.75,2,2,2,2,1500,1315
0.6,3,0.75,2,4,0,0,400,1768
0.6,3,0.75,2,4,0,0,800,1919
0.6,3,0.75,2,4,0,0,1200,1768
0.6,3,0.75,2,4,0,0,1500,1806
0.6,3,0.75,2,4,0,1,400,1700
0.6,3,0.75,2,4,0,1,800,1683
0.6,3,0.75,2,4,0,1,1200,1826
0.6,3,0.75,2,4,0,1,1500,1769
0.6,3,0.75,2,4,0,2,400,1846
0.6,3,0.75,2,4,0,2,800,1773
0.6,3,0.75,2,4,0,2,1200,1919
0.6,3,0.75,2,4,0,2,1500,1819
0.6,3,0.75,2,4,1,0,400,1849
0.6,3,0.75,2,4,1,0,800,1820
0.6,3,0.75,2,4,1,0,1200,1707
0.6,3,0.75,2,4,1,0,1500,1807
0.6,3,0.75,2,4,1,1,400,1749
0.6,3,0.75,2,4,1,1,800,1735
0.6,3,0.75,2,4,1,1,1200,1774
0.6,3,0.75,2,4,1,1,1500,1722
0.6,3,0.75,2,4,1,2,400,1759
0.6,3,0.75,2,4,1,2,800,1719
0.6,3,0.75,2,4,1,2,1200,1813
0.6,3,0.75,2,4,1,2,1500,1733
0.6,3,0.75,2,4,2,0,400,1636
0.6,3,0.75,2,4,2,0,800,1699
0.6,3,0.75,2,4,2,0,1200,1755
0.6,3,0.75,2,4,2,0,1500,1697
0.6,3,0.75,2,4,2,1,400,1753
0.6,3,0.75,2,4,2,1,800,1752
0.6,3,0.75,2,4,2,1,1200,1673
0.6,3,0.75,2,4,2,1,1500,1766
0.6,3,0.75,2,4,2,2,400,1720
0.6,3,0.75,2,4,2,2,800,1706
0.6,3,0.75,2,4,2,2,1200,1812
0.6,3,0.75,2,4,2,2,1500,1697
0.6,6,0,0,0,0,0,400,991
0.6,6,0,0,0,0,0,800,883
0.6,6,0,0,0,0,0,1200,845
0.6,6,0,0,0,0,0,1500,893
0.6,6,0,0,0,0,1,400,897
0.6,6,0,0,0,0,1,800,907
0.6,6,0,0,0,0,1,1200,1008
0.6,6,0,0,0,0,1,1500,989
0.6,6,0,0,0,0,2,400,1000
0.6,6,0,0,0,0,2,800,922
0.6,6,0,0,0,0,2,1200,958
0.6,6,0,0,0,0,2,1500,972
0.6,6,0,0,0,1,0,400,900
0.6,6,0,0,0,1,0,800,927
0.6,6,0,0,0,1,0,1200,1028
0.6,6,0,0,0,1,0,1500,909
0.6,6,0,0,0,1,1,400,926
0.6,6,0,0,0,1,1,800,842
0.6,6,0,0,0,1,1,1200,996
0.6,6,0,0,0,1,1,1500,917
0.6,6,0,0,0,1,2,400,913
0.6,6,0,0,0,1,2,800,885
0.6,6,0,0,0,1,2,1200,774
0.6,6,0,0,0,1,2,1500,942
0.6,6,0,0,0,2,0,400,959
0.6,6,0,0,0,2,0,800,1031
0.6,6,0,0,0,2,0,1200,1081
0.6,6,0,0,0,2,0,1500,918
0.6,6,0,0,0,2,1,400,848
0.6,6,0,0,0,2,1,800,916
0.6,6,0,0,0,2,1,1200,972
0.6,6,0,0,0,2,1,1500,973
0.6,6,0,0,0,2,2,400,849
0.6,6,0,0,0,2,2,800,1003
0.6,6,0,0,0,2,2,1200,868
0.6,6,0,0,0,2,2,1500,869
0.6,6,0,1,0,0,0,400,837
0.6,6,0,1,0,0,0,800,873
0.6,6,0,1,0,0,0,1200,724
0.6,6,0,1,0,0,0,1500,831
0.6,6,0,1,0,0,1,400,832
0.6,6,0,1,0,0,1,800,815
0.6,6,0,1,0,0,1,1200,832
0.6,6,0,1,0,0,1,1500,673
0.6,6,0,1,0,0,2,400,779
0.6,6,0,1,0,0,2,800,778
0.6,6,0,1,0,0,2,1200,727
0.6,6,0,1,0,0,2,1500,672
0.6,6,0,1,0,1,0,400,910
0.6,6,0,1,0,1,0,800,869
0.6,6,0,1,0,1,0,1200,817
0.6,6,0,1,0,1,0,1500,869
0.6,6,0,1,0,1,1,400,830
0.6,6,0,1,0,1,1,800,800
0.6,6,0,1,0,1,1,1200,855
0.6,6,0,1,0,1,1,1500,772
0.6,6,0,1,0,1,2,400,792
0.6,6,0,1,0,1,2,800,765
0.6,6,0,1,0,1,2,1200,711
0.6,6,0,1,0,1,2,1500,706
0.6,6,0,1,0,2,0,400,843
0.6,6,0,1,0,2,0,800,873
0.6,6,0,1,0,2,0,1200,792
0.6,6,0,1,0,2,0,1500,732
0.6,6,0,1,0,2,1,400,843
0.6,6,0,1,0,2,1,800,846
0.6,6,0,1,0,2,1,1200,843
0.6,6,0,1,0,2,1,1500,854
0.6,6,0,1,0,2,2,400,804
0.6,6,0,1,0,2,2,800,792
0.6,6,0,1,0,2,2,1200,874
0.6,6,0,1,0,2,2,1500,794
0.6,6,0,1,2,0,0,400,924
0.6,6,0,1,2,0,0,800,860
0.6,6,0,1,2,0,0,1200,984
0.6,6,0,1,2,0,0,1500,985
0.6,6,0,1,2,0,1,400,929
0.6,6,0,1,2,0,1,800,986
0.6,6,0,1,2,0,1,1200,900
0.6,6,0,1,2,0,1,1500,897
0.6,6,0,1,2,0,2,400,839
0.6,6,0,1,2,0,2,800,1008
0.6,6,0,1,2,0,2,1200,819
0.6,6,0,1,2,0,2,1500,862
0.6,6,0,1,2,1,0,400,856
0.6,6,0,1,2,1,0,800,889
0.6,6,0,1,2,1,0,1200,819
0.6,6,0,1,2,1,0,1500,819
0.6,6,0,1,2,1,1,400,852
0.6,6,0,1,2,1,1,800,847
0.6,6,0,1,2,1,1,1200,722
0.6,6,0,1,2,1,1,1500,766
0.6,6,0,1,2,1,2,400,811
0.6,6,0,1,2,1,2,800,779
0.6,6,0,1,2,1,2,1200,831
0.6,6,0,1,2,1,2,1500,850
0.6,6,0,1,2,2,0,400,818
0.6,6,0,1,2,2,0,800,794
0.6,6,0,1,2,2,0,1200,888
0.6,6,0,1,2,2,0,1500,775
0.6,6,0,1,2,2,1,400,849
0.6,6,0,1,2,2,1,800,900
0.6,6,0,1,2,2,1,1200,849
0.6,6,0,1,2,2,1,1500,787
0.6,6,0,1,2,2,2,400,835
0.6,6,0,1,2,2,2,800,877
0.6,6,0,1,2,2,2,1200,882
0.6,6,0,1,2,2,2,1500,816
0.6,6,0,1,4,0,0,400,936
0.6,6,0,1,4,0,0,800,950
0.6,6,0,1,4,0,0,1200,906
0.6,6,0,1,4,0,0,1500,880
0.6,6,0,1,4,0,1,400,943
0.6,6,0,1,4,0,1,800,917
0.6,6,0,1,4,0,1,1200,816
0.6,6,0,1,4,0,1,1500,871
0.6,6,0,1,4,0,2,400,988
0.6,6,0,1,4,0,2,800,843
0.6,6,0,1,4,0,2,1200,797
0.6,6,0,1,4,0,2,1500,967
0.6,6,0,1,4,1,0,400,889
0.6,6,0,1,4,1,0,800,866
0.6,6,0,1,4,1,0,1200,909
0.6,6,0,1,4,1,0,1500,914
0.6,6,0,1,4,1,1,400,759
0.6,6,0,1,4,1,1,800,858
0.6,6,0,1,4,1,1,1200,904
0.6,6,0,1,4,1,1,1500,824
0.6,6,0,1,4,1,2,400,930
0.6,6,0,1,4,1,2,800,1018
0.6,6,0,1,4,1,2,1200,864
0.6,6,0,1,4,1,2,1500,955
0.6,6,0,1,4,2,0,400,930
0.6,6,0,1,4,2,0,800,877
0.6,6,0,1,4,2,0,1200,879
0.6,6,0,1,4,2,0,1500,958
0.6,6,0,1,4,2,1,400,970
0.6,6,0,1,4,2,1,800,866
0.6,6,0,1,4,2,1,1200,823
0.6,6,0,1,4,2,1,1500,860
0.6,6,0,1,4,2,2,400,970
0.6,6,0,1,4,2,2,800,890
0.6,6,0,1,4,2,2,1200,852
0.6,6,0,1,4,2,2,1500,955
0.6,6,0,2,0,0,0,400,565
0.6,6,0,2,0,0,0,800,580
0.6,6,0,2,0,0,0,1200,527
0.6,6,0,2,0,0,0,1500,481
0.6,6,0,2,0,0,1,400,618
0.6,6,0,2,0,0,1,800,547
0.6,6,0,2,0,0,1,1200,562
0.6,6,0,2,0,0,1,1500,385
0.6,6,0,2,0,0,2,400,507
0.6,6,0,2,0,0,2,800,447
0.6,6,0,2,0,0,2,1200,355
0.6,6,0,2,0,0,2,1500,413
0.6,6,0,2,0,1,0,400,514
0.6,6,0,2,0,1,0,800,589
0.6,6,0,2,0,1,0,1200,467
0.6,6,0,2,0,1,0,1500,332
0.6,6,0,2,0,1,1,400,510
0.6,6,0,2,0,1,1,800,478
0.6,6,0,2,0,1,1,1200,504
0.6,6,0,2,0,1,1,1500,497
0.6,6,0,2,0,1,2,400,558
0.6,6,0,2,0,1,2,800,467
0.6,6,0,2,0,1,2,1200,483
0.6,6,0,2,0,1,2,1500,506
0.6,6,0,2,0,2,0,400,464
0.6,6,0,2,0,2,0,800,476
0.6,6,0,2,0,2,0,1200,551
0.6,6,0,2,0,2,0,1500,598
0.6,6,0,2,0,2,1,400,655
0.6,6,0,2,0,2,1,800,572
0.6,6,0,2,0,2,1,1200,567
0.6,6,0,2,0,2,1,1500,517
0.6,6,0,2,0,2,2,400,542
0.6,6,0,2,0,2,2,800,517
0.6,6,0,2,0,2,2,1200,434
0.6,6,0,2,0,2,2,1500,414
0.6,6,0,2,2,0,0,400,706
0.6,6,0,2,2,0,0,800,745
0.6,6,0,2,2,0,0,1200,676
0.6,6,0,2,2,0,0,1500,708
0.6,6,0,2,2,0,1,400,799
0.6,6,0,2,2,0,1,800,796
0.6,6,0,2,2,0,1,1200,797
0.6,6,0,2,2,0,1,1500,780
0.6,6,0,2,2,0,2,400,735
0.6,6,0,2,2,0,2,800,683
0.6,6,0,2,2,0,2,1200,603
0.6,6,0,2,2,0,2,1500,638
0.6,6,0,2,2,1,0,400,650
0.6,6,0,2,2,1,0,800,673
0.6,6,0,2,2,1,0,1200,506
0.6,6,0,2,2,1,0,1500,613
0.6,6,0,2,2,1,1,400,686
0.6,6,0,2,2,1,1,800,589
0.6,6,0,2,2,1,1,1200,669
0.6,6,0,2,2,1,1,1500,653
0.6,6,0,2,2,1,2,400,800
0.6,6,0,2,2,1,2,800,791
0.6,6,0,2,2,1,2,1200,675
0.6,6,0,2,2,1,2,1500,631
0.6,6,0,2,2,2,0,400,713
0.6,6,0,2,2,2,0,800,756
0.6,6,0,2,2,2,0,1200,718
0.6,6,0,2,2,2,0,1500,819
0.6,6,0,2,2,2,1,400,741
0.6,6,0,2,2,2,1,800,680
0.6,6,0,2,2,2,1,1200,612
0.6,6,0,2,2,2,1,1500,644
0.6,6,0,2,2,2,2,400,771
0.6,6,0,2,2,2,2,800,827
0.6,6,0,2,2,2,2,1200,785
0.6,6,0,2,2,2,2,1500,730
0.6,6,0,2,4,0,0,400,897
0.6,6,0,2,4,0,0,800,908
0.6,6,0,2,4,0,0,1200,1034
0.6,6,0,2,4,0,0,1500,959
0.6,6,0,2,4,0,1,400,904
0.6,6,0,2,4,0,1,800,917
0.6,6,0,2,4,0,1,1200,872
0.6,6,0,2,4,0,1,1500,999
0.6,6,0,2,4,0,2,400,944
0.6,6,0,2,4,0,2,800,912
0.6,6,0,2,4,0,2,1200,974
0.6,6,0,2,4,0,2,1500,857
0.6,6,0,2,4,1,0,400,905
0.6,6,0,2,4,1,0,800,797
0.6,6,0,2,4,1,0,1200,739
0.6,6,0,2,4,1,0,1500,1011
0.6,6,0,2,4,1,1,400,917
0.6,6,0,2,4,1,1,800,952
0.6,6,0,2,4,1,1,1200,1012
0.6,6,0,2,4,1,1,1500,880
0.6,6,0,2,4,1,2,400,931
0.6,6,0,2,4,1,2,800,874
0.6,6,0,2,4,1,2,1200,921
0.6,6,0,2,4,1,2,1500,875
0.6,6,0,2,4,2,0,400,881
0.6,6,0,2,4,2,0,800,901
0.6,6,0,2,4,2,0,1200,845
0.6,6,0,2,4,2,0,1500,793
0.6,6,0,2,4,2,1,400,855
0.6,6,0,2,4,2,1,800,938
0.6,6,0,2,4,2,1,1200,827
0.6,6,0,2,4,2,1,1500,920
0.6,6,0,2,4,2,2,400,871
0.6,6,0,2,4,2,2,800,829
0.6,6,0,2,4,2,2,1200,775
0.6,6,0,2,4,2,2,1500,926
0.6,6,0.75,0,0,0,0,400,932
0.6,6,0.75,0,0,0,0,800,930
0.6,6,0.75,0,0,0,0,1200,1003
0.6,6,0.75,0,0,0,0,1500,896
0.6,6,0.75,0,0,0,1,400,922
0.6,6,0.75,0,0,0,1,800,871
0.6,6,0.75,0,0,0,1,1200,969
0.6,6,0.75,0,0,0,1,1500,861
0.6,6,0.75,0,0,0,2,400,931
0.6,6,0.75,0,0,0,2,800,918
0.6,6,0.75,0,0,0,2,1200,893
0.6,6,0.75,0,0,0,2,1500,1001
0.6,6,0.75,0,0,1,0,400,912
0.6,6,0.75,0,0,1,0,800,884
0.6,6,0.75,0,0,1,0,1200,983
0.6,6,0.75,0,0,1,0,1500,1004
0.6,6,0.75,0,0,1,1,400,962
0.6,6,0.75,0,0,1,1,800,919
0.6,6,0.75,0,0,1,1,1200,903
0.6,6,0.75,0,0,1,1,1500,908
0.6,6,0.75,0,0,1,2,400,902
0.6,6,0.75,0,0,1,2,800,843
0.6,6,0.75,0,0,1,2,1200,884
0.6,6,0.75,0,0,1,2,1500,951
0.6,6,0.75,0,0,2,0,400,920
0.6,6,0.75,0,0,2,0,800,850
0.6,6,0.75,0,0,2,0,1200,966
0.6,6,0.75,0,0,2,0,1500,966
0.6,6,0.75,0,0,2,1,400,924
0.6,6,0.75,0,0,2,1,800,776
0.6,6,0.75,0,0,2,1,1200,875
0.6,6,0.75,0,0,2,1,1500,945
0.6,6,0.75,0,0,2,2,400,890
0.6,6,0.75,0,0,2,2,800,930
0.6,6,0.75,0,0,2,2,1200,943
0.6,6,0.75,0,0,2,2,1500,875
0.6,6,0.75,1,0,0,0,400,856
0.6,6,0.75,1,0,0,0,800,951
0.6,6,0.75,1,0,0,0,1200,785
0.6,6,0.75,1,0,0,0,1500,822
0.6,6,0.75,1,0,0,1,400,725
0.6,6,0.75,1,0,0,1,800,698
0.6,6,0.75,1,0,0,1,1200,770
0.6,6,0.75,1,0,0,1,1500,708
0.6,6,0.75,1,0,0,2,400,738
0.6,6,0.75,1,0,0,2,800,817
0.6,6,0.75,1,0,0,2,1200,894
0.6,6,0.75,1,0,0,2,1500,850
0.6,6,0.75,1,0,1,0,400,804
0.6,6,0.75,1,0,1,0,800,857
0.6,6,0.75,1,0,1,0,1200,714
0.6,6,0.75,1,0,1,0,1500,928
0.6,6,0.75,1,0,1,1,400,800
0.6,6,0.75,1,0,1,1,800,826
0.6,6,0.75,1,0,1,1,1200,866
0.6,6,0.75,1,0,1,1,1500,799
0.6,6,0.75,1,0,1,2,400,896
0.6,6,0.75,1,0,1,2,800,668
0.6,6,0.75,1,0,1,2,1200,832
0.6,6,0.75,1,0,1,2,1500,776
0.6,6,0.75,1,0,2,0,400,846
0.6,6,0.75,1,0,2,0,800,716
0.6,6,0.75,1,0,2,0,1200,825
0.6,6,0.75,1,0,2,0,1500,757
0.6,6,0.75,1,0,2,1,400,753
0.6,6,0.75,1,0,2,1,800,823
0.6,6,0.75,1,0,2,1,1200,909
0.6,6,0.75,1,0,2,1,1500,878
0.6,6,0.75,1,0,2,2,400,854
0.6,6,0.75,1,0,2,2,800,808
0.6,6,0.75,1,0,2,2,1200,769
0.6,6,0.75,1,0,2,2,1500,964
0.6,6,0.75,1,2,0,0,400,839
0.6,6,0.75,1,2,0,0,800,735
0.6,6,0.75,1,2,0,0,1200,918
0.6,6,0.75,1,2,0,0,1500,887
0.6,6,0.75,1,2,0,1,400,803
0.6,6,0.75,1,2,0,1,800,827
0.6,6,0.75,1,2,0,1,1200,880
0.6,6,0.75,1,2,0,1,1500,951
0.6,6,0.75,1,2,0,2,400,958
0.6,6,0.75,1,2,0,2,800,794
0.6,6,0.75,1,2,0,2,1200,908
0.6,6,0.75,1,2,0,2,1500,853
0.6,6,0.75,1,2,1,0,400,918
0.6,6,0.75,1,2,1,0,800,864
0.6,6,0.75,1,2,1,0,1200,900
0.6,6,0.75,1,2,1,0,1500,912
0.6,6,0.75,1,2,1,1,400,845
0.6,6,0.75,1,2,1,1,800,846
0.6,6,0.75,1,2,1,1,1200,883
0.6,6,0.75,1,2,1,1,1500,971
0.6,6,0.75,1,2,1,2,400,924
0.6,6,0.75,1,2,1,2,800,913
0.6,6,0.75,1,2,1,2,1200,854
0.6,6,0.75,1,2,1,2,1500,937
0.6,6,0.75,1,2,2,0,400,819
0.6,6,0.75,1,2,2,0,800,855
0.6,6,0.75,1,2,2,0,1200,914
0.6,6,0.75,1,2,2,0,1500,866
0.6,6,0.75,1,2,2,1,400,942
0.6,6,0.75,1,2,2,1,800,890
0.6,6,0.75,1,2,2,1,1200,877
0.6,6,0.75,1,2,2,1,1500,869
0.6,6,0.75,1,2,2,2,400,848
0.6,6,0.75,1,2,2,2,800,865
0.6,6,0.75,1,2,2,2,1200,873
0.6,6,0.75,1,2,2,2,1500,937
0.6,6,0.75,1,4,0,0,400,845
0.6,6,0.75,1,4,0,0,800,930
0.6,6,0.75,1,4,0,0,1200,971
0.6,6,0.75,1,4,0,0,1500,989
0.6,6,0.75,1,4,0,1,400,968
0.6,6,0.75,1,4,0,1,800,884
0.6,6,0.75,1,4,0,1,1200,953
0.6,6,0.75,1,4,0,1,1500,969
0.6,6,0.75,1,4,0,2,400,1000
0.6,6,0.75,1,4,0,2,800,889
0.6,6,0.75,1,4,0,2,1200,1013
0.6,6,0.75,1,4,0,2,1500,855
0.6,6,0.75,1,4,1,0,400,925
0.6,6,0.75,1,4,1,0,800,1017
0.6,6,0.75,1,4,1,0,1200,987
0.6,6,0.75,1,4,1,0,1500,983
0.6,6,0.75,1,4,1,1,400,965
0.6,6,0.75,1,4,1,1,800,1003
0.6,6,0.75,1,4,1,1,1200,994
0.6,6,0.75,1,4,1,1,1500,897
0.6,6,0.75,1,4,1,2,400,828
0.6,6,0.75,1,4,1,2,800,938
0.6,6,0.75,1,4,1,2,1200,898
0.6,6,0.75,1,4,1,2,1500,970
0.6,6,0.75,1,4,2,0,400,925
0.6,6,0.75,1,4,2,0,800,1014
0.6,6,0.75,1,4,2,0,1200,838
0.6,6,0.75,1,4,2,0,1500,931
0.6,6,0.75,1,4,2,1,400,870
0.6,6,0.75,1,4,2,1,800,939
0.6,6,0.75,1,4,2,1,1200,878
0.6,6,0.75,1,4,2,1,1500,958
0.6,6,0.75,1,4,2,2,400,930
0.6,6,0.75,1,4,2,2,800,814
0.6,6,0.75,1,4,2,2,1200,996
0.6,6,0.75,1,4,2,2,1500,1015
0.6,6,0.75,2,0,0,0,400,508
0.6,6,0.75,2,0,0,0,800,501
0.6,6,0.75,2,0,0,0,1200,505
0.6,6,0.75,2,0,0,0,1500,530
0.6,6,0.75,2,0,0,1,400,431
0.6,6,0.75,2,0,0,1,800,529
0.6,6,0.75,2,0,0,1,1200,536
0.6,6,0.75,2,0,0,1,1500,515
0.6,6,0.75,2,0,0,2,400,533
0.6,6,0.75,2,0,0,2,800,584
0.6,6,0.75,2,0,0,2,1200,469
0.6,6,0.75,2,0,0,2,1500,508
0.6,6,0.75,2,0,1,0,400,657
0.6,6,0.75,2,0,1,0,800,385
0.6,6,0.75,2,0,1,0,1200,523
0.6,6,0.75,2,0,1,0,1500,541
0.6,6,0.75,2,0,1,1,400,490
0.6,6,0.75,2,0,1,1,800,408
0.6,6,0.75,2,0,1,1,1200,387
0.6,6,0.75,2,0,1,1,1500,612
0.6,6,0.75,2,0,1,2,400,580
0.6,6,0.75,2,0,1,2,800,486
0.6,6,0.75,2,0,1,2,1200,554
0.6,6,0.75,2,0,1,2,1500,536
0.6,6,0.75,2,0,2,0,400,530
0.6,6,0.75,2,0,2,0,800,571
0.6,6,0.75,2,0,2,0,1200,464
0.6,6,0.75,2,0,2,0,1500,530
0.6,6,0.75,2,0,2,1,400,640
0.6,6,0.75,2,0,2,1,800,489
0.6,6,0.75,2,0,2,1,1200,484
0.6,6,0.75,2,0,2,1,1500,655
0.6,6,0.75,2,0,2,2,400,587
0.6,6,0.75,2,0,2,2,800,579
0.6,6,0.75,2,0,2,2,1200,563
0.6,6,0.75,2,0,2,2,1500,375
0.6,6,0.75,2,2,0,0,400,668
0.6,6,0.75,2,2,0,0,800,634
0.6,6,0.75,2,2,0,0,1200,683
0.6,6,0.75,2,2,0,0,1500,695
0.6,6,0.75,2,2,0,1,400,661
0.6,6,0.75,2,2,0,1,800,740
0.6,6,0.75,2,2,0,1,1200,747
0.6,6,0.75,2,2,0,1,1500,745
0.6,6,0.75,2,2,0,2,400,746
0.6,6,0.75,2,2,0,2,800,711
0.6,6,0.75,2,2,0,2,1200,714
0.6,6,0.75,2,2,0,2,1500,667
0.6,6,0.75,2,2,1,0,400,733
0.6,6,0.75,2,2,1,0,800,795
0.6,6,0.75,2,2,1,0,1200,770
0.6,6,0.75,2,2,1,0,1500,751
0.6,6,0.75,2,2,1,1,400,759
0.6,6,0.75,2,2,1,1,800,693
0.6,6,0.75,2,2,1,1,1200,715
0.6,6,0.75,2,2,1,1,1500,771
0.6,6,0.75,2,2,1,2,400,714
0.6,6,0.75,2,2,1,2,800,749
0.6,6,0.75,2,2,1,2,1200,735
0.6,6,0.75,2,2,1,2,1500,812
0.6,6,0.75,2,2,2,0,400,742
0.6,6,0.75,2,2,2,0,800,803
0.6,6,0.75,2,2,2,0,1200,678
0.6,6,0.75,2,2,2,0,1500,784
0.6,6,0.75,2,2,2,1,400,783
0.6,6,0.75,2,2,2,1,800,639
0.6,6,0.75,2,2,2,1,1200,709
0.6,6,0.75,2,2,2,1,1500,630
0.6,6,0.75,2,2,2,2,400,640
0.6,6,0.75,2,2,2,2,800,669
0.6,6,0.75,2,2,2,2,1200,760
0.6,6,0.75,2,2,2,2,1500,716
0.6,6,0.75,2,4,0,0,400,981
0.6,6,0.75,2,4,0,0,800,967
0.6,6,0.75,2,4,0,0,1200,1007
0.6,6,0.75,2,4,0,0,1500,978
0.6,6,0.75,2,4,0,1,400,918
0.6,6,0.75,2,4,0,1,800,919
0.6,6,0.75,2,4,0,1,1200,964
0.6,6,0.75,2,4,0,1,1500,918
0.6,6,0.75,2,4,0,2,400,956
0.6,6,0.75,2,4,0,2,800,933
0.6,6,0.75,2,4,0,2,1200,1034
0.6,6,0.75,2,4,0,2,1500,937
0.6,6,0.75,2,4,1,0,400,906
0.6,6,0.75,2,4,1,0,800,898
0.6,6,0.75,2,4,1,0,1200,861
0.6,6,0.75,2,4,1,0,1500,865
0.6,6,0.75,2,4,1,1,400,890
0.6,6,0.75,2,4,1,1,800,934
0.6,6,0.75,2,4,1,1,1200,917
0.6,6,0.75,2,4,1,1,1500,926
0.6,6,0.75,2,4,1,2,400,896
0.6,6,0.75,2,4,1,2,800,934
0.6,6,0.75,2,4,1,2,1200,923
0.6,6,0.75,2,4,1,2,1500,915
0.6,6,0.75,2,4,2,0,400,831
0.6,6,0.75,2,4,2,0,800,951
0.6,6,0.75,2,4,2,0,1200,998
0.6,6,0.75,2,4,2,0,1500,923
0.6,6,0.75,2,4,2,1,400,988
0.6,6,0.75,2,4,2,1,800,976
0.6,6,0.75,2,4,2,1,1200,909
0.6,6,0.75,2,4,2,1,1500,981
0.6,6,0.75,2,4,2,2,400,892
0.6,6,0.75,2,4,2,2,800,921
0.6,6,0.75,2,4,2,2,1200,767
0.6,6,0.75,2,4,2,2,1500,967
0.8,1.5,0,0,0,0,0,400,1768
0.8,1.5,0,0,0,0,0,800,1743
0.8,1.5,0,0,0,0,0,1200,1554
0.8,1.5,0,0,0,0,0,1500,1702
0.8,1.5,0,0,0,0,1,400,1760
0.8,1.5,0,0,0,0,1,800,1790
0.8,1.5,0,0,0,0,1,1200,1589
0.8,1.5,0,0,0,0,1,1500,1670
0.8,1.5,0,0,0,0,2,400,1601
0.8,1.5,0,0,0,0,2,800,1694
0.8,1.5,0,0,0,0,2,1200,1759
0.8,1.5,0,0,0,0,2,1500,1836
0.8,1.5,0,0,0,1,0,400,1572
0.8,1.5,0,0,0,1,0,800,1809
0.8,1.5,0,0,0,1,0,1200,1689
0.8,1.5,0,0,0,1,0,1500,1690
0.8,1.5,0,0,0,1,1,400,1722
0.8,1.5,0,0,0,1,1,800,1690
0.8,1.5,0,0,0,1,1,1200,1564
0.8,1.5,0,0,0,1,1,1500,1783
0.8,1.5,0,0,0,1,2,400,1809
0.8,1.5,0,0,0,1,2,800,1722
0.8,1.5,0,0,0,1,2,1200,1729
0.8,1.5,0,0,0,1,2,1500,1723
0.8,1.5,0,0,0,2,0,400,1882
0.8,1.5,0,0,0,2,0,800,1731
0.8,1.5,0,0,0,2,0,1200,1672
0.8,1.5,0,0,0,2,0,1500,1727
0.8,1.5,0,0,0,2,1,400,1711
0.8,1.5,0,0,0,2,1,800,1687
0.8,1.5,0,0,0,2,1,1200,1772
0.8,1.5,0,0,0,2,1,1500,1859
0.8,1.5,0,0,0,2,2,400,1698
0.8,1.5,0,0,0,2,2,800,1696
0.8,1.5,0,0,0,2,2,1200,1697
0.8,1.5,0,0,0,2,2,1500,1565
0.8,1.5,0,1,0,0,0,400,1460
0.8,1.5,0,1,0,0,0,800,1361
0.8,1.5,0,1,0,0,0,1200,1454
0.8,1.5,0,1,0,0,0,1500,1450
0.8,1.5,0,1,0,0,1,400,1296
0.8,1.5,0,1,0,0,1,800,1340
0.8,1.5,0,1,0,0,1,1200,1264
0.8,1.5,0,1,0,0,1,1500,1368
0.8,1.5,0,1,0,0,2,400,1297
0.8,1.5,0,1,0,0,2,800,1368
0.8,1.5,0,1,0,0,2,1200,1183
0.8,1.5,0,1,0,0,2,1500,1468
0.8,1.5,0,1,0,1,0,400,1406
0.8,1.5,0,1,0,1,0,800,1389
0.8,1.5,0,1,0,1,0,1200,1405
0.8,1.5,0,1,0,1,0,1500,1452
0.8,1.5,0,1,0,1,1,400,1405
0.8,1.5,0,1,0,1,1,800,1271
0.8,1.5,0,1,0,1,1,1200,1333
0.8,1.5,0,1,0,1,1,1500,1315
0.8,1.5,0,1,0,1,2,400,1371
0.8,1.5,0,1,0,1,2,800,1227
0.8,1.5,0,1,0,1,2,1200,1478
0.8,1.5,0,1,0,1,2,1500,1334
0.8,1.5,0,1,0,2,0,400,1349
0.8,1.5,0,1,0,2,0,800,1331
0.8,1.5,0,1,0,2,0,1200,1186
0.8,1.5,0,1,0,2,0,1500,1250
0.8,1.5,0,1,0,2,1,400,1309
0.8,1.5,0,1,0,2,1,800,1280
0.8,1.5,0,1,0,2,1,1200,1366
0.8,1.5,0,1,0,2,1,1500,1286
0.8,1.5,0,1,0,2,2,400,1426
0.8,1.5,0,1,0,2,2,800,1265
0.8,1.5,0,1,0,2,2,1200,1357
0.8,1.5,0,1,0,2,2,1500,1468
0.8,1.5,0,1,2,0,0,400,1517
0.8,1.5,0,1,2,0,0,800,1599
0.8,1.5,0,1,2,0,0,1200,1550
0.8,1.5,0,1,2,0,0,1500,1533
0.8,1.5,0,1,2,0,1,400,1628
0.8,1.5,0,1,2,0,1,800,1677
0.8,1.5,0,1,2,0,1,1200,1657
0.8,1.5,0,1,2,0,1,1500,1670
0.8,1.5,0,1,2,0,2,400,1486
0.8,1.5,0,1,2,0,2,800,1574
0.8,1.5,0,1,2,0,2,1200,1614
0.8,1.5,0,1,2,0,2,1500,1506
0.8,1.5,0,1,2,1,0,400,1632
0.8,1.5,0,1,2,1,0,800,1602
0.8,1.5,0,1,2,1,0,1200,1421
0.8,1.5,0,1,2,1,0,1500,1550
0.8,1.5,0,1,2,1,1,400,1701
0.8,1.5,0,1,2,1,1,800,1570
0.8,1.5,0,1,2,1,1,1200,1526
0.8,1.5,0,1,2,1,1,1500,1634
0.8,1.5,0,1,2,1,2,400,1640
0.8,1.5,0,1,2,1,2,800,1602
0.8,1.5,0,1,2,1,2,1200,1744
0.8,1.5,0,1,2,1,2,1500,1590
0.8,1.5,0,1,2,2,0,400,1443
0.8,1.5,0,1,2,2,0,800,1578
0.8,1.5,0,1,2,2,0,1200,1543
0.8,1.5,0,1,2,2,0,1500,1504
0.8,1.5,0,1,2,2,1,400,1470
0.8,1.5,0,1,2,2,1,800,1624
0.8,1.5,0,1,2,2,1,1200,1570
0.8,1.5,0,1,2,2,1,1500,1547
0.8,1.5,0,1,2,2,2,400,1456
0.8,1.5,0,1,2,2,2,800,1429
0.8,1.5,0,1,2,2,2,1200,1463
0.8,1.5,0,1,2,2,2,1500,1564
0.8,1.5,0,1,4,0,0,400,1777
0.8,1.5,0,1,4,0,0,800,1645
0.8,1.5,0,1,4,0,0,1200,1696
0.8,1.5,0,1,4,0,0,1500,1628
0.8,1.5,0,1,4,0,1,400,1725
0.8,1.5,0,1,4,0,1,800,1712
0.8,1.5,0,1,4,0,1,1200,1662
0.8,1.5,0,1,4,0,1,1500,1761
0.8,1.5,0,1,4,0,2,400,1687
0.8,1.5,0,1,4,0,2,800,1705
0.8,1.5,0,1,4,0,2,1200,1637
0.8,1.5,0,1,4,0,2,1500,1677
0.8,1.5,0,1,4,1,0,400,1734
0.8,1.5,0,1,4,1,0,800,1750
0.8,1.5,0,1,4,1,0,1200,1614
0.8,1.5,0,1,4,1,0,1500,1778
0.8,1.5,0,1,4,1,1,400,1818
0.8,1.5,0,1,4,1,1,800,1753
0.8,1.5,0,1,4,1,1,1200,1712
0.8,1.5,0,1,4,1,1,1500,1602
0.8,1.5,0,1,4,1,2,400,1737
0.8,1.5,0,1,4,1,2,800,1542
0.8,1.5,0,1,4,1,2,1200,1709
0.8,1.5,0,1,4,1,2,1500,1628
0.8,1.5,0,1,4,2,0,400,1720
0.8,1.5,0,1,4,2,0,800,1684
0.8,1.5,0,1,4,2,0,1200,1573
0.8,1.5,0,1,4,2,0,1500,1709
0.8,1.5,0,1,4,2,1,400,1683
0.8,1.5,0,1,4,2,1,800,1623
0.8,1.5,0,1,4,2,1,1200,1736
0.8,1.5,0,1,4,2,1,1500,1644
0.8,1.5,0,1,4,2,2,400,1676
0.8,1.5,0,1,4,2,2,800,1739
0.8,1.5,0,1,4,2,2,1200,1663
0.8,1.5,0,1,4,2,2,1500,1713
0.8,1.5,0,2,0,0,0,400,442
0.8,1.5,0,2,0,0,0,800,339
0.8,1.5,0,2,0,0,0,1200,184
0.8,1.5,0,2,0,0,0,1500,123
0.8,1.5,0,2,0,0,1,400,424
0.8,1.5,0,2,0,0,1,800,351
0.8,1.5,0,2,0,0,1,1200,177
0.8,1.5,0,2,0,0,1,1500,287
0.8,1.5,0,2,0,0,2,400,476
0.8,1.5,0,2,0,0,2,800,276
0.8,1.5,0,2,0,0,2,1200,152
0.8,1.5,0,2,0,0,2,1500,141
0.8,1.5,0,2,0,1,0,400,462
0.8,1.5,0,2,0,1,0,800,421
0.8,1.5,0,2,0,1,0,1200,229
0.8,1.5,0,2,0,1,0,1500,237
0.8,1.5,0,2,0,1,1,400,385
0.8,1.5,0,2,0,1,1,800,276
0.8,1.5,0,2,0,1,1,1200,310
0.8,1.5,0,2,0,1,1,1500,267
0.8,1.5,0,2,0,1,2,400,530
0.8,1.5,0,2,0,1,2,800,339
0.8,1.5,0,2,0,1,2,1200,199
0.8,1.5,0,2,0,1,2,1500,164
0.8,1.5,0,2,0,2,0,400,598
0.8,1.5,0,2,0,2,0,800,458
0.8,1.5,0,2,0,2,0,1200,446
0.8,1.5,0,2,0,2,0,1500,314
0.8,1.5,0,2,0,2,1,400,308
0.8,1.5,0,2,0,2,1,800,383
0.8,1.5,0,2,0,2,1,1200,289
0.8,1.5,0,2,0,2,1,1500,175
0.8,1.5,0,2,0,2,2,400,410
0.8,1.5,0,2,0,2,2,800,348
0.8,1.5,0,2,0,2,2,1200,248
0.8,1.5,0,2,0,2,2,1500,225
0.8,1.5,0,2,2,0,0,400,1269
0.8,1.5,0,2,2,0,0,800,1208
0.8,1.5,0,2,2,0,0,1200,1132
0.8,1.5,0,2,2,0,0,1500,1274
0.8,1.5,0,2,2,0,1,400,1239
0.8,1.5,0,2,2,0,1,800,1220
0.8,1.5,0,2,2,0,1,1200,1371
0.8,1.5,0,2,2,0,1,1500,1314
0.8,1.5,0,2,2,0,2,400,1418
0.8,1.5,0,2,2,0,2,800,1241
0.8,1.5,0,2,2,0,2,1200,1207
0.8,1.5,0,2,2,0,2,1500,1185
0.8,1.5,0,2,2,1,0,400,1129
0.8,1.5,0,2,2,1,0,800,1014
0.8,1.5,0,2,2,1,0,1200,1046
0.8,1.5,0,2,2,1,0,1500,991
0.8,1.5,0,2,2,1,1,400,1293
0.8,1.5,0,2,2,1,1,800,1164
0.8,1.5,0,2,2,1,1,1200,1244
0.8,1.5,0,2,2,1,1,1500,1180
0.8,1.5,0,2,2,1,2,400,1105
0.8,1.5,0,2,2,1,2,800,1239
0.8,1.5,0,2,2,1,2,1200,1272
0.8,1.5,0,2,2,1,2,1500,1166
0.8,1.5,0,2,2,2,0,400,1096
0.8,1.5,0,2,2,2,0,800,980
0.8,1.5,0,2,2,2,0,1200,1068
0.8,1.5,0,2,2,2,0,1500,1099
0.8,1.5,0,2,2,2,1,400,1125
0.8,1.5,0,2,2,2,1,800,1193
0.8,1.5,0,2,2,2,1,1200,873
0.8,1.5,0,2,2,2,1,1500,923
0.8,1.5,0,2,2,2,2,400,1165
0.8,1.5,0,2,2,2,2,800,1073
0.8,1.5,0,2,2,2,2,1200,1009
0.8,1.5,0,2,2,2,2,1500,1006
0.8,1.5,0,2,4,0,0,400,1628
0.8,1.5,0,2,4,0,0,800,1591
0.8,1.5,0,2,4,0,0,1200,1693
0.8,1.5,0,2,4,0,0,1500,1596
0.8,1.5,0,2,4,0,1,400,1757
0.8,1.5,0,2,4,0,1,800,1665
0.8,1.5,0,2,4,0,1,1200,1738
0.8,1.5,0,2,4,0,1,1500,1695
0.8,1.5,0,2,4,0,2,400,1656
0.8,1.5,0,2,4,0,2,800,1546
0.8,1.5,0,2,4,0,2,1200,1678
0.8,1.5,0,2,4,0,2,1500,1746
0.8,1.5,0,2,4,1,0,400,1719
0.8,1.5,0,2,4,1,0,800,1616
0.8,1.5,0,2,4,1,0,1200,1678
0.8,1.5,0,2,4,1,0,1500,1584
0.8,1.5,0,2,4,1,1,400,1570
0.8,1.5,0,2,4,1,1,800,1569
0.8,1.5,0,2,4,1,1,1200,1531
0.8,1.5,0,2,4,1,1,1500,1489
0.8,1.5,0,2,4,1,2,400,1667
0.8,1.5,0,2,4,1,2,800,1670
0.8,1.5,0,2,4,1,2,1200,1654
0.8,1.5,0,2,4,1,2,1500,1636
0.8,1.5,0,2,4,2,0,400,1435
0.8,1.5,0,2,4,2,0,800,1574
0.8,1.5,0,2,4,2,0,1200,1616
0.8,1.5,0,2,4,2,0,1500,1702
0.8,1.5,0,2,4,2,1,400,1730
0.8,1.5,0,2,4,2,1,800,1751
0.8,1.5,0,2,4,2,1,1200,1659
0.8,1.5,0,2,4,2,1,1500,1598
0.8,1.5,0,2,4,2,2,400,1598
0.8,1.5,0,2,4,2,2,800,1610
0.8,1.5,0,2,4,2,2,1200,1636
0.8,1.5,0,2,4,2,2,1500,1648
0.8,1.5,0.75,0,0,0,0,400,1585
0.8,1.5,0.75,0,0,0,0,800,1705
0.8,1.5,0.75,0,0,0,0,1200,1597
0.8,1.5,0.75,0,0,0,0,1500,1663
0.8,1.5,0.75,0,0,0,1,400,1695
0.8,1.5,0.75,0,0,0,1,800,1660
0.8,1.5,0.75,0,0,0,1,1200,1725
0.8,1.5,0.75,0,0,0,1,1500,1696
0.8,1.5,0.75,0,0,0,2,400,1691
0.8,1.5,0.75,0,0,0,2,800,1659
0.8,1.5,0.75,0,0,0,2,1200,1609
0.8,1.5,0.75,0,0,0,2,1500,1800
0.8,1.5,0.75,0,0,1,0,400,1680
0.8,1.5,0.75,0,0,1,0,800,1638
0.8,1.5,0.75,0,0,1,0,1200,1621
0.8,1.5,0.75,0,0,1,0,1500,1714
0.8,1.5,0.75,0,0,1,1,400,1649
0.8,1.5,0.75,0,0,1,1,800,1656
0.8,1.5,0.75,0,0,1,1,1200,1541
0.8,1.5,0.75,0,0,1,1,1500,1672
0.8,1.5,0.75,0,0,1,2,400,1694
0.8,1.5,0.75,0,0,1,2,800,1509
0.8,1.5,0.75,0,0,1,2,1200,1782
0.8,1.5,0.75,0,0,1,2,1500,1599
0.8,1.5,0.75,0,0,2,0,400,1741
0.8,1.5,0.75,0,0,2,0,800,1620
0.8,1.5,0.75,0,0,2,0,1200,1661
0.8,1.5,0.75,0,0,2,0,1500,1587
0.8,1.5,0.75,0,0,2,1,400,1651
0.8,1.5,0.75,0,0,2,1,800,1678
0.8,1.5,0.75,0,0,2,1,1200,1715
0.8,1.5,0.75,0,0,2,1,1500,1512
0.8,1.5,0.75,0,0,2,2,400,1640
0.8,1.5,0.75,0,0,2,2,800,1569
0.8,1.5,0.75,0,0,2,2,1200,1618
0.8,1.5,0.75,0,0,2,2,1500,1691
0.8,1.5,0.75,1,0,0,0,400,1280
0.8,1.5,0.75,1,0,0,0,800,1229
0.8,1.5,0.75,1,0,0,0,1200,1338
0.8,1.5,0.75,1,0,0,0,1500,1336
0.8,1.5,0.75,1,0,0,1,400,1141
0.8,1.5,0.75,1,0,0,1,800,1346
0.8,1.5,0.75,1,0,0,1,1200,1439
0.8,1.5,0.75,1,0,0,1,1500,1357
0.8,1.5,0.75,1,0,0,2,400,1311
0.8,1.5,0.75,1,0,0,2,800,1332
0.8,1.5,0.75,1,0,0,2,1200,1404
0.8,1.5,0.75,1,0,0,2,1500,1266
0.8,1.5,0.75,1,0,1,0,400,1407
0.8,1.5,0.75,1,0,1,0,800,1266
0.8,1.5,0.75,1,0,1,0,1200,1201
0.8,1.5,0.75,1,0,1,0,1500,1402
0.8,1.5,0.75,1,0,1,1,400,1258
0.8,1.5,0.75,1,0,1,1,800,1413
0.8,1.5,0.75,1,0,1,1,1200,1353
0.8,1.5,0.75,1,0,1,1,1500,1250
0.8,1.5,0.75,1,0,1,2,400,1239
0.8,1.5,0.75,1,0,1,2,800,1355
0.8,1.5,0.75,1,0,1,2,1200,1389
0.8,1.5,0.75,1,0,1,2,1500,1269
0.8,1.5,0.75,1,0,2,0,400,1359
0.8,1.5,0.75,1,0,2,0,800,1340
0.8,1.5,0.75,1,0,2,0,1200,1403
0.8,1.5,0.75,1,0,2,0,1500,1417
0.8,1.5,0.75,1,0,2,1,400,1239
0.8,1.5,0.75,1,0,2,1,800,1314
0.8,1.5,0.75,1,0,2,1,1200,1389
0.8,1.5,0.75,1,0,2,1,1500,1296
0.8,1.5,0.75,1,0,2,2,400,1431
0.8,1.5,0.75,1,0,2,2,800,1252
0.8,1.5,0.75,1,0,2,2,1200,1383
0.8,1.5,0.75,1,0,2,2,1500,1311
0.8,1.5,0.75,1,2,0,0,400,1486
0.8,1.5,0.75,1,2,0,0,800,1577
0.8,1.5,0.75,1,2,0,0,1200,1513
0.8,1.5,0.75,1,2,0,0,1500,1561
0.8,1.5,0.75,1,2,0,1,400,1364
0.8,1.5,0.75,1,2,0,1,800,1445
0.8,1.5,0.75,1,2,0,1,1200,1700
0.8,1.5,0.75,1,2,0,1,1500,1339
0.8,1.5,0.75,1,2,0,2,400,1627
0.8,1.5,0.75,1,2,0,2,800,1563
0.8,1.5,0.75,1,2,0,2,1200,1484
0.8,1.5,0.75,1,2,0,2,1500,1542
0.8,1.5,0.75,1,2,1,0,400,1487
0.8,1.5,0.75,1,2,1,0,800,1514
0.8,1.5,0.75,1,2,1,0,1200,1492
0.8,1.5,0.75,1,2,1,0,1500,1575
0.8,1.5,0.75,1,2,1,1,400,1512
0.8,1.5,0.75,1,2,1,1,800,1497
0.8,1.5,0.75,1,2,1,1,1200,1416
0.8,1.5,0.75,1,2,1,1,1500,1576
0.8,1.5,0.75,1,2,1,2,400,1620
0.8,1.5,0.75,1,2,1,2,800,1595
0.8,1.5,0.75,1,2,1,2,1200,1553
0.8,1.5,0.75,1,2,1,2,1500,1567
0.8,1.5,0.75,1,2,2,0,400,1436
0.8,1.5,0.75,1,2,2,0,800,1630
0.8,1.5,0.75,1,2,2,0,1200,1465
0.8,1.5,0.75,1,2,2,0,1500,1469
0.8,1.5,0.75,1,2,2,1,400,1543
0.8,1.5,0.75,1,2,2,1,800,1542
0.8,1.5,0.75,1,2,2,1,1200,1548
0.8,1.5,0.75,1,2,2,1,1500,1492
0.8,1.5,0.75,1,2,2,2,400,1438
0.8,1.5,0.75,1,2,2,2,800,1539
0.8,1.5,0.75,1,2,2,2,1200,1586
0.8,1.5,0.75,1,2,2,2,1500,1506
0.8,1.5,0.75,1,4,0,0,400,1735
0.8,1.5,0.75,1,4,0,0,800,1683
0.8,1.5,0.75,1,4,0,0,1200,1621
0.8,1.5,0.75,1,4,0,0,1500,1719
0.8,1.5,0.75,1,4,0,1,400,1487
0.8,1.5,0.75,1,4,0,1,800,1644
0.8,1.5,0.75,1,4,0,1,1200,1789
0.8,1.5,0.75,1,4,0,1,1500,1669
0.8,1.5,0.75,1,4,0,2,400,1784
0.8,1.5,0.75,1,4,0,2,800,1601
0.8,1.5,0.75,1,4,0,2,1200,1806
0.8,1.5,0.75,1,4,0,2,1500,1637
0.8,1.5,0.75,1,4,1,0,400,1589
0.8,1.5,0.75,1,4,1,0,800,1821
0.8,1.5,0.75,1,4,1,0,1200,1595
0.8,1.5,0.75,1,4,1,0,1500,1696
0.8,1.5,0.75,1,4,1,1,400,1677
0.8,1.5,0.75,1,4,1,1,800,1595
0.8,1.5,0.75,1,4,1,1,1200,1643
0.8,1.5,0.75,1,4,1,1,1500,1645
0.8,1.5,0.75,1,4,1,2,400,1586
0.8,1.5,0.75,1,4,1,2,800,1699
0.8,1.5,0.75,1,4,1,2,1200,1698
0.8,1.5,0.75,1,4,1,2,1500,1684
0.8,1.5,0.75,1,4,2,0,400,1636
0.8,1.5,0.75,1,4,2,0,800,1622
0.8,1.5,0.75,1,4,2,0,1200,1725
0.8,1.5,0.75,1,4,2,0,1500,1584
0.8,1.5,0.75,1,4,2,1,400,1624
0.8,1.5,0.75,1,4,2,1,800,1787
0.8,1.5,0.75,1,4,2,1,1200,1553
0.8,1.5,0.75,1,4,2,1,1500,1701
0.8,1.5,0.75,1,4,2,2,400,1642
0.8,1.5,0.75,1,4,2,2,800,1687
0.8,1.5,0.75,1,4,2,2,1200,1718
0.8,1.5,0.75,1,4,2,2,1500,1702
0.8,1.5,0.75,2,0,0,0,400,428
0.8,1.5,0.75,2,0,0,0,800,378
0.8,1.5,0.75,2,0,0,0,1200,317
0.8,1.5,0.75,2,0,0,0,1500,376
0.8,1.5,0.75,2,0,0,1,400,284
0.8,1.5,0.75,2,0,0,1,800,434
0.8,1.5,0.75,2,0,0,1,1200,286
0.8,1.5,0.75,2,0,0,1,1500,522
0.8,1.5,0.75,2,0,0,2,400,375
0.8,1.5,0.75,2,0,0,2,800,358
0.8,1.5,0.75,2,0,0,2,1200,399
0.8,1.5,0.75,2,0,0,2,1500,321
0.8,1.5,0.75,2,0,1,0,400,335
0.8,1.5,0.75,2,0,1,0,800,324
0.8,1.5,0.75,2,0,1,0,1200,267
0.8,1.5,0.75,2,0,1,0,1500,294
0.8,1.5,0.75,2,0,1,1,400,547
0.8,1.5,0.75,2,0,1,1,800,358
0.8,1.5,0.75,2,0,1,1,1200,320
0.8,1.5,0.75,2,0,1,1,1500,441
0.8,1.5,0.75,2,0,1,2,400,247
0.8,1.5,0.75,2,0,1,2,800,346
0.8,1.5,0.75,2,0,1,2,1200,327
0.8,1.5,0.75,2,0,1,2,1500,457
0.8,1.5,0.75,2,0,2,0,400,541
0.8,1.5,0.75,2,0,2,0,800,249
0.8,1.5,0.75,2,0,2,0,1200,357
0.8,1.5,0.75,2,0,2,0,1500,343
0.8,1.5,0.75,2,0,2,1,400,464
0.8,1.5,0.75,2,0,2,1,800,362
0.8,1.5,0.75,2,0,2,1,1200,283
0.8,1.5,0.75,2,0,2,1,1500,410
0.8,1.5,0.75,2,0,2,2,400,436
0.8,1.5,0.75,2,0,2,2,800,256
0.8,1.5,0.75,2,0,2,2,1200,330
0.8,1.5,0.75,2,0,2,2,1500,416
0.8,1.5,0.75,2,2,0,0,400,1283
0.8,1.5,0.75,2,2,0,0,800,1177
0.8,1.5,0.75,2,2,0,0,1200,1205
0.8,1.5,0.75,2,2,0,0,1500,1062
0.8,1.5,0.75,2,2,0,1,400,1123
0.8,1.5,0.75,2,2,0,1,800,1283
0.8,1.5,0.75,2,2,0,1,1200,1256
0.8,1.5,0.75,2,2,0,1,1500,1210
0.8,1.5,0.75,2,2,0,2,400,1049
0.8,1.5,0.75,2,2,0,2,800,1277
0.8,1.5,0.75,2,2,0,2,1200,1260
0.8,1.5,0.75,2,2,0,2,1500,1267
0.8,1.5,0.75,2,2,1,0,400,1147
0.8,1.5,0.75,2,2,1,0,800,1199
0.8,1.5,0.75,2,2,1,0,1200,1271
0.8,1.5,0.75,2,2,1,0,1500,1201
0.8,1.5,0.75,2,2,1,1,400,1147
0.8,1.5,0.75,2,2,1,1,800,1023
0.8,1.5,0.75,2,2,1,1,1200,1184
0.8,1.5,0.75,2,2,1,1,1500,1159
0.8,1.5,0.75,2,2,1,2,400,1192
0.8,1.5,0.75,2,2,1,2,800,1203
0.8,1.5,0.75,2,2,1,2,1200,1191
0.8,1.5,0.75,2,2,1,2,1500,1082
0.8,1.5,0.75,2,2,2,0,400,1118
0.8,1.5,0.75,2,2,2,0,800,1055
0.8,1.5,0.75,2,2,2,0,1200,1111
0.8,1.5,0.75,2,2,2,0,1500,1150
0.8,1.5,0.75,2,2,2,1,400,1052
0.8,1.5,0.75,2,2,2,1,800,1131
0.8,1.5,0.75,2,2,2,1,1200,1138
0.8,1.5,0.75,2,2,2,1,1500,1068
0.8,1.5,0.75,2,2,2,2,400,1173
0.8,1.5,0.75,2,2,2,2,800,1121
0.8,1.5,0.75,2,2,2,2,1200,1127
0.8,1.5,0.75,2,2,2,2,1500,1131
0.8,1.5,0.75,2,4,0,0,400,1604
0.8,1.5,0.75,2,4,0,0,800,1564
0.8,1.5,0.75,2,4,0,0,1200,1580
0.8,1.5,0.75,2,4,0,0,1500,1574
0.8,1.5,0.75,2,4,0,1,400,1692
0.8,1.5,0.75,2,4,0,1,800,1575
0.8,1.5,0.75,2,4,0,1,1200,1731
0.8,1.5,0.75,2,4,0,1,1500,1574
0.8,1.5,0.75,2,4,0,2,400,1658
0.8,1.5,0.75,2,4,0,2,800,1774
0.8,1.5,0.75,2,4,0,2,1200,1663
0.8,1.5,0.75,2,4,0,2,1500,1684
0.8,1.5,0.75,2,4,1,0,400,1756
0.8,1.5,0.75,2,4,1,0,800,1620
0.8,1.5,0.75,2,4,1,0,1200,1641
0.8,1.5,0.75,2,4,1,0,1500,1667
0.8,1.5,0.75,2,4,1,1,400,1600
0.8,1.5,0.75,2,4,1,1,800,1577
0.8,1.5,0.75,2,4,1,1,1200,1655
0.8,1.5,0.75,2,4,1,1,1500,1619
0.8,1.5,0.75,2,4,1,2,400,1613
0.8,1.5,0.75,2,4,1,2,800,1561
0.8,1.5,0.75,2,4,1,2,1200,1702
0.8,1.5,0.75,2,4,1,2,1500,1719
0.8,1.5,0.75,2,4,2,0,400,1549
0.8,1.5,0.75,2,4,2,0,800,1619
0.8,1.5,0.75,2,4,2,0,1200,1488
0.8,1.5,0.75,2,4,2,0,1500,1510
0.8,1.5,0.75,2,4,2,1,400,1666
0.8,1.5,0.75,2,4,2,1,800,1506
0.8,1.5,0.75,2,4,2,1,1200,1590
0.8,1.5,0.75,2,4,2,1,1500,1530
0.8,1.5,0.75,2,4,2,2,400,1589
0.8,1.5,0.75,2,4,2,2,800,1544
0.8,1.5,0.75,2,4,2,2,1200,1553
0.8,1.5,0.75,2,4,2,2,1500,1691
0.8,3,0,0,0,0,0,400,1343
0.8,3,0,0,0,0,0,800,1466
0.8,3,0,0,0,0,0,1200,1351
0.8,3,0,0,0,0,0,1500,1293
0.8,3,0,0,0,0,1,400,1290
0.8,3,0,0,0,0,1,800,1319
0.8,3,0,0,0,0,1,1200,1378
0.8,3,0,0,0,0,1,1500,1351
0.8,3,0,0,0,0,2,400,1419
0.8,3,0,0,0,0,2,800,1491
0.8,3,0,0,0,0,2,1200,1306
0.8,3,0,0,0,0,2,1500,1320
0.8,3,0,0,0,1,0,400,1383
0.8,3,0,0,0,1,0,800,1301
0.8,3,0,0,0,1,0,1200,1318
0.8,3,0,0,0,1,0,1500,1216
0.8,3,0,0,0,1,1,400,1274
0.8,3,0,0,0,1,1,800,1328
0.8,3,0,0,0,1,1,1200,1416
0.8,3,0,0,0,1,1,1500,1360
0.8,3,0,0,0,1,2,400,1365
0.8,3,0,0,0,1,2,800,1336
0.8,3,0,0,0,1,2,1200,1143
0.8,3,0,0,0,1,2,1500,1350
0.8,3,0,0,0,2,0,400,1368
0.8,3,0,0,0,2,0,800,1408
0.8,3,0,0,0,2,0,1200,1230
0.8,3,0,0,0,2,0,1500,1327
0.8,3,0,0,0,2,1,400,1393
0.8,3,0,0,0,2,1,800,1324
0.8,3,0,0,0,2,1,1200,1374
0.8,3,0,0,0,2,1,1500,1256
0.8,3,0,0,0,2,2,400,1312
0.8,3,0,0,0,2,2,800,1347
0.8,3,0,0,0,2,2,1200,1344
0.8,3,0,0,0,2,2,1500,1408
0.8,3,0,1,0,0,0,400,1233
0.8,3,0,1,0,0,0,800,1072
0.8,3,0,1,0,0,0,1200,1181
0.8,3,0,1,0,0,0,1500,1127
0.8,3,0,1,0,0,1,400,1215
0.8,3,0,1,0,0,1,800,1192
0.8,3,0,1,0,0,1,1200,1204
0.8,3,0,1,0,0,1,1500,1134
0.8,3,0,1,0,0,2,400,1199
0.8,3,0,1,0,0,2,800,1110
0.8,3,0,1,0,0,2,1200,1148
0.8,3,0,1,0,0,2,1500,1145
0.8,3,0,1,0,1,0,400,1199
0.8,3,0,1,0,1,0,800,1153
0.8,3,0,1,0,1,0,1200,1121
0.8,3,0,1,0,1,0,1500,1106
0.8,3,0,1,0,1,1,400,1302
0.8,3,0,1,0,1,1,800,1183
0.8,3,0,1,0,1,1,1200,1093
0.8,3,0,1,0,1,1,1500,1151
0.8,3,0,1,0,1,2,400,1165
0.8,3,0,1,0,1,2,800,1106
0.8,3,0,1,0,1,2,1200,1176
0.8,3,0,1,0,1,2,1500,1229
0.8,3,0,1,0,2,0,400,1215
0.8,3,0,1,0,2,0,800,1112
0.8,3,0,1,0,2,0,1200,1129
0.8,3,0,1,0,2,0,1500,1077
0.8,3,0,1,0,2,1,400,1088
0.8,3,0,1,0,2,1,800,1140
0.8,3,0,1,0,2,1,1200,1210
0.8,3,0,1,0,2,1,1500,1087
0.8,3,0,1,0,2,2,400,1249
0.8,3,0,1,0,2,2,800,1181
0.8,3,0,1,0,2,2,1200,1109
0.8,3,0,1,0,2,2,1500,1196
0.8,3,0,1,2,0,0,400,1304
0.8,3,0,1,2,0,0,800,1162
0.8,3,0,1,2,0,0,1200,1249
0.8,3,0,1,2,0,0,1500,1172
0.8,3,0,1,2,0,1,400,1316
0.8,3,0,1,2,0,1,800,1219
0.8,3,0,1,2,0,1,1200,1281
0.8,3,0,1,2,0,1,1500,1222
0.8,3,0,1,2,0,2,400,1282
0.8,3,0,1,2,0,2,800,1318
0.8,3,0,1,2,0,2,1200,1287
0.8,3,0,1,2,0,2,1500,1281
0.8,3,0,1,2,1,0,400,1325
0.8,3,0,1,2,1,0,800,1497
0.8,3,0,1,2,1,0,1200,1183
0.8,3,0,1,2,1,0,1500,1226
0.8,3,0,1,2,1,1,400,1318
0.8,3,0,1,2,1,1,800,1341
0.8,3,0,1,2,1,1,1200,1330
0.8,3,0,1,2,1,1,1500,1393
0.8,3,0,1,2,1,2,400,1310
0.8,3,0,1,2,1,2,800,1288
0.8,3,0,1,2,1,2,1200,1254
0.8,3,0,1,2,1,2,1500,1363
0.8,3,0,1,2,2,0,400,1228
0.8,3,0,1,2,2,0,800,1158
0.8,3,0,1,2,2,0,1200,1297
0.8,3,0,1,2,2,0,1500,1226
0.8,3,0,1,2,2,1,400,1353
0.8,3,0,1,2,2,1,800,1365
0.8,3,0,1,2,2,1,1200,1302
0.8,3,0,1,2,2,1,1500,1259
0.8,3,0,1,2,2,2,400,1392
0.8,3,0,1,2,2,2,800,1276
0.8,3,0,1,2,2,2,1200,1384
0.8,3,0,1,2,2,2,1500,1321
0.8,3,0,1,4,0,0,400,1257
0.8,3,0,1,4,0,0,800,1375
0.8,3,0,1,4,0,0,1200,1261
0.8,3,0,1,4,0,0,1500,1368
0.8,3,0,1,4,0,1,400,1386
0.8,3,0,1,4,0,1,800,1310
0.8,3,0,1,4,0,1,1200,1217
0.8,3,0,1,4,0,1,1500,1436
0.8,3,0,1,4,0,2,400,1400
0.8,3,0,1,4,0,2,800,1175
0.8,3,0,1,4,0,2,1200,1194
0.8,3,0,1,4,0,2,1500,1340
0.8,3,0,1,4,1,0,400,1341
0.8,3,0,1,4,1,0,800,1428
0.8,3,0,1,4,1,0,1200,1307
0.8,3,0,1,4,1,0,1500,1333
0.8,3,0,1,4,1,1,400,1381
0.8,3,0,1,4,1,1,800,1252
0.8,3,0,1,4,1,1,1200,1250
0.8,3,0,1,4,1,1,1500,1259
0.8,3,0,1,4,1,2,400,1419
0.8,3,0,1,4,1,2,800,1348
0.8,3,0,1,4,1,2,1200,1247
0.8,3,0,1,4,1,2,1500,1225
0.8,3,0,1,4,2,0,400,1231
0.8,3,0,1,4,2,0,800,1390
0.8,3,0,1,4,2,0,1200,1259
0.8,3,0,1,4,2,0,1500,1330
0.8,3,0,1,4,2,1,400,1280
0.8,3,0,1,4,2,1,800,1344
0.8,3,0,1,4,2,1,1200,1339
0.8,3,0,1,4,2,1,1500,1359
0.8,3,0,1,4,2,2,400,1225
0.8,3,0,1,4,2,2,800,1270
0.8,3,0,1,4,2,2,1200,1274
0.8,3,0,1,4,2,2,1500,1444
0.8,3,0,2,0,0,0,400,714
0.8,3,0,2,0,0,0,800,552
0.8,3,0,2,0,0,0,1200,672
0.8,3,0,2,0,0,0,1500,586
0.8,3,0,2,0,0,1,400,638
0.8,3,0,2,0,0,1,800,648
0.8,3,0,2,0,0,1,1200,645
0.8,3,0,2,0,0,1,1500,553
0.8,3,0,2,0,0,2,400,718
0.8,3,0,2,0,0,2,800,620
0.8,3,0,2,0,0,2,1200,594
0.8,3,0,2,0,0,2,1500,548
0.8,3,0,2,0,1,0,400,749
0.8,3,0,2,0,1,0,800,776
0.8,3,0,2,0,1,0,1200,580
0.8,3,0,2,0,1,0,1500,587
0.8,3,0,2,0,1,1,400,884
0.8,3,0,2,0,1,1,800,775
0.8,3,0,2,0,1,1,1200,639
0.8,3,0,2,0,1,1,1500,723
0.8,3,0,2,0,1,2,400,668
0.8,3,0,2,0,1,2,800,630
0.8,3,0,2,0,1,2,1200,528
0.8,3,0,2,0,1,2,1500,539
0.8,3,0,2,0,2,0,400,624
0.8,3,0,2,0,2,0,800,666
0.8,3,0,2,0,2,0,1200,656
0.8,3,0,2,0,2,0,1500,632
0.8,3,0,2,0,2,1,400,750
0.8,3,0,2,0,2,1,800,741
0.8,3,0,2,0,2,1,1200,754
0.8,3,0,2,0,2,1,1500,777
0.8,3,0,2,0,2,2,400,803
0.8,3,0,2,0,2,2,800,844
0.8,3,0,2,0,2,2,1200,665
0.8,3,0,2,0,2,2,1500,753
0.8,3,0,2,2,0,0,400,999
0.8,3,0,2,2,0,0,800,1143
0.8,3,0,2,2,0,0,1200,1114
0.8,3,0,2,2,0,0,1500,1064
0.8,3,0,2,2,0,1,400,1248
0.8,3,0,2,2,0,1,800,1174
0.8,3,0,2,2,0,1,1200,1072
0.8,3,0,2,2,0,1,1500,1063
0.8,3,0,2,2,0,2,400,944
0.8,3,0,2,2,0,2,800,1059
0.8,3,0,2,2,0,2,1200,1017
0.8,3,0,2,2,0,2,1500,1062
0.8,3,0,2,2,1,0,400,1068
0.8,3,0,2,2,1,0,800,1013
0.8,3,0,2,2,1,0,1200,939
0.8,3,0,2,2,1,0,1500,961
0.8,3,0,2,2,1,1,400,977
0.8,3,0,2,2,1,1,800,1071
0.8,3,0,2,2,1,1,1200,936
0.8,3,0,2,2,1,1,1500,1037
0.8,3,0,2,2,1,2,400,1034
0.8,3,0,2,2,1,2,800,891
0.8,3,0,2,2,1,2,1200,1039
0.8,3,0,2,2,1,2,1500,967
0.8,3,0,2,2,2,0,400,1095
0.8,3,0,2,2,2,0,800,1032
0.8,3,0,2,2,2,0,1200,962
0.8,3,0,2,2,2,0,1500,1012
0.8,3,0,2,2,2,1,400,1023
0.8,3,0,2,2,2,1,800,1028
0.8,3,0,2,2,2,1,1200,1049
0.8,3,0,2,2,2,1,1500,1060
0.8,3,0,2,2,2,2,400,981
0.8,3,0,2,2,2,2,800,940
0.8,3,0,2,2,2,2,1200,1056
0.8,3,0,2,2,2,2,1500,1031
0.8,3,0,2,4,0,0,400,1234
0.8,3,0,2,4,0,0,800,1270
0.8,3,0,2,4,0,0,1200,1194
0.8,3,0,2,4,0,0,1500,1394
0.8,3,0,2,4,0,1,400,1336
0.8,3,0,2,4,0,1,800,1261
0.8,3,0,2,4,0,1,1200,1244
0.8,3,0,2,4,0,1,1500,1235
0.8,3,0,2,4,0,2,400,1424
0.8,3,0,2,4,0,2,800,1366
0.8,3,0,2,4,0,2,1200,1392
0.8,3,0,2,4,0,2,1500,1256
0.8,3,0,2,4,1,0,400,1256
0.8,3,0,2,4,1,0,800,1259
0.8,3,0,2,4,1,0,1200,1306
0.8,3,0,2,4,1,0,1500,1268
0.8,3,0,2,4,1,1,400,1351
0.8,3,0,2,4,1,1,800,1264
0.8,3,0,2,4,1,1,1200,1329
0.8,3,0,2,4,1,1,1500,1298
0.8,3,0,2,4,1,2,400,1315
0.8,3,0,2,4,1,2,800,1286
0.8,3,0,2,4,1,2,1200,1218
0.8,3,0,2,4,1,2,1500,1319
0.8,3,0,2,4,2,0,400,1347
0.8,3,0,2,4,2,0,800,1252
0.8,3,0,2,4,2,0,1200,1248
0.8,3,0,2,4,2,0,1500,1287
0.8,3,0,2,4,2,1,400,1240
0.8,3,0,2,4,2,1,800,1390
0.8,3,0,2,4,2,1,1200,1284
0.8,3,0,2,4,2,1,1500,1241
0.8,3,0,2,4,2,2,400,1295
0.8,3,0,2,4,2,2,800,1211
0.8,3,0,2,4,2,2,1200,1293
0.8,3,0,2,4,2,2,1500,1232
0.8,3,0.75,0,0,0,0,400,1327
0.8,3,0.75,0,0,0,0,800,1438
0.8,3,0.75,0,0,0,0,1200,1363
0.8,3,0.75,0,0,0,0,1500,1445
0.8,3,0.75,0,0,0,1,400,1399
0.8,3,0.75,0,0,0,1,800,1389
0.8,3,0.75,0,0,0,1,1200,1349
0.8,3,0.75,0,0,0,1,1500,1344
0.8,3,0.75,0,0,0,2,400,1340
0.8,3,0.75,0,0,0,2,800,1331
0.8,3,0.75,0,0,0,2,1200,1411
0.8,3,0.75,0,0,0,2,1500,1357
0.8,3,0.75,0,0,1,0,400,1486
0.8,3,0.75,0,0,1,0,800,1406
0.8,3,0.75,0,0,1,0,1200,1393
0.8,3,0.75,0,0,1,0,1500,1424
0.8,3,0.75,0,0,1,1,400,1424
0.8,3,0.75,0,0,1,1,800,1384
0.8,3,0.75,0,0,1,1,1200,1321
0.8,3,0.75,0,0,1,1,1500,1316
0.8,3,0.75,0,0,1,2,400,1401
0.8,3,0.75,0,0,1,2,800,1317
0.8,3,0.75,0,0,1,2,1200,1379
0.8,3,0.75,0,0,1,2,1500,1306
0.8,3,0.75,0,0,2,0,400,1393
0.8,3,0.75,0,0,2,0,800,1334
0.8,3,0.75,0,0,2,0,1200,1277
0.8,3,0.75,0,0,2,0,1500,1318
0.8,3,0.75,0,0,2,1,400,1356
0.8,3,0.75,0,0,2,1,800,1267
0.8,3,0.75,0,0,2,1,1200,1347
0.8,3,0.75,0,0,2,1,1500,1446
0.8,3,0.75,0,0,2,2,400,1348
0.8,3,0.75,0,0,2,2,800,1338
0.8,3,0.75,0,0,2,2,1200,1304
0.8,3,0.75,0,0,2,2,1500,1275
0.8,3,0.75,1,0,0,0,400,1357
0.8,3,0.75,1,0,0,0,800,1158
0.8,3,0.75,1,0,0,0,1200,1085
0.8,3,0.75,1,0,0,0,1500,1142
0.8,3,0.75,1,0,0,1,400,1071
0.8,3,0.75,1,0,0,1,800,1148
0.8,3,0.75,1,0,0,1,1200,1077
0.8,3,0.75,1,0,0,1,1500,1171
0.8,3,0.75,1,0,0,2,400,1229
0.8,3,0.75,1,0,0,2,800,1083
0.8,3,0.75,1,0,0,2,1200,1125
0.8,3,0.75,1,0,0,2,1500,1170
0.8,3,0.75,1,0,1,0,400,1086
0.8,3,0.75,1,0,1,0,800,1308
0.8,3,0.75,1,0,1,0,1200,1170
0.8,3,0.75,1,0,1,0,1500,1173
0.8,3,0.75,1,0,1,1,400,1162
0.8,3,0.75,1,0,1,1,800,1187
0.8,3,0.75,1,0,1,1,1200,1250
0.8,3,0.75,1,0,1,1,1500,1193
0.8,3,0.75,1,0,1,2,400,1227
0.8,3,0.75,1,0,1,2,800,1204
0.8,3,0.75,1,0,1,2,1200,1295
0.8,3,0.75,1,0,1,2,1500,1245
0.8,3,0.75,1,0,2,0,400,1125
0.8,3,0.75,1,0,2,0,800,1216
0.8,3,0.75,1,0,2,0,1200,1224
0.8,3,0.75,1,0,2,0,1500,1263
0.8,3,0.75,1,0,2,1,400,1218
0.8,3,0.75,1,0,2,1,800,1236
0.8,3,0.75,1,0,2,1,1200,1160
0.8,3,0.75,1,0,2,1,1500,1184
0.8,3,0.75,1,0,2,2,400,1141
0.8,3,0.75,1,0,2,2,800,1262
0.8,3,0.75,1,0,2,2,1200,1132
0.8,3,0.75,1,0,2,2,1500,1048
0.8,3,0.75,1,2,0,0,400,1267
0.8,3,0.75,1,2,0,0,800,1438
0.8,3,0.75,1,2,0,0,1200,1243
0.8,3,0.75,1,2,0,0,1500,1227
0.8,3,0.75,1,2,0,1,400,1311
0.8,3,0.75,1,2,0,1,800,1230
0.8,3,0.75,1,2,0,1,1200,1262
0.8,3,0.75,1,2,0,1,1500,1396
0.8,3,0.75,1,2,0,2,400,1245
0.8,3,0.75,1,2,0,2,800,1151
0.8,3,0.75,1,2,0,2,1200,1273
0.8,3,0.75,1,2,0,2,1500,1216
0.8,3,0.75,1,2,1,0,400,1330
0.8,3,0.75,1,2,1,0,800,1326
0.8,3,0.75,1,2,1,0,1200,1252
0.8,3,0.75,1,2,1,0,1500,1179
0.8,3,0.75,1,2,1,1,400,1298
0.8,3,0.75,1,2,1,1,800,1250
0.8,3,0.75,1,2,1,1,1200,1288
0.8,3,0.75,1,2,1,1,1500,1226
0.8,3,0.75,1,2,1,2,400,1352
0.8,3,0.75,1,2,1,2,800,1252
0.8,3,0.75,1,2,1,2,1200,1303
0.8,3,0.75,1,2,1,2,1500,1344
0.8,3,0.75,1,2,2,0,400,1297
0.8,3,0.75,1,2,2,0,800,1350
0.8,3,0.75,1,2,2,0,1200,1264
0.8,3,0.75,1,2,2,0,1500,1227
0.8,3,0.75,1,2,2,1,400,1296
0.8,3,0.75,1,2,2,1,800,1111
0.8,3,0.75,1,2,2,1,1200,1305
0.8,3,0.75,1,2,2,1,1500,1201
0.8,3,0.75,1,2,2,2,400,1313
0.8,3,0.75,1,2,2,2,800,1362
0.8,3,0.75,1,2,2,2,1200,1224
0.8,3,0.75,1,2,2,2,1500,1359
0.8,3,0.75,1,4,0,0,400,1431
0.8,3,0.75,1,4,0,0,800,1357
0.8,3,0.75,1,4,0,0,1200,1364
0.8,3,0.75,1,4,0,0,1500,1387
0.8,3,0.75,1,4,0,1,400,1361
0.8,3,0.75,1,4,0,1,800,1497
0.8,3,0.75,1,4,0,1,1200,1368
0.8,3,0.75,1,4,0,1,1500,1341
0.8,3,0.75,1,4,0,2,400,1365
0.8,3,0.75,1,4,0,2,800,1430
0.8,3,0.75,1,4,0,2,1200,1326
0.8,3,0.75,1,4,0,2,1500,1400
0.8,3,0.75,1,4,1,0,400,1505
0.8,3,0.75,1,4,1,0,800,1251
0.8,3,0.75,1,4,1,0,1200,1474
0.8,3,0.75,1,4,1,0,1500,1343
0.8,3,0.75,1,4,1,1,400,1382
0.8,3,0.75,1,4,1,1,800,1308
0.8,3,0.75,1,4,1,1,1200,1278
0.8,3,0.75,1,4,1,1,1500,1282
0.8,3,0.75,1,4,1,2,400,1337
0.8,3,0.75,1,4,1,2,800,1387
0.8,3,0.75,1,4,1,2,1200,1351
0.8,3,0.75,1,4,1,2,1500,1316
0.8,3,0.75,1,4,2,0,400,1379
0.8,3,0.75,1,4,2,0,800,1411
0.8,3,0.75,1,4,2,0,1200,1329
0.8,3,0.75,1,4,2,0,1500,1345
0.8,3,0.75,1,4,2,1,400,1381
0.8,3,0.75,1,4,2,1,800,1371
0.8,3,0.75,1,4,2,1,1200,1353
0.8,3,0.75,1,4,2,1,1500,1413
0.8,3,0.75,1,4,2,2,400,1396
0.8,3,0.75,1,4,2,2,800,1468
0.8,3,0.75,1,4,2,2,1200,1285
0.8,3,0.75,1,4,2,2,1500,1254
0.8,3,0.75,2,0,0,0,400,762
0.8,3,0.75,2,0,0,0,800,659
0.8,3,0.75,2,0,0,0,1200,715
0.8,3,0.75,2,0,0,0,1500,746
0.8,3,0.75,2,0,0,1,400,811
0.8,3,0.75,2,0,0,1,800,801
0.8,3,0.75,2,0,0,1,1200,712
0.8,3,0.75,2,0,0,1,1500,769
0.8,3,0.75,2,0,0,2,400,662
0.8,3,0.75,2,0,0,2,800,700
0.8,3,0.75,2,0,0,2,1200,725
0.8,3,0.75,2,0,0,2,1500,768
0.8,3,0.75,2,0,1,0,400,701
0.8,3,0.75,2,0,1,0,800,821
0.8,3,0.75,2,0,1,0,1200,711
0.8,3,0.75,2,0,1,0,1500,736
0.8,3,0.75,2,0,1,1,400,770
0.8,3,0.75,2,0,1,1,800,734
0.8,3,0.75,2,0,1,1,1200,833
0.8,3,0.75,2,0,1,1,1500,709
0.8,3,0.75,2,0,1,2,400,780
0.8,3,0.75,2,0,1,2,800,769
0.8,3,0.75,2,0,1,2,1200,670
0.8,3,0.75,2,0,1,2,1500,611
0.8,3,0.75,2,0,2,0,400,813
0.8,3,0.75,2,0,2,0,800,804
0.8,3,0.75,2,0,2,0,1200,736
0.8,3,0.75,2,0,2,0,1500,803
0.8,3,0.75,2,0,2,1,400,802
0.8,3,0.75,2,0,2,1,800,783
0.8,3,0.75,2,0,2,1,1200,789
0.8,3,0.75,2,0,2,1,1500,789
0.8,3,0.75,2,0,2,2,400,605
0.8,3,0.75,2,0,2,2,800,789
0.8,3,0.75,2,0,2,2,1200,777
0.8,3,0.75,2,0,2,2,1500,756
0.8,3,0.75,2,2,0,0,400,1134
0.8,3,0.75,2,2,0,0,800,1118
0.8,3,0.75,2,2,0,0,1200,1197
0.8,3,0.75,2,2,0,0,1500,1115
0.8,3,0.75,2,2,0,1,400,1007
0.8,3,0.75,2,2,0,1,800,1095
0.8,3,0.75,2,2,0,1,1200,1228
0.8,3,0.75,2,2,0,1,1500,933
0.8,3,0.75,2,2,0,2,400,1147
0.8,3,0.75,2,2,0,2,800,1187
0.8,3,0.75,2,2,0,2,1200,1139
0.8,3,0.75,2,2,0,2,1500,1019
0.8,3,0.75,2,2,1,0,400,1060
0.8,3,0.75,2,2,1,0,800,948
0.8,3,0.75,2,2,1,0,1200,1101
0.8,3,0.75,2,2,1,0,1500,974
0.8,3,0.75,2,2,1,1,400,1028
0.8,3,0.75,2,2,1,1,800,1026
0.8,3,0.75,2,2,1,1,1200,1013
0.8,3,0.75,2,2,1,1,1500,1106
0.8,3,0.75,2,2,1,2,400,1031
0.8,3,0.75,2,2,1,2,800,1127
0.8,3,0.75,2,2,1,2,1200,1146
0.8,3,0.75,2,2,1,2,1500,1104
0.8,3,0.75,2,2,2,0,400,1068
0.8,3,0.75,2,2,2,0,800,972
0.8,3,0.75,2,2,2,0,1200,1053
0.8,3,0.75,2,2,2,0,1500,1019
0.8,3,0.75,2,2,2,1,400,1137
0.8,3,0.75,2,2,2,1,800,1087
0.8,3,0.75,2,2,2,1,1200,1022
0.8,3,0.75,2,2,2,1,1500,1063
0.8,3,0.75,2,2,2,2,400,1080
0.8,3,0.75,2,2,2,2,800,1092
0.8,3,0.75,2,2,2,2,1200,964
0.8,3,0.75,2,2,2,2,1500,1118
0.8,3,0.75,2,4,0,0,400,1295
0.8,3,0.75,2,4,0,0,800,1414
0.8,3,0.75,2,4,0,0,1200,1344
0.8,3,0.75,2,4,0,0,1500,1408
0.8,3,0.75,2,4,0,1,400,1320
0.8,3,0.75,2,4,0,1,800,1321
0.8,3,0.75,2,4,0,1,1200,1383
0.8,3,0.75,2,4,0,1,1500,1312
0.8,3,0.75,2,4,0,2,400,1329
0.8,3,0.75,2,4,0,2,800,1346
0.8,3,0.75,2,4,0,2,1200,1303
0.8,3,0.75,2,4,0,2,1500,1341
0.8,3,0.75,2,4,1,0,400,1500
0.8,3,0.75,2,4,1,0,800,1261
0.8,3,0.75,2,4,1,0,1200,1347
0.8,3,0.75,2,4,1,0,1500,1359
0.8,3,0.75,2,4,1,1,400,1356
0.8,3,0.75,2,4,1,1,800,1303
0.8,3,0.75,2,4,1,1,1200,1317
0.8,3,0.75,2,4,1,1,1500,1302
0.8,3,0.75,2,4,1,2,400,1423
0.8,3,0.75,2,4,1,2,800,1380
0.8,3,0.75,2,4,1,2,1200,1291
0.8,3,0.75,2,4,1,2,1500,1296
0.8,3,0.75,2,4,2,0,400,1455
0.8,3,0.75,2,4,2,0,800,1423
0.8,3,0.75,2,4,2,0,1200,1343
0.8,3,0.75,2,4,2,0,1500,1289
0.8,3,0.75,2,4,2,1,400,1288
0.8,3,0.75,2,4,2,1,800,1412
0.8,3,0.75,2,4,2,1,1200,1314
0.8,3,0.75,2,4,2,1,1500,1392
0.8,3,0.75,2,4,2,2,400,1280
0.8,3,0.75,2,4,2,2,800,1304
0.8,3,0.75,2,4,2,2,1200,1199
0.8,3,0.75,2,4,2,2,1500,1364
0.8,6,0,0,0,0,0,400,226
0.8,6,0,0,0,0,0,800,218
0.8,6,0,0,0,0,0,1200,226
0.8,6,0,0,0,0,0,1500,237
0.8,6,0,0,0,0,1,400,238
0.8,6,0,0,0,0,1,800,233
0.8,6,0,0,0,0,1,1200,177
0.8,6,0,0,0,0,1,1500,190
0.8,6,0,0,0,0,2,400,217
0.8,6,0,0,0,0,2,800,230
0.8,6,0,0,0,0,2,1200,256
0.8,6,0,0,0,0,2,1500,232
0.8,6,0,0,0,1,0,400,193
0.8,6,0,0,0,1,0,800,191
0.8,6,0,0,0,1,0,1200,202
0.8,6,0,0,0,1,0,1500,203
0.8,6,0,0,0,1,1,400,235
0.8,6,0,0,0,1,1,800,215
0.8,6,0,0,0,1,1,1200,198
0.8,6,0,0,0,1,1,1500,208
0.8,6,0,0,0,1,2,400,260
0.8,6,0,0,0,1,2,800,188
0.8,6,0,0,0,1,2,1200,182
0.8,6,0,0,0,1,2,1500,201
0.8,6,0,0,0,2,0,400,281
0.8,6,0,0,0,2,0,800,201
0.8,6,0,0,0,2,0,1200,226
0.8,6,0,0,0,2,0,1500,230
0.8,6,0,0,0,2,1,400,201
0.8,6,0,0,0,2,1,800,214
0.8,6,0,0,0,2,1,1200,234
0.8,6,0,0,0,2,1,1500,202
0.8,6,0,0,0,2,2,400,196
0.8,6,0,0,0,2,2,800,201
0.8,6,0,0,0,2,2,1200,230
0.8,6,0,0,0,2,2,1500,221
0.8,6,0,1,0,0,0,400,175
0.8,6,0,1,0,0,0,800,180
0.8,6,0,1,0,0,0,1200,184
0.8,6,0,1,0,0,0,1500,168
0.8,6,0,1,0,0,1,400,224
0.8,6,0,1,0,0,1,800,183
0.8,6,0,1,0,0,1,1200,165
0.8,6,0,1,0,0,1,1500,180
0.8,6,0,1,0,0,2,400,197
0.8,6,0,1,0,0,2,800,169
0.8,6,0,1,0,0,2,1200,171
0.8,6,0,1,0,0,2,1500,154
0.8,6,0,1,0,1,0,400,319
0.8,6,0,1,0,1,0,800,216
0.8,6,0,1,0,1,0,1200,171
0.8,6,0,1,0,1,0,1500,225
0.8,6,0,1,0,1,1,400,212
0.8,6,0,1,0,1,1,800,201
0.8,6,0,1,0,1,1,1200,229
0.8,6,0,1,0,1,1,1500,180
0.8,6,0,1,0,1,2,400,209
0.8,6,0,1,0,1,2,800,153
0.8,6,0,1,0,1,2,1200,190
0.8,6,0,1,0,1,2,1500,200
0.8,6,0,1,0,2,0,400,234
0.8,6,0,1,0,2,0,800,222
0.8,6,0,1,0,2,0,1200,193
0.8,6,0,1,0,2,0,1500,181
0.8,6,0,1,0,2,1,400,201
0.8,6,0,1,0,2,1,800,220
0.8,6,0,1,0,2,1,1200,215
0.8,6,0,1,0,2,1,1500,245
0.8,6,0,1,0,2,2,400,159
0.8,6,0,1,0,2,2,800,177
0.8,6,0,1,0,2,2,1200,191
0.8,6,0,1,0,2,2,1500,183
0.8,6,0,1,2,0,0,400,311
0.8,6,0,1,2,0,0,800,188
0.8,6,0,1,2,0,0,1200,201
0.8,6,0,1,2,0,0,1500,173
0.8,6,0,1,2,0,1,400,249
0.8,6,0,1,2,0,1,800,210
0.8,6,0,1,2,0,1,1200,187
0.8,6,0,1,2,0,1,1500,169
0.8,6,0,1,2,0,2,400,214
0.8,6,0,1,2,0,2,800,205
0.8,6,0,1,2,0,2,1200,180
0.8,6,0,1,2,0,2,1500,197
0.8,6,0,1,2,1,0,400,362
0.8,6,0,1,2,1,0,800,298
0.8,6,0,1,2,1,0,1200,233
0.8,6,0,1,2,1,0,1500,231
0.8,6,0,1,2,1,1,400,368
0.8,6,0,1,2,1,1,800,293
0.8,6,0,1,2,1,1,1200,218
0.8,6,0,1,2,1,1,1500,192
0.8,6,0,1,2,1,2,400,258
0.8,6,0,1,2,1,2,800,229
0.8,6,0,1,2,1,2,1200,281
0.8,6,0,1,2,1,2,1500,289
0.8,6,0,1,2,2,0,400,286
0.8,6,0,1,2,2,0,800,219
0.8,6,0,1,2,2,0,1200,260
0.8,6,0,1,2,2,0,1500,258
0.8,6,0,1,2,2,1,400,256
0.8,6,0,1,2,2,1,800,244
0.8,6,0,1,2,2,1,1200,219
0.8,6,0,1,2,2,1,1500,196
0.8,6,0,1,2,2,2,400,329
0.8,6,0,1,2,2,2,800,207
0.8,6,0,1,2,2,2,1200,163
0.8,6,0,1,2,2,2,1500,223
0.8,6,0,1,4,0,0,400,260
0.8,6,0,1,4,0,0,800,282
0.8,6,0,1,4,0,0,1200,253
0.8,6,0,1,4,0,0,1500,250
0.8,6,0,1,4,0,1,400,246
0.8,6,0,1,4,0,1,800,191
0.8,6,0,1,4,0,1,1200,179
0.8,6,0,1,4,0,1,1500,217
0.8,6,0,1,4,0,2,400,339
0.8,6,0,1,4,0,2,800,243
0.8,6,0,1,4,0,2,1200,222
0.8,6,0,1,4,0,2,1500,220
0.8,6,0,1,4,1,0,400,243
0.8,6,0,1,4,1,0,800,209
0.8,6,0,1,4,1,0,1200,229
0.8,6,0,1,4,1,0,1500,166
0.8,6,0,1,4,1,1,400,266
0.8,6,0,1,4,1,1,800,255
0.8,6,0,1,4,1,1,1200,177
0.8,6,0,1,4,1,1,1500,174
0.8,6,0,1,4,1,2,400,180
0.8,6,0,1,4,1,2,800,258
0.8,6,0,1,4,1,2,1200,226
0.8,6,0,1,4,1,2,1500,226
0.8,6,0,1,4,2,0,400,361
0.8,6,0,1,4,2,0,800,305
0.8,6,0,1,4,2,0,1200,217
0.8,6,0,1,4,2,0,1500,247
0.8,6,0,1,4,2,1,400,296
0.8,6,0,1,4,2,1,800,220
0.8,6,0,1,4,2,1,1200,215
0.8,6,0,1,4,2,1,1500,205
0.8,6,0,1,4,2,2,400,252
0.8,6,0,1,4,2,2,800,207
0.8,6,0,1,4,2,2,1200,261
0.8,6,0,1,4,2,2,1500,260
0.8,6,0,2,0,0,0,400,158
0.8,6,0,2,0,0,0,800,124
0.8,6,0,2,0,0,0,1200,141
0.8,6,0,2,0,0,0,1500,128
0.8,6,0,2,0,0,1,400,118
0.8,6,0,2,0,0,1,800,173
0.8,6,0,2,0,0,1,1200,164
0.8,6,0,2,0,0,1,1500,142
0.8,6,0,2,0,0,2,400,149
0.8,6,0,2,0,0,2,800,154
0.8,6,0,2,0,0,2,1200,190
0.8,6,0,2,0,0,2,1500,158
0.8,6,0,2,0,1,0,400,104
0.8,6,0,2,0,1,0,800,213
0.8,6,0,2,0,1,0,1200,146
0.8,6,0,2,0,1,0,1500,139
0.8,6,0,2,0,1,1,400,143
0.8,6,0,2,0,1,1,800,165
0.8,6,0,2,0,1,1,1200,123
0.8,6,0,2,0,1,1,1500,130
0.8,6,0,2,0,1,2,400,108
0.8,6,0,2,0,1,2,800,156
0.8,6,0,2,0,1,2,1200,145
0.8,6,0,2,0,1,2,1500,133
0.8,6,0,2,0,2,0,400,133
0.8,6,0,2,0,2,0,800,173
0.8,6,0,2,0,2,0,1200,185
0.8,6,0,2,0,2,0,1500,124
0.8,6,0,2,0,2,1,400,185
0.8,6,0,2,0,2,1,800,143
0.8,6,0,2,0,2,1,1200,170
0.8,6,0,2,0,2,1,1500,181
0.8,6,0,2,0,2,2,400,156
0.8,6,0,2,0,2,2,800,142
0.8,6,0,2,0,2,2,1200,208
0.8,6,0,2,0,2,2,1500,147
0.8,6,0,2,2,0,0,400,222
0.8,6,0,2,2,0,0,800,141
0.8,6,0,2,2,0,0,1200,220
0.8,6,0,2,2,0,0,1500,167
0.8,6,0,2,2,0,1,400,297
0.8,6,0,2,2,0,1,800,206
0.8,6,0,2,2,0,1,1200,213
0.8,6,0,2,2,0,1,1500,160
0.8,6,0,2,2,0,2,400,282
0.8,6,0,2,2,0,2,800,217
0.8,6,0,2,2,0,2,1200,213
0.8,6,0,2,2,0,2,1500,149
0.8,6,0,2,2,1,0,400,194
0.8,6,0,2,2,1,0,800,158
0.8,6,0,2,2,1,0,1200,141
0.8,6,0,2,2,1,0,1500,119
0.8,6,0,2,2,1,1,400,169
0.8,6,0,2,2,1,1,800,196
0.8,6,0,2,2,1,1,1200,150
0.8,6,0,2,2,1,1,1500,182
0.8,6,0,2,2,1,2,400,244
0.8,6,0,2,2,1,2,800,212
0.8,6,0,2,2,1,2,1200,209
0.8,6,0,2,2,1,2,1500,228
0.8,6,0,2,2,2,0,400,294
0.8,6,0,2,2,2,0,800,184
0.8,6,0,2,2,2,0,1200,110
0.8,6,0,2,2,2,0,1500,179
0.8,6,0,2,2,2,1,400,225
0.8,6,0,2,2,2,1,800,284
0.8,6,0,2,2,2,1,1200,128
0.8,6,0,2,2,2,1,1500,152
0.8,6,0,2,2,2,2,400,219
0.8,6,0,2,2,2,2,800,211
0.8,6,0,2,2,2,2,1200,198
0.8,6,0,2,2,2,2,1500,221
0.8,6,0,2,4,0,0,400,392
0.8,6,0,2,4,0,0,800,347
0.8,6,0,2,4,0,0,1200,293
0.8,6,0,2,4,0,0,1500,204
0.8,6,0,2,4,0,1,400,316
0.8,6,0,2,4,0,1,800,330
0.8,6,0,2,4,0,1,1200,249
0.8,6,0,2,4,0,1,1500,281
0.8,6,0,2,4,0,2,400,343
0.8,6,0,2,4,0,2,800,322
0.8,6,0,2,4,0,2,1200,251
0.8,6,0,2,4,0,2,1500,321
0.8,6,0,2,4,1,0,400,252
0.8,6,0,2,4,1,0,800,283
0.8,6,0,2,4,1,0,1200,186
0.8,6,0,2,4,1,0,1500,218
0.8,6,0,2,4,1,1,400,301
0.8,6,0,2,4,1,1,800,213
0.8,6,0,2,4,1,1,1200,275
0.8,6,0,2,4,1,1,1500,287
0.8,6,0,2,4,1,2,400,218
0.8,6,0,2,4,1,2,800,201
0.8,6,0,2,4,1,2,1200,236
0.8,6,0,2,4,1,2,1500,214
0.8,6,0,2,4,2,0,400,390
0.8,6,0,2,4,2,0,800,346
0.8,6,0,2,4,2,0,1200,344
0.8,6,0,2,4,2,0,1500,306
0.8,6,0,2,4,2,1,400,351
0.8,6,0,2,4,2,1,800,277
0.8,6,0,2,4,2,1,1200,293
0.8,6,0,2,4,2,1,1500,272
0.8,6,0,2,4,2,2,400,288
0.8,6,0,2,4,2,2,800,297
0.8,6,0,2,4,2,2,1200,310
0.8,6,0,2,4,2,2,1500,328
0.8,6,0.75,0,0,0,0,400,273
0.8,6,0.75,0,0,0,0,800,248
0.8,6,0.75,0,0,0,0,1200,241
0.8,6,0.75,0,0,0,0,1500,166
0.8,6,0.75,0,0,0,1,400,331
0.8,6,0.75,0,0,0,1,800,291
0.8,6,0.75,0,0,0,1,1200,324
0.8,6,0.75,0,0,0,1,1500,240
0.8,6,0.75,0,0,0,2,400,381
0.8,6,0.75,0,0,0,2,800,293
0.8,6,0.75,0,0,0,2,1200,252
0.8,6,0.75,0,0,0,2,1500,211
0.8,6,0.75,0,0,1,0,400,308
0.8,6,0.75,0,0,1,0,800,161
0.8,6,0.75,0,0,1,0,1200,194
0.8,6,0.75,0,0,1,0,1500,220
0.8,6,0.75,0,0,1,1,400,361
0.8,6,0.75,0,0,1,1,800,201
0.8,6,0.75,0,0,1,1,1200,169
0.8,6,0.75,0,0,1,1,1500,238
0.8,6,0.75,0,0,1,2,400,329
0.8,6,0.75,0,0,1,2,800,183
0.8,6,0.75,0,0,1,2,1200,224
0.8,6,0.75,0,0,1,2,1500,157
0.8,6,0.75,0,0,2,0,400,239
0.8,6,0.75,0,0,2,0,800,189
0.8,6,0.75,0,0,2,0,1200,195
0.8,6,0.75,0,0,2,0,1500,180
0.8,6,0.75,0,0,2,1,400,343
0.8,6,0.75,0,0,2,1,800,207
0.8,6,0.75,0,0,2,1,1200,205
0.8,6,0.75,0,0,2,1,1500,270
0.8,6,0.75,0,0,2,2,400,225
0.8,6,0.75,0,0,2,2,800,245
0.8,6,0.75,0,0,2,2,1200,237
0.8,6,0.75,0,0,2,2,1500,243
0.8,6,0.75,1,0,0,0,400,253
0.8,6,0.75,1,0,0,0,800,175
0.8,6,0.75,1,0,0,0,1200,128
0.8,6,0.75,1,0,0,0,1500,133
0.8,6,0.75,1,0,0,1,400,181
0.8,6,0.75,1,0,0,1,800,163
0.8,6,0.75,1,0,0,1,1200,196
0.8,6,0.75,1,0,0,1,1500,162
0.8,6,0.75,1,0,0,2,400,220
0.8,6,0.75,1,0,0,2,800,149
0.8,6,0.75,1,0,0,2,1200,160
0.8,6,0.75,1,0,0,2,1500,201
0.8,6,0.75,1,0,1,0,400,124
0.8,6,0.75,1,0,1,0,800,183
0.8,6,0.75,1,0,1,0,1200,126
0.8,6,0.75,1,0,1,0,1500,184
0.8,6,0.75,1,0,1,1,400,214
0.8,6,0.75,1,0,1,1,800,147
0.8,6,0.75,1,0,1,1,1200,174
0.8,6,0.75,1,0,1,1,1500,158
0.8,6,0.75,1,0,1,2,400,222
0.8,6,0.75,1,0,1,2,800,152
0.8,6,0.75,1,0,1,2,1200,188
0.8,6,0.75,1,0,1,2,1500,144
0.8,6,0.75,1,0,2,0,400,255
0.8,6,0.75,1,0,2,0,800,248
0.8,6,0.75,1,0,2,0,1200,200
0.8,6,0.75,1,0,2,0,1500,131
0.8,6,0.75,1,0,2,1,400,240
0.8,6,0.75,1,0,2,1,800,181
0.8,6,0.75,1,0,2,1,1200,156
0.8,6,0.75,1,0,2,1,1500,155
0.8,6,0.75,1,0,2,2,400,293
0.8,6,0.75,1,0,2,2,800,123
0.8,6,0.75,1,0,2,2,1200,143
0.8,6,0.75,1,0,2,2,1500,171
0.8,6,0.75,1,2,0,0,400,272
0.8,6,0.75,1,2,0,0,800,235
0.8,6,0.75,1,2,0,0,1200,261
0.8,6,0.75,1,2,0,0,1500,239
0.8,6,0.75,1,2,0,1,400,203
0.8,6,0.75,1,2,0,1,800,202
0.8,6,0.75,1,2,0,1,1200,161
0.8,6,0.75,1,2,0,1,1500,200
0.8,6,0.75,1,2,0,2,400,255
0.8,6,0.75,1,2,0,2,800,228
0.8,6,0.75,1,2,0,2,1200,290
0.8,6,0.75,1,2,0,2,1500,184
0.8,6,0.75,1,2,1,0,400,246
0.8,6,0.75,1,2,1,0,800,220
0.8,6,0.75,1,2,1,0,1200,204
0.8,6,0.75,1,2,1,0,1500,230
0.8,6,0.75,1,2,1,1,400,229
0.8,6,0.75,1,2,1,1,800,232
0.8,6,0.75,1,2,1,1,1200,277
0.8,6,0.75,1,2,1,1,1500,182
0.8,6,0.75,1,2,1,2,400,300
0.8,6,0.75,1,2,1,2,800,232
0.8,6,0.75,1,2,1,2,1200,329
0.8,6,0.75,1,2,1,2,1500,290
0.8,6,0.75,1,2,2,0,400,207
0.8,6,0.75,1,2,2,0,800,265
0.8,6,0.75,1,2,2,0,1200,253
0.8,6,0.75,1,2,2,0,1500,176
0.8,6,0.75,1,2,2,1,400,335
0.8,6,0.75,1,2,2,1,800,282
0.8,6,0.75,1,2,2,1,1200,286
0.8,6,0.75,1,2,2,1,1500,351
0.8,6,0.75,1,2,2,2,400,246
0.8,6,0.75,1,2,2,2,800,359
0.8,6,0.75,1,2,2,2,1200,329
0.8,6,0.75,1,2,2,2,1500,319
0.8,6,0.75,1,4,0,0,400,318
0.8,6,0.75,1,4,0,0,800,341
0.8,6,0.75,1,4,0,0,1200,266
0.8,6,0.75,1,4,0,0,1500,258
0.8,6,0.75,1,4,0,1,400,314
0.8,6,0.75,1,4,0,1,800,328
0.8,6,0.75,1,4,0,1,1200,286
0.8,6,0.75,1,4,0,1,1500,317
0.8,6,0.75,1,4,0,2,400,266
0.8,6,0.75,1,4,0,2,800,358
0.8,6,0.75,1,4,0,2,1200,328
0.8,6,0.75,1,4,0,2,1500,281
0.8,6,0.75,1,4,1,0,400,332
0.8,6,0.75,1,4,1,0,800,274
0.8,6,0.75,1,4,1,0,1200,185
0.8,6,0.75,1,4,1,0,1500,244
0.8,6,0.75,1,4,1,1,400,331
0.8,6,0.75,1,4,1,1,800,224
0.8,6,0.75,1,4,1,1,1200,166
0.8,6,0.75,1,4,1,1,1500,208
0.8,6,0.75,1,4,1,2,400,302
0.8,6,0.75,1,4,1,2,800,321
0.8,6,0.75,1,4,1,2,1200,295
0.8,6,0.75,1,4,1,2,1500,241
0.8,6,0.75,1,4,2,0,400,320
0.8,6,0.75,1,4,2,0,800,332
0.8,6,0.75,1,4,2,0,1200,307
0.8,6,0.75,1,4,2,0,1500,276
0.8,6,0.75,1,4,2,1,400,299
0.8,6,0.75,1,4,2,1,800,313
0.8,6,0.75,1,4,2,1,1200,326
0.8,6,0.75,1,4,2,1,1500,342
0.8,6,0.75,1,4,2,2,400,321
0.8,6,0.75,1,4,2,2,800,328
0.8,6,0.75,1,4,2,2,1200,239
0.8,6,0.75,1,4,2,2,1500,341
0.8,6,0.75,2,0,0,0,400,90
0.8,6,0.75,2,0,0,0,800,70
0.8,6,0.75,2,0,0,0,1200,97
0.8,6,0.75,2,0,0,0,1500,56
0.8,6,0.75,2,0,0,1,400,116
0.8,6,0.75,2,0,0,1,800,140
0.8,6,0.75,2,0,0,1,1200,149
0.8,6,0.75,2,0,0,1,1500,123
0.8,6,0.75,2,0,0,2,400,56
0.8,6,0.75,2,0,0,2,800,154
0.8,6,0.75,2,0,0,2,1200,117
0.8,6,0.75,2,0,0,2,1500,93
0.8,6,0.75,2,0,1,0,400,148
0.8,6,0.75,2,0,1,0,800,155
0.8,6,0.75,2,0,1,0,1200,96
0.8,6,0.75,2,0,1,0,1500,112
0.8,6,0.75,2,0,1,1,400,92
0.8,6,0.75,2,0,1,1,800,113
0.8,6,0.75,2,0,1,1,1200,159
0.8,6,0.75,2,0,1,1,1500,118
0.8,6,0.75,2,0,1,2,400,141
0.8,6,0.75,2,0,1,2,800,134
0.8,6,0.75,2,0,1,2,1200,109
0.8,6,0.75,2,0,1,2,1500,117
0.8,6,0.75,2,0,2,0,400,154
0.8,6,0.75,2,0,2,0,800,70
0.8,6,0.75,2,0,2,0,1200,126
0.8,6,0.75,2,0,2,0,1500,116
0.8,6,0.75,2,0,2,1,400,139
0.8,6,0.75,2,0,2,1,800,119
0.8,6,0.75,2,0,2,1,1200,104
0.8,6,0.75,2,0,2,1,1500,181
0.8,6,0.75,2,0,2,2,400,122
0.8,6,0.75,2,0,2,2,800,172
0.8,6,0.75,2,0,2,2,1200,97
0.8,6,0.75,2,0,2,2,1500,130
0.8,6,0.75,2,2,0,0,400,261
0.8,6,0.75,2,2,0,0,800,183
0.8,6,0.75,2,2,0,0,1200,211
0.8,6,0.75,2,2,0,0,1500,223
0.8,6,0.75,2,2,0,1,400,228
0.8,6,0.75,2,2,0,1,800,209
0.8,6,0.75,2,2,0,1,1200,255
0.8,6,0.75,2,2,0,1,1500,178
0.8,6,0.75,2,2,0,2,400,181
0.8,6,0.75,2,2,0,2,800,210
0.8,6,0.75,2,2,0,2,1200,253
0.8,6,0.75,2,2,0,2,1500,249
0.8,6,0.75,2,2,1,0,400,235
0.8,6,0.75,2,2,1,0,800,247
0.8,6,0.75,2,2,1,0,1200,304
0.8,6,0.75,2,2,1,0,1500,213
0.8,6,0.75,2,2,1,1,400,149
0.8,6,0.75,2,2,1,1,800,218
0.8,6,0.75,2,2,1,1,1200,160
0.8,6,0.75,2,2,1,1,1500,176
0.8,6,0.75,2,2,1,2,400,199
0.8,6,0.75,2,2,1,2,800,130
0.8,6,0.75,2,2,1,2,1200,164
0.8,6,0.75,2,2,1,2,1500,176
0.8,6,0.75,2,2,2,0,400,136
0.8,6,0.75,2,2,2,0,800,198
0.8,6,0.75,2,2,2,0,1200,175
0.8,6,0.75,2,2,2,0,1500,128
0.8,6,0.75,2,2,2,1,400,230
0.8,6,0.75,2,2,2,1,800,284
0.8,6,0.75,2,2,2,1,1200,284
0.8,6,0.75,2,2,2,1,1500,251
0.8,6,0.75,2,2,2,2,400,206
0.8,6,0.75,2,2,2,2,800,237
0.8,6,0.75,2,2,2,2,1200,156
0.8,6,0.75,2,2,2,2,1500,162
0.8,6,0.75,2,4,0,0,400,343
0.8,6,0.75,2,4,0,0,800,413
0.8,6,0.75,2,4,0,0,1200,388
0.8,6,0.75,2,4,0,0,1500,396
0.8,6,0.75,2,4,0,1,400,418
0.8,6,0.75,2,4,0,1,800,354
0.8,6,0.75,2,4,0,1,1200,367
0.8,6,0.75,2,4,0,1,1500,370
0.8,6,0.75,2,4,0,2,400,388
0.8,6,0.75,2,4,0,2,800,432
0.8,6,0.75,2,4,0,2,1200,324
0.8,6,0.75,2,4,0,2,1500,328
0.8,6,0.75,2,4,1,0,400,439
0.8,6,0.75,2,4,1,0,800,337
0.8,6,0.75,2,4,1,0,1200,317
0.8,6,0.75,2,4,1,0,1500,324
0.8,6,0.75,2,4,1,1,400,398
0.8,6,0.75,2,4,1,1,800,340
0.8,6,0.75,2,4,1,1,1200,325
0.8,6,0.75,2,4,1,1,1500,238
0.8,6,0.75,2,4,1,2,400,354
0.8,6,0.75,2,4,1,2,800,301
0.8,6,0.75,2,4,1,2,1200,302
0.8,6,0.75,2,4,1,2,1500,349
0.8,6,0.75,2,4,2,0,400,466
0.8,6,0.75,2,4,2,0,800,475
0.8,6,0.75,2,4,2,0,1200,364
0.8,6,0.75,2,4,2,0,1500,423
0.8,6,0.75,2,4,2,1,400,387
0.8,6,0.75,2,4,2,1,800,386
0.8,6,0.75,2,4,2,1,1200,370
0.8,6,0.75,2,4,2,1,1500,438
0.8,6,0.75,2,4,2,2,400,376
0.8,6,0.75,2,4,2,2,800,373
0.8,6,0.75,2,4,2,2,1200,393
0.8,6,0.75,2,4,2,2,1500,346
1.0,1.5,0,0,0,0,0,400,1300
1.0,1.5,0,0,0,0,0,800,1104
1.0,1.5,0,0,0,0,0,1200,1209
1.0,1.5,0,0,0,0,0,1500,1167
1.0,1.5,0,0,0,0,1,400,1195
1.0,1.5,0,0,0,0,1,800,1225
1.0,1.5,0,0,0,0,1,1200,1240
1.0,1.5,0,0,0,0,1,1500,1136
1.0,1.5,0,0,0,0,2,400,1157
1.0,1.5,0,0,0,0,2,800,1183
1.0,1.5,0,0,0,0,2,1200,1155
1.0,1.5,0,0,0,0,2,1500,1104
1.0,1.5,0,0,0,1,0,400,1194
1.0,1.5,0,0,0,1,0,800,1347
1.0,1.5,0,0,0,1,0,1200,1051
1.0,1.5,0,0,0,1,0,1500,1011
1.0,1.5,0,0,0,1,1,400,1224
1.0,1.5,0,0,0,1,1,800,1088
1.0,1.5,0,0,0,1,1,1200,1171
1.0,1.5,0,0,0,1,1,1500,1215
1.0,1.5,0,0,0,1,2,400,1070
1.0,1.5,0,0,0,1,2,800,1196
1.0,1.5,0,0,0,1,2,1200,1218
1.0,1.5,0,0,0,1,2,1500,1139
1.0,1.5,0,0,0,2,0,400,1245
1.0,1.5,0,0,0,2,0,800,1140
1.0,1.5,0,0,0,2,0,1200,1098
1.0,1.5,0,0,0,2,0,1500,1116
1.0,1.5,0,0,0,2,1,400,1224
1.0,1.5,0,0,0,2,1,800,1206
1.0,1.5,0,0,0,2,1,1200,1106
1.0,1.5,0,0,0,2,1,1500,1193
1.0,1.5,0,0,0,2,2,400,1145
1.0,1.5,0,0,0,2,2,800,1189
1.0,1.5,0,0,0,2,2,1200,1278
1.0,1.5,0,0,0,2,2,1500,1248
1.0,1.5,0,1,0,0,0,400,956
1.0,1.5,0,1,0,0,0,800,713
1.0,1.5,0,1,0,0,0,1200,659
1.0,1.5,0,1,0,0,0,1500,625
1.0,1.5,0,1,0,0,1,400,730
1.0,1.5,0,1,0,0,1,800,675
1.0,1.5,0,1,0,0,1,1200,814
1.0,1.5,0,1,0,0,1,1500,691
1.0,1.5,0,1,0,0,2,400,809
1.0,1.5,0,1,0,0,2,800,799
1.0,1.5,0,1,0,0,2,1200,714
1.0,1.5,0,1,0,0,2,1500,672
1.0,1.5,0,1,0,1,0,400,787
1.0,1.5,0,1,0,1,0,800,833
1.0,1.5,0,1,0,1,0,1200,801
1.0,1.5,0,1,0,1,0,1500,776
1.0,1.5,0,1,0,1,1,400,932
1.0,1.5,0,1,0,1,1,800,880
1.0,1.5,0,1,0,1,1,1200,599
1.0,1.5,0,1,0,1,1,1500,718
1.0,1.5,0,1,0,1,2,400,846
1.0,1.5,0,1,0,1,2,800,810
1.0,1.5,0,1,0,1,2,1200,716
1.0,1.5,0,1,0,1,2,1500,817
1.0,1.5,0,1,0,2,0,400,719
1.0,1.5,0,1,0,2,0,800,790
1.0,1.5,0,1,0,2,0,1200,835
1.0,1.5,0,1,0,2,0,1500,686
1.0,1.5,0,1,0,2,1,400,800
1.0,1.5,0,1,0,2,1,800,610
1.0,1.5,0,1,0,2,1,1200,619
1.0,1.5,0,1,0,2,1,1500,627
1.0,1.5,0,1,0,2,2,400,887
1.0,1.5,0,1,0,2,2,800,830
1.0,1.5,0,1,0,2,2,1200,927
1.0,1.5,0,1,0,2,2,1500,800
1.0,1.5,0,1,2,0,0,400,972
1.0,1.5,0,1,2,0,0,800,1154
1.0,1.5,0,1,2,0,0,1200,981
1.0,1.5,0,1,2,0,0,1500,889
1.0,1.5,0,1,2,0,1,400,1085
1.0,1.5,0,1,2,0,1,800,1183
1.0,1.5,0,1,2,0,1,1200,1077
1.0,1.5,0,1,2,0,1,1500,1024
1.0,1.5,0,1,2,0,2,400,1162
1.0,1.5,0,1,2,0,2,800,1268
1.0,1.5,0,1,2,0,2,1200,1041
1.0,1.5,0,1,2,0,2,1500,1170
1.0,1.5,0,1,2,1,0,400,965
1.0,1.5,0,1,2,1,0,800,1045
1.0,1.5,0,1,2,1,0,1200,871
1.0,1.5,0,1,2,1,0,1500,961
1.0,1.5,0,1,2,1,1,400,1122
1.0,1.5,0,1,2,1,1,800,959
1.0,1.5,0,1,2,1,1,1200,866
1.0,1.5,0,1,2,1,1,1500,860
1.0,1.5,0,1,2,1,2,400,876
1.0,1.5,0,1,2,1,2,800,1058
1.0,1.5,0,1,2,1,2,1200,933
1.0,1.5,0,1,2,1,2,1500,848
1.0,1.5,0,1,2,2,0,400,1117
1.0,1.5,0,1,2,2,0,800,952
1.0,1.5,0,1,2,2,0,1200,943
1.0,1.5,0,1,2,2,0,1500,924
1.0,1.5,0,1,2,2,1,400,1133
1.0,1.5,0,1,2,2,1,800,1089
1.0,1.5,0,1,2,2,1,1200,1003
1.0,1.5,0,1,2,2,1,1500,949
1.0,1.5,0,1,2,2,2,400,960
1.0,1.5,0,1,2,2,2,800,944
1.0,1.5,0,1,2,2,2,1200,978
1.0,1.5,0,1,2,2,2,1500,969
1.0,1.5,0,1,4,0,0,400,1207
1.0,1.5,0,1,4,0,0,800,1064
1.0,1.5,0,1,4,0,0,1200,1137
1.0,1.5,0,1,4,0,0,1500,1035
1.0,1.5,0,1,4,0,1,400,1198
1.0,1.5,0,1,4,0,1,800,1139
1.0,1.5,0,1,4,0,1,1200,1117
1.0,1.5,0,1,4,0,1,1500,1028
1.0,1.5,0,1,4,0,2,400,973
1.0,1.5,0,1,4,0,2,800,1100
1.0,1.5,0,1,4,0,2,1200,1100
1.0,1.5,0,1,4,0,2,1500,1019
1.0,1.5,0,1,4,1,0,400,1149
1.0,1.5,0,1,4,1,0,800,1010
1.0,1.5,0,1,4,1,0,1200,1067
1.0,1.5,0,1,4,1,0,1500,1089
1.0,1.5,0,1,4,1,1,400,1172
1.0,1.5,0,1,4,1,1,800,1123
1.0,1.5,0,1,4,1,1,1200,1043
1.0,1.5,0,1,4,1,1,1500,1063
1.0,1.5,0,1,4,1,2,400,1145
1.0,1.5,0,1,4,1,2,800,1178
1.0,1.5,0,1,4,1,2,1200,1117
1.0,1.5,0,1,4,1,2,1500,1173
1.0,1.5,0,1,4,2,0,400,1108
1.0,1.5,0,1,4,2,0,800,1031
1.0,1.5,0,1,4,2,0,1200,1009
1.0,1.5,0,1,4,2,0,1500,1043
1.0,1.5,0,1,4,2,1,400,1179
1.0,1.5,0,1,4,2,1,800,1221
1.0,1.5,0,1,4,2,1,1200,1115
1.0,1.5,0,1,4,2,1,1500,1011
1.0,1.5,0,1,4,2,2,400,1134
1.0,1.5,0,1,4,2,2,800,1016
1.0,1.5,0,1,4,2,2,1200,1101
1.0,1.5,0,1,4,2,2,1500,1109
1.0,1.5,0,2,0,0,0,400,23
1.0,1.5,0,2,0,0,1,400,135
1.0,1.5,0,2,0,0,1,800,12
1.0,1.5,0,2,0,0,2,400,99
1.0,1.5,0,2,0,0,2,800,42
1.0,1.5,0,2,0,0,2,1200,31
1.0,1.5,0,2,0,0,2,1500,20
1.0,1.5,0,2,0,1,0,400,97
1.0,1.5,0,2,0,1,0,800,31
1.0,1.5,0,2,0,1,1,400,36
1.0,1.5,0,2,0,1,2,400,87
1.0,1.5,0,2,0,2,0,400,145
1.0,1.5,0,2,0,2,0,800,122
1.0,1.5,0,2,0,2,0,1200,85
1.0,1.5,0,2,0,2,0,1500,117
1.0,1.5,0,2,0,2,1,400,128
1.0,1.5,0,2,0,2,1,800,97
1.0,1.5,0,2,0,2,1,1200,9
1.0,1.5,0,2,0,2,1,1500,42
1.0,1.5,0,2,0,2,2,400,35
1.0,1.5,0,2,0,2,2,800,10
1.0,1.5,0,2,2,0,0,400,803
1.0,1.5,0,2,2,0,0,800,727
1.0,1.5,0,2,2,0,0,1200,784
1.0,1.5,0,2,2,0,0,1500,661
1.0,1.5,0,2,2,0,1,400,771
1.0,1.5,0,2,2,0,1,800,736
1.0,1.5,0,2,2,0,1,1200,623
1.0,1.5,0,2,2,0,1,1500,630
1.0,1.5,0,2,2,0,2,400,802
1.0,1.5,0,2,2,0,2,800,575
1.0,1.5,0,2,2,0,2,1200,648
1.0,1.5,0,2,2,0,2,1500,717
1.0,1.5,0,2,2,1,0,400,656
1.0,1.5,0,2,2,1,0,800,679
1.0,1.5,0,2,2,1,0,1200,581
1.0,1.5,0,2,2,1,0,1500,567
1.0,1.5,0,2,2,1,1,400,620
1.0,1.5,0,2,2,1,1,800,609
1.0,1.5,0,2,2,1,1,1200,592
1.0,1.5,0,2,2,1,1,1500,564
1.0,1.5,0,2,2,1,2,400,669
1.0,1.5,0,2,2,1,2,800,692
1.0,1.5,0,2,2,1,2,1200,569
1.0,1.5,0,2,2,1,2,1500,597
1.0,1.5,0,2,2,2,0,400,656
1.0,1.5,0,2,2,2,0,800,606
1.0,1.5,0,2,2,2,0,1200,558
1.0,1.5,0,2,2,2,0,1500,592
1.0,1.5,0,2,2,2,1,400,635
1.0,1.5,0,2,2,2,1,800,619
1.0,1.5,0,2,2,2,1,1200,604
1.0,1.5,0,2,2,2,1,1500,749
1.0,1.5,0,2,2,2,2,400,692
1.0,1.5,0,2,2,2,2,800,543
1.0,1.5,0,2,2,2,2,1200,507
1.0,1.5,0,2,2,2,2,1500,478
1.0,1.5,0,2,4,0,0,400,1111
1.0,1.5,0,2,4,0,0,800,1064
1.0,1.5,0,2,4,0,0,1200,1147
1.0,1.5,0,2,4,0,0,1500,955
1.0,1.5,0,2,4,0,1,400,1136
1.0,1.5,0,2,4,0,1,800,1162
1.0,1.5,0,2,4,0,1,1200,1242
1.0,1.5,0,2,4,0,1,1500,1044
1.0,1.5,0,2,4,0,2,400,1063
1.0,1.5,0,2,4,0,2,800,1098
1.0,1.5,0,2,4,0,2,1200,1126
1.0,1.5,0,2,4,0,2,1500,1143
1.0,1.5,0,2,4,1,0,400,1181
1.0,1.5,0,2,4,1,0,800,1152
1.0,1.5,0,2,4,1,0,1200,1169
1.0,1.5,0,2,4,1,0,1500,1173
1.0,1.5,0,2,4,1,1,400,1040
1.0,1.5,0,2,4,1,1,800,1034
1.0,1.5,0,2,4,1,1,1200,1118
1.0,1.5,0,2,4,1,1,1500,1079
1.0,1.5,0,2,4,1,2,400,1071
1.0,1.5,0,2,4,1,2,800,944
1.0,1.5,0,2,4,1,2,1200,946
1.0,1.5,0,2,4,1,2,1500,981
1.0,1.5,0,2,4,2,0,400,1126
1.0,1.5,0,2,4,2,0,800,1126
1.0,1.5,0,2,4,2,0,1200,1078
1.0,1.5,0,2,4,2,0,1500,1056
1.0,1.5,0,2,4,2,1,400,1155
1.0,1.5,0,2,4,2,1,800,1112
1.0,1.5,0,2,4,2,1,1200,1053
1.0,1.5,0,2,4,2,1,1500,1091
1.0,1.5,0,2,4,2,2,400,1140
1.0,1.5,0,2,4,2,2,800,1170
1.0,1.5,0,2,4,2,2,1200,1133
1.0,1.5,0,2,4,2,2,1500,1167
1.0,1.5,0.75,0,0,0,0,400,1237
1.0,1.5,0.75,0,0,0,0,800,1260
1.0,1.5,0.75,0,0,0,0,1200,1317
1.0,1.5,0.75,0,0,0,0,1500,1237
1.0,1.5,0.75,0,0,0,1,400,1325
1.0,1.5,0.75,0,0,0,1,800,1300
1.0,1.5,0.75,0,0,0,1,1200,1299
1.0,1.5,0.75,0,0,0,1,1500,1249
1.0,1.5,0.75,0,0,0,2,400,1272
1.0,1.5,0.75,0,0,0,2,800,1251
1.0,1.5,0.75,0,0,0,2,1200,1223
1.0,1.5,0.75,0,0,0,2,1500,1297
1.0,1.5,0.75,0,0,1,0,400,1266
1.0,1.5,0.75,0,0,1,0,800,1216
1.0,1.5,0.75,0,0,1,0,1200,1321
1.0,1.5,0.75,0,0,1,0,1500,1247
1.0,1.5,0.75,0,0,1,1,400,1263
1.0,1.5,0.75,0,0,1,1,800,1234
1.0,1.5,0.75,0,0,1,1,1200,1210
1.0,1.5,0.75,0,0,1,1,1500,1222
1.0,1.5,0.75,0,0,1,2,400,1206
1.0,1.5,0.75,0,0,1,2,800,1254
1.0,1.5,0.75,0,0,1,2,1200,1271
1.0,1.5,0.75,0,0,1,2,1500,1287
1.0,1.5,0.75,0,0,2,0,400,1373
1.0,1.5,0.75,0,0,2,0,800,1223
1.0,1.5,0.75,0,0,2,0,1200,1257
1.0,1.5,0.75,0,0,2,0,1500,1201
1.0,1.5,0.75,0,0,2,1,400,1226
1.0,1.5,0.75,0,0,2,1,800,1292
1.0,1.5,0.75,0,0,2,1,1200,1278
1.0,1.5,0.75,0,0,2,1,1500,1310
1.0,1.5,0.75,0,0,2,2,400,1165
1.0,1.5,0.75,0,0,2,2,800,1403
1.0,1.5,0.75,0,0,2,2,1200,1218
1.0,1.5,0.75,0,0,2,2,1500,1251
1.0,1.5,0.75,1,0,0,0,400,1011
1.0,1.5,0.75,1,0,0,0,800,1001
1.0,1.5,0.75,1,0,0,0,1200,997
1.0,1.5,0.75,1,0,0,0,1500,877
1.0,1.5,0.75,1,0,0,1,400,849
1.0,1.5,0.75,1,0,0,1,800,842
1.0,1.5,0.75,1,0,0,1,1200,791
1.0,1.5,0.75,1,0,0,1,1500,961
1.0,1.5,0.75,1,0,0,2,400,871
1.0,1.5,0.75,1,0,0,2,800,905
1.0,1.5,0.75,1,0,0,2,1200,875
1.0,1.5,0.75,1,0,0,2,1500,953
1.0,1.5,0.75,1,0,1,0,400,944
1.0,1.5,0.75,1,0,1,0,800,875
1.0,1.5,0.75,1,0,1,0,1200,1054
1.0,1.5,0.75,1,0,1,0,1500,818
1.0,1.5,0.75,1,0,1,1,400,955
1.0,1.5,0.75,1,0,1,1,800,1018
1.0,1.5,0.75,1,0,1,1,1200,977
1.0,1.5,0.75,1,0,1,1,1500,937
1.0,1.5,0.75,1,0,1,2,400,854
1.0,1.5,0.75,1,0,1,2,800,937
1.0,1.5,0.75,1,0,1,2,1200,912
1.0,1.5,0.75,1,0,1,2,1500,816
1.0,1.5,0.75,1,0,2,0,400,921
1.0,1.5,0.75,1,0,2,0,800,877
1.0,1.5,0.75,1,0,2,0,1200,851
1.0,1.5,0.75,1,0,2,0,1500,897
1.0,1.5,0.75,1,0,2,1,400,953
1.0,1.5,0.75,1,0,2,1,800,840
1.0,1.5,0.75,1,0,2,1,1200,836
1.0,1.5,0.75,1,0,2,1,1500,936
1.0,1.5,0.75,1,0,2,2,400,929
1.0,1.5,0.75,1,0,2,2,800,919
1.0,1.5,0.75,1,0,2,2,1200,867
1.0,1.5,0.75,1,0,2,2,1500,851
1.0,1.5,0.75,1,2,0,0,400,1100
1.0,1.5,0.75,1,2,0,0,800,1113
1.0,1.5,0.75,1,2,0,0,1200,1025
1.0,1.5,0.75,1,2,0,0,1500,1207
1.0,1.5,0.75,1,2,0,1,400,1185
1.0,1.5,0.75,1,2,0,1,800,1203
1.0,1.5,0.75,1,2,0,1,1200,1211
1.0,1.5,0.75,1,2,0,1,1500,1143
1.0,1.5,0.75,1,2,0,2,400,1086
1.0,1.5,0.75,1,2,0,2,800,1169
1.0,1.5,0.75,1,2,0,2,1200,1162
1.0,1.5,0.75,1,2,0,2,1500,1056
1.0,1.5,0.75,1,2,1,0,400,1177
1.0,1.5,0.75,1,2,1,0,800,1178
1.0,1.5,0.75,1,2,1,0,1200,1173
1.0,1.5,0.75,1,2,1,0,1500,1094
1.0,1.5,0.75,1,2,1,1,400,1232
1.0,1.5,0.75,1,2,1,1,800,1029
1.0,1.5,0.75,1,2,1,1,1200,1134
1.0,1.5,0.75,1,2,1,1,1500,1090
1.0,1.5,0.75,1,2,1,2,400,1022
1.0,1.5,0.75,1,2,1,2,800,1149
1.0,1.5,0.75,1,2,1,2,1200,1025
1.0,1.5,0.75,1,2,1,2,1500,1153
1.0,1.5,0.75,1,2,2,0,400,1123
1.0,1.5,0.75,1,2,2,0,800,1269
1.0,1.5,0.75,1,2,2,0,1200,1063
1.0,1.5,0.75,1,2,2,0,1500,1167
1.0,1.5,0.75,1,2,2,1,400,1007
1.0,1.5,0.75,1,2,2,1,800,1105
1.0,1.5,0.75,1,2,2,1,1200,1168
1.0,1.5,0.75,1,2,2,1,1500,1207
1.0,1.5,0.75,1,2,2,2,400,1021
1.0,1.5,0.75,1,2,2,2,800,1056
1.0,1.5,0.75,1,2,2,2,1200,1110
1.0,1.5,0.75,1,2,2,2,1500,1118
1.0,1.5,0.75,1,4,0,0,400,1371
1.0,1.5,0.75,1,4,0,0,800,1181
1.0,1.5,0.75,1,4,0,0,1200,1321
1.0,1.5,0.75,1,4,0,0,1500,1268
1.0,1.5,0.75,1,4,0,1,400,1294
1.0,1.5,0.75,1,4,0,1,800,1223
1.0,1.5,0.75,1,4,0,1,1200,1234
1.0,1.5,0.75,1,4,0,1,1500,1211
1.0,1.5,0.75,1,4,0,2,400,1212
1.0,1.5,0.75,1,4,0,2,800,1248
1.0,1.5,0.75,1,4,0,2,1200,1394
1.0,1.5,0.75,1,4,0,2,1500,1210
1.0,1.5,0.75,1,4,1,0,400,1253
1.0,1.5,0.75,1,4,1,0,800,1164
1.0,1.5,0.75,1,4,1,0,1200,1174
1.0,1.5,0.75,1,4,1,0,1500,1374
1.0,1.5,0.75,1,4,1,1,400,1254
1.0,1.5,0.75,1,4,1,1,800,1350
1.0,1.5,0.75,1,4,1,1,1200,1372
1.0,1.5,0.75,1,4,1,1,1500,1226
1.0,1.5,0.75,1,4,1,2,400,1150
1.0,1.5,0.75,1,4,1,2,800,1372
1.0,1.5,0.75,1,4,1,2,1200,1281
1.0,1.5,0.75,1,4,1,2,1500,1333
1.0,1.5,0.75,1,4,2,0,400,1271
1.0,1.5,0.75,1,4,2,0,800,1248
1.0,1.5,0.75,1,4,2,0,1200,1173
1.0,1.5,0.75,1,4,2,0,1500,1260
1.0,1.5,0.75,1,4,2,1,400,1254
1.0,1.5,0.75,1,4,2,1,800,1305
1.0,1.5,0.75,1,4,2,1,1200,1304
1.0,1.5,0.75,1,4,2,1,1500,1402
1.0,1.5,0.75,1,4,2,2,400,1283
1.0,1.5,0.75,1,4,2,2,800,1169
1.0,1.5,0.75,1,4,2,2,1200,1164
1.0,1.5,0.75,1,4,2,2,1500,1308
1.0,1.5,0.75,2,0,0,0,400,73
1.0,1.5,0.75,2,0,0,1,400,50
1.0,1.5,0.75,2,0,0,1,800,7
1.0,1.5,0.75,2,0,0,2,400,102
1.0,1.5,0.75,2,0,1,0,400,64
1.0,1.5,0.75,2,0,1,1,400,18
1.0,1.5,0.75,2,0,1,2,400,40
1.0,1.5,0.75,2,0,2,0,400,48
1.0,1.5,0.75,2,0,2,1,400,31
1.0,1.5,0.75,2,0,2,1,800,12
1.0,1.5,0.75,2,0,2,2,400,116
1.0,1.5,0.75,2,0,2,2,800,122
1.0,1.5,0.75,2,0,2,2,1200,66
1.0,1.5,0.75,2,0,2,2,1500,11
1.0,1.5,0.75,2,2,0,0,400,827
1.0,1.5,0.75,2,2,0,0,800,769
1.0,1.5,0.75,2,2,0,0,1200,868
1.0,1.5,0.75,2,2,0,0,1500,711
1.0,1.5,0.75,2,2,0,1,400,753
1.0,1.5,0.75,2,2,0,1,800,871
1.0,1.5,0.75,2,2,0,1,1200,869
1.0,1.5,0.75,2,2,0,1,1500,808
1.0,1.5,0.75,2,2,0,2,400,825
1.0,1.5,0.75,2,2,0,2,800,750
1.0,1.5,0.75,2,2,0,2,1200,918
1.0,1.5,0.75,2,2,0,2,1500,857
1.0,1.5,0.75,2,2,1,0,400,925
1.0,1.5,0.75,2,2,1,0,800,862
1.0,1.5,0.75,2,2,1,0,1200,753
1.0,1.5,0.75,2,2,1,0,1500,845
1.0,1.5,0.75,2,2,1,1,400,699
1.0,1.5,0.75,2,2,1,1,800,851
1.0,1.5,0.75,2,2,1,1,1200,850
1.0,1.5,0.75,2,2,1,1,1500,901
1.0,1.5,0.75,2,2,1,2,400,841
1.0,1.5,0.75,2,2,1,2,800,787
1.0,1.5,0.75,2,2,1,2,1200,766
1.0,1.5,0.75,2,2,1,2,1500,865
1.0,1.5,0.75,2,2,2,0,400,706
1.0,1.5,0.75,2,2,2,0,800,795
1.0,1.5,0.75,2,2,2,0,1200,853
1.0,1.5,0.75,2,2,2,0,1500,673
1.0,1.5,0.75,2,2,2,1,400,718
1.0,1.5,0.75,2,2,2,1,800,687
1.0,1.5,0.75,2,2,2,1,1200,775
1.0,1.5,0.75,2,2,2,1,1500,684
1.0,1.5,0.75,2,2,2,2,400,748
1.0,1.5,0.75,2,2,2,2,800,816
1.0,1.5,0.75,2,2,2,2,1200,879
1.0,1.5,0.75,2,2,2,2,1500,750
1.0,1.5,0.75,2,4,0,0,400,1203
1.0,1.5,0.75,2,4,0,0,800,1211
1.0,1.5,0.75,2,4,0,0,1200,1308
1.0,1.5,0.75,2,4,0,0,1500,1174
1.0,1.5,0.75,2,4,0,1,400,1261
1.0,1.5,0.75,2,4,0,1,800,1303
1.0,1.5,0.75,2,4,0,1,1200,1257
1.0,1.5,0.75,2,4,0,1,1500,1250
1.0,1.5,0.75,2,4,0,2,400,1258
1.0,1.5,0.75,2,4,0,2,800,1203
1.0,1.5,0.75,2,4,0,2,1200,1173
1.0,1.5,0.75,2,4,0,2,1500,1194
1.0,1.5,0.75,2,4,1,0,400,1070
1.0,1.5,0.75,2,4,1,0,800,1209
1.0,1.5,0.75,2,4,1,0,1200,1185
1.0,1.5,0.75,2,4,1,0,1500,1220
1.0,1.5,0.75,2,4,1,1,400,1278
1.0,1.5,0.75,2,4,1,1,800,1290
1.0,1.5,0.75,2,4,1,1,1200,1156
1.0,1.5,0.75,2,4,1,1,1500,1219
1.0,1.5,0.75,2,4,1,2,400,1325
1.0,1.5,0.75,2,4,1,2,800,1363
1.0,1.5,0.75,2,4,1,2,1200,1219
1.0,1.5,0.75,2,4,1,2,1500,1276
1.0,1.5,0.75,2,4,2,0,400,1213
1.0,1.5,0.75,2,4,2,0,800,1190
1.0,1.5,0.75,2,4,2,0,1200,1232
1.0,1.5,0.75,2,4,2,0,1500,1174
1.0,1.5,0.75,2,4,2,1,400,1154
1.0,1.5,0.75,2,4,2,1,800,1239
1.0,1.5,0.75,2,4,2,1,1200,1149
1.0,1.5,0.75,2,4,2,1,1500,1185
1.0,1.5,0.75,2,4,2,2,400,1092
1.0,1.5,0.75,2,4,2,2,800,1087
1.0,1.5,0.75,2,4,2,2,1200,1262
1.0,1.5,0.75,2,4,2,2,1500,1227
1.0,3,0,0,0,0,0,400,593
1.0,3,0,0,0,0,0,800,729
1.0,3,0,0,0,0,0,1200,767
1.0,3,0,0,0,0,0,1500,660
1.0,3,0,0,0,0,1,400,737
1.0,3,0,0,0,0,1,800,762
1.0,3,0,0,0,0,1,1200,650
1.0,3,0,0,0,0,1,1500,591
1.0,3,0,0,0,0,2,400,811
1.0,3,0,0,0,0,2,800,719
1.0,3,0,0,0,0,2,1200,639
1.0,3,0,0,0,0,2,1500,523
1.0,3,0,0,0,1,0,400,716
1.0,3,0,0,0,1,0,800,751
1.0,3,0,0,0,1,0,1200,791
1.0,3,0,0,0,1,0,1500,688
1.0,3,0,0,0,1,1,400,731
1.0,3,0,0,0,1,1,800,690
1.0,3,0,0,0,1,1,1200,673
1.0,3,0,0,0,1,1,1500,692
1.0,3,0,0,0,1,2,400,834
1.0,3,0,0,0,1,2,800,767
1.0,3,0,0,0,1,2,1200,626
1.0,3,0,0,0,1,2,1500,698
1.0,3,0,0,0,2,0,400,698
1.0,3,0,0,0,2,0,800,741
1.0,3,0,0,0,2,0,1200,707
1.0,3,0,0,0,2,0,1500,726
1.0,3,0,0,0,2,1,400,821
1.0,3,0,0,0,2,1,800,958
1.0,3,0,0,0,2,1,1200,787
1.0,3,0,0,0,2,1,1500,808
1.0,3,0,0,0,2,2,400,740
1.0,3,0,0,0,2,2,800,659
1.0,3,0,0,0,2,2,1200,709
1.0,3,0,0,0,2,2,1500,707
1.0,3,0,1,0,0,0,400,607
1.0,3,0,1,0,0,0,800,674
1.0,3,0,1,0,0,0,1200,585
1.0,3,0,1,0,0,0,1500,472
1.0,3,0,1,0,0,1,400,622
1.0,3,0,1,0,0,1,800,466
1.0,3,0,1,0,0,1,1200,648
1.0,3,0,1,0,0,1,1500,521
1.0,3,0,1,0,0,2,400,740
1.0,3,0,1,0,0,2,800,603
1.0,3,0,1,0,0,2,1200,511
1.0,3,0,1,0,0,2,1500,546
1.0,3,0,1,0,1,0,400,676
1.0,3,0,1,0,1,0,800,628
1.0,3,0,1,0,1,0,1200,685
1.0,3,0,1,0,1,0,1500,628
1.0,3,0,1,0,1,1,400,621
1.0,3,0,1,0,1,1,800,589
1.0,3,0,1,0,1,1,1200,582
1.0,3,0,1,0,1,1,1500,585
1.0,3,0,1,0,1,2,400,616
1.0,3,0,1,0,1,2,800,620
1.0,3,0,1,0,1,2,1200,592
1.0,3,0,1,0,1,2,1500,438
1.0,3,0,1,0,2,0,400,619
1.0,3,0,1,0,2,0,800,540
1.0,3,0,1,0,2,0,1200,588
1.0,3,0,1,0,2,0,1500,545
1.0,3,0,1,0,2,1,400,487
1.0,3,0,1,0,2,1,800,474
1.0,3,0,1,0,2,1,1200,414
1.0,3,0,1,0,2,1,1500,298
1.0,3,0,1,0,2,2,400,592
1.0,3,0,1,0,2,2,800,634
1.0,3,0,1,0,2,2,1200,576
1.0,3,0,1,0,2,2,1500,499
1.0,3,0,1,2,0,0,400,650
1.0,3,0,1,2,0,0,800,651
1.0,3,0,1,2,0,0,1200,520
1.0,3,0,1,2,0,0,1500,540
1.0,3,0,1,2,0,1,400,667
1.0,3,0,1,2,0,1,800,644
1.0,3,0,1,2,0,1,1200,533
1.0,3,0,1,2,0,1,1500,652
1.0,3,0,1,2,0,2,400,819
1.0,3,0,1,2,0,2,800,782
1.0,3,0,1,2,0,2,1200,762
1.0,3,0,1,2,0,2,1500,752
1.0,3,0,1,2,1,0,400,719
1.0,3,0,1,2,1,0,800,689
1.0,3,0,1,2,1,0,1200,678
1.0,3,0,1,2,1,0,1500,727
1.0,3,0,1,2,1,1,400,711
1.0,3,0,1,2,1,1,800,718
1.0,3,0,1,2,1,1,1200,772
1.0,3,0,1,2,1,1,1500,665
1.0,3,0,1,2,1,2,400,741
1.0,3,0,1,2,1,2,800,688
1.0,3,0,1,2,1,2,1200,712
1.0,3,0,1,2,1,2,1500,734
1.0,3,0,1,2,2,0,400,809
1.0,3,0,1,2,2,0,800,567
1.0,3,0,1,2,2,0,1200,597
1.0,3,0,1,2,2,0,1500,706
1.0,3,0,1,2,2,1,400,760
1.0,3,0,1,2,2,1,800,650
1.0,3,0,1,2,2,1,1200,626
1.0,3,0,1,2,2,1,1500,612
1.0,3,0,1,2,2,2,400,814
1.0,3,0,1,2,2,2,800,670
1.0,3,0,1,2,2,2,1200,607
1.0,3,0,1,2,2,2,1500,711
1.0,3,0,1,4,0,0,400,737
1.0,3,0,1,4,0,0,800,740
1.0,3,0,1,4,0,0,1200,805
1.0,3,0,1,4,0,0,1500,710
1.0,3,0,1,4,0,1,400,671
1.0,3,0,1,4,0,1,800,754
1.0,3,0,1,4,0,1,1200,713
1.0,3,0,1,4,0,1,1500,639
1.0,3,0,1,4,0,2,400,738
1.0,3,0,1,4,0,2,800,720
1.0,3,0,1,4,0,2,1200,753
1.0,3,0,1,4,0,2,1500,639
1.0,3,0,1,4,1,0,400,877
1.0,3,0,1,4,1,0,800,653
1.0,3,0,1,4,1,0,1200,708
1.0,3,0,1,4,1,0,1500,605
1.0,3,0,1,4,1,1,400,793
1.0,3,0,1,4,1,1,800,715
1.0,3,0,1,4,1,1,1200,652
1.0,3,0,1,4,1,1,1500,645
1.0,3,0,1,4,1,2,400,771
1.0,3,0,1,4,1,2,800,892
1.0,3,0,1,4,1,2,1200,754
1.0,3,0,1,4,1,2,1500,771
1.0,3,0,1,4,2,0,400,809
1.0,3,0,1,4,2,0,800,690
1.0,3,0,1,4,2,0,1200,676
1.0,3,0,1,4,2,0,1500,662
1.0,3,0,1,4,2,1,400,748
1.0,3,0,1,4,2,1,800,722
1.0,3,0,1,4,2,1,1200,722
1.0,3,0,1,4,2,1,1500,614
1.0,3,0,1,4,2,2,400,805
1.0,3,0,1,4,2,2,800,771
1.0,3,0,1,4,2,2,1200,729
1.0,3,0,1,4,2,2,1500,701
1.0,3,0,2,0,0,0,400,218
1.0,3,0,2,0,0,0,800,179
1.0,3,0,2,0,0,0,1200,197
1.0,3,0,2,0,0,0,1500,162
1.0,3,0,2,0,0,1,400,299
1.0,3,0,2,0,0,1,800,162
1.0,3,0,2,0,0,1,1200,95
1.0,3,0,2,0,0,1,1500,68
1.0,3,0,2,0,0,2,400,323
1.0,3,0,2,0,0,2,800,83
1.0,3,0,2,0,0,2,1200,69
1.0,3,0,2,0,0,2,1500,66
1.0,3,0,2,0,1,0,400,274
1.0,3,0,2,0,1,0,800,153
1.0,3,0,2,0,1,0,1200,107
1.0,3,0,2,0,1,0,1500,154
1.0,3,0,2,0,1,1,400,196
1.0,3,0,2,0,1,1,800,175
1.0,3,0,2,0,1,1,1200,129
1.0,3,0,2,0,1,1,1500,168
1.0,3,0,2,0,1,2,400,296
1.0,3,0,2,0,1,2,800,169
1.0,3,0,2,0,1,2,1200,164
1.0,3,0,2,0,1,2,1500,153
1.0,3,0,2,0,2,0,400,177
1.0,3,0,2,0,2,0,800,162
1.0,3,0,2,0,2,0,1200,198
1.0,3,0,2,0,2,0,1500,167
1.0,3,0,2,0,2,1,400,373
1.0,3,0,2,0,2,1,800,232
1.0,3,0,2,0,2,1,1200,178
1.0,3,0,2,0,2,1,1500,191
1.0,3,0,2,0,2,2,400,231
1.0,3,0,2,0,2,2,800,198
1.0,3,0,2,0,2,2,1200,148
1.0,3,0,2,0,2,2,1500,221
1.0,3,0,2,2,0,0,400,612
1.0,3,0,2,2,0,0,800,656
1.0,3,0,2,2,0,0,1200,557
1.0,3,0,2,2,0,0,1500,610
1.0,3,0,2,2,0,1,400,626
1.0,3,0,2,2,0,1,800,656
1.0,3,0,2,2,0,1,1200,620
1.0,3,0,2,2,0,1,1500,610
1.0,3,0,2,2,0,2,400,676
1.0,3,0,2,2,0,2,800,652
1.0,3,0,2,2,0,2,1200,589
1.0,3,0,2,2,0,2,1500,673
1.0,3,0,2,2,1,0,400,525
1.0,3,0,2,2,1,0,800,458
1.0,3,0,2,2,1,0,1200,436
1.0,3,0,2,2,1,0,1500,440
1.0,3,0,2,2,1,1,400,667
1.0,3,0,2,2,1,1,800,564
1.0,3,0,2,2,1,1,1200,548
1.0,3,0,2,2,1,1,1500,527
1.0,3,0,2,2,1,2,400,678
1.0,3,0,2,2,1,2,800,666
1.0,3,0,2,2,1,2,1200,581
1.0,3,0,2,2,1,2,1500,492
1.0,3,0,2,2,2,0,400,620
1.0,3,0,2,2,2,0,800,539
1.0,3,0,2,2,2,0,1200,561
1.0,3,0,2,2,2,0,1500,550
1.0,3,0,2,2,2,1,400,590
1.0,3,0,2,2,2,1,800,506
1.0,3,0,2,2,2,1,1200,434
1.0,3,0,2,2,2,1,1500,482
1.0,3,0,2,2,2,2,400,578
1.0,3,0,2,2,2,2,800,524
1.0,3,0,2,2,2,2,1200,495
1.0,3,0,2,2,2,2,1500,447
1.0,3,0,2,4,0,0,400,796
1.0,3,0,2,4,0,0,800,661
1.0,3,0,2,4,0,0,1200,686
1.0,3,0,2,4,0,0,1500,738
1.0,3,0,2,4,0,1,400,835
1.0,3,0,2,4,0,1,800,666
1.0,3,0,2,4,0,1,1200,777
1.0,3,0,2,4,0,1,1500,776
1.0,3,0,2,4,0,2,400,769
1.0,3,0,2,4,0,2,800,733
1.0,3,0,2,4,0,2,1200,679
1.0,3,0,2,4,0,2,1500,713
1.0,3,0,2,4,1,0,400,795
1.0,3,0,2,4,1,0,800,698
1.0,3,0,2,4,1,0,1200,786
1.0,3,0,2,4,1,0,1500,615
1.0,3,0,2,4,1,1,400,803
1.0,3,0,2,4,1,1,800,747
1.0,3,0,2,4,1,1,1200,692
1.0,3,0,2,4,1,1,1500,587
1.0,3,0,2,4,1,2,400,752
1.0,3,0,2,4,1,2,800,727
1.0,3,0,2,4,1,2,1200,679
1.0,3,0,2,4,1,2,1500,709
1.0,3,0,2,4,2,0,400,813
1.0,3,0,2,4,2,0,800,819
1.0,3,0,2,4,2,0,1200,768
1.0,3,0,2,4,2,0,1500,697
1.0,3,0,2,4,2,1,400,849
1.0,3,0,2,4,2,1,800,783
1.0,3,0,2,4,2,1,1200,846
1.0,3,0,2,4,2,1,1500,703
1.0,3,0,2,4,2,2,400,828
1.0,3,0,2,4,2,2,800,759
1.0,3,0,2,4,2,2,1200,719
1.0,3,0,2,4,2,2,1500,740
1.0,3,0.75,0,0,0,0,400,968
1.0,3,0.75,0,0,0,0,800,903
1.0,3,0.75,0,0,0,0,1200,921
1.0,3,0.75,0,0,0,0,1500,860
1.0,3,0.75,0,0,0,1,400,952
1.0,3,0.75,0,0,0,1,800,901
1.0,3,0.75,0,0,0,1,1200,768
1.0,3,0.75,0,0,0,1,1500,787
1.0,3,0.75,0,0,0,2,400,830
1.0,3,0.75,0,0,0,2,800,931
1.0,3,0.75,0,0,0,2,1200,851
1.0,3,0.75,0,0,0,2,1500,880
1.0,3,0.75,0,0,1,0,400,827
1.0,3,0.75,0,0,1,0,800,816
1.0,3,0.75,0,0,1,0,1200,1020
1.0,3,0.75,0,0,1,0,1500,917
1.0,3,0.75,0,0,1,1,400,845
1.0,3,0.75,0,0,1,1,800,854
1.0,3,0.75,0,0,1,1,1200,897
1.0,3,0.75,0,0,1,1,1500,778
1.0,3,0.75,0,0,1,2,400,961
1.0,3,0.75,0,0,1,2,800,794
1.0,3,0.75,0,0,1,2,1200,924
1.0,3,0.75,0,0,1,2,1500,873
1.0,3,0.75,0,0,2,0,400,826
1.0,3,0.75,0,0,2,0,800,911
1.0,3,0.75,0,0,2,0,1200,871
1.0,3,0.75,0,0,2,0,1500,906
1.0,3,0.75,0,0,2,1,400,890
1.0,3,0.75,0,0,2,1,800,904
1.0,3,0.75,0,0,2,1,1200,897
1.0,3,0.75,0,0,2,1,1500,951
1.0,3,0.75,0,0,2,2,400,739
1.0,3,0.75,0,0,2,2,800,848
1.0,3,0.75,0,0,2,2,1200,917
1.0,3,0.75,0,0,2,2,1500,806
1.0,3,0.75,1,0,0,0,400,645
1.0,3,0.75,1,0,0,0,800,705
1.0,3,0.75,1,0,0,0,1200,800
1.0,3,0.75,1,0,0,0,1500,685
1.0,3,0.75,1,0,0,1,400,780
1.0,3,0.75,1,0,0,1,800,733
1.0,3,0.75,1,0,0,1,1200,736
1.0,3,0.75,1,0,0,1,1500,770
1.0,3,0.75,1,0,0,2,400,671
1.0,3,0.75,1,0,0,2,800,690
1.0,3,0.75,1,0,0,2,1200,656
1.0,3,0.75,1,0,0,2,1500,821
1.0,3,0.75,1,0,1,0,400,668
1.0,3,0.75,1,0,1,0,800,729
1.0,3,0.75,1,0,1,0,1200,726
1.0,3,0.75,1,0,1,0,1500,732
1.0,3,0.75,1,0,1,1,400,752
1.0,3,0.75,1,0,1,1,800,721
1.0,3,0.75,1,0,1,1,1200,636
1.0,3,0.75,1,0,1,1,1500,738
1.0,3,0.75,1,0,1,2,400,645
1.0,3,0.75,1,0,1,2,800,708
1.0,3,0.75,1,0,1,2,1200,675
1.0,3,0.75,1,0,1,2,1500,589
1.0,3,0.75,1,0,2,0,400,748
1.0,3,0.75,1,0,2,0,800,673
1.0,3,0.75,1,0,2,0,1200,709
1.0,3,0.75,1,0,2,0,1500,705
1.0,3,0.75,1,0,2,1,400,652
1.0,3,0.75,1,0,2,1,800,748
1.0,3,0.75,1,0,2,1,1200,681
1.0,3,0.75,1,0,2,1,1500,616
1.0,3,0.75,1,0,2,2,400,656
1.0,3,0.75,1,0,2,2,800,646
1.0,3,0.75,1,0,2,2,1200,755
1.0,3,0.75,1,0,2,2,1500,587
1.0,3,0.75,1,2,0,0,400,854
1.0,3,0.75,1,2,0,0,800,886
1.0,3,0.75,1,2,0,0,1200,709
1.0,3,0.75,1,2,0,0,1500,870
1.0,3,0.75,1,2,0,1,400,724
1.0,3,0.75,1,2,0,1,800,798
1.0,3,0.75,1,2,0,1,1200,874
1.0,3,0.75,1,2,0,1,1500,753
1.0,3,0.75,1,2,0,2,400,697
1.0,3,0.75,1,2,0,2,800,868
1.0,3,0.75,1,2,0,2,1200,797
1.0,3,0.75,1,2,0,2,1500,768
1.0,3,0.75,1,2,1,0,400,870
1.0,3,0.75,1,2,1,0,800,752
1.0,3,0.75,1,2,1,0,1200,896
1.0,3,0.75,1,2,1,0,1500,829
1.0,3,0.75,1,2,1,1,400,804
1.0,3,0.75,1,2,1,1,800,751
1.0,3,0.75,1,2,1,1,1200,808
1.0,3,0.75,1,2,1,1,1500,812
1.0,3,0.75,1,2,1,2,400,751
1.0,3,0.75,1,2,1,2,800,788
1.0,3,0.75,1,2,1,2,1200,833
1.0,3,0.75,1,2,1,2,1500,803
1.0,3,0.75,1,2,2,0,400,874
1.0,3,0.75,1,2,2,0,800,939
1.0,3,0.75,1,2,2,0,1200,859
1.0,3,0.75,1,2,2,0,1500,815
1.0,3,0.75,1,2,2,1,400,784
1.0,3,0.75,1,2,2,1,800,908
1.0,3,0.75,1,2,2,1,1200,796
1.0,3,0.75,1,2,2,1,1500,778
1.0,3,0.75,1,2,2,2,400,802
1.0,3,0.75,1,2,2,2,800,686
1.0,3,0.75,1,2,2,2,1200,756
1.0,3,0.75,1,2,2,2,1500,803
1.0,3,0.75,1,4,0,0,400,887
1.0,3,0.75,1,4,0,0,800,898
1.0,3,0.75,1,4,0,0,1200,902
1.0,3,0.75,1,4,0,0,1500,915
1.0,3,0.75,1,4,0,1,400,793
1.0,3,0.75,1,4,0,1,800,875
1.0,3,0.75,1,4,0,1,1200,850
1.0,3,0.75,1,4,0,1,1500,909
1.0,3,0.75,1,4,0,2,400,864
1.0,3,0.75,1,4,0,2,800,903
1.0,3,0.75,1,4,0,2,1200,817
1.0,3,0.75,1,4,0,2,1500,916
1.0,3,0.75,1,4,1,0,400,869
1.0,3,0.75,1,4,1,0,800,848
1.0,3,0.75,1,4,1,0,1200,854
1.0,3,0.75,1,4,1,0,1500,882
1.0,3,0.75,1,4,1,1,400,871
1.0,3,0.75,1,4,1,1,800,897
1.0,3,0.75,1,4,1,1,1200,887
1.0,3,0.75,1,4,1,1,1500,847
1.0,3,0.75,1,4,1,2,400,907
1.0,3,0.75,1,4,1,2,800,812
1.0,3,0.75,1,4,1,2,1200,761
1.0,3,0.75,1,4,1,2,1500,826
1.0,3,0.75,1,4,2,0,400,764
1.0,3,0.75,1,4,2,0,800,912
1.0,3,0.75,1,4,2,0,1200,827
1.0,3,0.75,1,4,2,0,1500,860
1.0,3,0.75,1,4,2,1,400,828
1.0,3,0.75,1,4,2,1,800,761
1.0,3,0.75,1,4,2,1,1200,935
1.0,3,0.75,1,4,2,1,1500,956
1.0,3,0.75,1,4,2,2,400,775
1.0,3,0.75,1,4,2,2,800,823
1.0,3,0.75,1,4,2,2,1200,887
1.0,3,0.75,1,4,2,2,1500,945
1.0,3,0.75,2,0,0,0,400,299
1.0,3,0.75,2,0,0,0,800,143
1.0,3,0.75,2,0,0,0,1200,218
1.0,3,0.75,2,0,0,0,1500,89
1.0,3,0.75,2,0,0,1,400,241
1.0,3,0.75,2,0,0,1,800,222
1.0,3,0.75,2,0,0,1,1200,194
1.0,3,0.75,2,0,0,1,1500,211
1.0,3,0.75,2,0,0,2,400,252
1.0,3,0.75,2,0,0,2,800,294
1.0,3,0.75,2,0,0,2,1200,313
1.0,3,0.75,2,0,0,2,1500,180
1.0,3,0.75,2,0,1,0,400,305
1.0,3,0.75,2,0,1,0,800,110
1.0,3,0.75,2,0,1,0,1200,200
1.0,3,0.75,2,0,1,0,1500,263
1.0,3,0.75,2,0,1,1,400,200
1.0,3,0.75,2,0,1,1,800,148
1.0,3,0.75,2,0,1,1,1200,109
1.0,3,0.75,2,0,1,1,1500,180
1.0,3,0.75,2,0,1,2,400,223
1.0,3,0.75,2,0,1,2,800,151
1.0,3,0.75,2,0,1,2,1200,184
1.0,3,0.75,2,0,1,2,1500,176
1.0,3,0.75,2,0,2,0,400,305
1.0,3,0.75,2,0,2,0,800,148
1.0,3,0.75,2,0,2,0,1200,119
1.0,3,0.75,2,0,2,0,1500,165
1.0,3,0.75,2,0,2,1,400,297
1.0,3,0.75,2,0,2,1,800,325
1.0,3,0.75,2,0,2,1,1200,329
1.0,3,0.75,2,0,2,1,1500,187
1.0,3,0.75,2,0,2,2,400,294
1.0,3,0.75,2,0,2,2,800,201
1.0,3,0.75,2,0,2,2,1200,215
1.0,3,0.75,2,0,2,2,1500,153
1.0,3,0.75,2,2,0,0,400,758
1.0,3,0.75,2,2,0,0,800,715
1.0,3,0.75,2,2,0,0,1200,705
1.0,3,0.75,2,2,0,0,1500,746
1.0,3,0.75,2,2,0,1,400,631
1.0,3,0.75,2,2,0,1,800,649
1.0,3,0.75,2,2,0,1,1200,747
1.0,3,0.75,2,2,0,1,1500,653
1.0,3,0.75,2,2,0,2,400,721
1.0,3,0.75,2,2,0,2,800,792
1.0,3,0.75,2,2,0,2,1200,686
1.0,3,0.75,2,2,0,2,1500,661
1.0,3,0.75,2,2,1,0,400,580
1.0,3,0.75,2,2,1,0,800,669
1.0,3,0.75,2,2,1,0,1200,639
1.0,3,0.75,2,2,1,0,1500,577
1.0,3,0.75,2,2,1,1,400,602
1.0,3,0.75,2,2,1,1,800,521
1.0,3,0.75,2,2,1,1,1200,687
1.0,3,0.75,2,2,1,1,1500,631
1.0,3,0.75,2,2,1,2,400,664
1.0,3,0.75,2,2,1,2,800,746
1.0,3,0.75,2,2,1,2,1200,637
1.0,3,0.75,2,2,1,2,1500,614
1.0,3,0.75,2,2,2,0,400,619
1.0,3,0.75,2,2,2,0,800,716
1.0,3,0.75,2,2,2,0,1200,696
1.0,3,0.75,2,2,2,0,1500,767
1.0,3,0.75,2,2,2,1,400,729
1.0,3,0.75,2,2,2,1,800,633
1.0,3,0.75,2,2,2,1,1200,708
1.0,3,0.75,2,2,2,1,1500,511
1.0,3,0.75,2,2,2,2,400,729
1.0,3,0.75,2,2,2,2,800,594
1.0,3,0.75,2,2,2,2,1200,637
1.0,3,0.75,2,2,2,2,1500,638
1.0,3,0.75,2,4,0,0,400,871
1.0,3,0.75,2,4,0,0,800,959
1.0,3,0.75,2,4,0,0,1200,890
1.0,3,0.75,2,4,0,0,1500,820
1.0,3,0.75,2,4,0,1,400,868
1.0,3,0.75,2,4,0,1,800,771
1.0,3,0.75,2,4,0,1,1200,790
1.0,3,0.75,2,4,0,1,1500,923
1.0,3,0.75,2,4,0,2,400,765
1.0,3,0.75,2,4,0,2,800,877
1.0,3,0.75,2,4,0,2,1200,802
1.0,3,0.75,2,4,0,2,1500,867
1.0,3,0.75,2,4,1,0,400,854
1.0,3,0.75,2,4,1,0,800,864
1.0,3,0.75,2,4,1,0,1200,826
1.0,3,0.75,2,4,1,0,1500,890
1.0,3,0.75,2,4,1,1,400,843
1.0,3,0.75,2,4,1,1,800,685
1.0,3,0.75,2,4,1,1,1200,895
1.0,3,0.75,2,4,1,1,1500,824
1.0,3,0.75,2,4,1,2,400,774
1.0,3,0.75,2,4,1,2,800,827
1.0,3,0.75,2,4,1,2,1200,809
1.0,3,0.75,2,4,1,2,1500,762
1.0,3,0.75,2,4,2,0,400,821
1.0,3,0.75,2,4,2,0,800,765
1.0,3,0.75,2,4,2,0,1200,806
1.0,3,0.75,2,4,2,0,1500,806
1.0,3,0.75,2,4,2,1,400,885
1.0,3,0.75,2,4,2,1,800,781
1.0,3,0.75,2,4,2,1,1200,834
1.0,3,0.75,2,4,2,1,1500,771
1.0,3,0.75,2,4,2,2,400,889
1.0,3,0.75,2,4,2,2,800,863
1.0,3,0.75,2,4,2,2,1200,765
1.0,3,0.75,2,4,2,2,1500,1002
1.0,6,0,0,0,0,0,400,109
1.0,6,0,0,0,0,0,800,146
1.0,6,0,0,0,0,0,1200,109
1.0,6,0,0,0,0,0,1500,133
1.0,6,0,0,0,0,1,400,161
1.0,6,0,0,0,0,1,800,191
1.0,6,0,0,0,0,1,1200,150
1.0,6,0,0,0,0,1,1500,159
1.0,6,0,0,0,0,2,400,146
1.0,6,0,0,0,0,2,800,148
1.0,6,0,0,0,0,2,1200,142
1.0,6,0,0,0,0,2,1500,133
1.0,6,0,0,0,1,0,400,144
1.0,6,0,0,0,1,0,800,177
1.0,6,0,0,0,1,0,1200,118
1.0,6,0,0,0,1,0,1500,166
1.0,6,0,0,0,1,1,400,147
1.0,6,0,0,0,1,1,800,153
1.0,6,0,0,0,1,1,1200,165
1.0,6,0,0,0,1,1,1500,161
1.0,6,0,0,0,1,2,400,125
1.0,6,0,0,0,1,2,800,168
1.0,6,0,0,0,1,2,1200,147
1.0,6,0,0,0,1,2,1500,157
1.0,6,0,0,0,2,0,400,166
1.0,6,0,0,0,2,0,800,170
1.0,6,0,0,0,2,0,1200,168
1.0,6,0,0,0,2,0,1500,151
1.0,6,0,0,0,2,1,400,156
1.0,6,0,0,0,2,1,800,138
1.0,6,0,0,0,2,1,1200,172
1.0,6,0,0,0,2,1,1500,176
1.0,6,0,0,0,2,2,400,126
1.0,6,0,0,0,2,2,800,138
1.0,6,0,0,0,2,2,1200,125
1.0,6,0,0,0,2,2,1500,174
1.0,6,0,1,0,0,0,400,138
1.0,6,0,1,0,0,0,800,101
1.0,6,0,1,0,0,0,1200,170
1.0,6,0,1,0,0,0,1500,136
1.0,6,0,1,0,0,1,400,152
1.0,6,0,1,0,0,1,800,146
1.0,6,0,1,0,0,1,1200,139
1.0,6,0,1,0,0,1,1500,139
1.0,6,0,1,0,0,2,400,139
1.0,6,0,1,0,0,2,800,121
1.0,6,0,1,0,0,2,1200,150
1.0,6,0,1,0,0,2,1500,141
1.0,6,0,1,0,1,0,400,125
1.0,6,0,1,0,1,0,800,101
1.0,6,0,1,0,1,0,1200,152
1.0,6,0,1,0,1,0,1500,164
1.0,6,0,1,0,1,1,400,153
1.0,6,0,1,0,1,1,800,95
1.0,6,0,1,0,1,1,1200,172
1.0,6,0,1,0,1,1,1500,154
1.0,6,0,1,0,1,2,400,163
1.0,6,0,1,0,1,2,800,138
1.0,6,0,1,0,1,2,1200,157
1.0,6,0,1,0,1,2,1500,122
1.0,6,0,1,0,2,0,400,104
1.0,6,0,1,0,2,0,800,147
1.0,6,0,1,0,2,0,1200,171
1.0,6,0,1,0,2,0,1500,168
1.0,6,0,1,0,2,1,400,139
1.0,6,0,1,0,2,1,800,164
1.0,6,0,1,0,2,1,1200,150
1.0,6,0,1,0,2,1,1500,156
1.0,6,0,1,0,2,2,400,99
1.0,6,0,1,0,2,2,800,162
1.0,6,0,1,0,2,2,1200,136
1.0,6,0,1,0,2,2,1500,128
1.0,6,0,1,2,0,0,400,118
1.0,6,0,1,2,0,0,800,129
1.0,6,0,1,2,0,0,1200,134
1.0,6,0,1,2,0,0,1500,139
1.0,6,0,1,2,0,1,400,135
1.0,6,0,1,2,0,1,800,131
1.0,6,0,1,2,0,1,1200,132
1.0,6,0,1,2,0,1,1500,143
1.0,6,0,1,2,0,2,400,150
1.0,6,0,1,2,0,2,800,160
1.0,6,0,1,2,0,2,1200,135
1.0,6,0,1,2,0,2,1500,108
1.0,6,0,1,2,1,0,400,120
1.0,6,0,1,2,1,0,800,137
1.0,6,0,1,2,1,0,1200,120
1.0,6,0,1,2,1,0,1500,146
1.0,6,0,1,2,1,1,400,166
1.0,6,0,1,2,1,1,800,142
1.0,6,0,1,2,1,1,1200,130
1.0,6,0,1,2,1,1,1500,141
1.0,6,0,1,2,1,2,400,125
1.0,6,0,1,2,1,2,800,147
1.0,6,0,1,2,1,2,1200,147
1.0,6,0,1,2,1,2,1500,158
1.0,6,0,1,2,2,0,400,176
1.0,6,0,1,2,2,0,800,134
1.0,6,0,1,2,2,0,1200,159
1.0,6,0,1,2,2,0,1500,166
1.0,6,0,1,2,2,1,400,151
1.0,6,0,1,2,2,1,800,85
1.0,6,0,1,2,2,1,1200,138
1.0,6,0,1,2,2,1,1500,156
1.0,6,0,1,2,2,2,400,163
1.0,6,0,1,2,2,2,800,144
1.0,6,0,1,2,2,2,1200,154
1.0,6,0,1,2,2,2,1500,123
1.0,6,0,1,4,0,0,400,133
1.0,6,0,1,4,0,0,800,124
1.0,6,0,1,4,0,0,1200,162
1.0,6,0,1,4,0,0,1500,131
1.0,6,0,1,4,0,1,400,129
1.0,6,0,1,4,0,1,800,99
1.0,6,0,1,4,0,1,1200,61
1.0,6,0,1,4,0,1,1500,47
1.0,6,0,1,4,0,2,400,137
1.0,6,0,1,4,0,2,800,141
1.0,6,0,1,4,0,2,1200,139
1.0,6,0,1,4,0,2,1500,133
1.0,6,0,1,4,1,0,400,117
1.0,6,0,1,4,1,0,800,114
1.0,6,0,1,4,1,0,1200,134
1.0,6,0,1,4,1,0,1500,91
1.0,6,0,1,4,1,1,400,134
1.0,6,0,1,4,1,1,800,91
1.0,6,0,1,4,1,1,1200,88
1.0,6,0,1,4,1,1,1500,95
1.0,6,0,1,4,1,2,400,134
1.0,6,0,1,4,1,2,800,134
1.0,6,0,1,4,1,2,1200,111
1.0,6,0,1,4,1,2,1500,118
1.0,6,0,1,4,2,0,400,130
1.0,6,0,1,4,2,0,800,149
1.0,6,0,1,4,2,0,1200,124
1.0,6,0,1,4,2,0,1500,138
1.0,6,0,1,4,2,1,400,142
1.0,6,0,1,4,2,1,800,157
1.0,6,0,1,4,2,1,1200,138
1.0,6,0,1,4,2,1,1500,175
1.0,6,0,1,4,2,2,400,141
1.0,6,0,1,4,2,2,800,169
1.0,6,0,1,4,2,2,1200,148
1.0,6,0,1,4,2,2,1500,140
1.0,6,0,2,0,0,0,400,98
1.0,6,0,2,0,0,0,800,73
1.0,6,0,2,0,0,0,1200,81
1.0,6,0,2,0,0,0,1500,81
1.0,6,0,2,0,0,1,400,67
1.0,6,0,2,0,0,1,800,50
1.0,6,0,2,0,0,1,1200,57
1.0,6,0,2,0,0,1,1500,76
1.0,6,0,2,0,0,2,400,74
1.0,6,0,2,0,0,2,800,78
1.0,6,0,2,0,0,2,1200,33
1.0,6,0,2,0,0,2,1500,59
1.0,6,0,2,0,1,0,400,101
1.0,6,0,2,0,1,0,800,82
1.0,6,0,2,0,1,0,1200,108
1.0,6,0,2,0,1,0,1500,86
1.0,6,0,2,0,1,1,400,95
1.0,6,0,2,0,1,1,800,123
1.0,6,0,2,0,1,1,1200,109
1.0,6,0,2,0,1,1,1500,99
1.0,6,0,2,0,1,2,400,87
1.0,6,0,2,0,1,2,800,105
1.0,6,0,2,0,1,2,1200,121
1.0,6,0,2,0,1,2,1500,78
1.0,6,0,2,0,2,0,400,95
1.0,6,0,2,0,2,0,800,112
1.0,6,0,2,0,2,0,1200,90
1.0,6,0,2,0,2,0,1500,93
1.0,6,0,2,0,2,1,400,60
1.0,6,0,2,0,2,1,800,56
1.0,6,0,2,0,2,1,1200,66
1.0,6,0,2,0,2,1,1500,67
1.0,6,0,2,0,2,2,400,58
1.0,6,0,2,0,2,2,800,65
1.0,6,0,2,0,2,2,1200,29
1.0,6,0,2,0,2,2,1500,50
1.0,6,0,2,2,0,0,400,105
1.0,6,0,2,2,0,0,800,100
1.0,6,0,2,2,0,0,1200,44
1.0,6,0,2,2,0,0,1500,55
1.0,6,0,2,2,0,1,400,82
1.0,6,0,2,2,0,1,800,72
1.0,6,0,2,2,0,1,1200,112
1.0,6,0,2,2,0,1,1500,95
1.0,6,0,2,2,0,2,400,82
1.0,6,0,2,2,0,2,800,55
1.0,6,0,2,2,0,2,1200,94
1.0,6,0,2,2,0,2,1500,81
1.0,6,0,2,2,1,0,400,105
1.0,6,0,2,2,1,0,800,87
1.0,6,0,2,2,1,0,1200,93
1.0,6,0,2,2,1,0,1500,98
1.0,6,0,2,2,1,1,400,84
1.0,6,0,2,2,1,1,800,104
1.0,6,0,2,2,1,1,1200,117
1.0,6,0,2,2,1,1,1500,132
1.0,6,0,2,2,1,2,400,114
1.0,6,0,2,2,1,2,800,127
1.0,6,0,2,2,1,2,1200,118
1.0,6,0,2,2,1,2,1500,122
1.0,6,0,2,2,2,0,400,69
1.0,6,0,2,2,2,0,800,82
1.0,6,0,2,2,2,0,1200,75
1.0,6,0,2,2,2,0,1500,83
1.0,6,0,2,2,2,1,400,95
1.0,6,0,2,2,2,1,800,28
1.0,6,0,2,2,2,1,1200,67
1.0,6,0,2,2,2,1,1500,21
1.0,6,0,2,2,2,2,400,111
1.0,6,0,2,2,2,2,800,49
1.0,6,0,2,2,2,2,1200,53
1.0,6,0,2,2,2,2,1500,58
1.0,6,0,2,4,0,0,400,113
1.0,6,0,2,4,0,0,800,105
1.0,6,0,2,4,0,0,1200,80
1.0,6,0,2,4,0,0,1500,80
1.0,6,0,2,4,0,1,400,153
1.0,6,0,2,4,0,1,800,96
1.0,6,0,2,4,0,1,1200,121
1.0,6,0,2,4,0,1,1500,89
1.0,6,0,2,4,0,2,400,118
1.0,6,0,2,4,0,2,800,110
1.0,6,0,2,4,0,2,1200,105
1.0,6,0,2,4,0,2,1500,78
1.0,6,0,2,4,1,0,400,87
1.0,6,0,2,4,1,0,800,76
1.0,6,0,2,4,1,0,1200,105
1.0,6,0,2,4,1,0,1500,43
1.0,6,0,2,4,1,1,400,81
1.0,6,0,2,4,1,1,800,60
1.0,6,0,2,4,1,1,1200,57
1.0,6,0,2,4,1,1,1500,63
1.0,6,0,2,4,1,2,400,91
1.0,6,0,2,4,1,2,800,87
1.0,6,0,2,4,1,2,1200,75
1.0,6,0,2,4,1,2,1500,86
1.0,6,0,2,4,2,0,400,178
1.0,6,0,2,4,2,0,800,100
1.0,6,0,2,4,2,0,1200,74
1.0,6,0,2,4,2,0,1500,127
1.0,6,0,2,4,2,1,400,141
1.0,6,0,2,4,2,1,800,118
1.0,6,0,2,4,2,1,1200,113
1.0,6,0,2,4,2,1,1500,101
1.0,6,0,2,4,2,2,400,129
1.0,6,0,2,4,2,2,800,101
1.0,6,0,2,4,2,2,1200,143
1.0,6,0,2,4,2,2,1500,82
1.0,6,0.75,0,0,0,0,400,117
1.0,6,0.75,0,0,0,0,800,116
1.0,6,0.75,0,0,0,0,1200,100
1.0,6,0.75,0,0,0,0,1500,166
1.0,6,0.75,0,0,0,1,400,112
1.0,6,0.75,0,0,0,1,800,143
1.0,6,0.75,0,0,0,1,1200,117
1.0,6,0.75,0,0,0,1,1500,144
1.0,6,0.75,0,0,0,2,400,148
1.0,6,0.75,0,0,0,2,800,119
1.0,6,0.75,0,0,0,2,1200,146
1.0,6,0.75,0,0,0,2,1500,125
1.0,6,0.75,0,0,1,0,400,112
1.0,6,0.75,0,0,1,0,800,109
1.0,6,0.75,0,0,1,0,1200,136
1.0,6,0.75,0,0,1,0,1500,134
1.0,6,0.75,0,0,1,1,400,144
1.0,6,0.75,0,0,1,1,800,132
1.0,6,0.75,0,0,1,1,1200,107
1.0,6,0.75,0,0,1,1,1500,148
1.0,6,0.75,0,0,1,2,400,115
1.0,6,0.75,0,0,1,2,800,75
1.0,6,0.75,0,0,1,2,1200,132
1.0,6,0.75,0,0,1,2,1500,101
1.0,6,0.75,0,0,2,0,400,122
1.0,6,0.75,0,0,2,0,800,116
1.0,6,0.75,0,0,2,0,1200,119
1.0,6,0.75,0,0,2,0,1500,160
1.0,6,0.75,0,0,2,1,400,135
1.0,6,0.75,0,0,2,1,800,138
1.0,6,0.75,0,0,2,1,1200,171
1.0,6,0.75,0,0,2,1,1500,161
1.0,6,0.75,0,0,2,2,400,119
1.0,6,0.75,0,0,2,2,800,107
1.0,6,0.75,0,0,2,2,1200,90
1.0,6,0.75,0,0,2,2,1500,148
1.0,6,0.75,1,0,0,0,400,80
1.0,6,0.75,1,0,0,0,800,117
1.0,6,0.75,1,0,0,0,1200,98
1.0,6,0.75,1,0,0,0,1500,138
1.0,6,0.75,1,0,0,1,400,97
1.0,6,0.75,1,0,0,1,800,133
1.0,6,0.75,1,0,0,1,1200,109
1.0,6,0.75,1,0,0,1,1500,136
1.0,6,0.75,1,0,0,2,400,107
1.0,6,0.75,1,0,0,2,800,53
1.0,6,0.75,1,0,0,2,1200,56
1.0,6,0.75,1,0,0,2,1500,48
1.0,6,0.75,1,0,1,0,400,69
1.0,6,0.75,1,0,1,0,800,50
1.0,6,0.75,1,0,1,0,1200,69
1.0,6,0.75,1,0,1,0,1500,31
1.0,6,0.75,1,0,1,1,400,94
1.0,6,0.75,1,0,1,1,800,91
1.0,6,0.75,1,0,1,1,1200,119
1.0,6,0.75,1,0,1,1,1500,83
1.0,6,0.75,1,0,1,2,400,142
1.0,6,0.75,1,0,1,2,800,102
1.0,6,0.75,1,0,1,2,1200,118
1.0,6,0.75,1,0,1,2,1500,114
1.0,6,0.75,1,0,2,0,400,68
1.0,6,0.75,1,0,2,0,800,63
1.0,6,0.75,1,0,2,0,1200,59
1.0,6,0.75,1,0,2,0,1500,35
1.0,6,0.75,1,0,2,1,400,129
1.0,6,0.75,1,0,2,1,800,141
1.0,6,0.75,1,0,2,1,1200,118
1.0,6,0.75,1,0,2,1,1500,90
1.0,6,0.75,1,0,2,2,400,111
1.0,6,0.75,1,0,2,2,800,76
1.0,6,0.75,1,0,2,2,1200,114
1.0,6,0.75,1,0,2,2,1500,103
1.0,6,0.75,1,2,0,0,400,116
1.0,6,0.75,1,2,0,0,800,95
1.0,6,0.75,1,2,0,0,1200,114
1.0,6,0.75,1,2,0,0,1500,150
1.0,6,0.75,1,2,0,1,400,135
1.0,6,0.75,1,2,0,1,800,120
1.0,6,0.75,1,2,0,1,1200,115
1.0,6,0.75,1,2,0,1,1500,110
1.0,6,0.75,1,2,0,2,400,154
1.0,6,0.75,1,2,0,2,800,119
1.0,6,0.75,1,2,0,2,1200,139
1.0,6,0.75,1,2,0,2,1500,110
1.0,6,0.75,1,2,1,0,400,124
1.0,6,0.75,1,2,1,0,800,126
1.0,6,0.75,1,2,1,0,1200,187
1.0,6,0.75,1,2,1,0,1500,116
1.0,6,0.75,1,2,1,1,400,102
1.0,6,0.75,1,2,1,1,800,107
1.0,6,0.75,1,2,1,1,1200,93
1.0,6,0.75,1,2,1,1,1500,94
1.0,6,0.75,1,2,1,2,400,140
1.0,6,0.75,1,2,1,2,800,88
1.0,6,0.75,1,2,1,2,1200,62
1.0,6,0.75,1,2,1,2,1500,96
1.0,6,0.75,1,2,2,0,400,125
1.0,6,0.75,1,2,2,0,800,95
1.0,6,0.75,1,2,2,0,1200,128
1.0,6,0.75,1,2,2,0,1500,103
1.0,6,0.75,1,2,2,1,400,115
1.0,6,0.75,1,2,2,1,800,108
1.0,6,0.75,1,2,2,1,1200,134
1.0,6,0.75,1,2,2,1,1500,109
1.0,6,0.75,1,2,2,2,400,90
1.0,6,0.75,1,2,2,2,800,135
1.0,6,0.75,1,2,2,2,1200,145
1.0,6,0.75,1,2,2,2,1500,133
1.0,6,0.75,1,4,0,0,400,149
1.0,6,0.75,1,4,0,0,800,186
1.0,6,0.75,1,4,0,0,1200,101
1.0,6,0.75,1,4,0,0,1500,103
1.0,6,0.75,1,4,0,1,400,68
1.0,6,0.75,1,4,0,1,800,116
1.0,6,0.75,1,4,0,1,1200,118
1.0,6,0.75,1,4,0,1,1500,119
1.0,6,0.75,1,4,0,2,400,130
1.0,6,0.75,1,4,0,2,800,132
1.0,6,0.75,1,4,0,2,1200,137
1.0,6,0.75,1,4,0,2,1500,119
1.0,6,0.75,1,4,1,0,400,116
1.0,6,0.75,1,4,1,0,800,120
1.0,6,0.75,1,4,1,0,1200,103
1.0,6,0.75,1,4,1,0,1500,111
1.0,6,0.75,1,4,1,1,400,85
1.0,6,0.75,1,4,1,1,800,150
1.0,6,0.75,1,4,1,1,1200,88
1.0,6,0.75,1,4,1,1,1500,96
1.0,6,0.75,1,4,1,2,400,98
1.0,6,0.75,1,4,1,2,800,108
1.0,6,0.75,1,4,1,2,1200,89
1.0,6,0.75,1,4,1,2,1500,125
1.0,6,0.75,1,4,2,0,400,112
1.0,6,0.75,1,4,2,0,800,144
1.0,6,0.75,1,4,2,0,1200,125
1.0,6,0.75,1,4,2,0,1500,135
1.0,6,0.75,1,4,2,1,400,129
1.0,6,0.75,1,4,2,1,800,119
1.0,6,0.75,1,4,2,1,1200,127
1.0,6,0.75,1,4,2,1,1500,123
1.0,6,0.75,1,4,2,2,400,128
1.0,6,0.75,1,4,2,2,800,119
1.0,6,0.75,1,4,2,2,1200,99
1.0,6,0.75,1,4,2,2,1500,75
1.0,6,0.75,2,0,0,0,400,6
1.0,6,0.75,2,0,0,0,800,23
1.0,6,0.75,2,0,0,0,1200,44
1.0,6,0.75,2,0,0,0,1500,2
1.0,6,0.75,2,0,0,1,400,14
1.0,6,0.75,2,0,0,1,800,18
1.0,6,0.75,2,0,0,2,400,13
1.0,6,0.75,2,0,1,0,400,22
1.0,6,0.75,2,0,1,1,400,37
1.0,6,0.75,2,0,1,1,800,44
1.0,6,0.75,2,0,1,2,400,18
1.0,6,0.75,2,0,1,2,800,6
1.0,6,0.75,2,0,2,0,400,40
1.0,6,0.75,2,0,2,0,800,33
1.0,6,0.75,2,0,2,0,1200,62
1.0,6,0.75,2,0,2,0,1500,12
1.0,6,0.75,2,0,2,1,400,68
1.0,6,0.75,2,0,2,1,800,102
1.0,6,0.75,2,0,2,1,1200,50
1.0,6,0.75,2,0,2,1,1500,64
1.0,6,0.75,2,0,2,2,400,75
1.0,6,0.75,2,0,2,2,800,26
1.0,6,0.75,2,0,2,2,1200,28
1.0,6,0.75,2,0,2,2,1500,15
1.0,6,0.75,2,2,0,0,400,110
1.0,6,0.75,2,2,0,0,800,135
1.0,6,0.75,2,2,0,0,1200,100
1.0,6,0.75,2,2,0,0,1500,20
1.0,6,0.75,2,2,0,1,400,47
1.0,6,0.75,2,2,0,1,800,73
1.0,6,0.75,2,2,0,1,1200,80
1.0,6,0.75,2,2,0,1,1500,20
1.0,6,0.75,2,2,0,2,400,94
1.0,6,0.75,2,2,0,2,800,76
1.0,6,0.75,2,2,0,2,1200,80
1.0,6,0.75,2,2,0,2,1500,113
1.0,6,0.75,2,2,1,0,400,74
1.0,6,0.75,2,2,1,0,800,43
1.0,6,0.75,2,2,1,0,1200,96
1.0,6,0.75,2,2,1,0,1500,52
1.0,6,0.75,2,2,1,1,400,132
1.0,6,0.75,2,2,1,1,800,87
1.0,6,0.75,2,2,1,1,1200,74
1.0,6,0.75,2,2,1,1,1500,33
1.0,6,0.75,2,2,1,2,400,78
1.0,6,0.75,2,2,1,2,800,133
1.0,6,0.75,2,2,1,2,1200,93
1.0,6,0.75,2,2,1,2,1500,89
1.0,6,0.75,2,2,2,0,400,50
1.0,6,0.75,2,2,2,0,800,66
1.0,6,0.75,2,2,2,0,1200,28
1.0,6,0.75,2,2,2,0,1500,52
1.0,6,0.75,2,2,2,1,400,47
1.0,6,0.75,2,2,2,1,800,18
1.0,6,0.75,2,2,2,1,1200,47
1.0,6,0.75,2,2,2,1,1500,23
1.0,6,0.75,2,2,2,2,400,79
1.0,6,0.75,2,2,2,2,800,44
1.0,6,0.75,2,2,2,2,1200,61
1.0,6,0.75,2,2,2,2,1500,24
1.0,6,0.75,2,4,0,0,400,57
1.0,6,0.75,2,4,0,0,800,89
1.0,6,0.75,2,4,0,0,1200,95
1.0,6,0.75,2,4,0,0,1500,40
1.0,6,0.75,2,4,0,1,400,113
1.0,6,0.75,2,4,0,1,800,96
1.0,6,0.75,2,4,0,1,1200,44
1.0,6,0.75,2,4,0,1,1500,104
1.0,6,0.75,2,4,0,2,400,102
1.0,6,0.75,2,4,0,2,800,33
1.0,6,0.75,2,4,0,2,1200,54
1.0,6,0.75,2,4,0,2,1500,37
1.0,6,0.75,2,4,1,0,400,81
1.0,6,0.75,2,4,1,0,800,88
1.0,6,0.75,2,4,1,0,1200,108
1.0,6,0.75,2,4,1,0,1500,90
1.0,6,0.75,2,4,1,1,400,77
1.0,6,0.75,2,4,1,1,800,37
1.0,6,0.75,2,4,1,1,1200,62
1.0,6,0.75,2,4,1,1,1500,53
1.0,6,0.75,2,4,1,2,400,26
1.0,6,0.75,2,4,1,2,800,67
1.0,6,0.75,2,4,1,2,1200,106
1.0,6,0.75,2,4,1,2,1500,18
1.0,6,0.75,2,4,2,0,400,99
1.0,6,0.75,2,4,2,0,800,145
1.0,6,0.75,2,4,2,0,1200,95
1.0,6,0.75,2,4,2,0,1500,69
1.0,6,0.75,2,4,2,1,400,117
1.0,6,0.75,2,4,2,1,800,146
1.0,6,0.75,2,4,2,1,1200,146
1.0,6,0.75,2,4,2,1,1500,117
1.0,6,0.75,2,4,2,2,400,107
1.0,6,0.75,2,4,2,2,800,132
1.0,6,0.75,2,4,2,2,1200,53
1.0,6,0.75,2,4,2,2,1500,52
1.2,1.5,0,0,0,0,0,400,585
1.2,1.5,0,0,0,0,0,800,441
1.2,1.5,0,0,0,0,0,1200,232
1.2,1.5,0,0,0,0,0,1500,208
1.2,1.5,0,0,0,0,1,400,561
1.2,1.5,0,0,0,0,1,800,445
1.2,1.5,0,0,0,0,1,1200,363
1.2,1.5,0,0,0,0,1,1500,287
1.2,1.5,0,0,0,0,2,400,512
1.2,1.5,0,0,0,0,2,800,399
1.2,1.5,0,0,0,0,2,1200,441
1.2,1.5,0,0,0,0,2,1500,368
1.2,1.5,0,0,0,1,0,400,526
1.2,1.5,0,0,0,1,0,800,370
1.2,1.5,0,0,0,1,0,1200,388
1.2,1.5,0,0,0,1,0,1500,283
1.2,1.5,0,0,0,1,1,400,525
1.2,1.5,0,0,0,1,1,800,442
1.2,1.5,0,0,0,1,1,1200,463
1.2,1.5,0,0,0,1,1,1500,434
1.2,1.5,0,0,0,1,2,400,551
1.2,1.5,0,0,0,1,2,800,256
1.2,1.5,0,0,0,1,2,1200,218
1.2,1.5,0,0,0,1,2,1500,270
1.2,1.5,0,0,0,2,0,400,589
1.2,1.5,0,0,0,2,0,800,405
1.2,1.5,0,0,0,2,0,1200,382
1.2,1.5,0,0,0,2,0,1500,238
1.2,1.5,0,0,0,2,1,400,662
1.2,1.5,0,0,0,2,1,800,523
1.2,1.5,0,0,0,2,1,1200,358
1.2,1.5,0,0,0,2,1,1500,260
1.2,1.5,0,0,0,2,2,400,517
1.2,1.5,0,0,0,2,2,800,342
1.2,1.5,0,0,0,2,2,1200,338
1.2,1.5,0,0,0,2,2,1500,236
1.2,1.5,0,1,0,0,0,400,217
1.2,1.5,0,1,0,0,0,800,94
1.2,1.5,0,1,0,0,0,1200,100
1.2,1.5,0,1,0,0,0,1500,77
1.2,1.5,0,1,0,0,1,400,236
1.2,1.5,0,1,0,0,1,800,60
1.2,1.5,0,1,0,0,1,1200,53
1.2,1.5,0,1,0,0,1,1500,97
1.2,1.5,0,1,0,0,2,400,172
1.2,1.5,0,1,0,0,2,800,152
1.2,1.5,0,1,0,0,2,1200,24
1.2,1.5,0,1,0,1,0,400,204
1.2,1.5,0,1,0,1,0,800,150
1.2,1.5,0,1,0,1,0,1200,129
1.2,1.5,0,1,0,1,0,1500,116
1.2,1.5,0,1,0,1,1,400,282
1.2,1.5,0,1,0,1,1,800,162
1.2,1.5,0,1,0,1,1,1200,114
1.2,1.5,0,1,0,1,1,1500,197
1.2,1.5,0,1,0,1,2,400,415
1.2,1.5,0,1,0,1,2,800,189
1.2,1.5,0,1,0,1,2,1200,101
1.2,1.5,0,1,0,1,2,1500,107
1.2,1.5,0,1,0,2,0,400,108
1.2,1.5,0,1,0,2,0,800,113
1.2,1.5,0,1,0,2,0,1200,84
1.2,1.5,0,1,0,2,0,1500,67
1.2,1.5,0,1,0,2,1,400,335
1.2,1.5,0,1,0,2,1,800,149
1.2,1.5,0,1,0,2,1,1200,96
1.2,1.5,0,1,0,2,1,1500,95
1.2,1.5,0,1,0,2,2,400,245
1.2,1.5,0,1,0,2,2,800,155
1.2,1.5,0,1,0,2,2,1200,114
1.2,1.5,0,1,0,2,2,1500,156
1.2,1.5,0,1,2,0,0,400,413
1.2,1.5,0,1,2,0,0,800,325
1.2,1.5,0,1,2,0,0,1200,264
1.2,1.5,0,1,2,0,0,1500,214
1.2,1.5,0,1,2,0,1,400,562
1.2,1.5,0,1,2,0,1,800,416
1.2,1.5,0,1,2,0,1,1200,330
1.2,1.5,0,1,2,0,1,1500,389
1.2,1.5,0,1,2,0,2,400,572
1.2,1.5,0,1,2,0,2,800,320
1.2,1.5,0,1,2,0,2,1200,167
1.2,1.5,0,1,2,0,2,1500,268
1.2,1.5,0,1,2,1,0,400,409
1.2,1.5,0,1,2,1,0,800,409
1.2,1.5,0,1,2,1,0,1200,320
1.2,1.5,0,1,2,1,0,1500,292
1.2,1.5,0,1,2,1,1,400,494
1.2,1.5,0,1,2,1,1,800,473
1.2,1.5,0,1,2,1,1,1200,338
1.2,1.5,0,1,2,1,1,1500,352
1.2,1.5,0,1,2,1,2,400,541
1.2,1.5,0,1,2,1,2,800,463
1.2,1.5,0,1,2,1,2,1200,373
1.2,1.5,0,1,2,1,2,1500,322
1.2,1.5,0,1,2,2,0,400,586
1.2,1.5,0,1,2,2,0,800,303
1.2,1.5,0,1,2,2,0,1200,325
1.2,1.5,0,1,2,2,0,1500,219
1.2,1.5,0,1,2,2,1,400,551
1.2,1.5,0,1,2,2,1,800,322
1.2,1.5,0,1,2,2,1,1200,404
1.2,1.5,0,1,2,2,1,1500,426
1.2,1.5,0,1,2,2,2,400,501
1.2,1.5,0,1,2,2,2,800,360
1.2,1.5,0,1,2,2,2,1200,423
1.2,1.5,0,1,2,2,2,1500,393
1.2,1.5,0,1,4,0,0,400,594
1.2,1.5,0,1,4,0,0,800,626
1.2,1.5,0,1,4,0,0,1200,422
1.2,1.5,0,1,4,0,0,1500,430
1.2,1.5,0,1,4,0,1,400,473
1.2,1.5,0,1,4,0,1,800,462
1.2,1.5,0,1,4,0,1,1200,406
1.2,1.5,0,1,4,0,1,1500,334
1.2,1.5,0,1,4,0,2,400,644
1.2,1.5,0,1,4,0,2,800,551
1.2,1.5,0,1,4,0,2,1200,351
1.2,1.5,0,1,4,0,2,1500,379
1.2,1.5,0,1,4,1,0,400,451
1.2,1.5,0,1,4,1,0,800,347
1.2,1.5,0,1,4,1,0,1200,313
1.2,1.5,0,1,4,1,0,1500,260
1.2,1.5,0,1,4,1,1,400,617
1.2,1.5,0,1,4,1,1,800,489
1.2,1.5,0,1,4,1,1,1200,368
1.2,1.5,0,1,4,1,1,1500,315
1.2,1.5,0,1,4,1,2,400,452
1.2,1.5,0,1,4,1,2,800,464
1.2,1.5,0,1,4,1,2,1200,500
1.2,1.5,0,1,4,1,2,1500,440
1.2,1.5,0,1,4,2,0,400,595
1.2,1.5,0,1,4,2,0,800,537
1.2,1.5,0,1,4,2,0,1200,336
1.2,1.5,0,1,4,2,0,1500,335
1.2,1.5,0,1,4,2,1,400,574
1.2,1.5,0,1,4,2,1,800,527
1.2,1.5,0,1,4,2,1,1200,414
1.2,1.5,0,1,4,2,1,1500,303
1.2,1.5,0,1,4,2,2,400,512
1.2,1.5,0,1,4,2,2,800,354
1.2,1.5,0,1,4,2,2,1200,425
1.2,1.5,0,1,4,2,2,1500,430
1.2,1.5,0,2,0,0,0,400,31
1.2,1.5,0,2,0,0,0,800,2
1.2,1.5,0,2,0,1,0,400,23
1.2,1.5,0,2,0,1,1,400,10
1.2,1.5,0,2,0,1,2,400,17
1.2,1.5,0,2,0,2,1,400,15
1.2,1.5,0,2,0,2,2,400,25
1.2,1.5,0,2,2,0,0,400,428
1.2,1.5,0,2,2,0,0,800,278
1.2,1.5,0,2,2,0,0,1200,261
1.2,1.5,0,2,2,0,0,1500,217
1.2,1.5,0,2,2,0,1,400,414
1.2,1.5,0,2,2,0,1,800,264
1.2,1.5,0,2,2,0,1,1200,275
1.2,1.5,0,2,2,0,1,1500,227
1.2,1.5,0,2,2,0,2,400,343
1.2,1.5,0,2,2,0,2,800,252
1.2,1.5,0,2,2,0,2,1200,201
1.2,1.5,0,2,2,0,2,1500,146
1.2,1.5,0,2,2,1,0,400,272
1.2,1.5,0,2,2,1,0,800,133
1.2,1.5,0,2,2,1,0,1200,176
1.2,1.5,0,2,2,1,0,1500,174
1.2,1.5,0,2,2,1,1,400,390
1.2,1.5,0,2,2,1,1,800,225
1.2,1.5,0,2,2,1,1,1200,212
1.2,1.5,0,2,2,1,1,1500,92
1.2,1.5,0,2,2,1,2,400,265
1.2,1.5,0,2,2,1,2,800,211
1.2,1.5,0,2,2,1,2,1200,136
1.2,1.5,0,2,2,1,2,1500,96
1.2,1.5,0,2,2,2,0,400,301
1.2,1.5,0,2,2,2,0,800,107
1.2,1.5,0,2,2,2,0,1200,100
1.2,1.5,0,2,2,2,0,1500,89
1.2,1.5,0,2,2,2,1,400,365
1.2,1.5,0,2,2,2,1,800,255
1.2,1.5,0,2,2,2,1,1200,257
1.2,1.5,0,2,2,2,1,1500,144
1.2,1.5,0,2,2,2,2,400,340
1.2,1.5,0,2,2,2,2,800,298
1.2,1.5,0,2,2,2,2,1200,88
1.2,1.5,0,2,2,2,2,1500,77
1.2,1.5,0,2,4,0,0,400,583
1.2,1.5,0,2,4,0,0,800,419
1.2,1.5,0,2,4,0,0,1200,362
1.2,1.5,0,2,4,0,0,1500,366
1.2,1.5,0,2,4,0,1,400,521
1.2,1.5,0,2,4,0,1,800,445
1.2,1.5,0,2,4,0,1,1200,504
1.2,1.5,0,2,4,0,1,1500,309
1.2,1.5,0,2,4,0,2,400,520
1.2,1.5,0,2,4,0,2,800,435
1.2,1.5,0,2,4,0,2,1200,407
1.2,1.5,0,2,4,0,2,1500,277
1.2,1.5,0,2,4,1,0,400,597
1.2,1.5,0,2,4,1,0,800,467
1.2,1.5,0,2,4,1,0,1200,402
1.2,1.5,0,2,4,1,0,1500,258
1.2,1.5,0,2,4,1,1,400,528
1.2,1.5,0,2,4,1,1,800,410
1.2,1.5,0,2,4,1,1,1200,290
1.2,1.5,0,2,4,1,1,1500,202
1.2,1.5,0,2,4,1,2,400,583
1.2,1.5,0,2,4,1,2,800,479
1.2,1.5,0,2,4,1,2,1200,405
1.2,1.5,0,2,4,1,2,1500,413
1.2,1.5,0,2,4,2,0,400,613
1.2,1.5,0,2,4,2,0,800,541
1.2,1.5,0,2,4,2,0,1200,396
1.2,1.5,0,2,4,2,0,1500,372
1.2,1.5,0,2,4,2,1,400,583
1.2,1.5,0,2,4,2,1,800,645
1.2,1.5,0,2,4,2,1,1200,425
1.2,1.5,0,2,4,2,1,1500,468
1.2,1.5,0,2,4,2,2,400,704
1.2,1.5,0,2,4,2,2,800,584
1.2,1.5,0,2,4,2,2,1200,608
1.2,1.5,0,2,4,2,2,1500,480
1.2,1.5,0.75,0,0,0,0,400,767
1.2,1.5,0.75,0,0,0,0,800,652
1.2,1.5,0.75,0,0,0,0,1200,710
1.2,1.5,0.75,0,0,0,0,1500,746
1.2,1.5,0.75,0,0,0,1,400,871
1.2,1.5,0.75,0,0,0,1,800,595
1.2,1.5,0.75,0,0,0,1,1200,534
1.2,1.5,0.75,0,0,0,1,1500,683
1.2,1.5,0.75,0,0,0,2,400,718
1.2,1.5,0.75,0,0,0,2,800,649
1.2,1.5,0.75,0,0,0,2,1200,776
1.2,1.5,0.75,0,0,0,2,1500,781
1.2,1.5,0.75,0,0,1,0,400,811
1.2,1.5,0.75,0,0,1,0,800,773
1.2,1.5,0.75,0,0,1,0,1200,560
1.2,1.5,0.75,0,0,1,0,1500,718
1.2,1.5,0.75,0,0,1,1,400,804
1.2,1.5,0.75,0,0,1,1,800,584
1.2,1.5,0.75,0,0,1,1,1200,764
1.2,1.5,0.75,0,0,1,1,1500,521
1.2,1.5,0.75,0,0,1,2,400,859
1.2,1.5,0.75,0,0,1,2,800,876
1.2,1.5,0.75,0,0,1,2,1200,790
1.2,1.5,0.75,0,0,1,2,1500,812
1.2,1.5,0.75,0,0,2,0,400,798
1.2,1.5,0.75,0,0,2,0,800,753
1.2,1.5,0.75,0,0,2,0,1200,794
1.2,1.5,0.75,0,0,2,0,1500,823
1.2,1.5,0.75,0,0,2,1,400,738
1.2,1.5,0.75,0,0,2,1,800,810
1.2,1.5,0.75,0,0,2,1,1200,680
1.2,1.5,0.75,0,0,2,1,1500,730
1.2,1.5,0.75,0,0,2,2,400,718
1.2,1.5,0.75,0,0,2,2,800,689
1.2,1.5,0.75,0,0,2,2,1200,629
1.2,1.5,0.75,0,0,2,2,1500,829
1.2,1.5,0.75,1,0,0,0,400,435
1.2,1.5,0.75,1,0,0,0,800,297
1.2,1.5,0.75,1,0,0,0,1200,241
1.2,1.5,0.75,1,0,0,0,1500,183
1.2,1.5,0.75,1,0,0,1,400,326
1.2,1.5,0.75,1,0,0,1,800,237
1.2,1.5,0.75,1,0,0,1,1200,284
1.2,1.5,0.75,1,0,0,1,1500,270
1.2,1.5,0.75,1,0,0,2,400,395
1.2,1.5,0.75,1,0,0,2,800,272
1.2,1.5,0.75,1,0,0,2,1200,160
1.2,1.5,0.75,1,0,0,2,1500,198
1.2,1.5,0.75,1,0,1,0,400,290
1.2,1.5,0.75,1,0,1,0,800,222
1.2,1.5,0.75,1,0,1,0,1200,186
1.2,1.5,0.75,1,0,1,0,1500,115
1.2,1.5,0.75,1,0,1,1,400,494
1.2,1.5,0.75,1,0,1,1,800,382
1.2,1.5,0.75,1,0,1,1,1200,388
1.2,1.5,0.75,1,0,1,1,1500,330
1.2,1.5,0.75,1,0,1,2,400,354
1.2,1.5,0.75,1,0,1,2,800,248
1.2,1.5,0.75,1,0,1,2,1200,146
1.2,1.5,0.75,1,0,1,2,1500,137
1.2,1.5,0.75,1,0,2,0,400,195
1.2,1.5,0.75,1,0,2,0,800,214
1.2,1.5,0.75,1,0,2,0,1200,124
1.2,1.5,0.75,1,0,2,0,1500,25
1.2,1.5,0.75,1,0,2,1,400,293
1.2,1.5,0.75,1,0,2,1,800,159
1.2,1.5,0.75,1,0,2,1,1200,159
1.2,1.5,0.75,1,0,2,1,1500,228
1.2,1.5,0.75,1,0,2,2,400,344
1.2,1.5,0.75,1,0,2,2,800,263
1.2,1.5,0.75,1,0,2,2,1200,191
1.2,1.5,0.75,1,0,2,2,1500,132
1.2,1.5,0.75,1,2,0,0,400,602
1.2,1.5,0.75,1,2,0,0,800,485
1.2,1.5,0.75,1,2,0,0,1200,495
1.2,1.5,0.75,1,2,0,0,1500,485
1.2,1.5,0.75,1,2,0,1,400,530
1.2,1.5,0.75,1,2,0,1,800,575
1.2,1.5,0.75,1,2,0,1,1200,456
1.2,1.5,0.75,1,2,0,1,1500,636
1.2,1.5,0.75,1,2,0,2,400,850
1.2,1.5,0.75,1,2,0,2,800,455
1.2,1.5,0.75,1,2,0,2,1200,458
1.2,1.5,0.75,1,2,0,2,1500,499
1.2,1.5,0.75,1,2,1,0,400,631
1.2,1.5,0.75,1,2,1,0,800,452
1.2,1.5,0.75,1,2,1,0,1200,675
1.2,1.5,0.75,1,2,1,0,1500,501
1.2,1.5,0.75,1,2,1,1,400,578
1.2,1.5,0.75,1,2,1,1,800,610
1.2,1.5,0.75,1,2,1,1,1200,532
1.2,1.5,0.75,1,2,1,1,1500,716
1.2,1.5,0.75,1,2,1,2,400,652
1.2,1.5,0.75,1,2,1,2,800,506
1.2,1.5,0.75,1,2,1,2,1200,557
1.2,1.5,0.75,1,2,1,2,1500,649
1.2,1.5,0.75,1,2,2,0,400,647
1.2,1.5,0.75,1,2,2,0,800,345
1.2,1.5,0.75,1,2,2,0,1200,536
1.2,1.5,0.75,1,2,2,0,1500,585
1.2,1.5,0.75,1,2,2,1,400,561
1.2,1.5,0.75,1,2,2,1,800,555
1.2,1.5,0.75,1,2,2,1,1200,757
1.2,1.5,0.75,1,2,2,1,1500,530
1.2,1.5,0.75,1,2,2,2,400,603
1.2,1.5,0.75,1,2,2,2,800,747
1.2,1.5,0.75,1,2,2,2,1200,593
1.2,1.5,0.75,1,2,2,2,1500,698
1.2,1.5,0.75,1,4,0,0,400,748
1.2,1.5,0.75,1,4,0,0,800,641
1.2,1.5,0.75,1,4,0,0,1200,695
1.2,1.5,0.75,1,4,0,0,1500,770
1.2,1.5,0.75,1,4,0,1,400,866
1.2,1.5,0.75,1,4,0,1,800,633
1.2,1.5,0.75,1,4,0,1,1200,630
1.2,1.5,0.75,1,4,0,1,1500,771
1.2,1.5,0.75,1,4,0,2,400,795
1.2,1.5,0.75,1,4,0,2,800,762
1.2,1.5,0.75,1,4,0,2,1200,798
1.2,1.5,0.75,1,4,0,2,1500,845
1.2,1.5,0.75,1,4,1,0,400,769
1.2,1.5,0.75,1,4,1,0,800,748
1.2,1.5,0.75,1,4,1,0,1200,668
1.2,1.5,0.75,1,4,1,0,1500,805
1.2,1.5,0.75,1,4,1,1,400,778
1.2,1.5,0.75,1,4,1,1,800,778
1.2,1.5,0.75,1,4,1,1,1200,728
1.2,1.5,0.75,1,4,1,1,1500,719
1.2,1.5,0.75,1,4,1,2,400,757
1.2,1.5,0.75,1,4,1,2,800,771
1.2,1.5,0.75,1,4,1,2,1200,658
1.2,1.5,0.75,1,4,1,2,1500,695
1.2,1.5,0.75,1,4,2,0,400,869
1.2,1.5,0.75,1,4,2,0,800,577
1.2,1.5,0.75,1,4,2,0,1200,764
1.2,1.5,0.75,1,4,2,0,1500,736
1.2,1.5,0.75,1,4,2,1,400,803
1.2,1.5,0.75,1,4,2,1,800,702
1.2,1.5,0.75,1,4,2,1,1200,906
1.2,1.5,0.75,1,4,2,1,1500,829
1.2,1.5,0.75,1,4,2,2,400,819
1.2,1.5,0.75,1,4,2,2,800,840
1.2,1.5,0.75,1,4,2,2,1200,641
1.2,1.5,0.75,1,4,2,2,1500,687
1.2,1.5,0.75,2,0,0,1,400,13
1.2,1.5,0.75,2,0,0,2,400,13
1.2,1.5,0.75,2,0,1,1,400,15
1.2,1.5,0.75,2,0,1,1,800,12
1.2,1.5,0.75,2,2,0,0,400,429
1.2,1.5,0.75,2,2,0,0,800,252
1.2,1.5,0.75,2,2,0,0,1200,340
1.2,1.5,0.75,2,2,0,0,1500,262
1.2,1.5,0.75,2,2,0,1,400,572
1.2,1.5,0.75,2,2,0,1,800,327
1.2,1.5,0.75,2,2,0,1,1200,395
1.2,1.5,0.75,2,2,0,1,1500,312
1.2,1.5,0.75,2,2,0,2,400,327
1.2,1.5,0.75,2,2,0,2,800,344
1.2,1.5,0.75,2,2,0,2,1200,335
1.2,1.5,0.75,2,2,0,2,1500,244
1.2,1.5,0.75,2,2,1,0,400,206
1.2,1.5,0.75,2,2,1,0,800,310
1.2,1.5,0.75,2,2,1,0,1200,317
1.2,1.5,0.75,2,2,1,0,1500,300
1.2,1.5,0.75,2,2,1,1,400,420
1.2,1.5,0.75,2,2,1,1,800,356
1.2,1.5,0.75,2,2,1,1,1200,389
1.2,1.5,0.75,2,2,1,1,1500,351
1.2,1.5,0.75,2,2,1,2,400,435
1.2,1.5,0.75,2,2,1,2,800,348
1.2,1.5,0.75,2,2,1,2,1200,240
1.2,1.5,0.75,2,2,1,2,1500,363
1.2,1.5,0.75,2,2,2,0,400,433
1.2,1.5,0.75,2,2,2,0,800,172
1.2,1.5,0.75,2,2,2,0,1200,143
1.2,1.5,0.75,2,2,2,0,1500,199
1.2,1.5,0.75,2,2,2,1,400,274
1.2,1.5,0.75,2,2,2,1,800,279
1.2,1.5,0.75,2,2,2,1,1200,291
1.2,1.5,0.75,2,2,2,1,1500,165
1.2,1.5,0.75,2,2,2,2,400,290
1.2,1.5,0.75,2,2,2,2,800,215
1.2,1.5,0.75,2,2,2,2,1200,227
1.2,1.5,0.75,2,2,2,2,1500,232
1.2,1.5,0.75,2,4,0,0,400,726
1.2,1.5,0.75,2,4,0,0,800,809
1.2,1.5,0.75,2,4,0,0,1200,722
1.2,1.5,0.75,2,4,0,0,1500,710
1.2,1.5,0.75,2,4,0,1,400,752
1.2,1.5,0.75,2,4,0,1,800,721
1.2,1.5,0.75,2,4,0,1,1200,719
1.2,1.5,0.75,2,4,0,1,1500,887
1.2,1.5,0.75,2,4,0,2,400,751
1.2,1.5,0.75,2,4,0,2,800,675
1.2,1.5,0.75,2,4,0,2,1200,707
1.2,1.5,0.75,2,4,0,2,1500,716
1.2,1.5,0.75,2,4,1,0,400,721
1.2,1.5,0.75,2,4,1,0,800,711
1.2,1.5,0.75,2,4,1,0,1200,702
1.2,1.5,0.75,2,4,1,0,1500,642
1.2,1.5,0.75,2,4,1,1,400,783
1.2,1.5,0.75,2,4,1,1,800,683
1.2,1.5,0.75,2,4,1,1,1200,804
1.2,1.5,0.75,2,4,1,1,1500,738
1.2,1.5,0.75,2,4,1,2,400,635
1.2,1.5,0.75,2,4,1,2,800,652
1.2,1.5,0.75,2,4,1,2,1200,703
1.2,1.5,0.75,2,4,1,2,1500,763
1.2,1.5,0.75,2,4,2,0,400,736
1.2,1.5,0.75,2,4,2,0,800,744
1.2,1.5,0.75,2,4,2,0,1200,680
1.2,1.5,0.75,2,4,2,0,1500,767
1.2,1.5,0.75,2,4,2,1,400,712
1.2,1.5,0.75,2,4,2,1,800,785
1.2,1.5,0.75,2,4,2,1,1200,796
1.2,1.5,0.75,2,4,2,1,1500,810
1.2,1.5,0.75,2,4,2,2,400,831
1.2,1.5,0.75,2,4,2,2,800,713
1.2,1.5,0.75,2,4,2,2,1200,811
1.2,1.5,0.75,2,4,2,2,1500,765
1.2,3,0,0,0,0,0,400,191
1.2,3,0,0,0,0,0,800,124
1.2,3,0,0,0,0,0,1200,162
1.2,3,0,0,0,0,0,1500,137
1.2,3,0,0,0,0,1,400,175
1.2,3,0,0,0,0,1,800,196
1.2,3,0,0,0,0,1,1200,179
1.2,3,0,0,0,0,1,1500,182
1.2,3,0,0,0,0,2,400,255
1.2,3,0,0,0,0,2,800,170
1.2,3,0,0,0,0,2,1200,158
1.2,3,0,0,0,0,2,1500,167
1.2,3,0,0,0,1,0,400,307
1.2,3,0,0,0,1,0,800,190
1.2,3,0,0,0,1,0,1200,162
1.2,3,0,0,0,1,0,1500,177
1.2,3,0,0,0,1,1,400,229
1.2,3,0,0,0,1,1,800,172
1.2,3,0,0,0,1,1,1200,182
1.2,3,0,0,0,1,1,1500,201
1.2,3,0,0,0,1,2,400,165
1.2,3,0,0,0,1,2,800,173
1.2,3,0,0,0,1,2,1200,141
1.2,3,0,0,0,1,2,1500,177
1.2,3,0,0,0,2,0,400,251
1.2,3,0,0,0,2,0,800,148
1.2,3,0,0,0,2,0,1200,137
1.2,3,0,0,0,2,0,1500,138
1.2,3,0,0,0,2,1,400,269
1.2,3,0,0,0,2,1,800,161
1.2,3,0,0,0,2,1,1200,200
1.2,3,0,0,0,2,1,1500,145
1.2,3,0,0,0,2,2,400,156
1.2,3,0,0,0,2,2,800,152
1.2,3,0,0,0,2,2,1200,134
1.2,3,0,0,0,2,2,1500,149
1.2,3,0,1,0,0,0,400,196
1.2,3,0,1,0,0,0,800,126
1.2,3,0,1,0,0,0,1200,121
1.2,3,0,1,0,0,0,1500,149
1.2,3,0,1,0,0,1,400,194
1.2,3,0,1,0,0,1,800,172
1.2,3,0,1,0,0,1,1200,156
1.2,3,0,1,0,0,1,1500,175
1.2,3,0,1,0,0,2,400,145
1.2,3,0,1,0,0,2,800,209
1.2,3,0,1,0,0,2,1200,159
1.2,3,0,1,0,0,2,1500,145
1.2,3,0,1,0,1,0,400,162
1.2,3,0,1,0,1,0,800,117
1.2,3,0,1,0,1,0,1200,134
1.2,3,0,1,0,1,0,1500,160
1.2,3,0,1,0,1,1,400,194
1.2,3,0,1,0,1,1,800,155
1.2,3,0,1,0,1,1,1200,166
1.2,3,0,1,0,1,1,1500,159
1.2,3,0,1,0,1,2,400,201
1.2,3,0,1,0,1,2,800,153
1.2,3,0,1,0,1,2,1200,160
1.2,3,0,1,0,1,2,1500,142
1.2,3,0,1,0,2,0,400,138
1.2,3,0,1,0,2,0,800,124
1.2,3,0,1,0,2,0,1200,131
1.2,3,0,1,0,2,0,1500,114
1.2,3,0,1,0,2,1,400,152
1.2,3,0,1,0,2,1,800,152
1.2,3,0,1,0,2,1,1200,153
1.2,3,0,1,0,2,1,1500,116
1.2,3,0,1,0,2,2,400,158
1.2,3,0,1,0,2,2,800,155
1.2,3,0,1,0,2,2,1200,138
1.2,3,0,1,0,2,2,1500,163
1.2,3,0,1,2,0,0,400,240
1.2,3,0,1,2,0,0,800,139
1.2,3,0,1,2,0,0,1200,196
1.2,3,0,1,2,0,0,1500,146
1.2,3,0,1,2,0,1,400,161
1.2,3,0,1,2,0,1,800,153
1.2,3,0,1,2,0,1,1200,129
1.2,3,0,1,2,0,1,1500,146
1.2,3,0,1,2,0,2,400,277
1.2,3,0,1,2,0,2,800,161
1.2,3,0,1,2,0,2,1200,184
1.2,3,0,1,2,0,2,1500,179
1.2,3,0,1,2,1,0,400,321
1.2,3,0,1,2,1,0,800,330
1.2,3,0,1,2,1,0,1200,173
1.2,3,0,1,2,1,0,1500,249
1.2,3,0,1,2,1,1,400,313
1.2,3,0,1,2,1,1,800,216
1.2,3,0,1,2,1,1,1200,188
1.2,3,0,1,2,1,1,1500,189
1.2,3,0,1,2,1,2,400,228
1.2,3,0,1,2,1,2,800,169
1.2,3,0,1,2,1,2,1200,171
1.2,3,0,1,2,1,2,1500,182
1.2,3,0,1,2,2,0,400,204
1.2,3,0,1,2,2,0,800,171
1.2,3,0,1,2,2,0,1200,179
1.2,3,0,1,2,2,0,1500,167
1.2,3,0,1,2,2,1,400,193
1.2,3,0,1,2,2,1,800,216
1.2,3,0,1,2,2,1,1200,170
1.2,3,0,1,2,2,1,1500,174
1.2,3,0,1,2,2,2,400,263
1.2,3,0,1,2,2,2,800,158
1.2,3,0,1,2,2,2,1200,142
1.2,3,0,1,2,2,2,1500,159
1.2,3,0,1,4,0,0,400,266
1.2,3,0,1,4,0,0,800,204
1.2,3,0,1,4,0,0,1200,230
1.2,3,0,1,4,0,0,1500,158
1.2,3,0,1,4,0,1,400,160
1.2,3,0,1,4,0,1,800,166
1.2,3,0,1,4,0,1,1200,149
1.2,3,0,1,4,0,1,1500,157
1.2,3,0,1,4,0,2,400,284
1.2,3,0,1,4,0,2,800,142
1.2,3,0,1,4,0,2,1200,149
1.2,3,0,1,4,0,2,1500,138
1.2,3,0,1,4,1,0,400,181
1.2,3,0,1,4,1,0,800,121
1.2,3,0,1,4,1,0,1200,157
1.2,3,0,1,4,1,0,1500,112
1.2,3,0,1,4,1,1,400,287
1.2,3,0,1,4,1,1,800,190
1.2,3,0,1,4,1,1,1200,171
1.2,3,0,1,4,1,1,1500,174
1.2,3,0,1,4,1,2,400,192
1.2,3,0,1,4,1,2,800,239
1.2,3,0,1,4,1,2,1200,217
1.2,3,0,1,4,1,2,1500,127
1.2,3,0,1,4,2,0,400,183
1.2,3,0,1,4,2,0,800,179
1.2,3,0,1,4,2,0,1200,219
1.2,3,0,1,4,2,0,1500,172
1.2,3,0,1,4,2,1,400,282
1.2,3,0,1,4,2,1,800,161
1.2,3,0,1,4,2,1,1200,205
1.2,3,0,1,4,2,1,1500,159
1.2,3,0,1,4,2,2,400,258
1.2,3,0,1,4,2,2,800,187
1.2,3,0,1,4,2,2,1200,145
1.2,3,0,1,4,2,2,1500,158
1.2,3,0,2,0,0,0,400,39
1.2,3,0,2,0,0,1,400,94
1.2,3,0,2,0,0,1,800,42
1.2,3,0,2,0,0,1,1200,58
1.2,3,0,2,0,0,1,1500,55
1.2,3,0,2,0,0,2,400,49
1.2,3,0,2,0,0,2,800,76
1.2,3,0,2,0,0,2,1200,77
1.2,3,0,2,0,0,2,1500,22
1.2,3,0,2,0,1,0,400,28
1.2,3,0,2,0,1,0,800,39
1.2,3,0,2,0,1,0,1200,36
1.2,3,0,2,0,1,0,1500,19
1.2,3,0,2,0,1,1,400,81
1.2,3,0,2,0,1,1,800,48
1.2,3,0,2,0,1,1,1200,46
1.2,3,0,2,0,1,2,400,101
1.2,3,0,2,0,1,2,800,45
1.2,3,0,2,0,1,2,1200,116
1.2,3,0,2,0,1,2,1500,69
1.2,3,0,2,0,2,0,400,131
1.2,3,0,2,0,2,0,800,97
1.2,3,0,2,0,2,0,1200,122
1.2,3,0,2,0,2,0,1500,143
1.2,3,0,2,0,2,1,400,117
1.2,3,0,2,0,2,1,800,124
1.2,3,0,2,0,2,1,1200,98
1.2,3,0,2,0,2,1,1500,90
1.2,3,0,2,0,2,2,400,65
1.2,3,0,2,0,2,2,800,81
1.2,3,0,2,0,2,2,1200,83
1.2,3,0,2,0,2,2,1500,26
1.2,3,0,2,2,0,0,400,197
1.2,3,0,2,2,0,0,800,159
1.2,3,0,2,2,0,0,1200,167
1.2,3,0,2,2,0,0,1500,87
1.2,3,0,2,2,0,1,400,104
1.2,3,0,2,2,0,1,800,81
1.2,3,0,2,2,0,2,400,225
1.2,3,0,2,2,0,2,800,162
1.2,3,0,2,2,0,2,1200,136
1.2,3,0,2,2,0,2,1500,138
1.2,3,0,2,2,1,0,400,231
1.2,3,0,2,2,1,0,800,171
1.2,3,0,2,2,1,0,1200,156
1.2,3,0,2,2,1,0,1500,167
1.2,3,0,2,2,1,1,400,282
1.2,3,0,2,2,1,1,800,244
1.2,3,0,2,2,1,1,1200,181
1.2,3,0,2,2,1,1,1500,171
1.2,3,0,2,2,1,2,400,249
1.2,3,0,2,2,1,2,800,177
1.2,3,0,2,2,1,2,1200,132
1.2,3,0,2,2,1,2,1500,126
1.2,3,0,2,2,2,0,400,149
1.2,3,0,2,2,2,0,800,204
1.2,3,0,2,2,2,0,1200,115
1.2,3,0,2,2,2,0,1500,78
1.2,3,0,2,2,2,1,400,264
1.2,3,0,2,2,2,1,800,101
1.2,3,0,2,2,2,1,1200,89
1.2,3,0,2,2,2,1,1500,78
1.2,3,0,2,2,2,2,400,207
1.2,3,0,2,2,2,2,800,204
1.2,3,0,2,2,2,2,1200,143
1.2,3,0,2,2,2,2,1500,82
1.2,3,0,2,4,0,0,400,295
1.2,3,0,2,4,0,0,800,237
1.2,3,0,2,4,0,0,1200,202
1.2,3,0,2,4,0,0,1500,249
1.2,3,0,2,4,0,1,400,214
1.2,3,0,2,4,0,1,800,251
1.2,3,0,2,4,0,1,1200,180
1.2,3,0,2,4,0,1,1500,135
1.2,3,0,2,4,0,2,400,359
1.2,3,0,2,4,0,2,800,319
1.2,3,0,2,4,0,2,1200,346
1.2,3,0,2,4,0,2,1500,253
1.2,3,0,2,4,1,0,400,261
1.2,3,0,2,4,1,0,800,256
1.2,3,0,2,4,1,0,1200,173
1.2,3,0,2,4,1,0,1500,190
1.2,3,0,2,4,1,1,400,272
1.2,3,0,2,4,1,1,800,151
1.2,3,0,2,4,1,1,1200,173
1.2,3,0,2,4,1,1,1500,188
1.2,3,0,2,4,1,2,400,290
1.2,3,0,2,4,1,2,800,227
1.2,3,0,2,4,1,2,1200,200
1.2,3,0,2,4,1,2,1500,168
1.2,3,0,2,4,2,0,400,286
1.2,3,0,2,4,2,0,800,277
1.2,3,0,2,4,2,0,1200,240
1.2,3,0,2,4,2,0,1500,335
1.2,3,0,2,4,2,1,400,375
1.2,3,0,2,4,2,1,800,258
1.2,3,0,2,4,2,1,1200,209
1.2,3,0,2,4,2,1,1500,192
1.2,3,0,2,4,2,2,400,361
1.2,3,0,2,4,2,2,800,360
1.2,3,0,2,4,2,2,1200,263
1.2,3,0,2,4,2,2,1500,287
1.2,3,0.75,0,0,0,0,400,373
1.2,3,0.75,0,0,0,0,800,206
1.2,3,0.75,0,0,0,0,1200,199
1.2,3,0.75,0,0,0,0,1500,208
1.2,3,0.75,0,0,0,1,400,292
1.2,3,0.75,0,0,0,1,800,214
1.2,3,0.75,0,0,0,1,1200,201
1.2,3,0.75,0,0,0,1,1500,169
1.2,3,0.75,0,0,0,2,400,292
1.2,3,0.75,0,0,0,2,800,228
1.2,3,0.75,0,0,0,2,1200,174
1.2,3,0.75,0,0,0,2,1500,143
1.2,3,0.75,0,0,1,0,400,173
1.2,3,0.75,0,0,1,0,800,297
1.2,3,0.75,0,0,1,0,1200,221
1.2,3,0.75,0,0,1,0,1500,189
1.2,3,0.75,0,0,1,1,400,196
1.2,3,0.75,0,0,1,1,800,173
1.2,3,0.75,0,0,1,1,1200,152
1.2,3,0.75,0,0,1,1,1500,163
1.2,3,0.75,0,0,1,2,400,285
1.2,3,0.75,0,0,1,2,800,193
1.2,3,0.75,0,0,1,2,1200,221
1.2,3,0.75,0,0,1,2,1500,288
1.2,3,0.75,0,0,2,0,400,346
1.2,3,0.75,0,0,2,0,800,227
1.2,3,0.75,0,0,2,0,1200,227
1.2,3,0.75,0,0,2,0,1500,191
1.2,3,0.75,0,0,2,1,400,184
1.2,3,0.75,0,0,2,1,800,230
1.2,3,0.75,0,0,2,1,1200,95
1.2,3,0.75,0,0,2,1,1500,198
1.2,3,0.75,0,0,2,2,400,249
1.2,3,0.75,0,0,2,2,800,259
1.2,3,0.75,0,0,2,2,1200,197
1.2,3,0.75,0,0,2,2,1500,189
1.2,3,0.75,1,0,0,0,400,184
1.2,3,0.75,1,0,0,0,800,74
1.2,3,0.75,1,0,0,0,1200,49
1.2,3,0.75,1,0,0,0,1500,61
1.2,3,0.75,1,0,0,1,400,150
1.2,3,0.75,1,0,0,1,800,118
1.2,3,0.75,1,0,0,1,1200,41
1.2,3,0.75,1,0,0,1,1500,56
1.2,3,0.75,1,0,0,2,400,149
1.2,3,0.75,1,0,0,2,800,111
1.2,3,0.75,1,0,0,2,1200,69
1.2,3,0.75,1,0,0,2,1500,135
1.2,3,0.75,1,0,1,0,400,86
1.2,3,0.75,1,0,1,0,800,84
1.2,3,0.75,1,0,1,0,1200,41
1.2,3,0.75,1,0,1,0,1500,83
1.2,3,0.75,1,0,1,1,400,266
1.2,3,0.75,1,0,1,1,800,169
1.2,3,0.75,1,0,1,1,1200,112
1.2,3,0.75,1,0,1,1,1500,168
1.2,3,0.75,1,0,1,2,400,170
1.2,3,0.75,1,0,1,2,800,134
1.2,3,0.75,1,0,1,2,1200,137
1.2,3,0.75,1,0,1,2,1500,108
1.2,3,0.75,1,0,2,0,400,227
1.2,3,0.75,1,0,2,0,800,171
1.2,3,0.75,1,0,2,0,1200,146
1.2,3,0.75,1,0,2,0,1500,184
1.2,3,0.75,1,0,2,1,400,139
1.2,3,0.75,1,0,2,1,800,203
1.2,3,0.75,1,0,2,1,1200,150
1.2,3,0.75,1,0,2,1,1500,132
1.2,3,0.75,1,0,2,2,400,163
1.2,3,0.75,1,0,2,2,800,94
1.2,3,0.75,1,0,2,2,1200,111
1.2,3,0.75,1,0,2,2,1500,137
1.2,3,0.75,1,2,0,0,400,249
1.2,3,0.75,1,2,0,0,800,294
1.2,3,0.75,1,2,0,0,1200,200
1.2,3,0.75,1,2,0,0,1500,187
1.2,3,0.75,1,2,0,1,400,237
1.2,3,0.75,1,2,0,1,800,172
1.2,3,0.75,1,2,0,1,1200,133
1.2,3,0.75,1,2,0,1,1500,174
1.2,3,0.75,1,2,0,2,400,286
1.2,3,0.75,1,2,0,2,800,294
1.2,3,0.75,1,2,0,2,1200,255
1.2,3,0.75,1,2,0,2,1500,290
1.2,3,0.75,1,2,1,0,400,234
1.2,3,0.75,1,2,1,0,800,318
1.2,3,0.75,1,2,1,0,1200,242
1.2,3,0.75,1,2,1,0,1500,205
1.2,3,0.75,1,2,1,1,400,227
1.2,3,0.75,1,2,1,1,800,143
1.2,3,0.75,1,2,1,1,1200,170
1.2,3,0.75,1,2,1,1,1500,127
1.2,3,0.75,1,2,1,2,400,235
1.2,3,0.75,1,2,1,2,800,207
1.2,3,0.75,1,2,1,2,1200,194
1.2,3,0.75,1,2,1,2,1500,205
1.2,3,0.75,1,2,2,0,400,223
1.2,3,0.75,1,2,2,0,800,116
1.2,3,0.75,1,2,2,0,1200,245
1.2,3,0.75,1,2,2,0,1500,169
1.2,3,0.75,1,2,2,1,400,431
1.2,3,0.75,1,2,2,1,800,241
1.2,3,0.75,1,2,2,1,1200,205
1.2,3,0.75,1,2,2,1,1500,187
1.2,3,0.75,1,2,2,2,400,336
1.2,3,0.75,1,2,2,2,800,284
1.2,3,0.75,1,2,2,2,1200,174
1.2,3,0.75,1,2,2,2,1500,256
1.2,3,0.75,1,4,0,0,400,293
1.2,3,0.75,1,4,0,0,800,247
1.2,3,0.75,1,4,0,0,1200,255
1.2,3,0.75,1,4,0,0,1500,309
1.2,3,0.75,1,4,0,1,400,357
1.2,3,0.75,1,4,0,1,800,188
1.2,3,0.75,1,4,0,1,1200,168
1.2,3,0.75,1,4,0,1,1500,178
1.2,3,0.75,1,4,0,2,400,386
1.2,3,0.75,1,4,0,2,800,320
1.2,3,0.75,1,4,0,2,1200,239
1.2,3,0.75,1,4,0,2,1500,184
1.2,3,0.75,1,4,1,0,400,370
1.2,3,0.75,1,4,1,0,800,327
1.2,3,0.75,1,4,1,0,1200,204
1.2,3,0.75,1,4,1,0,1500,252
1.2,3,0.75,1,4,1,1,400,322
1.2,3,0.75,1,4,1,1,800,178
1.2,3,0.75,1,4,1,1,1200,257
1.2,3,0.75,1,4,1,1,1500,427
1.2,3,0.75,1,4,1,2,400,225
1.2,3,0.75,1,4,1,2,800,221
1.2,3,0.75,1,4,1,2,1200,165
1.2,3,0.75,1,4,1,2,1500,167
1.2,3,0.75,1,4,2,0,400,307
1.2,3,0.75,1,4,2,0,800,306
1.2,3,0.75,1,4,2,0,1200,231
1.2,3,0.75,1,4,2,0,1500,375
1.2,3,0.75,1,4,2,1,400,339
1.2,3,0.75,1,4,2,1,800,221
1.2,3,0.75,1,4,2,1,1200,215
1.2,3,0.75,1,4,2,1,1500,139
1.2,3,0.75,1,4,2,2,400,228
1.2,3,0.75,1,4,2,2,800,260
1.2,3,0.75,1,4,2,2,1200,330
1.2,3,0.75,1,4,2,2,1500,277
1.2,3,0.75,2,0,0,0,400,20
1.2,3,0.75,2,0,0,0,800,49
1.2,3,0.75,2,0,0,0,1200,57
1.2,3,0.75,2,0,0,1,400,44
1.2,3,0.75,2,0,0,1,800,21
1.2,3,0.75,2,0,0,1,1200,28
1.2,3,0.75,2,0,0,1,1500,60
1.2,3,0.75,2,0,0,2,400,36
1.2,3,0.75,2,0,0,2,800,63
1.2,3,0.75,2,0,1,0,400,42
1.2,3,0.75,2,0,1,1,400,33
1.2,3,0.75,2,0,1,1,800,22
1.2,3,0.75,2,0,1,1,1200,15
1.2,3,0.75,2,0,1,1,1500,10
1.2,3,0.75,2,0,1,2,400,8
1.2,3,0.75,2,0,1,2,800,9
1.2,3,0.75,2,0,2,0,400,32
1.2,3,0.75,2,0,2,0,800,24
1.2,3,0.75,2,0,2,1,400,37
1.2,3,0.75,2,0,2,1,800,38
1.2,3,0.75,2,0,2,1,1200,9
1.2,3,0.75,2,0,2,1,1500,44
1.2,3,0.75,2,0,2,2,400,54
1.2,3,0.75,2,0,2,2,800,48
1.2,3,0.75,2,0,2,2,1200,52
1.2,3,0.75,2,0,2,2,1500,36
1.2,3,0.75,2,2,0,0,400,255
1.2,3,0.75,2,2,0,0,800,203
1.2,3,0.75,2,2,0,0,1200,146
1.2,3,0.75,2,2,0,0,1500,153
1.2,3,0.75,2,2,0,1,400,158
1.2,3,0.75,2,2,0,1,800,126
1.2,3,0.75,2,2,0,1,1200,151
1.2,3,0.75,2,2,0,1,1500,134
1.2,3,0.75,2,2,0,2,400,196
1.2,3,0.75,2,2,0,2,800,270
1.2,3,0.75,2,2,0,2,1200,362
1.2,3,0.75,2,2,0,2,1500,226
1.2,3,0.75,2,2,1,0,400,280
1.2,3,0.75,2,2,1,0,800,180
1.2,3,0.75,2,2,1,0,1200,123
1.2,3,0.75,2,2,1,0,1500,74
1.2,3,0.75,2,2,1,1,400,170
1.2,3,0.75,2,2,1,1,800,124
1.2,3,0.75,2,2,1,1,1200,175
1.2,3,0.75,2,2,1,1,1500,161
1.2,3,0.75,2,2,1,2,400,175
1.2,3,0.75,2,2,1,2,800,242
1.2,3,0.75,2,2,1,2,1200,170
1.2,3,0.75,2,2,1,2,1500,203
1.2,3,0.75,2,2,2,0,400,210
1.2,3,0.75,2,2,2,0,800,145
1.2,3,0.75,2,2,2,0,1200,173
1.2,3,0.75,2,2,2,0,1500,154
1.2,3,0.75,2,2,2,1,400,108
1.2,3,0.75,2,2,2,1,800,55
1.2,3,0.75,2,2,2,1,1200,7
1.2,3,0.75,2,2,2,2,400,114
1.2,3,0.75,2,2,2,2,800,52
1.2,3,0.75,2,2,2,2,1200,125
1.2,3,0.75,2,2,2,2,1500,68
1.2,3,0.75,2,4,0,0,400,322
1.2,3,0.75,2,4,0,0,800,262
1.2,3,0.75,2,4,0,0,1200,303
1.2,3,0.75,2,4,0,0,1500,344
1.2,3,0.75,2,4,0,1,400,468
1.2,3,0.75,2,4,0,1,800,318
1.2,3,0.75,2,4,0,1,1200,369
1.2,3,0.75,2,4,0,1,1500,337
1.2,3,0.75,2,4,0,2,400,437
1.2,3,0.75,2,4,0,2,800,298
1.2,3,0.75,2,4,0,2,1200,175
1.2,3,0.75,2,4,0,2,1500,322
1.2,3,0.75,2,4,1,0,400,340
1.2,3,0.75,2,4,1,0,800,221
1.2,3,0.75,2,4,1,0,1200,310
1.2,3,0.75,2,4,1,0,1500,340
1.2,3,0.75,2,4,1,1,400,197
1.2,3,0.75,2,4,1,1,800,309
1.2,3,0.75,2,4,1,1,1200,326
1.2,3,0.75,2,4,1,1,1500,261
1.2,3,0.75,2,4,1,2,400,304
1.2,3,0.75,2,4,1,2,800,286
1.2,3,0.75,2,4,1,2,1200,338
1.2,3,0.75,2,4,1,2,1500,416
1.2,3,0.75,2,4,2,0,400,390
1.2,3,0.75,2,4,2,0,800,391
1.2,3,0.75,2,4,2,0,1200,399
1.2,3,0.75,2,4,2,0,1500,355
1.2,3,0.75,2,4,2,1,400,447
1.2,3,0.75,2,4,2,1,800,399
1.2,3,0.75,2,4,2,1,1200,360
1.2,3,0.75,2,4,2,1,1500,370
1.2,3,0.75,2,4,2,2,400,316
1.2,3,0.75,2,4,2,2,800,438
1.2,3,0.75,2,4,2,2,1200,318
1.2,3,0.75,2,4,2,2,1500,443
1.2,6,0,0,0,0,0,400,134
1.2,6,0,0,0,0,0,800,107
1.2,6,0,0,0,0,0,1200,130
1.2,6,0,0,0,0,0,1500,144
1.2,6,0,0,0,0,1,400,125
1.2,6,0,0,0,0,1,800,101
1.2,6,0,0,0,0,1,1200,92
1.2,6,0,0,0,0,1,1500,89
1.2,6,0,0,0,0,2,400,140
1.2,6,0,0,0,0,2,800,118
1.2,6,0,0,0,0,2,1200,113
1.2,6,0,0,0,0,2,1500,113
1.2,6,0,0,0,1,0,400,124
1.2,6,0,0,0,1,0,800,110
1.2,6,0,0,0,1,0,1200,97
1.2,6,0,0,0,1,0,1500,149
1.2,6,0,0,0,1,1,400,126
1.2,6,0,0,0,1,1,800,103
1.2,6,0,0,0,1,1,1200,120
1.2,6,0,0,0,1,1,1500,115
1.2,6,0,0,0,1,2,400,119
1.2,6,0,0,0,1,2,800,100
1.2,6,0,0,0,1,2,1200,110
1.2,6,0,0,0,1,2,1500,118
1.2,6,0,0,0,2,0,400,98
1.2,6,0,0,0,2,0,800,126
1.2,6,0,0,0,2,0,1200,126
1.2,6,0,0,0,2,0,1500,109
1.2,6,0,0,0,2,1,400,135
1.2,6,0,0,0,2,1,800,123
1.2,6,0,0,0,2,1,1200,108
1.2,6,0,0,0,2,1,1500,111
1.2,6,0,0,0,2,2,400,124
1.2,6,0,0,0,2,2,800,123
1.2,6,0,0,0,2,2,1200,125
1.2,6,0,0,0,2,2,1500,118
1.2,6,0,1,0,0,0,400,90
1.2,6,0,1,0,0,0,800,113
1.2,6,0,1,0,0,0,1200,61
1.2,6,0,1,0,0,0,1500,99
1.2,6,0,1,0,0,1,400,100
1.2,6,0,1,0,0,1,800,125
1.2,6,0,1,0,0,1,1200,88
1.2,6,0,1,0,0,1,1500,105
1.2,6,0,1,0,0,2,400,93
1.2,6,0,1,0,0,2,800,138
1.2,6,0,1,0,0,2,1200,107
1.2,6,0,1,0,0,2,1500,117
1.2,6,0,1,0,1,0,400,79
1.2,6,0,1,0,1,0,800,111
1.2,6,0,1,0,1,0,1200,112
1.2,6,0,1,0,1,0,1500,89
1.2,6,0,1,0,1,1,400,72
1.2,6,0,1,0,1,1,800,109
1.2,6,0,1,0,1,1,1200,84
1.2,6,0,1,0,1,1,1500,85
1.2,6,0,1,0,1,2,400,100
1.2,6,0,1,0,1,2,800,123
1.2,6,0,1,0,1,2,1200,123
1.2,6,0,1,0,1,2,1500,136
1.2,6,0,1,0,2,0,400,132
1.2,6,0,1,0,2,0,800,87
1.2,6,0,1,0,2,0,1200,108
1.2,6,0,1,0,2,0,1500,76
1.2,6,0,1,0,2,1,400,124
1.2,6,0,1,0,2,1,800,89
1.2,6,0,1,0,2,1,1200,124
1.2,6,0,1,0,2,1,1500,104
1.2,6,0,1,0,2,2,400,108
1.2,6,0,1,0,2,2,800,124
1.2,6,0,1,0,2,2,1200,93
1.2,6,0,1,0,2,2,1500,122
1.2,6,0,1,2,0,0,400,107
1.2,6,0,1,2,0,0,800,91
1.2,6,0,1,2,0,0,1200,107
1.2,6,0,1,2,0,0,1500,86
1.2,6,0,1,2,0,1,400,97
1.2,6,0,1,2,0,1,800,62
1.2,6,0,1,2,0,1,1200,94
1.2,6,0,1,2,0,1,1500,64
1.2,6,0,1,2,0,2,400,122
1.2,6,0,1,2,0,2,800,103
1.2,6,0,1,2,0,2,1200,104
1.2,6,0,1,2,0,2,1500,123
1.2,6,0,1,2,1,0,400,114
1.2,6,0,1,2,1,0,800,135
1.2,6,0,1,2,1,0,1200,114
1.2,6,0,1,2,1,0,1500,92
1.2,6,0,1,2,1,1,400,44
1.2,6,0,1,2,1,1,800,84
1.2,6,0,1,2,1,1,1200,76
1.2,6,0,1,2,1,1,1500,61
1.2,6,0,1,2,1,2,400,130
1.2,6,0,1,2,1,2,800,129
1.2,6,0,1,2,1,2,1200,133
1.2,6,0,1,2,1,2,1500,107
1.2,6,0,1,2,2,0,400,97
1.2,6,0,1,2,2,0,800,78
1.2,6,0,1,2,2,0,1200,136
1.2,6,0,1,2,2,0,1500,104
1.2,6,0,1,2,2,1,400,103
1.2,6,0,1,2,2,1,800,116
1.2,6,0,1,2,2,1,1200,79
1.2,6,0,1,2,2,1,1500,103
1.2,6,0,1,2,2,2,400,131
1.2,6,0,1,2,2,2,800,99
1.2,6,0,1,2,2,2,1200,100
1.2,6,0,1,2,2,2,1500,91
1.2,6,0,1,4,0,0,400,120
1.2,6,0,1,4,0,0,800,108
1.2,6,0,1,4,0,0,1200,85
1.2,6,0,1,4,0,0,1500,105
1.2,6,0,1,4,0,1,400,120
1.2,6,0,1,4,0,1,800,130
1.2,6,0,1,4,0,1,1200,120
1.2,6,0,1,4,0,1,1500,130
1.2,6,0,1,4,0,2,400,120
1.2,6,0,1,4,0,2,800,101
1.2,6,0,1,4,0,2,1200,119
1.2,6,0,1,4,0,2,1500,136
1.2,6,0,1,4,1,0,400,110
1.2,6,0,1,4,1,0,800,109
1.2,6,0,1,4,1,0,1200,104
1.2,6,0,1,4,1,0,1500,75
1.2,6,0,1,4,1,1,400,68
1.2,6,0,1,4,1,1,800,70
1.2,6,0,1,4,1,1,1200,93
1.2,6,0,1,4,1,1,1500,101
1.2,6,0,1,4,1,2,400,88
1.2,6,0,1,4,1,2,800,91
1.2,6,0,1,4,1,2,1200,74
1.2,6,0,1,4,1,2,1500,84
1.2,6,0,1,4,2,0,400,125
1.2,6,0,1,4,2,0,800,125
1.2,6,0,1,4,2,0,1200,104
1.2,6,0,1,4,2,0,1500,108
1.2,6,0,1,4,2,1,400,92
1.2,6,0,1,4,2,1,800,117
1.2,6,0,1,4,2,1,1200,105
1.2,6,0,1,4,2,1,1500,129
1.2,6,0,1,4,2,2,400,92
1.2,6,0,1,4,2,2,800,122
1.2,6,0,1,4,2,2,1200,116
1.2,6,0,1,4,2,2,1500,129
1.2,6,0,2,0,0,0,400,50
1.2,6,0,2,0,0,0,800,53
1.2,6,0,2,0,0,0,1200,68
1.2,6,0,2,0,0,0,1500,33
1.2,6,0,2,0,0,2,400,29
1.2,6,0,2,0,0,2,800,35
1.2,6,0,2,0,0,2,1200,35
1.2,6,0,2,0,0,2,1500,42
1.2,6,0,2,0,1,0,400,74
1.2,6,0,2,0,1,0,800,76
1.2,6,0,2,0,1,0,1200,83
1.2,6,0,2,0,1,0,1500,24
1.2,6,0,2,0,1,1,400,33
1.2,6,0,2,0,1,1,800,26
1.2,6,0,2,0,1,2,400,45
1.2,6,0,2,0,1,2,800,23
1.2,6,0,2,0,1,2,1200,16
1.2,6,0,2,0,2,0,400,81
1.2,6,0,2,0,2,0,800,62
1.2,6,0,2,0,2,0,1200,96
1.2,6,0,2,0,2,0,1500,58
1.2,6,0,2,0,2,1,400,8
1.2,6,0,2,0,2,2,400,80
1.2,6,0,2,0,2,2,800,138
1.2,6,0,2,0,2,2,1200,68
1.2,6,0,2,0,2,2,1500,83
1.2,6,0,2,2,0,0,400,41
1.2,6,0,2,2,0,0,800,91
1.2,6,0,2,2,0,0,1200,61
1.2,6,0,2,2,0,1,400,84
1.2,6,0,2,2,0,1,800,53
1.2,6,0,2,2,0,1,1200,14
1.2,6,0,2,2,0,2,400,65
1.2,6,0,2,2,0,2,800,83
1.2,6,0,2,2,0,2,1200,33
1.2,6,0,2,2,0,2,1500,57
1.2,6,0,2,2,1,0,400,110
1.2,6,0,2,2,1,0,800,67
1.2,6,0,2,2,1,0,1200,92
1.2,6,0,2,2,1,0,1500,106
1.2,6,0,2,2,1,1,400,53
1.2,6,0,2,2,1,1,800,68
1.2,6,0,2,2,1,1,1200,63
1.2,6,0,2,2,1,1,1500,24
1.2,6,0,2,2,1,2,400,97
1.2,6,0,2,2,1,2,800,109
1.2,6,0,2,2,1,2,1200,79
1.2,6,0,2,2,1,2,1500,112
1.2,6,0,2,2,2,0,400,19
1.2,6,0,2,2,2,1,400,14
1.2,6,0,2,2,2,1,800,23
1.2,6,0,2,2,2,1,1200,29
1.2,6,0,2,2,2,1,1500,56
1.2,6,0,2,2,2,2,400,28
1.2,6,0,2,4,0,0,400,79
1.2,6,0,2,4,0,0,800,74
1.2,6,0,2,4,0,0,1200,40
1.2,6,0,2,4,0,0,1500,40
1.2,6,0,2,4,0,1,400,41
1.2,6,0,2,4,0,1,800,43
1.2,6,0,2,4,0,1,1200,34
1.2,6,0,2,4,0,1,1500,44
1.2,6,0,2,4,0,2,400,58
1.2,6,0,2,4,0,2,800,32
1.2,6,0,2,4,0,2,1200,43
1.2,6,0,2,4,0,2,1500,38
1.2,6,0,2,4,1,0,400,59
1.2,6,0,2,4,1,0,800,47
1.2,6,0,2,4,1,0,1200,54
1.2,6,0,2,4,1,0,1500,46
1.2,6,0,2,4,1,1,400,20
1.2,6,0,2,4,1,1,800,4
1.2,6,0,2,4,1,2,400,64
1.2,6,0,2,4,1,2,800,71
1.2,6,0,2,4,1,2,1200,35
1.2,6,0,2,4,1,2,1500,43
1.2,6,0,2,4,2,0,400,132
1.2,6,0,2,4,2,0,800,86
1.2,6,0,2,4,2,0,1200,107
1.2,6,0,2,4,2,0,1500,89
1.2,6,0,2,4,2,1,400,66
1.2,6,0,2,4,2,1,800,105
1.2,6,0,2,4,2,1,1200,90
1.2,6,0,2,4,2,1,1500,109
1.2,6,0,2,4,2,2,400,80
1.2,6,0,2,4,2,2,800,67
1.2,6,0,2,4,2,2,1200,89
1.2,6,0,2,4,2,2,1500,66
1.2,6,0.75,0,0,0,0,400,66
1.2,6,0.75,0,0,0,0,800,81
1.2,6,0.75,0,0,0,0,1200,140
1.2,6,0.75,0,0,0,0,1500,104
1.2,6,0.75,0,0,0,1,400,78
1.2,6,0.75,0,0,0,1,800,91
1.2,6,0.75,0,0,0,1,1200,102
1.2,6,0.75,0,0,0,1,1500,119
1.2,6,0.75,0,0,0,2,400,79
1.2,6,0.75,0,0,0,2,800,83
1.2,6,0.75,0,0,0,2,1200,69
1.2,6,0.75,0,0,0,2,1500,100
1.2,6,0.75,0,0,1,0,400,79
1.2,6,0.75,0,0,1,0,800,96
1.2,6,0.75,0,0,1,0,1200,131
1.2,6,0.75,0,0,1,0,1500,65
1.2,6,0.75,0,0,1,1,400,101
1.2,6,0.75,0,0,1,1,800,91
1.2,6,0.75,0,0,1,1,1200,102
1.2,6,0.75,0,0,1,1,1500,79
1.2,6,0.75,0,0,1,2,400,105
1.2,6,0.75,0,0,1,2,800,151
1.2,6,0.75,0,0,1,2,1200,101
1.2,6,0.75,0,0,1,2,1500,76
1.2,6,0.75,0,0,2,0,400,109
1.2,6,0.75,0,0,2,0,800,106
1.2,6,0.75,0,0,2,0,1200,87
1.2,6,0.75,0,0,2,0,1500,57
1.2,6,0.75,0,0,2,1,400,107
1.2,6,0.75,0,0,2,1,800,98
1.2,6,0.75,0,0,2,1,1200,51
1.2,6,0.75,0,0,2,1,1500,39
1.2,6,0.75,0,0,2,2,400,97
1.2,6,0.75,0,0,2,2,800,93
1.2,6,0.75,0,0,2,2,1200,71
1.2,6,0.75,0,0,2,2,1500,109
1.2,6,0.75,1,0,0,0,400,36
1.2,6,0.75,1,0,0,0,800,31
1.2,6,0.75,1,0,0,0,1200,40
1.2,6,0.75,1,0,0,0,1500,52
1.2,6,0.75,1,0,0,1,400,56
1.2,6,0.75,1,0,0,1,800,46
1.2,6,0.75,1,0,0,1,1200,34
1.2,6,0.75,1,0,0,1,1500,4
1.2,6,0.75,1,0,0,2,400,91
1.2,6,0.75,1,0,0,2,800,34
1.2,6,0.75,1,0,0,2,1200,44
1.2,6,0.75,1,0,0,2,1500,39
1.2,6,0.75,1,0,1,0,400,94
1.2,6,0.75,1,0,1,0,800,37
1.2,6,0.75,1,0,1,0,1200,72
1.2,6,0.75,1,0,1,0,1500,80
1.2,6,0.75,1,0,1,1,400,91
1.2,6,0.75,1,0,1,1,800,51
1.2,6,0.75,1,0,1,1,1200,102
1.2,6,0.75,1,0,1,1,1500,43
1.2,6,0.75,1,0,1,2,400,56
1.2,6,0.75,1,0,1,2,800,57
1.2,6,0.75,1,0,1,2,1200,72
1.2,6,0.75,1,0,1,2,1500,100
1.2,6,0.75,1,0,2,0,400,69
1.2,6,0.75,1,0,2,0,800,26
1.2,6,0.75,1,0,2,0,1200,11
1.2,6,0.75,1,0,2,1,400,29
1.2,6,0.75,1,0,2,1,800,47
1.2,6,0.75,1,0,2,2,400,82
1.2,6,0.75,1,0,2,2,800,80
1.2,6,0.75,1,0,2,2,1200,35
1.2,6,0.75,1,2,0,0,400,86
1.2,6,0.75,1,2,0,0,800,101
1.2,6,0.75,1,2,0,0,1200,49
1.2,6,0.75,1,2,0,0,1500,41
1.2,6,0.75,1,2,0,1,400,50
1.2,6,0.75,1,2,0,1,800,50
1.2,6,0.75,1,2,0,1,1200,61
1.2,6,0.75,1,2,0,1,1500,59
1.2,6,0.75,1,2,0,2,400,94
1.2,6,0.75,1,2,0,2,800,53
1.2,6,0.75,1,2,0,2,1200,103
1.2,6,0.75,1,2,0,2,1500,81
1.2,6,0.75,1,2,1,0,400,104
1.2,6,0.75,1,2,1,0,800,52
1.2,6,0.75,1,2,1,0,1200,42
1.2,6,0.75,1,2,1,0,1500,28
1.2,6,0.75,1,2,1,1,400,44
1.2,6,0.75,1,2,1,1,800,102
1.2,6,0.75,1,2,1,1,1200,65
1.2,6,0.75,1,2,1,1,1500,41
1.2,6,0.75,1,2,1,2,400,49
1.2,6,0.75,1,2,1,2,800,98
1.2,6,0.75,1,2,1,2,1200,78
1.2,6,0.75,1,2,1,2,1500,86
1.2,6,0.75,1,2,2,0,400,61
1.2,6,0.75,1,2,2,0,800,67
1.2,6,0.75,1,2,2,0,1200,56
1.2,6,0.75,1,2,2,0,1500,60
1.2,6,0.75,1,2,2,1,400,46
1.2,6,0.75,1,2,2,1,800,89
1.2,6,0.75,1,2,2,1,1200,22
1.2,6,0.75,1,2,2,1,1500,54
1.2,6,0.75,1,2,2,2,400,80
1.2,6,0.75,1,2,2,2,800,54
1.2,6,0.75,1,2,2,2,1200,84
1.2,6,0.75,1,2,2,2,1500,90
1.2,6,0.75,1,4,0,0,400,70
1.2,6,0.75,1,4,0,0,800,72
1.2,6,0.75,1,4,0,0,1200,27
1.2,6,0.75,1,4,0,0,1500,51
1.2,6,0.75,1,4,0,1,400,134
1.2,6,0.75,1,4,0,1,800,68
1.2,6,0.75,1,4,0,1,1200,126
1.2,6,0.75,1,4,0,1,1500,87
1.2,6,0.75,1,4,0,2,400,63
1.2,6,0.75,1,4,0,2,800,77
1.2,6,0.75,1,4,0,2,1200,116
1.2,6,0.75,1,4,0,2,1500,113
1.2,6,0.75,1,4,1,0,400,25
1.2,6,0.75,1,4,1,0,800,30
1.2,6,0.75,1,4,1,0,1200,34
1.2,6,0.75,1,4,1,0,1500,47
1.2,6,0.75,1,4,1,1,400,56
1.2,6,0.75,1,4,1,1,800,32
1.2,6,0.75,1,4,1,1,1200,37
1.2,6,0.75,1,4,1,1,1500,52
1.2,6,0.75,1,4,1,2,400,71
1.2,6,0.75,1,4,1,2,800,57
1.2,6,0.75,1,4,1,2,1200,72
1.2,6,0.75,1,4,1,2,1500,95
1.2,6,0.75,1,4,2,0,400,71
1.2,6,0.75,1,4,2,0,800,96
1.2,6,0.75,1,4,2,0,1200,73
1.2,6,0.75,1,4,2,0,1500,88
1.2,6,0.75,1,4,2,1,400,64
1.2,6,0.75,1,4,2,1,800,58
1.2,6,0.75,1,4,2,1,1200,81
1.2,6,0.75,1,4,2,1,1500,115
1.2,6,0.75,1,4,2,2,400,61
1.2,6,0.75,1,4,2,2,800,54
1.2,6,0.75,1,4,2,2,1200,48
1.2,6,0.75,1,4,2,2,1500,43
1.2,6,0.75,2,0,0,0,400,21
1.2,6,0.75,2,0,0,0,800,39
1.2,6,0.75,2,0,0,0,1200,41
1.2,6,0.75,2,0,0,0,1500,28
1.2,6,0.75,2,0,0,1,400,71
1.2,6,0.75,2,0,0,1,800,17
1.2,6,0.75,2,0,0,2,400,14
1.2,6,0.75,2,0,1,0,400,33
1.2,6,0.75,2,0,1,1,400,30
1.2,6,0.75,2,0,2,1,400,45
1.2,6,0.75,2,0,2,2,400,56
1.2,6,0.75,2,2,0,0,400,79
1.2,6,0.75,2,2,0,0,800,29
1.2,6,0.75,2,2,0,1,400,38
1.2,6,0.75,2,2,0,1,800,19
1.2,6,0.75,2,2,1,0,400,28
1.2,6,0.75,2,2,1,0,800,35
1.2,6,0.75,2,2,1,0,1200,41
1.2,6,0.75,2,2,1,1,400,41
1.2,6,0.75,2,2,1,1,800,37
1.2,6,0.75,2,2,1,1,1200,19
1.2,6,0.75,2,2,1,1,1500,55
1.2,6,0.75,2,2,1,2,400,19
1.2,6,0.75,2,2,2,1,400,24
1.2,6,0.75,2,2,2,2,400,42
1.2,6,0.75,2,2,2,2,800,34
1.2,6,0.75,2,2,2,2,1200,22
1.2,6,0.75,2,4,0,0,400,19
1.2,6,0.75,2,4,0,0,800,24
1.2,6,0.75,2,4,0,0,1200,39
1.2,6,0.75,2,4,0,0,1500,23
1.2,6,0.75,2,4,0,2,400,79
1.2,6,0.75,2,4,0,2,800,79
1.2,6,0.75,2,4,0,2,1200,76
1.2,6,0.75,2,4,0,2,1500,74
1.2,6,0.75,2,4,1,0,400,70
1.2,6,0.75,2,4,1,2,400,6
1.2,6,0.75,2,4,1,2,800,34
1.2,6,0.75,2,4,1,2,1200,24
1.2,6,0.75,2,4,1,2,1500,26
1.2,6,0.75,2,4,2,0,400,77
1.2,6,0.75,2,4,2,0,800,85
1.2,6,0.75,2,4,2,0,1200,24
1.2,6,0.75,2,4,2,0,1500,39
1.2,6,0.75,2,4,2,1,400,34
1.2,6,0.75,2,4,2,1,800,40
1.2,6,0.75,2,4,2,1,1200,44
1.2,6,0.75,2,4,2,1,1500,40
1.2,6,0.75,2,4,2,2,400,73
1.2,6,0.75,2,4,2,2,800,62
1.2,6,0.75,2,4,2,2,1200,21
1.2,6,0.75,2,4,2,2,1500,50
