kernel,patch_sd,ac,draw,rep,t,n
0,0,0,0,0,10,701
0,0,0,0,0,20,907
0,0,0,0,0,30,880
0,0,0,0,0,40,822
0,0,0,0,0,50,823
0,0,0,0,0,60,752
0,0,0,0,0,70,699
0,0,0,0,0,80,698
0,0,0,0,0,90,715
0,0,0,0,0,100,743
0,0,0,0,0,110,793
0,0,0,0,0,120,724
0,0,0,0,0,130,813
0,0,0,0,0,140,753
0,0,0,0,0,150,768
0,0,0,0,0,160,807
0,0,0,0,0,170,802
0,0,0,0,0,180,800
0,0,0,0,0,190,767
0,0,0,0,0,200,750
0,0,0,0,0,210,780
0,0,0,0,0,220,768
0,0,0,0,0,230,805
0,0,0,0,0,240,818
0,0,0,0,0,250,793
0,0,0,0,0,260,859
0,0,0,0,0,270,114
0,0,0,0,0,280,82
0,0,0,0,0,290,109
0,0,0,0,0,300,121
0,0,0,0,0,310,171
0,0,0,0,0,320,194
0,0,0,0,0,330,185
0,0,0,0,0,340,159
0,0,0,0,0,350,148
0,0,0,0,0,360,155
0,0,0,0,0,370,182
0,0,0,0,0,380,207
0,0,0,0,0,390,234
0,0,0,0,0,400,243
0,0,0,0,0,410,227
0,0,0,0,0,420,268
0,0,0,0,0,430,286
0,0,0,0,0,440,298
0,0,0,0,0,450,392
0,0,0,0,0,460,436
0,0,0,0,0,470,455
0,0,0,0,0,480,457
0,0,0,0,0,490,480
0,0,0,0,0,500,438
0,0,0,0,0,510,453
0,0,0,0,0,520,448
0,0,0,0,0,530,569
0,0,0,0,0,540,522
0,0,0,0,0,550,588
0,0,0,0,0,560,533
0,0,0,0,0,570,516
0,0,0,0,0,580,609
0,0,0,0,0,590,583
0,0,0,0,0,600,623
0,0,0,0,0,610,689
0,0,0,0,0,620,707
0,0,0,0,0,630,635
0,0,0,0,0,640,640
0,0,0,0,0,650,668
0,0,0,0,0,660,689
0,0,0,0,0,670,629
0,0,0,0,0,680,692
0,0,0,0,0,690,849
0,0,0,0,0,700,783
0,0,0,0,0,710,773
0,0,0,0,0,720,795
0,0,0,0,0,730,779
0,0,0,0,0,740,767
0,0,0,0,0,750,743
0,0,0,0,0,760,848
0,0,0,0,0,770,843
0,0,0,0,0,780,847
0,0,0,0,0,790,804
0,0,0,0,0,800,855
0,0,0,0,0,810,817
0,0,0,0,0,820,849
0,0,0,0,0,830,852
0,0,0,0,0,840,861
0,0,0,0,0,850,822
0,0,0,0,0,860,879
0,0,0,0,0,870,858
0,0,0,0,0,880,829
0,0,0,0,0,890,831
0,0,0,0,0,900,757
0,0,0,0,0,910,728
0,0,0,0,1,10,699
0,0,0,0,1,20,949
0,0,0,0,1,30,808
0,0,0,0,1,40,848
0,0,0,0,1,50,834
0,0,0,0,1,60,769
0,0,0,0,1,70,863
0,0,0,0,1,80,889
0,0,0,0,1,90,862
0,0,0,0,1,100,821
0,0,0,0,1,110,848
0,0,0,0,1,120,832
0,0,0,0,1,130,852
0,0,0,0,1,140,911
0,0,0,0,1,150,827
0,0,0,0,1,160,822
0,0,0,0,1,170,809
0,0,0,0,1,180,829
0,0,0,0,1,190,839
0,0,0,0,1,200,858
0,0,0,0,1,210,826
0,0,0,0,1,220,822
0,0,0,0,1,230,808
0,0,0,0,1,240,837
0,0,0,0,1,250,763
0,0,0,0,1,260,834
0,0,0,0,1,270,80
0,0,0,0,1,280,39
0,0,0,0,1,290,36
0,0,0,0,1,300,34
0,0,0,0,1,310,25
0,0,0,0,1,320,24
0,0,0,0,1,330,37
0,0,0,0,1,340,37
0,0,0,0,1,350,46
0,0,0,0,1,360,43
0,0,0,0,1,370,47
0,0,0,0,1,380,77
0,0,0,0,1,390,86
0,0,0,0,1,400,102
0,0,0,0,1,410,87
0,0,0,0,1,420,108
0,0,0,0,1,430,134
0,0,0,0,1,440,192
0,0,0,0,1,450,199
0,0,0,0,1,460,216
0,0,0,0,1,470,238
0,0,0,0,1,480,224
0,0,0,0,1,490,215
0,0,0,0,1,500,193
0,0,0,0,1,510,225
0,0,0,0,1,520,259
0,0,0,0,1,530,266
0,0,0,0,1,540,325
0,0,0,0,1,550,286
0,0,0,0,1,560,219
0,0,0,0,1,570,221
0,0,0,0,1,580,228
0,0,0,0,1,590,225
0,0,0,0,1,600,272
0,0,0,0,1,610,275
0,0,0,0,1,620,276
0,0,0,0,1,630,315
0,0,0,0,1,640,312
0,0,0,0,1,650,316
0,0,0,0,1,660,352
0,0,0,0,1,670,411
0,0,0,0,1,680,405
0,0,0,0,1,690,411
0,0,0,0,1,700,405
0,0,0,0,1,710,437
0,0,0,0,1,720,457
0,0,0,0,1,730,412
0,0,0,0,1,740,464
0,0,0,0,1,750,425
0,0,0,0,1,760,392
0,0,0,0,1,770,412
0,0,0,0,1,780,399
0,0,0,0,1,790,401
0,0,0,0,1,800,443
0,0,0,0,1,810,546
0,0,0,0,1,820,518
0,0,0,0,1,830,484
0,0,0,0,1,840,566
0,0,0,0,1,850,544
0,0,0,0,1,860,593
0,0,0,0,1,870,595
0,0,0,0,1,880,633
0,0,0,0,1,890,615
0,0,0,0,1,900,648
0,0,0,0,1,910,563
0,0,0,0,2,10,701
0,0,0,0,2,20,930
0,0,0,0,2,30,931
0,0,0,0,2,40,889
0,0,0,0,2,50,861
0,0,0,0,2,60,848
0,0,0,0,2,70,836
0,0,0,0,2,80,873
0,0,0,0,2,90,854
0,0,0,0,2,100,877
0,0,0,0,2,110,823
0,0,0,0,2,120,866
0,0,0,0,2,130,764
0,0,0,0,2,140,805
0,0,0,0,2,150,860
0,0,0,0,2,160,826
0,0,0,0,2,170,755
0,0,0,0,2,180,811
0,0,0,0,2,190,747
0,0,0,0,2,200,731
0,0,0,0,2,210,839
0,0,0,0,2,220,785
0,0,0,0,2,230,742
0,0,0,0,2,240,798
0,0,0,0,2,250,808
0,0,0,0,2,260,835
0,0,0,0,2,270,69
0,0,0,0,2,280,23
0,0,0,0,2,290,57
0,0,0,0,2,300,80
0,0,0,0,2,310,95
0,0,0,0,2,320,132
0,0,0,0,2,330,115
0,0,0,0,2,340,141
0,0,0,0,2,350,128
0,0,0,0,2,360,158
0,0,0,0,2,370,184
0,0,0,0,2,380,249
0,0,0,0,2,390,186
0,0,0,0,2,400,204
0,0,0,0,2,410,249
0,0,0,0,2,420,261
0,0,0,0,2,430,276
0,0,0,0,2,440,387
0,0,0,0,2,450,363
0,0,0,0,2,460,393
0,0,0,0,2,470,386
0,0,0,0,2,480,389
0,0,0,0,2,490,386
0,0,0,0,2,500,464
0,0,0,0,2,510,451
0,0,0,0,2,520,528
0,0,0,0,2,530,557
0,0,0,0,2,540,576
0,0,0,0,2,550,542
0,0,0,0,2,560,606
0,0,0,0,2,570,605
0,0,0,0,2,580,592
0,0,0,0,2,590,562
0,0,0,0,2,600,630
0,0,0,0,2,610,606
0,0,0,0,2,620,641
0,0,0,0,2,630,667
0,0,0,0,2,640,695
0,0,0,0,2,650,622
0,0,0,0,2,660,709
0,0,0,0,2,670,716
0,0,0,0,2,680,687
0,0,0,0,2,690,736
0,0,0,0,2,700,693
0,0,0,0,2,710,750
0,0,0,0,2,720,724
0,0,0,0,2,730,755
0,0,0,0,2,740,726
0,0,0,0,2,750,763
0,0,0,0,2,760,732
0,0,0,0,2,770,726
0,0,0,0,2,780,794
0,0,0,0,2,790,773
0,0,0,0,2,800,738
0,0,0,0,2,810,792
0,0,0,0,2,820,738
0,0,0,0,2,830,842
0,0,0,0,2,840,758
0,0,0,0,2,850,894
0,0,0,0,2,860,761
0,0,0,0,2,870,796
0,0,0,0,2,880,892
0,0,0,0,2,890,838
0,0,0,0,2,900,846
0,0,0,0,2,910,877
0,0,0,0,3,10,701
0,0,0,0,3,20,1014
0,0,0,0,3,30,915
0,0,0,0,3,40,892
0,0,0,0,3,50,830
0,0,0,0,3,60,841
0,0,0,0,3,70,843
0,0,0,0,3,80,835
0,0,0,0,3,90,794
0,0,0,0,3,100,790
0,0,0,0,3,110,790
0,0,0,0,3,120,766
0,0,0,0,3,130,771
0,0,0,0,3,140,798
0,0,0,0,3,150,825
0,0,0,0,3,160,797
0,0,0,0,3,170,853
0,0,0,0,3,180,824
0,0,0,0,3,190,825
0,0,0,0,3,200,846
0,0,0,0,3,210,795
0,0,0,0,3,220,840
0,0,0,0,3,230,856
0,0,0,0,3,240,755
0,0,0,0,3,250,822
0,0,0,0,3,260,775
0,0,0,0,3,270,72
0,0,0,0,3,280,35
0,0,0,0,3,290,36
0,0,0,0,3,300,42
0,0,0,0,3,310,59
0,0,0,0,3,320,77
0,0,0,0,3,330,65
0,0,0,0,3,340,99
0,0,0,0,3,350,127
0,0,0,0,3,360,147
0,0,0,0,3,370,121
0,0,0,0,3,380,104
0,0,0,0,3,390,117
0,0,0,0,3,400,118
0,0,0,0,3,410,146
0,0,0,0,3,420,139
0,0,0,0,3,430,158
0,0,0,0,3,440,129
0,0,0,0,3,450,166
0,0,0,0,3,460,180
0,0,0,0,3,470,170
0,0,0,0,3,480,169
0,0,0,0,3,490,215
0,0,0,0,3,500,224
0,0,0,0,3,510,226
0,0,0,0,3,520,212
0,0,0,0,3,530,262
0,0,0,0,3,540,339
0,0,0,0,3,550,339
0,0,0,0,3,560,341
0,0,0,0,3,570,328
0,0,0,0,3,580,370
0,0,0,0,3,590,376
0,0,0,0,3,600,328
0,0,0,0,3,610,387
0,0,0,0,3,620,436
0,0,0,0,3,630,383
0,0,0,0,3,640,389
0,0,0,0,3,650,480
0,0,0,0,3,660,484
0,0,0,0,3,670,448
0,0,0,0,3,680,389
0,0,0,0,3,690,418
0,0,0,0,3,700,415
0,0,0,0,3,710,482
0,0,0,0,3,720,447
0,0,0,0,3,730,443
0,0,0,0,3,740,471
0,0,0,0,3,750,424
0,0,0,0,3,760,447
0,0,0,0,3,770,488
0,0,0,0,3,780,508
0,0,0,0,3,790,529
0,0,0,0,3,800,558
0,0,0,0,3,810,576
0,0,0,0,3,820,516
0,0,0,0,3,830,596
0,0,0,0,3,840,540
0,0,0,0,3,850,535
0,0,0,0,3,860,474
0,0,0,0,3,870,490
0,0,0,0,3,880,544
0,0,0,0,3,890,511
0,0,0,0,3,900,502
0,0,0,0,3,910,555
0,0,0,1,0,10,701
0,0,0,1,0,20,1024
0,0,0,1,0,30,992
0,0,0,1,0,40,909
0,0,0,1,0,50,913
0,0,0,1,0,60,862
0,0,0,1,0,70,869
0,0,0,1,0,80,894
0,0,0,1,0,90,740
0,0,0,1,0,100,792
0,0,0,1,0,110,801
0,0,0,1,0,120,821
0,0,0,1,0,130,784
0,0,0,1,0,140,809
0,0,0,1,0,150,841
0,0,0,1,0,160,797
0,0,0,1,0,170,813
0,0,0,1,0,180,744
0,0,0,1,0,190,813
0,0,0,1,0,200,832
0,0,0,1,0,210,846
0,0,0,1,0,220,796
0,0,0,1,0,230,849
0,0,0,1,0,240,800
0,0,0,1,0,250,811
0,0,0,1,0,260,903
0,0,0,1,0,270,114
0,0,0,1,0,280,69
0,0,0,1,0,290,69
0,0,0,1,0,300,96
0,0,0,1,0,310,102
0,0,0,1,0,320,110
0,0,0,1,0,330,165
0,0,0,1,0,340,233
0,0,0,1,0,350,240
0,0,0,1,0,360,249
0,0,0,1,0,370,286
0,0,0,1,0,380,333
0,0,0,1,0,390,336
0,0,0,1,0,400,321
0,0,0,1,0,410,402
0,0,0,1,0,420,386
0,0,0,1,0,430,442
0,0,0,1,0,440,421
0,0,0,1,0,450,403
0,0,0,1,0,460,424
0,0,0,1,0,470,409
0,0,0,1,0,480,442
0,0,0,1,0,490,550
0,0,0,1,0,500,498
0,0,0,1,0,510,465
0,0,0,1,0,520,475
0,0,0,1,0,530,459
0,0,0,1,0,540,521
0,0,0,1,0,550,605
0,0,0,1,0,560,599
0,0,0,1,0,570,641
0,0,0,1,0,580,627
0,0,0,1,0,590,621
0,0,0,1,0,600,542
0,0,0,1,0,610,561
0,0,0,1,0,620,573
0,0,0,1,0,630,575
0,0,0,1,0,640,634
0,0,0,1,0,650,616
0,0,0,1,0,660,597
0,0,0,1,0,670,533
0,0,0,1,0,680,628
0,0,0,1,0,690,637
0,0,0,1,0,700,600
0,0,0,1,0,710,588
0,0,0,1,0,720,614
0,0,0,1,0,730,564
0,0,0,1,0,740,563
0,0,0,1,0,750,635
0,0,0,1,0,760,689
0,0,0,1,0,770,630
0,0,0,1,0,780,692
0,0,0,1,0,790,666
0,0,0,1,0,800,685
0,0,0,1,0,810,652
0,0,0,1,0,820,622
0,0,0,1,0,830,682
0,0,0,1,0,840,748
0,0,0,1,0,850,680
0,0,0,1,0,860,702
0,0,0,1,0,870,682
0,0,0,1,0,880,733
0,0,0,1,0,890,743
0,0,0,1,0,900,739
0,0,0,1,0,910,656
0,0,0,1,1,10,701
0,0,0,1,1,20,989
0,0,0,1,1,30,952
0,0,0,1,1,40,789
0,0,0,1,1,50,815
0,0,0,1,1,60,821
0,0,0,1,1,70,850
0,0,0,1,1,80,832
0,0,0,1,1,90,741
0,0,0,1,1,100,773
0,0,0,1,1,110,839
0,0,0,1,1,120,823
0,0,0,1,1,130,843
0,0,0,1,1,140,848
0,0,0,1,1,150,813
0,0,0,1,1,160,921
0,0,0,1,1,170,884
0,0,0,1,1,180,804
0,0,0,1,1,190,861
0,0,0,1,1,200,831
0,0,0,1,1,210,783
0,0,0,1,1,220,781
0,0,0,1,1,230,683
0,0,0,1,1,240,798
0,0,0,1,1,250,807
0,0,0,1,1,260,875
0,0,0,1,1,270,118
0,0,0,1,1,280,98
0,0,0,1,1,290,165
0,0,0,1,1,300,199
0,0,0,1,1,310,229
0,0,0,1,1,320,274
0,0,0,1,1,330,310
0,0,0,1,1,340,342
0,0,0,1,1,350,412
0,0,0,1,1,360,453
0,0,0,1,1,370,524
0,0,0,1,1,380,524
0,0,0,1,1,390,539
0,0,0,1,1,400,612
0,0,0,1,1,410,695
0,0,0,1,1,420,694
0,0,0,1,1,430,673
0,0,0,1,1,440,748
0,0,0,1,1,450,818
0,0,0,1,1,460,743
0,0,0,1,1,470,813
0,0,0,1,1,480,868
0,0,0,1,1,490,803
0,0,0,1,1,500,734
0,0,0,1,1,510,847
0,0,0,1,1,520,778
0,0,0,1,1,530,772
0,0,0,1,1,540,854
0,0,0,1,1,550,860
0,0,0,1,1,560,866
0,0,0,1,1,570,883
0,0,0,1,1,580,888
0,0,0,1,1,590,905
0,0,0,1,1,600,946
0,0,0,1,1,610,822
0,0,0,1,1,620,770
0,0,0,1,1,630,881
0,0,0,1,1,640,845
0,0,0,1,1,650,785
0,0,0,1,1,660,661
0,0,0,1,1,670,677
0,0,0,1,1,680,729
0,0,0,1,1,690,604
0,0,0,1,1,700,652
0,0,0,1,1,710,659
0,0,0,1,1,720,668
0,0,0,1,1,730,718
0,0,0,1,1,740,796
0,0,0,1,1,750,824
0,0,0,1,1,760,765
0,0,0,1,1,770,768
0,0,0,1,1,780,814
0,0,0,1,1,790,762
0,0,0,1,1,800,747
0,0,0,1,1,810,647
0,0,0,1,1,820,700
0,0,0,1,1,830,792
0,0,0,1,1,840,776
0,0,0,1,1,850,745
0,0,0,1,1,860,843
0,0,0,1,1,870,824
0,0,0,1,1,880,708
0,0,0,1,1,890,869
0,0,0,1,1,900,858
0,0,0,1,1,910,725
0,0,0,1,2,10,699
0,0,0,1,2,20,1109
0,0,0,1,2,30,993
0,0,0,1,2,40,957
0,0,0,1,2,50,973
0,0,0,1,2,60,905
0,0,0,1,2,70,885
0,0,0,1,2,80,888
0,0,0,1,2,90,820
0,0,0,1,2,100,790
0,0,0,1,2,110,782
0,0,0,1,2,120,794
0,0,0,1,2,130,873
0,0,0,1,2,140,787
0,0,0,1,2,150,795
0,0,0,1,2,160,664
0,0,0,1,2,170,708
0,0,0,1,2,180,703
0,0,0,1,2,190,655
0,0,0,1,2,200,705
0,0,0,1,2,210,627
0,0,0,1,2,220,740
0,0,0,1,2,230,730
0,0,0,1,2,240,710
0,0,0,1,2,250,716
0,0,0,1,2,260,742
0,0,0,1,2,270,81
0,0,0,1,2,280,68
0,0,0,1,2,290,98
0,0,0,1,2,300,103
0,0,0,1,2,310,119
0,0,0,1,2,320,191
0,0,0,1,2,330,164
0,0,0,1,2,340,183
0,0,0,1,2,350,215
0,0,0,1,2,360,222
0,0,0,1,2,370,302
0,0,0,1,2,380,332
0,0,0,1,2,390,341
0,0,0,1,2,400,388
0,0,0,1,2,410,390
0,0,0,1,2,420,384
0,0,0,1,2,430,399
0,0,0,1,2,440,472
0,0,0,1,2,450,525
0,0,0,1,2,460,537
0,0,0,1,2,470,494
0,0,0,1,2,480,551
0,0,0,1,2,490,537
0,0,0,1,2,500,600
0,0,0,1,2,510,618
0,0,0,1,2,520,669
0,0,0,1,2,530,764
0,0,0,1,2,540,721
0,0,0,1,2,550,658
0,0,0,1,2,560,627
0,0,0,1,2,570,668
0,0,0,1,2,580,732
0,0,0,1,2,590,698
0,0,0,1,2,600,676
0,0,0,1,2,610,696
0,0,0,1,2,620,721
0,0,0,1,2,630,688
0,0,0,1,2,640,684
0,0,0,1,2,650,681
0,0,0,1,2,660,725
0,0,0,1,2,670,661
0,0,0,1,2,680,706
0,0,0,1,2,690,657
0,0,0,1,2,700,745
0,0,0,1,2,710,686
0,0,0,1,2,720,721
0,0,0,1,2,730,754
0,0,0,1,2,740,717
0,0,0,1,2,750,677
0,0,0,1,2,760,726
0,0,0,1,2,770,721
0,0,0,1,2,780,738
0,0,0,1,2,790,736
0,0,0,1,2,800,738
0,0,0,1,2,810,788
0,0,0,1,2,820,846
0,0,0,1,2,830,742
0,0,0,1,2,840,683
0,0,0,1,2,850,745
0,0,0,1,2,860,714
0,0,0,1,2,870,821
0,0,0,1,2,880,928
0,0,0,1,2,890,838
0,0,0,1,2,900,780
0,0,0,1,2,910,804
0,0,0,1,3,10,699
0,0,0,1,3,20,1029
0,0,0,1,3,30,936
0,0,0,1,3,40,969
0,0,0,1,3,50,871
0,0,0,1,3,60,860
0,0,0,1,3,70,829
0,0,0,1,3,80,820
0,0,0,1,3,90,841
0,0,0,1,3,100,840
0,0,0,1,3,110,850
0,0,0,1,3,120,762
0,0,0,1,3,130,783
0,0,0,1,3,140,839
0,0,0,1,3,150,782
0,0,0,1,3,160,851
0,0,0,1,3,170,923
0,0,0,1,3,180,996
0,0,0,1,3,190,966
0,0,0,1,3,200,868
0,0,0,1,3,210,914
0,0,0,1,3,220,945
0,0,0,1,3,230,860
0,0,0,1,3,240,814
0,0,0,1,3,250,704
0,0,0,1,3,260,736
0,0,0,1,3,270,100
0,0,0,1,3,280,73
0,0,0,1,3,290,120
0,0,0,1,3,300,163
0,0,0,1,3,310,151
0,0,0,1,3,320,155
0,0,0,1,3,330,217
0,0,0,1,3,340,236
0,0,0,1,3,350,231
0,0,0,1,3,360,230
0,0,0,1,3,370,262
0,0,0,1,3,380,238
0,0,0,1,3,390,326
0,0,0,1,3,400,304
0,0,0,1,3,410,398
0,0,0,1,3,420,393
0,0,0,1,3,430,390
0,0,0,1,3,440,419
0,0,0,1,3,450,413
0,0,0,1,3,460,493
0,0,0,1,3,470,468
0,0,0,1,3,480,503
0,0,0,1,3,490,546
0,0,0,1,3,500,526
0,0,0,1,3,510,596
0,0,0,1,3,520,483
0,0,0,1,3,530,569
0,0,0,1,3,540,541
0,0,0,1,3,550,637
0,0,0,1,3,560,599
0,0,0,1,3,570,607
0,0,0,1,3,580,654
0,0,0,1,3,590,634
0,0,0,1,3,600,588
0,0,0,1,3,610,678
0,0,0,1,3,620,648
0,0,0,1,3,630,606
0,0,0,1,3,640,580
0,0,0,1,3,650,551
0,0,0,1,3,660,650
0,0,0,1,3,670,673
0,0,0,1,3,680,671
0,0,0,1,3,690,707
0,0,0,1,3,700,766
0,0,0,1,3,710,775
0,0,0,1,3,720,734
0,0,0,1,3,730,750
0,0,0,1,3,740,734
0,0,0,1,3,750,792
0,0,0,1,3,760,781
0,0,0,1,3,770,760
0,0,0,1,3,780,791
0,0,0,1,3,790,766
0,0,0,1,3,800,737
0,0,0,1,3,810,720
0,0,0,1,3,820,687
0,0,0,1,3,830,866
0,0,0,1,3,840,827
0,0,0,1,3,850,838
0,0,0,1,3,860,902
0,0,0,1,3,870,932
0,0,0,1,3,880,926
0,0,0,1,3,890,968
0,0,0,1,3,900,892
0,0,0,1,3,910,870
0,0,0,2,0,10,699
0,0,0,2,0,20,989
0,0,0,2,0,30,847
0,0,0,2,0,40,875
0,0,0,2,0,50,771
0,0,0,2,0,60,806
0,0,0,2,0,70,930
0,0,0,2,0,80,859
0,0,0,2,0,90,722
0,0,0,2,0,100,767
0,0,0,2,0,110,875
0,0,0,2,0,120,826
0,0,0,2,0,130,830
0,0,0,2,0,140,808
0,0,0,2,0,150,713
0,0,0,2,0,160,711
0,0,0,2,0,170,714
0,0,0,2,0,180,808
0,0,0,2,0,190,796
0,0,0,2,0,200,790
0,0,0,2,0,210,848
0,0,0,2,0,220,776
0,0,0,2,0,230,793
0,0,0,2,0,240,898
0,0,0,2,0,250,834
0,0,0,2,0,260,914
0,0,0,2,0,270,111
0,0,0,2,0,280,72
0,0,0,2,0,290,79
0,0,0,2,0,300,94
0,0,0,2,0,310,134
0,0,0,2,0,320,149
0,0,0,2,0,330,149
0,0,0,2,0,340,189
0,0,0,2,0,350,214
0,0,0,2,0,360,203
0,0,0,2,0,370,261
0,0,0,2,0,380,375
0,0,0,2,0,390,342
0,0,0,2,0,400,435
0,0,0,2,0,410,495
0,0,0,2,0,420,489
0,0,0,2,0,430,562
0,0,0,2,0,440,584
0,0,0,2,0,450,583
0,0,0,2,0,460,596
0,0,0,2,0,470,590
0,0,0,2,0,480,574
0,0,0,2,0,490,595
0,0,0,2,0,500,600
0,0,0,2,0,510,656
0,0,0,2,0,520,715
0,0,0,2,0,530,672
0,0,0,2,0,540,657
0,0,0,2,0,550,746
0,0,0,2,0,560,718
0,0,0,2,0,570,711
0,0,0,2,0,580,617
0,0,0,2,0,590,590
0,0,0,2,0,600,575
0,0,0,2,0,610,578
0,0,0,2,0,620,546
0,0,0,2,0,630,544
0,0,0,2,0,640,608
0,0,0,2,0,650,632
0,0,0,2,0,660,554
0,0,0,2,0,670,592
0,0,0,2,0,680,574
0,0,0,2,0,690,616
0,0,0,2,0,700,620
0,0,0,2,0,710,622
0,0,0,2,0,720,616
0,0,0,2,0,730,637
0,0,0,2,0,740,721
0,0,0,2,0,750,759
0,0,0,2,0,760,701
0,0,0,2,0,770,760
0,0,0,2,0,780,773
0,0,0,2,0,790,792
0,0,0,2,0,800,759
0,0,0,2,0,810,837
0,0,0,2,0,820,824
0,0,0,2,0,830,882
0,0,0,2,0,840,835
0,0,0,2,0,850,805
0,0,0,2,0,860,818
0,0,0,2,0,870,848
0,0,0,2,0,880,777
0,0,0,2,0,890,867
0,0,0,2,0,900,874
0,0,0,2,0,910,918
0,0,0,2,1,10,699
0,0,0,2,1,20,1003
0,0,0,2,1,30,938
0,0,0,2,1,40,885
0,0,0,2,1,50,880
0,0,0,2,1,60,726
0,0,0,2,1,70,805
0,0,0,2,1,80,806
0,0,0,2,1,90,767
0,0,0,2,1,100,741
0,0,0,2,1,110,812
0,0,0,2,1,120,810
0,0,0,2,1,130,858
0,0,0,2,1,140,797
0,0,0,2,1,150,680
0,0,0,2,1,160,685
0,0,0,2,1,170,755
0,0,0,2,1,180,752
0,0,0,2,1,190,751
0,0,0,2,1,200,718
0,0,0,2,1,210,735
0,0,0,2,1,220,851
0,0,0,2,1,230,757
0,0,0,2,1,240,761
0,0,0,2,1,250,790
0,0,0,2,1,260,702
0,0,0,2,1,270,96
0,0,0,2,1,280,59
0,0,0,2,1,290,77
0,0,0,2,1,300,93
0,0,0,2,1,310,117
0,0,0,2,1,320,139
0,0,0,2,1,330,154
0,0,0,2,1,340,230
0,0,0,2,1,350,244
0,0,0,2,1,360,261
0,0,0,2,1,370,394
0,0,0,2,1,380,407
0,0,0,2,1,390,460
0,0,0,2,1,400,484
0,0,0,2,1,410,567
0,0,0,2,1,420,651
0,0,0,2,1,430,567
0,0,0,2,1,440,670
0,0,0,2,1,450,674
0,0,0,2,1,460,618
0,0,0,2,1,470,612
0,0,0,2,1,480,598
0,0,0,2,1,490,616
0,0,0,2,1,500,687
0,0,0,2,1,510,658
0,0,0,2,1,520,659
0,0,0,2,1,530,633
0,0,0,2,1,540,725
0,0,0,2,1,550,672
0,0,0,2,1,560,722
0,0,0,2,1,570,783
0,0,0,2,1,580,819
0,0,0,2,1,590,815
0,0,0,2,1,600,733
0,0,0,2,1,610,715
0,0,0,2,1,620,762
0,0,0,2,1,630,748
0,0,0,2,1,640,696
0,0,0,2,1,650,693
0,0,0,2,1,660,772
0,0,0,2,1,670,847
0,0,0,2,1,680,790
0,0,0,2,1,690,836
0,0,0,2,1,700,788
0,0,0,2,1,710,823
0,0,0,2,1,720,750
0,0,0,2,1,730,672
0,0,0,2,1,740,761
0,0,0,2,1,750,693
0,0,0,2,1,760,650
0,0,0,2,1,770,522
0,0,0,2,1,780,555
0,0,0,2,1,790,631
0,0,0,2,1,800,730
0,0,0,2,1,810,765
0,0,0,2,1,820,780
0,0,0,2,1,830,749
0,0,0,2,1,840,862
0,0,0,2,1,850,783
0,0,0,2,1,860,784
0,0,0,2,1,870,753
0,0,0,2,1,880,687
0,0,0,2,1,890,753
0,0,0,2,1,900,772
0,0,0,2,1,910,747
0,0,0,2,2,10,699
0,0,0,2,2,20,934
0,0,0,2,2,30,981
0,0,0,2,2,40,858
0,0,0,2,2,50,776
0,0,0,2,2,60,838
0,0,0,2,2,70,760
0,0,0,2,2,80,854
0,0,0,2,2,90,827
0,0,0,2,2,100,820
0,0,0,2,2,110,798
0,0,0,2,2,120,858
0,0,0,2,2,130,759
0,0,0,2,2,140,761
0,0,0,2,2,150,850
0,0,0,2,2,160,814
0,0,0,2,2,170,787
0,0,0,2,2,180,794
0,0,0,2,2,190,825
0,0,0,2,2,200,797
0,0,0,2,2,210,806
0,0,0,2,2,220,829
0,0,0,2,2,230,816
0,0,0,2,2,240,759
0,0,0,2,2,250,756
0,0,0,2,2,260,813
0,0,0,2,2,270,117
0,0,0,2,2,280,80
0,0,0,2,2,290,103
0,0,0,2,2,300,92
0,0,0,2,2,310,180
0,0,0,2,2,320,192
0,0,0,2,2,330,217
0,0,0,2,2,340,260
0,0,0,2,2,350,246
0,0,0,2,2,360,276
0,0,0,2,2,370,304
0,0,0,2,2,380,304
0,0,0,2,2,390,373
0,0,0,2,2,400,396
0,0,0,2,2,410,429
0,0,0,2,2,420,451
0,0,0,2,2,430,502
0,0,0,2,2,440,508
0,0,0,2,2,450,519
0,0,0,2,2,460,480
0,0,0,2,2,470,487
0,0,0,2,2,480,516
0,0,0,2,2,490,545
0,0,0,2,2,500,528
0,0,0,2,2,510,484
0,0,0,2,2,520,517
0,0,0,2,2,530,533
0,0,0,2,2,540,565
0,0,0,2,2,550,612
0,0,0,2,2,560,672
0,0,0,2,2,570,708
0,0,0,2,2,580,611
0,0,0,2,2,590,635
0,0,0,2,2,600,598
0,0,0,2,2,610,711
0,0,0,2,2,620,814
0,0,0,2,2,630,815
0,0,0,2,2,640,839
0,0,0,2,2,650,810
0,0,0,2,2,660,815
0,0,0,2,2,670,674
0,0,0,2,2,680,703
0,0,0,2,2,690,740
0,0,0,2,2,700,920
0,0,0,2,2,710,899
0,0,0,2,2,720,846
0,0,0,2,2,730,834
0,0,0,2,2,740,784
0,0,0,2,2,750,899
0,0,0,2,2,760,789
0,0,0,2,2,770,723
0,0,0,2,2,780,703
0,0,0,2,2,790,684
0,0,0,2,2,800,711
0,0,0,2,2,810,827
0,0,0,2,2,820,809
0,0,0,2,2,830,817
0,0,0,2,2,840,767
0,0,0,2,2,850,843
0,0,0,2,2,860,806
0,0,0,2,2,870,760
0,0,0,2,2,880,765
0,0,0,2,2,890,842
0,0,0,2,2,900,845
0,0,0,2,2,910,905
0,0,0,2,3,10,701
0,0,0,2,3,20,1005
0,0,0,2,3,30,967
0,0,0,2,3,40,841
0,0,0,2,3,50,824
0,0,0,2,3,60,812
0,0,0,2,3,70,779
0,0,0,2,3,80,674
0,0,0,2,3,90,706
0,0,0,2,3,100,767
0,0,0,2,3,110,784
0,0,0,2,3,120,814
0,0,0,2,3,130,836
0,0,0,2,3,140,831
0,0,0,2,3,150,763
0,0,0,2,3,160,803
0,0,0,2,3,170,811
0,0,0,2,3,180,832
0,0,0,2,3,190,833
0,0,0,2,3,200,787
0,0,0,2,3,210,820
0,0,0,2,3,220,942
0,0,0,2,3,230,800
0,0,0,2,3,240,832
0,0,0,2,3,250,774
0,0,0,2,3,260,697
0,0,0,2,3,270,107
0,0,0,2,3,280,44
0,0,0,2,3,290,41
0,0,0,2,3,300,60
0,0,0,2,3,310,73
0,0,0,2,3,320,79
0,0,0,2,3,330,97
0,0,0,2,3,340,78
0,0,0,2,3,350,139
0,0,0,2,3,360,148
0,0,0,2,3,370,140
0,0,0,2,3,380,117
0,0,0,2,3,390,125
0,0,0,2,3,400,173
0,0,0,2,3,410,223
0,0,0,2,3,420,241
0,0,0,2,3,430,247
0,0,0,2,3,440,249
0,0,0,2,3,450,256
0,0,0,2,3,460,284
0,0,0,2,3,470,286
0,0,0,2,3,480,264
0,0,0,2,3,490,321
0,0,0,2,3,500,332
0,0,0,2,3,510,341
0,0,0,2,3,520,365
0,0,0,2,3,530,435
0,0,0,2,3,540,414
0,0,0,2,3,550,520
0,0,0,2,3,560,484
0,0,0,2,3,570,538
0,0,0,2,3,580,556
0,0,0,2,3,590,586
0,0,0,2,3,600,655
0,0,0,2,3,610,651
0,0,0,2,3,620,625
0,0,0,2,3,630,626
0,0,0,2,3,640,614
0,0,0,2,3,650,701
0,0,0,2,3,660,653
0,0,0,2,3,670,682
0,0,0,2,3,680,589
0,0,0,2,3,690,581
0,0,0,2,3,700,637
0,0,0,2,3,710,652
0,0,0,2,3,720,649
0,0,0,2,3,730,668
0,0,0,2,3,740,702
0,0,0,2,3,750,804
0,0,0,2,3,760,755
0,0,0,2,3,770,774
0,0,0,2,3,780,689
0,0,0,2,3,790,744
0,0,0,2,3,800,764
0,0,0,2,3,810,746
0,0,0,2,3,820,741
0,0,0,2,3,830,755
0,0,0,2,3,840,776
0,0,0,2,3,850,752
0,0,0,2,3,860,758
0,0,0,2,3,870,717
0,0,0,2,3,880,655
0,0,0,2,3,890,737
0,0,0,2,3,900,711
0,0,0,2,3,910,711
0,2,0,0,0,10,701
0,2,0,0,0,20,640
0,2,0,0,0,30,497
0,2,0,0,0,40,463
0,2,0,0,0,50,443
0,2,0,0,0,60,339
0,2,0,0,0,70,283
0,2,0,0,0,80,279
0,2,0,0,0,90,276
0,2,0,0,0,100,295
0,2,0,0,0,110,308
0,2,0,0,0,120,280
0,2,0,0,0,130,241
0,2,0,0,0,140,262
0,2,0,0,0,150,283
0,2,0,0,0,160,271
0,2,0,0,0,170,227
0,2,0,0,0,180,247
0,2,0,0,0,190,290
0,2,0,0,0,200,286
0,2,0,0,0,210,265
0,2,0,0,0,220,252
0,2,0,0,0,230,273
0,2,0,0,0,240,208
0,2,0,0,0,250,176
0,2,0,0,0,260,178
0,2,0,0,0,270,40
0,2,0,0,0,280,34
0,2,0,0,0,290,28
0,2,0,0,0,300,30
0,2,0,0,0,310,42
0,2,0,0,0,320,53
0,2,0,0,0,330,47
0,2,0,0,0,340,48
0,2,0,0,0,350,45
0,2,0,0,0,360,59
0,2,0,0,0,370,47
0,2,0,0,0,380,49
0,2,0,0,0,390,58
0,2,0,0,0,400,60
0,2,0,0,0,410,78
0,2,0,0,0,420,71
0,2,0,0,0,430,87
0,2,0,0,0,440,100
0,2,0,0,0,450,105
0,2,0,0,0,460,80
0,2,0,0,0,470,119
0,2,0,0,0,480,133
0,2,0,0,0,490,118
0,2,0,0,0,500,119
0,2,0,0,0,510,149
0,2,0,0,0,520,148
0,2,0,0,0,530,90
0,2,0,0,0,540,83
0,2,0,0,0,550,101
0,2,0,0,0,560,107
0,2,0,0,0,570,104
0,2,0,0,0,580,114
0,2,0,0,0,590,133
0,2,0,0,0,600,99
0,2,0,0,0,610,87
0,2,0,0,0,620,113
0,2,0,0,0,630,97
0,2,0,0,0,640,85
0,2,0,0,0,650,123
0,2,0,0,0,660,150
0,2,0,0,0,670,140
0,2,0,0,0,680,163
0,2,0,0,0,690,135
0,2,0,0,0,700,103
0,2,0,0,0,710,84
0,2,0,0,0,720,62
0,2,0,0,0,730,82
0,2,0,0,0,740,78
0,2,0,0,0,750,110
0,2,0,0,0,760,67
0,2,0,0,0,770,92
0,2,0,0,0,780,86
0,2,0,0,0,790,88
0,2,0,0,0,800,65
0,2,0,0,0,810,50
0,2,0,0,0,820,33
0,2,0,0,0,830,64
0,2,0,0,0,840,61
0,2,0,0,0,850,78
0,2,0,0,0,860,60
0,2,0,0,0,870,96
0,2,0,0,0,880,86
0,2,0,0,0,890,57
0,2,0,0,0,900,60
0,2,0,0,0,910,68
0,2,0,0,1,10,701
0,2,0,0,1,20,772
0,2,0,0,1,30,652
0,2,0,0,1,40,581
0,2,0,0,1,50,531
0,2,0,0,1,60,535
0,2,0,0,1,70,432
0,2,0,0,1,80,429
0,2,0,0,1,90,401
0,2,0,0,1,100,331
0,2,0,0,1,110,302
0,2,0,0,1,120,288
0,2,0,0,1,130,303
0,2,0,0,1,140,304
0,2,0,0,1,150,246
0,2,0,0,1,160,247
0,2,0,0,1,170,269
0,2,0,0,1,180,197
0,2,0,0,1,190,190
0,2,0,0,1,200,208
0,2,0,0,1,210,219
0,2,0,0,1,220,211
0,2,0,0,1,230,176
0,2,0,0,1,240,188
0,2,0,0,1,250,197
0,2,0,0,1,260,207
0,2,0,0,1,270,17
0,2,0,0,1,280,14
0,2,0,0,1,290,10
0,2,0,0,1,300,13
0,2,0,0,1,310,3
0,2,0,0,1,320,18
0,2,0,0,1,330,17
0,2,0,0,1,340,26
0,2,0,0,1,350,24
0,2,0,0,1,360,10
0,2,0,0,1,370,20
0,2,0,0,1,380,22
0,2,0,0,1,390,10
0,2,0,0,1,400,11
0,2,0,0,1,410,5
0,2,0,0,1,420,8
0,2,0,0,1,430,0
0,2,0,0,2,10,701
0,2,0,0,2,20,682
0,2,0,0,2,30,566
0,2,0,0,2,40,497
0,2,0,0,2,50,524
0,2,0,0,2,60,455
0,2,0,0,2,70,421
0,2,0,0,2,80,458
0,2,0,0,2,90,352
0,2,0,0,2,100,340
0,2,0,0,2,110,330
0,2,0,0,2,120,391
0,2,0,0,2,130,324
0,2,0,0,2,140,297
0,2,0,0,2,150,375
0,2,0,0,2,160,381
0,2,0,0,2,170,373
0,2,0,0,2,180,383
0,2,0,0,2,190,354
0,2,0,0,2,200,415
0,2,0,0,2,210,393
0,2,0,0,2,220,351
0,2,0,0,2,230,321
0,2,0,0,2,240,322
0,2,0,0,2,250,342
0,2,0,0,2,260,358
0,2,0,0,2,270,40
0,2,0,0,2,280,27
0,2,0,0,2,290,33
0,2,0,0,2,300,19
0,2,0,0,2,310,32
0,2,0,0,2,320,50
0,2,0,0,2,330,51
0,2,0,0,2,340,45
0,2,0,0,2,350,47
0,2,0,0,2,360,48
0,2,0,0,2,370,59
0,2,0,0,2,380,47
0,2,0,0,2,390,51
0,2,0,0,2,400,60
0,2,0,0,2,410,51
0,2,0,0,2,420,49
0,2,0,0,2,430,41
0,2,0,0,2,440,56
0,2,0,0,2,450,78
0,2,0,0,2,460,85
0,2,0,0,2,470,81
0,2,0,0,2,480,79
0,2,0,0,2,490,91
0,2,0,0,2,500,130
0,2,0,0,2,510,100
0,2,0,0,2,520,82
0,2,0,0,2,530,58
0,2,0,0,2,540,67
0,2,0,0,2,550,86
0,2,0,0,2,560,117
0,2,0,0,2,570,113
0,2,0,0,2,580,108
0,2,0,0,2,590,89
0,2,0,0,2,600,101
0,2,0,0,2,610,96
0,2,0,0,2,620,115
0,2,0,0,2,630,126
0,2,0,0,2,640,88
0,2,0,0,2,650,125
0,2,0,0,2,660,100
0,2,0,0,2,670,107
0,2,0,0,2,680,102
0,2,0,0,2,690,83
0,2,0,0,2,700,83
0,2,0,0,2,710,101
0,2,0,0,2,720,94
0,2,0,0,2,730,87
0,2,0,0,2,740,89
0,2,0,0,2,750,92
0,2,0,0,2,760,96
0,2,0,0,2,770,82
0,2,0,0,2,780,93
0,2,0,0,2,790,67
0,2,0,0,2,800,62
0,2,0,0,2,810,57
0,2,0,0,2,820,53
0,2,0,0,2,830,39
0,2,0,0,2,840,37
0,2,0,0,2,850,65
0,2,0,0,2,860,69
0,2,0,0,2,870,80
0,2,0,0,2,880,93
0,2,0,0,2,890,69
0,2,0,0,2,900,68
0,2,0,0,2,910,65
0,2,0,0,3,10,701
0,2,0,0,3,20,621
0,2,0,0,3,30,592
0,2,0,0,3,40,509
0,2,0,0,3,50,428
0,2,0,0,3,60,382
0,2,0,0,3,70,389
0,2,0,0,3,80,313
0,2,0,0,3,90,309
0,2,0,0,3,100,336
0,2,0,0,3,110,296
0,2,0,0,3,120,302
0,2,0,0,3,130,315
0,2,0,0,3,140,274
0,2,0,0,3,150,309
0,2,0,0,3,160,325
0,2,0,0,3,170,328
0,2,0,0,3,180,357
0,2,0,0,3,190,349
0,2,0,0,3,200,383
0,2,0,0,3,210,374
0,2,0,0,3,220,397
0,2,0,0,3,230,382
0,2,0,0,3,240,355
0,2,0,0,3,250,315
0,2,0,0,3,260,292
0,2,0,0,3,270,58
0,2,0,0,3,280,38
0,2,0,0,3,290,42
0,2,0,0,3,300,34
0,2,0,0,3,310,31
0,2,0,0,3,320,29
0,2,0,0,3,330,28
0,2,0,0,3,340,19
0,2,0,0,3,350,23
0,2,0,0,3,360,16
0,2,0,0,3,370,16
0,2,0,0,3,380,1
0,2,0,1,0,10,701
0,2,0,1,0,20,664
0,2,0,1,0,30,545
0,2,0,1,0,40,502
0,2,0,1,0,50,464
0,2,0,1,0,60,435
0,2,0,1,0,70,510
0,2,0,1,0,80,430
0,2,0,1,0,90,403
0,2,0,1,0,100,337
0,2,0,1,0,110,343
0,2,0,1,0,120,331
0,2,0,1,0,130,306
0,2,0,1,0,140,309
0,2,0,1,0,150,321
0,2,0,1,0,160,323
0,2,0,1,0,170,282
0,2,0,1,0,180,261
0,2,0,1,0,190,303
0,2,0,1,0,200,345
0,2,0,1,0,210,344
0,2,0,1,0,220,368
0,2,0,1,0,230,311
0,2,0,1,0,240,352
0,2,0,1,0,250,303
0,2,0,1,0,260,266
0,2,0,1,0,270,42
0,2,0,1,0,280,10
0,2,0,1,0,290,2
0,2,0,1,1,10,701
0,2,0,1,1,20,606
0,2,0,1,1,30,509
0,2,0,1,1,40,452
0,2,0,1,1,50,485
0,2,0,1,1,60,422
0,2,0,1,1,70,466
0,2,0,1,1,80,428
0,2,0,1,1,90,421
0,2,0,1,1,100,419
0,2,0,1,1,110,438
0,2,0,1,1,120,392
0,2,0,1,1,130,364
0,2,0,1,1,140,288
0,2,0,1,1,150,232
0,2,0,1,1,160,270
0,2,0,1,1,170,244
0,2,0,1,1,180,269
0,2,0,1,1,190,240
0,2,0,1,1,200,229
0,2,0,1,1,210,256
0,2,0,1,1,220,259
0,2,0,1,1,230,292
0,2,0,1,1,240,299
0,2,0,1,1,250,300
0,2,0,1,1,260,310
0,2,0,1,1,270,40
0,2,0,1,1,280,23
0,2,0,1,1,290,32
0,2,0,1,1,300,20
0,2,0,1,1,310,22
0,2,0,1,1,320,25
0,2,0,1,1,330,22
0,2,0,1,1,340,17
0,2,0,1,1,350,34
0,2,0,1,1,360,36
0,2,0,1,1,370,34
0,2,0,1,1,380,25
0,2,0,1,1,390,13
0,2,0,1,1,400,26
0,2,0,1,1,410,20
0,2,0,1,1,420,11
0,2,0,1,1,430,23
0,2,0,1,1,440,46
0,2,0,1,1,450,23
0,2,0,1,1,460,16
0,2,0,1,1,470,9
0,2,0,1,1,480,16
0,2,0,1,1,490,21
0,2,0,1,1,500,26
0,2,0,1,1,510,30
0,2,0,1,1,520,36
0,2,0,1,1,530,56
0,2,0,1,1,540,65
0,2,0,1,1,550,42
0,2,0,1,1,560,71
0,2,0,1,1,570,36
0,2,0,1,1,580,42
0,2,0,1,1,590,42
0,2,0,1,1,600,51
0,2,0,1,1,610,49
0,2,0,1,1,620,75
0,2,0,1,1,630,52
0,2,0,1,1,640,38
0,2,0,1,1,650,53
0,2,0,1,1,660,31
0,2,0,1,1,670,40
0,2,0,1,1,680,47
0,2,0,1,1,690,82
0,2,0,1,1,700,51
0,2,0,1,1,710,38
0,2,0,1,1,720,36
0,2,0,1,1,730,56
0,2,0,1,1,740,60
0,2,0,1,1,750,47
0,2,0,1,1,760,36
0,2,0,1,1,770,47
0,2,0,1,1,780,37
0,2,0,1,1,790,30
0,2,0,1,1,800,51
0,2,0,1,1,810,68
0,2,0,1,1,820,96
0,2,0,1,1,830,70
0,2,0,1,1,840,65
0,2,0,1,1,850,38
0,2,0,1,1,860,65
0,2,0,1,1,870,29
0,2,0,1,1,880,49
0,2,0,1,1,890,63
0,2,0,1,1,900,37
0,2,0,1,1,910,31
0,2,0,1,2,10,699
0,2,0,1,2,20,597
0,2,0,1,2,30,541
0,2,0,1,2,40,436
0,2,0,1,2,50,412
0,2,0,1,2,60,388
0,2,0,1,2,70,379
0,2,0,1,2,80,354
0,2,0,1,2,90,252
0,2,0,1,2,100,283
0,2,0,1,2,110,236
0,2,0,1,2,120,249
0,2,0,1,2,130,246
0,2,0,1,2,140,278
0,2,0,1,2,150,253
0,2,0,1,2,160,255
0,2,0,1,2,170,225
0,2,0,1,2,180,210
0,2,0,1,2,190,209
0,2,0,1,2,200,182
0,2,0,1,2,210,144
0,2,0,1,2,220,214
0,2,0,1,2,230,177
0,2,0,1,2,240,180
0,2,0,1,2,250,156
0,2,0,1,2,260,180
0,2,0,1,2,270,29
0,2,0,1,2,280,27
0,2,0,1,2,290,17
0,2,0,1,2,300,11
0,2,0,1,2,310,13
0,2,0,1,2,320,13
0,2,0,1,2,330,23
0,2,0,1,2,340,27
0,2,0,1,2,350,42
0,2,0,1,2,360,36
0,2,0,1,2,370,23
0,2,0,1,2,380,44
0,2,0,1,2,390,35
0,2,0,1,2,400,39
0,2,0,1,2,410,27
0,2,0,1,2,420,32
0,2,0,1,2,430,22
0,2,0,1,2,440,25
0,2,0,1,2,450,49
0,2,0,1,2,460,58
0,2,0,1,2,470,57
0,2,0,1,2,480,52
0,2,0,1,2,490,79
0,2,0,1,2,500,97
0,2,0,1,2,510,92
0,2,0,1,2,520,62
0,2,0,1,2,530,80
0,2,0,1,2,540,83
0,2,0,1,2,550,93
0,2,0,1,2,560,97
0,2,0,1,2,570,90
0,2,0,1,2,580,80
0,2,0,1,2,590,87
0,2,0,1,2,600,75
0,2,0,1,2,610,71
0,2,0,1,2,620,54
0,2,0,1,2,630,47
0,2,0,1,2,640,57
0,2,0,1,2,650,63
0,2,0,1,2,660,46
0,2,0,1,2,670,59
0,2,0,1,2,680,65
0,2,0,1,2,690,64
0,2,0,1,2,700,42
0,2,0,1,2,710,44
0,2,0,1,2,720,65
0,2,0,1,2,730,34
0,2,0,1,2,740,54
0,2,0,1,2,750,54
0,2,0,1,2,760,48
0,2,0,1,2,770,84
0,2,0,1,2,780,83
0,2,0,1,2,790,63
0,2,0,1,2,800,80
0,2,0,1,2,810,68
0,2,0,1,2,820,28
0,2,0,1,2,830,32
0,2,0,1,2,840,72
0,2,0,1,2,850,65
0,2,0,1,2,860,57
0,2,0,1,2,870,55
0,2,0,1,2,880,59
0,2,0,1,2,890,56
0,2,0,1,2,900,50
0,2,0,1,2,910,37
0,2,0,1,3,10,699
0,2,0,1,3,20,577
0,2,0,1,3,30,503
0,2,0,1,3,40,429
0,2,0,1,3,50,422
0,2,0,1,3,60,416
0,2,0,1,3,70,406
0,2,0,1,3,80,440
0,2,0,1,3,90,405
0,2,0,1,3,100,399
0,2,0,1,3,110,388
0,2,0,1,3,120,412
0,2,0,1,3,130,417
0,2,0,1,3,140,395
0,2,0,1,3,150,409
0,2,0,1,3,160,408
0,2,0,1,3,170,332
0,2,0,1,3,180,369
0,2,0,1,3,190,315
0,2,0,1,3,200,267
0,2,0,1,3,210,269
0,2,0,1,3,220,240
0,2,0,1,3,230,283
0,2,0,1,3,240,281
0,2,0,1,3,250,259
0,2,0,1,3,260,300
0,2,0,1,3,270,59
0,2,0,1,3,280,44
0,2,0,1,3,290,57
0,2,0,1,3,300,85
0,2,0,1,3,310,83
0,2,0,1,3,320,79
0,2,0,1,3,330,102
0,2,0,1,3,340,108
0,2,0,1,3,350,124
0,2,0,1,3,360,97
0,2,0,1,3,370,69
0,2,0,1,3,380,94
0,2,0,1,3,390,109
0,2,0,1,3,400,84
0,2,0,1,3,410,112
0,2,0,1,3,420,120
0,2,0,1,3,430,116
0,2,0,1,3,440,110
0,2,0,1,3,450,122
0,2,0,1,3,460,111
0,2,0,1,3,470,111
0,2,0,1,3,480,84
0,2,0,1,3,490,136
0,2,0,1,3,500,123
0,2,0,1,3,510,87
0,2,0,1,3,520,112
0,2,0,1,3,530,75
0,2,0,1,3,540,114
0,2,0,1,3,550,109
0,2,0,1,3,560,76
0,2,0,1,3,570,67
0,2,0,1,3,580,33
0,2,0,1,3,590,30
0,2,0,1,3,600,32
0,2,0,1,3,610,17
0,2,0,1,3,620,28
0,2,0,1,3,630,23
0,2,0,1,3,640,29
0,2,0,1,3,650,39
0,2,0,1,3,660,27
0,2,0,1,3,670,57
0,2,0,1,3,680,58
0,2,0,1,3,690,41
0,2,0,1,3,700,53
0,2,0,1,3,710,44
0,2,0,1,3,720,36
0,2,0,1,3,730,32
0,2,0,1,3,740,31
0,2,0,1,3,750,25
0,2,0,1,3,760,25
0,2,0,1,3,770,42
0,2,0,1,3,780,26
0,2,0,1,3,790,20
0,2,0,1,3,800,43
0,2,0,1,3,810,40
0,2,0,1,3,820,57
0,2,0,1,3,830,30
0,2,0,1,3,840,41
0,2,0,1,3,850,37
0,2,0,1,3,860,29
0,2,0,1,3,870,40
0,2,0,1,3,880,26
0,2,0,1,3,890,24
0,2,0,1,3,900,54
0,2,0,1,3,910,53
0,2,0,2,0,10,701
0,2,0,2,0,20,659
0,2,0,2,0,30,583
0,2,0,2,0,40,491
0,2,0,2,0,50,508
0,2,0,2,0,60,437
0,2,0,2,0,70,507
0,2,0,2,0,80,497
0,2,0,2,0,90,427
0,2,0,2,0,100,402
0,2,0,2,0,110,410
0,2,0,2,0,120,415
0,2,0,2,0,130,406
0,2,0,2,0,140,385
0,2,0,2,0,150,362
0,2,0,2,0,160,337
0,2,0,2,0,170,311
0,2,0,2,0,180,295
0,2,0,2,0,190,289
0,2,0,2,0,200,303
0,2,0,2,0,210,338
0,2,0,2,0,220,285
0,2,0,2,0,230,257
0,2,0,2,0,240,288
0,2,0,2,0,250,289
0,2,0,2,0,260,236
0,2,0,2,0,270,33
0,2,0,2,0,280,16
0,2,0,2,0,290,8
0,2,0,2,0,300,4
0,2,0,2,0,310,12
0,2,0,2,0,320,17
0,2,0,2,0,330,24
0,2,0,2,0,340,32
0,2,0,2,0,350,51
0,2,0,2,0,360,39
0,2,0,2,0,370,54
0,2,0,2,0,380,49
0,2,0,2,0,390,49
0,2,0,2,0,400,44
0,2,0,2,0,410,70
0,2,0,2,0,420,63
0,2,0,2,0,430,54
0,2,0,2,0,440,61
0,2,0,2,0,450,63
0,2,0,2,0,460,55
0,2,0,2,0,470,61
0,2,0,2,0,480,66
0,2,0,2,0,490,52
0,2,0,2,0,500,38
0,2,0,2,0,510,39
0,2,0,2,0,520,36
0,2,0,2,0,530,40
0,2,0,2,0,540,28
0,2,0,2,0,550,52
0,2,0,2,0,560,35
0,2,0,2,0,570,34
0,2,0,2,0,580,41
0,2,0,2,0,590,56
0,2,0,2,0,600,60
0,2,0,2,0,610,58
0,2,0,2,0,620,84
0,2,0,2,0,630,118
0,2,0,2,0,640,73
0,2,0,2,0,650,75
0,2,0,2,0,660,83
0,2,0,2,0,670,79
0,2,0,2,0,680,73
0,2,0,2,0,690,81
0,2,0,2,0,700,56
0,2,0,2,0,710,73
0,2,0,2,0,720,77
0,2,0,2,0,730,76
0,2,0,2,0,740,102
0,2,0,2,0,750,79
0,2,0,2,0,760,74
0,2,0,2,0,770,76
0,2,0,2,0,780,81
0,2,0,2,0,790,112
0,2,0,2,0,800,126
0,2,0,2,0,810,80
0,2,0,2,0,820,91
0,2,0,2,0,830,112
0,2,0,2,0,840,94
0,2,0,2,0,850,95
0,2,0,2,0,860,103
0,2,0,2,0,870,85
0,2,0,2,0,880,97
0,2,0,2,0,890,116
0,2,0,2,0,900,98
0,2,0,2,0,910,87
0,2,0,2,1,10,701
0,2,0,2,1,20,658
0,2,0,2,1,30,528
0,2,0,2,1,40,447
0,2,0,2,1,50,427
0,2,0,2,1,60,375
0,2,0,2,1,70,370
0,2,0,2,1,80,404
0,2,0,2,1,90,353
0,2,0,2,1,100,299
0,2,0,2,1,110,339
0,2,0,2,1,120,300
0,2,0,2,1,130,345
0,2,0,2,1,140,267
0,2,0,2,1,150,330
0,2,0,2,1,160,331
0,2,0,2,1,170,320
0,2,0,2,1,180,340
0,2,0,2,1,190,313
0,2,0,2,1,200,237
0,2,0,2,1,210,256
0,2,0,2,1,220,275
0,2,0,2,1,230,206
0,2,0,2,1,240,177
0,2,0,2,1,250,205
0,2,0,2,1,260,222
0,2,0,2,1,270,16
0,2,0,2,1,280,5
0,2,0,2,1,290,2
0,2,0,2,1,300,0
0,2,0,2,2,10,699
0,2,0,2,2,20,724
0,2,0,2,2,30,642
0,2,0,2,2,40,568
0,2,0,2,2,50,538
0,2,0,2,2,60,489
0,2,0,2,2,70,454
0,2,0,2,2,80,395
0,2,0,2,2,90,366
0,2,0,2,2,100,362
0,2,0,2,2,110,409
0,2,0,2,2,120,334
0,2,0,2,2,130,318
0,2,0,2,2,140,318
0,2,0,2,2,150,281
0,2,0,2,2,160,275
0,2,0,2,2,170,235
0,2,0,2,2,180,210
0,2,0,2,2,190,229
0,2,0,2,2,200,258
0,2,0,2,2,210,252
0,2,0,2,2,220,205
0,2,0,2,2,230,196
0,2,0,2,2,240,231
0,2,0,2,2,250,237
0,2,0,2,2,260,190
0,2,0,2,2,270,17
0,2,0,2,2,280,2
0,2,0,2,3,10,701
0,2,0,2,3,20,599
0,2,0,2,3,30,524
0,2,0,2,3,40,529
0,2,0,2,3,50,460
0,2,0,2,3,60,460
0,2,0,2,3,70,494
0,2,0,2,3,80,486
0,2,0,2,3,90,382
0,2,0,2,3,100,361
0,2,0,2,3,110,380
0,2,0,2,3,120,389
0,2,0,2,3,130,347
0,2,0,2,3,140,311
0,2,0,2,3,150,356
0,2,0,2,3,160,328
0,2,0,2,3,170,294
0,2,0,2,3,180,310
0,2,0,2,3,190,285
0,2,0,2,3,200,237
0,2,0,2,3,210,262
0,2,0,2,3,220,244
0,2,0,2,3,230,289
0,2,0,2,3,240,283
0,2,0,2,3,250,304
0,2,0,2,3,260,246
0,2,0,2,3,270,21
0,2,0,2,3,280,4
0,2,0,2,3,290,12
0,2,0,2,3,300,9
0,2,0,2,3,310,16
0,2,0,2,3,320,10
0,2,0,2,3,330,15
0,2,0,2,3,340,15
0,2,0,2,3,350,23
0,2,0,2,3,360,22
0,2,0,2,3,370,28
0,2,0,2,3,380,28
0,2,0,2,3,390,25
0,2,0,2,3,400,33
0,2,0,2,3,410,41
0,2,0,2,3,420,36
0,2,0,2,3,430,25
0,2,0,2,3,440,22
0,2,0,2,3,450,21
0,2,0,2,3,460,44
0,2,0,2,3,470,39
0,2,0,2,3,480,52
0,2,0,2,3,490,42
0,2,0,2,3,500,38
0,2,0,2,3,510,22
0,2,0,2,3,520,25
0,2,0,2,3,530,24
0,2,0,2,3,540,17
0,2,0,2,3,550,19
0,2,0,2,3,560,40
0,2,0,2,3,570,32
0,2,0,2,3,580,32
0,2,0,2,3,590,32
0,2,0,2,3,600,20
0,2,0,2,3,610,10
0,2,0,2,3,620,40
0,2,0,2,3,630,18
0,2,0,2,3,640,24
0,2,0,2,3,650,18
0,2,0,2,3,660,24
0,2,0,2,3,670,27
0,2,0,2,3,680,17
0,2,0,2,3,690,12
0,2,0,2,3,700,25
0,2,0,2,3,710,25
0,2,0,2,3,720,38
0,2,0,2,3,730,29
0,2,0,2,3,740,23
0,2,0,2,3,750,12
0,2,0,2,3,760,10
0,2,0,2,3,770,4
0,2,0,2,3,780,0
0,2,2,0,0,10,701
0,2,2,0,0,20,728
0,2,2,0,0,30,618
0,2,2,0,0,40,638
0,2,2,0,0,50,667
0,2,2,0,0,60,679
0,2,2,0,0,70,592
0,2,2,0,0,80,632
0,2,2,0,0,90,619
0,2,2,0,0,100,744
0,2,2,0,0,110,630
0,2,2,0,0,120,606
0,2,2,0,0,130,628
0,2,2,0,0,140,641
0,2,2,0,0,150,557
0,2,2,0,0,160,632
0,2,2,0,0,170,656
0,2,2,0,0,180,613
0,2,2,0,0,190,554
0,2,2,0,0,200,566
0,2,2,0,0,210,593
0,2,2,0,0,220,604
0,2,2,0,0,230,610
0,2,2,0,0,240,659
0,2,2,0,0,250,574
0,2,2,0,0,260,541
0,2,2,0,0,270,69
0,2,2,0,0,280,31
0,2,2,0,0,290,26
0,2,2,0,0,300,45
0,2,2,0,0,310,40
0,2,2,0,0,320,70
0,2,2,0,0,330,80
0,2,2,0,0,340,86
0,2,2,0,0,350,96
0,2,2,0,0,360,114
0,2,2,0,0,370,132
0,2,2,0,0,380,126
0,2,2,0,0,390,133
0,2,2,0,0,400,138
0,2,2,0,0,410,145
0,2,2,0,0,420,138
0,2,2,0,0,430,129
0,2,2,0,0,440,146
0,2,2,0,0,450,138
0,2,2,0,0,460,147
0,2,2,0,0,470,185
0,2,2,0,0,480,181
0,2,2,0,0,490,201
0,2,2,0,0,500,208
0,2,2,0,0,510,252
0,2,2,0,0,520,260
0,2,2,0,0,530,313
0,2,2,0,0,540,379
0,2,2,0,0,550,422
0,2,2,0,0,560,434
0,2,2,0,0,570,403
0,2,2,0,0,580,431
0,2,2,0,0,590,404
0,2,2,0,0,600,455
0,2,2,0,0,610,523
0,2,2,0,0,620,607
0,2,2,0,0,630,636
0,2,2,0,0,640,612
0,2,2,0,0,650,639
0,2,2,0,0,660,628
0,2,2,0,0,670,539
0,2,2,0,0,680,581
0,2,2,0,0,690,528
0,2,2,0,0,700,607
0,2,2,0,0,710,560
0,2,2,0,0,720,531
0,2,2,0,0,730,616
0,2,2,0,0,740,604
0,2,2,0,0,750,628
0,2,2,0,0,760,642
0,2,2,0,0,770,641
0,2,2,0,0,780,614
0,2,2,0,0,790,720
0,2,2,0,0,800,672
0,2,2,0,0,810,597
0,2,2,0,0,820,675
0,2,2,0,0,830,721
0,2,2,0,0,840,707
0,2,2,0,0,850,674
0,2,2,0,0,860,677
0,2,2,0,0,870,659
0,2,2,0,0,880,706
0,2,2,0,0,890,622
0,2,2,0,0,900,605
0,2,2,0,0,910,643
0,2,2,0,1,10,699
0,2,2,0,1,20,793
0,2,2,0,1,30,708
0,2,2,0,1,40,690
0,2,2,0,1,50,764
0,2,2,0,1,60,706
0,2,2,0,1,70,685
0,2,2,0,1,80,675
0,2,2,0,1,90,679
0,2,2,0,1,100,684
0,2,2,0,1,110,666
0,2,2,0,1,120,710
0,2,2,0,1,130,684
0,2,2,0,1,140,720
0,2,2,0,1,150,763
0,2,2,0,1,160,830
0,2,2,0,1,170,674
0,2,2,0,1,180,682
0,2,2,0,1,190,613
0,2,2,0,1,200,620
0,2,2,0,1,210,623
0,2,2,0,1,220,678
0,2,2,0,1,230,644
0,2,2,0,1,240,658
0,2,2,0,1,250,627
0,2,2,0,1,260,607
0,2,2,0,1,270,104
0,2,2,0,1,280,63
0,2,2,0,1,290,93
0,2,2,0,1,300,147
0,2,2,0,1,310,198
0,2,2,0,1,320,199
0,2,2,0,1,330,218
0,2,2,0,1,340,247
0,2,2,0,1,350,230
0,2,2,0,1,360,285
0,2,2,0,1,370,275
0,2,2,0,1,380,305
0,2,2,0,1,390,313
0,2,2,0,1,400,293
0,2,2,0,1,410,365
0,2,2,0,1,420,460
0,2,2,0,1,430,471
0,2,2,0,1,440,444
0,2,2,0,1,450,420
0,2,2,0,1,460,435
0,2,2,0,1,470,495
0,2,2,0,1,480,492
0,2,2,0,1,490,428
0,2,2,0,1,500,498
0,2,2,0,1,510,456
0,2,2,0,1,520,567
0,2,2,0,1,530,620
0,2,2,0,1,540,537
0,2,2,0,1,550,621
0,2,2,0,1,560,602
0,2,2,0,1,570,563
0,2,2,0,1,580,559
0,2,2,0,1,590,624
0,2,2,0,1,600,551
0,2,2,0,1,610,691
0,2,2,0,1,620,620
0,2,2,0,1,630,583
0,2,2,0,1,640,568
0,2,2,0,1,650,521
0,2,2,0,1,660,600
0,2,2,0,1,670,717
0,2,2,0,1,680,645
0,2,2,0,1,690,589
0,2,2,0,1,700,659
0,2,2,0,1,710,645
0,2,2,0,1,720,707
0,2,2,0,1,730,655
0,2,2,0,1,740,676
0,2,2,0,1,750,647
0,2,2,0,1,760,663
0,2,2,0,1,770,596
0,2,2,0,1,780,571
0,2,2,0,1,790,633
0,2,2,0,1,800,624
0,2,2,0,1,810,668
0,2,2,0,1,820,676
0,2,2,0,1,830,748
0,2,2,0,1,840,616
0,2,2,0,1,850,576
0,2,2,0,1,860,608
0,2,2,0,1,870,628
0,2,2,0,1,880,709
0,2,2,0,1,890,666
0,2,2,0,1,900,588
0,2,2,0,1,910,597
0,2,2,0,2,10,699
0,2,2,0,2,20,696
0,2,2,0,2,30,756
0,2,2,0,2,40,670
0,2,2,0,2,50,787
0,2,2,0,2,60,747
0,2,2,0,2,70,727
0,2,2,0,2,80,742
0,2,2,0,2,90,739
0,2,2,0,2,100,742
0,2,2,0,2,110,678
0,2,2,0,2,120,696
0,2,2,0,2,130,755
0,2,2,0,2,140,653
0,2,2,0,2,150,685
0,2,2,0,2,160,718
0,2,2,0,2,170,754
0,2,2,0,2,180,714
0,2,2,0,2,190,645
0,2,2,0,2,200,702
0,2,2,0,2,210,780
0,2,2,0,2,220,719
0,2,2,0,2,230,695
0,2,2,0,2,240,650
0,2,2,0,2,250,596
0,2,2,0,2,260,645
0,2,2,0,2,270,111
0,2,2,0,2,280,96
0,2,2,0,2,290,109
0,2,2,0,2,300,187
0,2,2,0,2,310,177
0,2,2,0,2,320,227
0,2,2,0,2,330,302
0,2,2,0,2,340,276
0,2,2,0,2,350,326
0,2,2,0,2,360,372
0,2,2,0,2,370,410
0,2,2,0,2,380,430
0,2,2,0,2,390,481
0,2,2,0,2,400,479
0,2,2,0,2,410,500
0,2,2,0,2,420,514
0,2,2,0,2,430,506
0,2,2,0,2,440,512
0,2,2,0,2,450,515
0,2,2,0,2,460,542
0,2,2,0,2,470,554
0,2,2,0,2,480,637
0,2,2,0,2,490,622
0,2,2,0,2,500,654
0,2,2,0,2,510,681
0,2,2,0,2,520,630
0,2,2,0,2,530,554
0,2,2,0,2,540,557
0,2,2,0,2,550,555
0,2,2,0,2,560,630
0,2,2,0,2,570,650
0,2,2,0,2,580,695
0,2,2,0,2,590,644
0,2,2,0,2,600,659
0,2,2,0,2,610,715
0,2,2,0,2,620,665
0,2,2,0,2,630,701
0,2,2,0,2,640,770
0,2,2,0,2,650,683
0,2,2,0,2,660,661
0,2,2,0,2,670,671
0,2,2,0,2,680,562
0,2,2,0,2,690,592
0,2,2,0,2,700,534
0,2,2,0,2,710,564
0,2,2,0,2,720,538
0,2,2,0,2,730,559
0,2,2,0,2,740,529
0,2,2,0,2,750,541
0,2,2,0,2,760,547
0,2,2,0,2,770,582
0,2,2,0,2,780,651
0,2,2,0,2,790,538
0,2,2,0,2,800,593
0,2,2,0,2,810,581
0,2,2,0,2,820,549
0,2,2,0,2,830,568
0,2,2,0,2,840,513
0,2,2,0,2,850,539
0,2,2,0,2,860,495
0,2,2,0,2,870,499
0,2,2,0,2,880,527
0,2,2,0,2,890,521
0,2,2,0,2,900,506
0,2,2,0,2,910,569
0,2,2,0,3,10,699
0,2,2,0,3,20,767
0,2,2,0,3,30,720
0,2,2,0,3,40,788
0,2,2,0,3,50,741
0,2,2,0,3,60,695
0,2,2,0,3,70,603
0,2,2,0,3,80,564
0,2,2,0,3,90,594
0,2,2,0,3,100,613
0,2,2,0,3,110,660
0,2,2,0,3,120,693
0,2,2,0,3,130,646
0,2,2,0,3,140,675
0,2,2,0,3,150,779
0,2,2,0,3,160,693
0,2,2,0,3,170,724
0,2,2,0,3,180,676
0,2,2,0,3,190,643
0,2,2,0,3,200,644
0,2,2,0,3,210,647
0,2,2,0,3,220,667
0,2,2,0,3,230,621
0,2,2,0,3,240,669
0,2,2,0,3,250,666
0,2,2,0,3,260,580
0,2,2,0,3,270,83
0,2,2,0,3,280,54
0,2,2,0,3,290,40
0,2,2,0,3,300,30
0,2,2,0,3,310,40
0,2,2,0,3,320,53
0,2,2,0,3,330,85
0,2,2,0,3,340,105
0,2,2,0,3,350,82
0,2,2,0,3,360,54
0,2,2,0,3,370,93
0,2,2,0,3,380,90
0,2,2,0,3,390,99
0,2,2,0,3,400,91
0,2,2,0,3,410,129
0,2,2,0,3,420,110
0,2,2,0,3,430,103
0,2,2,0,3,440,115
0,2,2,0,3,450,102
0,2,2,0,3,460,150
0,2,2,0,3,470,163
0,2,2,0,3,480,164
0,2,2,0,3,490,146
0,2,2,0,3,500,117
0,2,2,0,3,510,152
0,2,2,0,3,520,153
0,2,2,0,3,530,123
0,2,2,0,3,540,159
0,2,2,0,3,550,200
0,2,2,0,3,560,222
0,2,2,0,3,570,235
0,2,2,0,3,580,227
0,2,2,0,3,590,226
0,2,2,0,3,600,200
0,2,2,0,3,610,202
0,2,2,0,3,620,201
0,2,2,0,3,630,206
0,2,2,0,3,640,209
0,2,2,0,3,650,191
0,2,2,0,3,660,201
0,2,2,0,3,670,195
0,2,2,0,3,680,175
0,2,2,0,3,690,194
0,2,2,0,3,700,201
0,2,2,0,3,710,220
0,2,2,0,3,720,228
0,2,2,0,3,730,261
0,2,2,0,3,740,255
0,2,2,0,3,750,233
0,2,2,0,3,760,198
0,2,2,0,3,770,217
0,2,2,0,3,780,200
0,2,2,0,3,790,173
0,2,2,0,3,800,213
0,2,2,0,3,810,252
0,2,2,0,3,820,218
0,2,2,0,3,830,188
0,2,2,0,3,840,230
0,2,2,0,3,850,219
0,2,2,0,3,860,217
0,2,2,0,3,870,310
0,2,2,0,3,880,238
0,2,2,0,3,890,262
0,2,2,0,3,900,300
0,2,2,0,3,910,357
0,2,2,1,0,10,699
0,2,2,1,0,20,738
0,2,2,1,0,30,657
0,2,2,1,0,40,745
0,2,2,1,0,50,616
0,2,2,1,0,60,631
0,2,2,1,0,70,669
0,2,2,1,0,80,722
0,2,2,1,0,90,710
0,2,2,1,0,100,634
0,2,2,1,0,110,608
0,2,2,1,0,120,643
0,2,2,1,0,130,602
0,2,2,1,0,140,653
0,2,2,1,0,150,612
0,2,2,1,0,160,650
0,2,2,1,0,170,634
0,2,2,1,0,180,648
0,2,2,1,0,190,647
0,2,2,1,0,200,630
0,2,2,1,0,210,636
0,2,2,1,0,220,614
0,2,2,1,0,230,659
0,2,2,1,0,240,690
0,2,2,1,0,250,626
0,2,2,1,0,260,689
0,2,2,1,0,270,83
0,2,2,1,0,280,18
0,2,2,1,0,290,42
0,2,2,1,0,300,53
0,2,2,1,0,310,41
0,2,2,1,0,320,50
0,2,2,1,0,330,104
0,2,2,1,0,340,106
0,2,2,1,0,350,78
0,2,2,1,0,360,128
0,2,2,1,0,370,137
0,2,2,1,0,380,165
0,2,2,1,0,390,86
0,2,2,1,0,400,141
0,2,2,1,0,410,128
0,2,2,1,0,420,155
0,2,2,1,0,430,162
0,2,2,1,0,440,214
0,2,2,1,0,450,227
0,2,2,1,0,460,281
0,2,2,1,0,470,250
0,2,2,1,0,480,270
0,2,2,1,0,490,257
0,2,2,1,0,500,299
0,2,2,1,0,510,277
0,2,2,1,0,520,289
0,2,2,1,0,530,244
0,2,2,1,0,540,251
0,2,2,1,0,550,253
0,2,2,1,0,560,269
0,2,2,1,0,570,300
0,2,2,1,0,580,341
0,2,2,1,0,590,353
0,2,2,1,0,600,376
0,2,2,1,0,610,421
0,2,2,1,0,620,384
0,2,2,1,0,630,455
0,2,2,1,0,640,430
0,2,2,1,0,650,381
0,2,2,1,0,660,390
0,2,2,1,0,670,380
0,2,2,1,0,680,318
0,2,2,1,0,690,347
0,2,2,1,0,700,341
0,2,2,1,0,710,357
0,2,2,1,0,720,317
0,2,2,1,0,730,307
0,2,2,1,0,740,325
0,2,2,1,0,750,349
0,2,2,1,0,760,402
0,2,2,1,0,770,358
0,2,2,1,0,780,387
0,2,2,1,0,790,414
0,2,2,1,0,800,385
0,2,2,1,0,810,354
0,2,2,1,0,820,302
0,2,2,1,0,830,356
0,2,2,1,0,840,316
0,2,2,1,0,850,256
0,2,2,1,0,860,276
0,2,2,1,0,870,273
0,2,2,1,0,880,275
0,2,2,1,0,890,318
0,2,2,1,0,900,254
0,2,2,1,0,910,263
0,2,2,1,1,10,701
0,2,2,1,1,20,717
0,2,2,1,1,30,758
0,2,2,1,1,40,595
0,2,2,1,1,50,711
0,2,2,1,1,60,692
0,2,2,1,1,70,648
0,2,2,1,1,80,684
0,2,2,1,1,90,702
0,2,2,1,1,100,683
0,2,2,1,1,110,749
0,2,2,1,1,120,674
0,2,2,1,1,130,631
0,2,2,1,1,140,657
0,2,2,1,1,150,674
0,2,2,1,1,160,668
0,2,2,1,1,170,657
0,2,2,1,1,180,617
0,2,2,1,1,190,615
0,2,2,1,1,200,749
0,2,2,1,1,210,690
0,2,2,1,1,220,677
0,2,2,1,1,230,617
0,2,2,1,1,240,552
0,2,2,1,1,250,542
0,2,2,1,1,260,614
0,2,2,1,1,270,60
0,2,2,1,1,280,20
0,2,2,1,1,290,9
0,2,2,1,1,300,17
0,2,2,1,1,310,9
0,2,2,1,1,320,2
0,2,2,1,1,330,22
0,2,2,1,1,340,23
0,2,2,1,1,350,24
0,2,2,1,1,360,55
0,2,2,1,1,370,57
0,2,2,1,1,380,52
0,2,2,1,1,390,37
0,2,2,1,1,400,56
0,2,2,1,1,410,59
0,2,2,1,1,420,43
0,2,2,1,1,430,53
0,2,2,1,1,440,32
0,2,2,1,1,450,56
0,2,2,1,1,460,89
0,2,2,1,1,470,70
0,2,2,1,1,480,66
0,2,2,1,1,490,82
0,2,2,1,1,500,42
0,2,2,1,1,510,60
0,2,2,1,1,520,69
0,2,2,1,1,530,67
0,2,2,1,1,540,52
0,2,2,1,1,550,57
0,2,2,1,1,560,41
0,2,2,1,1,570,67
0,2,2,1,1,580,82
0,2,2,1,1,590,48
0,2,2,1,1,600,59
0,2,2,1,1,610,92
0,2,2,1,1,620,63
0,2,2,1,1,630,74
0,2,2,1,1,640,84
0,2,2,1,1,650,117
0,2,2,1,1,660,91
0,2,2,1,1,670,131
0,2,2,1,1,680,154
0,2,2,1,1,690,176
0,2,2,1,1,700,157
0,2,2,1,1,710,164
0,2,2,1,1,720,174
0,2,2,1,1,730,169
0,2,2,1,1,740,130
0,2,2,1,1,750,158
0,2,2,1,1,760,193
0,2,2,1,1,770,196
0,2,2,1,1,780,207
0,2,2,1,1,790,196
0,2,2,1,1,800,185
0,2,2,1,1,810,212
0,2,2,1,1,820,198
0,2,2,1,1,830,204
0,2,2,1,1,840,192
0,2,2,1,1,850,178
0,2,2,1,1,860,204
0,2,2,1,1,870,221
0,2,2,1,1,880,154
0,2,2,1,1,890,183
0,2,2,1,1,900,146
0,2,2,1,1,910,178
0,2,2,1,2,10,699
0,2,2,1,2,20,698
0,2,2,1,2,30,702
0,2,2,1,2,40,577
0,2,2,1,2,50,711
0,2,2,1,2,60,726
0,2,2,1,2,70,761
0,2,2,1,2,80,766
0,2,2,1,2,90,686
0,2,2,1,2,100,711
0,2,2,1,2,110,729
0,2,2,1,2,120,657
0,2,2,1,2,130,659
0,2,2,1,2,140,625
0,2,2,1,2,150,645
0,2,2,1,2,160,608
0,2,2,1,2,170,769
0,2,2,1,2,180,716
0,2,2,1,2,190,647
0,2,2,1,2,200,636
0,2,2,1,2,210,625
0,2,2,1,2,220,690
0,2,2,1,2,230,758
0,2,2,1,2,240,665
0,2,2,1,2,250,566
0,2,2,1,2,260,648
0,2,2,1,2,270,100
0,2,2,1,2,280,143
0,2,2,1,2,290,152
0,2,2,1,2,300,233
0,2,2,1,2,310,232
0,2,2,1,2,320,249
0,2,2,1,2,330,252
0,2,2,1,2,340,291
0,2,2,1,2,350,287
0,2,2,1,2,360,270
0,2,2,1,2,370,300
0,2,2,1,2,380,338
0,2,2,1,2,390,370
0,2,2,1,2,400,391
0,2,2,1,2,410,385
0,2,2,1,2,420,448
0,2,2,1,2,430,436
0,2,2,1,2,440,436
0,2,2,1,2,450,483
0,2,2,1,2,460,511
0,2,2,1,2,470,516
0,2,2,1,2,480,498
0,2,2,1,2,490,493
0,2,2,1,2,500,603
0,2,2,1,2,510,665
0,2,2,1,2,520,595
0,2,2,1,2,530,636
0,2,2,1,2,540,569
0,2,2,1,2,550,657
0,2,2,1,2,560,666
0,2,2,1,2,570,591
0,2,2,1,2,580,620
0,2,2,1,2,590,628
0,2,2,1,2,600,593
0,2,2,1,2,610,566
0,2,2,1,2,620,535
0,2,2,1,2,630,451
0,2,2,1,2,640,510
0,2,2,1,2,650,532
0,2,2,1,2,660,523
0,2,2,1,2,670,501
0,2,2,1,2,680,497
0,2,2,1,2,690,537
0,2,2,1,2,700,667
0,2,2,1,2,710,498
0,2,2,1,2,720,560
0,2,2,1,2,730,568
0,2,2,1,2,740,604
0,2,2,1,2,750,529
0,2,2,1,2,760,538
0,2,2,1,2,770,493
0,2,2,1,2,780,565
0,2,2,1,2,790,598
0,2,2,1,2,800,556
0,2,2,1,2,810,643
0,2,2,1,2,820,657
0,2,2,1,2,830,670
0,2,2,1,2,840,711
0,2,2,1,2,850,628
0,2,2,1,2,860,610
0,2,2,1,2,870,553
0,2,2,1,2,880,533
0,2,2,1,2,890,527
0,2,2,1,2,900,542
0,2,2,1,2,910,562
0,2,2,1,3,10,701
0,2,2,1,3,20,681
0,2,2,1,3,30,650
0,2,2,1,3,40,677
0,2,2,1,3,50,681
0,2,2,1,3,60,649
0,2,2,1,3,70,692
0,2,2,1,3,80,645
0,2,2,1,3,90,586
0,2,2,1,3,100,637
0,2,2,1,3,110,528
0,2,2,1,3,120,554
0,2,2,1,3,130,538
0,2,2,1,3,140,564
0,2,2,1,3,150,527
0,2,2,1,3,160,564
0,2,2,1,3,170,572
0,2,2,1,3,180,653
0,2,2,1,3,190,614
0,2,2,1,3,200,652
0,2,2,1,3,210,543
0,2,2,1,3,220,533
0,2,2,1,3,230,514
0,2,2,1,3,240,564
0,2,2,1,3,250,625
0,2,2,1,3,260,595
0,2,2,1,3,270,127
0,2,2,1,3,280,119
0,2,2,1,3,290,115
0,2,2,1,3,300,112
0,2,2,1,3,310,113
0,2,2,1,3,320,120
0,2,2,1,3,330,120
0,2,2,1,3,340,177
0,2,2,1,3,350,167
0,2,2,1,3,360,206
0,2,2,1,3,370,219
0,2,2,1,3,380,234
0,2,2,1,3,390,207
0,2,2,1,3,400,238
0,2,2,1,3,410,245
0,2,2,1,3,420,255
0,2,2,1,3,430,248
0,2,2,1,3,440,269
0,2,2,1,3,450,260
0,2,2,1,3,460,291
0,2,2,1,3,470,254
0,2,2,1,3,480,336
0,2,2,1,3,490,297
0,2,2,1,3,500,379
0,2,2,1,3,510,396
0,2,2,1,3,520,398
0,2,2,1,3,530,376
0,2,2,1,3,540,386
0,2,2,1,3,550,451
0,2,2,1,3,560,420
0,2,2,1,3,570,468
0,2,2,1,3,580,475
0,2,2,1,3,590,556
0,2,2,1,3,600,541
0,2,2,1,3,610,522
0,2,2,1,3,620,530
0,2,2,1,3,630,542
0,2,2,1,3,640,572
0,2,2,1,3,650,589
0,2,2,1,3,660,587
0,2,2,1,3,670,542
0,2,2,1,3,680,564
0,2,2,1,3,690,560
0,2,2,1,3,700,626
0,2,2,1,3,710,626
0,2,2,1,3,720,546
0,2,2,1,3,730,630
0,2,2,1,3,740,617
0,2,2,1,3,750,659
0,2,2,1,3,760,686
0,2,2,1,3,770,705
0,2,2,1,3,780,697
0,2,2,1,3,790,712
0,2,2,1,3,800,756
0,2,2,1,3,810,731
0,2,2,1,3,820,743
0,2,2,1,3,830,700
0,2,2,1,3,840,666
0,2,2,1,3,850,720
0,2,2,1,3,860,661
0,2,2,1,3,870,702
0,2,2,1,3,880,676
0,2,2,1,3,890,676
0,2,2,1,3,900,678
0,2,2,1,3,910,742
0,2,2,2,0,10,701
0,2,2,2,0,20,788
0,2,2,2,0,30,737
0,2,2,2,0,40,661
0,2,2,2,0,50,641
0,2,2,2,0,60,694
0,2,2,2,0,70,615
0,2,2,2,0,80,700
0,2,2,2,0,90,661
0,2,2,2,0,100,637
0,2,2,2,0,110,654
0,2,2,2,0,120,614
0,2,2,2,0,130,618
0,2,2,2,0,140,619
0,2,2,2,0,150,623
0,2,2,2,0,160,673
0,2,2,2,0,170,605
0,2,2,2,0,180,589
0,2,2,2,0,190,605
0,2,2,2,0,200,561
0,2,2,2,0,210,619
0,2,2,2,0,220,718
0,2,2,2,0,230,730
0,2,2,2,0,240,649
0,2,2,2,0,250,631
0,2,2,2,0,260,652
0,2,2,2,0,270,90
0,2,2,2,0,280,34
0,2,2,2,0,290,46
0,2,2,2,0,300,21
0,2,2,2,0,310,10
0,2,2,2,0,320,4
0,2,2,2,0,330,8
0,2,2,2,0,340,18
0,2,2,2,0,350,16
0,2,2,2,0,360,47
0,2,2,2,0,370,50
0,2,2,2,0,380,60
0,2,2,2,0,390,43
0,2,2,2,0,400,26
0,2,2,2,0,410,27
0,2,2,2,0,420,50
0,2,2,2,0,430,56
0,2,2,2,0,440,61
0,2,2,2,0,450,40
0,2,2,2,0,460,65
0,2,2,2,0,470,64
0,2,2,2,0,480,62
0,2,2,2,0,490,100
0,2,2,2,0,500,120
0,2,2,2,0,510,145
0,2,2,2,0,520,214
0,2,2,2,0,530,165
0,2,2,2,0,540,144
0,2,2,2,0,550,149
0,2,2,2,0,560,151
0,2,2,2,0,570,108
0,2,2,2,0,580,159
0,2,2,2,0,590,220
0,2,2,2,0,600,256
0,2,2,2,0,610,230
0,2,2,2,0,620,199
0,2,2,2,0,630,221
0,2,2,2,0,640,246
0,2,2,2,0,650,298
0,2,2,2,0,660,243
0,2,2,2,0,670,274
0,2,2,2,0,680,285
0,2,2,2,0,690,272
0,2,2,2,0,700,272
0,2,2,2,0,710,337
0,2,2,2,0,720,301
0,2,2,2,0,730,353
0,2,2,2,0,740,340
0,2,2,2,0,750,277
0,2,2,2,0,760,317
0,2,2,2,0,770,314
0,2,2,2,0,780,315
0,2,2,2,0,790,285
0,2,2,2,0,800,294
0,2,2,2,0,810,290
0,2,2,2,0,820,343
0,2,2,2,0,830,343
0,2,2,2,0,840,318
0,2,2,2,0,850,277
0,2,2,2,0,860,274
0,2,2,2,0,870,289
0,2,2,2,0,880,292
0,2,2,2,0,890,265
0,2,2,2,0,900,260
0,2,2,2,0,910,250
0,2,2,2,1,10,699
0,2,2,2,1,20,718
0,2,2,2,1,30,725
0,2,2,2,1,40,692
0,2,2,2,1,50,662
0,2,2,2,1,60,592
0,2,2,2,1,70,673
0,2,2,2,1,80,663
0,2,2,2,1,90,694
0,2,2,2,1,100,663
0,2,2,2,1,110,625
0,2,2,2,1,120,626
0,2,2,2,1,130,706
0,2,2,2,1,140,677
0,2,2,2,1,150,640
0,2,2,2,1,160,576
0,2,2,2,1,170,663
0,2,2,2,1,180,662
0,2,2,2,1,190,622
0,2,2,2,1,200,653
0,2,2,2,1,210,739
0,2,2,2,1,220,729
0,2,2,2,1,230,679
0,2,2,2,1,240,712
0,2,2,2,1,250,783
0,2,2,2,1,260,747
0,2,2,2,1,270,111
0,2,2,2,1,280,39
0,2,2,2,1,290,34
0,2,2,2,1,300,63
0,2,2,2,1,310,84
0,2,2,2,1,320,110
0,2,2,2,1,330,102
0,2,2,2,1,340,87
0,2,2,2,1,350,109
0,2,2,2,1,360,99
0,2,2,2,1,370,155
0,2,2,2,1,380,136
0,2,2,2,1,390,95
0,2,2,2,1,400,163
0,2,2,2,1,410,194
0,2,2,2,1,420,187
0,2,2,2,1,430,128
0,2,2,2,1,440,126
0,2,2,2,1,450,151
0,2,2,2,1,460,159
0,2,2,2,1,470,208
0,2,2,2,1,480,244
0,2,2,2,1,490,250
0,2,2,2,1,500,241
0,2,2,2,1,510,247
0,2,2,2,1,520,233
0,2,2,2,1,530,250
0,2,2,2,1,540,242
0,2,2,2,1,550,291
0,2,2,2,1,560,253
0,2,2,2,1,570,255
0,2,2,2,1,580,313
0,2,2,2,1,590,297
0,2,2,2,1,600,243
0,2,2,2,1,610,274
0,2,2,2,1,620,295
0,2,2,2,1,630,249
0,2,2,2,1,640,263
0,2,2,2,1,650,237
0,2,2,2,1,660,230
0,2,2,2,1,670,266
0,2,2,2,1,680,245
0,2,2,2,1,690,248
0,2,2,2,1,700,192
0,2,2,2,1,710,234
0,2,2,2,1,720,247
0,2,2,2,1,730,241
0,2,2,2,1,740,190
0,2,2,2,1,750,226
0,2,2,2,1,760,284
0,2,2,2,1,770,274
0,2,2,2,1,780,255
0,2,2,2,1,790,276
0,2,2,2,1,800,272
0,2,2,2,1,810,313
0,2,2,2,1,820,331
0,2,2,2,1,830,357
0,2,2,2,1,840,283
0,2,2,2,1,850,329
0,2,2,2,1,860,368
0,2,2,2,1,870,342
0,2,2,2,1,880,296
0,2,2,2,1,890,333
0,2,2,2,1,900,300
0,2,2,2,1,910,336
0,2,2,2,2,10,699
0,2,2,2,2,20,677
0,2,2,2,2,30,747
0,2,2,2,2,40,710
0,2,2,2,2,50,692
0,2,2,2,2,60,663
0,2,2,2,2,70,721
0,2,2,2,2,80,703
0,2,2,2,2,90,660
0,2,2,2,2,100,607
0,2,2,2,2,110,585
0,2,2,2,2,120,622
0,2,2,2,2,130,577
0,2,2,2,2,140,611
0,2,2,2,2,150,628
0,2,2,2,2,160,700
0,2,2,2,2,170,552
0,2,2,2,2,180,510
0,2,2,2,2,190,474
0,2,2,2,2,200,535
0,2,2,2,2,210,472
0,2,2,2,2,220,503
0,2,2,2,2,230,408
0,2,2,2,2,240,492
0,2,2,2,2,250,559
0,2,2,2,2,260,564
0,2,2,2,2,270,72
0,2,2,2,2,280,53
0,2,2,2,2,290,34
0,2,2,2,2,300,51
0,2,2,2,2,310,48
0,2,2,2,2,320,46
0,2,2,2,2,330,41
0,2,2,2,2,340,49
0,2,2,2,2,350,69
0,2,2,2,2,360,60
0,2,2,2,2,370,87
0,2,2,2,2,380,112
0,2,2,2,2,390,125
0,2,2,2,2,400,139
0,2,2,2,2,410,135
0,2,2,2,2,420,145
0,2,2,2,2,430,138
0,2,2,2,2,440,206
0,2,2,2,2,450,151
0,2,2,2,2,460,125
0,2,2,2,2,470,116
0,2,2,2,2,480,116
0,2,2,2,2,490,142
0,2,2,2,2,500,169
0,2,2,2,2,510,193
0,2,2,2,2,520,214
0,2,2,2,2,530,228
0,2,2,2,2,540,235
0,2,2,2,2,550,223
0,2,2,2,2,560,224
0,2,2,2,2,570,214
0,2,2,2,2,580,164
0,2,2,2,2,590,211
0,2,2,2,2,600,248
0,2,2,2,2,610,166
0,2,2,2,2,620,154
0,2,2,2,2,630,163
0,2,2,2,2,640,169
0,2,2,2,2,650,190
0,2,2,2,2,660,202
0,2,2,2,2,670,222
0,2,2,2,2,680,211
0,2,2,2,2,690,181
0,2,2,2,2,700,234
0,2,2,2,2,710,185
0,2,2,2,2,720,156
0,2,2,2,2,730,137
0,2,2,2,2,740,156
0,2,2,2,2,750,187
0,2,2,2,2,760,212
0,2,2,2,2,770,197
0,2,2,2,2,780,197
0,2,2,2,2,790,243
0,2,2,2,2,800,234
0,2,2,2,2,810,252
0,2,2,2,2,820,280
0,2,2,2,2,830,220
0,2,2,2,2,840,254
0,2,2,2,2,850,205
0,2,2,2,2,860,229
0,2,2,2,2,870,270
0,2,2,2,2,880,312
0,2,2,2,2,890,271
0,2,2,2,2,900,267
0,2,2,2,2,910,271
0,2,2,2,3,10,701
0,2,2,2,3,20,766
0,2,2,2,3,30,704
0,2,2,2,3,40,763
0,2,2,2,3,50,724
0,2,2,2,3,60,650
0,2,2,2,3,70,615
0,2,2,2,3,80,648
0,2,2,2,3,90,628
0,2,2,2,3,100,598
0,2,2,2,3,110,606
0,2,2,2,3,120,654
0,2,2,2,3,130,607
0,2,2,2,3,140,687
0,2,2,2,3,150,630
0,2,2,2,3,160,624
0,2,2,2,3,170,744
0,2,2,2,3,180,673
0,2,2,2,3,190,605
0,2,2,2,3,200,581
0,2,2,2,3,210,588
0,2,2,2,3,220,523
0,2,2,2,3,230,529
0,2,2,2,3,240,614
0,2,2,2,3,250,617
0,2,2,2,3,260,688
0,2,2,2,3,270,99
0,2,2,2,3,280,74
0,2,2,2,3,290,48
0,2,2,2,3,300,38
0,2,2,2,3,310,63
0,2,2,2,3,320,80
0,2,2,2,3,330,84
0,2,2,2,3,340,104
0,2,2,2,3,350,76
0,2,2,2,3,360,73
0,2,2,2,3,370,86
0,2,2,2,3,380,147
0,2,2,2,3,390,133
0,2,2,2,3,400,147
0,2,2,2,3,410,143
0,2,2,2,3,420,197
0,2,2,2,3,430,192
0,2,2,2,3,440,204
0,2,2,2,3,450,256
0,2,2,2,3,460,275
0,2,2,2,3,470,256
0,2,2,2,3,480,226
0,2,2,2,3,490,222
0,2,2,2,3,500,240
0,2,2,2,3,510,275
0,2,2,2,3,520,338
0,2,2,2,3,530,372
0,2,2,2,3,540,342
0,2,2,2,3,550,308
0,2,2,2,3,560,347
0,2,2,2,3,570,361
0,2,2,2,3,580,349
0,2,2,2,3,590,376
0,2,2,2,3,600,331
0,2,2,2,3,610,378
0,2,2,2,3,620,390
0,2,2,2,3,630,403
0,2,2,2,3,640,401
0,2,2,2,3,650,428
0,2,2,2,3,660,435
0,2,2,2,3,670,416
0,2,2,2,3,680,409
0,2,2,2,3,690,377
0,2,2,2,3,700,455
0,2,2,2,3,710,413
0,2,2,2,3,720,365
0,2,2,2,3,730,444
0,2,2,2,3,740,456
0,2,2,2,3,750,477
0,2,2,2,3,760,485
0,2,2,2,3,770,457
0,2,2,2,3,780,509
0,2,2,2,3,790,467
0,2,2,2,3,800,456
0,2,2,2,3,810,504
0,2,2,2,3,820,458
0,2,2,2,3,830,401
0,2,2,2,3,840,425
0,2,2,2,3,850,455
0,2,2,2,3,860,488
0,2,2,2,3,870,455
0,2,2,2,3,880,440
0,2,2,2,3,890,351
0,2,2,2,3,900,449
0,2,2,2,3,910,460
0,2,4,0,0,10,701
0,2,4,0,0,20,810
0,2,4,0,0,30,688
0,2,4,0,0,40,776
0,2,4,0,0,50,833
0,2,4,0,0,60,847
0,2,4,0,0,70,902
0,2,4,0,0,80,917
0,2,4,0,0,90,810
0,2,4,0,0,100,838
0,2,4,0,0,110,872
0,2,4,0,0,120,865
0,2,4,0,0,130,892
0,2,4,0,0,140,953
0,2,4,0,0,150,927
0,2,4,0,0,160,845
0,2,4,0,0,170,879
0,2,4,0,0,180,845
0,2,4,0,0,190,851
0,2,4,0,0,200,810
0,2,4,0,0,210,724
0,2,4,0,0,220,698
0,2,4,0,0,230,745
0,2,4,0,0,240,740
0,2,4,0,0,250,808
0,2,4,0,0,260,800
0,2,4,0,0,270,82
0,2,4,0,0,280,85
0,2,4,0,0,290,160
0,2,4,0,0,300,207
0,2,4,0,0,310,268
0,2,4,0,0,320,240
0,2,4,0,0,330,327
0,2,4,0,0,340,333
0,2,4,0,0,350,423
0,2,4,0,0,360,447
0,2,4,0,0,370,436
0,2,4,0,0,380,519
0,2,4,0,0,390,556
0,2,4,0,0,400,627
0,2,4,0,0,410,585
0,2,4,0,0,420,599
0,2,4,0,0,430,555
0,2,4,0,0,440,567
0,2,4,0,0,450,631
0,2,4,0,0,460,588
0,2,4,0,0,470,599
0,2,4,0,0,480,675
0,2,4,0,0,490,724
0,2,4,0,0,500,676
0,2,4,0,0,510,683
0,2,4,0,0,520,757
0,2,4,0,0,530,742
0,2,4,0,0,540,723
0,2,4,0,0,550,701
0,2,4,0,0,560,718
0,2,4,0,0,570,749
0,2,4,0,0,580,695
0,2,4,0,0,590,749
0,2,4,0,0,600,772
0,2,4,0,0,610,692
0,2,4,0,0,620,667
0,2,4,0,0,630,689
0,2,4,0,0,640,720
0,2,4,0,0,650,777
0,2,4,0,0,660,744
0,2,4,0,0,670,747
0,2,4,0,0,680,782
0,2,4,0,0,690,813
0,2,4,0,0,700,744
0,2,4,0,0,710,843
0,2,4,0,0,720,701
0,2,4,0,0,730,705
0,2,4,0,0,740,711
0,2,4,0,0,750,717
0,2,4,0,0,760,731
0,2,4,0,0,770,705
0,2,4,0,0,780,766
0,2,4,0,0,790,765
0,2,4,0,0,800,690
0,2,4,0,0,810,768
0,2,4,0,0,820,733
0,2,4,0,0,830,691
0,2,4,0,0,840,646
0,2,4,0,0,850,706
0,2,4,0,0,860,731
0,2,4,0,0,870,706
0,2,4,0,0,880,664
0,2,4,0,0,890,747
0,2,4,0,0,900,688
0,2,4,0,0,910,715
0,2,4,0,1,10,699
0,2,4,0,1,20,740
0,2,4,0,1,30,709
0,2,4,0,1,40,721
0,2,4,0,1,50,748
0,2,4,0,1,60,714
0,2,4,0,1,70,684
0,2,4,0,1,80,707
0,2,4,0,1,90,684
0,2,4,0,1,100,790
0,2,4,0,1,110,755
0,2,4,0,1,120,788
0,2,4,0,1,130,745
0,2,4,0,1,140,738
0,2,4,0,1,150,807
0,2,4,0,1,160,888
0,2,4,0,1,170,777
0,2,4,0,1,180,803
0,2,4,0,1,190,818
0,2,4,0,1,200,769
0,2,4,0,1,210,754
0,2,4,0,1,220,800
0,2,4,0,1,230,720
0,2,4,0,1,240,807
0,2,4,0,1,250,852
0,2,4,0,1,260,805
0,2,4,0,1,270,86
0,2,4,0,1,280,59
0,2,4,0,1,290,103
0,2,4,0,1,300,140
0,2,4,0,1,310,132
0,2,4,0,1,320,201
0,2,4,0,1,330,265
0,2,4,0,1,340,241
0,2,4,0,1,350,295
0,2,4,0,1,360,270
0,2,4,0,1,370,294
0,2,4,0,1,380,323
0,2,4,0,1,390,337
0,2,4,0,1,400,359
0,2,4,0,1,410,467
0,2,4,0,1,420,462
0,2,4,0,1,430,603
0,2,4,0,1,440,524
0,2,4,0,1,450,543
0,2,4,0,1,460,611
0,2,4,0,1,470,629
0,2,4,0,1,480,663
0,2,4,0,1,490,645
0,2,4,0,1,500,703
0,2,4,0,1,510,708
0,2,4,0,1,520,674
0,2,4,0,1,530,678
0,2,4,0,1,540,653
0,2,4,0,1,550,747
0,2,4,0,1,560,748
0,2,4,0,1,570,680
0,2,4,0,1,580,741
0,2,4,0,1,590,704
0,2,4,0,1,600,708
0,2,4,0,1,610,669
0,2,4,0,1,620,699
0,2,4,0,1,630,718
0,2,4,0,1,640,700
0,2,4,0,1,650,721
0,2,4,0,1,660,708
0,2,4,0,1,670,671
0,2,4,0,1,680,739
0,2,4,0,1,690,674
0,2,4,0,1,700,682
0,2,4,0,1,710,649
0,2,4,0,1,720,701
0,2,4,0,1,730,732
0,2,4,0,1,740,706
0,2,4,0,1,750,783
0,2,4,0,1,760,741
0,2,4,0,1,770,761
0,2,4,0,1,780,675
0,2,4,0,1,790,691
0,2,4,0,1,800,815
0,2,4,0,1,810,753
0,2,4,0,1,820,804
0,2,4,0,1,830,725
0,2,4,0,1,840,779
0,2,4,0,1,850,867
0,2,4,0,1,860,733
0,2,4,0,1,870,758
0,2,4,0,1,880,785
0,2,4,0,1,890,777
0,2,4,0,1,900,847
0,2,4,0,1,910,860
0,2,4,0,2,10,699
0,2,4,0,2,20,789
0,2,4,0,2,30,736
0,2,4,0,2,40,767
0,2,4,0,2,50,802
0,2,4,0,2,60,822
0,2,4,0,2,70,800
0,2,4,0,2,80,837
0,2,4,0,2,90,848
0,2,4,0,2,100,776
0,2,4,0,2,110,784
0,2,4,0,2,120,821
0,2,4,0,2,130,838
0,2,4,0,2,140,743
0,2,4,0,2,150,765
0,2,4,0,2,160,742
0,2,4,0,2,170,798
0,2,4,0,2,180,896
0,2,4,0,2,190,870
0,2,4,0,2,200,834
0,2,4,0,2,210,845
0,2,4,0,2,220,768
0,2,4,0,2,230,782
0,2,4,0,2,240,731
0,2,4,0,2,250,783
0,2,4,0,2,260,829
0,2,4,0,2,270,106
0,2,4,0,2,280,46
0,2,4,0,2,290,64
0,2,4,0,2,300,68
0,2,4,0,2,310,101
0,2,4,0,2,320,125
0,2,4,0,2,330,148
0,2,4,0,2,340,210
0,2,4,0,2,350,269
0,2,4,0,2,360,336
0,2,4,0,2,370,326
0,2,4,0,2,380,324
0,2,4,0,2,390,368
0,2,4,0,2,400,410
0,2,4,0,2,410,481
0,2,4,0,2,420,421
0,2,4,0,2,430,414
0,2,4,0,2,440,485
0,2,4,0,2,450,479
0,2,4,0,2,460,522
0,2,4,0,2,470,519
0,2,4,0,2,480,578
0,2,4,0,2,490,665
0,2,4,0,2,500,632
0,2,4,0,2,510,651
0,2,4,0,2,520,691
0,2,4,0,2,530,604
0,2,4,0,2,540,730
0,2,4,0,2,550,762
0,2,4,0,2,560,609
0,2,4,0,2,570,706
0,2,4,0,2,580,684
0,2,4,0,2,590,634
0,2,4,0,2,600,667
0,2,4,0,2,610,578
0,2,4,0,2,620,643
0,2,4,0,2,630,691
0,2,4,0,2,640,712
0,2,4,0,2,650,886
0,2,4,0,2,660,809
0,2,4,0,2,670,730
0,2,4,0,2,680,744
0,2,4,0,2,690,622
0,2,4,0,2,700,656
0,2,4,0,2,710,705
0,2,4,0,2,720,722
0,2,4,0,2,730,717
0,2,4,0,2,740,736
0,2,4,0,2,750,731
0,2,4,0,2,760,722
0,2,4,0,2,770,718
0,2,4,0,2,780,753
0,2,4,0,2,790,887
0,2,4,0,2,800,866
0,2,4,0,2,810,683
0,2,4,0,2,820,813
0,2,4,0,2,830,718
0,2,4,0,2,840,723
0,2,4,0,2,850,764
0,2,4,0,2,860,755
0,2,4,0,2,870,786
0,2,4,0,2,880,775
0,2,4,0,2,890,769
0,2,4,0,2,900,802
0,2,4,0,2,910,800
0,2,4,0,3,10,701
0,2,4,0,3,20,747
0,2,4,0,3,30,797
0,2,4,0,3,40,803
0,2,4,0,3,50,757
0,2,4,0,3,60,806
0,2,4,0,3,70,853
0,2,4,0,3,80,838
0,2,4,0,3,90,834
0,2,4,0,3,100,735
0,2,4,0,3,110,848
0,2,4,0,3,120,793
0,2,4,0,3,130,713
0,2,4,0,3,140,764
0,2,4,0,3,150,691
0,2,4,0,3,160,686
0,2,4,0,3,170,588
0,2,4,0,3,180,720
0,2,4,0,3,190,761
0,2,4,0,3,200,735
0,2,4,0,3,210,727
0,2,4,0,3,220,701
0,2,4,0,3,230,674
0,2,4,0,3,240,741
0,2,4,0,3,250,713
0,2,4,0,3,260,755
0,2,4,0,3,270,73
0,2,4,0,3,280,34
0,2,4,0,3,290,31
0,2,4,0,3,300,71
0,2,4,0,3,310,78
0,2,4,0,3,320,84
0,2,4,0,3,330,119
0,2,4,0,3,340,167
0,2,4,0,3,350,164
0,2,4,0,3,360,229
0,2,4,0,3,370,209
0,2,4,0,3,380,234
0,2,4,0,3,390,254
0,2,4,0,3,400,240
0,2,4,0,3,410,321
0,2,4,0,3,420,324
0,2,4,0,3,430,307
0,2,4,0,3,440,316
0,2,4,0,3,450,357
0,2,4,0,3,460,355
0,2,4,0,3,470,324
0,2,4,0,3,480,384
0,2,4,0,3,490,340
0,2,4,0,3,500,390
0,2,4,0,3,510,400
0,2,4,0,3,520,413
0,2,4,0,3,530,469
0,2,4,0,3,540,471
0,2,4,0,3,550,490
0,2,4,0,3,560,504
0,2,4,0,3,570,497
0,2,4,0,3,580,529
0,2,4,0,3,590,579
0,2,4,0,3,600,602
0,2,4,0,3,610,631
0,2,4,0,3,620,751
0,2,4,0,3,630,729
0,2,4,0,3,640,700
0,2,4,0,3,650,759
0,2,4,0,3,660,740
0,2,4,0,3,670,673
0,2,4,0,3,680,719
0,2,4,0,3,690,697
0,2,4,0,3,700,763
0,2,4,0,3,710,715
0,2,4,0,3,720,789
0,2,4,0,3,730,841
0,2,4,0,3,740,880
0,2,4,0,3,750,850
0,2,4,0,3,760,792
0,2,4,0,3,770,811
0,2,4,0,3,780,849
0,2,4,0,3,790,752
0,2,4,0,3,800,839
0,2,4,0,3,810,785
0,2,4,0,3,820,888
0,2,4,0,3,830,861
0,2,4,0,3,840,776
0,2,4,0,3,850,777
0,2,4,0,3,860,790
0,2,4,0,3,870,769
0,2,4,0,3,880,755
0,2,4,0,3,890,721
0,2,4,0,3,900,713
0,2,4,0,3,910,732
0,2,4,1,0,10,699
0,2,4,1,0,20,836
0,2,4,1,0,30,834
0,2,4,1,0,40,885
0,2,4,1,0,50,946
0,2,4,1,0,60,922
0,2,4,1,0,70,921
0,2,4,1,0,80,746
0,2,4,1,0,90,791
0,2,4,1,0,100,807
0,2,4,1,0,110,872
0,2,4,1,0,120,854
0,2,4,1,0,130,775
0,2,4,1,0,140,703
0,2,4,1,0,150,693
0,2,4,1,0,160,738
0,2,4,1,0,170,749
0,2,4,1,0,180,808
0,2,4,1,0,190,844
0,2,4,1,0,200,843
0,2,4,1,0,210,868
0,2,4,1,0,220,804
0,2,4,1,0,230,759
0,2,4,1,0,240,761
0,2,4,1,0,250,730
0,2,4,1,0,260,722
0,2,4,1,0,270,87
0,2,4,1,0,280,105
0,2,4,1,0,290,139
0,2,4,1,0,300,140
0,2,4,1,0,310,179
0,2,4,1,0,320,205
0,2,4,1,0,330,212
0,2,4,1,0,340,302
0,2,4,1,0,350,255
0,2,4,1,0,360,284
0,2,4,1,0,370,324
0,2,4,1,0,380,316
0,2,4,1,0,390,343
0,2,4,1,0,400,405
0,2,4,1,0,410,399
0,2,4,1,0,420,426
0,2,4,1,0,430,403
0,2,4,1,0,440,483
0,2,4,1,0,450,522
0,2,4,1,0,460,549
0,2,4,1,0,470,515
0,2,4,1,0,480,603
0,2,4,1,0,490,545
0,2,4,1,0,500,585
0,2,4,1,0,510,574
0,2,4,1,0,520,607
0,2,4,1,0,530,549
0,2,4,1,0,540,542
0,2,4,1,0,550,581
0,2,4,1,0,560,558
0,2,4,1,0,570,536
0,2,4,1,0,580,639
0,2,4,1,0,590,658
0,2,4,1,0,600,635
0,2,4,1,0,610,746
0,2,4,1,0,620,622
0,2,4,1,0,630,641
0,2,4,1,0,640,694
0,2,4,1,0,650,685
0,2,4,1,0,660,734
0,2,4,1,0,670,731
0,2,4,1,0,680,719
0,2,4,1,0,690,740
0,2,4,1,0,700,656
0,2,4,1,0,710,767
0,2,4,1,0,720,792
0,2,4,1,0,730,781
0,2,4,1,0,740,739
0,2,4,1,0,750,748
0,2,4,1,0,760,735
0,2,4,1,0,770,726
0,2,4,1,0,780,777
0,2,4,1,0,790,739
0,2,4,1,0,800,719
0,2,4,1,0,810,760
0,2,4,1,0,820,752
0,2,4,1,0,830,816
0,2,4,1,0,840,881
0,2,4,1,0,850,818
0,2,4,1,0,860,745
0,2,4,1,0,870,851
0,2,4,1,0,880,881
0,2,4,1,0,890,833
0,2,4,1,0,900,716
0,2,4,1,0,910,752
0,2,4,1,1,10,699
0,2,4,1,1,20,758
0,2,4,1,1,30,769
0,2,4,1,1,40,711
0,2,4,1,1,50,812
0,2,4,1,1,60,822
0,2,4,1,1,70,813
0,2,4,1,1,80,831
0,2,4,1,1,90,830
0,2,4,1,1,100,847
0,2,4,1,1,110,888
0,2,4,1,1,120,892
0,2,4,1,1,130,829
0,2,4,1,1,140,811
0,2,4,1,1,150,860
0,2,4,1,1,160,890
0,2,4,1,1,170,868
0,2,4,1,1,180,902
0,2,4,1,1,190,820
0,2,4,1,1,200,829
0,2,4,1,1,210,822
0,2,4,1,1,220,805
0,2,4,1,1,230,718
0,2,4,1,1,240,792
0,2,4,1,1,250,813
0,2,4,1,1,260,786
0,2,4,1,1,270,115
0,2,4,1,1,280,93
0,2,4,1,1,290,126
0,2,4,1,1,300,112
0,2,4,1,1,310,128
0,2,4,1,1,320,216
0,2,4,1,1,330,253
0,2,4,1,1,340,242
0,2,4,1,1,350,310
0,2,4,1,1,360,371
0,2,4,1,1,370,395
0,2,4,1,1,380,398
0,2,4,1,1,390,436
0,2,4,1,1,400,579
0,2,4,1,1,410,689
0,2,4,1,1,420,590
0,2,4,1,1,430,571
0,2,4,1,1,440,587
0,2,4,1,1,450,618
0,2,4,1,1,460,673
0,2,4,1,1,470,590
0,2,4,1,1,480,603
0,2,4,1,1,490,619
0,2,4,1,1,500,685
0,2,4,1,1,510,639
0,2,4,1,1,520,672
0,2,4,1,1,530,608
0,2,4,1,1,540,665
0,2,4,1,1,550,676
0,2,4,1,1,560,688
0,2,4,1,1,570,720
0,2,4,1,1,580,789
0,2,4,1,1,590,836
0,2,4,1,1,600,861
0,2,4,1,1,610,776
0,2,4,1,1,620,701
0,2,4,1,1,630,778
0,2,4,1,1,640,796
0,2,4,1,1,650,908
0,2,4,1,1,660,864
0,2,4,1,1,670,868
0,2,4,1,1,680,836
0,2,4,1,1,690,819
0,2,4,1,1,700,762
0,2,4,1,1,710,749
0,2,4,1,1,720,799
0,2,4,1,1,730,802
0,2,4,1,1,740,774
0,2,4,1,1,750,788
0,2,4,1,1,760,855
0,2,4,1,1,770,820
0,2,4,1,1,780,901
0,2,4,1,1,790,931
0,2,4,1,1,800,861
0,2,4,1,1,810,808
0,2,4,1,1,820,909
0,2,4,1,1,830,903
0,2,4,1,1,840,780
0,2,4,1,1,850,755
0,2,4,1,1,860,814
0,2,4,1,1,870,838
0,2,4,1,1,880,786
0,2,4,1,1,890,799
0,2,4,1,1,900,741
0,2,4,1,1,910,742
0,2,4,1,2,10,699
0,2,4,1,2,20,793
0,2,4,1,2,30,763
0,2,4,1,2,40,770
0,2,4,1,2,50,795
0,2,4,1,2,60,755
0,2,4,1,2,70,849
0,2,4,1,2,80,791
0,2,4,1,2,90,872
0,2,4,1,2,100,822
0,2,4,1,2,110,814
0,2,4,1,2,120,750
0,2,4,1,2,130,767
0,2,4,1,2,140,703
0,2,4,1,2,150,792
0,2,4,1,2,160,798
0,2,4,1,2,170,767
0,2,4,1,2,180,695
0,2,4,1,2,190,738
0,2,4,1,2,200,813
0,2,4,1,2,210,821
0,2,4,1,2,220,822
0,2,4,1,2,230,753
0,2,4,1,2,240,780
0,2,4,1,2,250,757
0,2,4,1,2,260,776
0,2,4,1,2,270,77
0,2,4,1,2,280,48
0,2,4,1,2,290,84
0,2,4,1,2,300,56
0,2,4,1,2,310,64
0,2,4,1,2,320,57
0,2,4,1,2,330,89
0,2,4,1,2,340,114
0,2,4,1,2,350,135
0,2,4,1,2,360,117
0,2,4,1,2,370,178
0,2,4,1,2,380,176
0,2,4,1,2,390,207
0,2,4,1,2,400,174
0,2,4,1,2,410,207
0,2,4,1,2,420,265
0,2,4,1,2,430,232
0,2,4,1,2,440,217
0,2,4,1,2,450,282
0,2,4,1,2,460,230
0,2,4,1,2,470,346
0,2,4,1,2,480,363
0,2,4,1,2,490,294
0,2,4,1,2,500,274
0,2,4,1,2,510,331
0,2,4,1,2,520,369
0,2,4,1,2,530,351
0,2,4,1,2,540,377
0,2,4,1,2,550,346
0,2,4,1,2,560,408
0,2,4,1,2,570,481
0,2,4,1,2,580,440
0,2,4,1,2,590,447
0,2,4,1,2,600,500
0,2,4,1,2,610,493
0,2,4,1,2,620,456
0,2,4,1,2,630,515
0,2,4,1,2,640,554
0,2,4,1,2,650,504
0,2,4,1,2,660,514
0,2,4,1,2,670,505
0,2,4,1,2,680,558
0,2,4,1,2,690,571
0,2,4,1,2,700,475
0,2,4,1,2,710,501
0,2,4,1,2,720,470
0,2,4,1,2,730,505
0,2,4,1,2,740,593
0,2,4,1,2,750,585
0,2,4,1,2,760,525
0,2,4,1,2,770,604
0,2,4,1,2,780,525
0,2,4,1,2,790,529
0,2,4,1,2,800,518
0,2,4,1,2,810,494
0,2,4,1,2,820,481
0,2,4,1,2,830,534
0,2,4,1,2,840,616
0,2,4,1,2,850,685
0,2,4,1,2,860,647
0,2,4,1,2,870,579
0,2,4,1,2,880,625
0,2,4,1,2,890,642
0,2,4,1,2,900,556
0,2,4,1,2,910,600
0,2,4,1,3,10,701
0,2,4,1,3,20,756
0,2,4,1,3,30,798
0,2,4,1,3,40,827
0,2,4,1,3,50,815
0,2,4,1,3,60,745
0,2,4,1,3,70,725
0,2,4,1,3,80,773
0,2,4,1,3,90,876
0,2,4,1,3,100,846
0,2,4,1,3,110,842
0,2,4,1,3,120,906
0,2,4,1,3,130,880
0,2,4,1,3,140,798
0,2,4,1,3,150,850
0,2,4,1,3,160,909
0,2,4,1,3,170,857
0,2,4,1,3,180,938
0,2,4,1,3,190,930
0,2,4,1,3,200,837
0,2,4,1,3,210,754
0,2,4,1,3,220,805
0,2,4,1,3,230,866
0,2,4,1,3,240,911
0,2,4,1,3,250,769
0,2,4,1,3,260,872
0,2,4,1,3,270,101
0,2,4,1,3,280,40
0,2,4,1,3,290,73
0,2,4,1,3,300,85
0,2,4,1,3,310,122
0,2,4,1,3,320,154
0,2,4,1,3,330,168
0,2,4,1,3,340,246
0,2,4,1,3,350,252
0,2,4,1,3,360,252
0,2,4,1,3,370,292
0,2,4,1,3,380,323
0,2,4,1,3,390,397
0,2,4,1,3,400,360
0,2,4,1,3,410,360
0,2,4,1,3,420,389
0,2,4,1,3,430,392
0,2,4,1,3,440,410
0,2,4,1,3,450,402
0,2,4,1,3,460,397
0,2,4,1,3,470,439
0,2,4,1,3,480,450
0,2,4,1,3,490,447
0,2,4,1,3,500,441
0,2,4,1,3,510,469
0,2,4,1,3,520,443
0,2,4,1,3,530,516
0,2,4,1,3,540,485
0,2,4,1,3,550,475
0,2,4,1,3,560,447
0,2,4,1,3,570,464
0,2,4,1,3,580,595
0,2,4,1,3,590,504
0,2,4,1,3,600,481
0,2,4,1,3,610,528
0,2,4,1,3,620,520
0,2,4,1,3,630,564
0,2,4,1,3,640,471
0,2,4,1,3,650,477
0,2,4,1,3,660,487
0,2,4,1,3,670,485
0,2,4,1,3,680,544
0,2,4,1,3,690,526
0,2,4,1,3,700,516
0,2,4,1,3,710,521
0,2,4,1,3,720,554
0,2,4,1,3,730,518
0,2,4,1,3,740,576
0,2,4,1,3,750,633
0,2,4,1,3,760,562
0,2,4,1,3,770,545
0,2,4,1,3,780,591
0,2,4,1,3,790,581
0,2,4,1,3,800,610
0,2,4,1,3,810,628
0,2,4,1,3,820,627
0,2,4,1,3,830,572
0,2,4,1,3,840,546
0,2,4,1,3,850,546
0,2,4,1,3,860,532
0,2,4,1,3,870,562
0,2,4,1,3,880,546
0,2,4,1,3,890,527
0,2,4,1,3,900,568
0,2,4,1,3,910,554
0,2,4,2,0,10,699
0,2,4,2,0,20,786
0,2,4,2,0,30,823
0,2,4,2,0,40,847
0,2,4,2,0,50,835
0,2,4,2,0,60,778
0,2,4,2,0,70,831
0,2,4,2,0,80,793
0,2,4,2,0,90,812
0,2,4,2,0,100,826
0,2,4,2,0,110,834
0,2,4,2,0,120,807
0,2,4,2,0,130,889
0,2,4,2,0,140,861
0,2,4,2,0,150,862
0,2,4,2,0,160,828
0,2,4,2,0,170,801
0,2,4,2,0,180,900
0,2,4,2,0,190,895
0,2,4,2,0,200,955
0,2,4,2,0,210,893
0,2,4,2,0,220,891
0,2,4,2,0,230,890
0,2,4,2,0,240,872
0,2,4,2,0,250,857
0,2,4,2,0,260,841
0,2,4,2,0,270,83
0,2,4,2,0,280,15
0,2,4,2,0,290,18
0,2,4,2,0,300,16
0,2,4,2,0,310,27
0,2,4,2,0,320,38
0,2,4,2,0,330,40
0,2,4,2,0,340,41
0,2,4,2,0,350,62
0,2,4,2,0,360,66
0,2,4,2,0,370,70
0,2,4,2,0,380,79
0,2,4,2,0,390,113
0,2,4,2,0,400,104
0,2,4,2,0,410,98
0,2,4,2,0,420,95
0,2,4,2,0,430,78
0,2,4,2,0,440,69
0,2,4,2,0,450,80
0,2,4,2,0,460,83
0,2,4,2,0,470,96
0,2,4,2,0,480,109
0,2,4,2,0,490,98
0,2,4,2,0,500,98
0,2,4,2,0,510,128
0,2,4,2,0,520,150
0,2,4,2,0,530,144
0,2,4,2,0,540,154
0,2,4,2,0,550,165
0,2,4,2,0,560,188
0,2,4,2,0,570,192
0,2,4,2,0,580,175
0,2,4,2,0,590,174
0,2,4,2,0,600,152
0,2,4,2,0,610,158
0,2,4,2,0,620,139
0,2,4,2,0,630,210
0,2,4,2,0,640,187
0,2,4,2,0,650,212
0,2,4,2,0,660,276
0,2,4,2,0,670,244
0,2,4,2,0,680,228
0,2,4,2,0,690,172
0,2,4,2,0,700,197
0,2,4,2,0,710,218
0,2,4,2,0,720,186
0,2,4,2,0,730,211
0,2,4,2,0,740,228
0,2,4,2,0,750,272
0,2,4,2,0,760,239
0,2,4,2,0,770,290
0,2,4,2,0,780,311
0,2,4,2,0,790,228
0,2,4,2,0,800,251
0,2,4,2,0,810,280
0,2,4,2,0,820,314
0,2,4,2,0,830,358
0,2,4,2,0,840,348
0,2,4,2,0,850,375
0,2,4,2,0,860,321
0,2,4,2,0,870,311
0,2,4,2,0,880,329
0,2,4,2,0,890,309
0,2,4,2,0,900,291
0,2,4,2,0,910,302
0,2,4,2,1,10,699
0,2,4,2,1,20,720
0,2,4,2,1,30,771
0,2,4,2,1,40,737
0,2,4,2,1,50,818
0,2,4,2,1,60,824
0,2,4,2,1,70,753
0,2,4,2,1,80,847
0,2,4,2,1,90,796
0,2,4,2,1,100,738
0,2,4,2,1,110,672
0,2,4,2,1,120,714
0,2,4,2,1,130,793
0,2,4,2,1,140,890
0,2,4,2,1,150,854
0,2,4,2,1,160,860
0,2,4,2,1,170,785
0,2,4,2,1,180,782
0,2,4,2,1,190,744
0,2,4,2,1,200,741
0,2,4,2,1,210,798
0,2,4,2,1,220,782
0,2,4,2,1,230,750
0,2,4,2,1,240,823
0,2,4,2,1,250,775
0,2,4,2,1,260,772
0,2,4,2,1,270,88
0,2,4,2,1,280,50
0,2,4,2,1,290,74
0,2,4,2,1,300,97
0,2,4,2,1,310,83
0,2,4,2,1,320,120
0,2,4,2,1,330,145
0,2,4,2,1,340,209
0,2,4,2,1,350,181
0,2,4,2,1,360,158
0,2,4,2,1,370,216
0,2,4,2,1,380,283
0,2,4,2,1,390,347
0,2,4,2,1,400,405
0,2,4,2,1,410,444
0,2,4,2,1,420,453
0,2,4,2,1,430,515
0,2,4,2,1,440,502
0,2,4,2,1,450,507
0,2,4,2,1,460,576
0,2,4,2,1,470,600
0,2,4,2,1,480,647
0,2,4,2,1,490,638
0,2,4,2,1,500,580
0,2,4,2,1,510,681
0,2,4,2,1,520,616
0,2,4,2,1,530,675
0,2,4,2,1,540,646
0,2,4,2,1,550,648
0,2,4,2,1,560,754
0,2,4,2,1,570,688
0,2,4,2,1,580,684
0,2,4,2,1,590,699
0,2,4,2,1,600,724
0,2,4,2,1,610,731
0,2,4,2,1,620,713
0,2,4,2,1,630,723
0,2,4,2,1,640,767
0,2,4,2,1,650,773
0,2,4,2,1,660,807
0,2,4,2,1,670,858
0,2,4,2,1,680,747
0,2,4,2,1,690,757
0,2,4,2,1,700,785
0,2,4,2,1,710,750
0,2,4,2,1,720,793
0,2,4,2,1,730,835
0,2,4,2,1,740,768
0,2,4,2,1,750,807
0,2,4,2,1,760,767
0,2,4,2,1,770,793
0,2,4,2,1,780,793
0,2,4,2,1,790,913
0,2,4,2,1,800,837
0,2,4,2,1,810,829
0,2,4,2,1,820,867
0,2,4,2,1,830,782
0,2,4,2,1,840,745
0,2,4,2,1,850,816
0,2,4,2,1,860,849
0,2,4,2,1,870,911
0,2,4,2,1,880,872
0,2,4,2,1,890,844
0,2,4,2,1,900,789
0,2,4,2,1,910,759
0,2,4,2,2,10,701
0,2,4,2,2,20,785
0,2,4,2,2,30,828
0,2,4,2,2,40,813
0,2,4,2,2,50,819
0,2,4,2,2,60,834
0,2,4,2,2,70,806
0,2,4,2,2,80,833
0,2,4,2,2,90,784
0,2,4,2,2,100,834
0,2,4,2,2,110,844
0,2,4,2,2,120,856
0,2,4,2,2,130,799
0,2,4,2,2,140,733
0,2,4,2,2,150,701
0,2,4,2,2,160,771
0,2,4,2,2,170,826
0,2,4,2,2,180,785
0,2,4,2,2,190,739
0,2,4,2,2,200,759
0,2,4,2,2,210,793
0,2,4,2,2,220,792
0,2,4,2,2,230,794
0,2,4,2,2,240,794
0,2,4,2,2,250,788
0,2,4,2,2,260,743
0,2,4,2,2,270,71
0,2,4,2,2,280,48
0,2,4,2,2,290,94
0,2,4,2,2,300,122
0,2,4,2,2,310,155
0,2,4,2,2,320,176
0,2,4,2,2,330,180
0,2,4,2,2,340,204
0,2,4,2,2,350,202
0,2,4,2,2,360,222
0,2,4,2,2,370,259
0,2,4,2,2,380,257
0,2,4,2,2,390,334
0,2,4,2,2,400,300
0,2,4,2,2,410,354
0,2,4,2,2,420,333
0,2,4,2,2,430,395
0,2,4,2,2,440,398
0,2,4,2,2,450,367
0,2,4,2,2,460,377
0,2,4,2,2,470,515
0,2,4,2,2,480,468
0,2,4,2,2,490,564
0,2,4,2,2,500,626
0,2,4,2,2,510,523
0,2,4,2,2,520,495
0,2,4,2,2,530,541
0,2,4,2,2,540,531
0,2,4,2,2,550,532
0,2,4,2,2,560,606
0,2,4,2,2,570,556
0,2,4,2,2,580,577
0,2,4,2,2,590,602
0,2,4,2,2,600,672
0,2,4,2,2,610,733
0,2,4,2,2,620,709
0,2,4,2,2,630,690
0,2,4,2,2,640,695
0,2,4,2,2,650,682
0,2,4,2,2,660,719
0,2,4,2,2,670,726
0,2,4,2,2,680,749
0,2,4,2,2,690,788
0,2,4,2,2,700,834
0,2,4,2,2,710,808
0,2,4,2,2,720,819
0,2,4,2,2,730,741
0,2,4,2,2,740,738
0,2,4,2,2,750,756
0,2,4,2,2,760,713
0,2,4,2,2,770,662
0,2,4,2,2,780,670
0,2,4,2,2,790,690
0,2,4,2,2,800,609
0,2,4,2,2,810,696
0,2,4,2,2,820,802
0,2,4,2,2,830,779
0,2,4,2,2,840,785
0,2,4,2,2,850,826
0,2,4,2,2,860,760
0,2,4,2,2,870,818
0,2,4,2,2,880,693
0,2,4,2,2,890,788
0,2,4,2,2,900,825
0,2,4,2,2,910,806
0,2,4,2,3,10,701
0,2,4,2,3,20,893
0,2,4,2,3,30,867
0,2,4,2,3,40,873
0,2,4,2,3,50,893
0,2,4,2,3,60,874
0,2,4,2,3,70,946
0,2,4,2,3,80,931
0,2,4,2,3,90,882
0,2,4,2,3,100,818
0,2,4,2,3,110,832
0,2,4,2,3,120,807
0,2,4,2,3,130,790
0,2,4,2,3,140,719
0,2,4,2,3,150,786
0,2,4,2,3,160,816
0,2,4,2,3,170,726
0,2,4,2,3,180,770
0,2,4,2,3,190,802
0,2,4,2,3,200,875
0,2,4,2,3,210,801
0,2,4,2,3,220,738
0,2,4,2,3,230,714
0,2,4,2,3,240,782
0,2,4,2,3,250,783
0,2,4,2,3,260,822
0,2,4,2,3,270,148
0,2,4,2,3,280,124
0,2,4,2,3,290,118
0,2,4,2,3,300,186
0,2,4,2,3,310,270
0,2,4,2,3,320,275
0,2,4,2,3,330,355
0,2,4,2,3,340,348
0,2,4,2,3,350,490
0,2,4,2,3,360,481
0,2,4,2,3,370,509
0,2,4,2,3,380,589
0,2,4,2,3,390,549
0,2,4,2,3,400,606
0,2,4,2,3,410,651
0,2,4,2,3,420,603
0,2,4,2,3,430,768
0,2,4,2,3,440,689
0,2,4,2,3,450,699
0,2,4,2,3,460,751
0,2,4,2,3,470,656
0,2,4,2,3,480,708
0,2,4,2,3,490,732
0,2,4,2,3,500,725
0,2,4,2,3,510,756
0,2,4,2,3,520,778
0,2,4,2,3,530,764
0,2,4,2,3,540,796
0,2,4,2,3,550,729
0,2,4,2,3,560,782
0,2,4,2,3,570,878
0,2,4,2,3,580,837
0,2,4,2,3,590,807
0,2,4,2,3,600,891
0,2,4,2,3,610,790
0,2,4,2,3,620,885
0,2,4,2,3,630,834
0,2,4,2,3,640,902
0,2,4,2,3,650,839
0,2,4,2,3,660,897
0,2,4,2,3,670,857
0,2,4,2,3,680,835
0,2,4,2,3,690,853
0,2,4,2,3,700,826
0,2,4,2,3,710,780
0,2,4,2,3,720,882
0,2,4,2,3,730,869
0,2,4,2,3,740,886
0,2,4,2,3,750,888
0,2,4,2,3,760,867
0,2,4,2,3,770,789
0,2,4,2,3,780,834
0,2,4,2,3,790,856
0,2,4,2,3,800,856
0,2,4,2,3,810,910
0,2,4,2,3,820,877
0,2,4,2,3,830,838
0,2,4,2,3,840,911
0,2,4,2,3,850,901
0,2,4,2,3,860,863
0,2,4,2,3,870,734
0,2,4,2,3,880,682
0,2,4,2,3,890,726
0,2,4,2,3,900,836
0,2,4,2,3,910,762
1,0,0,0,0,10,701
1,0,0,0,0,20,1091
1,0,0,0,0,30,1014
1,0,0,0,0,40,977
1,0,0,0,0,50,978
1,0,0,0,0,60,980
1,0,0,0,0,70,969
1,0,0,0,0,80,938
1,0,0,0,0,90,941
1,0,0,0,0,100,899
1,0,0,0,0,110,924
1,0,0,0,0,120,933
1,0,0,0,0,130,909
1,0,0,0,0,140,978
1,0,0,0,0,150,905
1,0,0,0,0,160,847
1,0,0,0,0,170,896
1,0,0,0,0,180,817
1,0,0,0,0,190,732
1,0,0,0,0,200,746
1,0,0,0,0,210,783
1,0,0,0,0,220,810
1,0,0,0,0,230,865
1,0,0,0,0,240,957
1,0,0,0,0,250,989
1,0,0,0,0,260,940
1,0,0,0,0,270,138
1,0,0,0,0,280,94
1,0,0,0,0,290,98
1,0,0,0,0,300,106
1,0,0,0,0,310,137
1,0,0,0,0,320,154
1,0,0,0,0,330,192
1,0,0,0,0,340,204
1,0,0,0,0,350,221
1,0,0,0,0,360,227
1,0,0,0,0,370,274
1,0,0,0,0,380,301
1,0,0,0,0,390,264
1,0,0,0,0,400,355
1,0,0,0,0,410,430
1,0,0,0,0,420,426
1,0,0,0,0,430,409
1,0,0,0,0,440,402
1,0,0,0,0,450,436
1,0,0,0,0,460,465
1,0,0,0,0,470,494
1,0,0,0,0,480,556
1,0,0,0,0,490,552
1,0,0,0,0,500,531
1,0,0,0,0,510,563
1,0,0,0,0,520,630
1,0,0,0,0,530,570
1,0,0,0,0,540,520
1,0,0,0,0,550,661
1,0,0,0,0,560,640
1,0,0,0,0,570,618
1,0,0,0,0,580,606
1,0,0,0,0,590,599
1,0,0,0,0,600,591
1,0,0,0,0,610,618
1,0,0,0,0,620,664
1,0,0,0,0,630,663
1,0,0,0,0,640,645
1,0,0,0,0,650,696
1,0,0,0,0,660,666
1,0,0,0,0,670,674
1,0,0,0,0,680,695
1,0,0,0,0,690,718
1,0,0,0,0,700,726
1,0,0,0,0,710,729
1,0,0,0,0,720,768
1,0,0,0,0,730,763
1,0,0,0,0,740,850
1,0,0,0,0,750,869
1,0,0,0,0,760,832
1,0,0,0,0,770,916
1,0,0,0,0,780,936
1,0,0,0,0,790,928
1,0,0,0,0,800,897
1,0,0,0,0,810,792
1,0,0,0,0,820,768
1,0,0,0,0,830,761
1,0,0,0,0,840,759
1,0,0,0,0,850,824
1,0,0,0,0,860,847
1,0,0,0,0,870,825
1,0,0,0,0,880,833
1,0,0,0,0,890,721
1,0,0,0,0,900,710
1,0,0,0,0,910,776
1,0,0,0,1,10,701
1,0,0,0,1,20,936
1,0,0,0,1,30,906
1,0,0,0,1,40,907
1,0,0,0,1,50,975
1,0,0,0,1,60,884
1,0,0,0,1,70,932
1,0,0,0,1,80,875
1,0,0,0,1,90,880
1,0,0,0,1,100,873
1,0,0,0,1,110,945
1,0,0,0,1,120,872
1,0,0,0,1,130,902
1,0,0,0,1,140,887
1,0,0,0,1,150,892
1,0,0,0,1,160,907
1,0,0,0,1,170,885
1,0,0,0,1,180,1026
1,0,0,0,1,190,1025
1,0,0,0,1,200,974
1,0,0,0,1,210,832
1,0,0,0,1,220,859
1,0,0,0,1,230,841
1,0,0,0,1,240,910
1,0,0,0,1,250,1012
1,0,0,0,1,260,933
1,0,0,0,1,270,113
1,0,0,0,1,280,64
1,0,0,0,1,290,106
1,0,0,0,1,300,128
1,0,0,0,1,310,137
1,0,0,0,1,320,164
1,0,0,0,1,330,234
1,0,0,0,1,340,191
1,0,0,0,1,350,222
1,0,0,0,1,360,280
1,0,0,0,1,370,213
1,0,0,0,1,380,241
1,0,0,0,1,390,249
1,0,0,0,1,400,319
1,0,0,0,1,410,331
1,0,0,0,1,420,425
1,0,0,0,1,430,363
1,0,0,0,1,440,436
1,0,0,0,1,450,442
1,0,0,0,1,460,426
1,0,0,0,1,470,484
1,0,0,0,1,480,508
1,0,0,0,1,490,483
1,0,0,0,1,500,501
1,0,0,0,1,510,514
1,0,0,0,1,520,532
1,0,0,0,1,530,503
1,0,0,0,1,540,564
1,0,0,0,1,550,501
1,0,0,0,1,560,549
1,0,0,0,1,570,679
1,0,0,0,1,580,622
1,0,0,0,1,590,733
1,0,0,0,1,600,755
1,0,0,0,1,610,810
1,0,0,0,1,620,785
1,0,0,0,1,630,676
1,0,0,0,1,640,868
1,0,0,0,1,650,910
1,0,0,0,1,660,870
1,0,0,0,1,670,911
1,0,0,0,1,680,909
1,0,0,0,1,690,826
1,0,0,0,1,700,954
1,0,0,0,1,710,888
1,0,0,0,1,720,816
1,0,0,0,1,730,763
1,0,0,0,1,740,853
1,0,0,0,1,750,716
1,0,0,0,1,760,822
1,0,0,0,1,770,813
1,0,0,0,1,780,820
1,0,0,0,1,790,921
1,0,0,0,1,800,968
1,0,0,0,1,810,968
1,0,0,0,1,820,1006
1,0,0,0,1,830,983
1,0,0,0,1,840,958
1,0,0,0,1,850,859
1,0,0,0,1,860,870
1,0,0,0,1,870,950
1,0,0,0,1,880,874
1,0,0,0,1,890,868
1,0,0,0,1,900,853
1,0,0,0,1,910,861
1,0,0,0,2,10,701
1,0,0,0,2,20,1005
1,0,0,0,2,30,997
1,0,0,0,2,40,998
1,0,0,0,2,50,1068
1,0,0,0,2,60,1009
1,0,0,0,2,70,935
1,0,0,0,2,80,893
1,0,0,0,2,90,953
1,0,0,0,2,100,903
1,0,0,0,2,110,956
1,0,0,0,2,120,862
1,0,0,0,2,130,918
1,0,0,0,2,140,922
1,0,0,0,2,150,992
1,0,0,0,2,160,928
1,0,0,0,2,170,894
1,0,0,0,2,180,881
1,0,0,0,2,190,870
1,0,0,0,2,200,925
1,0,0,0,2,210,919
1,0,0,0,2,220,933
1,0,0,0,2,230,964
1,0,0,0,2,240,901
1,0,0,0,2,250,951
1,0,0,0,2,260,968
1,0,0,0,2,270,120
1,0,0,0,2,280,87
1,0,0,0,2,290,89
1,0,0,0,2,300,125
1,0,0,0,2,310,186
1,0,0,0,2,320,224
1,0,0,0,2,330,241
1,0,0,0,2,340,240
1,0,0,0,2,350,242
1,0,0,0,2,360,222
1,0,0,0,2,370,283
1,0,0,0,2,380,250
1,0,0,0,2,390,284
1,0,0,0,2,400,236
1,0,0,0,2,410,243
1,0,0,0,2,420,245
1,0,0,0,2,430,305
1,0,0,0,2,440,339
1,0,0,0,2,450,330
1,0,0,0,2,460,378
1,0,0,0,2,470,330
1,0,0,0,2,480,343
1,0,0,0,2,490,354
1,0,0,0,2,500,387
1,0,0,0,2,510,395
1,0,0,0,2,520,358
1,0,0,0,2,530,467
1,0,0,0,2,540,489
1,0,0,0,2,550,510
1,0,0,0,2,560,528
1,0,0,0,2,570,479
1,0,0,0,2,580,614
1,0,0,0,2,590,623
1,0,0,0,2,600,637
1,0,0,0,2,610,656
1,0,0,0,2,620,617
1,0,0,0,2,630,752
1,0,0,0,2,640,729
1,0,0,0,2,650,647
1,0,0,0,2,660,665
1,0,0,0,2,670,611
1,0,0,0,2,680,668
1,0,0,0,2,690,643
1,0,0,0,2,700,683
1,0,0,0,2,710,644
1,0,0,0,2,720,609
1,0,0,0,2,730,621
1,0,0,0,2,740,698
1,0,0,0,2,750,709
1,0,0,0,2,760,731
1,0,0,0,2,770,742
1,0,0,0,2,780,713
1,0,0,0,2,790,768
1,0,0,0,2,800,809
1,0,0,0,2,810,806
1,0,0,0,2,820,817
1,0,0,0,2,830,807
1,0,0,0,2,840,866
1,0,0,0,2,850,855
1,0,0,0,2,860,907
1,0,0,0,2,870,873
1,0,0,0,2,880,860
1,0,0,0,2,890,861
1,0,0,0,2,900,987
1,0,0,0,2,910,877
1,0,0,0,3,10,701
1,0,0,0,3,20,908
1,0,0,0,3,30,922
1,0,0,0,3,40,903
1,0,0,0,3,50,890
1,0,0,0,3,60,893
1,0,0,0,3,70,889
1,0,0,0,3,80,903
1,0,0,0,3,90,909
1,0,0,0,3,100,879
1,0,0,0,3,110,890
1,0,0,0,3,120,861
1,0,0,0,3,130,873
1,0,0,0,3,140,888
1,0,0,0,3,150,849
1,0,0,0,3,160,913
1,0,0,0,3,170,905
1,0,0,0,3,180,996
1,0,0,0,3,190,935
1,0,0,0,3,200,873
1,0,0,0,3,210,959
1,0,0,0,3,220,902
1,0,0,0,3,230,888
1,0,0,0,3,240,913
1,0,0,0,3,250,940
1,0,0,0,3,260,1014
1,0,0,0,3,270,113
1,0,0,0,3,280,29
1,0,0,0,3,290,23
1,0,0,0,3,300,15
1,0,0,0,3,310,14
1,0,0,0,3,320,19
1,0,0,0,3,330,11
1,0,0,0,3,340,13
1,0,0,0,3,350,29
1,0,0,0,3,360,41
1,0,0,0,3,370,47
1,0,0,0,3,380,39
1,0,0,0,3,390,28
1,0,0,0,3,400,14
1,0,0,0,3,410,42
1,0,0,0,3,420,55
1,0,0,0,3,430,80
1,0,0,0,3,440,43
1,0,0,0,3,450,47
1,0,0,0,3,460,59
1,0,0,0,3,470,87
1,0,0,0,3,480,79
1,0,0,0,3,490,100
1,0,0,0,3,500,124
1,0,0,0,3,510,168
1,0,0,0,3,520,186
1,0,0,0,3,530,195
1,0,0,0,3,540,174
1,0,0,0,3,550,174
1,0,0,0,3,560,254
1,0,0,0,3,570,242
1,0,0,0,3,580,233
1,0,0,0,3,590,297
1,0,0,0,3,600,324
1,0,0,0,3,610,346
1,0,0,0,3,620,335
1,0,0,0,3,630,304
1,0,0,0,3,640,352
1,0,0,0,3,650,391
1,0,0,0,3,660,355
1,0,0,0,3,670,409
1,0,0,0,3,680,429
1,0,0,0,3,690,481
1,0,0,0,3,700,396
1,0,0,0,3,710,457
1,0,0,0,3,720,455
1,0,0,0,3,730,422
1,0,0,0,3,740,440
1,0,0,0,3,750,427
1,0,0,0,3,760,517
1,0,0,0,3,770,623
1,0,0,0,3,780,570
1,0,0,0,3,790,544
1,0,0,0,3,800,566
1,0,0,0,3,810,593
1,0,0,0,3,820,552
1,0,0,0,3,830,618
1,0,0,0,3,840,605
1,0,0,0,3,850,532
1,0,0,0,3,860,599
1,0,0,0,3,870,594
1,0,0,0,3,880,611
1,0,0,0,3,890,641
1,0,0,0,3,900,689
1,0,0,0,3,910,786
1,0,0,1,0,10,701
1,0,0,1,0,20,1089
1,0,0,1,0,30,1009
1,0,0,1,0,40,901
1,0,0,1,0,50,925
1,0,0,1,0,60,879
1,0,0,1,0,70,879
1,0,0,1,0,80,860
1,0,0,1,0,90,866
1,0,0,1,0,100,912
1,0,0,1,0,110,898
1,0,0,1,0,120,959
1,0,0,1,0,130,895
1,0,0,1,0,140,883
1,0,0,1,0,150,918
1,0,0,1,0,160,912
1,0,0,1,0,170,1001
1,0,0,1,0,180,977
1,0,0,1,0,190,932
1,0,0,1,0,200,893
1,0,0,1,0,210,945
1,0,0,1,0,220,946
1,0,0,1,0,230,926
1,0,0,1,0,240,880
1,0,0,1,0,250,907
1,0,0,1,0,260,864
1,0,0,1,0,270,98
1,0,0,1,0,280,52
1,0,0,1,0,290,55
1,0,0,1,0,300,57
1,0,0,1,0,310,108
1,0,0,1,0,320,149
1,0,0,1,0,330,159
1,0,0,1,0,340,196
1,0,0,1,0,350,219
1,0,0,1,0,360,265
1,0,0,1,0,370,262
1,0,0,1,0,380,306
1,0,0,1,0,390,350
1,0,0,1,0,400,335
1,0,0,1,0,410,411
1,0,0,1,0,420,456
1,0,0,1,0,430,494
1,0,0,1,0,440,560
1,0,0,1,0,450,451
1,0,0,1,0,460,473
1,0,0,1,0,470,536
1,0,0,1,0,480,518
1,0,0,1,0,490,449
1,0,0,1,0,500,488
1,0,0,1,0,510,585
1,0,0,1,0,520,612
1,0,0,1,0,530,601
1,0,0,1,0,540,578
1,0,0,1,0,550,595
1,0,0,1,0,560,565
1,0,0,1,0,570,608
1,0,0,1,0,580,682
1,0,0,1,0,590,571
1,0,0,1,0,600,643
1,0,0,1,0,610,618
1,0,0,1,0,620,604
1,0,0,1,0,630,649
1,0,0,1,0,640,677
1,0,0,1,0,650,714
1,0,0,1,0,660,625
1,0,0,1,0,670,653
1,0,0,1,0,680,681
1,0,0,1,0,690,719
1,0,0,1,0,700,788
1,0,0,1,0,710,751
1,0,0,1,0,720,741
1,0,0,1,0,730,753
1,0,0,1,0,740,774
1,0,0,1,0,750,746
1,0,0,1,0,760,782
1,0,0,1,0,770,775
1,0,0,1,0,780,767
1,0,0,1,0,790,756
1,0,0,1,0,800,762
1,0,0,1,0,810,804
1,0,0,1,0,820,758
1,0,0,1,0,830,856
1,0,0,1,0,840,823
1,0,0,1,0,850,866
1,0,0,1,0,860,756
1,0,0,1,0,870,886
1,0,0,1,0,880,786
1,0,0,1,0,890,801
1,0,0,1,0,900,836
1,0,0,1,0,910,861
1,0,0,1,1,10,701
1,0,0,1,1,20,1043
1,0,0,1,1,30,971
1,0,0,1,1,40,936
1,0,0,1,1,50,902
1,0,0,1,1,60,840
1,0,0,1,1,70,871
1,0,0,1,1,80,878
1,0,0,1,1,90,961
1,0,0,1,1,100,946
1,0,0,1,1,110,901
1,0,0,1,1,120,850
1,0,0,1,1,130,886
1,0,0,1,1,140,836
1,0,0,1,1,150,928
1,0,0,1,1,160,958
1,0,0,1,1,170,953
1,0,0,1,1,180,1013
1,0,0,1,1,190,952
1,0,0,1,1,200,959
1,0,0,1,1,210,857
1,0,0,1,1,220,872
1,0,0,1,1,230,826
1,0,0,1,1,240,853
1,0,0,1,1,250,883
1,0,0,1,1,260,862
1,0,0,1,1,270,130
1,0,0,1,1,280,74
1,0,0,1,1,290,84
1,0,0,1,1,300,106
1,0,0,1,1,310,142
1,0,0,1,1,320,158
1,0,0,1,1,330,176
1,0,0,1,1,340,240
1,0,0,1,1,350,302
1,0,0,1,1,360,324
1,0,0,1,1,370,329
1,0,0,1,1,380,331
1,0,0,1,1,390,324
1,0,0,1,1,400,339
1,0,0,1,1,410,312
1,0,0,1,1,420,347
1,0,0,1,1,430,393
1,0,0,1,1,440,425
1,0,0,1,1,450,399
1,0,0,1,1,460,441
1,0,0,1,1,470,436
1,0,0,1,1,480,419
1,0,0,1,1,490,439
1,0,0,1,1,500,515
1,0,0,1,1,510,584
1,0,0,1,1,520,582
1,0,0,1,1,530,643
1,0,0,1,1,540,686
1,0,0,1,1,550,718
1,0,0,1,1,560,680
1,0,0,1,1,570,721
1,0,0,1,1,580,753
1,0,0,1,1,590,782
1,0,0,1,1,600,779
1,0,0,1,1,610,857
1,0,0,1,1,620,858
1,0,0,1,1,630,818
1,0,0,1,1,640,851
1,0,0,1,1,650,831
1,0,0,1,1,660,933
1,0,0,1,1,670,915
1,0,0,1,1,680,865
1,0,0,1,1,690,959
1,0,0,1,1,700,872
1,0,0,1,1,710,955
1,0,0,1,1,720,979
1,0,0,1,1,730,984
1,0,0,1,1,740,902
1,0,0,1,1,750,896
1,0,0,1,1,760,847
1,0,0,1,1,770,904
1,0,0,1,1,780,893
1,0,0,1,1,790,858
1,0,0,1,1,800,939
1,0,0,1,1,810,892
1,0,0,1,1,820,828
1,0,0,1,1,830,912
1,0,0,1,1,840,1004
1,0,0,1,1,850,974
1,0,0,1,1,860,979
1,0,0,1,1,870,982
1,0,0,1,1,880,952
1,0,0,1,1,890,954
1,0,0,1,1,900,937
1,0,0,1,1,910,899
1,0,0,1,2,10,699
1,0,0,1,2,20,1051
1,0,0,1,2,30,972
1,0,0,1,2,40,893
1,0,0,1,2,50,851
1,0,0,1,2,60,833
1,0,0,1,2,70,854
1,0,0,1,2,80,860
1,0,0,1,2,90,925
1,0,0,1,2,100,968
1,0,0,1,2,110,927
1,0,0,1,2,120,912
1,0,0,1,2,130,899
1,0,0,1,2,140,924
1,0,0,1,2,150,830
1,0,0,1,2,160,789
1,0,0,1,2,170,803
1,0,0,1,2,180,809
1,0,0,1,2,190,850
1,0,0,1,2,200,833
1,0,0,1,2,210,937
1,0,0,1,2,220,921
1,0,0,1,2,230,907
1,0,0,1,2,240,877
1,0,0,1,2,250,834
1,0,0,1,2,260,939
1,0,0,1,2,270,104
1,0,0,1,2,280,41
1,0,0,1,2,290,32
1,0,0,1,2,300,52
1,0,0,1,2,310,61
1,0,0,1,2,320,61
1,0,0,1,2,330,53
1,0,0,1,2,340,66
1,0,0,1,2,350,95
1,0,0,1,2,360,159
1,0,0,1,2,370,166
1,0,0,1,2,380,173
1,0,0,1,2,390,257
1,0,0,1,2,400,255
1,0,0,1,2,410,272
1,0,0,1,2,420,248
1,0,0,1,2,430,277
1,0,0,1,2,440,363
1,0,0,1,2,450,429
1,0,0,1,2,460,406
1,0,0,1,2,470,451
1,0,0,1,2,480,464
1,0,0,1,2,490,562
1,0,0,1,2,500,585
1,0,0,1,2,510,576
1,0,0,1,2,520,622
1,0,0,1,2,530,638
1,0,0,1,2,540,660
1,0,0,1,2,550,663
1,0,0,1,2,560,612
1,0,0,1,2,570,668
1,0,0,1,2,580,760
1,0,0,1,2,590,729
1,0,0,1,2,600,757
1,0,0,1,2,610,774
1,0,0,1,2,620,786
1,0,0,1,2,630,825
1,0,0,1,2,640,842
1,0,0,1,2,650,749
1,0,0,1,2,660,818
1,0,0,1,2,670,828
1,0,0,1,2,680,854
1,0,0,1,2,690,906
1,0,0,1,2,700,803
1,0,0,1,2,710,901
1,0,0,1,2,720,911
1,0,0,1,2,730,885
1,0,0,1,2,740,827
1,0,0,1,2,750,882
1,0,0,1,2,760,885
1,0,0,1,2,770,823
1,0,0,1,2,780,777
1,0,0,1,2,790,856
1,0,0,1,2,800,854
1,0,0,1,2,810,884
1,0,0,1,2,820,882
1,0,0,1,2,830,844
1,0,0,1,2,840,932
1,0,0,1,2,850,914
1,0,0,1,2,860,843
1,0,0,1,2,870,852
1,0,0,1,2,880,917
1,0,0,1,2,890,897
1,0,0,1,2,900,874
1,0,0,1,2,910,803
1,0,0,1,3,10,701
1,0,0,1,3,20,1118
1,0,0,1,3,30,982
1,0,0,1,3,40,926
1,0,0,1,3,50,856
1,0,0,1,3,60,905
1,0,0,1,3,70,917
1,0,0,1,3,80,937
1,0,0,1,3,90,942
1,0,0,1,3,100,980
1,0,0,1,3,110,958
1,0,0,1,3,120,919
1,0,0,1,3,130,855
1,0,0,1,3,140,814
1,0,0,1,3,150,877
1,0,0,1,3,160,964
1,0,0,1,3,170,900
1,0,0,1,3,180,893
1,0,0,1,3,190,808
1,0,0,1,3,200,808
1,0,0,1,3,210,898
1,0,0,1,3,220,948
1,0,0,1,3,230,917
1,0,0,1,3,240,857
1,0,0,1,3,250,903
1,0,0,1,3,260,871
1,0,0,1,3,270,121
1,0,0,1,3,280,95
1,0,0,1,3,290,139
1,0,0,1,3,300,191
1,0,0,1,3,310,231
1,0,0,1,3,320,255
1,0,0,1,3,330,292
1,0,0,1,3,340,391
1,0,0,1,3,350,461
1,0,0,1,3,360,446
1,0,0,1,3,370,519
1,0,0,1,3,380,490
1,0,0,1,3,390,596
1,0,0,1,3,400,603
1,0,0,1,3,410,552
1,0,0,1,3,420,643
1,0,0,1,3,430,690
1,0,0,1,3,440,699
1,0,0,1,3,450,765
1,0,0,1,3,460,706
1,0,0,1,3,470,727
1,0,0,1,3,480,763
1,0,0,1,3,490,807
1,0,0,1,3,500,857
1,0,0,1,3,510,837
1,0,0,1,3,520,782
1,0,0,1,3,530,798
1,0,0,1,3,540,836
1,0,0,1,3,550,879
1,0,0,1,3,560,960
1,0,0,1,3,570,876
1,0,0,1,3,580,868
1,0,0,1,3,590,932
1,0,0,1,3,600,832
1,0,0,1,3,610,848
1,0,0,1,3,620,892
1,0,0,1,3,630,929
1,0,0,1,3,640,813
1,0,0,1,3,650,950
1,0,0,1,3,660,944
1,0,0,1,3,670,979
1,0,0,1,3,680,975
1,0,0,1,3,690,888
1,0,0,1,3,700,840
1,0,0,1,3,710,774
1,0,0,1,3,720,814
1,0,0,1,3,730,873
1,0,0,1,3,740,857
1,0,0,1,3,750,842
1,0,0,1,3,760,931
1,0,0,1,3,770,966
1,0,0,1,3,780,890
1,0,0,1,3,790,916
1,0,0,1,3,800,918
1,0,0,1,3,810,887
1,0,0,1,3,820,934
1,0,0,1,3,830,835
1,0,0,1,3,840,764
1,0,0,1,3,850,782
1,0,0,1,3,860,850
1,0,0,1,3,870,918
1,0,0,1,3,880,951
1,0,0,1,3,890,921
1,0,0,1,3,900,984
1,0,0,1,3,910,894
1,0,0,2,0,10,701
1,0,0,2,0,20,1065
1,0,0,2,0,30,1044
1,0,0,2,0,40,951
1,0,0,2,0,50,976
1,0,0,2,0,60,1015
1,0,0,2,0,70,855
1,0,0,2,0,80,862
1,0,0,2,0,90,846
1,0,0,2,0,100,811
1,0,0,2,0,110,866
1,0,0,2,0,120,939
1,0,0,2,0,130,848
1,0,0,2,0,140,865
1,0,0,2,0,150,837
1,0,0,2,0,160,881
1,0,0,2,0,170,895
1,0,0,2,0,180,901
1,0,0,2,0,190,955
1,0,0,2,0,200,872
1,0,0,2,0,210,910
1,0,0,2,0,220,886
1,0,0,2,0,230,861
1,0,0,2,0,240,843
1,0,0,2,0,250,920
1,0,0,2,0,260,961
1,0,0,2,0,270,113
1,0,0,2,0,280,50
1,0,0,2,0,290,78
1,0,0,2,0,300,78
1,0,0,2,0,310,86
1,0,0,2,0,320,147
1,0,0,2,0,330,166
1,0,0,2,0,340,210
1,0,0,2,0,350,241
1,0,0,2,0,360,291
1,0,0,2,0,370,358
1,0,0,2,0,380,396
1,0,0,2,0,390,463
1,0,0,2,0,400,386
1,0,0,2,0,410,453
1,0,0,2,0,420,462
1,0,0,2,0,430,475
1,0,0,2,0,440,454
1,0,0,2,0,450,502
1,0,0,2,0,460,545
1,0,0,2,0,470,475
1,0,0,2,0,480,563
1,0,0,2,0,490,609
1,0,0,2,0,500,639
1,0,0,2,0,510,632
1,0,0,2,0,520,681
1,0,0,2,0,530,679
1,0,0,2,0,540,672
1,0,0,2,0,550,641
1,0,0,2,0,560,614
1,0,0,2,0,570,666
1,0,0,2,0,580,720
1,0,0,2,0,590,858
1,0,0,2,0,600,842
1,0,0,2,0,610,808
1,0,0,2,0,620,810
1,0,0,2,0,630,820
1,0,0,2,0,640,813
1,0,0,2,0,650,805
1,0,0,2,0,660,850
1,0,0,2,0,670,835
1,0,0,2,0,680,849
1,0,0,2,0,690,815
1,0,0,2,0,700,700
1,0,0,2,0,710,790
1,0,0,2,0,720,802
1,0,0,2,0,730,844
1,0,0,2,0,740,792
1,0,0,2,0,750,812
1,0,0,2,0,760,748
1,0,0,2,0,770,847
1,0,0,2,0,780,890
1,0,0,2,0,790,899
1,0,0,2,0,800,929
1,0,0,2,0,810,904
1,0,0,2,0,820,862
1,0,0,2,0,830,862
1,0,0,2,0,840,963
1,0,0,2,0,850,896
1,0,0,2,0,860,962
1,0,0,2,0,870,779
1,0,0,2,0,880,823
1,0,0,2,0,890,895
1,0,0,2,0,900,894
1,0,0,2,0,910,972
1,0,0,2,1,10,699
1,0,0,2,1,20,1080
1,0,0,2,1,30,1041
1,0,0,2,1,40,1018
1,0,0,2,1,50,901
1,0,0,2,1,60,884
1,0,0,2,1,70,858
1,0,0,2,1,80,925
1,0,0,2,1,90,955
1,0,0,2,1,100,868
1,0,0,2,1,110,848
1,0,0,2,1,120,946
1,0,0,2,1,130,830
1,0,0,2,1,140,839
1,0,0,2,1,150,848
1,0,0,2,1,160,830
1,0,0,2,1,170,894
1,0,0,2,1,180,892
1,0,0,2,1,190,927
1,0,0,2,1,200,897
1,0,0,2,1,210,925
1,0,0,2,1,220,991
1,0,0,2,1,230,936
1,0,0,2,1,240,952
1,0,0,2,1,250,902
1,0,0,2,1,260,879
1,0,0,2,1,270,92
1,0,0,2,1,280,74
1,0,0,2,1,290,86
1,0,0,2,1,300,98
1,0,0,2,1,310,206
1,0,0,2,1,320,207
1,0,0,2,1,330,266
1,0,0,2,1,340,274
1,0,0,2,1,350,326
1,0,0,2,1,360,351
1,0,0,2,1,370,384
1,0,0,2,1,380,396
1,0,0,2,1,390,459
1,0,0,2,1,400,445
1,0,0,2,1,410,518
1,0,0,2,1,420,434
1,0,0,2,1,430,532
1,0,0,2,1,440,527
1,0,0,2,1,450,528
1,0,0,2,1,460,599
1,0,0,2,1,470,630
1,0,0,2,1,480,620
1,0,0,2,1,490,655
1,0,0,2,1,500,665
1,0,0,2,1,510,617
1,0,0,2,1,520,586
1,0,0,2,1,530,626
1,0,0,2,1,540,652
1,0,0,2,1,550,610
1,0,0,2,1,560,636
1,0,0,2,1,570,754
1,0,0,2,1,580,697
1,0,0,2,1,590,760
1,0,0,2,1,600,813
1,0,0,2,1,610,678
1,0,0,2,1,620,647
1,0,0,2,1,630,711
1,0,0,2,1,640,723
1,0,0,2,1,650,728
1,0,0,2,1,660,699
1,0,0,2,1,670,755
1,0,0,2,1,680,694
1,0,0,2,1,690,817
1,0,0,2,1,700,785
1,0,0,2,1,710,817
1,0,0,2,1,720,818
1,0,0,2,1,730,788
1,0,0,2,1,740,797
1,0,0,2,1,750,797
1,0,0,2,1,760,798
1,0,0,2,1,770,781
1,0,0,2,1,780,848
1,0,0,2,1,790,886
1,0,0,2,1,800,753
1,0,0,2,1,810,764
1,0,0,2,1,820,781
1,0,0,2,1,830,723
1,0,0,2,1,840,831
1,0,0,2,1,850,905
1,0,0,2,1,860,838
1,0,0,2,1,870,847
1,0,0,2,1,880,899
1,0,0,2,1,890,927
1,0,0,2,1,900,868
1,0,0,2,1,910,862
1,0,0,2,2,10,701
1,0,0,2,2,20,1056
1,0,0,2,2,30,1026
1,0,0,2,2,40,867
1,0,0,2,2,50,964
1,0,0,2,2,60,813
1,0,0,2,2,70,836
1,0,0,2,2,80,815
1,0,0,2,2,90,756
1,0,0,2,2,100,819
1,0,0,2,2,110,882
1,0,0,2,2,120,807
1,0,0,2,2,130,829
1,0,0,2,2,140,836
1,0,0,2,2,150,818
1,0,0,2,2,160,785
1,0,0,2,2,170,772
1,0,0,2,2,180,886
1,0,0,2,2,190,889
1,0,0,2,2,200,859
1,0,0,2,2,210,805
1,0,0,2,2,220,783
1,0,0,2,2,230,821
1,0,0,2,2,240,1033
1,0,0,2,2,250,919
1,0,0,2,2,260,877
1,0,0,2,2,270,81
1,0,0,2,2,280,56
1,0,0,2,2,290,40
1,0,0,2,2,300,83
1,0,0,2,2,310,84
1,0,0,2,2,320,146
1,0,0,2,2,330,181
1,0,0,2,2,340,201
1,0,0,2,2,350,173
1,0,0,2,2,360,167
1,0,0,2,2,370,190
1,0,0,2,2,380,233
1,0,0,2,2,390,237
1,0,0,2,2,400,233
1,0,0,2,2,410,328
1,0,0,2,2,420,309
1,0,0,2,2,430,317
1,0,0,2,2,440,403
1,0,0,2,2,450,453
1,0,0,2,2,460,446
1,0,0,2,2,470,527
1,0,0,2,2,480,653
1,0,0,2,2,490,672
1,0,0,2,2,500,679
1,0,0,2,2,510,718
1,0,0,2,2,520,803
1,0,0,2,2,530,825
1,0,0,2,2,540,906
1,0,0,2,2,550,890
1,0,0,2,2,560,990
1,0,0,2,2,570,904
1,0,0,2,2,580,952
1,0,0,2,2,590,958
1,0,0,2,2,600,875
1,0,0,2,2,610,811
1,0,0,2,2,620,886
1,0,0,2,2,630,908
1,0,0,2,2,640,936
1,0,0,2,2,650,902
1,0,0,2,2,660,897
1,0,0,2,2,670,902
1,0,0,2,2,680,978
1,0,0,2,2,690,832
1,0,0,2,2,700,945
1,0,0,2,2,710,742
1,0,0,2,2,720,864
1,0,0,2,2,730,873
1,0,0,2,2,740,842
1,0,0,2,2,750,858
1,0,0,2,2,760,854
1,0,0,2,2,770,958
1,0,0,2,2,780,933
1,0,0,2,2,790,993
1,0,0,2,2,800,927
1,0,0,2,2,810,1002
1,0,0,2,2,820,910
1,0,0,2,2,830,804
1,0,0,2,2,840,1009
1,0,0,2,2,850,1039
1,0,0,2,2,860,965
1,0,0,2,2,870,949
1,0,0,2,2,880,843
1,0,0,2,2,890,940
1,0,0,2,2,900,817
1,0,0,2,2,910,806
1,0,0,2,3,10,701
1,0,0,2,3,20,1079
1,0,0,2,3,30,973
1,0,0,2,3,40,976
1,0,0,2,3,50,890
1,0,0,2,3,60,910
1,0,0,2,3,70,899
1,0,0,2,3,80,896
1,0,0,2,3,90,906
1,0,0,2,3,100,783
1,0,0,2,3,110,834
1,0,0,2,3,120,777
1,0,0,2,3,130,772
1,0,0,2,3,140,865
1,0,0,2,3,150,881
1,0,0,2,3,160,894
1,0,0,2,3,170,886
1,0,0,2,3,180,971
1,0,0,2,3,190,924
1,0,0,2,3,200,837
1,0,0,2,3,210,870
1,0,0,2,3,220,883
1,0,0,2,3,230,847
1,0,0,2,3,240,873
1,0,0,2,3,250,813
1,0,0,2,3,260,938
1,0,0,2,3,270,123
1,0,0,2,3,280,75
1,0,0,2,3,290,54
1,0,0,2,3,300,103
1,0,0,2,3,310,74
1,0,0,2,3,320,105
1,0,0,2,3,330,115
1,0,0,2,3,340,113
1,0,0,2,3,350,146
1,0,0,2,3,360,103
1,0,0,2,3,370,132
1,0,0,2,3,380,162
1,0,0,2,3,390,237
1,0,0,2,3,400,233
1,0,0,2,3,410,261
1,0,0,2,3,420,280
1,0,0,2,3,430,261
1,0,0,2,3,440,274
1,0,0,2,3,450,312
1,0,0,2,3,460,403
1,0,0,2,3,470,396
1,0,0,2,3,480,406
1,0,0,2,3,490,460
1,0,0,2,3,500,440
1,0,0,2,3,510,402
1,0,0,2,3,520,418
1,0,0,2,3,530,469
1,0,0,2,3,540,449
1,0,0,2,3,550,473
1,0,0,2,3,560,472
1,0,0,2,3,570,504
1,0,0,2,3,580,599
1,0,0,2,3,590,608
1,0,0,2,3,600,615
1,0,0,2,3,610,601
1,0,0,2,3,620,682
1,0,0,2,3,630,693
1,0,0,2,3,640,674
1,0,0,2,3,650,701
1,0,0,2,3,660,596
1,0,0,2,3,670,643
1,0,0,2,3,680,668
1,0,0,2,3,690,653
1,0,0,2,3,700,674
1,0,0,2,3,710,640
1,0,0,2,3,720,686
1,0,0,2,3,730,755
1,0,0,2,3,740,724
1,0,0,2,3,750,738
1,0,0,2,3,760,755
1,0,0,2,3,770,811
1,0,0,2,3,780,788
1,0,0,2,3,790,906
1,0,0,2,3,800,864
1,0,0,2,3,810,804
1,0,0,2,3,820,788
1,0,0,2,3,830,812
1,0,0,2,3,840,841
1,0,0,2,3,850,897
1,0,0,2,3,860,900
1,0,0,2,3,870,823
1,0,0,2,3,880,776
1,0,0,2,3,890,850
1,0,0,2,3,900,804
1,0,0,2,3,910,853
1,2,0,0,0,10,701
1,2,0,0,0,20,749
1,2,0,0,0,30,659
1,2,0,0,0,40,602
1,2,0,0,0,50,594
1,2,0,0,0,60,587
1,2,0,0,0,70,541
1,2,0,0,0,80,510
1,2,0,0,0,90,508
1,2,0,0,0,100,470
1,2,0,0,0,110,449
1,2,0,0,0,120,413
1,2,0,0,0,130,323
1,2,0,0,0,140,371
1,2,0,0,0,150,350
1,2,0,0,0,160,385
1,2,0,0,0,170,391
1,2,0,0,0,180,419
1,2,0,0,0,190,418
1,2,0,0,0,200,463
1,2,0,0,0,210,390
1,2,0,0,0,220,370
1,2,0,0,0,230,345
1,2,0,0,0,240,274
1,2,0,0,0,250,289
1,2,0,0,0,260,260
1,2,0,0,0,270,42
1,2,0,0,0,280,9
1,2,0,0,0,290,0
1,2,0,0,1,10,701
1,2,0,0,1,20,627
1,2,0,0,1,30,620
1,2,0,0,1,40,552
1,2,0,0,1,50,472
1,2,0,0,1,60,491
1,2,0,0,1,70,438
1,2,0,0,1,80,424
1,2,0,0,1,90,402
1,2,0,0,1,100,366
1,2,0,0,1,110,367
1,2,0,0,1,120,323
1,2,0,0,1,130,318
1,2,0,0,1,140,329
1,2,0,0,1,150,391
1,2,0,0,1,160,358
1,2,0,0,1,170,367
1,2,0,0,1,180,328
1,2,0,0,1,190,303
1,2,0,0,1,200,303
1,2,0,0,1,210,240
1,2,0,0,1,220,177
1,2,0,0,1,230,222
1,2,0,0,1,240,203
1,2,0,0,1,250,268
1,2,0,0,1,260,276
1,2,0,0,1,270,39
1,2,0,0,1,280,21
1,2,0,0,1,290,3
1,2,0,0,1,300,8
1,2,0,0,1,310,4
1,2,0,0,1,320,7
1,2,0,0,1,330,20
1,2,0,0,1,340,11
1,2,0,0,1,350,4
1,2,0,0,1,360,4
1,2,0,0,2,10,699
1,2,0,0,2,20,643
1,2,0,0,2,30,572
1,2,0,0,2,40,483
1,2,0,0,2,50,425
1,2,0,0,2,60,468
1,2,0,0,2,70,459
1,2,0,0,2,80,382
1,2,0,0,2,90,350
1,2,0,0,2,100,380
1,2,0,0,2,110,374
1,2,0,0,2,120,343
1,2,0,0,2,130,328
1,2,0,0,2,140,311
1,2,0,0,2,150,254
1,2,0,0,2,160,193
1,2,0,0,2,170,227
1,2,0,0,2,180,241
1,2,0,0,2,190,277
1,2,0,0,2,200,233
1,2,0,0,2,210,215
1,2,0,0,2,220,183
1,2,0,0,2,230,216
1,2,0,0,2,240,210
1,2,0,0,2,250,221
1,2,0,0,2,260,231
1,2,0,0,2,270,61
1,2,0,0,2,280,70
1,2,0,0,2,290,86
1,2,0,0,2,300,76
1,2,0,0,2,310,63
1,2,0,0,2,320,91
1,2,0,0,2,330,92
1,2,0,0,2,340,86
1,2,0,0,2,350,86
1,2,0,0,2,360,71
1,2,0,0,2,370,73
1,2,0,0,2,380,92
1,2,0,0,2,390,92
1,2,0,0,2,400,104
1,2,0,0,2,410,114
1,2,0,0,2,420,76
1,2,0,0,2,430,44
1,2,0,0,2,440,70
1,2,0,0,2,450,59
1,2,0,0,2,460,95
1,2,0,0,2,470,78
1,2,0,0,2,480,80
1,2,0,0,2,490,74
1,2,0,0,2,500,97
1,2,0,0,2,510,96
1,2,0,0,2,520,73
1,2,0,0,2,530,84
1,2,0,0,2,540,91
1,2,0,0,2,550,67
1,2,0,0,2,560,84
1,2,0,0,2,570,55
1,2,0,0,2,580,49
1,2,0,0,2,590,56
1,2,0,0,2,600,57
1,2,0,0,2,610,108
1,2,0,0,2,620,77
1,2,0,0,2,630,82
1,2,0,0,2,640,73
1,2,0,0,2,650,70
1,2,0,0,2,660,60
1,2,0,0,2,670,44
1,2,0,0,2,680,56
1,2,0,0,2,690,70
1,2,0,0,2,700,69
1,2,0,0,2,710,88
1,2,0,0,2,720,106
1,2,0,0,2,730,120
1,2,0,0,2,740,121
1,2,0,0,2,750,94
1,2,0,0,2,760,116
1,2,0,0,2,770,147
1,2,0,0,2,780,123
1,2,0,0,2,790,80
1,2,0,0,2,800,39
1,2,0,0,2,810,99
1,2,0,0,2,820,91
1,2,0,0,2,830,92
1,2,0,0,2,840,106
1,2,0,0,2,850,121
1,2,0,0,2,860,130
1,2,0,0,2,870,178
1,2,0,0,2,880,175
1,2,0,0,2,890,170
1,2,0,0,2,900,157
1,2,0,0,2,910,136
1,2,0,0,3,10,699
1,2,0,0,3,20,659
1,2,0,0,3,30,599
1,2,0,0,3,40,525
1,2,0,0,3,50,505
1,2,0,0,3,60,573
1,2,0,0,3,70,532
1,2,0,0,3,80,474
1,2,0,0,3,90,474
1,2,0,0,3,100,476
1,2,0,0,3,110,483
1,2,0,0,3,120,486
1,2,0,0,3,130,520
1,2,0,0,3,140,462
1,2,0,0,3,150,441
1,2,0,0,3,160,395
1,2,0,0,3,170,364
1,2,0,0,3,180,388
1,2,0,0,3,190,404
1,2,0,0,3,200,392
1,2,0,0,3,210,429
1,2,0,0,3,220,365
1,2,0,0,3,230,338
1,2,0,0,3,240,352
1,2,0,0,3,250,357
1,2,0,0,3,260,336
1,2,0,0,3,270,40
1,2,0,0,3,280,11
1,2,0,0,3,290,14
1,2,0,0,3,300,17
1,2,0,0,3,310,28
1,2,0,0,3,320,19
1,2,0,0,3,330,15
1,2,0,0,3,340,10
1,2,0,0,3,350,4
1,2,0,1,0,10,699
1,2,0,1,0,20,790
1,2,0,1,0,30,671
1,2,0,1,0,40,646
1,2,0,1,0,50,579
1,2,0,1,0,60,522
1,2,0,1,0,70,541
1,2,0,1,0,80,475
1,2,0,1,0,90,422
1,2,0,1,0,100,410
1,2,0,1,0,110,365
1,2,0,1,0,120,363
1,2,0,1,0,130,391
1,2,0,1,0,140,386
1,2,0,1,0,150,320
1,2,0,1,0,160,390
1,2,0,1,0,170,354
1,2,0,1,0,180,359
1,2,0,1,0,190,345
1,2,0,1,0,200,321
1,2,0,1,0,210,360
1,2,0,1,0,220,391
1,2,0,1,0,230,352
1,2,0,1,0,240,315
1,2,0,1,0,250,258
1,2,0,1,0,260,283
1,2,0,1,0,270,37
1,2,0,1,0,280,33
1,2,0,1,0,290,31
1,2,0,1,0,300,37
1,2,0,1,0,310,38
1,2,0,1,0,320,44
1,2,0,1,0,330,32
1,2,0,1,0,340,47
1,2,0,1,0,350,54
1,2,0,1,0,360,53
1,2,0,1,0,370,55
1,2,0,1,0,380,47
1,2,0,1,0,390,46
1,2,0,1,0,400,33
1,2,0,1,0,410,35
1,2,0,1,0,420,27
1,2,0,1,0,430,36
1,2,0,1,0,440,55
1,2,0,1,0,450,35
1,2,0,1,0,460,37
1,2,0,1,0,470,67
1,2,0,1,0,480,50
1,2,0,1,0,490,53
1,2,0,1,0,500,54
1,2,0,1,0,510,86
1,2,0,1,0,520,87
1,2,0,1,0,530,77
1,2,0,1,0,540,76
1,2,0,1,0,550,86
1,2,0,1,0,560,63
1,2,0,1,0,570,58
1,2,0,1,0,580,73
1,2,0,1,0,590,50
1,2,0,1,0,600,34
1,2,0,1,0,610,35
1,2,0,1,0,620,35
1,2,0,1,0,630,45
1,2,0,1,0,640,34
1,2,0,1,0,650,32
1,2,0,1,0,660,29
1,2,0,1,0,670,40
1,2,0,1,0,680,30
1,2,0,1,0,690,38
1,2,0,1,0,700,39
1,2,0,1,0,710,26
1,2,0,1,0,720,20
1,2,0,1,0,730,32
1,2,0,1,0,740,45
1,2,0,1,0,750,25
1,2,0,1,0,760,52
1,2,0,1,0,770,57
1,2,0,1,0,780,30
1,2,0,1,0,790,18
1,2,0,1,0,800,7
1,2,0,1,0,810,1
1,2,0,1,1,10,699
1,2,0,1,1,20,722
1,2,0,1,1,30,685
1,2,0,1,1,40,609
1,2,0,1,1,50,605
1,2,0,1,1,60,544
1,2,0,1,1,70,514
1,2,0,1,1,80,528
1,2,0,1,1,90,428
1,2,0,1,1,100,439
1,2,0,1,1,110,431
1,2,0,1,1,120,427
1,2,0,1,1,130,421
1,2,0,1,1,140,415
1,2,0,1,1,150,403
1,2,0,1,1,160,412
1,2,0,1,1,170,405
1,2,0,1,1,180,358
1,2,0,1,1,190,351
1,2,0,1,1,200,370
1,2,0,1,1,210,312
1,2,0,1,1,220,310
1,2,0,1,1,230,334
1,2,0,1,1,240,324
1,2,0,1,1,250,236
1,2,0,1,1,260,228
1,2,0,1,1,270,36
1,2,0,1,1,280,39
1,2,0,1,1,290,26
1,2,0,1,1,300,32
1,2,0,1,1,310,70
1,2,0,1,1,320,93
1,2,0,1,1,330,120
1,2,0,1,1,340,116
1,2,0,1,1,350,133
1,2,0,1,1,360,109
1,2,0,1,1,370,126
1,2,0,1,1,380,140
1,2,0,1,1,390,144
1,2,0,1,1,400,145
1,2,0,1,1,410,151
1,2,0,1,1,420,108
1,2,0,1,1,430,151
1,2,0,1,1,440,144
1,2,0,1,1,450,157
1,2,0,1,1,460,128
1,2,0,1,1,470,132
1,2,0,1,1,480,132
1,2,0,1,1,490,137
1,2,0,1,1,500,145
1,2,0,1,1,510,144
1,2,0,1,1,520,153
1,2,0,1,1,530,173
1,2,0,1,1,540,152
1,2,0,1,1,550,193
1,2,0,1,1,560,169
1,2,0,1,1,570,162
1,2,0,1,1,580,133
1,2,0,1,1,590,169
1,2,0,1,1,600,126
1,2,0,1,1,610,153
1,2,0,1,1,620,135
1,2,0,1,1,630,71
1,2,0,1,1,640,78
1,2,0,1,1,650,77
1,2,0,1,1,660,79
1,2,0,1,1,670,98
1,2,0,1,1,680,119
1,2,0,1,1,690,114
1,2,0,1,1,700,88
1,2,0,1,1,710,102
1,2,0,1,1,720,99
1,2,0,1,1,730,89
1,2,0,1,1,740,110
1,2,0,1,1,750,89
1,2,0,1,1,760,58
1,2,0,1,1,770,78
1,2,0,1,1,780,83
1,2,0,1,1,790,89
1,2,0,1,1,800,84
1,2,0,1,1,810,115
1,2,0,1,1,820,83
1,2,0,1,1,830,109
1,2,0,1,1,840,91
1,2,0,1,1,850,106
1,2,0,1,1,860,104
1,2,0,1,1,870,79
1,2,0,1,1,880,87
1,2,0,1,1,890,127
1,2,0,1,1,900,126
1,2,0,1,1,910,91
1,2,0,1,2,10,699
1,2,0,1,2,20,739
1,2,0,1,2,30,631
1,2,0,1,2,40,599
1,2,0,1,2,50,557
1,2,0,1,2,60,526
1,2,0,1,2,70,516
1,2,0,1,2,80,480
1,2,0,1,2,90,405
1,2,0,1,2,100,375
1,2,0,1,2,110,414
1,2,0,1,2,120,378
1,2,0,1,2,130,350
1,2,0,1,2,140,298
1,2,0,1,2,150,268
1,2,0,1,2,160,186
1,2,0,1,2,170,271
1,2,0,1,2,180,258
1,2,0,1,2,190,279
1,2,0,1,2,200,282
1,2,0,1,2,210,284
1,2,0,1,2,220,327
1,2,0,1,2,230,290
1,2,0,1,2,240,278
1,2,0,1,2,250,271
1,2,0,1,2,260,235
1,2,0,1,2,270,39
1,2,0,1,2,280,23
1,2,0,1,2,290,21
1,2,0,1,2,300,30
1,2,0,1,2,310,22
1,2,0,1,2,320,29
1,2,0,1,2,330,12
1,2,0,1,2,340,7
1,2,0,1,2,350,8
1,2,0,1,2,360,13
1,2,0,1,2,370,16
1,2,0,1,2,380,22
1,2,0,1,2,390,32
1,2,0,1,2,400,27
1,2,0,1,2,410,40
1,2,0,1,2,420,33
1,2,0,1,2,430,30
1,2,0,1,2,440,29
1,2,0,1,2,450,31
1,2,0,1,2,460,27
1,2,0,1,2,470,59
1,2,0,1,2,480,34
1,2,0,1,2,490,41
1,2,0,1,2,500,55
1,2,0,1,2,510,69
1,2,0,1,2,520,64
1,2,0,1,2,530,83
1,2,0,1,2,540,39
1,2,0,1,2,550,36
1,2,0,1,2,560,62
1,2,0,1,2,570,56
1,2,0,1,2,580,56
1,2,0,1,2,590,44
1,2,0,1,2,600,65
1,2,0,1,2,610,50
1,2,0,1,2,620,59
1,2,0,1,2,630,69
1,2,0,1,2,640,59
1,2,0,1,2,650,70
1,2,0,1,2,660,31
1,2,0,1,2,670,44
1,2,0,1,2,680,60
1,2,0,1,2,690,42
1,2,0,1,2,700,57
1,2,0,1,2,710,43
1,2,0,1,2,720,72
1,2,0,1,2,730,59
1,2,0,1,2,740,35
1,2,0,1,2,750,24
1,2,0,1,2,760,28
1,2,0,1,2,770,43
1,2,0,1,2,780,33
1,2,0,1,2,790,58
1,2,0,1,2,800,60
1,2,0,1,2,810,54
1,2,0,1,2,820,52
1,2,0,1,2,830,38
1,2,0,1,2,840,49
1,2,0,1,2,850,66
1,2,0,1,2,860,82
1,2,0,1,2,870,60
1,2,0,1,2,880,86
1,2,0,1,2,890,59
1,2,0,1,2,900,78
1,2,0,1,2,910,87
1,2,0,1,3,10,699
1,2,0,1,3,20,671
1,2,0,1,3,30,595
1,2,0,1,3,40,568
1,2,0,1,3,50,553
1,2,0,1,3,60,482
1,2,0,1,3,70,452
1,2,0,1,3,80,451
1,2,0,1,3,90,346
1,2,0,1,3,100,320
1,2,0,1,3,110,322
1,2,0,1,3,120,250
1,2,0,1,3,130,180
1,2,0,1,3,140,181
1,2,0,1,3,150,177
1,2,0,1,3,160,223
1,2,0,1,3,170,225
1,2,0,1,3,180,236
1,2,0,1,3,190,285
1,2,0,1,3,200,241
1,2,0,1,3,210,295
1,2,0,1,3,220,273
1,2,0,1,3,230,294
1,2,0,1,3,240,246
1,2,0,1,3,250,278
1,2,0,1,3,260,251
1,2,0,1,3,270,35
1,2,0,1,3,280,7
1,2,0,1,3,290,10
1,2,0,1,3,300,13
1,2,0,1,3,310,2
1,2,0,2,0,10,701
1,2,0,2,0,20,675
1,2,0,2,0,30,582
1,2,0,2,0,40,537
1,2,0,2,0,50,511
1,2,0,2,0,60,535
1,2,0,2,0,70,443
1,2,0,2,0,80,504
1,2,0,2,0,90,449
1,2,0,2,0,100,414
1,2,0,2,0,110,426
1,2,0,2,0,120,437
1,2,0,2,0,130,420
1,2,0,2,0,140,419
1,2,0,2,0,150,382
1,2,0,2,0,160,390
1,2,0,2,0,170,363
1,2,0,2,0,180,392
1,2,0,2,0,190,382
1,2,0,2,0,200,376
1,2,0,2,0,210,345
1,2,0,2,0,220,319
1,2,0,2,0,230,351
1,2,0,2,0,240,363
1,2,0,2,0,250,289
1,2,0,2,0,260,269
1,2,0,2,0,270,45
1,2,0,2,0,280,32
1,2,0,2,0,290,23
1,2,0,2,0,300,13
1,2,0,2,0,310,13
1,2,0,2,0,320,24
1,2,0,2,0,330,20
1,2,0,2,0,340,24
1,2,0,2,0,350,20
1,2,0,2,0,360,17
1,2,0,2,0,370,32
1,2,0,2,0,380,19
1,2,0,2,0,390,24
1,2,0,2,0,400,21
1,2,0,2,0,410,15
1,2,0,2,0,420,5
1,2,0,2,0,430,1
1,2,0,2,0,440,1
1,2,0,2,1,10,701
1,2,0,2,1,20,647
1,2,0,2,1,30,627
1,2,0,2,1,40,591
1,2,0,2,1,50,584
1,2,0,2,1,60,592
1,2,0,2,1,70,465
1,2,0,2,1,80,414
1,2,0,2,1,90,482
1,2,0,2,1,100,497
1,2,0,2,1,110,515
1,2,0,2,1,120,530
1,2,0,2,1,130,438
1,2,0,2,1,140,382
1,2,0,2,1,150,385
1,2,0,2,1,160,415
1,2,0,2,1,170,389
1,2,0,2,1,180,358
1,2,0,2,1,190,331
1,2,0,2,1,200,317
1,2,0,2,1,210,383
1,2,0,2,1,220,410
1,2,0,2,1,230,364
1,2,0,2,1,240,399
1,2,0,2,1,250,378
1,2,0,2,1,260,338
1,2,0,2,1,270,43
1,2,0,2,1,280,14
1,2,0,2,1,290,30
1,2,0,2,1,300,15
1,2,0,2,1,310,8
1,2,0,2,1,320,20
1,2,0,2,1,330,16
1,2,0,2,1,340,12
1,2,0,2,1,350,25
1,2,0,2,1,360,20
1,2,0,2,1,370,6
1,2,0,2,1,380,6
1,2,0,2,1,390,6
1,2,0,2,1,400,7
1,2,0,2,2,10,699
1,2,0,2,2,20,713
1,2,0,2,2,30,636
1,2,0,2,2,40,628
1,2,0,2,2,50,582
1,2,0,2,2,60,448
1,2,0,2,2,70,401
1,2,0,2,2,80,391
1,2,0,2,2,90,354
1,2,0,2,2,100,389
1,2,0,2,2,110,327
1,2,0,2,2,120,349
1,2,0,2,2,130,363
1,2,0,2,2,140,332
1,2,0,2,2,150,308
1,2,0,2,2,160,307
1,2,0,2,2,170,331
1,2,0,2,2,180,315
1,2,0,2,2,190,343
1,2,0,2,2,200,304
1,2,0,2,2,210,311
1,2,0,2,2,220,326
1,2,0,2,2,230,353
1,2,0,2,2,240,324
1,2,0,2,2,250,287
1,2,0,2,2,260,325
1,2,0,2,2,270,48
1,2,0,2,2,280,21
1,2,0,2,2,290,15
1,2,0,2,2,300,46
1,2,0,2,2,310,49
1,2,0,2,2,320,35
1,2,0,2,2,330,26
1,2,0,2,2,340,39
1,2,0,2,2,350,22
1,2,0,2,2,360,21
1,2,0,2,2,370,22
1,2,0,2,2,380,9
1,2,0,2,2,390,20
1,2,0,2,2,400,3
1,2,0,2,2,410,10
1,2,0,2,2,420,18
1,2,0,2,2,430,35
1,2,0,2,2,440,11
1,2,0,2,2,450,11
1,2,0,2,2,460,8
1,2,0,2,2,470,13
1,2,0,2,2,480,22
1,2,0,2,2,490,18
1,2,0,2,2,500,12
1,2,0,2,2,510,20
1,2,0,2,2,520,31
1,2,0,2,2,530,41
1,2,0,2,2,540,42
1,2,0,2,2,550,46
1,2,0,2,2,560,42
1,2,0,2,2,570,22
1,2,0,2,2,580,25
1,2,0,2,2,590,23
1,2,0,2,2,600,19
1,2,0,2,2,610,36
1,2,0,2,2,620,26
1,2,0,2,2,630,24
1,2,0,2,2,640,24
1,2,0,2,2,650,22
1,2,0,2,2,660,25
1,2,0,2,2,670,30
1,2,0,2,2,680,26
1,2,0,2,2,690,17
1,2,0,2,2,700,30
1,2,0,2,2,710,30
1,2,0,2,2,720,51
1,2,0,2,2,730,23
1,2,0,2,2,740,25
1,2,0,2,2,750,14
1,2,0,2,2,760,10
1,2,0,2,2,770,9
1,2,0,2,2,780,20
1,2,0,2,2,790,17
1,2,0,2,2,800,30
1,2,0,2,2,810,32
1,2,0,2,2,820,54
1,2,0,2,2,830,76
1,2,0,2,2,840,98
1,2,0,2,2,850,84
1,2,0,2,2,860,86
1,2,0,2,2,870,53
1,2,0,2,2,880,45
1,2,0,2,2,890,51
1,2,0,2,2,900,50
1,2,0,2,2,910,53
1,2,0,2,3,10,699
1,2,0,2,3,20,723
1,2,0,2,3,30,652
1,2,0,2,3,40,625
1,2,0,2,3,50,567
1,2,0,2,3,60,507
1,2,0,2,3,70,446
1,2,0,2,3,80,406
1,2,0,2,3,90,428
1,2,0,2,3,100,327
1,2,0,2,3,110,289
1,2,0,2,3,120,289
1,2,0,2,3,130,303
1,2,0,2,3,140,269
1,2,0,2,3,150,275
1,2,0,2,3,160,232
1,2,0,2,3,170,223
1,2,0,2,3,180,151
1,2,0,2,3,190,156
1,2,0,2,3,200,186
1,2,0,2,3,210,200
1,2,0,2,3,220,177
1,2,0,2,3,230,180
1,2,0,2,3,240,225
1,2,0,2,3,250,230
1,2,0,2,3,260,244
1,2,0,2,3,270,31
1,2,0,2,3,280,7
1,2,0,2,3,290,2
1,2,0,2,3,300,1
1,2,0,2,3,310,2
1,2,2,0,0,10,699
1,2,2,0,0,20,827
1,2,2,0,0,30,776
1,2,2,0,0,40,715
1,2,2,0,0,50,777
1,2,2,0,0,60,715
1,2,2,0,0,70,735
1,2,2,0,0,80,733
1,2,2,0,0,90,720
1,2,2,0,0,100,787
1,2,2,0,0,110,750
1,2,2,0,0,120,720
1,2,2,0,0,130,739
1,2,2,0,0,140,735
1,2,2,0,0,150,712
1,2,2,0,0,160,732
1,2,2,0,0,170,690
1,2,2,0,0,180,718
1,2,2,0,0,190,657
1,2,2,0,0,200,724
1,2,2,0,0,210,727
1,2,2,0,0,220,713
1,2,2,0,0,230,682
1,2,2,0,0,240,801
1,2,2,0,0,250,697
1,2,2,0,0,260,608
1,2,2,0,0,270,65
1,2,2,0,0,280,28
1,2,2,0,0,290,68
1,2,2,0,0,300,73
1,2,2,0,0,310,78
1,2,2,0,0,320,105
1,2,2,0,0,330,112
1,2,2,0,0,340,123
1,2,2,0,0,350,131
1,2,2,0,0,360,117
1,2,2,0,0,370,130
1,2,2,0,0,380,135
1,2,2,0,0,390,185
1,2,2,0,0,400,183
1,2,2,0,0,410,209
1,2,2,0,0,420,228
1,2,2,0,0,430,173
1,2,2,0,0,440,162
1,2,2,0,0,450,182
1,2,2,0,0,460,199
1,2,2,0,0,470,191
1,2,2,0,0,480,199
1,2,2,0,0,490,242
1,2,2,0,0,500,227
1,2,2,0,0,510,279
1,2,2,0,0,520,283
1,2,2,0,0,530,316
1,2,2,0,0,540,331
1,2,2,0,0,550,339
1,2,2,0,0,560,352
1,2,2,0,0,570,379
1,2,2,0,0,580,391
1,2,2,0,0,590,437
1,2,2,0,0,600,475
1,2,2,0,0,610,427
1,2,2,0,0,620,411
1,2,2,0,0,630,453
1,2,2,0,0,640,474
1,2,2,0,0,650,495
1,2,2,0,0,660,498
1,2,2,0,0,670,522
1,2,2,0,0,680,486
1,2,2,0,0,690,509
1,2,2,0,0,700,425
1,2,2,0,0,710,443
1,2,2,0,0,720,431
1,2,2,0,0,730,425
1,2,2,0,0,740,490
1,2,2,0,0,750,474
1,2,2,0,0,760,444
1,2,2,0,0,770,426
1,2,2,0,0,780,482
1,2,2,0,0,790,500
1,2,2,0,0,800,469
1,2,2,0,0,810,492
1,2,2,0,0,820,448
1,2,2,0,0,830,459
1,2,2,0,0,840,488
1,2,2,0,0,850,479
1,2,2,0,0,860,493
1,2,2,0,0,870,451
1,2,2,0,0,880,483
1,2,2,0,0,890,540
1,2,2,0,0,900,516
1,2,2,0,0,910,497
1,2,2,0,1,10,699
1,2,2,0,1,20,793
1,2,2,0,1,30,785
1,2,2,0,1,40,767
1,2,2,0,1,50,644
1,2,2,0,1,60,681
1,2,2,0,1,70,655
1,2,2,0,1,80,716
1,2,2,0,1,90,696
1,2,2,0,1,100,749
1,2,2,0,1,110,757
1,2,2,0,1,120,752
1,2,2,0,1,130,769
1,2,2,0,1,140,753
1,2,2,0,1,150,787
1,2,2,0,1,160,780
1,2,2,0,1,170,814
1,2,2,0,1,180,854
1,2,2,0,1,190,825
1,2,2,0,1,200,809
1,2,2,0,1,210,791
1,2,2,0,1,220,696
1,2,2,0,1,230,777
1,2,2,0,1,240,725
1,2,2,0,1,250,735
1,2,2,0,1,260,700
1,2,2,0,1,270,111
1,2,2,0,1,280,79
1,2,2,0,1,290,70
1,2,2,0,1,300,88
1,2,2,0,1,310,61
1,2,2,0,1,320,69
1,2,2,0,1,330,76
1,2,2,0,1,340,86
1,2,2,0,1,350,54
1,2,2,0,1,360,65
1,2,2,0,1,370,81
1,2,2,0,1,380,75
1,2,2,0,1,390,77
1,2,2,0,1,400,109
1,2,2,0,1,410,138
1,2,2,0,1,420,164
1,2,2,0,1,430,165
1,2,2,0,1,440,235
1,2,2,0,1,450,226
1,2,2,0,1,460,225
1,2,2,0,1,470,233
1,2,2,0,1,480,258
1,2,2,0,1,490,244
1,2,2,0,1,500,278
1,2,2,0,1,510,288
1,2,2,0,1,520,305
1,2,2,0,1,530,295
1,2,2,0,1,540,318
1,2,2,0,1,550,324
1,2,2,0,1,560,278
1,2,2,0,1,570,317
1,2,2,0,1,580,274
1,2,2,0,1,590,319
1,2,2,0,1,600,282
1,2,2,0,1,610,272
1,2,2,0,1,620,259
1,2,2,0,1,630,254
1,2,2,0,1,640,297
1,2,2,0,1,650,290
1,2,2,0,1,660,316
1,2,2,0,1,670,264
1,2,2,0,1,680,277
1,2,2,0,1,690,336
1,2,2,0,1,700,330
1,2,2,0,1,710,361
1,2,2,0,1,720,354
1,2,2,0,1,730,363
1,2,2,0,1,740,348
1,2,2,0,1,750,398
1,2,2,0,1,760,326
1,2,2,0,1,770,346
1,2,2,0,1,780,315
1,2,2,0,1,790,365
1,2,2,0,1,800,348
1,2,2,0,1,810,355
1,2,2,0,1,820,361
1,2,2,0,1,830,326
1,2,2,0,1,840,343
1,2,2,0,1,850,381
1,2,2,0,1,860,374
1,2,2,0,1,870,344
1,2,2,0,1,880,378
1,2,2,0,1,890,354
1,2,2,0,1,900,377
1,2,2,0,1,910,387
1,2,2,0,2,10,699
1,2,2,0,2,20,725
1,2,2,0,2,30,758
1,2,2,0,2,40,752
1,2,2,0,2,50,830
1,2,2,0,2,60,826
1,2,2,0,2,70,796
1,2,2,0,2,80,811
1,2,2,0,2,90,805
1,2,2,0,2,100,706
1,2,2,0,2,110,780
1,2,2,0,2,120,799
1,2,2,0,2,130,809
1,2,2,0,2,140,794
1,2,2,0,2,150,717
1,2,2,0,2,160,683
1,2,2,0,2,170,761
1,2,2,0,2,180,756
1,2,2,0,2,190,817
1,2,2,0,2,200,805
1,2,2,0,2,210,861
1,2,2,0,2,220,830
1,2,2,0,2,230,720
1,2,2,0,2,240,740
1,2,2,0,2,250,811
1,2,2,0,2,260,812
1,2,2,0,2,270,108
1,2,2,0,2,280,77
1,2,2,0,2,290,129
1,2,2,0,2,300,156
1,2,2,0,2,310,148
1,2,2,0,2,320,194
1,2,2,0,2,330,233
1,2,2,0,2,340,240
1,2,2,0,2,350,283
1,2,2,0,2,360,320
1,2,2,0,2,370,409
1,2,2,0,2,380,489
1,2,2,0,2,390,524
1,2,2,0,2,400,587
1,2,2,0,2,410,527
1,2,2,0,2,420,535
1,2,2,0,2,430,598
1,2,2,0,2,440,655
1,2,2,0,2,450,737
1,2,2,0,2,460,637
1,2,2,0,2,470,706
1,2,2,0,2,480,698
1,2,2,0,2,490,723
1,2,2,0,2,500,714
1,2,2,0,2,510,698
1,2,2,0,2,520,699
1,2,2,0,2,530,690
1,2,2,0,2,540,619
1,2,2,0,2,550,665
1,2,2,0,2,560,648
1,2,2,0,2,570,667
1,2,2,0,2,580,686
1,2,2,0,2,590,732
1,2,2,0,2,600,719
1,2,2,0,2,610,714
1,2,2,0,2,620,689
1,2,2,0,2,630,694
1,2,2,0,2,640,652
1,2,2,0,2,650,661
1,2,2,0,2,660,776
1,2,2,0,2,670,752
1,2,2,0,2,680,729
1,2,2,0,2,690,727
1,2,2,0,2,700,813
1,2,2,0,2,710,682
1,2,2,0,2,720,634
1,2,2,0,2,730,579
1,2,2,0,2,740,701
1,2,2,0,2,750,758
1,2,2,0,2,760,697
1,2,2,0,2,770,688
1,2,2,0,2,780,682
1,2,2,0,2,790,685
1,2,2,0,2,800,727
1,2,2,0,2,810,732
1,2,2,0,2,820,678
1,2,2,0,2,830,604
1,2,2,0,2,840,707
1,2,2,0,2,850,668
1,2,2,0,2,860,702
1,2,2,0,2,870,747
1,2,2,0,2,880,733
1,2,2,0,2,890,650
1,2,2,0,2,900,660
1,2,2,0,2,910,692
1,2,2,0,3,10,699
1,2,2,0,3,20,753
1,2,2,0,3,30,714
1,2,2,0,3,40,762
1,2,2,0,3,50,757
1,2,2,0,3,60,683
1,2,2,0,3,70,750
1,2,2,0,3,80,746
1,2,2,0,3,90,697
1,2,2,0,3,100,672
1,2,2,0,3,110,756
1,2,2,0,3,120,685
1,2,2,0,3,130,770
1,2,2,0,3,140,705
1,2,2,0,3,150,700
1,2,2,0,3,160,646
1,2,2,0,3,170,650
1,2,2,0,3,180,657
1,2,2,0,3,190,706
1,2,2,0,3,200,691
1,2,2,0,3,210,687
1,2,2,0,3,220,690
1,2,2,0,3,230,696
1,2,2,0,3,240,717
1,2,2,0,3,250,618
1,2,2,0,3,260,659
1,2,2,0,3,270,104
1,2,2,0,3,280,88
1,2,2,0,3,290,104
1,2,2,0,3,300,90
1,2,2,0,3,310,113
1,2,2,0,3,320,166
1,2,2,0,3,330,104
1,2,2,0,3,340,146
1,2,2,0,3,350,146
1,2,2,0,3,360,175
1,2,2,0,3,370,150
1,2,2,0,3,380,178
1,2,2,0,3,390,201
1,2,2,0,3,400,225
1,2,2,0,3,410,252
1,2,2,0,3,420,266
1,2,2,0,3,430,334
1,2,2,0,3,440,341
1,2,2,0,3,450,314
1,2,2,0,3,460,345
1,2,2,0,3,470,434
1,2,2,0,3,480,434
1,2,2,0,3,490,423
1,2,2,0,3,500,404
1,2,2,0,3,510,488
1,2,2,0,3,520,457
1,2,2,0,3,530,389
1,2,2,0,3,540,413
1,2,2,0,3,550,462
1,2,2,0,3,560,415
1,2,2,0,3,570,483
1,2,2,0,3,580,508
1,2,2,0,3,590,527
1,2,2,0,3,600,457
1,2,2,0,3,610,420
1,2,2,0,3,620,456
1,2,2,0,3,630,506
1,2,2,0,3,640,545
1,2,2,0,3,650,570
1,2,2,0,3,660,566
1,2,2,0,3,670,568
1,2,2,0,3,680,529
1,2,2,0,3,690,464
1,2,2,0,3,700,516
1,2,2,0,3,710,475
1,2,2,0,3,720,469
1,2,2,0,3,730,508
1,2,2,0,3,740,490
1,2,2,0,3,750,559
1,2,2,0,3,760,544
1,2,2,0,3,770,462
1,2,2,0,3,780,504
1,2,2,0,3,790,530
1,2,2,0,3,800,494
1,2,2,0,3,810,461
1,2,2,0,3,820,527
1,2,2,0,3,830,559
1,2,2,0,3,840,502
1,2,2,0,3,850,496
1,2,2,0,3,860,525
1,2,2,0,3,870,570
1,2,2,0,3,880,526
1,2,2,0,3,890,578
1,2,2,0,3,900,642
1,2,2,0,3,910,590
1,2,2,1,0,10,699
1,2,2,1,0,20,827
1,2,2,1,0,30,761
1,2,2,1,0,40,752
1,2,2,1,0,50,642
1,2,2,1,0,60,652
1,2,2,1,0,70,734
1,2,2,1,0,80,728
1,2,2,1,0,90,709
1,2,2,1,0,100,704
1,2,2,1,0,110,728
1,2,2,1,0,120,675
1,2,2,1,0,130,696
1,2,2,1,0,140,640
1,2,2,1,0,150,724
1,2,2,1,0,160,765
1,2,2,1,0,170,780
1,2,2,1,0,180,711
1,2,2,1,0,190,767
1,2,2,1,0,200,604
1,2,2,1,0,210,718
1,2,2,1,0,220,676
1,2,2,1,0,230,646
1,2,2,1,0,240,692
1,2,2,1,0,250,667
1,2,2,1,0,260,684
1,2,2,1,0,270,70
1,2,2,1,0,280,32
1,2,2,1,0,290,19
1,2,2,1,0,300,28
1,2,2,1,0,310,47
1,2,2,1,0,320,65
1,2,2,1,0,330,71
1,2,2,1,0,340,110
1,2,2,1,0,350,155
1,2,2,1,0,360,178
1,2,2,1,0,370,189
1,2,2,1,0,380,242
1,2,2,1,0,390,211
1,2,2,1,0,400,233
1,2,2,1,0,410,282
1,2,2,1,0,420,298
1,2,2,1,0,430,287
1,2,2,1,0,440,262
1,2,2,1,0,450,269
1,2,2,1,0,460,256
1,2,2,1,0,470,282
1,2,2,1,0,480,323
1,2,2,1,0,490,342
1,2,2,1,0,500,352
1,2,2,1,0,510,350
1,2,2,1,0,520,329
1,2,2,1,0,530,250
1,2,2,1,0,540,253
1,2,2,1,0,550,259
1,2,2,1,0,560,306
1,2,2,1,0,570,249
1,2,2,1,0,580,213
1,2,2,1,0,590,263
1,2,2,1,0,600,338
1,2,2,1,0,610,325
1,2,2,1,0,620,391
1,2,2,1,0,630,350
1,2,2,1,0,640,372
1,2,2,1,0,650,321
1,2,2,1,0,660,369
1,2,2,1,0,670,420
1,2,2,1,0,680,411
1,2,2,1,0,690,419
1,2,2,1,0,700,378
1,2,2,1,0,710,426
1,2,2,1,0,720,365
1,2,2,1,0,730,373
1,2,2,1,0,740,432
1,2,2,1,0,750,412
1,2,2,1,0,760,381
1,2,2,1,0,770,417
1,2,2,1,0,780,354
1,2,2,1,0,790,387
1,2,2,1,0,800,340
1,2,2,1,0,810,320
1,2,2,1,0,820,349
1,2,2,1,0,830,375
1,2,2,1,0,840,363
1,2,2,1,0,850,420
1,2,2,1,0,860,374
1,2,2,1,0,870,406
1,2,2,1,0,880,403
1,2,2,1,0,890,406
1,2,2,1,0,900,361
1,2,2,1,0,910,391
1,2,2,1,1,10,701
1,2,2,1,1,20,738
1,2,2,1,1,30,694
1,2,2,1,1,40,674
1,2,2,1,1,50,717
1,2,2,1,1,60,702
1,2,2,1,1,70,799
1,2,2,1,1,80,712
1,2,2,1,1,90,731
1,2,2,1,1,100,746
1,2,2,1,1,110,816
1,2,2,1,1,120,757
1,2,2,1,1,130,790
1,2,2,1,1,140,672
1,2,2,1,1,150,595
1,2,2,1,1,160,603
1,2,2,1,1,170,597
1,2,2,1,1,180,646
1,2,2,1,1,190,628
1,2,2,1,1,200,710
1,2,2,1,1,210,719
1,2,2,1,1,220,695
1,2,2,1,1,230,701
1,2,2,1,1,240,677
1,2,2,1,1,250,708
1,2,2,1,1,260,716
1,2,2,1,1,270,117
1,2,2,1,1,280,70
1,2,2,1,1,290,95
1,2,2,1,1,300,91
1,2,2,1,1,310,109
1,2,2,1,1,320,151
1,2,2,1,1,330,158
1,2,2,1,1,340,200
1,2,2,1,1,350,235
1,2,2,1,1,360,218
1,2,2,1,1,370,244
1,2,2,1,1,380,214
1,2,2,1,1,390,295
1,2,2,1,1,400,325
1,2,2,1,1,410,386
1,2,2,1,1,420,389
1,2,2,1,1,430,372
1,2,2,1,1,440,402
1,2,2,1,1,450,401
1,2,2,1,1,460,422
1,2,2,1,1,470,514
1,2,2,1,1,480,524
1,2,2,1,1,490,493
1,2,2,1,1,500,549
1,2,2,1,1,510,498
1,2,2,1,1,520,594
1,2,2,1,1,530,614
1,2,2,1,1,540,609
1,2,2,1,1,550,568
1,2,2,1,1,560,634
1,2,2,1,1,570,637
1,2,2,1,1,580,589
1,2,2,1,1,590,590
1,2,2,1,1,600,546
1,2,2,1,1,610,610
1,2,2,1,1,620,577
1,2,2,1,1,630,617
1,2,2,1,1,640,614
1,2,2,1,1,650,656
1,2,2,1,1,660,610
1,2,2,1,1,670,641
1,2,2,1,1,680,581
1,2,2,1,1,690,597
1,2,2,1,1,700,672
1,2,2,1,1,710,653
1,2,2,1,1,720,648
1,2,2,1,1,730,692
1,2,2,1,1,740,738
1,2,2,1,1,750,715
1,2,2,1,1,760,762
1,2,2,1,1,770,687
1,2,2,1,1,780,655
1,2,2,1,1,790,627
1,2,2,1,1,800,634
1,2,2,1,1,810,628
1,2,2,1,1,820,728
1,2,2,1,1,830,731
1,2,2,1,1,840,760
1,2,2,1,1,850,787
1,2,2,1,1,860,770
1,2,2,1,1,870,766
1,2,2,1,1,880,818
1,2,2,1,1,890,779
1,2,2,1,1,900,719
1,2,2,1,1,910,712
1,2,2,1,2,10,699
1,2,2,1,2,20,726
1,2,2,1,2,30,705
1,2,2,1,2,40,727
1,2,2,1,2,50,594
1,2,2,1,2,60,572
1,2,2,1,2,70,612
1,2,2,1,2,80,635
1,2,2,1,2,90,616
1,2,2,1,2,100,631
1,2,2,1,2,110,651
1,2,2,1,2,120,695
1,2,2,1,2,130,767
1,2,2,1,2,140,724
1,2,2,1,2,150,630
1,2,2,1,2,160,633
1,2,2,1,2,170,665
1,2,2,1,2,180,600
1,2,2,1,2,190,658
1,2,2,1,2,200,780
1,2,2,1,2,210,713
1,2,2,1,2,220,728
1,2,2,1,2,230,685
1,2,2,1,2,240,733
1,2,2,1,2,250,766
1,2,2,1,2,260,707
1,2,2,1,2,270,115
1,2,2,1,2,280,73
1,2,2,1,2,290,94
1,2,2,1,2,300,95
1,2,2,1,2,310,131
1,2,2,1,2,320,116
1,2,2,1,2,330,148
1,2,2,1,2,340,121
1,2,2,1,2,350,135
1,2,2,1,2,360,176
1,2,2,1,2,370,195
1,2,2,1,2,380,172
1,2,2,1,2,390,179
1,2,2,1,2,400,233
1,2,2,1,2,410,276
1,2,2,1,2,420,285
1,2,2,1,2,430,313
1,2,2,1,2,440,341
1,2,2,1,2,450,332
1,2,2,1,2,460,408
1,2,2,1,2,470,422
1,2,2,1,2,480,451
1,2,2,1,2,490,466
1,2,2,1,2,500,434
1,2,2,1,2,510,451
1,2,2,1,2,520,466
1,2,2,1,2,530,487
1,2,2,1,2,540,508
1,2,2,1,2,550,497
1,2,2,1,2,560,446
1,2,2,1,2,570,426
1,2,2,1,2,580,413
1,2,2,1,2,590,399
1,2,2,1,2,600,498
1,2,2,1,2,610,474
1,2,2,1,2,620,504
1,2,2,1,2,630,514
1,2,2,1,2,640,503
1,2,2,1,2,650,446
1,2,2,1,2,660,473
1,2,2,1,2,670,510
1,2,2,1,2,680,505
1,2,2,1,2,690,538
1,2,2,1,2,700,467
1,2,2,1,2,710,480
1,2,2,1,2,720,543
1,2,2,1,2,730,627
1,2,2,1,2,740,564
1,2,2,1,2,750,609
1,2,2,1,2,760,569
1,2,2,1,2,770,524
1,2,2,1,2,780,524
1,2,2,1,2,790,484
1,2,2,1,2,800,435
1,2,2,1,2,810,437
1,2,2,1,2,820,446
1,2,2,1,2,830,499
1,2,2,1,2,840,538
1,2,2,1,2,850,549
1,2,2,1,2,860,483
1,2,2,1,2,870,471
1,2,2,1,2,880,515
1,2,2,1,2,890,538
1,2,2,1,2,900,524
1,2,2,1,2,910,512
1,2,2,1,3,10,701
1,2,2,1,3,20,727
1,2,2,1,3,30,669
1,2,2,1,3,40,669
1,2,2,1,3,50,656
1,2,2,1,3,60,678
1,2,2,1,3,70,673
1,2,2,1,3,80,790
1,2,2,1,3,90,752
1,2,2,1,3,100,741
1,2,2,1,3,110,726
1,2,2,1,3,120,650
1,2,2,1,3,130,793
1,2,2,1,3,140,726
1,2,2,1,3,150,635
1,2,2,1,3,160,713
1,2,2,1,3,170,696
1,2,2,1,3,180,666
1,2,2,1,3,190,635
1,2,2,1,3,200,645
1,2,2,1,3,210,642
1,2,2,1,3,220,673
1,2,2,1,3,230,616
1,2,2,1,3,240,637
1,2,2,1,3,250,612
1,2,2,1,3,260,680
1,2,2,1,3,270,107
1,2,2,1,3,280,58
1,2,2,1,3,290,80
1,2,2,1,3,300,78
1,2,2,1,3,310,94
1,2,2,1,3,320,103
1,2,2,1,3,330,117
1,2,2,1,3,340,142
1,2,2,1,3,350,163
1,2,2,1,3,360,224
1,2,2,1,3,370,217
1,2,2,1,3,380,216
1,2,2,1,3,390,237
1,2,2,1,3,400,290
1,2,2,1,3,410,263
1,2,2,1,3,420,257
1,2,2,1,3,430,275
1,2,2,1,3,440,300
1,2,2,1,3,450,307
1,2,2,1,3,460,308
1,2,2,1,3,470,309
1,2,2,1,3,480,378
1,2,2,1,3,490,394
1,2,2,1,3,500,401
1,2,2,1,3,510,409
1,2,2,1,3,520,423
1,2,2,1,3,530,484
1,2,2,1,3,540,505
1,2,2,1,3,550,414
1,2,2,1,3,560,499
1,2,2,1,3,570,500
1,2,2,1,3,580,589
1,2,2,1,3,590,404
1,2,2,1,3,600,407
1,2,2,1,3,610,414
1,2,2,1,3,620,445
1,2,2,1,3,630,546
1,2,2,1,3,640,538
1,2,2,1,3,650,538
1,2,2,1,3,660,612
1,2,2,1,3,670,560
1,2,2,1,3,680,593
1,2,2,1,3,690,671
1,2,2,1,3,700,645
1,2,2,1,3,710,674
1,2,2,1,3,720,643
1,2,2,1,3,730,706
1,2,2,1,3,740,717
1,2,2,1,3,750,656
1,2,2,1,3,760,728
1,2,2,1,3,770,652
1,2,2,1,3,780,665
1,2,2,1,3,790,622
1,2,2,1,3,800,680
1,2,2,1,3,810,660
1,2,2,1,3,820,581
1,2,2,1,3,830,620
1,2,2,1,3,840,643
1,2,2,1,3,850,683
1,2,2,1,3,860,590
1,2,2,1,3,870,595
1,2,2,1,3,880,666
1,2,2,1,3,890,598
1,2,2,1,3,900,626
1,2,2,1,3,910,684
1,2,2,2,0,10,701
1,2,2,2,0,20,727
1,2,2,2,0,30,678
1,2,2,2,0,40,714
1,2,2,2,0,50,703
1,2,2,2,0,60,654
1,2,2,2,0,70,623
1,2,2,2,0,80,644
1,2,2,2,0,90,661
1,2,2,2,0,100,733
1,2,2,2,0,110,680
1,2,2,2,0,120,692
1,2,2,2,0,130,664
1,2,2,2,0,140,670
1,2,2,2,0,150,651
1,2,2,2,0,160,689
1,2,2,2,0,170,690
1,2,2,2,0,180,681
1,2,2,2,0,190,696
1,2,2,2,0,200,635
1,2,2,2,0,210,692
1,2,2,2,0,220,770
1,2,2,2,0,230,750
1,2,2,2,0,240,696
1,2,2,2,0,250,662
1,2,2,2,0,260,730
1,2,2,2,0,270,92
1,2,2,2,0,280,74
1,2,2,2,0,290,63
1,2,2,2,0,300,69
1,2,2,2,0,310,92
1,2,2,2,0,320,117
1,2,2,2,0,330,106
1,2,2,2,0,340,127
1,2,2,2,0,350,139
1,2,2,2,0,360,173
1,2,2,2,0,370,181
1,2,2,2,0,380,198
1,2,2,2,0,390,237
1,2,2,2,0,400,252
1,2,2,2,0,410,246
1,2,2,2,0,420,264
1,2,2,2,0,430,233
1,2,2,2,0,440,209
1,2,2,2,0,450,209
1,2,2,2,0,460,247
1,2,2,2,0,470,274
1,2,2,2,0,480,329
1,2,2,2,0,490,282
1,2,2,2,0,500,293
1,2,2,2,0,510,290
1,2,2,2,0,520,291
1,2,2,2,0,530,304
1,2,2,2,0,540,293
1,2,2,2,0,550,350
1,2,2,2,0,560,398
1,2,2,2,0,570,388
1,2,2,2,0,580,427
1,2,2,2,0,590,404
1,2,2,2,0,600,378
1,2,2,2,0,610,455
1,2,2,2,0,620,436
1,2,2,2,0,630,453
1,2,2,2,0,640,417
1,2,2,2,0,650,434
1,2,2,2,0,660,379
1,2,2,2,0,670,412
1,2,2,2,0,680,461
1,2,2,2,0,690,410
1,2,2,2,0,700,390
1,2,2,2,0,710,392
1,2,2,2,0,720,452
1,2,2,2,0,730,393
1,2,2,2,0,740,436
1,2,2,2,0,750,391
1,2,2,2,0,760,485
1,2,2,2,0,770,433
1,2,2,2,0,780,496
1,2,2,2,0,790,501
1,2,2,2,0,800,529
1,2,2,2,0,810,531
1,2,2,2,0,820,515
1,2,2,2,0,830,539
1,2,2,2,0,840,513
1,2,2,2,0,850,507
1,2,2,2,0,860,531
1,2,2,2,0,870,462
1,2,2,2,0,880,452
1,2,2,2,0,890,529
1,2,2,2,0,900,437
1,2,2,2,0,910,456
1,2,2,2,1,10,701
1,2,2,2,1,20,707
1,2,2,2,1,30,709
1,2,2,2,1,40,708
1,2,2,2,1,50,676
1,2,2,2,1,60,684
1,2,2,2,1,70,678
1,2,2,2,1,80,708
1,2,2,2,1,90,730
1,2,2,2,1,100,706
1,2,2,2,1,110,708
1,2,2,2,1,120,738
1,2,2,2,1,130,713
1,2,2,2,1,140,747
1,2,2,2,1,150,718
1,2,2,2,1,160,697
1,2,2,2,1,170,615
1,2,2,2,1,180,648
1,2,2,2,1,190,701
1,2,2,2,1,200,780
1,2,2,2,1,210,706
1,2,2,2,1,220,596
1,2,2,2,1,230,631
1,2,2,2,1,240,636
1,2,2,2,1,250,664
1,2,2,2,1,260,692
1,2,2,2,1,270,87
1,2,2,2,1,280,76
1,2,2,2,1,290,78
1,2,2,2,1,300,95
1,2,2,2,1,310,85
1,2,2,2,1,320,73
1,2,2,2,1,330,43
1,2,2,2,1,340,28
1,2,2,2,1,350,58
1,2,2,2,1,360,45
1,2,2,2,1,370,49
1,2,2,2,1,380,54
1,2,2,2,1,390,56
1,2,2,2,1,400,68
1,2,2,2,1,410,48
1,2,2,2,1,420,51
1,2,2,2,1,430,48
1,2,2,2,1,440,50
1,2,2,2,1,450,54
1,2,2,2,1,460,41
1,2,2,2,1,470,42
1,2,2,2,1,480,54
1,2,2,2,1,490,66
1,2,2,2,1,500,85
1,2,2,2,1,510,78
1,2,2,2,1,520,70
1,2,2,2,1,530,69
1,2,2,2,1,540,63
1,2,2,2,1,550,116
1,2,2,2,1,560,149
1,2,2,2,1,570,233
1,2,2,2,1,580,238
1,2,2,2,1,590,239
1,2,2,2,1,600,231
1,2,2,2,1,610,189
1,2,2,2,1,620,157
1,2,2,2,1,630,205
1,2,2,2,1,640,193
1,2,2,2,1,650,226
1,2,2,2,1,660,258
1,2,2,2,1,670,187
1,2,2,2,1,680,228
1,2,2,2,1,690,201
1,2,2,2,1,700,242
1,2,2,2,1,710,225
1,2,2,2,1,720,213
1,2,2,2,1,730,225
1,2,2,2,1,740,304
1,2,2,2,1,750,313
1,2,2,2,1,760,283
1,2,2,2,1,770,343
1,2,2,2,1,780,366
1,2,2,2,1,790,367
1,2,2,2,1,800,314
1,2,2,2,1,810,344
1,2,2,2,1,820,371
1,2,2,2,1,830,340
1,2,2,2,1,840,331
1,2,2,2,1,850,303
1,2,2,2,1,860,328
1,2,2,2,1,870,397
1,2,2,2,1,880,410
1,2,2,2,1,890,487
1,2,2,2,1,900,477
1,2,2,2,1,910,484
1,2,2,2,2,10,701
1,2,2,2,2,20,750
1,2,2,2,2,30,732
1,2,2,2,2,40,723
1,2,2,2,2,50,757
1,2,2,2,2,60,706
1,2,2,2,2,70,790
1,2,2,2,2,80,788
1,2,2,2,2,90,787
1,2,2,2,2,100,777
1,2,2,2,2,110,687
1,2,2,2,2,120,668
1,2,2,2,2,130,681
1,2,2,2,2,140,748
1,2,2,2,2,150,722
1,2,2,2,2,160,698
1,2,2,2,2,170,653
1,2,2,2,2,180,698
1,2,2,2,2,190,636
1,2,2,2,2,200,726
1,2,2,2,2,210,722
1,2,2,2,2,220,720
1,2,2,2,2,230,689
1,2,2,2,2,240,831
1,2,2,2,2,250,831
1,2,2,2,2,260,709
1,2,2,2,2,270,99
1,2,2,2,2,280,41
1,2,2,2,2,290,60
1,2,2,2,2,300,57
1,2,2,2,2,310,60
1,2,2,2,2,320,58
1,2,2,2,2,330,96
1,2,2,2,2,340,92
1,2,2,2,2,350,133
1,2,2,2,2,360,187
1,2,2,2,2,370,170
1,2,2,2,2,380,189
1,2,2,2,2,390,235
1,2,2,2,2,400,214
1,2,2,2,2,410,274
1,2,2,2,2,420,262
1,2,2,2,2,430,193
1,2,2,2,2,440,228
1,2,2,2,2,450,218
1,2,2,2,2,460,232
1,2,2,2,2,470,277
1,2,2,2,2,480,324
1,2,2,2,2,490,353
1,2,2,2,2,500,359
1,2,2,2,2,510,388
1,2,2,2,2,520,405
1,2,2,2,2,530,442
1,2,2,2,2,540,442
1,2,2,2,2,550,383
1,2,2,2,2,560,332
1,2,2,2,2,570,367
1,2,2,2,2,580,495
1,2,2,2,2,590,479
1,2,2,2,2,600,508
1,2,2,2,2,610,545
1,2,2,2,2,620,591
1,2,2,2,2,630,598
1,2,2,2,2,640,643
1,2,2,2,2,650,496
1,2,2,2,2,660,559
1,2,2,2,2,670,592
1,2,2,2,2,680,575
1,2,2,2,2,690,602
1,2,2,2,2,700,625
1,2,2,2,2,710,653
1,2,2,2,2,720,625
1,2,2,2,2,730,625
1,2,2,2,2,740,671
1,2,2,2,2,750,565
1,2,2,2,2,760,646
1,2,2,2,2,770,674
1,2,2,2,2,780,743
1,2,2,2,2,790,741
1,2,2,2,2,800,614
1,2,2,2,2,810,620
1,2,2,2,2,820,587
1,2,2,2,2,830,661
1,2,2,2,2,840,585
1,2,2,2,2,850,590
1,2,2,2,2,860,629
1,2,2,2,2,870,661
1,2,2,2,2,880,612
1,2,2,2,2,890,584
1,2,2,2,2,900,657
1,2,2,2,2,910,663
1,2,2,2,3,10,699
1,2,2,2,3,20,650
1,2,2,2,3,30,664
1,2,2,2,3,40,651
1,2,2,2,3,50,661
1,2,2,2,3,60,744
1,2,2,2,3,70,670
1,2,2,2,3,80,674
1,2,2,2,3,90,633
1,2,2,2,3,100,583
1,2,2,2,3,110,636
1,2,2,2,3,120,622
1,2,2,2,3,130,682
1,2,2,2,3,140,695
1,2,2,2,3,150,703
1,2,2,2,3,160,670
1,2,2,2,3,170,740
1,2,2,2,3,180,716
1,2,2,2,3,190,695
1,2,2,2,3,200,581
1,2,2,2,3,210,686
1,2,2,2,3,220,677
1,2,2,2,3,230,666
1,2,2,2,3,240,636
1,2,2,2,3,250,692
1,2,2,2,3,260,657
1,2,2,2,3,270,104
1,2,2,2,3,280,55
1,2,2,2,3,290,59
1,2,2,2,3,300,71
1,2,2,2,3,310,99
1,2,2,2,3,320,79
1,2,2,2,3,330,85
1,2,2,2,3,340,88
1,2,2,2,3,350,61
1,2,2,2,3,360,102
1,2,2,2,3,370,89
1,2,2,2,3,380,117
1,2,2,2,3,390,117
1,2,2,2,3,400,98
1,2,2,2,3,410,126
1,2,2,2,3,420,113
1,2,2,2,3,430,119
1,2,2,2,3,440,114
1,2,2,2,3,450,96
1,2,2,2,3,460,118
1,2,2,2,3,470,117
1,2,2,2,3,480,103
1,2,2,2,3,490,90
1,2,2,2,3,500,72
1,2,2,2,3,510,111
1,2,2,2,3,520,106
1,2,2,2,3,530,127
1,2,2,2,3,540,138
1,2,2,2,3,550,176
1,2,2,2,3,560,184
1,2,2,2,3,570,166
1,2,2,2,3,580,187
1,2,2,2,3,590,167
1,2,2,2,3,600,157
1,2,2,2,3,610,119
1,2,2,2,3,620,213
1,2,2,2,3,630,233
1,2,2,2,3,640,234
1,2,2,2,3,650,240
1,2,2,2,3,660,201
1,2,2,2,3,670,217
1,2,2,2,3,680,226
1,2,2,2,3,690,245
1,2,2,2,3,700,213
1,2,2,2,3,710,226
1,2,2,2,3,720,188
1,2,2,2,3,730,194
1,2,2,2,3,740,127
1,2,2,2,3,750,169
1,2,2,2,3,760,228
1,2,2,2,3,770,198
1,2,2,2,3,780,199
1,2,2,2,3,790,203
1,2,2,2,3,800,247
1,2,2,2,3,810,284
1,2,2,2,3,820,297
1,2,2,2,3,830,327
1,2,2,2,3,840,264
1,2,2,2,3,850,237
1,2,2,2,3,860,281
1,2,2,2,3,870,343
1,2,2,2,3,880,313
1,2,2,2,3,890,316
1,2,2,2,3,900,361
1,2,2,2,3,910,335
1,2,4,0,0,10,701
1,2,4,0,0,20,832
1,2,4,0,0,30,876
1,2,4,0,0,40,923
1,2,4,0,0,50,926
1,2,4,0,0,60,936
1,2,4,0,0,70,952
1,2,4,0,0,80,942
1,2,4,0,0,90,910
1,2,4,0,0,100,976
1,2,4,0,0,110,989
1,2,4,0,0,120,877
1,2,4,0,0,130,852
1,2,4,0,0,140,829
1,2,4,0,0,150,821
1,2,4,0,0,160,834
1,2,4,0,0,170,842
1,2,4,0,0,180,869
1,2,4,0,0,190,823
1,2,4,0,0,200,898
1,2,4,0,0,210,942
1,2,4,0,0,220,949
1,2,4,0,0,230,932
1,2,4,0,0,240,858
1,2,4,0,0,250,827
1,2,4,0,0,260,866
1,2,4,0,0,270,103
1,2,4,0,0,280,39
1,2,4,0,0,290,43
1,2,4,0,0,300,54
1,2,4,0,0,310,66
1,2,4,0,0,320,61
1,2,4,0,0,330,105
1,2,4,0,0,340,128
1,2,4,0,0,350,160
1,2,4,0,0,360,130
1,2,4,0,0,370,178
1,2,4,0,0,380,176
1,2,4,0,0,390,225
1,2,4,0,0,400,217
1,2,4,0,0,410,239
1,2,4,0,0,420,229
1,2,4,0,0,430,206
1,2,4,0,0,440,256
1,2,4,0,0,450,310
1,2,4,0,0,460,266
1,2,4,0,0,470,251
1,2,4,0,0,480,258
1,2,4,0,0,490,276
1,2,4,0,0,500,295
1,2,4,0,0,510,275
1,2,4,0,0,520,247
1,2,4,0,0,530,277
1,2,4,0,0,540,264
1,2,4,0,0,550,291
1,2,4,0,0,560,252
1,2,4,0,0,570,262
1,2,4,0,0,580,281
1,2,4,0,0,590,255
1,2,4,0,0,600,252
1,2,4,0,0,610,290
1,2,4,0,0,620,249
1,2,4,0,0,630,233
1,2,4,0,0,640,264
1,2,4,0,0,650,297
1,2,4,0,0,660,322
1,2,4,0,0,670,314
1,2,4,0,0,680,291
1,2,4,0,0,690,290
1,2,4,0,0,700,299
1,2,4,0,0,710,307
1,2,4,0,0,720,338
1,2,4,0,0,730,330
1,2,4,0,0,740,352
1,2,4,0,0,750,388
1,2,4,0,0,760,482
1,2,4,0,0,770,493
1,2,4,0,0,780,552
1,2,4,0,0,790,580
1,2,4,0,0,800,607
1,2,4,0,0,810,627
1,2,4,0,0,820,598
1,2,4,0,0,830,590
1,2,4,0,0,840,553
1,2,4,0,0,850,590
1,2,4,0,0,860,611
1,2,4,0,0,870,638
1,2,4,0,0,880,640
1,2,4,0,0,890,574
1,2,4,0,0,900,576
1,2,4,0,0,910,534
1,2,4,0,1,10,699
1,2,4,0,1,20,766
1,2,4,0,1,30,779
1,2,4,0,1,40,795
1,2,4,0,1,50,795
1,2,4,0,1,60,757
1,2,4,0,1,70,892
1,2,4,0,1,80,912
1,2,4,0,1,90,845
1,2,4,0,1,100,970
1,2,4,0,1,110,970
1,2,4,0,1,120,907
1,2,4,0,1,130,810
1,2,4,0,1,140,979
1,2,4,0,1,150,995
1,2,4,0,1,160,974
1,2,4,0,1,170,893
1,2,4,0,1,180,890
1,2,4,0,1,190,922
1,2,4,0,1,200,954
1,2,4,0,1,210,930
1,2,4,0,1,220,888
1,2,4,0,1,230,891
1,2,4,0,1,240,950
1,2,4,0,1,250,1011
1,2,4,0,1,260,975
1,2,4,0,1,270,122
1,2,4,0,1,280,101
1,2,4,0,1,290,131
1,2,4,0,1,300,219
1,2,4,0,1,310,274
1,2,4,0,1,320,301
1,2,4,0,1,330,362
1,2,4,0,1,340,381
1,2,4,0,1,350,382
1,2,4,0,1,360,434
1,2,4,0,1,370,493
1,2,4,0,1,380,533
1,2,4,0,1,390,559
1,2,4,0,1,400,608
1,2,4,0,1,410,577
1,2,4,0,1,420,550
1,2,4,0,1,430,577
1,2,4,0,1,440,595
1,2,4,0,1,450,512
1,2,4,0,1,460,601
1,2,4,0,1,470,657
1,2,4,0,1,480,651
1,2,4,0,1,490,612
1,2,4,0,1,500,628
1,2,4,0,1,510,648
1,2,4,0,1,520,734
1,2,4,0,1,530,741
1,2,4,0,1,540,707
1,2,4,0,1,550,729
1,2,4,0,1,560,736
1,2,4,0,1,570,803
1,2,4,0,1,580,712
1,2,4,0,1,590,628
1,2,4,0,1,600,632
1,2,4,0,1,610,697
1,2,4,0,1,620,674
1,2,4,0,1,630,708
1,2,4,0,1,640,735
1,2,4,0,1,650,742
1,2,4,0,1,660,741
1,2,4,0,1,670,704
1,2,4,0,1,680,813
1,2,4,0,1,690,854
1,2,4,0,1,700,789
1,2,4,0,1,710,879
1,2,4,0,1,720,854
1,2,4,0,1,730,863
1,2,4,0,1,740,867
1,2,4,0,1,750,902
1,2,4,0,1,760,826
1,2,4,0,1,770,796
1,2,4,0,1,780,875
1,2,4,0,1,790,915
1,2,4,0,1,800,939
1,2,4,0,1,810,852
1,2,4,0,1,820,927
1,2,4,0,1,830,969
1,2,4,0,1,840,814
1,2,4,0,1,850,876
1,2,4,0,1,860,838
1,2,4,0,1,870,947
1,2,4,0,1,880,963
1,2,4,0,1,890,821
1,2,4,0,1,900,810
1,2,4,0,1,910,828
1,2,4,0,2,10,699
1,2,4,0,2,20,797
1,2,4,0,2,30,921
1,2,4,0,2,40,937
1,2,4,0,2,50,992
1,2,4,0,2,60,884
1,2,4,0,2,70,886
1,2,4,0,2,80,919
1,2,4,0,2,90,914
1,2,4,0,2,100,886
1,2,4,0,2,110,909
1,2,4,0,2,120,868
1,2,4,0,2,130,883
1,2,4,0,2,140,798
1,2,4,0,2,150,731
1,2,4,0,2,160,827
1,2,4,0,2,170,846
1,2,4,0,2,180,726
1,2,4,0,2,190,771
1,2,4,0,2,200,734
1,2,4,0,2,210,701
1,2,4,0,2,220,711
1,2,4,0,2,230,782
1,2,4,0,2,240,944
1,2,4,0,2,250,843
1,2,4,0,2,260,927
1,2,4,0,2,270,143
1,2,4,0,2,280,85
1,2,4,0,2,290,143
1,2,4,0,2,300,174
1,2,4,0,2,310,187
1,2,4,0,2,320,278
1,2,4,0,2,330,319
1,2,4,0,2,340,346
1,2,4,0,2,350,406
1,2,4,0,2,360,487
1,2,4,0,2,370,542
1,2,4,0,2,380,562
1,2,4,0,2,390,679
1,2,4,0,2,400,762
1,2,4,0,2,410,826
1,2,4,0,2,420,738
1,2,4,0,2,430,730
1,2,4,0,2,440,725
1,2,4,0,2,450,695
1,2,4,0,2,460,775
1,2,4,0,2,470,808
1,2,4,0,2,480,852
1,2,4,0,2,490,872
1,2,4,0,2,500,877
1,2,4,0,2,510,918
1,2,4,0,2,520,789
1,2,4,0,2,530,913
1,2,4,0,2,540,924
1,2,4,0,2,550,904
1,2,4,0,2,560,840
1,2,4,0,2,570,907
1,2,4,0,2,580,899
1,2,4,0,2,590,847
1,2,4,0,2,600,810
1,2,4,0,2,610,766
1,2,4,0,2,620,766
1,2,4,0,2,630,867
1,2,4,0,2,640,865
1,2,4,0,2,650,865
1,2,4,0,2,660,912
1,2,4,0,2,670,865
1,2,4,0,2,680,823
1,2,4,0,2,690,832
1,2,4,0,2,700,851
1,2,4,0,2,710,835
1,2,4,0,2,720,815
1,2,4,0,2,730,821
1,2,4,0,2,740,939
1,2,4,0,2,750,922
1,2,4,0,2,760,888
1,2,4,0,2,770,825
1,2,4,0,2,780,828
1,2,4,0,2,790,880
1,2,4,0,2,800,869
1,2,4,0,2,810,925
1,2,4,0,2,820,892
1,2,4,0,2,830,903
1,2,4,0,2,840,913
1,2,4,0,2,850,847
1,2,4,0,2,860,880
1,2,4,0,2,870,978
1,2,4,0,2,880,960
1,2,4,0,2,890,933
1,2,4,0,2,900,952
1,2,4,0,2,910,935
1,2,4,0,3,10,701
1,2,4,0,3,20,784
1,2,4,0,3,30,816
1,2,4,0,3,40,832
1,2,4,0,3,50,784
1,2,4,0,3,60,963
1,2,4,0,3,70,830
1,2,4,0,3,80,928
1,2,4,0,3,90,870
1,2,4,0,3,100,839
1,2,4,0,3,110,845
1,2,4,0,3,120,804
1,2,4,0,3,130,877
1,2,4,0,3,140,979
1,2,4,0,3,150,933
1,2,4,0,3,160,873
1,2,4,0,3,170,909
1,2,4,0,3,180,922
1,2,4,0,3,190,927
1,2,4,0,3,200,806
1,2,4,0,3,210,851
1,2,4,0,3,220,830
1,2,4,0,3,230,793
1,2,4,0,3,240,855
1,2,4,0,3,250,866
1,2,4,0,3,260,890
1,2,4,0,3,270,99
1,2,4,0,3,280,66
1,2,4,0,3,290,70
1,2,4,0,3,300,148
1,2,4,0,3,310,159
1,2,4,0,3,320,244
1,2,4,0,3,330,318
1,2,4,0,3,340,368
1,2,4,0,3,350,382
1,2,4,0,3,360,395
1,2,4,0,3,370,432
1,2,4,0,3,380,481
1,2,4,0,3,390,523
1,2,4,0,3,400,500
1,2,4,0,3,410,574
1,2,4,0,3,420,520
1,2,4,0,3,430,513
1,2,4,0,3,440,552
1,2,4,0,3,450,552
1,2,4,0,3,460,547
1,2,4,0,3,470,604
1,2,4,0,3,480,617
1,2,4,0,3,490,545
1,2,4,0,3,500,618
1,2,4,0,3,510,559
1,2,4,0,3,520,616
1,2,4,0,3,530,620
1,2,4,0,3,540,691
1,2,4,0,3,550,547
1,2,4,0,3,560,578
1,2,4,0,3,570,620
1,2,4,0,3,580,632
1,2,4,0,3,590,641
1,2,4,0,3,600,655
1,2,4,0,3,610,680
1,2,4,0,3,620,677
1,2,4,0,3,630,750
1,2,4,0,3,640,727
1,2,4,0,3,650,762
1,2,4,0,3,660,766
1,2,4,0,3,670,725
1,2,4,0,3,680,782
1,2,4,0,3,690,764
1,2,4,0,3,700,819
1,2,4,0,3,710,837
1,2,4,0,3,720,912
1,2,4,0,3,730,954
1,2,4,0,3,740,903
1,2,4,0,3,750,865
1,2,4,0,3,760,939
1,2,4,0,3,770,965
1,2,4,0,3,780,903
1,2,4,0,3,790,876
1,2,4,0,3,800,855
1,2,4,0,3,810,839
1,2,4,0,3,820,820
1,2,4,0,3,830,801
1,2,4,0,3,840,833
1,2,4,0,3,850,874
1,2,4,0,3,860,853
1,2,4,0,3,870,858
1,2,4,0,3,880,921
1,2,4,0,3,890,1034
1,2,4,0,3,900,968
1,2,4,0,3,910,980
1,2,4,1,0,10,701
1,2,4,1,0,20,660
1,2,4,1,0,30,708
1,2,4,1,0,40,819
1,2,4,1,0,50,819
1,2,4,1,0,60,862
1,2,4,1,0,70,852
1,2,4,1,0,80,935
1,2,4,1,0,90,840
1,2,4,1,0,100,764
1,2,4,1,0,110,802
1,2,4,1,0,120,814
1,2,4,1,0,130,907
1,2,4,1,0,140,801
1,2,4,1,0,150,852
1,2,4,1,0,160,896
1,2,4,1,0,170,834
1,2,4,1,0,180,867
1,2,4,1,0,190,843
1,2,4,1,0,200,806
1,2,4,1,0,210,836
1,2,4,1,0,220,784
1,2,4,1,0,230,883
1,2,4,1,0,240,906
1,2,4,1,0,250,783
1,2,4,1,0,260,838
1,2,4,1,0,270,128
1,2,4,1,0,280,113
1,2,4,1,0,290,166
1,2,4,1,0,300,243
1,2,4,1,0,310,247
1,2,4,1,0,320,289
1,2,4,1,0,330,357
1,2,4,1,0,340,448
1,2,4,1,0,350,477
1,2,4,1,0,360,483
1,2,4,1,0,370,534
1,2,4,1,0,380,575
1,2,4,1,0,390,619
1,2,4,1,0,400,661
1,2,4,1,0,410,610
1,2,4,1,0,420,623
1,2,4,1,0,430,653
1,2,4,1,0,440,651
1,2,4,1,0,450,710
1,2,4,1,0,460,695
1,2,4,1,0,470,613
1,2,4,1,0,480,750
1,2,4,1,0,490,853
1,2,4,1,0,500,986
1,2,4,1,0,510,895
1,2,4,1,0,520,824
1,2,4,1,0,530,832
1,2,4,1,0,540,806
1,2,4,1,0,550,763
1,2,4,1,0,560,864
1,2,4,1,0,570,840
1,2,4,1,0,580,867
1,2,4,1,0,590,895
1,2,4,1,0,600,903
1,2,4,1,0,610,877
1,2,4,1,0,620,844
1,2,4,1,0,630,753
1,2,4,1,0,640,853
1,2,4,1,0,650,743
1,2,4,1,0,660,855
1,2,4,1,0,670,774
1,2,4,1,0,680,814
1,2,4,1,0,690,899
1,2,4,1,0,700,929
1,2,4,1,0,710,856
1,2,4,1,0,720,1001
1,2,4,1,0,730,887
1,2,4,1,0,740,868
1,2,4,1,0,750,892
1,2,4,1,0,760,836
1,2,4,1,0,770,841
1,2,4,1,0,780,838
1,2,4,1,0,790,902
1,2,4,1,0,800,861
1,2,4,1,0,810,928
1,2,4,1,0,820,871
1,2,4,1,0,830,817
1,2,4,1,0,840,869
1,2,4,1,0,850,885
1,2,4,1,0,860,783
1,2,4,1,0,870,851
1,2,4,1,0,880,833
1,2,4,1,0,890,814
1,2,4,1,0,900,959
1,2,4,1,0,910,1034
1,2,4,1,1,10,701
1,2,4,1,1,20,861
1,2,4,1,1,30,867
1,2,4,1,1,40,842
1,2,4,1,1,50,959
1,2,4,1,1,60,858
1,2,4,1,1,70,882
1,2,4,1,1,80,907
1,2,4,1,1,90,894
1,2,4,1,1,100,857
1,2,4,1,1,110,923
1,2,4,1,1,120,870
1,2,4,1,1,130,801
1,2,4,1,1,140,899
1,2,4,1,1,150,824
1,2,4,1,1,160,898
1,2,4,1,1,170,903
1,2,4,1,1,180,838
1,2,4,1,1,190,846
1,2,4,1,1,200,837
1,2,4,1,1,210,898
1,2,4,1,1,220,942
1,2,4,1,1,230,925
1,2,4,1,1,240,960
1,2,4,1,1,250,921
1,2,4,1,1,260,1042
1,2,4,1,1,270,112
1,2,4,1,1,280,60
1,2,4,1,1,290,97
1,2,4,1,1,300,117
1,2,4,1,1,310,144
1,2,4,1,1,320,155
1,2,4,1,1,330,212
1,2,4,1,1,340,243
1,2,4,1,1,350,290
1,2,4,1,1,360,327
1,2,4,1,1,370,316
1,2,4,1,1,380,376
1,2,4,1,1,390,453
1,2,4,1,1,400,450
1,2,4,1,1,410,491
1,2,4,1,1,420,507
1,2,4,1,1,430,475
1,2,4,1,1,440,481
1,2,4,1,1,450,490
1,2,4,1,1,460,578
1,2,4,1,1,470,643
1,2,4,1,1,480,689
1,2,4,1,1,490,697
1,2,4,1,1,500,696
1,2,4,1,1,510,681
1,2,4,1,1,520,721
1,2,4,1,1,530,744
1,2,4,1,1,540,747
1,2,4,1,1,550,729
1,2,4,1,1,560,733
1,2,4,1,1,570,749
1,2,4,1,1,580,740
1,2,4,1,1,590,855
1,2,4,1,1,600,864
1,2,4,1,1,610,851
1,2,4,1,1,620,911
1,2,4,1,1,630,873
1,2,4,1,1,640,908
1,2,4,1,1,650,911
1,2,4,1,1,660,977
1,2,4,1,1,670,843
1,2,4,1,1,680,853
1,2,4,1,1,690,802
1,2,4,1,1,700,825
1,2,4,1,1,710,861
1,2,4,1,1,720,888
1,2,4,1,1,730,922
1,2,4,1,1,740,823
1,2,4,1,1,750,885
1,2,4,1,1,760,822
1,2,4,1,1,770,849
1,2,4,1,1,780,902
1,2,4,1,1,790,895
1,2,4,1,1,800,742
1,2,4,1,1,810,816
1,2,4,1,1,820,812
1,2,4,1,1,830,758
1,2,4,1,1,840,873
1,2,4,1,1,850,828
1,2,4,1,1,860,828
1,2,4,1,1,870,828
1,2,4,1,1,880,874
1,2,4,1,1,890,893
1,2,4,1,1,900,870
1,2,4,1,1,910,846
1,2,4,1,2,10,699
1,2,4,1,2,20,800
1,2,4,1,2,30,912
1,2,4,1,2,40,974
1,2,4,1,2,50,916
1,2,4,1,2,60,930
1,2,4,1,2,70,902
1,2,4,1,2,80,893
1,2,4,1,2,90,975
1,2,4,1,2,100,907
1,2,4,1,2,110,878
1,2,4,1,2,120,785
1,2,4,1,2,130,859
1,2,4,1,2,140,885
1,2,4,1,2,150,877
1,2,4,1,2,160,878
1,2,4,1,2,170,904
1,2,4,1,2,180,862
1,2,4,1,2,190,879
1,2,4,1,2,200,896
1,2,4,1,2,210,857
1,2,4,1,2,220,912
1,2,4,1,2,230,867
1,2,4,1,2,240,887
1,2,4,1,2,250,920
1,2,4,1,2,260,862
1,2,4,1,2,270,113
1,2,4,1,2,280,62
1,2,4,1,2,290,54
1,2,4,1,2,300,95
1,2,4,1,2,310,133
1,2,4,1,2,320,124
1,2,4,1,2,330,148
1,2,4,1,2,340,160
1,2,4,1,2,350,148
1,2,4,1,2,360,190
1,2,4,1,2,370,197
1,2,4,1,2,380,260
1,2,4,1,2,390,253
1,2,4,1,2,400,247
1,2,4,1,2,410,289
1,2,4,1,2,420,301
1,2,4,1,2,430,338
1,2,4,1,2,440,329
1,2,4,1,2,450,364
1,2,4,1,2,460,351
1,2,4,1,2,470,390
1,2,4,1,2,480,360
1,2,4,1,2,490,423
1,2,4,1,2,500,427
1,2,4,1,2,510,390
1,2,4,1,2,520,472
1,2,4,1,2,530,548
1,2,4,1,2,540,489
1,2,4,1,2,550,538
1,2,4,1,2,560,548
1,2,4,1,2,570,502
1,2,4,1,2,580,483
1,2,4,1,2,590,509
1,2,4,1,2,600,533
1,2,4,1,2,610,581
1,2,4,1,2,620,649
1,2,4,1,2,630,568
1,2,4,1,2,640,630
1,2,4,1,2,650,582
1,2,4,1,2,660,621
1,2,4,1,2,670,606
1,2,4,1,2,680,633
1,2,4,1,2,690,625
1,2,4,1,2,700,621
1,2,4,1,2,710,577
1,2,4,1,2,720,664
1,2,4,1,2,730,598
1,2,4,1,2,740,599
1,2,4,1,2,750,651
1,2,4,1,2,760,658
1,2,4,1,2,770,661
1,2,4,1,2,780,614
1,2,4,1,2,790,604
1,2,4,1,2,800,566
1,2,4,1,2,810,637
1,2,4,1,2,820,786
1,2,4,1,2,830,675
1,2,4,1,2,840,650
1,2,4,1,2,850,639
1,2,4,1,2,860,670
1,2,4,1,2,870,690
1,2,4,1,2,880,683
1,2,4,1,2,890,701
1,2,4,1,2,900,678
1,2,4,1,2,910,697
1,2,4,1,3,10,699
1,2,4,1,3,20,855
1,2,4,1,3,30,855
1,2,4,1,3,40,911
1,2,4,1,3,50,895
1,2,4,1,3,60,1058
1,2,4,1,3,70,803
1,2,4,1,3,80,970
1,2,4,1,3,90,933
1,2,4,1,3,100,961
1,2,4,1,3,110,842
1,2,4,1,3,120,875
1,2,4,1,3,130,814
1,2,4,1,3,140,913
1,2,4,1,3,150,942
1,2,4,1,3,160,852
1,2,4,1,3,170,937
1,2,4,1,3,180,962
1,2,4,1,3,190,822
1,2,4,1,3,200,877
1,2,4,1,3,210,881
1,2,4,1,3,220,874
1,2,4,1,3,230,878
1,2,4,1,3,240,872
1,2,4,1,3,250,929
1,2,4,1,3,260,1056
1,2,4,1,3,270,116
1,2,4,1,3,280,75
1,2,4,1,3,290,83
1,2,4,1,3,300,87
1,2,4,1,3,310,113
1,2,4,1,3,320,169
1,2,4,1,3,330,216
1,2,4,1,3,340,248
1,2,4,1,3,350,284
1,2,4,1,3,360,279
1,2,4,1,3,370,309
1,2,4,1,3,380,354
1,2,4,1,3,390,403
1,2,4,1,3,400,389
1,2,4,1,3,410,389
1,2,4,1,3,420,479
1,2,4,1,3,430,535
1,2,4,1,3,440,510
1,2,4,1,3,450,536
1,2,4,1,3,460,644
1,2,4,1,3,470,734
1,2,4,1,3,480,660
1,2,4,1,3,490,675
1,2,4,1,3,500,670
1,2,4,1,3,510,625
1,2,4,1,3,520,690
1,2,4,1,3,530,685
1,2,4,1,3,540,726
1,2,4,1,3,550,689
1,2,4,1,3,560,792
1,2,4,1,3,570,772
1,2,4,1,3,580,736
1,2,4,1,3,590,787
1,2,4,1,3,600,892
1,2,4,1,3,610,813
1,2,4,1,3,620,804
1,2,4,1,3,630,725
1,2,4,1,3,640,839
1,2,4,1,3,650,940
1,2,4,1,3,660,904
1,2,4,1,3,670,800
1,2,4,1,3,680,771
1,2,4,1,3,690,760
1,2,4,1,3,700,803
1,2,4,1,3,710,794
1,2,4,1,3,720,761
1,2,4,1,3,730,776
1,2,4,1,3,740,839
1,2,4,1,3,750,749
1,2,4,1,3,760,806
1,2,4,1,3,770,874
1,2,4,1,3,780,904
1,2,4,1,3,790,844
1,2,4,1,3,800,800
1,2,4,1,3,810,881
1,2,4,1,3,820,969
1,2,4,1,3,830,1008
1,2,4,1,3,840,940
1,2,4,1,3,850,910
1,2,4,1,3,860,844
1,2,4,1,3,870,777
1,2,4,1,3,880,882
1,2,4,1,3,890,838
1,2,4,1,3,900,787
1,2,4,1,3,910,753
1,2,4,2,0,10,701
1,2,4,2,0,20,801
1,2,4,2,0,30,768
1,2,4,2,0,40,909
1,2,4,2,0,50,897
1,2,4,2,0,60,864
1,2,4,2,0,70,1014
1,2,4,2,0,80,1024
1,2,4,2,0,90,944
1,2,4,2,0,100,937
1,2,4,2,0,110,1025
1,2,4,2,0,120,937
1,2,4,2,0,130,943
1,2,4,2,0,140,885
1,2,4,2,0,150,973
1,2,4,2,0,160,884
1,2,4,2,0,170,932
1,2,4,2,0,180,866
1,2,4,2,0,190,911
1,2,4,2,0,200,937
1,2,4,2,0,210,959
1,2,4,2,0,220,940
1,2,4,2,0,230,842
1,2,4,2,0,240,889
1,2,4,2,0,250,937
1,2,4,2,0,260,960
1,2,4,2,0,270,96
1,2,4,2,0,280,45
1,2,4,2,0,290,72
1,2,4,2,0,300,99
1,2,4,2,0,310,153
1,2,4,2,0,320,151
1,2,4,2,0,330,165
1,2,4,2,0,340,243
1,2,4,2,0,350,276
1,2,4,2,0,360,318
1,2,4,2,0,370,325
1,2,4,2,0,380,316
1,2,4,2,0,390,361
1,2,4,2,0,400,387
1,2,4,2,0,410,432
1,2,4,2,0,420,420
1,2,4,2,0,430,428
1,2,4,2,0,440,373
1,2,4,2,0,450,456
1,2,4,2,0,460,459
1,2,4,2,0,470,441
1,2,4,2,0,480,391
1,2,4,2,0,490,358
1,2,4,2,0,500,432
1,2,4,2,0,510,433
1,2,4,2,0,520,429
1,2,4,2,0,530,488
1,2,4,2,0,540,429
1,2,4,2,0,550,383
1,2,4,2,0,560,378
1,2,4,2,0,570,387
1,2,4,2,0,580,409
1,2,4,2,0,590,431
1,2,4,2,0,600,422
1,2,4,2,0,610,453
1,2,4,2,0,620,437
1,2,4,2,0,630,443
1,2,4,2,0,640,408
1,2,4,2,0,650,458
1,2,4,2,0,660,446
1,2,4,2,0,670,432
1,2,4,2,0,680,458
1,2,4,2,0,690,484
1,2,4,2,0,700,437
1,2,4,2,0,710,405
1,2,4,2,0,720,394
1,2,4,2,0,730,397
1,2,4,2,0,740,476
1,2,4,2,0,750,469
1,2,4,2,0,760,442
1,2,4,2,0,770,433
1,2,4,2,0,780,426
1,2,4,2,0,790,417
1,2,4,2,0,800,428
1,2,4,2,0,810,435
1,2,4,2,0,820,431
1,2,4,2,0,830,452
1,2,4,2,0,840,403
1,2,4,2,0,850,380
1,2,4,2,0,860,423
1,2,4,2,0,870,479
1,2,4,2,0,880,387
1,2,4,2,0,890,413
1,2,4,2,0,900,382
1,2,4,2,0,910,344
1,2,4,2,1,10,701
1,2,4,2,1,20,810
1,2,4,2,1,30,936
1,2,4,2,1,40,824
1,2,4,2,1,50,921
1,2,4,2,1,60,878
1,2,4,2,1,70,1023
1,2,4,2,1,80,1052
1,2,4,2,1,90,964
1,2,4,2,1,100,885
1,2,4,2,1,110,834
1,2,4,2,1,120,782
1,2,4,2,1,130,818
1,2,4,2,1,140,939
1,2,4,2,1,150,871
1,2,4,2,1,160,924
1,2,4,2,1,170,982
1,2,4,2,1,180,868
1,2,4,2,1,190,904
1,2,4,2,1,200,922
1,2,4,2,1,210,973
1,2,4,2,1,220,1023
1,2,4,2,1,230,899
1,2,4,2,1,240,963
1,2,4,2,1,250,928
1,2,4,2,1,260,872
1,2,4,2,1,270,102
1,2,4,2,1,280,35
1,2,4,2,1,290,41
1,2,4,2,1,300,43
1,2,4,2,1,310,64
1,2,4,2,1,320,77
1,2,4,2,1,330,86
1,2,4,2,1,340,92
1,2,4,2,1,350,85
1,2,4,2,1,360,81
1,2,4,2,1,370,100
1,2,4,2,1,380,107
1,2,4,2,1,390,140
1,2,4,2,1,400,153
1,2,4,2,1,410,191
1,2,4,2,1,420,203
1,2,4,2,1,430,203
1,2,4,2,1,440,232
1,2,4,2,1,450,239
1,2,4,2,1,460,227
1,2,4,2,1,470,255
1,2,4,2,1,480,283
1,2,4,2,1,490,236
1,2,4,2,1,500,193
1,2,4,2,1,510,261
1,2,4,2,1,520,296
1,2,4,2,1,530,270
1,2,4,2,1,540,337
1,2,4,2,1,550,306
1,2,4,2,1,560,342
1,2,4,2,1,570,355
1,2,4,2,1,580,415
1,2,4,2,1,590,379
1,2,4,2,1,600,395
1,2,4,2,1,610,391
1,2,4,2,1,620,389
1,2,4,2,1,630,524
1,2,4,2,1,640,503
1,2,4,2,1,650,512
1,2,4,2,1,660,520
1,2,4,2,1,670,487
1,2,4,2,1,680,607
1,2,4,2,1,690,678
1,2,4,2,1,700,672
1,2,4,2,1,710,618
1,2,4,2,1,720,638
1,2,4,2,1,730,678
1,2,4,2,1,740,678
1,2,4,2,1,750,663
1,2,4,2,1,760,717
1,2,4,2,1,770,733
1,2,4,2,1,780,680
1,2,4,2,1,790,697
1,2,4,2,1,800,733
1,2,4,2,1,810,796
1,2,4,2,1,820,724
1,2,4,2,1,830,725
1,2,4,2,1,840,802
1,2,4,2,1,850,766
1,2,4,2,1,860,717
1,2,4,2,1,870,701
1,2,4,2,1,880,680
1,2,4,2,1,890,722
1,2,4,2,1,900,716
1,2,4,2,1,910,730
1,2,4,2,2,10,701
1,2,4,2,2,20,818
1,2,4,2,2,30,913
1,2,4,2,2,40,927
1,2,4,2,2,50,958
1,2,4,2,2,60,996
1,2,4,2,2,70,919
1,2,4,2,2,80,942
1,2,4,2,2,90,911
1,2,4,2,2,100,853
1,2,4,2,2,110,884
1,2,4,2,2,120,854
1,2,4,2,2,130,899
1,2,4,2,2,140,943
1,2,4,2,2,150,976
1,2,4,2,2,160,918
1,2,4,2,2,170,964
1,2,4,2,2,180,946
1,2,4,2,2,190,999
1,2,4,2,2,200,1031
1,2,4,2,2,210,880
1,2,4,2,2,220,930
1,2,4,2,2,230,936
1,2,4,2,2,240,920
1,2,4,2,2,250,984
1,2,4,2,2,260,870
1,2,4,2,2,270,125
1,2,4,2,2,280,97
1,2,4,2,2,290,132
1,2,4,2,2,300,206
1,2,4,2,2,310,255
1,2,4,2,2,320,337
1,2,4,2,2,330,307
1,2,4,2,2,340,384
1,2,4,2,2,350,460
1,2,4,2,2,360,554
1,2,4,2,2,370,550
1,2,4,2,2,380,567
1,2,4,2,2,390,564
1,2,4,2,2,400,600
1,2,4,2,2,410,600
1,2,4,2,2,420,634
1,2,4,2,2,430,715
1,2,4,2,2,440,681
1,2,4,2,2,450,699
1,2,4,2,2,460,616
1,2,4,2,2,470,645
1,2,4,2,2,480,704
1,2,4,2,2,490,754
1,2,4,2,2,500,720
1,2,4,2,2,510,744
1,2,4,2,2,520,749
1,2,4,2,2,530,779
1,2,4,2,2,540,842
1,2,4,2,2,550,887
1,2,4,2,2,560,808
1,2,4,2,2,570,866
1,2,4,2,2,580,761
1,2,4,2,2,590,835
1,2,4,2,2,600,858
1,2,4,2,2,610,853
1,2,4,2,2,620,892
1,2,4,2,2,630,884
1,2,4,2,2,640,863
1,2,4,2,2,650,883
1,2,4,2,2,660,796
1,2,4,2,2,670,941
1,2,4,2,2,680,894
1,2,4,2,2,690,887
1,2,4,2,2,700,956
1,2,4,2,2,710,1004
1,2,4,2,2,720,931
1,2,4,2,2,730,978
1,2,4,2,2,740,867
1,2,4,2,2,750,847
1,2,4,2,2,760,955
1,2,4,2,2,770,893
1,2,4,2,2,780,931
1,2,4,2,2,790,797
1,2,4,2,2,800,812
1,2,4,2,2,810,869
1,2,4,2,2,820,907
1,2,4,2,2,830,888
1,2,4,2,2,840,969
1,2,4,2,2,850,902
1,2,4,2,2,860,899
1,2,4,2,2,870,950
1,2,4,2,2,880,912
1,2,4,2,2,890,902
1,2,4,2,2,900,830
1,2,4,2,2,910,840
1,2,4,2,3,10,701
1,2,4,2,3,20,754
1,2,4,2,3,30,768
1,2,4,2,3,40,757
1,2,4,2,3,50,740
1,2,4,2,3,60,753
1,2,4,2,3,70,751
1,2,4,2,3,80,854
1,2,4,2,3,90,974
1,2,4,2,3,100,938
1,2,4,2,3,110,932
1,2,4,2,3,120,931
1,2,4,2,3,130,882
1,2,4,2,3,140,840
1,2,4,2,3,150,848
1,2,4,2,3,160,897
1,2,4,2,3,170,767
1,2,4,2,3,180,848
1,2,4,2,3,190,908
1,2,4,2,3,200,830
1,2,4,2,3,210,857
1,2,4,2,3,220,836
1,2,4,2,3,230,832
1,2,4,2,3,240,853
1,2,4,2,3,250,903
1,2,4,2,3,260,901
1,2,4,2,3,270,100
1,2,4,2,3,280,51
1,2,4,2,3,290,41
1,2,4,2,3,300,26
1,2,4,2,3,310,54
1,2,4,2,3,320,47
1,2,4,2,3,330,86
1,2,4,2,3,340,52
1,2,4,2,3,350,86
1,2,4,2,3,360,145
1,2,4,2,3,370,131
1,2,4,2,3,380,206
1,2,4,2,3,390,215
1,2,4,2,3,400,274
1,2,4,2,3,410,260
1,2,4,2,3,420,358
1,2,4,2,3,430,352
1,2,4,2,3,440,416
1,2,4,2,3,450,380
1,2,4,2,3,460,401
1,2,4,2,3,470,383
1,2,4,2,3,480,380
1,2,4,2,3,490,376
1,2,4,2,3,500,409
1,2,4,2,3,510,390
1,2,4,2,3,520,395
1,2,4,2,3,530,446
1,2,4,2,3,540,475
1,2,4,2,3,550,461
1,2,4,2,3,560,478
1,2,4,2,3,570,471
1,2,4,2,3,580,469
1,2,4,2,3,590,471
1,2,4,2,3,600,468
1,2,4,2,3,610,495
1,2,4,2,3,620,463
1,2,4,2,3,630,433
1,2,4,2,3,640,398
1,2,4,2,3,650,365
1,2,4,2,3,660,350
1,2,4,2,3,670,337
1,2,4,2,3,680,369
1,2,4,2,3,690,403
1,2,4,2,3,700,470
1,2,4,2,3,710,503
1,2,4,2,3,720,473
1,2,4,2,3,730,470
1,2,4,2,3,740,530
1,2,4,2,3,750,494
1,2,4,2,3,760,544
1,2,4,2,3,770,514
1,2,4,2,3,780,467
1,2,4,2,3,790,488
1,2,4,2,3,800,455
1,2,4,2,3,810,548
1,2,4,2,3,820,564
1,2,4,2,3,830,547
1,2,4,2,3,840,533
1,2,4,2,3,850,541
1,2,4,2,3,860,632
1,2,4,2,3,870,566
1,2,4,2,3,880,530
1,2,4,2,3,890,530
1,2,4,2,3,900,593
1,2,4,2,3,910,547
