-0.841258586484886
-0.133905799638662
0.394667548448507
-0.520584608687268
1.210276928468080
1.843089758176584
0.239881423222048
0.411977269358310
1.534291216260052
2.130269717604421
1.484846075387131
1.862794438572685
2.061107881188172
2.183195530537029
2.046182569395698
1.728828226575358
1.846678985232450
1.237159453736949
1.339679701046606
2.552758438702066
1.267675956922399
1.513973425236714
-1.068845615425489
-1.414335608155873
-0.707382480510617
-0.657653321399448
0.142870956806755
-0.058495058561015
-0.239882338583180
0.227908145840630
0.506388581198022
0.126246967555955
0.401974956743664
-1.352500185532528
-0.349194225500502
-0.128370099113614
-0.215519496646422
0.176381355218417
-0.018549175149046
-1.392231292727433
-1.698494297720292
-1.749874936776779
-0.716820150947578
-0.820387237119025
-0.933261134422571
-1.091457377432278
-0.603068838649886
0.556911407721282
-0.462894362954001
0.169292539853837
0.488059299462442
0.577176127953490
0.460767047354207
-0.261103737158766
0.233680709412022
0.575731461863830
0.213286739354266
0.823201530259331
0.573755633522220
1.260204888586406
0.945926424859141
0.609324315341267
-0.287689280531332
0.302415422000356
0.688431457013909
1.719654305341247
1.000031132846929
0.495044029209929
0.590762279238873
-0.445022885093745
0.224765921922336
0.215791065088573
0.452606580138631
-0.309795816844622
-0.706059404324176
-0.419898005187010
-0.937810098689028
-1.442561711594909
-0.741276317448910
-0.371448907403274
-0.259272766444005
1.326230245513607
1.101694183368175
0.243048671844234
-1.632093715903214
-1.436842370308295
-1.955452466633081
-1.435792887477346
-1.289474035602903
-1.605180781389848
-1.640333909121018
-1.903181497273135
-1.610595904802913
-0.767551807432533
0.555174197797557
0.704128021866203
-0.260727781006073
-0.463420981628954
-0.178800849276379
-0.188034614326714
0.008467233133148
-0.480555316361205
-0.003644880337194
-0.293774786026281
0.058654079017813
0.983345240183211
0.425799090790552
-0.064139813726897
0.361742749292924
0.430381560319774
2.115491866083698
2.574114122765311
2.469634487930524
1.581922457826044
1.572291349690621
2.591906031774289
1.201359705224340
0.373874044038397
1.076262705915126
1.752096863308868
2.355425981822775
1.579216637027390
1.094632500162617
-0.328076152806008
-0.624213562764406
-1.099321978546412
-0.006792561718598
0.426232035698675
-0.070326057647887
0.485709858017058
1.160398219392647
0.134361941691686
-0.147835033483378
-0.414590693149117
-0.079495379939348
-0.708092132587884
0.063490237559072
-0.395384150203723
-1.173422004450859
-2.371808900561180
-1.940725237709847
-1.754367064204627
-1.639192861552354
-0.579290625734367
-0.580331476810742
-0.235645391901870
-0.327773304511146
-0.291415812351243
0.878356547379748
0.504911313499849
0.794131154804305
0.104903669215455
-0.056773484014726
0.856128631673510
0.695137598477362
1.074000229033658
0.682582923717191
0.942603958808978
0.170411050894413
0.494891672292825
1.088733572804715
0.389128731546927
-0.502610323238274
-0.023800840469075
-0.751083877020121
0.293472695842233
0.272905570754465
-0.350953990598781
1.102682711280291
0.145438328305770
1.442665483673511
0.754829619533662
0.291716062805062
0.425785948727758
-0.057947869376971
-0.518250374184377
-0.950387115345042
0.046633939839948
-0.419152068941125
-0.676987229870120
-0.170181149604469
0.333980718128396
0.481018622684656
0.142238870373439
-1.148679303702207
-0.935353247216743
-1.455293247655755
-2.254892024849091
-3.310637013103456
-0.612543825119591
-1.353009819424410
-2.351447869856646
-1.789486178400453
-1.245778305387946
1.694485008752799
0.995715056370680
0.555140165965227
0.012948128594584
-0.164405461372902
-0.338136061509561
0.034202952624514
0.332541815574938
0.399396495032149
0.034858261193528
-0.348708067343835
0.022799855460116
0.312775998903444
-0.815229786799426
-0.138754766341429
0.869175381109367
1.818143127665756
0.790801924959302
0.899203796999449
1.550044648510501
1.415818028331640
0.937260801158610
1.624240620764260
1.100161411100658
1.000581727978712
0.903818937251355
0.585937107644282
1.098199029545045
0.685950911276832
0.257150156098879
-0.790402036726103
-0.709588261254403
0.112172435970893
-0.100864985496327
-0.160457282564178
0.203496645106918
0.483057638788495
-0.325271677020055
-0.851456119093654
-0.003095687785869
0.191382420991957
0.111300161889702
-0.185405873234990
-0.008414027750854
-1.106024951719630
-1.315046906727693
-0.939402153237931
-1.496301856035926
-1.875156672539681
-0.272866013131672
-0.719877745192137
-0.277642901740883
-0.085300555472651
0.559768449967290
0.288327349786161
-0.053528844913605
1.015297461975353
1.318982289388278
0.808970085223818
1.208121810949003
1.188580027090976
0.462876318326459
-0.884189874782616
-0.151040793380469
-0.001247466606773
0.612889584689982
0.831701008483745
0.748455402756888
0.563865431511296
0.416111031831016
0.126961700335865
-0.321165998380203
0.177796139037064
-0.255708858033014
0.298699215355013
0.558817137099598
0.767086041002303
0.687398327702107
-0.623503981351817
-0.348560327781320
-0.130472798364830
-0.047095279271413
-0.029754424164237
-0.368874157998926
0.061737319951998
-0.248891100501060
0.502613294877640
0.095580890053073
0.893402987585294
-0.512011719500898
-1.489507845600234
-0.672479284756596
-1.613176389650147
-3.016650073945928
-1.702363959944694
-0.811189582480764
-1.134797905514737
-1.272397233986373
-0.991309014735610
-0.467843240403176
1.928638935734675
0.782470465193336
-0.141257870229907
0.790335977531466
0.273969182784985
0.538197379782171
0.082080072896994
1.165350810382127
0.242784481597503
0.722905836238221
0.250530697483886
0.138667971226214
-0.112698555910320
-0.281037396283534
0.403017148577402
0.664014476227552
1.177732164935674
0.353580084596266
0.695624383544656
1.204208722297503
0.987186938990638
1.136272131227824
1.943892435308991
1.127937601382222
1.229921304737740
0.387245527114508
0.233553542591186
0.993667091789470
1.517332163359527
0.694086334359244
-0.659731927484510
0.336662999096007
0.815715785726008
-0.454692431655189
-0.557542915592187
0.049481865431325
0.724725016133178
0.158552140094717
0.665171320464742
1.257880579116750
0.725187976263144
0.275370414234446
0.770403283301833
0.819480895801038
-0.098934167546757
-0.862670422248156
0.212553183292387
-0.583573901784935
-1.360765306106818
-0.018735576770499
0.208069822140494
1.303139488940664
0.865321890686086
0.500883511600642
-0.651092560068507
0.049772755320375
1.577632526860541
1.311691222376313
0.953812922194195
0.949401755245142
0.965311951926185
-0.329517162869022
-0.999945481870820
-1.099650876760469
0.207855613156999
0.283192793412841
0.317395035819467
0.926527537829221
1.059453678248853
1.175210081087306
0.778956130181717
-1.054643353950839
-0.295319846773246
0.269787155031204
0.275356514547965
0.317211716577551
1.066131582712792
0.943025346932547
-0.875093537562542
-0.052816605592937
0.823144711646473
1.074191977893934
0.262761635321641
0.150832172078373
0.755586211470753
0.680269113000913
1.155413083330411
1.042714679232782
0.686580488609457
0.130623049289397
-1.400311048412866
-1.167781593138990
-2.055367217855279
-1.490266947433817
-1.604208997462971
-0.850100011341694
0.010056602657583
-0.276427445848567
-0.872447326361687
-0.094081639578881
1.403943128409289
0.390596710789027
-0.280183839692509
-0.763737483680120
-0.221619072450903
-0.377298384850528
0.526588975899775
1.221489056697516
0.679682614236449
0.234499129156426
0.675878207280389
-0.261552909544504
-0.742007375418091
-0.257648650355829
0.849892340230634
1.355145344713509
0.891680068591352
1.552237662630878
1.475747966113200
1.242336912275792
0.072122723584121
1.247381041655936
2.268946659534423
1.150018141133143
0.406175905350795
0.899463569538847
1.420300434085458
1.133626698551741
1.040288781189728
0.576845987642192
-0.508028815650855
0.757244014844730
-0.905800847730353
-1.082526392728248
-0.217343525270039
0.859576537140834
0.543403881045899
1.085063137695486
0.387020707202031
0.920225843786769
0.900401381047096
-0.096595849296358
-0.725574134749540
-0.260657236652095
-0.183353790191933
-0.295103756675158
-0.152784999113498
-0.206192471165460
-0.331294764054117
-0.402784437124909
-0.906803129645800
1.055071227457595
0.959347002713125
1.809039989837111
0.698626220742379
0.237644891829452
1.751067865513783
0.725629276023885
0.677967298855117
0.540719984624166
0.730718027007688
0.472099239015667
-0.650659477097241
-0.773456177539367
0.323517944580027
-0.028444161363145
-0.891154604107692
1.217420706404674
2.347006297686034
0.266907167670611
0.029761171249141
-0.632953340428028
-0.222935911102741
-0.308389369691969
0.395069463844324
0.125972983154337
-0.034740346093990
-0.096937045966999
-0.293785526650161
-1.051672635498551
0.891066617849536
1.168873310001917
0.723429920727630
1.066398561722433
1.031966472825553
0.620542193564922
0.355844993790303
0.689995159573617
1.155502503306660
-0.261712091596942
-0.706487971670910
-0.816785551339578
-1.484517247195807
-0.936823657592306
-0.512382700131882
-1.249868851196019
-0.942581773357820
0.054212654476720
-0.516168502269827
0.335956203761766
1.185299372712478
0.755792853510432
-0.463787548124096
-0.220539327433705
0.302688401519001
1.347969487764838
1.263278059394058
0.974063081602788
0.554656905917790
0.873340674684189
0.096436052979905
-0.678004829520025
0.012663738215681
0.234874228014272
0.091193299594682
1.068904812830580
0.382005867348793
1.238678363240492
0.615922223103265
0.424810485320483
-0.090742352868953
0.955552607383465
1.988488621135228
1.272309096737716
1.147474907230389
0.995497592654471
0.308418178135246
0.201681563394735
0.498965858259202
-0.167634955522223
-0.752463590022746
0.342488879001663
-0.238286275523324
0.095700672433180
1.042214450645956
0.188511427978792
-0.601710891236386
-0.341139793569308
-0.726849601507931
-0.139973428705000
-0.243908822276453
-0.147009081854593
-0.342922280899217
-0.601606752499989
-0.210856614220875
-0.033524959852329
0.202745118851239
0.151592342802978
-1.119168561358069
-1.499516926298692
-1.615076052609376
-0.974631009933925
-0.240738245638436
1.010394150827486
0.420740664339063
0.789871244866787
1.066775610127831
1.126315123444406
0.985929065623547
0.731194065755413
0.517806131096770
0.654014200508825
-0.356390945399582
0.029266422750015
0.217856770589566
-0.416939670590735
-0.008497162344699
0.622330443265655
1.261928641132968
0.706151038200131
-0.398430908990529
0.147763324735153
0.591066718173235
1.200070507761219
-0.391992556268659
-0.286931565277885
0.448202855589271
0.122537066604222
-0.856655762297362
-1.164497010488689
0.144032524851695
0.196538150056401
0.420651178593638
0.955785817286430
0.817156888507281
0.758452550566503
0.727706014391384
0.318388632864584
0.990197962191577
0.439270970456791
-0.399518876004992
-0.855333079887001
-1.142790540244020
-0.821664777748501
-1.336496782548643
-2.025902673878603
-0.489181262835538
-0.339014856658166
-0.285394514236273
-0.992041004849389
0.276201587916863
0.610066136016588
1.227064168115183
0.508417578607445
0.470760691450849
1.438126542118085
0.455451610048501
0.077169859573537
0.963400307890685
1.513252751131369
-0.192298690526998
-0.124960618190102
-0.564984878391983
-0.032798473027446
0.261476215503670
1.096070239380431
1.027894872822462
1.623812550610655
0.995779193525619
0.077539356695814
-0.025140540428141
0.630260681927130
0.430628949354737
0.937959776119286
1.128953728149913
1.135629429303495
0.643170231734113
-0.345418437251689
-0.711915489108647
0.641024501444976
0.413010261049440
1.046563725249214
0.045439457568775
0.107803545264539
0.456761079988296
-1.259628573481523
-1.239610555431298
0.140053901345131
0.945626184723038
0.552989132071815
0.615670270646933
0.382504761066658
-0.217159525150916
-0.726555600157732
0.677256862450256
0.145117840800922
-0.486672489083670
0.761917855542915
0.201678422419532
-1.306881814141178
-1.500141489852546
-1.076004894697496
-0.718615422014090
0.435722148225970
0.283792304630714
0.553807378730623
1.009384665868249
1.812075893113506
1.528824542926277
1.246214017857477
0.259464193924333
-0.629589167506571
-1.289393641606628
-0.124382900720674
-0.061679766215433
0.051678639522766
0.407740231684396
0.048139368474987
0.814072516522443
-0.230162800897017
-1.620225526783904
0.106606486445034
0.084225342240673
-0.520976449917036
0.456135875956777
0.423310356168592
-0.374628162082241
-0.816662060130531
-1.150671164217135
-1.023030557981856
-0.455364157766328
-0.274608244627783
-0.038899002810966
0.542190482603547
1.258067335107055
0.647514211640676
0.242141597663771
0.264310465964505
0.216853765574756
-0.571869213575986
0.219466044295513
-1.601614365597587
-1.491600686730885
-0.932173623613203
-1.404770250555915
-1.569898389034547
-0.406841786988062
-0.480059489143880
0.224771313067470
0.021040613724249
0.646250670791053
1.286282736850456
0.638469198486792
0.972015990384079
0.873558382184073
0.814954363445866
0.124194860425709
1.189907233882637
1.503321976919986
0.382544668487176
0.508192019353316
-0.286201749528116
-0.249854224352248
-0.491437506595999
-0.167321886848838
0.368414373916197
0.657016445325626
1.060503656637252
-0.263023630753014
-0.397683663501243
-0.566190171591266
0.202265375220803
0.064064991791893
1.046945947844149
0.744528588058543
0.934393521582841
0.304718218402131
-0.568530878037727
-1.173338994059732
-1.188035869659105
-0.321959782257873
0.054872821505211
-0.203387195751993
-0.585245891526855
-1.498571450578079
-1.188586101449861
-0.722269716946746
0.192335062246494
-0.570124761850791
0.550154742678654
0.221375443094422
-0.486751444530809
-0.311390116968839
-0.216306852861533
-0.011968102535286
-0.619305900586854
-1.455781379477577
-0.557928774780255
-0.112202764422163
0.811417617541374
-0.656649868161418
-1.248277737693235
-0.253176784431192
1.015091780239426
0.463487310281648
-0.230171529833162
0.833523787445289
1.958506040445708
1.411912993097422
1.639023741145820
0.646119118832384
0.274390260809486
-0.806247915880335
-0.930160702214549
-0.552267195777394
0.388641724351844
-0.129013655509508
-0.776885568354522
-0.196883377868292
-0.645010606172877
-0.578551121754713
-0.378646504565680
-0.107936808636879
-0.198063294795570
1.215379979769327
0.113264837557383
0.938731262481372
0.225028710991670
-0.350893554704503
-0.130602184770720
-0.549065835350226
0.340960458190215
-0.245399014305966
0.390333159113197
0.237842793858592
0.384413386491428
0.994828702778563
0.539010812376617
-1.033444466286960
-0.701351423803393
-0.710239294696445
-0.939906964941348
-1.657203430387971
-0.970911157713490
-1.508281651077472
-0.169692348900982
0.621149554578718
-0.373813084145506
-0.493506845380822
-0.628792850468946
0.717494925986897
0.897609829340754
0.435628605941516
0.883574429059508
-0.258095756803093
0.538621961469256
1.143698865844649
0.870261038035197
0.234357675361331
0.306134378600478
1.287786297354964
0.572582117734500
0.501483209933118
-0.869729549385641
-0.672874994074797
-0.381741914121112
0.264079638716462
-0.360281859877947
-0.200987689935135
0.738814666604438
0.149934534368405
-0.503314204487542
-0.659149209017632
-0.291676154207219
-0.362997798815026
-0.777866195081426
-0.647470941333257
-0.880454979754107
-1.758369588143659
-1.625229370745715
-0.917104890783988
-1.093189429731833
-0.872603111884972
-0.833737149486119
-0.564102761489685
-0.733867701858401
-1.969354598199272
-0.974441345630532
-0.468543150318514
-0.061047345512950
-0.721560742310803
-1.800163889816384
-0.992714628201269
-0.167484656279634
-0.343054519234009
-0.933904497437274
-1.374584963939412
-1.950562128557482
-0.842915929670447
-0.387528769072190
-0.346078383275810
-0.685985407141049
-0.170768231957699
-0.422274844463432
0.759833411951352
0.649638823570582
0.740434037526578
1.824306619683992
1.576562450694706
0.863593628847260
-0.123912667040110
-0.827484497560528
-0.981056415021416
-0.714072884322698
-0.445153015273265
-0.078464163650375
-0.072197304886244
-0.718963303205274
-1.089757941579799
-0.284521490892179
-0.198677866309093
-0.110322839297694
0.391980089660971
0.234646209978113
0.801113488536302
0.126595996688690
-0.134667291868811
0.506842144741351
0.311695397116633
-0.166562242455608
-0.809769473422186
0.454897361783866
0.000469932221774
0.506972581897547
0.787508077593217
0.976059168590588
1.278268933045854
-0.038313801565806
-1.060712233484364
-1.722223403553150
-1.336027317910240
0.179705029061337
-0.475665828718199
-0.775467531540686
-0.065417000114196
0.224157723090712
0.355806017658877
-0.136728297405584
-0.542642200206033
0.810639791098922
0.720967778649468
0.545866411948685
0.994533354577653
0.869278762580952
0.046395088814058
-0.426630806370809
-0.339709308636584
-0.038482849346444
-0.242945586732768
0.302801505240522
0.126598350474614
-0.358272720990383
-0.252050922913256
-0.029120222093818
0.517177882902979
0.993840143937179
0.830433886941888
-0.036877157958304
0.005850839149281
0.487908947561106
0.110197205673817
-0.570742861084751
-0.482705945595778
-0.028572215310815
-0.353953327163774
0.791439958366612
-0.168220938943082
-0.085007577434620
-0.749291956136531
-1.904174743058119
-1.853850773244766
-1.905440289967584
-1.788320759595985
-1.089998251024340
-0.754110941235000
-1.510805301540813
-2.106417897478969
-1.966828570884310
-0.887879440287931
-0.432972978102706
-0.542836419040402
-1.326064247756919
-0.725811824884011
-0.209855593480824
0.001498061576247
0.063192636103339
-1.293835684119427
-0.791103998263582
-0.785679548170535
-0.498190927061059
-0.266848592521606
-1.006077330876443
-0.405835356559252
0.558271199431081
0.971311797363416
1.904852388362979
1.818048899550019
1.367985963779311
1.062175380002665
1.109103001855447
-0.062431544811125
-1.009455929652147
-1.651127054228212
-1.697580210022534
-1.450720696114458
-0.849048541019520
-0.305742036633722
-0.132154749131593
-1.261786483310889
-0.239357818225571
0.209205906483248
0.104437129676361
0.419088403053669
-0.144528248586084
0.644938636357044
-0.295988536096205
0.099275463840339
0.997662057995783
0.524583257611406
0.280109544547807
-0.902537065951811
0.430517021841458
0.868482919803837
0.673719872353288
-0.626853806723811
0.064249511841834
0.807318456658414
-0.424785163962015
-0.513569851550345
-0.008409331932904
-1.113499120617322
-0.060012999503844
-0.362464664395056
-0.157840447222985
-0.488459827329770
-0.226313517472057
-0.643773080399117
0.173530564440859
-0.036599354610776
-1.261120342494452
0.234116222547460
0.377287190572342
0.032222533118326
0.482830743372240
1.479791898005002
-0.065175841935286
-0.748656020118469
-0.501407059827066
-0.336572378067826
-1.620462856208671
-0.834206244122287
-0.067005700384277
0.191431421130537
0.125427895434291
0.155299996532952
0.759404674772679
0.746091492537649
0.608168896039921
-0.040273442366654
0.401358039484971
0.147848391091594
-1.745806534194132
-1.041180061869291
0.005549707886603
0.361376522295725
0.446429618025047
0.067809376780715
-0.086139031274362
0.155304894355417
-0.744364158778541
-2.141394357245880
-0.808928591379521
-0.098729007948798
-0.441665668166699
-0.088675604996295
-1.004619167436763
-1.545932654504435
-1.134725061209819
-0.664665893633512
0.150461096438720
-0.230828167665494
-0.681310807583521
-0.654139385747903
-0.030003238491020
-0.196870046671627
-1.328475851828923
-1.343962913553739
-0.495856920591908
-0.954762605210917
0.009930270484266
-0.134098973115781
-0.171155653979995
0.017664497244521
0.892053932935786
0.794943519119844
0.982201959232525
0.860262547253446
-0.464369893125067
-0.499801820972977
0.691579151841300
-0.481072201669817
0.030451607681113
-0.432993782160561
-1.589132959811791
-2.377131824460989
-0.854647247038672
-0.116829839809248
-0.362092637266067
-0.559036959984714
-0.100405802757024
-0.454521979462175
-0.020918754575671
-0.933718175685928
-0.444342213471984
0.023627726473391
-0.412041583887887
0.625934347960834
0.212187226405084
-0.879244587402357
-0.295208436371570
0.296384841671864
0.205689331046065
0.841029883960307
-0.096433429250101
0.009074451751230
-1.107101796463799
0.353996527423099
-1.215619713938539
-0.890050772149821
-0.662328209103012
-1.059719407909831
-0.694742244908456
0.492349019904021
0.747370070243768
-0.228801897387412
-0.348079833812864
-0.041286300675405
0.694437765139404
-0.048885676502143
-0.742316829840962
-0.182930786599662
-0.506878690762733
-0.004838862694210
0.247794597751071
0.622171806249664
-0.160443916153345
-0.113125581532394
-0.717186082114216
-0.703575152364680
-1.636143692577771
-1.796012085533704
-0.693688956003363
-0.036950750104978
0.061916243599642
0.169270314912801
0.775726572684766
1.193233166840495
0.934088442610561
0.725970393402248
1.250167960431277
0.413327702110707
0.062545195960774
-0.409539275325195
0.155365503588422
-0.364085577786352
-0.336981210941972
-0.780342423626582
-0.158882285759799
-0.308128457325075
-1.181948328466268
-1.832117585593559
-1.218192669898550
0.225342642307034
0.293835628572081
-0.512558745129708
-1.606621959291990
-1.284720880410499
-1.109126382219437
-0.407621607569503
-0.690239936066233
-0.867280856037778
-0.871953737005194
-0.979470068812236
-0.175209061930343
-0.231186412448676
-0.556364062085456
-1.421496530131159
-1.178675558053518
-0.821830294145723
-0.450885238263231
0.805697569376032
0.625946768995340
-0.134500587610215
0.669721149153896
0.692497649692874
0.135048467377069
0.620261326477672
0.418769691427037
0.459468027645150
0.371553910555210
-0.104704449032267
-0.521545212122188
-0.460964240005229
-1.962318393102538
-1.888491548273484
0.129146554612545
0.788033493764956
-0.098878272016205
-1.073142346108908
-0.770388163587918
-0.659127054711018
-1.490718579739369
-0.684131946777118
-1.674004865866506
-0.800657068999582
0.549319991050045
0.195242815510866
0.172899758566032
-0.838785447285114
-0.894905547230375
-0.107837554922545
-0.218311658757606
1.142726756850422
0.979878058663109
0.349251890953333
-0.198952073849774
0.507597296307333
-0.202787630185323
-1.198839907978489
-1.228257534356850
-0.848060813825241
0.008512580722951
-0.156387598597074
0.226727553891883
-0.067626079639858
0.907083861734105
1.597836113678364
0.586679699709162
-0.778583780632330
-0.644081592694728
-1.186671038129343
-0.664286013329021
0.399049141095204
0.172252452780546
0.724711982138353
-0.377690722917085
0.080027549699241
-0.765829445236646
-0.049183075670499
-0.647442453055958
-0.038990142049629
-0.634293797024863
-0.132119326314581
0.799257401616405
0.339812854438814
1.126868459779791
1.574917109766451
1.173091891581353
0.203056248797494
0.597814936835047
0.560654173126432
0.231429707561781
-0.287896222933403
0.590068362778862
-0.594882953317596
0.387546957413281
-0.465697340195718
-0.891550534726653
-1.597721370749609
-0.852531661377751
-1.557214563278732
-0.320555993976815
-0.429665596317932
-0.407910653347321
-1.011034816415357
-1.241388690375689
-1.513643396433383
-2.113933738143276
-0.881350056823644
-1.175153018976654
-1.734293244822130
-1.290297729370383
-1.332106720642697
-0.190936896429484
-1.736232132008149
-1.400882228656609
-1.673186628721927
-1.524969995100123
-1.143580667897961
-0.785295561197549
0.288390075856839
0.819256352440526
-0.312313133790039
0.337658077649991
-0.025567780801457
0.190884627410659
-0.160943684399797
0.062208059627508
-0.174379099369270
0.084737213554107
0.284811784477190
-0.405068188335116
-1.252408514929603
-2.184485396581587
-0.094036643738516
-0.631161821012431
0.238772353391753
-0.580475018231222
-1.313239353610160
-0.629202115219161
-0.007577526706677
-0.717667359932208
-0.672892484190578
-0.755574190092817
-0.377831772759872
-0.491734625081977
0.495551417792555
-0.184291694325526
0.155849909815274
0.261650082014420
-0.110889576090365
-0.600645963189445
0.422628917117456
-0.469759250427222
-0.772525410399757
-0.374155001307032
-0.835445505039479
-1.288833892487416
-0.433469476210530
-0.529214942529495
-0.737768258897387
-1.211611017610625
0.146967543760507
0.289317020650153
-0.217905746862620
0.161066433745481
0.666567994632361
-0.603910844048865
-0.194007356736735
-1.000057771130360
-0.480469893084402
0.512761842417274
-0.891806231202380
0.223298498018653
-0.106002707468304
-0.480359196129313
-0.538291056104627
-0.776850214561103
-0.708957239010538
-1.063951379374361
0.811923335125602
0.155307555250779
0.280039273315599
0.588474188309913
0.219463109252498
-0.064118959168212
-0.161373261559955
0.940507640060741
0.807927921304913
1.081386511989001
0.873284601164944
0.914780569611083
0.693848085759955
0.962713701554478
-0.206832512554189
0.910291229772889
0.509558715754712
-0.756068307692553
-1.675658004589613
-0.544153466930511
-0.885176330820071
-1.551870470277954
-0.886428674370155
-0.751637323775998
-0.738219016551893
0.224924084093880
-1.411765775921233
-0.907003634589167
-0.590154545538295
-1.200628570081958
-1.427720710317773
-1.511109646122240
-1.846364365850494
-1.214595496602548
-1.708278417771517
-1.079650451025373
-1.144374843062652
-1.588440607851947
-1.093635191145266
0.318805414590657
-0.153839040260296
0.752671269430290
0.582180358509311
-1.105782884981096
-0.548735149172731
-0.515074254100260
-1.013537450059982
-0.127779046656651
-0.866110941724237
-1.372637144431333
-0.918315883720679
-0.685321672535806
-0.312830124828875
-0.773181968738797
-0.439686776496597
-0.437443446338696
-0.706856352621073
-1.251432696626666
-0.372905105364116
-0.886666120411317
-0.819151036585159
0.136123706719238
-0.846811835821863
-1.439977930079078
-0.970971617021258
-0.856406068645848
0.047034339618425
-0.790425914236311
0.342822297247510
0.072670123717315
-0.078584503318413
-0.654595602151747
0.438501176186365
0.241946534066320
-0.850881335496759
-1.382424705635870
-0.561434852593237
-1.484076145754631
-1.061200459600829
-0.561965665912693
-0.050308881911226
-0.933506629766721
-0.395445424340539
0.129345182677450
-0.124456407011363
0.581858627067532
-0.727477696712434
-1.097752778859338
-0.536470154166023
-0.131768593122141
0.140622491656827
0.570542182321175
-0.374248137377697
-0.115351357352487
-0.571949623201667
-0.417803242121879
-0.221818364994058
0.936085758060632
0.009854841822271
-0.051569462266819
1.341589941936282
0.718935579132998
1.154793509230531
0.115781620318892
0.635193346457975
-0.250354142887672
1.026036411989361
1.713006671608456
1.727548586613908
1.605023573784462
2.217234181758500
1.588131921692458
0.792412770476048
0.757373316803752
-0.996548316683229
-1.004168327083942
-0.115460687097225
0.420058754223250
-0.464276887342897
-0.692787526205417
-0.463244032253536
-1.714612150526023
-1.371735354752751
-0.702893229885657
-1.898607811245731
-1.217521019820275
-1.764776429796663
-1.431767510132827
-1.385689947209909
-1.861861185091332
-2.607909030854342
-2.534716826746322
-2.032124606174725
-1.720235154015239
-1.432363951518151
0.073179659954354
-0.332460878038519
-0.130806963314142
-0.883649889568190
0.386253707946937
0.284677016782953
-0.092667812612935
-0.354839248986766
-0.079909004085853
0.347881947649195
-0.325711519743983
-0.923593199564169
-0.153363143757842
-1.191833199351940
-1.459802908797027
-0.898221760633516
0.062515711566218
-0.081719166493507
-0.950263978698393
-1.050715146625076
-0.617391171257941
-0.120169451913704
0.046305398273666
-0.148592635728641
0.031147929530632
-0.767692931580161
-0.509932979806094
-1.421358381002200
-0.896244778160718
-0.671993104632092
-1.628793978603819
-0.592978257347715
-0.794503784335159
-1.194656044563649
-0.846863918957793
-0.456086845021504
0.624607829200759
0.363320307151680
0.464336938952908
-0.089705255675255
0.003690903987959
0.411754922253307
-1.295125268608296
-0.646869879622957
-0.011984825413795
0.605467918596932
-0.121145536860441
-0.805218231551295
0.212625255859289
0.275197996753630
0.513737783713049
-0.000925535465732
-0.512760140249215
0.249507803403660
0.391348059197217
0.424738160868016
0.624178890130485
0.602470470358462
0.509118168723838
-0.342022230686245
-0.664735378367004
0.234279014503478
0.928579504145370
0.687654757166568
1.682345730894693
1.266240672358727
0.163748072352511
-0.195021260662750
0.771323750200214
0.004685589164543
0.781194775960239
1.486605338646745
1.536775626972134
1.707782283553372
1.770619241687924
1.796698105274939
1.589488139007980
1.621230614938388
0.381810760028621
-0.604323883807112
-1.217237815567185
-0.789517710774554
-0.270874858281449
0.276014363559831
0.143142823959009
-0.394731447484591
-0.254977025123837
-0.377752306893148
-0.622483790867472
-1.219417364319432
-1.553931214907908
-1.788646620797075
-1.765375691853575
-2.042988972594896
-2.329874731988934
-1.613020340783654
-1.655455409535779
-2.038245392307561
-0.537935020271285
-0.290284468795078
0.576394044409431
0.613800276466609
0.663654533798702
-0.438985187619119
0.534938819266775
0.726124010394298
-0.199147342399075
-0.227658286535381
0.379637356667395
1.057830199205299
0.495658596465501
-0.157003636236355
-0.478653444985921
-1.684022570300842
-0.479408321866691
-1.555274007419781
-0.273377334937505
0.185320401788356
-0.446783711941249
-0.464797022201720
-0.872843425992251
-1.101273531050636
-0.527607896187295
-0.286495270159317
-0.652855818725575
-0.885171797999386
-1.506447378493596
-0.907873554549111
0.001654733474168
-0.456121288703680
-1.156289081264830
-0.598370105879415
-0.573759887004595
-1.046300005853441
-1.536011866958325
-1.507757575652607
0.511199270704444
0.063146428579458
-0.574611980728389
-0.751187281171663
-1.034580026224669
-0.304753116205530
-0.333497016086203
-0.154366844971788
0.414115691614653
0.032537960421984
-0.233567470969728
-0.633680969773741
-0.270437324627733
0.513834112606360
-0.280412594560308
-0.437437968629669
-0.304650140371927
-0.119829527551283
-0.128393989172480
-0.970950591322114
-0.321608189966882
-0.598507400478656
-0.253096992026900
-1.137598540100413
-0.566618156788689
-0.198803578797948
0.968878535452831
0.837996972173036
1.560809729932484
1.511828040556850
-0.102074934986309
0.165901213822229
0.859636562942067
1.315017568409698
0.096466494305574
1.410553802193995
1.444375075951083
1.490334630965032
2.475463333798792
2.025063227615747
1.459988215504562
1.225765807593701
0.307266446780525
-0.826199907441713
-0.805966236155992
-1.720115190278860
-1.117313817850652
-1.184764456559850
-0.942632938988983
-0.399656200692110
-0.287593973096729
-0.464623055088951
-0.392433375913256
-1.208263599119207
-0.991957699592632
-1.896509184793901
-2.089693754579974
-2.376125381988083
-1.920860364825600
-1.036236148362723
-1.865724100319936
-1.728346675246132
-0.150307863462802
0.199936052403752
0.050884228832370
1.428005669848453
1.166073730445232
-0.734452363968542
0.663350953803523
1.270622758324878
0.947929790591149
-0.059138589898286
0.529241443080391
0.619553795547906
-0.051035560682519
-0.584487945120203
-0.339372009666521
-1.549035273400909
-0.821052519180178
-1.031609424441775
-0.857919920092833
-0.452327653661290
-0.272605463784643
0.327327286147867
0.074722291272328
-1.319805910618390
-0.963371832822569
-0.296484525856566
-1.906942574491446
-0.823919598026023
-1.226435091228126
0.089089097588289
-0.847896518369668
-0.954959904875707
-0.336832633875060
-0.418806323080029
0.136693277403384
-0.546206585696765
-0.158557124842159
-0.959840582333000
-0.413852934523004
0.073240372388852
-0.675179449373830
-1.309526523529525
0.104994725232279
-0.028033321305767
0.058175936542271
-0.421878745134148
0.242595418312982
-0.418564220785778
-0.240366451701360
-0.237201792066610
-1.194646593423746
-0.412288431043626
-0.423094371122340
-0.593561905494149
-0.542239152127208
-0.008849889881075
-0.161560207701047
-0.164503897923660
0.117023803778749
-1.123310807716731
-1.079543294367883
-0.090514430213045
0.344012931459379
0.674566585901282
0.809113246025101
-0.122758221708358
0.256710306720846
0.776160696040013
-0.022111539356369
0.132043929180441
0.221703578280372
-0.510839178184336
-0.282044193444864
0.818636721268032
1.850594948257172
1.489598664796554
2.519723334592344
2.003162597033447
2.436752488099251
0.470086541311569
-0.097675865537410
-0.754742354666318
-1.933677472322319
-2.458114784454792
-2.476989451961081
-1.037190177161765
-0.505252672152529
0.515088472740671
0.643926218483099
-1.383296966708949
-1.621255158893128
-0.445698623894778
0.151281712398948
-1.427961414456117
-1.651826412606477
-1.981689620243836
-1.169940994046264
-0.363790711974519
-2.669318684135257
-0.586309271558438
0.284055798451995
-0.550808566611040
0.164403012342565
0.966996842266611
0.932786644654291
-0.431668646053926
0.564272405467368
1.038590091783335
0.172969862657823
-0.238197683747778
0.607162958909673
0.105616577219386
-0.381217322968805
-0.420572690357061
-0.406558642282659
-0.209243619641914
-0.943655050131200
-1.220359890194918
-0.138497965152380
1.147302120344121
-0.199106387310780
0.711264023474255
0.838016438393040
0.441541088100944
-0.966404426616835
-1.236280195912210
-1.425090457788387
-0.597371542302578
-1.073541304757388
-0.179266023317624
-0.793495088915791
-1.230407374778555
0.143713779342801
-1.007712478583902
-0.254571103487985
-0.295707452438344
0.641528853929826
-1.025327472361022
0.161963243231394
0.486692323644892
-0.695672261286539
-0.433659577009339
0.868251944254907
-0.167452398639123
0.525873494435813
-0.431362072554689
0.189774729389461
-0.427394414846189
-0.184463974263274
-0.310741133469238
-0.429415466235223
-0.932363887910256
-0.006083242748636
-0.614047826776928
-1.124033027160329
1.297654574420676
0.224285989649880
-1.216921868624288
-0.893353452832758
-1.115872038687221
-0.724188154551302
-0.248109381111117
-0.514482416303892
1.016783299569382
-0.048483586472731
-0.146630557881482
-0.753943920476109
-0.302895370878039
-0.496148474844289
-0.463861868431869
-0.254204322987764
-0.264738447445628
-1.155484374240916
-0.681562196306673
0.918693662958524
0.986677405324168
2.128670660463437
2.642986514908352
1.551837212116861
0.823258387830825
-0.073754427521667
-0.807583406242043
-1.703473121891979
-2.330505539402250
-2.821011713505672
-2.927810087826455
-1.685233502957304
-0.398983097031160
-0.751996196167963
-0.945792045703298
-1.494359896507716
-0.567435694723452
-1.016547483088110
-0.839485929675392
-0.603177644698269
-0.746001983542297
-0.533552187115182
-0.388504990208175
-1.184556034864213
0.272855485614043
0.521758683919431
0.142268447748886
-0.047531265903420
0.677097720745150
-0.136101857077921
-0.422449478637521
0.511175048292796
1.230978799022551
-0.291547668844762
-1.248823387575663
-0.614101264748785
-1.084341669846734
-1.095991046682744
-0.063608235063761
-0.073963835028038
-1.203708322341046
-0.808864259989167
-0.743004288524197
-0.268242819615814
0.283284850005580
0.367148342222641
0.696625146227409
1.261284980661618
-0.279509690932696
-1.046340049801236
-1.093369880419496
-1.829423717154274
-0.569980467709844
-0.166066807824555
-0.850541969788010
-0.588038614215896
-0.072165704157317
-0.998009611455857
-1.608696152976603
-1.006283313079753
0.217906619439303
1.125965241627490
-0.294185794072307
0.239927608047294
-0.077529422356635
-1.325934209523459
0.062778051669727
0.650340505566950
-0.690587432711865
-0.312634925333728
-0.593523655243147
-0.876992637324654
-0.545466786543225
-0.219478597497648
-0.156176325078525
-0.870911030864365
-1.566511209790835
-0.633684567870966
-1.156306511424035
-0.597946026022798
0.416284272115581
0.244662266897768
-0.434151377662272
-0.995071574801346
-1.656814781735260
-0.516994276526881
-1.396860217935622
-0.143329701707047
1.443413323863452
0.222924741098363
0.225273767561419
-0.059950924825589
0.319138937657478
-0.098821221334852
-0.132351477017349
-0.624905298114317
-0.767620989814960
-0.510240083776529
-0.544205367544842
1.090745641169361
0.860268052338646
0.918688516848574
2.369385432227040
1.614560615702537
1.499088882182946
-0.442668008513316
-0.666832966030452
-1.529204886535288
-1.836222757369868
-2.184448929397298
-2.289719855739218
-2.459696645460190
-0.917607369709512
-1.697089221690336
-1.465915216065614
-0.622341927439605
-0.694152903476324
-0.732420772652154
0.260769525843252
-1.002058012987259
-0.980455033947427
-1.053313543505359
-0.630738376891988
-1.109141104286143
-0.069163903481334
0.741738002623377
0.233002505877518
0.647263364463264
-0.585371869852891
-0.384550611736450
0.507399041282416
0.331954373513529
0.065341787107183
-0.071591147880598
0.218990816759967
0.536362658633051
-0.271052790683573
-0.070480684290877
0.446066896915067
-0.870863232686558
-0.624075665679291
-0.735995468937620
-0.275642927822080
-0.497157499844663
-1.051708406793156
-0.213439554144089
0.298352628699932
-0.857568354533863
-1.964761972402269
-1.012370835270444
0.088019444172849
-1.547456027914885
-1.169612454089530
-1.265300228215032
-1.651719748635598
-0.877495559966272
-0.465117211109755
-0.329809269136836
-0.207414547512373
-0.745765207665464
0.537829676254323
0.653147500487802
-0.629079963629629
-0.395189069046214
0.568975087496755
-0.587880930770787
0.100657525917286
-0.940666074885697
-0.506492955876240
0.320909306908265
-0.315434031392254
-0.655032287215150
-1.141220225379736
-0.674793285220700
0.947508504113952
0.505301995098721
-0.653385329876142
-1.416895806884896
-1.474947386436111
-0.058222926246462
-0.668693517963600
-0.277663271174613
-0.670170928051846
-1.891311550242374
-1.287931167229325
-0.832683597801001
-0.517023598773784
0.791710198751310
-0.042923027222597
-0.235773772652831
0.581500655738516
0.030563171721178
0.143780058303715
-0.944083166040320
-1.127867216973478
-0.208515418900472
-0.527438147146105
-0.386402647278226
0.200356402028137
1.173427419994850
0.615963968060006
0.344106537787261
1.422095071055807
1.645233551200110
0.763315344385125
0.006167719246266
-0.609925483269819
-2.010737838951175
-2.124076316507967
-1.929263016321963
-2.336772461934338
-1.591427608350001
-0.333705806724601
-0.522434120763178
-0.905198906467130
-1.196740494454303
-1.039439477465607
-0.853907941895880
-0.890095981135550
-1.364042070600793
-2.089496230947735
-1.960385542863236
-1.736712926804951
-1.136993705518662
-0.514380041533560
0.698335472010973
0.438336086902608
0.504960086470643
1.088451513983506
-0.141550134784893
-0.233824861832682
0.353979082178368
0.100584102833812
-0.187978425774649
-0.041758536395616
-0.047798376538073
0.174268637423790
0.234758867068672
0.005430416469964
0.548216581199690
0.236121429038469
-0.553820140471236
-0.545548771323002
-0.752168458261335
-1.542324219495200
-0.419866016606561
-0.704789535901094
-0.804773174341743
-1.835009731064488
-1.439439620017234
-0.712450709559140
-0.641137629054436
-1.147074862433447
-0.687046395864823
-0.152103710692594
-1.103833541727010
-1.348968490717477
-0.623260725147206
-0.577019671028591
-0.253864896990173
-0.074224324711301
-0.641837797145063
-0.875289422936791
-0.259887636590880
0.668137730821476
-0.649866382637269
-1.369830873180793
-0.730003903211579
0.364236600222499
0.249865198993170
-0.007090232303697
-0.424869971742934
0.227139235159999
-1.253690377762702
-1.134009281009256
-0.014914306969792
-0.832906155337243
-1.127336648611276
-1.233840720422990
-0.740264105986445
-0.120623523281076
-0.929720332806179
-0.840422990640146
-1.603827932710129
0.399325098945739
0.830420647860305
0.412373007837778
1.029495492431811
-0.523778942747350
0.181723470984438
-0.419373033601147
-0.187008902492106
1.157536006508593
-0.194222181126000
-1.538922599380984
-0.082438348756355
-0.589165403313163
0.314200040869901
0.350429686660490
-0.279564728691624
0.624544712904575
1.212319954905860
0.757527781000191
0.493256475390650
0.849046938527821
0.195591895594316
-0.934547784731575
-2.792793187223094
-2.266834004987511
-2.663153244020636
-1.347690048537390
-0.982859083005257
-0.913348112751261
0.243807278699952
-0.877719460792141
-0.297900169434353
-0.844548945011067
-1.855611076151702
-1.777168183412492
-1.827938170118942
-2.147272525670958
-1.271110504128031
-1.395758031525665
-0.979213327097479
-0.029038479352561
-0.086943602794843
1.140458112625747
1.070695780227449
1.406307520697399
1.922571422896462
0.539202662429829
-0.519098060209658
0.250489237388499
-0.237516745350065
-1.564549565819263
-1.324583711965403
-0.318295711794184
-0.881392223162101
0.415515452535029
1.718854415453154
0.113353513791138
-1.106564396615365
-0.689199590223275
-0.534555338920081
-1.276209743134573
-0.697837939864636
-1.107946672138162
-1.681140936702778
-0.908792094688699
-0.982576934889068
-1.456551160105830
-0.476043452091367
-1.734886372215582
-1.276902041546913
-1.142845999052687
-1.200876433654992
-0.465304992151163
-0.436939931588915
-0.251460840425418
-0.469867266604338
-1.527474678299602
-1.371924745774855
-0.723164797621969
0.268663245691105
0.300882327161074
-0.594249192934841
-0.774780527342940
0.692677691700514
0.201002301062698
-1.183012937577991
-0.423746819764372
-1.085147105843357
-0.678305336002572
-1.983543910903675
-2.020073216835111
-1.094554763117494
-0.824991222408244
-0.662835006736871
-1.024142223668225
-1.199830357488159
-0.535003907201277
-0.799519652237994
-0.397214808313909
-0.177135853164934
-0.152451225942424
0.285813095328100
-0.035158029353132
-0.538457940581453
0.224494105406564
0.752372520261218
0.022762163196034
0.225077888387046
-0.439413254864145
-0.465490201571941
0.775719553922336
-0.189249298258282
-1.350688922327483
-0.128670097370461
0.654960628925614
0.612966986321461
-0.229876705653373
1.288127459884216
1.247321768112661
0.033492101225300
0.379468725209481
0.468204164980552
-0.037880016751667
-1.638416052944494
-0.894251228215366
-1.742299960482167
-1.898223745853043
-2.301524509953257
-1.530355371520201
-0.655406801735148
-1.214939423726818
0.435511899316106
-0.730406754963184
-2.176312443651764
-1.375852878460857
-1.999535457372695
-1.807472434112897
-1.211385505246350
-0.662729750191066
-2.122317394880829
-0.444337091576137
0.103510377452246
0.285847905316443
-0.081167715887840
0.099191495464321
1.071668517188887
1.533381854991126
-0.028031913012001
-0.564189381885470
-0.923781469871044
-0.675948468211395
-0.701285686590965
-0.083017100579758
-0.415271378744910
-0.054363330350281
0.150275570336569
0.540663758358902
-1.063111419239079
-1.407909213793139
-1.046986392386086
-0.726050199522915
-1.421802918549455
-2.346208843389116
-1.763081050744967
-0.999882324114435
-0.177853042719267
-1.074696899712725
-0.377442345873928
-0.484170082989796
-1.175485481651021
-1.332902828072481
-1.157805146101320
-0.497091432579920
-0.726664385074462
-0.307785761330009
-1.027557697531773
0.083767037422413
-0.539273137601496
-0.013611541542742
0.346323560238188
-0.134824435085330
-0.046790962848222
0.509416507032280
-0.319661953024789
-0.502172345881130
-1.401989714768862
-2.014995647278183
-0.886054160484962
-1.601629862656754
-2.038367946448838
-2.870585912580417
-1.651740971418072
-1.846266755853524
-0.954973975328767
-0.766768312313972
-0.866348487739371
0.014234432920980
-0.109223509242792
-1.171743646917851
-0.987658796594093
-0.835499756581488
-0.468642855464037
-0.311335038964269
-0.535639118986407
-0.834084728363913
-0.103269094243230
-0.350024478612322
-0.243301546406925
-0.295781125859090
0.252655842242029
1.421755818544855
-0.289812247462601
-0.525987466939010
-0.052771973165627
-0.747721466134877
1.000437495266407
0.479932420047324
1.106075147179371
0.050565953638413
0.921393161232353
1.229796342108044
0.604070704488071
0.366687385023035
-0.654877097211678
-0.641167932565900
-1.371250274555183
-1.606463294754688
-2.019519036145513
-1.139294245463377
-0.672778867881885
-0.864657270951586
-1.138206314975846
-0.243306576043291
-1.768426934931662
-2.123907071642190
-1.569861580982248
-1.145801066049869
-0.696915513058550
-0.812240190758532
-1.293440069806371
-1.019563298972035
-1.003737364593992
-1.235477303390734
-0.997908819263859
-1.126007912971892
0.950867058385725
0.662873110563734
-0.359393777193517
-0.887160657336070
-1.831502834111206
-0.422526259096885
-0.349359965293225
-0.788709086270917
0.081747577116854
-0.567571651171870
-0.745588969395606
0.311561106047370
-0.834864465492213
-0.911258683336927
-1.721263579192261
-1.248968717749815
-0.987333185766390
-1.914627473853598
-2.163537251551389
-1.341366110119913
-0.643525304870968
-2.106306829468983
-2.178613395153817
-0.036198275281581
-1.237368253629758
-1.706809355157543
-1.211334610928118
-0.768717167187443
-0.598359523498011
0.157856863632481
-0.634671138462235
0.171871823595352
-0.159832298797742
0.164164449425161
0.344086075560640
-0.521824977174700
-0.048432939652516
-0.445941330912804
-0.406889855134293
-1.675814881504573
-2.389919148860536
-2.702004700620361
-2.395211458242238
-2.344176760704122
-2.430976462580174
-2.861425143549254
-2.615553161698325
-2.787983483724189
-1.518627595736460
-1.274652149023751
-1.338439640955966
-0.840174479831772
-1.318499663202680
-0.943175962978852
-1.719978210440526
-1.323583461698019
-0.364529822526080
-0.547919788232615
-0.566371434063456
-0.371348258087142
-0.728177728834052
-1.126333544698952
-1.244425329319105
-0.348593170092124
-0.054922864510019
1.244523019932708
0.362855746481757
0.709869169316837
-0.342378130915708
-0.771289351494163
-0.229931921242448
1.249837005141479
2.640739664485930
1.715040033922204
1.959983349374584
0.293129263743319
0.263386333910817
0.505685209371451
-0.038346381268830
-1.217032040701502
0.378406669911263
-0.741920484705264
-0.442168060225319
-0.592954967873080
-0.595841606564781
-0.852563954924685
-0.647693414751403
-1.415696009118651
-1.456681903649288
-2.097659812764178
-2.178378582408384
-1.148165571369155
-0.722547790785770
-1.889238466165953
-1.017913644734448
-1.241418179100541
-0.883462802961605
-2.159910937164252
-1.433448038718094
-1.598626519882596
-0.640810552798481
-1.018775144186503
-1.244040689451467
-1.498241125976350
-1.292221062792907
-1.353192758789908
-0.542325473081440
-0.893693064931696
0.706656941952285
0.213678225890919
-0.139409458603566
-0.582177834799700
-1.374184036569046
-1.819829993189222
-0.622072181820172
-0.923861899515386
-1.037402310373108
-0.042291474650530
-1.459380576735950
-0.501823033185998
-1.669463192230480
-1.373321950903325
-1.043343322121842
-0.267771738774489
-0.906786654626353
-2.356017096087791
-1.281249210923072
-1.086065318168218
-1.489575443944076
-0.881938665304434
-0.541806525342374
-1.068239178138106
-1.270934616934237
0.076127938184247
0.568364782405718
-0.039191751991512
0.403362891697410
0.117835807475121
-0.251434818760933
-0.874348498114097
-2.242572891796953
-1.565094626537093
-1.975253539759531
-2.439440652850025
-2.743201415562322
-1.978196836746566
-1.573505694224940
-1.708023040929416
-1.580188225375069
-1.222636904388628
-1.137884965209773
-1.207603954188940
-1.931835011776517
-1.379807619630069
-1.565110980521387
-0.986983818553575
-0.811989697199908
-0.510314545568004
-0.621468362028738
-0.153385101059040
-1.801328413884431
-1.630395777680409
-0.435431538480283
-0.513602769524621
-1.128936188765813
0.090624176083987
-0.388210525873596
-0.388878251211009
-0.531993764985986
-0.710665399264724
-0.535900966455824
1.223689316246699
1.560142975314023
1.539352006896144
1.581185854485816
0.362836864232082
1.152090961893226
0.828099928016370
0.701763019628245
-0.086820161582183
-0.442616413825666
0.051934132608144
0.141616858938364
-0.299761918545148
-1.299248453569370
-1.522256155620225
-2.071122510231807
-2.261585651806976
-2.599200370597616
-2.176044027460150
-2.423055944660973
-2.526789360556482
-1.472540253812583
-2.447580963863619
-1.866075096348885
-1.922474167114608
-2.274091205436771
-2.500463434219380
-1.537045129391867
-2.015297395105821
-0.916820471473699
-1.639309242100131
-1.325588122410930
-0.961563087344894
-0.630911012630747
-1.285059063231443
-1.355305030887937
-1.660491211301714
-0.087924161585120
1.215090351810558
0.084086469819287
-0.975447054501860
-1.913486146623655
-1.461835327778292
-0.383943068283620
-0.581651363695575
-0.912700916264766
-1.582424600218524
-0.280934344687926
0.070847408797693
-0.915373764113102
-0.826328627468341
-0.362466034623838
-0.633957792720681
0.006383710877225
-1.320218159608549
-0.745710744596501
-1.507604497724205
-0.248833191136382
-0.995308407011134
-0.876854579907196
-0.485605597228252
-0.475723199479558
0.417056124690416
0.554985937907248
0.042865075000141
-0.014460579353785
-0.999375518198448
-0.288048931031077
-1.259445438584404
-2.091310210574970
-1.258410299131198
-2.868680608293761
-2.191347368239365
-2.610788696884145
-1.117559098736934
-1.059669881755424
-1.107677054203396
-1.359554383909934
-0.727143193013177
-0.471348755531195
-1.035651205780510
-0.926798904196384
-1.213472222703325
-2.085554780715257
-1.087657162242126
0.483783668481273
-0.050259648105535
-0.723296033752037
-0.551801879080275
-1.040449937576431
-1.332804605863005
-0.885307361254251
0.084324849894177
-0.731356642325856
-0.562079442331339
-1.248246416953670
-0.800281121389647
-0.600984333629681
-0.596824112449987
0.375547881811834
0.142123985519637
0.224297745123028
1.118988909092064
1.523207114945376
0.922412549646557
0.804479342859964
0.525172398559938
0.035028348597681
0.464727928063792
0.109893976240064
0.330410440828242
0.273787456356383
-0.818538096135728
-1.111759697717082
-1.052395275561854
-1.451515977413434
-1.162761382812674
-2.177312967368048
-3.068255519626613
-3.233081849072121
-2.426815457687801
-2.005147410458216
-1.757087491890918
-1.108885480273434
-1.086922274379931
-2.040255881018570
-2.669778896525748
-2.298475940413025
-1.488589687053842
-1.496804582450718
-2.095303967204311
-1.919455220117473
-1.220419686078890
-1.330047570513612
-1.231957604707538
-1.543770935666031
-0.842062491779581
-0.181926818897097
-0.553909418328881
-1.005522769264792
-1.855871302641921
-1.747898854995450
-1.585839328822610
-0.165397080165479
0.424900733250717
-1.893388369012080
-1.964185593515490
-1.582000690429084
-0.276954675993452
0.164508214045423
0.155021499835117
-0.482558947071498
-0.702646965219127
-0.292655208435517
-1.202266202678477
-1.033068828351418
-0.454280466736125
0.168398212485816
-0.716330511371327
-0.793581749361037
-2.049069130944880
-1.011529117987688
-0.519211032079925
-0.519739254246164
-0.537946354736998
-0.859021940743258
-0.207944028691887
0.325933465611570
-1.611159885101455
-2.687531319250645
-1.791748108114891
-2.222919212589802
-2.404905843301786
-1.920534118932477
-1.105144313714868
-1.889239557868741
-2.403705427649204
-1.323596621867871
-0.508765697481980
-0.474499147288232
-0.778668383767753
-1.105398471570312
-0.160465560144615
-0.200923933281753
-0.448820485741753
0.253892925159793
0.223687624431168
-1.053876267634583
-0.530734409526540
-0.261674272291615
-1.151761767290508
-1.254043289835202
-0.620369306528626
-0.852838512812451
-0.237046248396105
-0.145552273934561
-0.711595304546367
0.194820187491528
0.596897969297267
0.854812882667527
0.304904674624369
0.808165607314286
0.664627534586281
0.899411337056728
0.829054743915111
-0.126912641291459
0.926906758941945
1.092777443324404
0.769628021260551
0.645496906147863
0.626075573765899
-0.185293960522300
-0.732293383357181
-1.009943728744491
-1.814872539681752
-1.491745829014395
-1.384445227389833
-1.717336667511467
-1.839077924890759
-2.477256688038437
-2.069485295284727
-2.092386329885726
-1.615225584476636
-1.413042173550959
-1.598933651348562
-2.385853448559641
-2.504149697686905
-2.326339987902164
-3.035503109057555
-2.306057152893621
-2.104779737527488
-1.591167724956040
-1.222314761076731
-1.030025657946650
-2.318771627542098
-2.653328392727689
-1.707440375242034
-0.810324031773137
-1.962803247260369
-1.057379324584782
-1.279863821340018
-0.877145154907036
-0.917145268436680
-0.501121769305950
-0.244508873693567
-0.971764273994432
-1.853271187580282
-0.876060997157727
0.230028406462516
1.180632549365455
0.827627404729563
-0.441330086920464
-0.416154307225638
-0.035753632204206
-1.376513903747570
-2.384001528868468
-0.501037794803879
-0.105948307996375
-0.913252110348235
-0.654246499961317
-1.253263642718497
-0.696817628354069
-0.708688927077167
-1.436091893114563
-1.434838664907335
-1.141791315471929
-0.756407639982054
-0.054407740887050
-0.719753240465017
-1.344878701509145
-1.646367196033501
-2.026158158405201
-0.861862339541433
-0.225023091909092
-0.527120432083837
-1.276301712543204
-0.846977213431734
-1.139307929859361
-0.546660676068777
-0.832927880075089
-0.631866196993175
-1.495439249694363
-1.477552647021804
-1.389884011340399
-0.734421013276124
-0.106254897415495
-0.227901290024667
-0.257699060907858
-0.994360334343689
-1.313071184822272
-2.165875428234340
-1.136692535818979
-1.554486764397441
-1.754215339755225
-0.999358532959927
-0.668756929192656
0.663833375478279
0.164499015799490
0.891650484246606
0.293408444728555
0.873533128165208
0.896970244542526
0.265459240528600
0.333793919231346
0.022044196733930
0.243373689143731
0.469921015959627
1.065032506352889
-0.360330940861268
-0.283023171909788
0.572661098653996
-1.055596838691695
0.277092991718846
-0.454327832112123
-1.358585959067683
-0.984105951875160
-1.154184419606576
-1.381112553053891
-1.280311560554336
-1.580570165700651
-1.244378349901494
-1.195823534769098
-1.056342768840237
-1.634333392754448
-1.534079933895184
-1.891677425392557
-2.536038565122680
-1.927424628314105
-2.576612113260651
-4.101310212183366
-3.019588716164493
-1.574751291288635
-1.384847865228277
-0.790856960725238
-2.071533047446783
-1.802261386426414
-1.347569483945790
-0.664464165649669
-0.629321478575756
-0.417168790762578
-1.130308944982605
-0.788683403420008
-0.586754648695088
0.111646862751790
0.254867258982690
-0.191138777717129
-0.964926569835070
-0.585959147478419
-0.089586032761567
-0.156612618891218
0.197151619050625
-1.242583823266733
-1.004435391278849
-1.813182288227216
-1.108894641870070
-0.836979246234823
0.290604952140771
0.278891607561645
0.094734790057331
-0.066403166657953
-0.662046541179107
-0.601241030446733
0.253379397870637
-0.392506912959579
-0.873318781662804
-1.244984322741709
-1.139667011877028
-0.736133709021292
-0.398975034780237
-1.454780218801380
-1.581076589394573
-1.958254145671877
-0.342372895404679
0.671799725426133
-0.502413460283657
-1.807298278542971
-1.455276357723185
-1.793520947636204
-0.268547524150275
-0.397730853427898
-1.422826091891868
-0.898068787934966
-1.682384376889436
-0.834275049785564
-0.173923768596880
-0.484255678198455
0.934895133071933
0.546233691405477
-1.723741584905360
-1.455468031906385
-1.544433734724448
-1.523354887087079
-1.645911085233319
-1.960757303987850
-1.143107641121973
-0.343121178859549
0.491956539853129
0.807975870447102
1.078156841388840
0.945673971731515
1.367778416245960
0.620883727555139
1.118674600939556
1.731762874796807
0.608117507593183
0.921874631106054
0.708132109445215
0.543130084944675
0.007630763946207
-0.090015152016984
0.172077062755234
0.666939811606119
-0.005089719456270
-0.197495628682161
-0.391669172368422
0.214818746937699
-0.141573917550568
-0.588774795779273
-1.173448773452193
-0.511654719375248
-0.457059503199528
-1.895940403543691
-1.450111189184203
-1.386222977046635
-0.157854832093607
-0.935428181843765
-1.630679203521129
-2.063365295429950
-2.014252598424420
-2.565795305679575
-2.228544785887975
-1.591326780729587
-1.575862826641251
-1.256724983063692
-1.244928383224171
-1.076908420765670
-0.177037820457759
0.136276895445323
-1.683490727749989
-0.989482067941062
-0.611979751338818
-0.071101941127431
0.272331437827593
0.488998425387579
1.195395112913361
1.180270222476957
-0.149884597014918
0.079717591482236
-0.794702691252574
-0.650310650974975
0.681612037400939
0.354137002774011
-0.514648937883249
-1.458230315705460
-0.902183427332720
-0.475722389222292
0.437505937038964
0.260480403136261
0.296112840661378
-0.764660737011054
-0.463009984280814
-1.105734489450502
0.094648364685434
-0.508525421069846
-1.910212692594998
-2.656842580901483
-1.764827829681904
-1.728838836991295
-1.725186940183925
-1.735645515102560
-1.823319880365227
-2.148340710618961
-1.147201468166106
-0.436736309232099
-1.593998579456288
-1.840235150422329
-1.922693472135912
-0.920086651186812
0.085919990418138
-0.179447739373934
-1.430378632698643
-0.182088890216550
-1.259756101702804
-1.105608515725073
-0.251002254660443
0.004127476155232
0.201863840112327
-0.477180596902003
-1.873971576315733
-1.421546608339898
-1.166750996131470
-0.567371598567941
-1.130062327745515
-1.120853834203104
-1.316068802088839
-0.664021857112554
-0.154452314048102
0.180980132306537
1.349301902289741
1.106148068264187
1.690861871150845
0.140953257915443
0.219235286814254
1.335251713189881
1.503777213923868
2.020242828920503
1.200039977817516
1.469142869281982
1.128678061801657
0.884603966110329
0.812114995388987
0.134672264214290
0.032330532792932
0.717661031137012
-0.129712636820020
-0.725222946125361
-0.473428876536573
-1.037167964062024
-0.778762224403069
-0.399389308326809
-0.735723026071209
-1.139009694629378
-1.093764932668580
-1.406392266285372
-1.067345510150351
-0.896035327269389
-1.155119239267437
-1.536157315944345
-2.233933184649148
-3.650115989325574
-2.573344002741086
-2.473338892427938
-1.855131542626000
-1.735478213778328
-0.637447970661701
0.598721572390270
0.334415544404372
0.387056090626061
-0.843621401405832
-0.440716378004990
0.510250259872429
1.507323144916759
0.253312842705734
0.935157189459468
0.218355654652886
1.053472591538796
0.114230428808031
0.141745389040912
-1.050819016877665
-1.097293009062081
0.158529790432695
0.065109083024112
-1.057822638249090
-0.667384579033418
-1.009911173598467
-0.153658375790478
0.048456521804844
-0.225752764289267
-0.242204401549854
-0.721118621333614
-1.262953441388679
-1.193795641022523
-0.428245554853071
-0.069599608064524
0.003004881048972
-1.703502275396584
-2.582575902261586
-1.694087048150188
-1.865953799791683
-2.234343985083064
-1.921091753651543
-0.892998467829984
-0.714479823187003
-1.365690771585053
-2.023255173832332
-2.187966557882124
-1.936665026195645
-1.529581013581435
-1.301764869613034
-0.062597751946321
-0.545539735991155
-0.362739426717056
-0.596399142368482
0.197521335059880
0.372861018741295
0.752683928683651
-0.761509142172828
-2.251126202332973
-1.366971068046879
-2.082217114887349
-1.997155193664700
-1.477813371993222
-0.520174081164004
-0.569024728521005
-1.400710789031148
-0.434529297306004
-0.104551245931940
0.913714577183492
1.030392576651632
1.329684786604527
1.051783202345902
0.142345723937262
1.923407385732783
1.986831687615525
0.822560199306750
1.505327835846052
1.702842804806640
1.551807389371131
1.206878417098616
1.375965724195753
0.421656254102273
0.101804766322940
0.279057163793103
-0.297194769014798
0.542446396224146
-0.445854229554863
-0.548956643313755
-0.244315790049653
-0.321458857733474
-0.933368215607281
-0.392166097251889
-1.200782902639937
-0.868856493482541
-1.857269072578391
-1.446956564012188
-2.182171803203744
-2.376633503925884
-1.761727923340902
-2.331264600472103
-2.673461467203066
-2.345138123121514
-1.227999695605870
-1.529808641187725
-1.922593019186430
-1.033655946613118
-0.051783725474857
-0.265487416702682
-0.024233591954030
-0.940256650894779
-0.565341311682784
1.372659599857095
1.428627894303771
0.139610578555274
-0.322321742622776
0.508030615404766
0.769803969004293
0.417074692492967
-0.089237250978205
-0.273802769770298
-0.055378547600295
-0.512589312338123
-0.350279379793907
-0.802882886769283
-0.335526830960451
-0.439496151461929
-0.055150883836543
-0.335671566012432
-0.286823658095123
-0.703503851672394
-0.777506226853585
-0.951106825813134
-0.637084864168220
-0.026654543108884
-0.664391850708416
-1.539673718954812
-1.628554144048308
-2.319066674079473
-1.275839557227558
-1.936275076622044
-1.996158866921154
-1.527625643268659
-1.492561890831064
-1.452412790256272
-0.579502845931581
-1.720540793300946
-1.727580820497119
-2.608586914477649
-2.315136121050891
-1.022636960898898
-1.238897056067846
-1.102314571035445
-0.443424419435717
0.408932750489945
0.299174514411201
0.019237514177294
0.679612008763171
0.198799929599883
-0.577939517280968
-1.233057614805105
-1.505473064193670
-1.522516505788879
-1.681284297780405
-0.209247865644562
-0.344638129340865
-1.013750642055504
-0.357604038363073
1.006827193234248
2.360703047173425
2.483585085696325
1.111671529569602
1.224201481730260
1.263010757158884
1.995044520137635
1.218773951778554
0.472498578999981
1.842438363629599
2.083172155664339
2.020205101027452
1.688819650621187
1.233050274159713
0.100095292692251
0.334773990682613
-0.120409782111741
0.164687894714701
0.725544709018845
-0.676588333089439
-1.327750191941749
-0.538008491156556
-0.708348058230356
-0.526942195984268
-1.136977113133669
-1.171238368844958
-1.425031142778142
-1.024539906455863
-1.183286591353482
-2.754811934405164
-1.694550353187035
-0.245670366202453
-1.243888644464607
-2.020287525137948
-2.013300869483206
-0.661647320814933
-0.647042819084546
-0.997145961432774
-0.782847022743083
-0.592293774928550
0.178261644790057
-0.447192598227227
-1.032398867798052
0.305960822553295
0.810571650679759
0.850562749453984
-0.202096898044993
-0.084565647488823
-0.009369023463008
1.423227341082553
0.466488660492643
0.106521551114392
0.283795370337047
0.397768229440172
0.368099370066849
0.997352620793680
-0.120784165014318
0.277098412609430
0.017489716306513
0.204712947505341
0.238954181328696
-1.129280418214792
-0.250895671157281
0.084961806056543
-0.433833034849788
0.123767312301610
-0.736253690056888
-1.183990090550505
-0.514522283044068
-0.938558848981122
-1.252818860543893
-1.599026587822458
-1.242845384742900
-1.865448541999637
-1.510174264658547
-0.162524325527746
-0.782555830783849
-0.904946518858067
-0.894823788244027
-0.711773694373422
-1.024653068302526
-0.645148820473926
-0.093910812760156
-0.034869447225390
-1.198734596632908
-0.884613493060282
-0.215016873618024
-0.306983499998835
-0.103909080417106
0.926142125834753
0.886571988886331
-0.781810432190940
-0.096149233835375
-0.727443131115000
-1.317767715501186
-1.130069564771379
-0.358672071438593
-0.614648699848173
-0.384015960994720
-0.045676104672312
1.193658539130946
1.853691161334963
1.238445082898419
0.707949351398460
1.621994860102850
1.858566868608279
1.716918373647633
1.634146816994049
0.287089071084931
1.786192821035390
2.262006355458740
1.781357531077114
1.053891355950981
0.379772316339798
-0.188570757073601
-0.603607431016303
-0.420594637894801
0.077903267240692
-0.005544719729652
-0.799409010672555
-1.441526360743637
-1.101414563152354
-0.504328583628859
-0.648152249617862
-0.558713308271170
-1.192638005914018
-2.092826499039124
-1.595400823399067
-1.969239128417756
-1.872855901584916
-0.954339619184699
-0.518546647567276
-0.065090043751317
-0.910440967938601
-2.801851912612176
-1.777012457491620
-1.092980167035863
-0.898996986648817
-1.066775668987446
-0.572143604388785
-0.139562722076094
-0.061229012617542
-1.222702550739375
0.249152481919328
-0.444131174133811
-0.828874981799882
0.074232626235093
-0.050874179661835
-0.587195285956743
0.494614809485927
-0.115795590326051
-0.876082703959147
1.306201924964513
1.202499497393358
0.344579668683865
0.821305413918919
0.109522247837867
-1.025973237400201
0.939785778052970
0.137237869341590
-0.157191837555865
-0.233552666040314
-0.893008167111713
-0.252660846493865
-0.325497491495876
-0.023357935462344
-0.176889975196788
-0.531071189970242
0.043631581810012
-0.254343437246943
-0.558096494570049
-0.602373642639819
-0.619614905190453
-1.296489603652956
-1.296438248075244
-1.080662244144135
-0.519472613973736
-0.608011510091434
-1.059352710264314
-0.737245732699085
-1.109151787192367
0.152109702364599
-0.139101384868855
-1.170836724308374
-2.115697240098065
-0.668757800396151
-0.004708551667141
0.251344256770854
-0.922128425567327
-0.625979399272909
-0.675734464802491
-1.226369307911527
-0.024454989040614
-0.135059121282502
-1.563452835730524
-0.965770624556883
-1.552396865017745
-0.431295932200108
0.553713642712570
0.459854497311403
1.445635592075010
1.857370211610538
0.924210716659347
0.334639204534588
1.588554183417485
1.719165169113620
1.703476935493077
1.201171644847862
0.071429109339270
0.531391680798820
1.853963504078913
2.039884365769184
1.339443185587653
1.203091371232434
0.128154778931364
0.138784460385226
0.681739361693592
0.484475619013558
0.390836910573728
1.041958392754325
0.374846736839447
-1.126529761821330
-0.453385517532100
-1.073845941369085
-1.096830780474241
-1.990819500116628
-1.994921046620386
-2.182319771313203
-0.466267704597766
-1.123216952529699
-2.010706258848700
-2.397906266095327
-1.470894086960264
-1.502502836840354
-2.553005701096235
-2.009675910290867
-1.315348123917616
-1.243746189734676
-1.563327418150019
-1.579769970768874
-0.675402281212802
-0.421709362759841
-0.576207396402393
-0.377627670676270
-0.924388042966486
-1.547056042955289
-0.823935672061418
-1.455285993232610
-0.537275759868744
-0.509539921550156
-0.675918120002867
-0.462136899148155
0.759642273575531
0.503381640588998
0.084555785988073
0.750920280994604
0.663227222601560
-0.715485486709802
0.963209871665779
0.330517142251679
0.360394016020754
1.315952075359027
-0.509744331806212
-0.613636117870381
0.861997905006040
0.097470681192151
-0.105762079713985
0.101141261612766
0.641642213261583
0.149659129985545
-0.229020912331975
0.051777169026404
-0.588422145117804
-1.283126612204042
0.209467093269473
1.180400926204633
-0.534085892341184
-0.120809052739257
-1.801541888249927
-1.950217605561466
-1.036995113883556
-0.123837227514097
-0.268046052296770
-0.863535966956410
-1.071265054722081
-0.569034227398069
0.464735983398916
0.328971555608760
0.021015818510396
-0.705156166591078
-0.689560209074888
-0.684936545937869
-1.220942795037450
-1.072928628881439
-1.365530572544532
-1.410884049420438
-1.159140164605777
-0.746275676053364
-1.249689761365200
1.403978477851819
0.747803502772580
0.795207317174035
0.262544410161539
0.372345196361695
1.095305813534954
2.000347458067233
1.900309058266814
1.598411008668855
1.491373007994814
0.602880477587923
1.791919551371616
1.542108607264881
0.992082537337024
0.232217539614272
0.137166622844145
0.627534048222549
0.142131067577333
0.081815605059637
-0.164754324653551
1.238304604181979
-0.355863364029834
-0.988721617331973
-0.844910706980223
-1.292457009258057
-1.672134929732754
-1.805021174080637
-1.784970825470843
-0.659281273007666
-0.375467620826750
-0.863178645334369
-1.419190632288463
-1.122798467741138
-0.371739110339598
-1.132987239863527
-1.639070107415125
-2.058444935121594
-1.008430808682593
-1.629958322752344
-0.990300924633564
-0.503408737391174
-1.084975758094380
-0.690549252938981
-0.853441224744702
-0.754788428034746
-0.368005444492364
-0.065076891029981
-0.117066736803013
-0.763682781452836
-1.502686393140111
0.044130115531455
-0.488923441633992
0.750801105396147
1.243332242196929
0.440764608647526
0.408472154187768
0.331088955718913
-0.051857493859231
-0.044540498606207
0.036691822764665
0.642133561510770
0.961009631205171
0.488092913248699
-0.857537101518873
0.206689196502576
-0.194428376971780
-0.724197362660523
0.044530491033018
0.373858576190993
0.801179549520410
1.120824691974016
0.705232060319548
0.705936193800856
0.186309524082023
-0.939593755648152
0.125310740672734
0.664096386864870
-0.326946358036655
-2.409225951679012
-1.632125583781373
-1.371420976710636
-0.563896166073991
-0.579453252045078
-0.568645414239547
-0.043765269596456
-0.160414380768821
0.254602932277733
0.830844604669253
1.015135963836695
0.199097987574779
-0.817440700038599
-0.818420166373594
-1.716850025353756
-0.923240092154795
-1.226221471363482
-1.824671732159148
-0.780298943291136
-0.660420454042979
-0.567159992842287
-0.334941997210141
0.368994864037658
0.756404971925097
0.395558137850494
0.512830857913591
0.694003438318708
1.049722921304311
0.957202204422537
1.789778022323962
2.463678576981657
0.874499927399908
0.877519337489350
1.649705330435560
0.600066853039938
0.034240853329380
0.672100003146145
0.055056543299434
0.303867411252289
1.060368187376942
1.154941630881770
0.866623915315360
0.419210355092400
0.087521233608475
-0.787394276056930
-0.860753479214107
-1.270364837262635
-1.225037356765400
-1.900196377372039
-2.393706631452044
-0.819146253690816
-0.942970814947071
0.449229810659837
0.126749536573345
-0.218767974568010
-0.343744080865510
-0.692165619411016
-0.688617969075767
-0.814606215880650
-0.177939231548139
-1.247757754007916
-0.511832120097722
-0.205636962166024
-0.910236119206199
-0.710777129110839
0.146353649353030
0.492931874452730
1.094168336647084
-0.042729073914792
0.653829519266685
-0.478314265574101
-0.216243500362250
0.991081115929388
0.555477186220735
0.874939010775184
0.854623496328194
0.614728544925222
0.293524955295199
0.029321883774793
0.617532583225134
-0.241830349038804
1.090357619232018
2.151227794082883
1.534359195707442
1.516896842002345
-0.056363381741191
-0.197382084964026
-0.628978647488713
0.015257906119030
-0.225738716127685
-0.807245227171537
0.208857396952779
1.410899419199344
0.572541291783021
0.610264538897667
-0.009591155356557
-1.477132819358947
-0.343524199527762
0.217188546098744
-0.513324250219852
-1.118823531479850
-1.464118312598599
-1.451901948126312
-1.188969522029243
-1.052543356159926
-0.429821996386665
-0.233823600835738
-0.617428766003590
-0.197697078299326
0.345014986404180
0.386605940299194
0.141904105043085
-0.689113175324384
-1.482415139742841
-1.611326193821019
-0.507071328131283
0.362718697313922
-1.057948408170124
0.403044693656009
0.066621738602688
0.510214945415628
0.519607996847139
0.638624159147052
0.856729931115064
1.498534991522131
0.259748538739274
-0.050970457346090
1.248751677205252
0.383458273976086
0.460973385903383
0.956934556244679
0.487684483229599
1.419382776560933
1.736276204785389
0.680554630090136
-0.269630225483470
-0.352931566395117
0.814519356793685
1.539535790333519
1.892226825169866
0.412229103878004
0.817983198818481
0.652245730779433
-0.280620132726351
-0.801413153459283
-1.052487210974597
-0.922402208844624
-1.087436396948435
-0.412892398867960
-1.341754699944249
-1.622704076816057
-0.529272198228526
0.300798466706389
-0.173297257958657
-0.743912518752530
-0.840944634106456
-1.093026103153599
-0.357516453054107
-0.293553369836382
-0.428063061456325
-1.353489107661636
-1.489134338644610
-0.907945304457935
0.699021418132319
-0.660313203776925
0.578854902930730
0.846482086612859
0.179932322113491
-1.051941206384305
-0.514850517436127
-0.852984272230252
0.630691147441731
0.991129130825498
0.280260171484588
0.507725315093342
0.275413777358655
0.851242913234233
0.168107727841335
0.917314745434375
0.239607828714304
-0.569437136212005
1.008014351391159
2.362190151478376
2.386609497009650
2.287957113049163
0.313433074235851
0.114480214324732
0.062952161009758
0.120891622185729
0.504871702369653
-0.029374875778574
0.777898613591443
1.036722404900760
1.105302645048417
0.408816988019217
-0.019277771667734
-0.096300297038728
-0.529035674100106
-0.760847989807340
-0.656198098940627
-0.889180957080342
-2.236492628771920
-0.452638777138174
-1.317041318084009
-0.604351155111023
0.678714691316871
0.331411263916724
0.239956411591241
0.258945753554795
1.127423276901726
0.631589767847008
0.080245955671531
-0.835629908050159
-0.053061307952386
0.094015053862664
0.440910751341424
1.231486519586167
0.090395553556550
0.250522745356670
1.373670607324137
0.596710006928629
-0.547378369925488
-0.005649120163024
0.667578744948321
1.390406416787864
0.260217569208430
0.166396790767140
0.429085539668709
0.114668472294639
0.556461522169284
0.619531993403626
-0.018278407530853
1.046432296150998
0.401084310716337
-0.764084061155257
-0.498247145996195
-0.501827493648031
-0.055044576978529
0.798829916470902
0.737756495467270
0.259101421140584
-0.415690653921818
-1.311303139786793
-1.523910899453360
1.008970469734592
-0.052082743255675
-0.057076313783379
0.184769926510367
0.831549147216763
-0.094541944591162
-0.647156527527238
-0.460322227302325
0.659147052330107
0.714402470207544
-0.624067339801960
0.297686841996947
-0.304403119419699
0.563430391173248
-0.231108795115697
-0.912588756775668
-0.820026649709918
-0.045708969154703
-0.013227231311177
0.677601004410444
0.601803854354835
-0.257904451364542
0.331951571555171
0.275519357132820
-0.592773529535647
-1.502984946744089
-0.657713211932498
1.059113698770541
1.155418280481036
1.107947370262018
0.269780136188024
0.323132001614355
0.672682692404712
0.374551112226515
0.561681355481683
0.811787355387051
0.508876140936217
1.478088555102309
1.589714785849873
2.200848798870228
1.036367353717789
1.203317142131591
0.453746745863037
0.816867355461453
1.038042535672676
0.374306990976687
0.701327271745457
0.933899502425374
0.841642460350810
-0.348882440958698
0.274004994139151
0.381311686395651
0.126986643970987
-0.105493708826033
-0.967524881596323
-0.967517748874137
-1.537837116717784
-0.782573779710555
-0.395882007884289
-0.130779321562160
1.036735136642912
1.622989782845492
0.507337246054878
-0.327009540320182
-1.113455168319232
-0.511313121174444
0.230629800241983
0.300872091781830
-1.543415215099436
-0.004687142170626
-0.309226971529977
0.164572884349620
0.640511382471984
-0.067342358416276
0.601748768103654
0.403304875297980
-0.473491166954377
-0.549118874341847
-1.186498291484999
-0.235968304201090
0.490454167137774
-0.033530990696719
-0.373716992020454
0.905994850024139
0.684605798649073
1.330321604933151
1.245017144341224
-0.430503579728767
-0.021749976542813
0.529777929363797
-0.749377602183322
-0.926615905962714
0.008610030266145
-0.404351643916973
-0.040264014853283
-0.326006311004509
-0.322748660794757
-0.602263656726093
-0.386988710366767
-0.078295828785142
-0.121408083704441
-0.669319303099152
-0.637841643116201
-0.049834150120252
0.060940083780086
0.704018581405746
0.469904545975369
-0.165353371252909
-0.501140775648653
0.365296342459397
-0.424252920078841
-0.234079359927477
0.557522911426310
0.615800288181931
0.347958332214092
-0.074946718754915
0.396992743890456
0.482889154558406
0.542645905980523
0.316960993954134
-0.315628553081283
-0.548923190123490
-0.444880911595197
-0.215808982403950
-0.935607029224208
-0.103806408920549
0.696305863363227
0.559814474423547
0.405077736850399
0.909608472986645
-0.002394608113606
-0.262853729635665
-0.263292548919816
0.039447215958268
0.694421514900440
0.878339845030931
0.340846213195613
0.048050122781290
0.756097661402694
1.069278962033424
0.627613336601741
1.227672300502740
2.061018807430461
1.376770392021591
1.877582593722132
0.313340377802853
0.362342340706279
-0.333379821287890
0.124292858681953
-0.772556061384962
-0.739813504307034
-0.037415339122222
0.950939459862267
0.671469185850809
0.099650954240509
-0.853685264691124
-1.245774017326956
-1.365563198935769
-0.611890002445748
-0.268659414791268
0.931922240550397
1.444593594188105
0.389234064677837
-0.579211642252065
-0.987341993816266
-0.354023970750608
-0.442083332759049
-0.488137450112161
-0.291345921973550
0.131071408157677
0.444423489540632
-0.390862641456582
-0.137441136163731
0.781031129959478
0.547063685726292
0.435175957002598
-0.297634426507568
-0.183874708204916
-0.907262882824173
0.087471824639381
-0.633027440251373
0.135854539815736
0.452022100062709
-0.160644535826292
-0.524264655240662
0.670004048916542
0.015311289520060
0.054637608797880
-0.275501942228994
-0.283981413427188
-0.526789137030698
-1.167394256523204
-0.199136158375638
-0.133847306207824
0.184419344395047
-0.835777916817965
-1.299696971396039
-1.000903066877856
0.757129023851923
0.204389831114313
-0.684462489673883
-0.126595533051170
-0.424483377418693
-0.205001644821246
0.563649598849471
-0.311768111816287
0.038453718387506
0.369136436087140
-0.678225308149397
-0.701114766321685
0.118005490891232
-0.044693624029200
-0.417104452035874
0.844245789405897
1.012815845092522
-0.424418411177964
0.284397406928271
-0.504512591958482
0.153763949800650
0.481957876188034
0.412091356455920
0.523814432896744
0.246336684870825
-0.583064240167681
-0.885636766908265
-0.358913529910736
0.054302068091318
-0.036863860290759
0.397276274197650
-0.159430517156875
0.276239489218602
-0.271310870937912
-1.136466632032332
0.291847285748516
1.893859445402752
1.943238638562680
1.555363398646181
1.210584768881711
0.364508096221321
2.243279503024763
1.176608154880521
1.138691543608617
2.301924854133834
2.201316714774954
0.998645441789634
0.199973039840904
0.759374257958399
0.598397667350532
0.619168463334666
-0.271516791515709
-0.388702310659515
-0.166314217409468
1.251261870312031
0.731233709212098
0.901596089233843
-0.172249637029226
-0.910057005600412
-0.034628808986215
0.204186089363102
0.176795144977062
0.670611141242642
0.657416604844225
0.039562941128769
-0.393286264131055
-0.379798252928433
-0.960162037921305
-1.021502535879109
-0.557804973368952
-0.002413563777678
0.039658203157891
-0.115337401976058
-1.165513252105053
-0.482099939607132
0.753722187799466
-0.005071847818195
-0.620609765842915
-0.820420459375690
0.311517657607665
-0.878673823904068
-0.674491291283777
-0.870778776546489
-1.065945370201534
-1.337724550272082
-1.860339826448837
-0.187381255883306
0.131960655915975
0.193967619852283
-0.365955532867439
0.451103492835453
-0.232416976471785
-0.679530901904148
0.029722548097463
-0.203084366982400
1.095127904601135
1.177053717264870
0.437323637954708
-0.858429187524682
-0.164312440424157
0.325193940591351
0.611127113597544
-0.164154667151905
-0.014562747903740
0.233379637877878
0.176136573889761
0.014306164196976
-1.255608608173427
-1.460773662623914
-0.441001294886352
-0.841919529815831
-0.068865870102723
-1.211366422634062
0.706264389720607
0.207461485867070
0.431124497052650
-0.627257065016492
-0.491754210757821
-1.105709967358467
-0.082936259736695
0.479173150416996
0.500168166910017
0.440651223884905
-0.562541187741479
0.644109903128596
-0.719667765216421
-0.343474432435796
0.165068461421055
-0.398744513877569
-0.596733251832241
-0.203091713610701
-1.240336080229275
-0.334540145786844
-0.895468837369896
-1.417925863472196
0.084607631220169
1.201411432283943
1.244114888853426
1.194558645469447
1.089451554899963
0.624252144802080
1.278243467922020
0.871518922848106
0.578693883065146
2.404260195041695
1.647095691799277
0.671643145783286
0.704201584764244
0.119161739057417
0.729682698584680
1.824702546619414
1.739783013369333
2.035845227085277
0.766573887521945
0.561709118051393
1.071677462061867
0.132589185636415
-0.043532308774877
-0.325216987535839
1.611742337206401
1.664566739887390
0.020482583865133
-0.432392171713266
-1.069351268939436
-1.768830747409343
-1.029936396931756
-0.682399230067888
0.167271344417980
0.028271043922495
-0.519675688404663
-0.428650742134320
0.508463576827502
-0.163003570685676
-1.040358353746573
-0.320418014544739
0.370593635000119
0.169378320277284
-0.957188221365588
-0.173605792380661
-0.453054250316497
-0.670028414323605
-1.042015948497010
-0.780234206513893
-1.177124959072892
-1.038838438367570
-2.184343163135766
-1.440031647499785
-1.120547078884701
0.019472071009916
0.199025145745834
0.673878324456475
0.248601404406945
0.337240552274422
0.467100276780383
0.598589726664254
0.594656086513689
0.582791582648177
0.099444158636528
-0.651583542329164
-0.122976589729925
0.605455602699393
0.972023930907268
1.134489348252728
0.979553123483186
0.372128538160868
-0.092647183166870
-0.784205427468535
-0.385774178075487
0.360226387445835
-0.269373318347944
-0.562487050153298
-1.069564450531056
-0.566297426838049
-0.230802181700934
0.356877796074909
0.144130936596973
0.002485697081495
-0.891573019563169
-1.792475074984322
0.064528572013844
0.744949293458176
0.836117236987643
-0.139407141423425
-0.893245189047576
-0.034954630231119
-0.656372505073510
-0.257090446441865
-0.492968428685642
-0.377504386094272
-1.029404191482771
-1.100337725678478
-1.343657919330584
-0.170026730782405
0.288586070801034
-0.236842775560963
0.461546001798532
1.121383040245709
1.854761677900796
0.924247519394844
1.800859324897351
2.586715471994379
1.807706971340822
1.478941887801632
1.100396332755159
1.276818325733358
1.418363710734779
1.302756896270119
1.012459449895183
0.344118339117785
1.020720917102739
1.639226462536009
2.107720786012598
1.824786989476283
1.446501461277610
1.727276881025577
1.284816585510032
1.312863116564096
0.765866730808597
0.358320501086750
1.114906703350684
0.177570373266759
-0.212261672394024
0.162508932597439
-0.593366512351531
-2.846053274750712
-1.448244449428679
-1.151754301374877
-0.380475491735331
0.291824299515352
-0.361678755031153
-0.499624438897426
-0.422309509088839
-0.223575068023400
-0.221291460800419
0.737430049792468
-0.007818822928314
-1.093616650414490
-0.602691874922840
-0.759432801095630
-0.616640493367564
-0.349304763751261
-0.504347353072090
-0.272141762739016
-0.955979810156235
-0.872362344179537
-0.491405639491110
-0.896477693273501
-1.488766801903693
-0.958019376743314
-0.483235293837837
-0.148648513099878
0.286236115175600
1.634819850792970
1.585681560901888
0.929272817075117
-0.124767856259928
0.291975125879239
-0.294974990528101
0.222039093357637
0.553274119969805
0.044432042614797
0.433658302478276
1.483664438460665
1.241332860420882
0.347327591495423
-0.137989081496099
0.221186788909213
-0.029129318055858
0.167547147861945
1.073877760512390
-0.242932573419328
0.131518740891100
-0.536245003919859
-0.593034736680153
0.204220169889925
-0.175641772388265
-0.346267338804080
0.030602216777346
-1.261313266576658
-0.180835344193787
0.553149302974273
0.322349993694404
-0.061274476410945
-0.182446430755853
-0.710633265176889
0.270495205350154
0.175759642028613
-0.096367437303809
-0.965033454986809
-1.821518377931993
-0.863574549483467
-0.298612647406391
-0.201697291024095
0.423810367278188
-0.929586685630381
-0.136852663467254
-0.259811903117643
1.570258680071368
1.627499619694118
2.133173088805292
3.493935176322152
2.115168994682624
0.542097904746557
1.248383440505446
1.017904698063869
0.266543362113232
-0.149848284515811
0.546427942074416
0.928258123894557
0.097684954354591
1.446331583141721
2.502290040148412
2.480665977240733
0.995457372540647
1.817495222696191
1.265448794603316
0.831299071313282
-0.151418711529234
0.450921556785415
0.817951446477773
-0.309370630727194
-0.147335029733158
0.401616553459021
-0.044551226149790
-1.474219411016401
-0.293047549220290
-1.243493292592824
-0.540052350529318
-1.233925799185623
-2.205149805233233
-1.459663441482278
-0.944106063731321
-0.725298503690899
0.361551914433831
-0.216128742328376
0.523235983442995
0.095876604866556
0.387921232564490
0.063468304166937
-0.239570554548568
-0.197926037263210
-0.505290042632294
-0.761113611872255
-1.230059458718421
-2.206213838177407
-0.809486881518965
-0.708383933065898
-1.901507022531339
-2.079180999627568
-1.360411124778959
-0.817677619629821
0.439977973059018
1.833179071851873
1.343931051792947
0.878920432642510
0.657986624934830
0.506113581322216
0.291144390775878
1.695675537799728
1.694917337802782
-0.009754316777500
0.106545677406804
1.013097213139274
1.151851750570922
-0.245725243054429
0.057693755117809
-0.728004124890744
-0.222918285510099
1.892912218198696
1.094765934427872
-0.219757446275647
0.167423331413590
-0.831742444244628
0.467938749460281
1.182799879055696
0.211627019867428
0.264799411809644
0.442598289623012
-0.573373731047769
0.154797108202091
0.806915061268398
0.657592897139723
-1.116433352103284
0.162478318667678
0.415146957339965
0.363355237527765
0.193113157183616
-0.503860448572269
-1.207345427345518
-0.993878509772890
-0.573909787043507
-1.054615180560183
-0.405393260325325
-0.103881572207959
-0.654048662895934
0.848898424868711
0.872469545572489
1.600656142429624
1.638634895786689
2.500272898987576
1.465515934742278
1.709694881461931
0.767126516892646
1.295620705871388
1.484043218774934
1.729418087979924
0.465901751357471
-0.322309943619848
0.684847101871848
0.822054189058749
1.812784514389538
1.296228674036266
0.846706418877351
0.996609934129888
1.756252246925346
0.445945673334479
0.242051252387795
0.772324839705803
0.481700519808049
-0.257344301423737
0.561247236886361
0.433317403677915
0.835686832678968
-0.972106490404543
-1.022441317967142
-0.650584617829211
-0.806649212386360
0.045198185129208
-1.571210428090984
-2.597422060785976
-1.019563644409026
-1.130546622050444
-1.403554599577319
-1.337436122133538
-0.374770809324713
1.015620557344392
0.771892535571619
0.231562031536985
0.480637543117264
-0.024874590056383
0.018366200986868
0.322247163031765
-0.813192246865860
-0.964418351951264
-1.435643012602295
-0.776473680709608
-0.617604793402333
-0.567911321670119
-0.336326376793932
-0.949360706019002
-0.577478214045722
0.997607182925770
0.764013158612643
1.271521481787115
0.593038507227876
0.882819592722198
0.585388724307362
0.157256763627182
0.809522164055386
0.853574241941691
0.526640364342308
-0.180503695036894
-0.211963376740214
-0.542129367430457
-0.660621533361536
-0.869401128499448
-0.735934150306518
-0.636414325843012
0.511196857496295
-0.044001188862924
-0.192601648528177
-0.432697038258685
-0.851436866977347
0.415161676307570
1.914879766383456
0.931278972545560
0.446615864149042
0.055753561127808
-0.443669000882735
1.033897815705404
0.411815437107734
1.350459915718001
0.475119476239146
-0.056024471491720
0.287610169097265
0.356825065156742
0.639385503860131
0.389650049204972
-0.517326605125227
-0.173702450117858
-1.083477884395319
-0.677177540205185
-0.334853045455595
0.246287407994337
-0.100815278681405
0.508685178487766
1.793282716421098
1.901908616556261
2.297387420372670
0.873586047155439
0.454702436767460
0.904309597599961
-0.050279379186804
1.159279307746036
1.304172046829996
2.833549884664559
1.833982063296646
-0.820313313286931
0.045424246018320
0.441050084489730
1.373575201498475
0.296986187091616
0.273286648845675
1.279993323751067
1.543123486628874
0.789842207777360
0.191774875240792
0.716306515747927
1.030750774238270
0.394046194155553
1.311344287006210
0.497712849662528
-0.582987720663928
-0.391934250674491
-0.265962531106287
-0.460131562263120
-0.536277101496121
-0.837587854681943
-1.381033714524242
-1.766503234711383
-1.629832009560207
-1.415896641686884
-1.535811162017924
-1.102167864258944
-1.306328692344030
-0.337648432386202
-0.146524715589696
-0.140631856676176
-0.141294366074630
0.283335425585266
-0.000639629563834
0.577428912063651
-0.003897711425680
-1.112798133821938
-0.796491643725123
-0.759307956082779
-0.063726345489111
-0.196692074080795
0.122933475254554
0.002066128323759
-0.602782366888394
0.922758947225644
-0.171319378318145
0.518986255210191
0.114736965291154
-0.044720600514728
-0.930424165391631
-0.461146179583836
0.737116998667656
-0.535993345016686
-1.694598218916232
-1.469837567197472
-0.756469771410762
-2.303644991949170
-1.905109203825034
-1.156101119647219
-1.010186434898365
-1.121879323755993
0.019392375390973
-1.017599904304935
-0.581492667647944
-1.285609487223832
-1.062753031491209
0.281927872953094
0.950799991066097
0.035944388556882
0.275239288762488
0.238331184369354
-0.255926297889865
0.522239453191185
0.075913433468607
1.087326100687480
0.388395793079669
0.283424253206012
-0.694601880380489
-0.359344299871607
0.774295871852938
1.296003226245426
0.416326600920008
0.479625373816639
-0.832368149420486
-0.529361715184678
0.587068155133787
0.793504679720040
0.280530959681610
0.122222778462214
0.746527546843732
2.465953768795437
2.590524176213344
1.863426580233560
1.243563134631619
0.705513930097519
-0.442719794979733
-0.069384578652503
0.100969249165936
1.379910893653827
1.455441695646604
1.150273336305043
0.833648800061697
1.213883937815762
1.332685331025494
0.397480312562248
0.523700701254205
0.525819938050878
1.122755671234986
0.464491603540128
1.158313003202514
1.197890196719488
0.145059645799496
0.645928496579306
1.206943575776813
0.896861016788130
-0.156707972099723
-0.592353408299792
-0.666672467170260
-0.684507618058963
-1.736069503632327
-1.093072770322737
-1.585522575749941
-1.559118359968407
-0.305904631856813
-0.400141612251253
-0.566330288862106
-0.038892820757176
-1.058199943877905
-0.185933871893431
-0.308536971690001
-0.148353174788182
0.260610101395106
-0.146011046599748
-2.027563716948751
-0.378165820138217
-0.915523684796454
0.061072603718261
-0.283856986941344
-0.065842323774242
0.444838630051420
0.656758719408840
0.011248630633828
-0.418312364134293
-0.162677012451190
0.483786097729283
1.202563377456948
0.010683508435000
-0.233608106920588
0.049727073278821
-1.969943588514786
-1.839617360427624
-0.412476884288938
-1.253825566934155
-1.171387566202757
-1.349848552836746
-0.685065787906877
-1.362622610258303
-0.893074604127212
-0.663017400042584
0.059583984340058
-0.354656362037537
-0.968054396168482
-1.500636964481935
-0.267492668185800
0.425892000565569
-0.959065478621146
-0.816485434529002
0.357137901070213
1.184596926428932
0.364992981441704
0.418241735055873
0.040310004437587
0.685626546141310
-0.011231425001926
-0.075373145626165
0.378243247645163
0.554242229824841
-0.158501357571397
0.064590349504425
0.503057492638671
0.674868293818850
-0.100824177602517
-0.755865927853908
-0.910461236706216
0.566025233848988
0.582779591792413
0.603707968905133
0.682960823605765
-0.019888439663597
0.912963055924892
1.243427949321080
2.573237033248327
1.691854583337236
1.848487573192554
1.157912896178585
1.329205920648480
1.633898195538060
1.073447980482973
1.265905048105644
1.243498882474605
1.152852621691808
0.799893369314650
0.444977041589401
1.500182334928113
0.145992749181034
0.889842669961635
0.870268910427277
0.736203916634322
0.816780360892158
0.957790226358718
-0.030731735795652
0.310784388530646
0.804525625024381
0.539804916209868
0.330883675448833
0.812776918581717
0.568448846467200
-0.074472135996107
-0.749249683259634
-0.963499103130637
-0.868262098753271
-0.502974546852294
-0.664678991768365
-0.347030580209200
-0.296471643985802
-0.276840127715041
0.249800550635082
-0.559157673081666
-0.647480547834752
0.194245198641007
-0.892373157417699
0.726687712764541
0.224020399124850
-1.248314617264815
-0.660780409071356
-0.979158101086339
-0.031362877267494
-0.320654482795136
-0.412339550003247
0.078730896523447
0.041908968613689
-1.127578588831476
-0.792474516338776
0.122401818606943
0.956968531827345
2.020577921962776
0.903640201690817
0.167568632220049
1.113452135512027
-0.614537222704822
-1.263627789158787
-1.292354633099863
-1.725365765130886
-1.702331895099372
-2.204832233055013
-1.897516686887095
-1.886946780287381
-0.478464607000307
-0.515240714702625
-0.627113993251499
-1.286673065321422
-0.781644826198170
-1.318011402558959
-0.734615513065718
0.208750864816464
0.122035681833216
0.517368116101282
1.616742902922205
1.449537906670334
0.512360810120534
0.907499875575435
0.783257076187429
0.963521309571566
0.660815499652085
0.654818017563015
0.003582952505265
1.537799104836770
-0.041975648709285
0.175361350938163
0.092800026522123
0.595907289105662
0.356786479790919
-0.559269854526858
-1.223565775020292
1.243766585683969
1.035455648788353
1.542745565179924
0.608386419195387
-0.451010126452097
0.097092353454485
1.495752023482986
2.759322232165562
3.448435326806478
1.291681781069465
0.886907012828372
1.970342324033546
2.621478865300306
0.787193996543915
0.012905605273475
1.224764022674341
-0.170841011114528
1.272039013207140
1.269564350041429
0.983644296797165
-0.026117443688537
0.747456347586145
0.404200429704432
-0.063618111655850
0.978038828464806
0.842061839988209
0.623659550051527
1.059013789318634
1.455085695991056
0.386885347654061
0.172739066011763
-0.519846891090200
0.137946439342393
-0.140987087477686
-0.694409686760433
1.218077190589334
0.901015628346605
0.318761367489397
0.180238449827570
-0.558922975941434
0.240478369829566
0.035542765281653
0.228451941309888
0.068158038593417
-0.832737198031922
0.005388784529105
-0.927876298356230
0.255489100163993
0.685514923474796
0.283251261320355
0.399315231129818
-0.729488699767600
-0.536804760490019
-0.157335307354451
0.142012962775839
0.682622984488505
-0.553155275532034
-0.525416653356820
0.392356566774871
0.555228892669132
0.882950021221603
1.049676949609062
0.873787465160613
0.663245392991702
1.016505736582959
-0.058822082955822
-0.440095657676370
0.318550951178222
-0.881381246042526
-1.687226335915733
-2.266869708363592
-1.499433193692629
-1.825880653331622
-1.308962177656691
-0.278492169216324
-0.519883468349886
-1.438283635472353
-1.353763594600626
-1.047964453275486
-0.279663958236212
0.387589782951502
0.703512824058790
0.438870698677126
0.755860689442933
1.217754628120850
0.364028351020181
1.661980695281011
-0.200284726584712
1.017828183653760
0.988835251118713
1.165375538154008
1.335160411146255
2.641284607152009
1.561490675006705
1.202579739213227
0.411990112767603
0.080701043313057
0.403535779273467
-1.111262444493801
-0.346705110719489
1.689331257019181
1.293719143679566
1.224345196892796
1.720256688428837
0.654190298137438
1.212157388012691
1.142497026080760
1.961143123979325
2.054113870216807
0.685704036006549
1.829021300673470
0.835440633252114
1.493980304739979
0.718382625013895
1.106001942475553
0.916512736225730
1.135209767216654
1.142656116871469
1.609397567828531
1.306061021644371
0.351180558595543
-0.772590541938474
-0.576667295803551
0.194662061348754
0.573367071323488
-0.222322188561149
-0.299363084877224
0.163831939175355
0.189106065674311
0.002597697106597
-0.915266355558959
-1.487526018696663
-0.166859699184788
-0.632695271750465
0.162190947971957
1.460360286214704
0.716837202699249
-0.093683734030981
-0.547825924980094
-0.498450456151793
0.389704809205510
0.032942782428057
-0.065110340387108
1.160468076645681
0.648132619922383
0.487410945705098
-1.174167059733390
-0.729390781074747
0.131585458470072
0.999281715609355
-0.166382924851682
0.204601953684163
-0.319285792075637
0.102889549378331
0.268013029774850
0.638726215484433
0.251870820954235
-0.065420935104287
-0.338954099599689
-0.137541970224030
0.692559303393993
-0.061003588924505
-0.049631155861388
0.328512463137136
1.065692961277328
0.608786893759607
0.432914167225156
0.565592467975223
-0.384708684429246
-0.703792595536394
-0.804297225634609
-0.832169171630253
-0.794793171914380
-1.059729979596419
-0.593884769874658
-0.597815438054521
-0.762537076260975
0.256118951239843
-1.599290850438212
-1.522176588133591
-0.022023769650588
0.952831569813072
-0.055266016917628
1.245709689032133
0.972498368955460
1.100114414805633
0.892777790538548
-0.258127183879512
0.996543873788392
0.982059419600773
1.290534096368270
0.796998414043987
2.173393049770396
1.976795863058680
0.855426479373814
1.099996652592356
0.298692460829977
0.336624513751678
-0.925625446086957
-0.220636221632988
1.862030549794280
1.902846952993326
0.818379016406340
1.856289276368281
1.569977096976006
1.249664680600506
1.780378382892003
1.452324653859445
2.010749647347216
1.432807901907224
1.313634116291993
1.292506388979263
2.180769476629644
1.586924695992291
0.770374124695723
1.311229210889931
1.611577235667330
1.093950637059823
0.981061630991317
1.028070268811985
1.886790858470537
-0.289928600149211
-1.186044388673466
-0.056649014343690
-0.398859378684000
0.068227065944771
-0.011094631528143
0.336479053316779
-0.346247752697797
-1.100995120682094
-0.166991208068446
-0.923591344620454
0.258027440005144
0.779891980637053
0.642445995446472
0.783267506292879
0.282902083796334
1.169682653058441
-0.336020655237838
0.068963979604789
0.107508668307184
-0.447208562064093
-1.252355413580467
0.520470860651381
1.476369318905247
0.923916446617712
-0.249714519360741
-0.090596665079231
-0.187604050480280
0.794676846837755
-0.578102048222199
-0.496779105659035
-0.191851022914627
0.572266388770084
0.690517358759763
0.486739840015529
-0.425778488926812
-0.534927715527964
-0.833747727822576
-0.644598674701717
0.338977742191410
-0.715946452284263
-0.046010436578936
1.375428135500965
0.285153089118074
-0.002572794805064
-0.015671653231526
0.387024146795123
0.385105196699589
0.346926486290366
0.587261366993054
0.656266046841556
-0.199082986898050
0.111120791557830
0.135529900626068
0.348039848122812
0.235818397585094
0.107168562646638
-0.899177484686572
-0.409301019186634
1.225608234972523
0.615971260508682
-0.182170230073724
-0.058977376650341
0.772199129046931
1.282964763743141
1.056823707589300
1.062327740629510
1.095965453043136
0.486370973109181
0.861428680139557
0.156852245912896
0.692162561299157
1.813939077083655
0.995720703278153
-0.106464381651163
-0.008986039281330
-0.083860295079159
-0.642115253255174
0.442359398361327
0.919412175976328
1.489674350872157
1.500131361682151
2.157046122850724
2.658930643353760
1.739891456783091
2.077899298246128
2.698325138838788
1.706843066662515
0.067975334621758
1.103735288066364
1.000929071543440
2.143163674978475
1.012064141666287
1.682708849731156
1.026440078054128
0.829474205943942
-0.568442481252690
-0.096475795725127
1.050983228286110
1.731670094031904
0.291253018858735
-0.503476865293617
-0.109905912046444
0.624165570756122
0.538290222226373
-0.089846196079357
-0.351699247438045
-0.347205879136556
0.451942255556494
-0.043272599600594
-0.200450031855727
-0.021234839506332
-0.118932336874894
1.046790896731338
0.648631265164281
0.738789832804505
0.232641848788855
0.243736888463078
0.393032861771467
0.052377203377392
-0.115050859491473
-1.116605942513232
-0.834729057886002
0.383143699244043
-0.445206492989066
0.112280849313494
0.947502360590781
1.152693412689321
0.595380700409099
0.484336227539859
0.648828238363175
0.595316003048378
0.012110159098445
-0.048331772896418
-0.340705337277018
-0.669824759726680
0.035547663920196
-1.596518431783434
-0.777897252272039
-0.410058330252042
-1.292979881855071
-0.485985038018822
-1.078403903316365
0.094528800609416
1.192449548964057
1.178096062095702
1.176622540566827
0.906217727751825
-0.709105803304924
-0.158321588999333
0.298261872641887
0.166951142761226
0.134974630883707
0.923482808557548
0.010682703834612
-0.208623285346169
0.857560545984823
0.218196570284467
-0.001806302591830
-0.432526404524315
1.199811429437823
0.418152130765896
0.265560463761457
0.868047305463825
1.929306544745595
2.274867104455778
1.434184069625775
2.062666137808579
1.319679990301717
0.795375517692597
0.361700912073785
1.174591641477607
1.628578109319028
1.608210937212877
1.109539993231251
-0.269323981810493
-2.076357131438203
-0.998599846792459
0.184796217457388
-0.179091234644271
0.868236872966564
1.895542849601243
2.520348120471467
1.394310724490279
1.502310704812368
1.617293332722394
3.134445766681439
1.049184689479738
-0.358397371954991
-0.288366287257216
0.441900398594104
1.793503003898870
1.893700715046140
1.299221645536907
0.092634566531738
0.061558611922395
0.060143545163544
0.252825889972583
0.583562639253207
2.365179685751087
1.540646489087710
0.579654922271873
0.189798699114717
0.905163395048781
0.367289838941044
-0.343482200661508
-0.804480396652601
0.425489339254152
0.666827134857762
0.586709056072730
0.412828785258956
-0.712810091140896
-0.165107701984970
-0.141502695135371
-0.087254923847370
-0.600675518187929
-0.213618087516716
-0.382633503575461
-0.678968101374582
0.395925398667359
0.068826279076733
-0.163782219985750
-0.518744766191213
0.292854578784540
-0.529476213175640
-0.161118912263155
1.505724069010803
1.524319981662309
0.764909913986933
1.357602415235249
0.713650789945944
0.886467447783367
0.445327525995214
-0.723138788049792
0.151913227516747
0.296695161246865
-0.240408819146223
-0.840641246053543
0.330763157033856
0.278551195232545
-0.743480003243142
0.023106350931318
0.252338383229317
0.640291316854347
1.575812034297492
0.656481951180292
0.989603153585570
0.167887031193694
-0.928308195358604
0.657029714633506
-0.186371808754223
-1.122973331108055
-0.645864122536848
-0.416739144763237
0.094857595788012
0.377288961142272
0.959879634215140
0.924909336900685
0.200138195453031
-0.944897612311238
0.718290251233386
0.138961789567308
0.064614227870072
0.669685597788284
1.635109020800433
1.270812896303122
2.043134746250544
1.868281071306237
2.213703166362755
1.734419279070941
1.098680324857251
0.784735697968060
0.767298003204712
0.345339805966503
-0.451857379560149
-0.502756859754975
-1.150148607923864
0.401258679986081
0.930804235532972
-0.150469571534100
1.179508339776645
1.372989346001343
0.916145000442494
1.458058097154460
1.560829803941387
1.244035467173632
1.254887717793785
1.993876821492944
0.360062746847773
0.436151960962824
0.750471491242921
0.629952489302790
0.471193315240147
0.883859975173424
0.667915069263988
0.360431732701519
0.747643394638653
0.684005047264902
0.782960389318976
1.368429044952768
1.963899420136411
0.203403314377134
0.356915314702484
0.696667549342628
1.086255250199767
0.290547647502799
0.134427195792621
2.042643396633105
0.382951005056481
0.266690266111445
-0.951446849197857
-0.423446262211169
0.048031308190961
0.672826829785107
0.218649225159966
-0.913466126745875
-0.694268195010714
-0.964681338888237
-0.887622705220222
0.010141018045867
-0.596438478569352
-0.020017042730468
-0.065505558387553
-0.270226579559918
-0.463917989275501
-1.199761010239521
0.543966984466394
1.134633846233228
0.839024835277896
0.175317468469114
0.903878578602655
1.048800301493804
-0.021368177916431
0.387375810113708
1.626002420185187
0.856656009548838
0.371770353962217
0.037721066776310
-0.449701387653964
-0.769496526502127
-0.734320727644088
-0.456398660714499
0.350668435035723
0.421979179102006
0.930018584814432
0.468853364291681
0.172337851112891
-0.078037903478418
-0.366022351425337
-1.199218957590916
-0.677257877272459
-1.538521276123150
-1.840942448662374
-1.561232451904211
-0.613067483065418
-0.178748517241081
0.490649461881420
2.071910044762064
1.195617816365829
1.310855483064962
0.494730707070861
-0.244561157443410
-0.179076042098175
1.444757279996012
1.308203660263912
2.543229254438043
2.877977158518852
1.666039961365303
1.546819316304165
2.371584325823215
1.610452081435840
0.880297193890738
0.061798934624022
0.829201734600750
0.286541446132510
-0.158230011445751
0.027771743120389
-0.066181714305624
0.544559252942470
0.373466168098978
0.479603182788690
1.353505486944601
1.356306608599877
2.545228690296782
1.884139514809411
1.462969900755980
1.387283929833220
1.136828606434317
0.466945468775349
1.317353808322418
0.658922759925893
-0.054141298198812
0.032856484234622
0.269359997004227
1.343260055926362
1.230751627522799
0.263402636212012
1.617351666956250
1.025298319599922
0.724908082842555
0.508756010669217
0.609266468561555
-0.114610592858969
-0.141142978945611
0.637035925022448
0.528250326557812
0.699505891151410
1.431995627144753
0.507135072117940
0.656572026185785
0.082775807103895
-0.496356486898574
-0.668189335540035
0.049039647372608
0.298361672432768
-0.396967384434593
-0.633347514435754
0.092349815062649
0.333918148967604
0.407592499950663
0.272231925100508
0.091812927161467
-1.208944351238515
-1.024837610795640
-0.977064598940889
-0.231574478654026
0.006313551711845
-0.274617281166977
1.157476818864110
1.722665406757458
0.774482080363248
1.353640057038671
1.007841675513097
1.915795185606383
1.320764959357670
0.807174028915660
0.328975970087551
0.211935177519112
-0.417692377152203
-1.034879649485595
0.357611690193613
-0.760531696905268
0.242122540739195
0.622146719904061
0.049811789253604
-0.119850484065004
-0.392983460387976
0.075294638884113
0.749143150834010
-0.581115809844609
-1.503238769556502
-1.690424625772166
-2.268752842124015
-1.354194060940637
-1.247909550980684
-0.185542927094978
0.983410102875865
0.304243878638648
1.659823696718468
0.989959855486152
0.971547327396616
0.557499684988394
-0.554260678088267
1.495298101836087
2.142421433570166
3.112488758165331
2.928886526800921
1.176611885315736
1.440048307394153
2.397848825855945
1.962871742608339
0.428766363115555
-0.421837748469585
-0.293746900702948
1.660746268458502
1.329876001278770
-0.005446064571308
0.097866538778766
0.225193420765493
-0.375126316239582
0.004766784282877
0.665840513617715
0.673664720676628
1.047911289686807
1.753571188732691
1.246096069059840
0.184055738564741
0.644255222144510
-0.012340605082509
1.468224222596917
0.526665935629729
-0.225103699324138
-0.121630787920188
1.028637616424990
1.244782197325178
0.308917051522753
1.294097520253107
0.849049448829468
0.413906194502496
0.576538056852344
0.884069891641580
-0.343632332396576
0.395519965253014
-0.822883352589266
0.842227540086396
0.375006376628290
0.678899695390745
1.304146544092610
1.306657936429337
1.696124034188838
-0.162866807434300
0.717960214828730
0.218784866223958
-0.189897892702807
-0.306509880310186
-0.065571774336502
-0.866509300337750
0.205509502242348
-0.178654818496331
-1.228501005193748
-1.657273116647520
0.685034341344997
-0.042086478138878
-0.515109075709644
-1.492877303693177
-0.887292895485157
-0.785893001972530
0.078134120755072
0.579772731717588
0.549565086717983
1.010609837709269
1.183597426141795
1.625711874588095
1.333878064924773
2.014569946007143
0.905066070585801
0.702648599417151
0.423175993378753
-0.533656834677676
-0.703006764141150
0.124606418990043
0.098807257210161
0.521906167823847
0.734126823448272
0.195870162083439
-0.215328013327709
0.311230931662979
1.180178362895126
1.915663688157935
-0.490319163582113
-0.808314053998678
-2.271662551534626
-1.457549535861097
-1.092502453200221
-1.370326919934544
-0.063951213236335
0.740570256427819
1.523654684005670
1.307784063239616
0.165702911816584
0.640491568635421
1.898442229260916
0.924822092743611
1.150990195660180
2.273706452886310
2.615391483051683
2.154459723774755
1.278073349753788
0.923259775544031
1.774417637560772
2.037902968926816
1.298645484196697
0.738702234152574
1.097218954180263
1.110625682373013
0.709997913362260
1.413311501938371
0.196305053866793
-0.376527864830463
-1.128759869027777
-0.332329639394475
-0.111358776982330
1.253598015781915
1.191338283023648
0.568534912817864
0.628059749575528
1.521231545584281
1.279708264997552
0.977108337847500
0.503381164992226
0.672121394073899
0.286083341159282
0.709830984328982
1.664782570791024
0.532598147018355
0.418881054380647
0.175339606039788
0.949094147252513
0.915467931508962
0.002152934654689
1.210168188723614
0.488451979785666
1.453723748071349
-0.106175198391504
-0.200375928242722
-0.625903493344328
-0.617142733041081
0.601993508289182
1.634942587144292
0.715216547531178
0.587917590049347
0.196707194116985
0.072419475310883
0.343701178922470
-0.590749958321742
-0.893959864900183
-0.131238270615462
-0.481984232785983
0.016853323053235
-0.460947841787544
-0.580783625282755
0.892992715125087
0.763531498622898
-0.543441662516285
-0.984690577638656
-0.695756277121923
-0.450551442843785
-0.114215891056690
0.927956690463243
1.352528797949289
1.120026005130091
0.558331504239755
0.814338817441806
1.099577103803450
1.521522536579777
0.260523445276856
-0.222807206930585
0.807633179790687
0.367510009894302
0.007479823645236
0.323999655797097
0.275477328412236
1.240027336148376
1.799754072752159
1.042145386604762
0.680731640364715
0.533806259442263
0.462441634899416
0.623996591574709
0.485175852613065
-0.161979553030664
-0.765606898080787
-0.961420810740454
-0.070226978515050
0.602588934651388
0.117894457143023
1.654327368395166
2.176159517930618
1.109704347799316
1.695679864263296
2.159195856685784
2.182378329925982
1.895548310223354
1.940452374415971
1.794809013194163
1.983113907180737
2.043672509907863
2.324325567313174
1.799659060083556
2.190463755245927
2.002076247965527
1.534283784585197
0.743587412679482
1.584621259974699
1.466523838602742
-0.193977715935221
0.707716447923193
1.020639531311440
0.355762582664439
-0.106045693416166
-0.835895867908352
0.602679728923096
0.889598964715555
1.567089593630664
0.964105329062394
0.315017714655351
0.947837016060792
1.174117026671586
0.720942878940507
0.397868539370900
-0.198019654256828
-0.350131484853683
-0.286159851700535
0.644100674284217
1.078896842513112
1.276034220582544
0.997229367504754
1.133644599793662
1.139432846675716
0.267351706522167
1.512804221707116
2.316138056820468
1.928956156448958
0.670171083710213
0.677746573353507
0.063666025868449
-0.991647159197626
-0.257808895524590
0.479788164380094
-0.501543575522684
-0.637671713970334
-0.841159637737604
-0.631298362050062
-0.797382279258495
-1.120933980244835
-1.455336408600741
-0.409172809073980
-0.280097494282273
0.303443213221511
0.925963148454061
0.778744865979117
0.425702922748906
0.408126430124340
0.021052793102940
0.767425335757363
0.369579899366600
-0.616271258405781
0.557891024587601
0.382329040722327
1.068344809490963
0.756997481075782
0.953019599460972
0.813569711232944
0.893348520439086
1.386682869589603
0.873981372905998
0.819642523214452
0.180374738188416
1.106888495150389
1.187987446565593
1.023288688123193
1.812048408757596
1.527507255885388
1.758204957252977
0.965526155562448
1.208656691408621
0.724710854984187
-0.247474318344904
0.005003099923667
0.508048545919897
-0.614243968799511
-0.595445223380202
-0.540443161407125
0.439339883145324
1.262816878868549
1.192294436924346
0.810743643948656
1.278194498055288
2.071833319740041
2.378009175245818
2.543736695298835
2.445964608021080
2.145065914314060
2.174817807913084
2.284717699063624
2.036789839549810
2.537166485102641
1.941625376274845
2.776480168427371
2.332878522440176
1.489587404268309
1.245524349656890
2.176379705763343
1.277665037944776
0.653057247491785
-0.199397211096158
0.296659215050340
0.847093196043270
-0.330607670724279
-0.096198881765916
-0.506651391678208
1.096249384134617
2.269343470957919
1.264319752105212
0.974317147858244
0.261201993796930
0.825541819795080
0.963492654439677
0.597502916927833
0.588242374865237
0.512026703666901
0.108329799028308
-1.011746055517023
-0.660674109444599
0.071277584302140
1.358174855064532
1.268936092167986
0.540176501997629
-0.432732529494230
1.155207436186803
1.287464267870439
1.123218897473234
1.620774442931816
0.838409540486401
1.157730285827568
0.724914911398822
-0.484239759752044
0.274408311815094
0.398400630407216
0.710424714618898
0.173966204985302
-0.037585291038855
-1.270394480578175
-1.437891672249694
-0.662709658562559
-0.669956428657928
0.006374293443129
0.252905379393831
-0.090373194981260
0.604620284744680
0.383525503377446
0.395283230732815
0.961557722858392
1.144695819757735
1.353266631949940
0.961540830636760
-0.389510355176111
-0.130043396460650
0.113364735657019
1.168688997632229
1.566415987751137
1.219401518137652
1.312483932842057
2.218381595503451
2.529541392092602
1.193590412676302
0.023076632556517
0.650970633719065
1.654485776235307
0.670119006878210
1.737153430599488
1.854238926794564
1.319919063301780
1.010117529806992
0.184391215875088
0.818126876326585
0.748111686201887
-0.352913827849364
-0.884717597168124
-0.807128781851473
-0.276113012685442
-0.927590292297057
0.364317003216554
0.773903691398787
1.265012019517471
0.664163177306159
0.379007897626050
1.118175197566233
1.917818769058562
1.378680391518038
3.116374844808232
3.266180555217665
1.995220946950474
1.566979404660393
1.615557653150896
1.248252125876180
1.463707154887601
2.133920617921952
2.481681499094287
1.292421939270319
2.316269223453651
1.493392528779528
2.130015729443636
0.914284759028986
0.159303385817655
-0.138279529019529
-0.648138528943330
0.473996048056711
0.196222350244914
0.245291033374759
-0.017331724813265
1.076151434028210
2.614121666579682
1.514170464427411
0.791129558871912
0.948683647734108
0.248741505229973
0.502030492139258
0.770547478771711
0.618817943993762
0.127682764755364
0.143551231235930
-0.110615785843183
-1.153938681491123
-0.705432751350700
0.668671735382924
-0.524397437243662
0.109090218131903
-0.444072633192784
0.670142639879746
0.035577652551480
0.319730279423289
1.176577364078767
0.305785149395359
-0.391464409779324
0.898603554803114
0.232907323514878
-0.458700499491745
0.132117861127353
1.020358550901884
0.611931594205329
1.060032323179743
-0.507818706208496
-0.876246668348663
-1.420451874819773
-0.900918918570932
-0.653297562293239
0.208094189341494
0.842881027525598
0.337369878844504
0.935886515012331
1.057167174468080
0.700286620374365
1.644185370298210
0.612518942630269
-0.128257871150123
-0.218852925185224
0.538496502180675
0.454812916000028
1.449289585733426
2.443973627162324
1.397400644781000
1.984748658588212
1.839066343303226
1.174106253420497
1.126633004320566
0.787464483033648
1.197801173466245
2.845056725614842
2.539270116171210
3.112849311919261
1.865174050499477
1.477270203356856
0.707902773836041
0.713084927361008
1.218113335931710
1.114113044628845
0.229313908762429
-0.040817992530214
0.338400863327287
0.684396916726777
-0.937610113994707
-0.850252257987194
1.396389976845898
1.016241764657863
0.461176395987931
0.258225391601277
0.563284394357724
1.265820001431890
1.335022745072463
2.042738804321011
2.178954617162890
1.567145081175842
1.514642238411495
2.421593739307407
2.249510973770498
1.295891554829005
1.440975563140100
1.667018825460242
1.422477668212419
1.344180235353569
0.291199795650146
0.412004837334487
0.420957887671139
0.010924451715422
0.810996425908494
0.781978538194708
0.850182074270599
1.063760824763931
1.489252662266355
0.548029243024444
1.680010274970896
1.897537717696311
1.566340917713437
0.482748131232282
1.075775674992943
0.624009217955248
1.063158318354685
-0.143170428069947
1.598589292810045
0.920749059314907
0.132464358433209
0.209105897080048
-1.018771586755878
-1.426592315261639
-1.108554220731532
0.968434252649657
0.757128517075967
0.262659375098036
0.558238233084203
-0.253616108748022
-0.417355775269436
1.191859098709076
0.966253122707075
0.348908683670577
0.737133472801689
-0.558097255469024
-0.362919000230046
0.496536786865169
0.374853718998460
-0.227032623541344
1.121723395049408
0.404947225995452
-0.067900988152263
-0.575914216579637
0.001878880579011
0.192904050560258
0.029856145591669
0.298393728936934
0.988105892324252
0.564366829393230
2.035330280298870
1.869904251497502
1.314999186102346
0.087932196323434
-0.024146284187569
-0.075106682897157
-0.330354916399768
-0.624652259101228
0.793613949981372
1.215389032306012
1.404607416406058
1.977734716773782
1.875229773701503
1.043213007429556
0.200524173890390
0.526474283510933
1.068413274690837
1.755092891355157
2.810221910759231
2.810799391588524
2.232932557712189
2.125440518065836
0.881960599029984
0.457211741737020
0.598160344590100
1.048101926795838
0.655241162892874
-0.090264477316341
-0.453192785907025
-0.215997955810004
-0.162947286056647
-0.035638085437876
0.022123984178904
0.308418711856360
0.140796303373900
1.555346978525818
1.354869483060837
1.269444465356520
1.404261581735615
1.612531602910055
2.410436231043158
1.752598957717695
1.837259006237220
1.529774347410227
3.141242568962557
2.048453311895250
0.564953485828137
0.343792700027982
-0.340108407774304
-0.310185667743064
-0.082916708128809
-0.143917899738100
0.499649507098201
1.355099957352831
0.849464210065354
1.018432221365843
0.801167323676631
1.481680292895362
1.199665634110785
0.946006000022847
0.418196303516713
0.372994217577667
1.496438929322645
1.153307825743374
0.703948858503664
0.950795379121131
0.123284178762748
0.050551533390635
0.447164088008214
0.781796267595743
0.506144440833894
0.336811620220832
0.373417216416916
-1.369059377167354
-0.249761457183051
-0.062211251379045
0.210143048674221
-0.059641048912667
0.626646062402630
-0.297702642576709
-0.025111307589988
0.717340967648503
-0.120130700298615
-0.355167520049357
-0.374301137000157
0.135212355770155
1.047634088790941
0.969633413454089
0.305061388653348
0.614897712748479
0.494741741893224
0.554131900255159
0.883550344633554
-0.824568462499496
-0.155931956898559
0.422724414505431
0.139629430137413
-0.090209747328566
0.294281957327625
1.227848681365200
2.046953074106616
2.415686662077864
1.516141080162829
0.191871081232141
0.146385732159433
-0.071654564766253
-1.205538745548574
-0.572377538985118
0.475182497343816
0.759647828128771
0.195028594819116
1.053717108435370
1.022835837729868
0.318784600533838
0.666745043098323
0.964556268949872
1.491287126006830
1.540220480350146
1.133986679679788
0.571551787207589
1.230361650162665
2.134352701872560
1.698986438539917
0.987186064263020
-0.586034687086553
0.539829532896862
1.118644932084645
0.550121473124650
0.261614750544312
0.360529866460390
0.107926343717026
0.362822890061843
0.939058465547332
1.760358533399965
-0.583926144281366
0.104762908103139
1.363117723695769
1.595526706800010
1.315682633547313
0.618571833045813
1.639558080748827
1.838115532528042
1.536238348944432
1.678335602410264
2.394474084888961
1.959193040794960
1.146638968758856
1.081915455219563
0.493884277895504
0.166185992541050
0.870382424478285
-0.336626448705344
-0.313435460562557
0.620048092454309
1.328942404645287
0.483549603013046
1.013044617529405
1.463321459965228
2.421667106671464
1.045653531008232
0.633237582975360
0.417563396991256
0.231661966395956
0.207710647048137
1.365324709369729
0.397647474799165
1.095514760028425
0.112077399162643
0.884411421205957
0.786259733443079
0.505773738978831
0.718881885992792
1.102119831649733
-0.076181103239597
0.220030591790164
0.693106135029225
0.865845190089722
0.106395405148533
-0.457619203095188
-0.043956883713883
-0.808207344460394
-0.819669545443777
-1.306808238163281
-0.429525335301246
-0.855288018629111
-0.702335673095578
0.116883959982814
1.278445031254085
0.663619426614363
-0.188326842642670
-0.164129584442890
0.928069344398201
0.744669527224393
-0.732267811284390
0.161667913840890
-0.337137267360649
-0.202542867863619
-0.220324610110507
0.743809286625601
1.444960714714192
1.180898628853471
2.034879646519135
1.916363664865294
1.104037974526213
0.391700489981404
0.293686886149884
0.609080122620174
0.843610231033097
0.957143631908278
1.799512471083078
1.181528085666786
0.748953655119572
0.625099806049531
0.281002943997182
0.849741262355570
0.968405972082326
1.642827978663269
1.280399933389236
1.118598345843510
2.472317077509867
2.975582222670137
2.274477210169452
1.509330418206360
1.060363992888271
1.310170903448285
-0.080605369173526
0.340955476398765
1.117095471570144
0.353732244319255
0.201336845298521
0.811927795665791
0.885072486606993
1.238239425242386
1.595024013407676
-0.956203676587557
-0.624592109752697
2.037830283608837
1.777306954281855
1.818983108284974
0.905922705720850
1.366251813241600
2.347352067374753
1.290989452425951
0.698069311153510
0.732329112859047
0.798023397022711
1.158274726368890
0.057095590141049
-0.260065925574801
-0.041249499474904
0.692632401820517
0.439360529376113
-0.575496622864402
0.339544856799239
1.328627711652217
0.666000186031711
1.651125435477548
2.324043985310510
2.343065101038547
0.816528384274292
0.312762576459058
0.306256063687082
-0.529576663550694
-0.335710850335743
0.041147639613160
1.026771572561950
1.932880569578413
1.055363689488911
0.425444061236472
-0.057869405231987
0.273378710603719
0.700626696473656
-0.189982914238378
-0.425393436238400
0.799226709405967
-0.053954820304774
0.762784040817210
0.704625649855567
0.198107695238401
-0.585163073753754
-2.261260942070284
-0.797973485885338
0.172576666354213
-0.386292154631133
-2.060055820623649
-2.082059222438293
-1.030926781698531
0.701840698767776
1.109566044806547
-0.366863227850339
0.816909843179168
0.784258698323969
0.245114712146744
-0.283383381041017
0.279707888018024
-0.473999447682761
-0.044605204502561
-0.529733075810748
-0.144995764525850
1.009620140357206
1.030345171078376
1.499658787886191
1.582719975097827
0.384045010636960
0.531370901623343
1.058749763242002
1.321481082108766
1.140111358142637
0.795959494689880
1.386278754790172
0.437065443909425
-0.322990288227977
0.989900477692311
0.544102215814679
0.770938703404719
1.653755544792506
1.661713729203691
1.675383636066112
2.027614087957400
2.150093277766602
1.320149547472837
3.048634411597606
2.178288024015269
1.381905126808630
0.027824087909161
-0.105511272121237
-0.071440905844650
-0.183233404207310
-0.013020615153163
0.119545775485873
0.306579340749889
1.091029291048868
1.795731422240955
0.141350224804421
-0.086242856205906
1.102905111265569
1.978197011389539
0.790991055745833
1.925299349557734
1.158688649348154
1.612209636806403
2.122027004961387
1.669972957687588
1.519031060949395
0.694709018132379
1.375159500931938
0.505907129650731
0.709631960568738
0.092892834792266
-0.284665464992859
-0.275968085839120
-0.425302909750429
0.464738953145062
0.171211805682111
0.925063368693112
0.558524288067574
1.313724608468619
1.421360680181907
1.706758107857659
1.387427154355229
1.085458878558101
0.429720069301357
0.600115065442836
0.891412817725862
1.704952758738105
1.488547112459934
2.056179528532359
1.103452406981889
2.632404024900927
0.767496790882165
0.969897657243435
1.779234983396974
0.747193563012077
0.085232962479765
0.575210111382942
0.316272818095477
0.582728513330630
0.885665382422134
0.821124285581119
0.201214970620672
-0.597507405659924
-0.303173942303578
0.039206667042860
-0.753523302935744
-0.649485226205614
-0.414794117818930
-0.218404015683079
-0.707947680465911
0.415730671396092
0.320490694267504
0.077286316558595
1.884221449742447
0.514800049855301
0.714223963375674
0.429829114581830
-0.616958044598594
0.139919124845373
-0.875706009993762
-0.784217643173725
-0.236702785364666
1.541955812360197
1.405931571101969
1.372520649597606
0.026142572803064
0.124763549666987
0.757822827910186
1.250955435472013
1.585294329416392
1.482597370474826
1.984786761408921
0.614129916864879
0.634134453186869
1.335379766829175
1.390434804033583
1.868274431214205
2.241779114527966
1.668499275648937
1.304208701241287
2.792943554305668
2.229223491145485
1.962928517207863
2.163527538550854
1.648482336416002
2.079459734826373
0.020202750566127
-0.695245091110010
-0.014973029504525
0.442023161090753
-0.104302137811463
-0.289167606812091
1.040582849991279
1.241785345535139
1.021674881607679
0.357655611765314
0.634193941417103
1.364696228310126
1.365153809129680
1.680539693023416
1.755054566150495
1.550247732893566
1.252325757504574
1.868176242879325
1.941223961461466
1.249051202723832
1.086177792429702
0.888198933991538
0.337944855126586
-0.673758961974042
0.007920425923831
-0.836460559772314
0.674572480607656
1.006837200279528
0.330074632993733
0.482236390618952
-0.170075249295696
-0.288257893876726
0.121927269529235
1.407926453866407
1.874410617392567
0.660913038088740
0.656861000984662
1.226092516125029
1.893834730117094
2.018202282181011
2.028113075402088
2.582014022953891
1.557458906387643
1.963771994778354
1.279913971633545
0.424319313567948
1.005106496361345
1.165103493276180
0.874831207125566
1.197477097985056
0.625197487856444
0.340727418638160
0.493823730873214
1.216974045126099
0.881098255679018
0.964131896887498
0.534877637049407
-0.594912583480711
-1.068824519465511
-0.898399388426384
0.207530663871485
-0.532318128091803
-0.268901726294698
-0.577185620705941
0.130373621679319
-0.669036567871421
-0.820805275558053
0.204177752543785
0.506744093761798
0.618226169823559
0.213068385111945
-0.257965286884512
-0.672673310840313
-0.227079851115196
-0.034507272150173
1.336879639398131
0.638028029209084
0.796953353852054
0.318082060702910
0.465198053754668
0.612297217712849
2.035239480970725
2.244791857652984
1.698464363928838
2.727130586393985
2.825782987131651
0.647759784852771
1.496655312518882
3.121988751296413
2.206256860527288
1.631964523933737
2.397726713276827
1.290279800285214
1.162504807181465
2.181014320281408
2.418465146037234
2.056013364094534
2.170236148953236
1.466410326482102
1.804522175439906
0.523453489065115
0.535764313673631
0.221635171976500
0.827573713058863
1.328905426650310
0.788331153311010
2.133517401077542
1.862647545555647
1.455664970137146
0.255372753436896
0.677348112794566
1.084821206559951
2.531317599165945
1.579743790931659
1.678489550972240
2.205220197317836
1.409664633413289
1.467527151776352
0.827174504045881
1.415386342618788
0.719575096732345
0.561742591491862
-0.562374778482966
-1.014945074400168
-0.908061493232354
-1.176873363451321
0.258959993432409
1.045470967268376
0.602200175476353
0.377269727543911
0.064276437370660
0.297864318284824
-0.230500439481165
0.732700741982913
0.737116588870114
0.391458526517813
0.025060149171407
0.614889378974430
2.224713589464243
1.113182708756154
1.289810476995382
1.413941636739726
0.653179216876288
1.325150250833585
1.284851121319639
1.486866325060834
0.373569151893015
0.742861579487452
1.002862810389496
1.032427273475771
-0.284902352724898
-0.578035925569933
-0.160772170980972
-0.223627479555750
0.361045963980756
0.083486560963214
1.084485249148722
0.421860484342362
0.750828876751537
0.926006157937786
0.085384616410515
0.275899696806309
0.501343635705244
-0.306966873376529
-0.217980084223929
-0.871383621574331
-1.242212114958379
-1.137370830218557
-0.651518607221545
-0.439073206869515
0.129519856089391
-0.592251970162105
0.653038151069804
0.041153884079644
-0.102386796855941
1.338766387227510
0.296545479808828
1.183766790691290
-0.024726998107618
-0.330967090960247
1.128407306308866
1.040520297299379
0.803696480406281
1.635242803029628
2.518184437029255
3.041597981540142
1.882110364357741
1.174292157817515
2.124972225827081
1.991636883795963
1.695402895103986
1.739839498774100
1.892076876572822
1.970199756713379
2.255729221165483
2.055489868714148
2.520499600487347
1.821547539567387
2.553840204618793
2.820427979311873
2.132340267645355
0.836536395292865
0.902684405500834
0.920333967959721
1.143943286399422
2.151891337933990
2.720939373363064
1.084737995168599
2.111636028531599
0.664611168220696
0.903907974526755
1.171462390929701
1.074668822714114
1.678817074700931
0.953152365333826
1.529717348415628
0.843942256592434
0.396042446547876
0.624238349091051
-0.450384593443770
0.136267719999658
0.224864620944069
-0.192345399118616
-0.764710893365176
0.328137572419395
1.310851197691399
1.235125091825070
0.964236179270977
-0.415180714884337
0.453496801356964
0.821499441684714
-0.036625422167573
-0.488746361581540
0.459900649348609
0.160180359500454
-0.430213736761940
-1.523745396601298
-0.746190958662631
0.967964183961187
1.464650680324431
1.467932931799946
0.988923200219448
0.830399308102328
0.869846146895787
0.378877350333527
2.024081046845628
1.286362850179665
1.261825030850519
0.859161712672648
1.599295720839989
0.305010598713386
-0.303813030387764
-0.667049933225040
-0.029896219195688
0.186301441856808
0.208591228458353
0.153102998246971
0.834557243723570
1.342724691673875
1.337084629769700
0.293677176992914
-0.444847644802937
-0.054983904686150
-0.114556069906078
-1.441414052099810
-1.421093292874568
-1.063986067138156
-0.647626898453287
-0.387362269556875
-0.150481749960482
1.875081187381630
0.702612427285903
-0.260335695518731
-0.871825197576297
-0.528229105202856
-0.330998298224960
0.276208392614762
0.687904263435355
-0.081851218115849
0.840295759948346
1.281480630869922
1.185080793630482
1.543930088474139
1.695913292522943
1.372415443101791
2.053950807724868
1.727815957270228
1.139479005230208
2.141968654200293
2.215760970324506
2.441556443108922
1.248628004332029
1.591466005247074
1.848087742437633
2.218133959814293
2.549726483483323
2.840334702251832
2.843461880164172
2.798456994395840
2.783117397076858
1.416640330264084
1.916835467636699
1.361807882717061
0.986337514328438
0.577086506041263
2.032332206283883
1.831012262745211
1.200901687398514
1.071500767664668
1.605367673388640
1.474478475918344
0.681236162976898
0.689100718365828
0.412720663557883
0.603508473410132
0.047092849820418
0.397425333818988
0.611262738900332
1.291728208933814
0.414146627541791
0.005631272545093
0.119271391716596
-0.282397088625331
-0.235011948053300
-0.746351193703506
0.953326206228263
1.490512743525969
1.680914876289077
-0.126120554972513
0.306150878895375
0.243050275464505
0.105364976836642
-0.116858659336418
-0.453041760030935
-0.049422117950700
-0.277182007120304
-1.315633671273718
0.408205579146041
-0.203546676473934
0.865522504596011
-0.152862221911065
0.273296037335692
0.920228952557223
0.351526490056187
0.046473721202494
1.013726854046963
1.045996421213747
1.226338961483065
1.281757431610240
1.071284946215291
0.080643567866631
0.134398522305826
-0.711877828425869
0.015657224476198
0.724121629666022
-0.217747630416864
-0.324093706047658
0.579136753568660
1.231453376031703
0.857323777129298
-0.003915739882672
0.738148241543448
-0.351203187904833
-0.970249699797668
-1.410606011853272
-1.098394724427539
-0.193246955377620
-0.287513831707446
0.107869293177771
0.478428135708509
0.441884743903095
0.727635428443486
0.406812923745427
-0.451948336942409
-0.982607425103202
-0.112187392648218
1.055687260868247
1.178001057792797
1.494036954184131
2.136468018068165
1.519504201488062
0.984856088157695
1.267225538802344
1.233976523291205
0.980954939855268
2.046231203152679
2.192318147851195
1.426805681192060
1.242559774537854
2.935210244185074
2.806774200146930
1.139305816264983
1.156475987763521
2.329943547956621
1.621987016677926
2.275491452759378
2.880391916841377
3.329527914753435
2.961152679204343
1.719471087014124
2.187400912758119
2.261035774584826
0.665680954428118
1.197128346546711
1.112738617559887
1.249161944541790
0.697704292427170
0.857438669741116
0.903621202319927
1.044960344109478
0.539059466297399
-0.545020419710182
0.484642389542869
0.312010067078951
0.309363155892625
0.446368155364936
0.881534219612362
0.750907232182195
0.942052908255615
-0.058094960944474
-0.393020059899922
-0.647340071977910
-1.095784813332786
0.157418292534542
0.189613614203365
-0.339271965852295
0.673695947673822
0.152067535047682
-0.012065898246112
0.832417838119323
0.743427024356699
0.291002520497520
-0.878864939196681
-0.775937164744924
-0.038109345131685
-0.325537327095478
-0.921349716960999
-1.364773762448125
-0.478985431181359
-0.098947085911033
0.047911528231129
-0.621876593632516
-0.492992717375372
-0.234974343511049
0.584950110449412
0.052548626740043
0.129341468167554
1.660224489438332
1.332338715094106
0.219066954042186
-1.053356242694221
0.017419596803088
0.048812088329637
0.353132436226476
0.445021821030192
0.042761886642284
-0.393702619225821
0.136648603948728
1.439699852641273
1.653321433138087
1.233960787161682
1.169062745645973
0.149061157876769
-0.848997839779077
-1.682488461182627
-0.694027575482128
-1.296483554440968
0.435449845016620
-0.361177858135108
1.086018144575231
-0.650608434108771
-1.239865773725092
-1.112351608347704
-0.952427052176599
-0.410447356916537
-0.311430873935585
1.499554418465397
1.856928826262691
1.688326738328227
2.398857907253718
0.856119083871805
1.177514765773130
0.680695407891390
0.897374392258904
0.800270751609939
0.593232032102179
1.088002974468217
1.111326854862688
0.654064812261248
1.862395431025316
1.361110762739995
0.968986122743677
1.201147020535462
1.414290607818630
1.826820810295594
1.949238287445133
2.853673703975822
2.419338816206152
2.453588887274292
1.347890830234977
1.681518913542753
1.941595863559644
0.574823885662046
2.250659155153004
1.831020119136052
0.615304197051664
0.546393738868842
0.937208792840820
0.699950784503368
0.819550848668375
0.516558362767495
-1.171151563399645
-0.028581615723021
0.593988651651901
1.101804773716498
1.261150336072669
1.232674736899487
1.577726068990871
0.803065469074669
0.166105723434540
0.363741672380481
0.285186601534215
-0.576226837002515
-0.867597512842860
-0.410929474965138
0.855887075616431
-0.178684864516779
0.143294287750257
0.133650100536893
0.622272489156204
0.067667424622511
0.173744796122929
-0.184915195441346
-0.216661365764146
-0.346242525242015
-0.340825339410456
-0.045213985511929
0.398481148914110
-0.381167859581643
-0.366209685589730
-0.181032788612732
-1.234888477474392
-0.730630501198563
-0.564561932086799
-0.295723931952820
0.822341304280299
0.891336275026792
0.794033593830314
1.875643272522316
0.199702235447606
-0.696368892274220
0.157770241803205
0.557603651437790
1.044523735751743
0.635517938126026
0.283256601172765
-0.879488505494207
-1.076097185853507
0.535250403039294
1.476300999610464
0.728228259899971
0.969305583503254
0.471571585318631
-0.099212650542223
-1.091895219124926
-0.832557602422515
0.024626236205017
1.103882400621100
1.105563409978651
0.967712256796851
-0.505220121518544
-1.188632696311228
-0.504430753174140
-0.306049461805336
-0.416427698132878
0.670267803685440
1.671531781362420
1.584749662974591
0.134212632934571
1.264153321750693
-0.161972461952644
0.272776852736226
-0.329419912978040
0.098912077224832
0.894520384436571
0.439264749645777
0.465010124426615
0.386072156782040
1.063452514236386
1.395345051874026
1.256657485760785
1.109176382722448
1.344599209073891
2.167378138642415
0.562258963127797
2.006875862955349
2.039524950005466
0.949374068843728
1.331769080092147
1.638687928328969
1.576330862909313
1.076294902627009
0.953567569319225
0.897414433589340
2.282524512212643
2.567251155344854
0.361116515019450
1.084853851230177
-0.052306433141875
0.210491562501063
-0.275598486194677
-1.162512335364568
-0.827444690839255
-0.005575510551958
1.037026683175550
1.480686659341675
0.822110484705425
1.509107598505871
0.245685293334742
-0.011476541025895
0.433430526717025
0.180633546731557
0.058861700025190
-0.871591137252193
-0.120635458508168
0.532177127423496
0.393562418454828
1.277785495024652
0.706685454061376
0.473918145763710
0.897244912683789
0.523954410728713
0.470186356582929
0.439858486453378
0.459104879746553
0.117510197699498
-0.245913936642038
-0.516926106280335
-0.998268882320543
-1.188423418889089
-1.057380220520905
-0.803051009052900
-1.063995174260000
-0.222655258350520
-0.480596198550525
-0.254990003655040
0.160162398955627
0.550247095771517
1.892309459328816
0.309392694801684
-0.014493432609068
0.585029672614682
0.403059136122123
1.108571501002921
0.479497981888386
-0.415155143464025
-1.439221007484503
-0.380604363123259
-0.454552512923789
0.086068225961188
0.337930582485585
0.703572910731299
0.679041290235220
1.079712179575233
-0.492137493842280
0.416174047059628
-0.039265752385957
-0.486272042870736
0.380495876563405
0.544714953621641
-0.140939296379419
-1.226586702563739
-0.878342553188409
-0.395832664428514
-0.651628808540662
0.516657119831384
1.233347479404044
1.008248233921376
1.026200333341476
-0.255607605139031
-0.350178900886122
0.612130783750100
0.276945561229535
0.669773440261312
0.406811480229442
0.197350696931166
0.089277104510540
-0.205955418944696
0.448822197387144
-0.127538061593955
0.509673096002600
1.244316878767604
2.162247796059094
3.002183558443998
2.133503609051987
1.245268147225965
0.866572383200440
1.079214590964555
1.986231781342659
1.572026989277501
2.988397853676370
1.366840835912721
1.142652515685291
0.988154510805591
1.937317904384757
1.243447149293079
0.457385922381245
1.071248724540431
-0.115513949023267
-0.328917458610153
-0.026521559038346
-0.164196956880819
-0.606007550712674
0.046103284759919
1.350809946654188
0.618972266900765
1.650158744448060
2.294375958801433
1.770822986918717
0.956195647408474
0.370775325463605
0.603759671313568
1.126040799958535
-0.051097508047596
0.232023578956411
0.432902854571454
0.524209927521250
0.732638836235754
0.513773092008253
0.298773455617067
-0.541429570245577
0.136129088754495
-0.254166081763287
-0.370449652468142
0.354060349493255
0.459572887190731
-1.109113651700949
-0.172115320334527
0.420393734820151
-1.148099698161386
-1.050436450931011
-1.292944926787161
-0.293551293901480
0.075263667849622
-0.164279269856815
-0.409871981029951
0.352496040675535
0.287748307794484
1.092563755307860
-0.115335505664139
0.341030479639989
0.087106722444397
0.061908521813060
-0.346185752034607
-0.878541670480267
-1.096254229494444
-2.734960401621582
-1.444292115683508
-0.441919302648266
0.404211904116475
0.454815691102429
1.105144507993778
-0.348484201299280
-0.144353293231238
0.260352325175295
-0.860306431933761
-0.814480120418157
-1.012767448946045
-0.301856254958803
0.465952168900632
-0.579962479429488
-1.067309055935172
-1.268844139830761
-0.757775460518281
0.018319985161494
1.088420427231922
0.807366805970142
-0.100127393153855
0.940233860570285
-0.039107053489558
-0.754321031762578
0.573694191437598
-0.152225881187940
0.897108228278307
0.847749786815053
0.529621078235128
0.761587655055924
0.990586096182172
0.556157254411157
0.402572519187442
1.142082466058385
1.087976061072248
1.902293787019345
2.044202341420784
2.357924765765914
2.323225036331974
2.047335098802987
0.929811728360436
1.773904386185742
2.261975877022870
1.978300401365418
2.241351030189290
1.868818442004553
1.256118936988992
1.784278983250484
1.610612588264289
0.439960897419445
0.781238336830759
-0.304460096030476
-0.779613354369659
-0.328589917528066
-1.020389336819411
-0.675575941079762
-0.112698558852497
0.620768250036580
1.276135177387486
1.076099857656082
1.138219537606627
0.953898731604730
1.327646227766521
0.345356491282496
1.145486466540702
0.935193421156829
0.753578868181658
0.148812999075999
0.435908585944053
0.172640455358803
1.386616265257702
1.100903761681347
0.354576439728491
0.230494759481743
-0.385004386899725
-0.728126275463497
0.151382095784963
-0.372892643582278
-0.689740385268950
0.114858233137889
0.029813364158945
-0.139054444853806
-0.984828464664639
-0.830315564980694
-1.442807027647053
-0.554151878791885
-0.050569521462867
0.119793680475662
0.270783767192125
1.138524023468352
-0.011356292465803
-0.160763701652122
0.387239528933194
0.780159627855602
-0.382442979058659
-0.495125685026661
-1.277001591566611
-2.499969709507597
-1.993673085637083
-1.786773527782673
-1.391730293331481
-1.015862134707754
-0.943432734186693
-0.056714566610373
0.567074206163483
-0.527340907538903
-1.134106224744290
-0.813235479457858
-0.817735952986933
-0.106300891416662
-0.787726707580627
0.491725743526847
0.518404630574099
-0.786642000406051
-0.466744103907640
-0.827128292293957
-0.784861160030428
-0.110409602384226
0.089676413808566
0.833942787527159
0.321227400346435
0.225018803176365
-0.686964524969729
-0.083451266943157
0.347084188096459
-0.137636461357827
1.330159544597303
0.845565727857177
0.295460559187175
0.954498501080409
0.747209530998771
-0.286523667941348
-0.207668130911981
-0.515913793092836
0.579473398710292
0.935832625185015
1.770324371106237
2.180289614922515
1.871165111130602
0.969289630913770
0.391426982550459
0.868479171197150
1.815346943579292
1.107002921689826
0.266408498285253
0.175606267976641
0.133748456920049
0.813230054502496
1.209939979404787
0.587407597764865
0.492046757426137
0.112969600666168
-0.273189732095246
-0.252216601493119
-0.474313228953582
-0.390583100761002
0.720501195472182
0.458498271917665
1.397088203841179
0.980459799781300
-0.103571335297216
-0.631161502966899
0.339857701259152
-0.061395008413288
0.540191151459288
0.347420809945609
0.085883833916507
-0.324231742524972
0.668847725902373
1.179686768821643
1.226225677029939
1.222004123320948
1.167844644181685
0.716283994027864
-0.642626896386322
0.025168283290753
0.399825557247800
-0.536962825169812
0.138762755954325
0.932085054561263
0.224762897482505
-0.169860814960913
-0.358216450248289
-0.824065243364449
-1.567300167717844
-1.401437783082020
0.153443080599076
0.778803881376543
0.064944329081612
-0.084081642598192
-0.606416201516874
0.366681388808813
1.108671294384112
0.637452729165415
0.103613901850091
-0.542000371956617
-1.623562776968750
-2.571059046041434
-2.790206453333317
-1.830748123340754
-0.393106940532648
-0.617215376019841
-1.194442668413843
-0.549928861795364
-0.731176662797227
-0.444430542465596
-0.851357463452613
-0.188358557895016
0.120987768774682
0.249470370001243
0.367170288070173
-0.715037083968624
-0.014280176798702
-0.365646717005513
-0.682795116926394
0.359469893028324
0.280096773983549
-0.101996609189229
0.365921202596384
0.000223341926928
-0.011549520213975
-0.603028524273972
-0.395970256010032
-1.202143156409914
-0.678706598767156
0.251293318083895
1.022877262765568
0.182600494439131
-0.093502621761610
0.342529910757446
1.301239968210514
0.817645982922205
0.330821442547415
-0.303541287283091
-0.834085953952798
-0.034930762500399
1.195410933932133
0.956247511801945
1.218988808250196
1.366684158678844
0.962279066693906
1.905300133225366
2.326365609777127
1.285853154793501
1.518498934962533
0.239203754058588
-1.006225663558843
-0.068184766679474
0.070547384676237
1.586306115871180
1.058552846895266
0.474434013412529
0.333597602114125
0.419897059586469
0.165432287764917
0.686097814377952
0.639298074199880
1.451998255515252
0.765519934296571
0.592042715751222
-0.272287548589178
-1.077705580234939
0.836971356003552
-0.037398396689018
-0.749635239341552
0.094068333311378
1.113777444770214
0.187740800011481
0.416472137285008
1.207447620101187
1.743566436676840
1.043107743138445
1.224348096630250
1.692242553514477
0.285323426679746
-0.195311626116021
-0.342461231694356
-0.596599966259201
-0.341436219390726
0.128341125355355
-1.444242469025934
-0.252708563449653
0.156249966619911
0.050868855692942
-0.334195695281218
-0.657711727212722
0.532042871232557
0.521673467256413
-0.579114037217953
-1.133375992378121
0.316735265538725
0.395987806572306
1.406676939300798
0.376069994508609
-0.393782877662529
-0.045176934766135
-1.001712025511569
-2.144387087211891
-1.689509616537510
-1.839738078590982
-2.133728799916735
-2.164942809283989
-1.161235376410529
-0.930977329665795
-1.761240059933793
-1.717203102389880
-1.074118090240466
-0.490526246149747
1.085269164138965
0.239147061657250
-0.099106304292877
-0.751894154069115
-0.037348874354298
0.022573337857064
-0.486927661518132
-0.950764233083111
-0.326169006348806
0.131643351642808
-0.577477772401147
-1.171423606034695
-0.386039363534587
-0.918973765087503
-0.833632622781538
-1.169758998565399
-0.201300542997548
0.734287662477082
0.464160972901841
-0.008116205014142
-0.288828570980348
0.864825879834116
1.121768752639844
0.994648085614389
0.340301993891926
-0.113912145179876
0.231331545523437
-0.003343323334515
0.465904364798134
0.991106231074761
1.306529936740366
0.939480821336597
1.990183619857737
1.495855536455982
0.078218121663205
1.556696668940807
2.088438176984245
0.043445720692106
-0.519602570410639
-0.696193872097973
0.824703995618866
0.859287627633389
0.771906633467296
0.621388793586118
0.058961186273307
1.013718516734641
1.029848827551597
1.093006883950373
0.300912067771565
0.455057623480245
1.003815939834734
0.589130419798048
0.352059645353752
-0.148424122972352
-0.089058225806261
-0.535037027625377
-0.878917615853933
-0.448797166133580
-0.126158968652553
-0.299150875774517
-0.357831199580138
1.094356102601041
1.433513162433388
0.697890706838077
1.222862519376664
1.189955717487394
0.807827290148056
0.699886163687611
-1.097811290124447
-0.667606853689745
-0.755853426948917
-1.654223868637876
-1.631391366869593
-0.469945016276248
0.649435144529868
-0.130660030834401
-0.809742066874768
-0.940310857908983
0.283239635240909
0.281975530731615
-1.637848193617414
-1.619501392607738
-0.211143948535573
-0.550374839975325
-0.044047821936232
0.493497799401797
0.097684461198767
-0.216842185095017
0.290892786178103
-0.944885590177778
-1.019575125640132
-2.394989333169188
-1.988590780011076
-2.161464694658747
-2.256471897864754
-0.998160575148373
-2.128399027137680
-1.131419413559080
-0.316268342504465
-0.969041512503667
-0.479377310137591
0.167493754864203
0.762011720597473
-0.073664756627106
-0.120327399992624
-0.232473820538107
-0.516871448344342
-0.822127006738657
-0.613795579462738
-0.855263922463010
-1.614849143584501
-0.882605095410741
-0.378866481304032
-0.945073458263251
-0.488186926496916
-0.386729198176301
0.217213983741675
0.847311169371576
0.299829639743918
-0.104234711752885
0.059216816127813
-0.184965796515896
1.373700687571644
0.984981274175603
1.788279104208574
1.274586767802949
1.035407133130361
1.302982042561643
0.897009652814925
-0.067942792020262
0.356964226255302
0.574194969099737
1.314482929806356
0.753743608851223
0.878519018914618
0.629549776203204
0.458802991483587
0.167398935198571
0.783141786960411
0.233127880782244
1.155506193496971
0.656525642113869
0.284417921896852
-0.026776827335106
0.187268237909883
0.779612868441489
0.405844603314370
0.666203833478877
-0.542393921393729
0.177796269117072
0.647166764475314
0.928848190120893
0.472080037764605
0.999698744801586
0.464937362187435
0.723082540810540
-0.474400040331771
-0.459862035857966
-0.456048962485704
-0.570614052534758
0.181808808810434
0.563581088480045
0.463310432589900
0.744955986552496
1.526092324910142
0.939739327625303
1.072292235191653
0.620630102910724
-0.952456645192470
-0.946316109023583
-0.242800142711830
-1.335697105074577
-1.585083442231114
-1.003002914637571
1.121061085891376
0.303320489724051
-0.279228699219683
0.003656626459784
-0.358806432136883
-0.840938846780417
-1.400157737110105
-0.643709184916987
-0.192976936942493
-0.618642671444421
-0.595331787935649
0.314517335944175
-0.262881034712850
-0.123396450269810
0.410348051995951
0.227356551915532
-0.939938826023606
-1.611560810037632
-1.579183361066760
-1.043923795482462
-1.402011337515600
-0.542996832521267
-1.576593443801610
-0.882651593616030
-0.193922220867467
-0.513013241064538
-0.037250831377971
-0.227834117434076
-0.272364358471523
-0.306566131416389
-0.324961340199428
-0.728067437432885
-0.291948118522090
-0.719895551910386
-1.128310572668135
-0.525715367224071
-1.062552201177928
-0.587408132583183
0.504715735831433
0.348665587181248
0.169959677934198
0.330351745712740
-0.055721262131892
0.300521294648476
-0.180965905889767
-0.152577359402767
-0.261019445215865
-0.620093456937496
-0.046976141115111
0.460738647666009
0.952049672354426
1.124348169607497
0.514789265383668
2.491988579978252
1.715911048416105
0.729152276898351
1.576644288940203
0.878189741885964
1.037368166867945
0.381690912306397
-0.120288968079038
-0.135934789097036
0.073213072687677
0.178809253400222
0.023815855683524
0.836068468136494
0.379285588947340
1.067394657795718
0.591696355789984
0.209618490788480
1.225788984759061
0.825163448494631
-0.139143371368533
-0.532183616040502
0.072423838245758
0.144553310621830
0.625469414747001
0.691236560955709
0.603612131401108
0.287794798451396
0.421737855592110
0.955293534185054
0.635100807440096
0.169176663160798
0.110190872088588
0.062763635077232
-0.346344500912847
0.314736376670576
0.583780584499862
0.576137818939496
1.969637603844743
1.849391794233695
-0.319196059690553
-0.167508262086534
0.576823317611720
-0.239431412034487
-0.347599484396190
0.374134890123352
-0.439791051914778
-0.268959531269269
1.221827327525431
0.573390043787714
-0.276661392450326
-0.153798436884166
-0.389512198128569
-1.692577418528171
-1.273455146557877
-1.004765257285129
-0.285470106217358
0.155330406374610
-1.669823711963404
-1.703391606297854
-0.012245327757570
-0.027440732592139
-0.629208573877068
-0.539896201764496
-0.386872251180872
-0.952444082615656
-0.752653912997398
-1.290870054819627
-1.159612298160531
-0.524436356070867
-1.081805953096984
0.166176275998717
0.001836642185317
-1.051027543748592
-0.460750655266114
-0.975085663864921
-1.092878048401177
-1.504159173995155
-1.420377462903264
-1.032862838887558
-0.300953721941402
-1.491030603785169
-1.640756220964592
-0.849997595137887
-0.272939663774208
0.775965270510003
1.094723329883893
1.450399304484711
1.471823498511122
0.668075011133169
-1.201332140865641
-0.589870542107626
-0.571585799382423
-1.193301157983725
-0.592841283980108
-0.936628282909434
-0.914020777701417
0.169626843695092
-0.313086784882336
1.431604249753690
0.970571115697764
0.965772495084464
1.548916548963457
1.050342740121057
1.471554510837249
0.861731528350871
0.779917778387028
0.420437792755155
-0.449483796615651
0.352573477387976
0.546058368063750
0.889651510291176
-0.071024754532101
-0.332180822204025
-0.204959249546060
0.225350452728215
0.845927598064806
0.150279425299155
0.962447909705650
0.472058987948422
-0.009617167314087
-0.075766327654014
0.514511148416168
1.149903996156344
1.498089978629686
0.770350230676536
1.103653304526292
0.811437257875410
1.220802072106843
0.872119504733009
0.028573407784551
0.135068095516854
-0.386759261040503
-0.398336746362552
-0.284800422813800
-0.957454448157128
0.345384846930403
0.317310686493152
0.203218693206481
0.709545772652847
0.440060739886000
-0.716005066516261
0.209690433899006
-0.058773916745166
-0.375427828877893
-0.014330461486800
-0.244211727719888
0.852320748633444
0.711885266350488
-0.196091023496716
-0.894245678311908
-0.845507612648871
-0.113370442561847
-0.194736496825828
-1.439009790393336
-0.967111419034665
0.607787410611048
-0.122678978749936
-0.185421206968806
0.214942243595511
-0.685473254240819
-0.450445120127276
-1.196822104620412
-0.762249461292203
-0.408456540865752
-0.874234270312047
-1.651486017927155
-2.076170491112976
-1.457460518601611
-0.757777944092301
0.411867079808820
-0.749183650219268
-0.009871122093888
-0.455542575376940
-1.190589419726373
-1.559841145044423
-1.376196022957492
-1.887237231658041
-1.830667079934605
-1.485442672624101
-1.075343944192559
-1.085102581696710
-1.245795312392254
-2.353458832651802
-1.065719023212804
1.337156028194602
0.956930949561198
0.682628676414145
1.026651280035640
1.219207243272879
0.662981090453764
-0.065284292577117
-0.571312348207077
0.082250514042359
-0.535771067207048
0.120167130073318
1.245349762955804
0.234395246612772
-0.355264872758959
0.942191706442020
1.039831266743985
1.423032548888526
2.506353403649028
1.706073794736567
0.180438278745089
1.770511393328227
1.199667588442436
0.486829002996917
-0.166927712253985
-0.854268074508800
-0.179336979663987
-0.574160091124701
-0.138666743388193
0.751277916215783
0.256639370447813
0.383901793124255
1.031666097791422
-0.187593928217103
0.256609409636580
0.661960016246966
0.469400322712450
-0.036146169362199
1.031544637961509
0.903962938848384
0.983733279850060
0.897388873082233
1.011355076042535
0.805378037710884
0.196928219412857
0.450475936026011
0.607346425550044
0.014662393428983
-0.795300898726503
-0.977144096034923
-1.150418286841833
-1.103582958316266
0.042697194129920
-0.289349153921009
0.910709367890513
0.908107889487211
0.216171849887680
-0.571255385704219
-0.504294108901264
-0.738768995792081
-0.826567945326621
0.023682963713969
-0.164541906183756
-0.390523027748342
0.256295198793476
0.471539431802432
-1.390811888836530
-0.458556412284790
0.075400703339915
-0.534417822714676
-1.352366145381075
-0.585120194138153
0.260564944279800
-0.477816150081953
-0.506363987335233
-0.247399866549015
0.318261529096933
-0.814507014462449
-1.021788162259540
-1.319566967843500
-1.046881124939343
-0.801772675776577
-0.949019075250032
-0.264866270448758
-0.570949053622202
-0.135027956282456
-0.394572629566494
0.526974289688467
-1.024086962829356
-0.923165624946198
-1.901268083455333
-1.772595906958349
-1.505822289178655
-0.756159618964639
-0.946023477310398
-2.071768169354260
-1.994307135240018
-1.016836178323630
-1.731386789248474
-1.042661615947191
-0.908926028174545
-1.330490900077601
-1.077036744628430
-0.399153015540837
0.627020540374899
0.619621339952574
1.431745861529871
0.783513264731361
0.795605469298743
1.130854957264063
1.420147549666748
0.337267070582477
1.045259575427869
0.496969721425900
-0.497610864312865
0.121767088394428
1.330151565707480
2.436193399219603
1.867836792518308
1.850996590780140
0.693723131945886
0.634686434611623
0.693119948919386
-0.230108586417891
0.706517058331386
0.322998563143819
0.497054914540767
1.478753581830168
0.909842129992672
1.002191769466970
0.767096455057326
0.582597485440205
0.667578583323596
0.637449212985711
0.812866695992812
0.232453484181846
0.633037915630008
-0.090215583007611
1.715764171523413
1.256457863095957
0.885560540062376
0.878792828370401
1.097786836631812
1.615881485591536
1.466101344773030
0.972098968105245
-0.024024668564450
0.111866676369022
0.143562874448097
0.241245751905499
-0.512208623658031
-0.704280989452212
0.087494317267205
0.531080604148397
1.133287043722419
1.539160370941612
-0.513180980706916
-0.052032727892304
-0.234155229351476
-1.223995650083508
-0.800485557125057
0.031365110044953
-0.682380308095706
-0.424527552914503
0.541512722419984
0.624680175766416
-1.269315707347502
-1.391503219770463
-1.011579447095385
-1.324739259397950
-0.484762800029254
0.427531245485640
0.144596407786371
0.276672193558804
-0.207109840271115
-0.261417629177015
-0.235030043262058
-0.813787411748414
-0.660724704630180
-1.546372655357472
-0.561003982914898
-0.854273371889618
-1.315204439056547
-0.380412655543743
-0.328110445807787
0.074791340659717
-0.435010751804800
-0.453765788199952
-0.138203342446620
-0.698725377579019
-0.923444413850403
-0.927482062783869
-2.271909026776950
-1.218177663216944
-1.528826555897292
-1.784995820988690
-2.314876451051831
-1.729655946089069
-1.304482391761928
0.028809011289636
-0.112405469938836
-2.008350838105422
-1.865432688679060
-0.599613058005631
0.210593487522938
0.943108456379059
0.876430097892850
1.100008610673810
1.597454336049200
0.968776632343986
2.201684372464588
1.381729615847195
0.063687432669482
-0.403790676000758
1.098428305499654
1.163361232779734
2.271300363935365
2.182102681642923
1.628315942671685
1.143214343560314
1.086203153857866
0.721123184330998
1.361021290103772
1.086509339362594
0.735051392905679
0.087854397962401
1.350920050032471
0.574933696202585
1.212032770497624
1.129785154127664
0.870093368095486
0.681441900282454
-0.445376292936420
1.656252566145253
1.018874783709870
0.882529589061409
0.405878232975963
-0.207077953270968
0.669832394249237
0.726972359108029
0.286445069319801
0.757612097333588
0.634920171559763
0.455465608704299
0.303968518406011
0.331573069716343
-0.012747118248336
0.057959917573829
0.068690045863464
1.475965541040001
1.008385934708770
0.308224205888771
0.124286651431235
-0.407118831867940
1.098610302618262
0.101158785668071
-0.626872733976815
0.098554100050689
-0.289239278104936
-1.936321393697813
-0.782303946032056
-0.277872842139253
0.575590972837166
-0.418089680234979
0.238587074596053
-0.400885247216533
-0.947573417582159
-1.055021821188648
-1.247950818676599
-0.917198429127593
-0.162723805858947
0.040606385017443
0.229981815891298
-0.111517053999838
-0.495373073770017
0.891677516616366
-0.457692254121584
-1.190675505753608
-0.890839443158933
-0.579187052259504
-0.656311449773008
-0.728347512439815
-0.997528055719635
-0.679106237656164
-0.782088896076251
-0.286527550202208
-1.346547226354437
-1.097774969621143
-0.046363484551865
-0.046548242008637
0.091187265524569
-0.214474346365497
-1.057577688403361
-1.285391637949508
-1.544291475663793
-0.970712076582692
-1.396823605097299
-1.855452664078534
-0.196087783796899
-0.081785873731267
-1.816365637866944
-0.781591605860092
-0.939603315551108
-0.302959627887357
0.103516286793607
1.591397551779121
0.840934117306026
1.421714279874394
1.106057811679036
1.108000614915734
0.996617415471268
1.404986434242869
0.806152304155768
1.433730372346733
0.815630370296447
0.714430258100165
0.684691998135683
0.813503517729305
1.234084680385218
1.448698016798674
1.318102114464759
0.882831196171706
1.096134444184519
1.271899045702742
0.428848372102190
-0.370278638246989
0.110192369527749
0.041845187612906
-0.193791554593168
0.418496325963985
1.000135556779143
-0.267678663581020
-0.532553831766952
0.492253770928476
-0.298199999028255
0.498169206306498
-0.754779559839144
-0.581769356364395
-0.188936277496235
-0.916709751104957
-0.118041866547932
0.068153098789679
0.248530920445790
-0.249583261864905
0.820136533969239
0.522549465178604
-0.047162529722987
-0.736990050998421
-1.000781481547445
0.013614862930267
0.430582037764117
-0.505986725365683
0.017627218544895
-0.114765463019346
1.026796930450891
-0.140772908660767
-0.829630992895379
-0.580104214008638
-1.162369900795388
-0.891276939283847
-0.805690989020531
0.085628389175341
0.042648691623440
-0.381033520300667
0.519335736342684
0.959081119466667
0.251135929272406
-0.408772965475986
-0.412742543221792
-1.537320449405823
-1.255708433498482
-1.112281461652992
-0.351594669715695
-0.151761824862943
-0.360951535868442
0.360420029661841
-0.042887324133463
-1.272837616221318
-1.186496575586872
-1.302465120934265
-1.330067104993044
-1.297476712707981
-0.357427477777580
0.268543959748904
0.545976137563316
0.578668492789091
-0.675486257506965
-0.495711237514722
-0.542573856158351
0.450339512671917
-0.146109223624008
-0.592285909732179
-0.682501770939726
-1.185600380732541
-0.340446540727395
-1.517470442644399
-0.720535300492490
-1.508405727768464
-0.433577586002486
-1.128042987263940
-1.610562926781775
-1.210090873421760
-0.510840826491979
-0.972159720398898
-0.006912079224894
0.309034439944680
0.387595719861927
1.170568652911546
-0.034484964032666
-0.365877139315516
0.706405192924122
0.856256424038284
0.950740299866517
0.848364565232349
0.483657112338510
0.639258757722255
0.804812444840711
1.319514627743070
1.095987022874244
1.319581825781673
0.761086517092331
1.514593180381738
0.974645990358128
0.643672922172874
1.356113536521436
-0.428017370982214
-0.799611254101859
-0.150897344370321
-0.411360809329782
-0.092289387419620
-0.018204288229258
-0.125067426574223
-0.352926653493970
-0.557060293453904
-0.485193340552420
-1.282237572628424
-0.882099886469749
-0.765589869031291
-0.110863452574306
0.667975000188774
0.069289984699852
-0.511632892687400
-0.344010948362481
-0.738426436395186
-1.134170070677568
-0.849859953919509
-0.304296424447234
-0.897839156188495
-1.888081255858769
-0.452216729162033
-0.565735327625412
-0.536214227808198
0.048634519554481
0.167788663035395
0.206172108633982
-0.888756881758983
-1.510990975873522
-0.312126155127218
-0.012755170234581
-0.224722518126535
-0.027984077929861
-0.238604021706115
-0.947791070000115
-0.559560955756658
-0.071688600950929
0.985637993736454
0.904156512792960
0.465262869342464
-0.047247826034220
-0.128597431349804
-0.812054429381747
-1.477580566189980
-1.667844372197530
-1.859764063141954
-0.654484548734634
0.518546537810931
-0.397322088456846
-1.407656810347437
-1.105054523059858
-1.071911852154755
-0.734460945133479
-0.826106286058363
-0.369414303729277
0.490522787170880
1.122607881587848
0.412905788161317
-0.690656970138794
-1.358855038116027
0.069374557431648
-0.428757406267450
-0.169177191273978
-0.368717839109119
-0.846063094283139
-2.101266303310870
-1.477650228559647
-1.280303954035453
-0.781630979364531
-0.975099268777063
-0.708672941168012
-0.963507642967875
-0.954461957524281
-0.887169523600995
-0.133835148607309
-0.524412094673549
-0.336333092562805
0.253574253930741
0.322495461576638
0.796156618987911
1.350557812017310
1.143985984850625
0.617664240297632
1.264757253577908
1.513846033138054
0.319206198327522
0.222194000733682
0.064262533372824
0.217840652809634
0.671514209951423
0.737450930588380
1.023091631843243
0.903886852604051
0.643261026297255
1.035584884245239
0.120095199031285
0.415630674869583
-0.435549500458413
-0.582660097576038
0.454598671588641
-0.259813538110201
0.990371652658799
0.615941433524148
0.437962715936711
-0.136460787752675
-1.097595618636832
-2.066088370781192
-1.296199779210077
-1.546148711999878
-0.962219979870326
-1.200188837317232
-0.288981947326743
-0.014498937436835
-0.439519468574308
-0.352022687754599
-0.348951671948924
-1.071788122560076
-1.119798189901636
-0.582881789228815
-1.136051175602346
-0.869978076057469
-0.531262223443790
0.395192427885431
1.684815859564930
0.903488007978120
-0.006749353028891
-0.412614096656504
-1.312002620399026
-0.831323091732713
-0.613627935388772
-0.797189431994133
0.012066545125997
-0.153096352840725
0.527435836529383
-0.290140847130588
-0.824885141090154
-0.736007666007543
-0.627166828571199
0.126655578723165
0.511024744719613
0.130726680157189
-0.368694490483303
-1.004070792130399
-2.398764078092568
-2.634470365989365
-1.245677872475829
-0.036015414204083
0.459993350126341
-0.608878683367559
-1.173869230570743
-1.393560185252261
-0.683667065196229
-0.599377779615739
0.646777876035167
0.182469541649040
-1.716480847757714
-1.640158114599548
-1.114328508209720
-1.566009920472826
-2.288654935850690
-1.487002893577796
-1.680086566381410
-0.994072797751103
-0.458654114113083
-0.945695911079189
-1.115748118811134
-0.747750335301795
-0.749520635759978
-0.802891014607820
-0.315141324424403
-0.453837910867719
-2.301888476542284
-1.952759235127049
-0.693414629081011
-0.524478850620542
-0.774321220612723
-0.634312968620523
0.662992356471213
1.022032416399091
0.367851386213423
0.687616624870955
1.230992724811153
0.987695656552719
0.470525527826412
0.070461278821874
-0.283106688784013
0.739334773788185
-0.196070946003904
-0.107202116486090
-0.166027762486729
0.320387515387669
-0.125838136753801
0.672232854966428
0.677051558475592
-0.068556227210423
-0.874925587606623
-0.756422083353675
-1.206375160488258
-0.064102731019307
0.488641261151555
0.553266917909576
1.198794171932746
-0.254657822848551
-0.374570113315502
0.058601429352776
-0.799029178841404
-1.220768413529009
-1.244186122487630
-1.136888094104355
-1.229075143303009
-0.044536211867859
-0.514028617026169
-0.493375817972182
-0.200665546498467
0.586135631861251
-0.611756631366593
-0.998839155817213
-0.670120684963232
-0.971939212571341
-0.701364858778452
-0.130413115175930
-0.613202543866141
-0.044319969527978
1.166831716216409
1.810823843623728
0.276065555317624
-0.697638948458443
-0.369880142011451
-0.054863104672700
-0.892001309918302
-1.297309186944139
-1.381869544894264
-1.186271004706349
0.036080162876733
0.532899171943813
-0.665074545959519
-0.273779192159234
-0.810814483617966
0.486159960452507
0.350564052770112
0.374788409354237
-0.908273542703984
-0.429030686097357
-0.684797856473589
-2.057760987492488
-0.906027683459177
-0.204920762320170
-0.991158861736907
-2.102573611307804
-0.894530167937954
-0.997184147057886
-0.712772571425250
-0.871513615369418
-1.285001998226025
-1.126702968613529
-1.684100003913245
-1.475842435904731
-0.645574090792290
-1.392760236676672
-2.054394281435719
-0.832640263968381
-0.896356547822572
-0.734662697280719
-1.125751027288858
-2.062812668017140
-2.140899260944292
-1.260301343746141
-0.363903893166126
-0.502815389536633
0.107770340706756
0.142760142942957
-0.732265359115949
-0.343893457532728
-0.063351245496559
-0.439948382945939
-1.249208567819849
-0.801106601235581
0.436370854681058
-0.047067805194730
0.461550710099905
1.138421950923828
1.252248072481414
0.202222009458172
-0.294384896593084
-0.080667979234275
-0.504244624031516
-0.518787983866933
0.964704330254326
0.413137248807097
0.250252296621042
0.820873101293233
-0.237648080635968
0.742424553454958
0.236506995764047
0.557275014131020
-0.152056007617305
-0.472533524322001
-1.134536447616492
-0.843841039443226
-0.571988230430729
0.876173970894407
1.472559646533389
-0.154291628269208
0.028173501968969
0.254824533793021
-0.369865940782526
-0.339652956885105
-1.731458547747760
-2.078724177996598
-1.489734089864155
0.203307628121785
-0.461555987428096
-0.495287027991162
-0.477957490035941
0.142620287480507
0.811290227274376
-0.894323245422257
-1.218630199281164
-0.708975608897930
0.151640385449334
0.684417669478395
-0.449251744707351
-0.197768040577591
0.417206421034016
1.527675229047873
0.866784367617353
-0.182650790327581
0.892412847292771
0.243375650996141
-0.961086203366080
-0.989933506222445
-0.028450088485282
-0.157268001669626
-0.412888204340878
-1.388444533737706
-0.152702627167123
0.763169514790705
-0.788300720845195
0.074949564063020
0.098534045213965
0.135542522362639
-0.707431593157797
-1.021635952830849
-0.983990919434540
-0.743000847904322
-0.222722939107040
-0.075130824159996
-0.472442042796020
-0.790000152777785
-0.861221460199083
-1.032095377579925
-1.183397701910189
-1.422833148948509
-1.914753513097128
-1.864861944953381
-1.310851264461469
-1.360794917020276
-1.761710090897096
-1.573436813738079
-0.876377058288045
-0.504870770549395
-0.257912883606594
-0.542480600541525
-1.371657841357397
-1.652169187151255
-1.078231976841207
-1.514429677433888
0.003565041704764
0.133447689670044
-0.254137594541469
-0.138794342010813
-0.418525488639581
-0.370469151074655
-0.912980882374018
-0.491363815985436
-0.241100898370514
0.194058735147994
-0.250094799647801
-0.180170686677805
0.730735380961617
1.161116501762107
1.001355792823811
0.819605708366292
0.348986703406274
0.193607926763736
-0.372966352378200
0.712836699834747
0.822139188103943
-0.133308839207195
-0.463890778793221
0.287984758648093
0.613818972430465
0.566025011714424
0.553657523226486
0.465218321258845
-0.277609768325382
-0.330500036571040
0.312079107402903
-0.299330876860743
-0.040917034784276
-0.219112387230779
0.587550417189192
0.451932996924005
0.718512669840325
0.416262455236731
0.417369740038330
0.068955722160357
-0.161251428025929
-0.075581543074821
-1.086533219301570
-0.772595206038090
0.381879955978454
-0.030155001646493
-0.790800092325701
-0.828670286216971
-0.442942696723767
-0.373839808776660
-0.502370027278762
-0.224056016556579
-0.350471345050927
0.003752861119761
-0.867840994246185
-0.347000401940498
-0.478727056895483
0.839093073081409
0.835827824608446
-0.352902589979868
0.316039570214029
-1.164132662221193
-0.046387657843092
-0.293602958342775
-0.996622107040897
-0.382719556870256
-0.360775152285472
-0.209580567716006
0.170124899029872
0.901482186303530
-0.513906993965297
-0.529858072698062
-0.574373096729857
0.024372965607551
0.485800136844755
-0.967088446081964
-0.930010166158550
-0.777591182944196
-0.989771935143357
-1.050314745150146
-1.031145902944089
0.421747828651479
-0.430010893555281
-1.364045473020540
-1.420717109327216
-1.619849287814777
-1.943773919907112
-1.046867602798615
-1.510828556188786
-1.180948316755367
-1.045082176445846
-1.125730548515721
-1.768889515397603
-1.376085845765097
-0.754710723087263
-0.931664950685468
-0.705228069995715
-0.929806639975683
-1.291208223406864
-1.155510356829472
0.143821021825784
-0.337188791575051
0.014455775175749
0.353868815220517
0.010278267151632
-1.162587306423791
-1.787203444744347
-0.834958614107380
0.376694719971368
0.622866826761638
-0.163991477269622
-0.636092256010835
-0.179482637318281
-0.069193753161643
-0.524801997812700
0.144002570258464
0.266174383550403
0.484692588540890
0.207359581981384
1.214137024675302
0.478663173201078
0.090617803032959
0.739675450098182
1.081418032938173
1.636521708390900
1.327329128693655
1.283346583223979
0.339179733747140
-0.288533598803493
-0.812301211715334
-0.090184103603967
-0.477103438005909
-0.772368965127810
-0.402347151393385
-0.239161213805891
0.664025629692833
-0.045663059297672
-0.049799894458445
1.424129396597152
0.641708210745751
0.230860551281679
1.182364707965277
0.523628009707970
-0.041331715704304
0.488192565706135
0.345315226968575
-0.354058538583691
-0.815700180574768
-0.635314104512152
0.124283362894453
-0.464414025453916
-0.778147403688433
-0.192811579574550
-0.247570561254435
-0.884442550878425
-0.771669349195089
-0.764833370471381
-0.439244211504312
-0.114158180892870
1.033169427015735
0.591392216061409
-0.304750053890686
0.038192785308257
-0.483428336862345
-0.149801291656322
-1.260106208116236
-1.072452602766189
-0.861170901028061
-0.292203679227456
0.435283138502481
0.868389784890949
-0.648958648291410
-0.942447837437427
1.049828812905547
0.205173436589613
-0.135640298818069
-0.715624464822256
-0.132074089578771
-0.029178597835921
-0.634493172711645
-0.441388729466304
0.680555643990735
0.196644535531515
-1.096679980265801
-0.663157609935028
-1.769149331318027
-0.760157536496554
-0.234955146111140
-1.279973216783745
-0.997409205919836
-0.227987775956298
-0.916983052371630
-1.653136552595509
-2.098962272717901
0.170014152047361
-0.450735748590857
-0.773971618820838
-1.022046449614722
-1.639525403018339
-1.675262483055917
-0.513843041345969
-0.331869836405039
-0.500916217755810
0.616035409149370
-0.551770997486339
-2.030916372983140
-1.437469097804499
-1.058078376574272
-0.571123088891194
-0.277713291851030
-0.615430581722825
-0.475712172287251
-0.898158121174517
-1.410711083117381
-1.237642102059808
-1.172962019094761
-0.433398452178068
-1.071697485034125
-0.524294484758728
0.111954063544541
1.271055207915375
1.352912571778814
0.892518844249691
1.457227519912071
1.232632102098304
0.557545926161736
0.176834586187097
-0.036563300741126
-0.047773845093272
-0.317186494780887
-0.784295822527103
-0.306036577066592
-0.884969650222139
-0.574276749520815
-0.319686425965395
-0.413889334044589
-0.522830154902115
-0.672853145031523
0.613845816527751
0.017232536654453
-0.263420058726965
-0.171018177311522
-0.191370994259420
-0.038796250529695
-0.407161336062212
0.153232256152450
-0.611427259477499
-0.199031890995731
-0.433304292145761
0.190800749163801
0.046614537665527
0.065029651838805
-0.660062327720321
-0.280907604370171
-0.579673363354243
-1.253635209653662
-0.446974430558467
0.047891867445711
0.881236940047714
0.930227841229985
0.212170683268449
-0.115757316152562
-1.077250569317904
-0.609971872084014
-1.312051051445161
-1.935439881810390
-1.236405215791817
-0.105973752822360
-0.804498595545472
-0.680401334826807
-0.077581622306995
-0.017954767849206
0.490434827022516
0.099418834442416
0.184029739879962
0.662008173711644
0.194481659071191
-0.642429616339192
0.004707575104723
-0.494873370621557
0.225508488128190
0.701270710631526
0.397743264072846
-0.504782539057744
-0.520906855430907
-0.431634895161955
-0.909719502507464
0.225923054608975
0.444706462100343
-1.267218403405198
-1.420889232421247
-1.708693957829264
-1.311033534775423
-0.816702223010227
0.749837170936626
-0.021049441553333
-1.533992744529350
-1.730104391658273
-1.156412041683940
-2.104145208302593
-1.384872321300183
-0.313317571491126
-1.480287642453114
-0.034611866955472
-0.629024510105862
-1.171351247623738
-1.075946629510121
-0.784485031865694
-1.677121715535641
-1.705154927021205
-0.392092805178360
-0.961908005822857
-1.682887640684442
-1.569790353410728
-0.776571185958145
-0.795758155709369
-0.579897499849704
-0.848673205571808
-0.396615857098784
1.042713238946001
1.748543088775117
1.258699441349415
0.809047945414555
1.654034710954757
1.356421319459594
0.917389285389744
-0.707958727648237
0.029372369342004
0.722075345355871
-0.901831921267241
-1.007794961950567
-0.145696678129256
-0.965154098467791
-0.325880335067810
-0.397264010423159
-0.816353842538210
-0.239548671875324
-0.029066885803448
0.320452830445268
0.043029082281587
-0.470481087409630
0.036053333534057
-0.667991400735911
-0.873603401559003
-0.694544187317030
-0.012838011407909
-0.655506969250411
-0.169523056564376
1.038009200528913
1.574573894541408
1.011531855067489
0.291589965173852
0.367530196388781
0.195144007115691
-0.160730564118482
-0.095223608932073
0.078104673479392
-0.306493870111710
0.647696180668613
0.611058291219587
0.582232482287507
-0.074988372858421
-1.125599030363160
-1.554209586027075
-0.942740657391707
-0.968827866949314
-0.331373191484599
0.651247523011711
-1.216062267641610
-0.228821955942587
0.327059670307601
-0.222152763479429
0.227757831301487
-0.613924821468794
0.944152480814785
-0.070459558790236
-0.822112070841803
-0.128016114310503
-0.678779071460753
-0.836646038827009
-1.114745108097707
-1.045109802703704
0.063513405974381
-0.500251762834973
-0.631741727128656
-0.797375290470873
0.135892186179463
0.799680735534724
0.979059579751655
0.120340382767380
-1.005505912490877
-1.290878786081002
-1.298606348005124
-0.952581839604032
-1.248585274054552
-1.542690519437312
-1.272105803053652
-1.584879641049864
-2.208188125775989
-1.636804461862894
-0.676052330869555
0.221686719358830
-0.169540813523363
-0.741139583567718
-1.338317859180375
-0.735498901732677
-1.215835753621930
-1.624396612388944
-2.082337290354919
-1.457919240448973
-1.027054011907353
-0.966545863675267
-1.823020396247302
-1.152533661657520
-0.451227301893740
-1.084553884352433
-0.304332264045433
-0.587534179730715
0.290418194530610
1.048529730936119
2.107402669831350
0.088041467597266
-0.028758079543589
0.893656927670500
1.358099702213067
0.339936138307316
-0.191403570118345
-0.442628423383758
-0.754327304330162
-0.404603820854649
-0.802405455977242
-0.906018982916540
-0.796028515241846
-0.640753485556013
-0.182010384177120
-0.426832029641327
-0.545111399863914
-0.564879409362856
-0.504160865041624
-0.157504570240078
1.144855609790124
-0.144450453900019
-1.005129055956322
-0.921369229505208
0.035024365605768
-0.751296660614498
-0.136539711812069
0.289257969729298
-0.298348059802930
1.014150900477870
1.036710971364896
0.930734825284433
-0.371565930189459
-0.156091630734278
0.224113069482357
0.664952368106751
0.076732662200341
-0.542746488373564
0.923398888197881
1.122528779807751
-0.505067474832019
0.525747317169099
-0.489264187608593
-0.066914747053810
-0.344777331773720
-0.843437698267568
-0.193467204731566
-0.280878501575077
-0.366243488523165
-0.187963143019847
0.304619267305797
-0.283765290277736
-0.413253865740910
0.742252052454984
1.243038687483871
0.881222700193983
-0.673417181059821
-0.051562279043499
0.269598572632687
0.486903752241085
-0.265931149285539
-0.861228107022628
-0.709350643716282
-0.513240716272657
-1.155909781862524
-1.189778991739373
-0.360653972577092
0.559069037435169
0.399931213149695
-0.738440525979372
-0.827927256661406
-1.022719355239259
-1.542410182243410
-1.871286196641713
-1.352599914700888
-1.668343726716782
-1.414394703787603
-1.907032168229802
-2.369690131494299
-2.300236570677913
-1.958929641632244
-0.213543367301555
0.870596469699842
-0.424271012734282
-1.697830247407819
-0.803946164091254
-0.987399171517389
-0.926027300808857
-1.015233982937291
-1.500864822745685
-1.270333011669770
-2.162545185667314
-2.364009722295145
-0.838551145595478
-0.633298365173119
-0.505101678019556
-0.075567285996250
0.075447944027369
1.174615664175929
0.172721604428155
0.581002578127536
0.331505651891960
0.751219295906246
1.554528422363756
1.527332255561613
0.035472289980612
-0.485314594475648
-0.937473341889124
-0.859746945754511
-0.296362157847926
-0.326733527907583
-1.261862056208407
-0.420723202458444
0.316756088063676
0.263021514580009
-0.808111166171405
-1.377187417859274
-0.419602529827563
0.068034255490851
-0.540687822585103
0.307581834913689
-0.567921569180253
-0.416288024683232
-0.346521788751322
0.006437079790472
0.842083237046541
-0.633278552819963
-0.209851932251869
-0.494994975022288
0.392134568808360
-0.444310607508487
0.668856148643418
-0.267557770720874
-0.441467988924035
0.479799219847614
0.580355986760255
-0.229766267353538
-0.106758660196225
0.429597160687476
0.308074351492268
0.011962466428916
0.981776483223564
0.671686932615338
0.734260217464187
-0.422755597333642
-0.556188322009457
-1.134240146624478
-0.352961482657857
-0.686924950953097
-0.434943493478693
-0.086024798992296
-0.704146045605484
0.291983280189594
1.116166465095448
0.766776499250658
0.326948987961077
-0.294446228728947
0.004626091005329
0.268648266262810
-0.240788583970305
-0.233602397706021
-1.523416073028061
-1.708391425411692
-1.005154052529264
-1.897989165846808
-0.902834377177834
0.660603478760160
-0.072256247204110
-0.154455486957103
-1.171004730573628
-1.073647464056658
-1.599887117408916
-0.657337431206980
-1.367498494093603
-1.585551010585051
-1.142010528338278
-1.895737383198022
-2.212125139596488
-0.579429592141925
-0.727550464938510
-0.899703803090222
-0.769180249822413
-0.021657207386355
-0.168993572525702
-0.819142727771010
-1.191388777684645
-0.879179250721680
-1.083571125028282
0.334896455805395
-1.064785842485586
-2.337751136078211
-2.821709797118507
-2.437454882612620
-1.047064161479931
-1.398732928518190
-0.035967700868571
-0.208142239268445
0.429219452894564
0.095841074154944
0.153994095942273
0.556246275071969
1.233717397622547
1.115581031786385
1.157696784791944
0.376698050266465
-0.573882520886514
-0.544285486496755
-0.981812986055701
-0.709692704735619
-0.143376940667261
0.233738704341863
0.132994860607129
0.930368042470123
-0.312317339319728
0.555897432614293
-1.971449233580517
-0.975010482391083
-0.331106398152086
-0.801448714088931
-0.462060159888929
-0.370406998948275
-0.218584026561831
-0.549024391288208
-0.471086997736464
-0.582241893422106
0.227744394474670
-0.589101898658537
-0.206645348355634
-1.202167690121349
0.038076452526251
-0.478568624401228
-0.375146657717391
-0.873962861977582
-0.124661098760234
-0.536854299444518
0.473913962624206
-0.461125455304150
0.323703264344874
0.438010082976181
0.788886964884423
1.180614229097040
0.229447095934277
0.202593011891410
0.441129048480354
1.062315307175312
0.097286556549508
-0.200713439663471
-0.494224103167785
0.772503374639960
0.280619796028659
-0.193203835618718
-0.137237035647927
0.850474327973683
1.496248351554842
1.490080110912526
-0.109200600763701
0.402550892753954
1.055137816625523
0.610028639958056
-0.409655316406068
-1.014382510851981
-1.389090439258003
-1.353815286288679
-1.632350451992777
-1.302169553430968
0.414545951930876
0.441026963027826
0.109377399630564
-1.303873776648906
-1.334292106935431
-1.672584672153154
-0.827523447230006
-0.755372109421048
-1.950985157452582
-1.491556114890362
-0.991813279699509
-1.170442305918010
-1.200401613761553
-1.444715224945530
0.887889099275859
-0.536058361555554
-0.690359021723869
0.249238400030811
0.277060523827487
0.128705639079051
-0.834600733084242
-0.324213813222899
0.158756556164687
0.050773795555912
0.462155986130636
-0.181860559407898
-1.842628636560532
-1.483692693458036
-0.775151964858488
-0.622256954101303
0.535108105896792
-0.903814124199995
0.538965464463321
-0.213063811044416
-0.476108382308507
-0.447193888380464
0.431456190139137
0.388685779722402
0.389296411651225
0.673579943610952
-0.371128219436071
0.317393722470064
-0.342814214088248
-0.257369992877201
-0.516787316550775
-0.458147964882703
-0.372770253205060
0.588952831987105
0.179972320962316
-1.713810493920864
-0.937751743835876
-0.999335988242783
-0.856925299153694
-1.733928125208372
-0.607150124771023
0.114018141113374
0.062839761780956
-0.538991167329499
-0.696182073096547
-0.389704573186002
-0.341260288135081
-0.315821347194369
-0.382697187735082
-0.020402917306953
-0.488215380072425
-0.751483227840645
-0.724983933702647
-1.546073688451355
-0.029472241666716
0.114222081036642
0.384514175019250
0.459843924838466
0.660585701098935
0.657521420588714
0.898470416733574
0.741062858406315
0.024506765941221
0.411383536447644
1.515346640600650
1.809232886751326
0.478999993770717
0.594115571121321
0.915627812853796
0.785800864114609
0.227256371371372
0.530364740778852
2.045996234660523
2.357349081989937
1.989808210648108
1.269984336542677
0.273236085935173
0.593350566288811
-0.297994291273456
-0.601868572223638
-1.374660758071242
-0.921691066018106
-1.433957122347028
-0.500437825170903
-1.084756322567085
-0.508461258582642
-0.837914670651975
-0.423978390505227
0.098813504293576
-0.921103700956456
-2.128506792936155
-1.598538964397011
-0.322456311737347
-0.679079575916885
-1.256289617061814
-1.118483075379237
0.314649431487709
-0.950686329585539
-1.337392867776957
-0.902635569674632
-0.033694649320518
0.140805175072921
-0.672391670565475
-0.277555714197038
-0.009710148961910
-0.203671931625672
-0.997139246194728
0.517987327366165
0.247042692514189
0.414317643193346
-0.263828367779956
-0.988111248789892
-1.419662879934537
-0.689089465439173
0.251097158601041
-0.096434375319722
0.714617748168221
-0.007469664464414
0.218728212004668
0.620101384021432
-0.206893754100650
-1.046658185729734
0.351086141071224
-0.093118563983629
-0.214398993330798
0.733451569180898
-0.419518434760834
0.940255788591882
-0.084819891583088
0.099499592565530
-0.055205144373718
-0.186062759944721
0.245697854855540
0.552217253113586
-0.245449892089745
-1.337418856419895
-1.083113359843846
-0.680820879445688
-0.583274410041217
-0.668314849593314
-1.506108717311070
-1.523081621956853
-0.576170923389095
-1.693584703157400
-1.330434087144468
-0.807437638314308
-1.010926567437592
-0.910198040846214
-0.946638515940059
-0.101709952033404
-1.004540393867800
-1.216321434356473
-1.553382841544892
-2.086776963804201
-0.782401970816875
-0.354777532895274
1.121340977813763
1.256379165245259
1.287265901818711
1.885029185017746
3.585893040787421
2.123126071274937
2.415672080597014
1.256565920809916
2.176299341441822
1.216645725011545
1.009732061733242
1.495438420620525
1.016827496122284
0.790121053088812
0.366834409932452
1.446866737389795
2.186631446755039
1.560332433206692
0.919500111718447
0.580110474049147
0.982746447781145
1.257921074695702
0.092811922995506
-0.968393822494224
-1.424233520619319
-1.609179996879519
-1.404733301945946
-0.881352380838863
0.485485275010981
-0.089032090054237
-0.345566014672742
-0.336498264469678
0.121971207345894
-0.049621364909889
-0.818845332602873
-0.640969994610154
0.031719447652607
-1.386760380481567
-1.937551098561442
-1.492655470648633
-1.310377580578815
-1.369960153026687
-0.298611673289873
-0.402143259374261
-0.432106892013319
0.019372159513667
-0.175408138787883
-0.126393521702108
0.632397308269289
-0.546074020365345
-0.122358568474226
-0.544426575183905
0.596017577418248
-0.311355037439605
0.033224805422366
-0.080542103298409
-0.541500202354588
0.132123463066009
-0.468114794735553
0.294064603707807
1.101176568644196
1.190640436433260
1.607288499290756
1.473532535665899
0.399310619768380
-0.733628594342401
-0.731308215180448
0.157984326055572
-0.329718161443552
1.149844398970801
0.680975475981659
1.623100731253887
0.771233375842270
0.445798777103519
0.626601611132297
0.085506304352540
-0.695940081598237
-1.004981846024734
0.325145208842519
0.331957100931927
-0.888086382654407
-0.796137284055480
-0.736351533898400
-0.895137859003381
-0.247644240793400
-0.883442234182540
-0.942043775957229
0.309021771031796
-0.349723247810292
-1.431032273718145
-1.145327515603951
-1.094250368696878
-1.451398960208075
-0.651831314533616
-0.855268275616459
-0.938468664489724
-0.822621078119735
-1.172826887220354
-0.875486081841933
-0.995772557637602
-0.453808527791224
0.602383207008689
1.237388511152008
1.926290934925707
2.926023170570822
1.161159400051996
1.788314504802248
0.861106731191806
1.332212498477801
0.533159171522528
0.934042037595824
1.344321447759643
0.468963530352008
0.587536646750663
0.161762892457503
0.497531842510537
1.211524245825468
1.011409594680097
1.552236076130542
-0.190446909825288
-0.104518844773649
-0.145004274069217
-0.860793923268939
-1.418643685024450
-2.205025132739055
-1.651610730395217
-1.751413630712245
-1.291959305920680
-0.955705588836639
-0.004385367740264
0.002703800853753
0.666814825500952
0.597161711654933
0.155541788748808
0.306653893290948
-0.928718949020163
-1.320438225945624
-0.933642054345454
-1.570162017432319
-0.986211822922670
-1.569824851687491
-0.933121698542527
-0.184823114009844
0.272922056066739
0.229664434638107
0.147838398316902
0.762144167659470
0.506973416213773
-0.671064115156134
-1.759224398135252
-1.368789346597451
-0.230478716154764
0.194819839933768
0.291800188567853
1.069303866184551
0.989877193915655
-0.829711384541328
-0.006288238002057
0.243661509833488
0.108194649408525
0.223899154024431
0.360428421089279
1.365726790151227
1.247655452902537
1.262492097883593
0.377511603633745
-0.317912685462296
1.336667609516629
1.165219749955237
2.252714360012104
1.352137155581691
2.117847687570745
1.579865086357933
-0.496207023117192
-1.105735898616649
-0.143881368320480
-0.060645951114305
0.456544061867476
0.228156944620970
-0.346530392755954
0.031619761619841
0.023575277944409
-0.094368842281366
-0.625154981475535
0.038892078073645
0.422020480668293
0.970166966855943
1.226351176977539
1.339473901621552
-0.543652009776966
-0.509739647505222
-1.119931119282702
-1.513104680381522
-1.649805869373454
-0.700902539136675
-1.000597842159033
0.166555733633203
-1.355965840465173
-0.386972429120704
0.236229077302433
0.479251787811373
0.659796981686863
1.423338994681231
0.904971847415817
0.913060661998781
0.483829473557412
1.231900805959187
0.491446493761494
1.198407563258464
-0.204731222636096
0.491882207318270
1.155266402027595
0.898658229127350
0.505387020416606
0.155728857481124
0.669021871322407
0.575782929667206
1.517859143412374
1.892267034658844
0.169684048610498
0.361063784910378
0.271079672261942
0.320476365554058
-0.179082888733979
-0.425422181730884
-1.895700481717535
-1.084176600414389
-0.349958293522937
-0.292829811819926
-0.179355825323297
0.366372440680878
0.942458354029707
2.080983854415845
0.560450813394206
-0.344229749866528
-1.254612215305559
-2.203008689568407
-2.735397123256446
-1.256547214004908
-1.251909529067088
-1.134770980865880
-0.861175467242541
-0.679349444142206
-0.137446995828226
-0.140486406576646
0.306665381265834
-0.951635886008971
-0.444641502344231
-0.140172380380878
-0.767037542770140
-0.468096883696695
-0.204941906068211
0.387276896359116
0.231521555294084
0.339202148828746
1.124130845861012
0.863730264667425
0.579379457385190
0.874464321572667
1.853114256123104
2.072485957885163
0.720681960389611
1.157939981100420
0.551704082120823
0.786679560887163
1.559092849471587
1.324108739920870
1.944643910415698
1.714149713794476
2.501358858958127
2.483285670358901
1.592612666779786
0.410662703251050
-0.852483916347105
-0.819582495756178
-0.087634202831285
-0.219014297287941
0.290401957632107
-0.468820960468687
0.002538886665712
0.557439089439110
0.312595087900192
-0.321852715424929
0.249047018173471
-0.557828191764852
0.315503629071858
1.249049699693193
1.300341808161605
0.740868494385677
0.481091407309004
0.012261188274262
-1.118494436334982
-1.632585995189506
-1.501209618445225
-0.272251138476036
-0.346203555412649
-0.228501590727997
-0.920690258468976
0.040638332718576
-0.057127095523596
0.478359607242417
0.004853475440728
1.129312745970524
0.703516433981740
-0.474544653589030
0.416604324861170
1.061565393436779
0.654690233591727
0.824528591012043
0.362827547467198
0.469580347614528
1.003611365142520
0.301760787569198
-0.287170548486180
0.247305533386139
1.165951447087900
0.920777890419731
1.229858455830763
1.919801640421636
0.919055429791899
0.251058872850993
0.978246139605784
-0.000675280462485
-0.445100245744946
-1.257808371832936
-1.813935564571768
-1.387498217316332
-0.821298918508486
-0.882296327028222
0.354423020305608
0.641713325068196
0.781636433670022
1.066329886919031
1.808044977258570
0.756506968549972
-1.649213302601358
-2.081129302015685
-2.136821902011153
-1.534248345456998
-0.695588293325106
-1.488379938136230
-1.809753028328569
-0.989553231304963
-1.560771803815523
-1.197410398964048
-0.578170177317152
-0.546951169375669
-0.657467354738793
0.423919202974018
0.238316735314346
-0.324519321017845
