-0.589345279076153
3.839371043655623
2.285473252937599
-2.555547376099586
-1.862867174591900
1.396569004938245
0.746836877369129
1.559350330462683
2.041868563809917
-0.375013673818864
2.257188918904645
1.060914619078092
0.733807922613317
-0.727454507040519
0.845381671088271
-3.086390362375278
0.943067506362372
0.479658012486552
3.385007858654014
-2.356346671855996
-2.221665832138976
-1.076724764907968
4.990958298844709
0.894487757948895
-0.087807947459798
0.286715870971843
-0.696566940140182
-2.097170524630481
0.244209281550118
0.440846992538605
0.593367697709851
1.298035876456285
-1.357966993386063
-1.564680399149366
1.790476293382487
0.913439441874286
-0.335699919729929
4.004296749529229
1.867697407466583
-1.001239185606291
-1.315088261935245
2.662386121678910
0.599759395515368
0.409667210569825
0.968304176297138
-0.640946180674790
4.052944944959112
-2.752827775331204
1.395188121987219
0.675106199894015
0.077089034929663
-2.157139747366680
1.490027088840508
1.219125142253386
-0.393449498342104
1.371986191955482
1.471499436510319
-1.545747648935184
-1.032062285924404
1.196938659462583
-1.729401496224932
1.306948494915889
3.943823527437891
-1.652164565153596
2.885457573771572
0.554542427894556
-0.308936838806083
2.487993551366025
0.124698373258504
-3.376210350117903
-1.406372359651443
4.982832468464817
2.997029874720868
-0.532732176482575
0.604803870794781
-2.625089358591295
0.292736460985309
-0.867525116931304
0.345233965597897
-2.155343992536360
0.440132883171425
-2.096110079623020
0.387445837052633
1.174563185742596
3.802554720020115
1.017503407120585
-2.108507918623882
1.477226215568447
-1.546962110188657
4.874560922734190
1.493042041089058
-1.301578990382415
0.610557411837950
-0.555348350814335
-0.132239616904634
1.605876127145137
-0.724665172066368
1.385988803246909
-0.137417855153777
1.582161695341364
-3.372848364567872
-0.484829244307146
0.427761031916040
-1.612699868188261
-2.182112687471773
-2.272907964863105
1.038831497092666
-2.988992589397942
1.780143802762848
-0.751453243361817
-1.612202720054832
2.044972758858019
-2.104507251458795
-1.197056113027596
-0.608230664755651
0.389528042030339
-2.808737761151366
6.573711918923992
2.412737780241023
-1.264377066532681
2.151163016015961
1.113531613190714
1.468445516453270
-0.687457976285064
-0.156006765666301
-0.416109063412110
1.648378883773723
-0.181738720993202
2.090984871061096
-1.702797999562599
2.649043190143831
0.865662262597812
1.584120742518941
0.320030810042283
-0.339999679719414
1.162828019720054
0.675742046979007
4.076781190822725
-1.109828919926178
5.062677347783057
1.272654398346984
-0.520532003431288
1.778319314095351
0.951821577196613
-2.098480854288790
-2.122655897108089
-1.665484111260508
0.859616014090913
0.274140412446163
1.997881384949376
0.661384023981032
-0.891737984565771
0.438797085742399
1.680690905088152
-2.193732462520681
-2.699138030240441
2.348841274223898
3.600060266582288
0.377744056302113
-3.560720359603214
-0.623647567675098
-0.948989001946558
-1.028173938933911
2.187218457788613
-2.461281042609533
6.128997887245639
-0.059140311179444
4.166910192722723
1.050110277143974
-1.562805317465116
-2.159671397343262
0.619271730022912
2.167780787496353
1.188911204515939
-1.941138562084675
-0.376211324977094
-1.065931136375854
-0.070928487342624
-0.760584159527787
-0.040448284538301
0.732909060435134
-1.059929415661106
3.103293373870693
-0.309457655335887
2.148291404121245
-0.762804359923503
3.941295196911538
0.250716249199346
0.641978856532902
0.817786542870934
1.426718049245211
2.490107629238955
1.325090171879225
0.435607474202244
-0.458829175909673
-0.040270803044481
0.608066809036074
1.090001224699034
-1.237778361548901
-0.702127665973175
-1.467177753588792
-0.535680567676715
-1.902637794305547
2.488109579982790
-1.550046008630060
-1.136962318658589
-3.320631276038271
-1.011780111278401
1.211346370606765
-0.137713539965916
-0.420469915387556
-0.114625583636637
-0.952602797856283
-2.344419007153229
-1.400950321194801
0.904374774804522
-4.814336181058640
-1.586930543062733
-0.095711708903688
0.135436990904664
1.370422046406440
-2.327139555524921
2.367860694066647
1.464568400719383
-1.274451841736369
-0.547295108913386
-3.259501600998846
-0.133500029328664
0.706268304173698
-1.060961914479613
-1.213798385363961
0.691005382482882
2.384516301337431
0.060143137436802
1.618530765863457
-4.339356847088491
4.457742914696055
0.833707454829790
0.556198617658521
-3.849913462595971
2.584679109371604
-1.953300212598116
2.361630862847961
-3.091908130205399
3.111775249153172
1.792985231282181
-3.972155589800813
-0.673650552205627
-3.187613432303537
1.627064643640499
1.365144316641563
0.794272525067056
0.151615091833564
2.460788538835077
0.258546252449112
-0.665212144429762
-1.458068386952598
-1.300809816411750
-0.439590678870867
5.495158782891102
2.645468024273029
-2.111329174625992
-0.357821921579484
-1.763887174023131
-0.624162752115600
-0.715272369846081
-1.305548326894127
-0.996609427304493
-0.586806245811344
-3.603332931111576
2.157521174304007
-0.244985304252231
1.067473707687182
-4.040747462214680
-1.478051304876871
2.499045693395678
2.987713810472343
-0.563342883322065
-1.632727467740418
2.933546543488649
-0.798925944824841
-1.776218683609252
3.367220475896437
-0.906793297488543
-0.522472887270583
-0.508798747833334
-0.069382659983155
-1.400238721645934
2.090252071388031
2.678698090658290
-0.379013670215877
3.919172445556745
3.272675579432508
-0.367391836315944
2.549639725903667
-3.354052929358476
-2.993115687900702
-0.202127859742484
-0.265210393102109
3.090283762227686
-2.271492410884469
0.086773668115082
-1.274524908553230
-0.905498237871989
-1.030091316821175
-3.370253744506341
1.791490874439190
4.752436820831111
1.188742148035957
-0.279672301555487
2.172380413747942
0.190422647678355
-2.729806887614217
0.098926202020740
-0.143217020970215
0.331165796918003
0.414339264776108
-0.642938295354114
-1.439900101719689
-1.841196504484741
-1.222312375489976
4.613159196026966
1.367505684438192
-4.172460161826544
0.751318931817296
-0.360577379103468
1.143449807728083
-0.892805244529694
-4.451995654930821
-1.616936457575045
1.985640302349422
2.341333456447986
-3.185370176862438
0.545032424536530
-2.637492129100026
1.356322379263393
0.670656219184453
0.108786101768601
1.612027946028973
-1.618046215930339
-0.745975361546646
0.646509600341305
2.251262133815676
0.501461673524814
0.172247956574813
0.505121788624536
0.678660903667951
-1.601128124687412
-0.757690096736301
1.433690487436064
-1.543536528350089
-5.547411635323466
-2.556435281406821
1.721999967480597
3.414290108278861
1.529610444491727
1.325484975320241
3.677750176573928
-0.592253899911817
0.719134194088524
-0.147545389568921
-0.471275943346168
0.942246526994490
1.498107039530049
-1.762959982160720
-0.102984045555338
-2.919759779919007
0.524959480736039
-0.830429179508606
0.034771159168447
0.739505312272916
2.151040802532637
-2.564934845223450
1.746871140840033
-3.770075871998426
-1.690795952979260
-3.438335476315000
2.593934014562619
-2.001807920215483
-1.733074456739638
2.992369278992510
-1.641347405130511
-1.026864390424484
1.831692629198555
-2.611807736397170
-1.570006064433756
-0.298660985169596
2.075190758825370
5.696476019109809
-1.923431433463962
0.498265625766323
-0.054955224641914
-0.827022382360135
-3.079543058366940
0.241845599243157
2.040564557452464
-0.036644667493046
1.245798435869338
-0.048581640052736
1.094184305332713
-1.507625463059917
1.152931959674312
-1.116740848437055
-0.788111241664112
-0.807918890283710
1.286197661388497
1.127582558274740
-0.563342364121757
-1.977818599815286
-0.092442201378489
-4.684332065106331
1.094631857202401
-0.145538511263851
0.788926062882354
1.335560606992850
-2.365253017954382
1.057139534124894
4.249221202607486
-0.306537557805313
-0.867246874221199
-0.124877784189320
-1.526049971719647
-3.799297494347465
3.965485897813057
-3.341220360466232
3.960408438191440
-1.361015383771243
1.152164560695233
-0.888370392404207
-1.434692835205445
2.555232668651256
1.643328456815868
-1.752131784504408
-0.831762247599995
1.440595539100796
0.760639036738448
-0.191932554035985
-1.845077913389791
-4.013758621344619
3.545637647831840
1.014404228399241
-0.835301834059442
-1.987204561107455
0.473128162880389
5.614401977851702
-0.206499152972432
2.973631854391613
2.419722482739318
-0.249031825202398
4.479352884905163
1.170260931633954
-2.674519316463571
3.564448841930043
0.687147226200695
0.385193913844996
3.037356784786513
0.971534896766181
-0.981780184633225
-1.323044512250320
0.645025460310402
-1.946845293449542
-1.575852549819562
0.668600114133194
-0.085376742516671
0.227249880545273
1.219995413047037
3.991006961132165
-2.840555843938823
0.058868085406183
-3.918885231514512
1.994590542776188
1.868557772791819
2.155630290904180
1.292643925228488
-0.936089939604077
-0.323461120710269
-1.535693369340007
0.284229318713649
0.161222754813196
3.709223700821209
0.195518911712374
2.608168371038033
0.573090314968460
-1.845930024171420
-1.968838937047842
2.777361185309817
-1.557580382308598
1.968031294903418
0.199678343542853
0.389939743145652
1.335980266902120
0.794360908033886
-2.079097490761789
-1.462484043482340
-1.454406958196118
1.768039499197372
-1.276602887451068
0.708111039698460
-1.570509879670714
3.313585441747681
-1.746834060411503
2.881809889824397
2.701520901778175
-0.435057191619423
0.127276972017795
0.931936997793118
-1.421799923900430
-1.656465088862289
-2.071852211261085
0.455242230519307
3.656865710940810
-2.668754677279995
-0.861287023891581
-0.444613140295773
2.965629105297626
-0.850044867782408
0.946783477729159
-1.303385791172040
-4.269580161781644
0.320936400274405
-2.641693309620212
0.888571521739787
-0.001094728520165
-0.277236113082989
1.643101738725769
2.131019147798385
-2.275209794066580
-3.195334148396754
-2.534527190850890
-2.576135096283831
-0.556707742218941
-1.180375098616771
-0.228385822948717
-1.805066119743110
-0.794953567535735
-1.367457278326613
-1.556643778035333
-0.479209879955135
-4.578805500745894
-2.729764565916749
-0.517543128110195
1.871451726746416
0.733939449896141
1.196183443916720
0.830631060572356
-0.223979197226158
-2.203342961584418
2.001341165856128
2.457669971395250
-1.495173809951220
-4.227573892091268
0.770923516525554
2.676493087718153
1.066011662144910
-0.263026076921228
-0.519781457065204
2.013756358463686
-3.421262316780938
-1.171694237866225
-0.710306000913445
0.453957764333986
0.442405826378775
-0.297427062750485
0.103456158853639
-0.766966594105855
1.419276213929733
-1.365028571446434
-0.996670402466218
-6.637761124531356
-0.852016640193258
1.092100377960416
2.168821511138642
1.843260247914349
-0.757072809840453
2.672578261518789
-1.270294228858440
1.863616970386088
-1.589971867287347
2.151673572597873
-3.752129075875474
-0.117952948325550
-1.869730357302254
-1.831225871363973
3.030730289133349
1.291436955057630
0.004914709876261
-3.053186475961948
0.803414477244827
0.947043361116293
-0.579123991274817
-4.288757245089108
2.557751644268905
0.046890991983330
-0.113330000016616
0.159015950586291
0.704333108301542
-1.817461614809129
-2.942711987339459
0.319701250779899
1.017451028918813
-1.504381104445719
-3.637527368769856
0.772557469359126
-0.548309967911893
-1.040308088136324
-1.450776739449073
3.344423943610183
1.622021733939305
-2.090582073248999
-0.633753869733424
-2.980681610968033
0.422682710797325
1.945617121645863
-3.048268176275922
1.009342467465381
1.954531180229851
-2.331764290948937
1.051505482200360
1.472741118226888
-0.613904774814094
-2.343177799170482
0.142684302001058
0.435808130628617
2.829156949415092
-0.427873193271772
-2.301013764189744
-4.628415790939806
-5.234496884556347
1.344203351571717
-0.000216431415941
-2.210518145177065
-0.042335461972904
-2.746220335201273
0.963322418825505
0.413064062630815
0.118914088255347
-1.441151871859572
3.104597550067930
-1.167966735375810
1.570681280402540
2.045412122479730
-1.601988154556319
-3.202679058018819
-0.888025321879510
-3.252170310589847
-1.527065812709141
0.190447377250169
0.398426970016674
-3.561250894382962
-2.357996080876571
-1.759426146340274
-2.195031954990158
-0.948762245833385
1.225932668527536
-1.736403958736281
0.046454494320987
-4.679623649341333
1.985764532432281
-1.575674266297242
-0.385433937326808
-1.378734048583970
-0.616180355674000
-1.193042628267366
-0.651483102181173
-1.200688993529703
0.176313915198112
0.037199886342677
-0.396275074470271
-0.457121279955592
0.896412056250438
-0.135373687233515
2.689456330246781
2.211062955432733
1.168061231316812
-0.249360715280444
-1.585468347405425
1.472754605561222
-0.495572555202504
-1.142468554634610
-4.485822677999892
-2.090499776856834
0.547910568738956
0.247882207844434
-1.023663614529319
0.504130871916517
0.235587855475433
1.881553213822737
-1.885432174152281
-1.517046996977452
-1.049039968523858
0.158838317874564
-0.237969278836584
-0.882892218524906
-1.004846008975975
-3.110937879305610
0.545916534588915
1.094432758614642
1.306219874426616
-0.547807913718059
-1.684530421349506
-3.039710819959992
-0.830079945352981
0.907892665724471
1.259567336864058
-0.020794658906802
-2.084424268683073
0.526653325622607
-2.455943734668285
-1.708779534120254
-4.025427592036908
2.667982337810552
1.860847956578293
-3.460820137117924
3.528079074119496
-0.617587633435317
-2.476542376935644
-1.736289427690099
0.692030531915946
0.977029725690162
3.662303467405811
1.115399205719561
0.934026018525326
0.058079285771631
-1.906068662452142
-1.265710717877138
-1.348895907228003
2.310237701242136
-2.782185272285962
0.570176287926008
-1.860339085575642
-0.761250195472242
-1.826737938323746
3.410368558157031
-0.274723896122453
3.224219537709534
-0.270900440504928
-0.305433004441412
2.236118906258837
0.093746459530729
1.346273633672904
-3.222202630581657
-2.073004206933197
0.578008289413889
1.711242267940728
2.661883913093229
-1.224913575061274
2.231166363965370
-2.260378973679157
1.511992804176356
-0.718550465611130
1.761995449966767
2.163953691388152
3.869422094734392
1.658217524322117
-1.196066018772274
0.626663561240332
0.915825827681913
0.873981345882639
-0.692693978425872
1.427415734253769
1.319202142416756
-1.376379621650386
4.531026798094622
-1.622660538511035
1.679527031106206
-0.109396222631170
2.134442930415898
-1.965685857861506
3.861794697905250
2.960249956590692
3.055818466816371
3.080448623067594
1.261856549495868
-1.582640284316936
2.784828249725909
-0.424452944975952
-0.573637596593493
-2.326832943518826
0.588834580277812
1.516862283178752
-2.414422902442345
1.526426421209571
0.362165970276744
1.965224826949787
-1.005203274613773
3.099974685872491
-0.566611199010748
-3.369223435196224
-0.044086477548396
1.840645758433214
-0.262357306666097
-2.248325565347571
-3.412520213796299
0.109530261534944
0.912551371046824
3.198479396223598
-0.635002217173773
0.108411209515502
1.558633954843567
-1.492595628401381
-4.595062039141674
-1.020280651569001
-2.657905264000572
-1.540946261925188
1.473738144571954
0.225832111533675
2.379051321594726
-1.040568463682233
-2.120365637131385
-0.900143569319035
-0.041665976381688
0.540094944233443
-3.402406579872336
-3.992876679303774
-1.302695582411653
-3.408960470854016
2.807393817684010
2.471788754400821
1.638485424524351
-4.399774639090404
1.297814596679703
2.098925240516349
1.417450717699152
-1.738081858904234
-1.359110684235689
1.693423284204934
1.989719855067443
2.137494788629667
-0.098807519505506
0.312019588469525
-1.528737702698928
0.174760398826611
0.752012224707338
2.802038706511004
0.728046941379657
-2.759574317253479
-2.929579203899312
2.720163654125415
0.216726384234236
-2.654137047368796
-3.562672770491638
-4.912920004350421
-2.119386605330980
1.513581324483012
-0.784745740103358
-0.287625480438479
2.234590912439221
2.106938036710463
0.764926090163145
7.606869158996312
0.372926680867140
1.001605306546760
-2.097049960269471
0.048608530897686
-0.898752388063490
-2.349796701415924
2.619298767517650
1.715162473953501
-0.038097892146237
0.998702026772218
-0.729796702028441
2.386346821100501
-0.762761045406533
-1.665528632392941
3.742594544586886
-1.336172217844742
0.062373961174293
-3.829692648580263
0.069299269013485
0.604655158107041
4.246451206569160
-3.795795422060447
0.481860586271740
0.825934583490161
0.067483179301707
1.414176567969856
0.104451442131901
1.968305567685505
-3.138497833006846
0.060849567845118
-4.505352726346070
-1.339712136583475
-2.977578673551804
1.321062577316504
-1.772443921488480
4.167891472700907
-3.554840561067680
1.355715890580657
-2.235255690464224
-1.252973601489339
-0.179557222636510
0.661107997863411
-2.421417270925810
-3.065791743089145
-3.418881307525568
3.821245072228805
1.933096206156665
3.267965190606990
-0.713120848047719
-1.298379663127774
1.688791468399573
0.805461126844044
-0.122964445624348
1.692617743274978
0.744769632210601
-0.409830450482325
-0.673448567728806
1.498761316551475
2.862426002423287
-0.803543158595478
-0.018397129482768
-2.691224969226131
-1.531540549487070
3.599179734120749
-2.823475127867040
-1.272369850966523
0.932334918470631
-2.412862174603641
-0.121160906527836
2.947413046847598
2.048848681621369
3.643148632207021
3.323420077195975
2.087925380047210
-1.532385368963761
-1.387076645561635
-0.717406269668369
0.034324042995754
0.909859404880681
2.244454401346036
-1.983254806981029
1.643735598500384
0.407642456391164
0.535359011013531
1.729979491000034
-1.127912854552950
1.946095039107811
1.641435556605767
-1.901085416509974
0.335950811041160
0.070104155538221
-1.673004413702597
-1.010377981386572
-4.967767054759149
4.501600296096230
-4.734219383199003
-0.491878244228638
1.977543361118030
-1.131045873488304
1.858651964049770
1.603170960032049
1.157829187847072
-1.222221165213379
0.391071647027414
-3.571933884924062
-0.657408909985642
-1.239142335499265
-2.020035965540485
-1.958667937831417
-0.100515684847864
-0.954911298479119
-3.321190672218776
-1.414755924299417
0.921664207043824
-0.626500311790087
-0.217662699766424
-1.360430345561940
-0.442920574126041
-0.825361805831153
1.717111593434709
-2.825430349125415
3.271403434451274
-0.545441793052936
-0.362485809510678
1.635080211755377
1.202519035128146
2.483420974099769
0.648745949768581
-0.875523802873485
-1.190949127145682
-1.174533025226524
0.265789101053315
-0.233573326326186
1.521530076278788
3.895308366969054
2.178223572065997
4.126442168504862
0.199672148517022
2.252207321454220
-0.818172115757346
-0.148040297655770
4.805898235477652
-2.337766277424887
-2.565378799387929
0.655933728491820
1.491994617544033
0.248892664030300
3.625075122284383
1.019415287032295
2.467643409578576
-0.300448378950189
-2.306934321086597
-0.046850341089713
-2.850939318638999
-0.943170033197201
0.061256012549788
-2.116378883493471
-1.233507355483446
3.764397018457029
0.447331734776614
-1.231084001945331
1.937823947499371
2.662178873794909
3.586825356127699
0.152768881597801
2.185626987048594
0.231721822762258
3.323822675977453
-0.569849618560193
0.937682323209073
-0.862984209272592
0.437112624413468
-1.758646124322944
0.737878654974719
-0.251725619420502
0.095449473787207
1.631452413881768
2.957479328346341
-1.773305877817712
1.027232235013902
-4.119823325777529
0.398081983570468
1.221007324234713
-0.221481922448600
-2.598356521661545
-2.261444196842350
0.467331235842362
-0.038996466750075
1.610814861063587
-2.070959029892450
2.798486349774707
1.050700517791330
-1.347911433029082
3.152008243808790
-1.238153021614768
-0.570429106190827
2.242756632794218
0.089628040588351
-1.108596820018537
0.532347714731689
1.065161313502574
-1.217789868180924
0.406539287142970
-2.567292577397138
1.644672767042754
0.807426400183592
1.014434949265048
-0.974853522496383
-0.222098634360002
3.164421998018499
0.145671181286698
0.127035935286210
-0.925202573831133
-2.508929566848628
2.373384947556151
0.908545663963661
-3.223735293838954
2.254826535240928
0.616479966294826
3.649379267947789
-2.330784421380192
3.017106752757183
-1.611819680735668
-0.129491856178167
-2.829667921129548
0.309610222910345
0.489077502227808
-2.273322032951177
0.666726950227183
-2.137250941389554
-4.583479929029991
-1.742103631122908
-0.065394945044316
0.193773425516210
-0.383698377244034
-0.614016358293298
-0.794805219080703
1.417740011633215
2.050432337804095
0.294838783708190
0.589451534515112
-0.948639239631791
0.277932383751834
1.715788669527718
0.382574142090369
-1.098482887285137
-0.593063865510345
0.294254402473263
2.204976640607673
0.492335619338600
-0.471710057913351
0.939184986536905
1.141394569254615
0.033233716259247
-1.393349409147546
1.716113750499837
1.372433258109122
-0.574271359167104
2.593808086473792
3.175388199142100
-2.049831257906040
0.133885800430041
0.712257818279975
2.276190015473368
-0.071985523347199
-1.217860439581275
-2.284526320557507
-0.192897461422638
-1.917417488244533
0.235788919072722
2.274915316233371
-1.819702851553974
-4.109422290650675
1.962978517439101
0.401778251196615
-1.034694101043540
3.393667751616074
-1.165430064430977
-1.758290354844217
0.342905579805465
1.863838884641913
0.470698499001358
-0.785117915895759
3.804574108078161
-0.345199449958521
-0.491664051380374
0.871860829426397
2.073318291225235
-0.170245541580221
0.226906518184963
-0.848081866024688
1.065707982527691
1.921064928504179
-3.218796103117751
-2.786236755441967
-0.687019666563065
-0.622281860137864
2.580808671198779
0.005075543288692
0.997141147170457
0.290385474306040
1.495833847670384
-3.367874493462913
-0.375166792473681
-1.738551325164174
0.641532475633858
-0.822718478878338
1.291389147003925
0.200249737253119
-0.084949154480599
2.983140565068372
3.576991475801908
-3.911099462624059
0.682657824178942
-0.170260585424000
-5.242620530632494
1.496097267321826
-0.204652244378728
-1.908583221306545
-1.475414656647821
-1.247240842546282
-1.072218178323568
2.949553114015111
0.715464480131473
-1.309722494314488
0.200087080392199
1.234426776364037
-1.094715720626859
-0.355933483812856
-1.019142560278894
2.408484801713100
2.169391761156508
-2.646069331309477
0.358542111718087
-3.437187869398241
1.848669161127622
-0.619768127394598
2.103004863498521
1.401762084329757
-1.989277639949941
-0.612621376785083
-2.997038043277250
2.227982829646840
0.141494596665335
1.040758500074891
2.337519789735138
-0.101449178738396
-1.042441518399213
2.575329807093456
-0.342979405574348
0.998598862458850
-0.721627623400427
3.650607811167424
1.032732307035992
-0.068712639237543
-1.218704212797205
-2.263853501605686
0.936981665263754
0.968488129522304
-0.479462184984787
5.617616789947825
1.858287040179937
-0.401473973041068
1.764010641432240
0.358075875780525
0.309285805001289
0.782054124913856
2.459703003389945
0.401275285050544
1.699748145510924
1.903578061187989
-1.745598271590020
0.038806714837090
0.417739183077942
2.803876030863624
-0.913670241147577
-0.540717870067991
0.294530439913697
-0.245303085057795
3.053787848798707
3.477115550002963
-0.103751698361003
-0.858466788119422
3.182400890352385
-0.578442416187355
-0.171011514293359
3.195249297658185
-0.401481702010455
2.336449393709833
1.160859544960537
0.383014735283583
-1.885037834254667
-2.594105282002870
0.785021009728386
1.385640028326474
0.634108561353283
2.049867084044096
-0.738669472019315
-0.442244057417508
1.193387774145980
-0.799858037962918
-1.392615406662608
-2.754728917883040
1.603986376081704
-0.100371014678140
2.131730080620562
2.408404220186876
0.986710187153830
2.761475264793249
4.403462353304224
3.217025540089609
2.427518026984166
-0.010942802658116
-3.551256414039046
0.283556765063327
-2.326575690698153
-0.126266756421269
-3.005231784819441
0.451897093098332
-0.676924990631283
-2.369778089507746
1.419875668940672
0.019539555775077
-0.662618890947132
1.178960026996560
0.908751063385669
-0.777743782366918
1.248382512869057
0.565376481239454
-2.298778205840246
-0.683659789167747
-1.868045593289567
1.768214936965703
4.907641190307226
-3.607748484279462
1.969896760374191
0.703834735604182
-0.608207059823497
-0.883930410020086
-1.244569404056538
-2.052004786857911
-0.352247510785970
0.851722828191950
-2.092709166652280
0.416414118886471
-1.433695378937971
-1.851197843945570
1.916318833132924
2.494470650797557
0.963605940038354
1.047779458794333
2.879402312282368
4.891423344805376
-0.188658549074095
-0.161238218426547
0.088311780047197
-0.086574204666103
-3.416917904973491
-0.358509187379792
1.659559516535900
1.356217176803565
1.853676499277266
0.244258506783414
-2.292604233815160
-0.151238228415116
-1.044516362656834
0.878287076222063
0.188789072283002
-4.053863268716285
-1.901587684582381
-2.947520555057730
-0.615427607375069
2.657392166688428
2.423569269504067
-3.028446423059293
-0.172354405220863
-1.148197089759152
1.066606656796092
-2.052273950723271
-2.001157770009332
2.135398477343196
-1.437015007810873
1.792156948102093
-1.689018328064020
-1.851916604663904
2.308959561294435
-0.240065780489103
1.355425906410586
-0.087388926013402
-1.078295959094334
2.236203872023753
-0.928018466264154
-1.093796919894370
-1.072170841565532
-0.373614315584207
0.789596662530439
3.020122347319604
-1.872700817541748
1.926846150400162
-1.059027201293896
-2.621126807439359
0.874865926991607
2.232729302189011
-2.848658473610425
1.048956673313070
-0.849444900052950
0.846068638294393
0.101550111081674
-2.417764205601395
-4.878056159416738
-0.456170181289062
-1.480641934228054
1.021698837932683
0.322348596976284
0.408448444228045
-1.528020926321034
-0.229700716316467
0.097753297697357
1.213805021581828
1.913427259393960
-1.370753302802593
-0.187423687171434
-3.364018200081815
-1.304115287819685
1.997816783412512
3.753577674918545
1.091347613744346
2.276711025945103
2.742960964628685
-1.172303573661916
0.804506151126810
1.720052743765040
1.892788300054765
-0.398833892925709
-2.582408936852502
2.249191298016066
1.991608642658883
-0.149017050615571
0.356796577389103
-0.460375440558179
-1.695462148010752
-1.093440525235314
0.649968212800109
-0.660244325485393
3.099372199134711
-2.254383422452454
-0.503638318851015
1.764967304373598
4.563118469639332
-1.404422370626460
-0.007444788802977
-1.211099342874332
0.249338122395707
-0.624478865183209
-5.925938953307053
1.453789312824226
1.927585636974352
2.196095460677729
2.878046684783640
-4.005215481114217
2.234646373649859
4.283860979649922
-3.886047949975299
1.251393928773413
-2.905949596451196
1.897838334868442
0.786404238448920
-0.400151706446567
-3.373518036252312
0.550049982445203
2.531593694537750
-0.604367678748010
-0.905708009162182
-1.810198174223681
2.226393868324834
0.444374102593547
-3.797364023712111
3.818376834580966
-0.509959739956607
0.164334263900134
-1.551728195615306
0.473315248364210
1.343110264322103
1.668194503008368
-0.358442305952655
-0.415198251666270
-0.936773361966129
-3.398100833596954
-2.886633340678938
0.394493083844980
2.146940754456777
4.341525581217534
7.609097671561247
-0.510030891117385
-0.157157740299273
1.044350430185451
0.057441495794661
0.369808282709269
-1.097737913873533
1.567163208497827
2.252040914510570
-0.353924186271618
-0.222916934481659
-1.476341534939035
0.228655576678491
-3.408314638235466
0.883341961718051
1.985185456015111
-0.125928424869231
-0.550531871449067
0.197572152145314
1.646424653808954
1.032511379040672
1.280361881855162
3.381353409652803
-3.153864041320550
-1.096671648171754
1.032069126295924
-3.844307198110060
1.706959587905981
3.164956821751244
-2.186503261391513
0.539965980828417
-2.662718947501310
-1.758316535261520
0.948987623414924
1.493624243753350
0.760733147884450
-0.570054108110652
-2.660348566431140
2.528066373173691
2.183747383432070
0.027470673837999
2.095801863752653
-1.129101547283022
-3.049858878918451
-1.641942593261926
1.795236164912665
0.648043565338633
0.402475271961013
1.379351520909531
-0.436126537825526
1.141361094156159
-0.803421841925527
-1.325750779693327
1.537273383935120
-5.193612770682223
-4.006943861229861
0.812726176525658
0.587077897100012
0.189607050550464
2.180935512685337
0.703114857167773
0.003227195101601
-1.245162414059823
1.975087215525139
0.373512274995640
2.828521671496158
3.509847497179035
0.975956146770714
1.427764392914056
2.882444354107086
0.106028471507230
0.190689826001403
-1.156217399235400
-1.354857091977103
0.770356401989061
1.264772461014023
-0.487768539309359
3.179057445832985
0.083336850713763
-0.103079991290643
-1.557429025907154
-0.925641465032468
-1.212531553017099
-4.590909110114938
0.522088318264912
1.074682528790878
-1.405177760463161
3.626464149362315
-2.925871726172695
-1.711006797417258
3.596740734201036
-0.907484554052425
1.380209224268007
2.154282250650409
-4.471570146367982
-1.502908463909600
-0.773293467330674
1.614095580413028
1.102425105947064
2.607967599503598
-3.924865398577812
1.445764886081881
-2.618635511245717
-3.186127698110792
1.949046142735025
0.334473980325113
-2.279595590514534
-1.303559220537026
-0.949579284121992
1.745328076336489
0.376173942549271
0.190146396057039
1.696555663247022
0.061456984111986
0.593257279209307
-3.667059380197990
0.487049160925328
0.016024313911192
-1.246614311117236
-0.447535278583791
-1.034978530628260
-2.395396053836661
-0.423087531777178
-3.470110610652168
-0.748616726575772
1.781234042250560
-2.650964481629925
-0.670484708165293
2.395921106746416
-1.235647999789196
-0.302330050033222
2.112211898523088
-5.141226939627522
-0.159805804600952
0.985091749768477
-3.150150037023631
2.327322917747919
6.666000402621257
3.484960269750418
3.691909314163306
-1.915616291423596
1.478779481534320
-3.696036707064164
-4.064610936346325
-1.168092779617277
-3.353335628579773
0.070690354474349
-0.044400112371959
2.476126854765635
-0.473196329334285
5.965158097723818
-1.282543887837378
-2.501726818732735
3.396237667132050
-1.130048493680869
1.094123328988164
-0.598672674378255
0.572630492364674
-1.074260577490973
0.218469214905787
1.227057473785371
0.952864618313505
1.795954401082755
1.410706845132654
-4.732396417043432
-3.122449555532111
-1.390313627518976
0.048791561488983
-0.030808369724005
1.434907835365762
-0.535763723955859
-0.316519501211510
-0.213171989950624
1.405167525732594
-1.443164208077354
1.793008628489072
-0.033928572752857
-4.459723784985889
-1.096819747570557
1.687886251751412
2.010128417328595
-2.078500442324684
1.298384592403425
1.799295706601301
2.751799691168160
-0.865706694839793
-2.185387895678498
1.370047882612269
0.507339355077006
-0.933802106892573
1.042022785809071
1.348057741528411
0.054275080500878
2.086301080741986
-2.165151427046488
0.707247069547664
1.850161071393938
0.126440490357645
2.869816197189771
-2.138886787442367
1.199729184922298
0.408183215972866
1.665585151751670
2.582740116740651
-2.653011524841105
-1.678964080513095
1.682965716928367
-1.123551284558258
-1.893922106720606
-3.539976247702334
3.006147714101102
-2.724620380628828
-3.761486421319299
0.491092169282508
0.232380795524456
1.665025485571766
-3.022677104048657
1.830953578173892
2.073785731032234
-3.300051174556481
0.346588385527387
-3.130617659013831
1.365948668927297
0.692964465775526
-1.811484781076299
-0.422784771836331
2.518790142836328
-1.205685862065868
1.002679571037652
0.792804877082425
0.691194865867054
0.588580132358099
-0.145918279285627
-1.601383229058974
-3.206891683483091
0.933226793632224
-0.207148279939150
-2.841450577696664
1.501814954404334
-0.903238817316346
-1.458806888746199
-1.106422802947222
0.108713130352701
-4.439671855634055
-0.712988180057746
2.361723442471182
-1.018693700295833
1.491095253306384
-1.301714315973971
-0.409702515992321
0.416301857946487
-2.840835454696270
3.174227070619566
-1.548955251619711
2.632334299140416
1.639351392926685
2.279564892252816
-0.315381472664375
6.447668884024063
1.247505333422877
1.105278727498797
2.517861105329985
-1.287824599869344
0.380060846580553
1.020250961334929
2.792366989659604
0.712440818701169
1.351102387957020
2.147152228131604
1.554074386859939
-0.039552476422132
0.796422341179753
-0.661047890357546
-0.469312538731961
-0.567072756548332
-2.630813136077544
2.461459920239553
-1.125034139005985
0.816358373566421
2.144924348772509
-4.033096586571866
-1.322128976454025
-2.709480072162338
0.838400758340210
4.220617096635327
1.273446584359468
-2.926859141959420
2.459236029255071
-2.891918013519107
0.907954935855624
0.677401322146544
1.549981853632932
0.781018774888851
1.432571661831599
-0.296418671609040
-1.786265204343166
0.035723484497630
1.429286798175012
-0.145637181804693
3.434255273090326
-1.021828643728385
-3.347898892139328
1.210768695453302
-1.653560726498084
-0.297037037808273
0.190247311730732
3.043222487197952
-0.103622474446417
-3.082228327710625
-0.634004378649488
0.995366336327193
-5.493812534374475
-2.660474434840612
1.699073227603476
2.003883648573874
-2.941663176245921
-0.838187473949958
0.011615053724805
0.317736818465267
0.172954152116464
2.630527845442376
0.097507280571267
1.045977697364369
0.526045522462621
1.418971686749471
-0.552089062053948
-0.095402034457655
1.450509750201161
-1.245763001574939
0.123200110481639
-3.210021325468855
-1.157089412953369
2.551557295782046
0.208556175782233
-2.515865763382527
1.902118518232368
4.041853634004890
-1.640486292085709
-0.692037785122773
3.777036764456827
1.696988859353599
-1.497387834194157
-0.844650086781956
-0.378600919098982
0.305306404911723
1.183873901766624
3.289421831278707
0.166982128182883
1.174677183304291
3.462323037877039
-1.843648662187996
-0.571445433035536
-0.130491800498331
-3.716995164640942
1.599369007521612
-1.572980282977559
2.701267684194764
0.195698399861093
1.379220944472922
0.275054683861462
-0.491499114060959
2.637684527351266
-2.110542259506565
5.478472788246967
0.109787421019178
-1.529482700659543
-1.061200241761339
-2.022800155492777
-2.962613752483857
0.848551445100153
-0.283343178604075
-0.301416665931874
0.252416480506738
0.040470094785278
-1.575919333326931
-0.176671450942819
-1.751136377337140
-1.916852754535018
0.156906563795795
0.711330710938819
0.879774937718522
-2.126927742074947
1.176241229411753
2.077872092199109
3.133482945254926
1.198840340755770
-2.621632418044829
-1.366728317756033
-2.687109592905607
-2.228506096373200
1.265783578620797
1.442753137124003
1.121386471720659
-1.185121898095598
-2.382645187642829
2.196651551854600
4.216638447351722
-1.585152066658425
0.138591714980980
-5.075782399150760
-3.320324165676612
5.042190846850200
-1.726211975827823
-2.586818516356254
-6.570101757048335
-0.171556185602620
-1.823733639266925
2.174225094556792
2.199190868754472
1.509685095925126
2.876091796844360
2.816289328224401
-1.070536076398338
0.196993009328557
2.644037751442762
-1.454085924835753
0.608979661684753
-1.545899291595376
-1.652357768238099
-1.519802114448883
3.361507743684118
0.597824424448250
-2.701079030182501
1.579729603453801
0.475911402326918
2.916397553890533
1.539093971149329
0.237288070415802
0.608503806379582
-0.387364289716259
-2.583914692382546
-1.182983743678428
-2.222650034286487
-0.602917059379035
0.701265804092968
-2.898433959333652
-0.170777468361889
-1.686832101080934
-0.727435465957011
-2.728873752525112
-0.909321112352741
1.662627869876023
1.014827134016158
-2.826324108490356
-2.760895391742379
4.605962548292231
0.752764834055015
-3.168565295467590
-0.903880986659640
1.540656382338131
-0.607269181709249
-3.699889665477929
-0.250703791576277
0.314473507010803
-3.020398007903055
2.212581364428554
1.230106917961072
2.421654338363043
0.215920465036773
-0.260158075743467
0.841177715531531
-2.322583488331461
0.656859060236836
0.178733489327220
0.472924713069313
-0.080237813841933
-2.778251146039779
-2.811582258310979
-0.278869913745674
-0.980238813155323
0.499464379484337
-0.910651493229343
-0.510223199885148
-0.143904940722032
1.174279077730253
-1.271765683301233
-1.789463879211766
0.102953567097679
-1.922121685594355
-2.788176301856849
1.460255715908251
-1.466413892106087
0.857982808704175
-1.485519813216903
0.626542580261310
-0.134228497887385
-1.267594633369729
2.799536945681278
-0.293612450832486
-2.237786987200158
0.223149492138143
-0.031228303535084
-3.159694928697373
0.359899575636411
2.237588852608791
2.945052753576632
-2.266136382434488
3.454278335455913
-0.058571621741624
-3.599589135796671
0.317060772376282
0.653167940935298
-0.715168699594030
-4.281226708550887
1.264824710118969
2.948625184028668
-3.384080014743442
-0.542476213764852
2.068574028447881
1.219079244141680
1.607151270406152
2.936982140280468
1.338784865898397
1.853921430541428
1.101196589541412
-1.052475848318577
0.568259334170931
-3.236305473032865
2.355504292473629
0.030789968830090
1.179531516978698
0.278125368962340
0.222081742522472
-0.502562246984442
-1.512319573962948
-0.260080203343824
-3.450667215920470
1.041138265332960
-3.256430170749431
-3.149889469369774
-2.071386282170701
-3.693466366511565
1.694905310227306
-2.470535993539595
5.508967213680556
1.675881894194213
1.262334993819833
3.591011344879847
0.534252612265843
0.319523749125213
-0.823512453268600
4.980151538269145
-2.188478107759406
-0.630925414390642
2.373904628757412
1.292156620124722
-1.297692504966998
2.896027859663228
-3.063966706689185
-2.594198883585284
1.410224371340658
0.440194024638362
0.067982236754645
-2.706237091333850
-0.604919575675174
-2.777192517589274
0.606440084241079
-0.806173426221255
-0.620034034042244
2.353749978660072
-0.827484493735287
0.711163549235598
-2.431114798224782
0.205310314638741
3.952187332137653
-0.750394894505167
1.240479036083428
-1.107156955788710
2.005654187465102
1.169930676595019
-1.122381364539831
1.161805673777349
0.809630439738297
0.276648008645647
2.829304311133734
1.025712376482659
1.612324409831095
0.864435351763638
-0.549387861768211
-2.756576115028563
1.091730906219745
-0.278128848692498
-1.767036458101567
-3.137905421433642
0.702994383377095
1.704045643430925
-0.797255099401514
1.785217822654424
2.507080706200523
3.515769892684999
-0.802295593798003
-3.105114576077617
-0.116072378583258
1.400571010897947
1.507093377591015
1.076193274702432
2.897314218753655
-1.111070672274103
0.601494254936827
0.774922354678591
1.132747956945407
-1.784717458774620
-0.777467908156084
-1.118623732709359
1.266437649969456
1.859542447162478
-1.585546715559656
-0.488194055401100
-0.032993628904324
-3.293051557503338
-3.148210110119583
3.317261009109153
-3.806166589291495
-1.683809434878010
-0.875917417804512
1.761550221163961
-0.269630337640186
0.223528153249665
-2.224109578411001
1.645028360312515
0.177429796769278
-0.653323194908967
1.513736340870852
1.632173337995263
2.043239821209503
-0.569977034916304
-0.642360734849181
-0.462875414942635
-0.062897799992656
0.858518952066338
-0.929397608634116
1.610323380648301
-2.679034330966697
1.852920601237618
-0.212975843568900
-1.102325585712392
-0.305161741461202
-0.414142721862485
-1.250957230681971
-0.373366575994698
-1.085250741996457
-0.956721548373695
-1.891986178008757
-1.590248783348905
0.478452955409093
-1.961334415242178
0.654886815146344
3.441950189647019
-3.488699895774106
-1.857892817648328
-2.755965195821170
-2.280093494710815
4.087128736771078
0.938349128055166
-2.834652800563102
-0.331454683068866
-2.043477609604630
-0.573822957801998
-1.056887207396498
3.793526690181611
-1.046045209237044
1.912273933280695
-0.086787493478552
1.114707457647133
-3.225046545587493
1.780526993643318
0.263794120923770
-0.134809087273473
-1.935786608644388
-0.159251844515218
-1.906965788556486
-0.902900050040582
-1.052519004208401
-2.221041301630397
3.715093297520746
3.603155922932324
0.809368177652782
-1.257844966185514
-0.916094511151210
-0.532952873379181
-1.074326122889685
-1.600129584925061
-2.121007409418107
1.743421010973871
-0.282469324589347
1.551451618078015
-2.204657268868001
-1.932137973142798
3.424361259909441
-1.872028435183912
1.551869618086800
2.111533384534417
0.465423517990722
3.050278158240849
2.937743814775494
-0.857761171254758
-0.168980001901195
-0.403652965451915
1.013047130900445
0.912158814920235
-1.678910784168916
0.458066467852832
-0.272062670080609
-3.502045465497535
3.126768707506143
-1.077903958573496
-1.200680607505203
-1.916740013692185
6.480166660446916
2.813881165817385
1.394744971956703
-0.803431189775479
1.461421133986571
-2.243088186434962
1.284933538657596
-1.577596290657294
2.818340987642189
-1.739236622005983
-2.255729262864528
-3.417986961211497
-2.786384035131533
-1.053600163061568
-3.847708860074524
0.281102868814067
-2.466736989969986
0.094810527563042
-3.234275018314885
-3.510678558290892
-1.162714120261669
-4.580182794037017
4.348288029711376
2.386471116147366
-0.005098358566797
2.626480284066122
-1.023072605390329
3.531042940853527
-1.474079188522038
3.903932941275844
-1.120866863132917
-1.012714377797111
1.715919345544478
2.735785136591470
1.361659274171550
0.228720315778398
-1.062394254795264
-1.101497333007569
-0.106834171480259
-2.945930002267575
-1.990005418607630
1.940273813884568
5.091245654631691
-0.824078157114682
-0.198517681261683
-2.679473055859655
-0.617791139373841
-1.968971076484382
-3.705006456065116
4.126789514260256
-2.127316873369361
-1.977769341917783
1.704967795059870
0.074343007511135
-1.788580549381181
-1.005287197095605
-1.481066235646534
1.451723366834631
2.225902812440390
0.787492253550523
1.379027074704575
0.671643912882401
-1.897763806723530
0.668219906212379
-1.571342628103616
-3.937365284689608
0.252026619849264
-0.308543417486839
-1.325626896112857
0.032901797577603
-1.335437071051734
-2.481531884769322
1.453223684580476
0.904936989139770
0.845538028733173
2.531705634820077
0.901339763047319
2.916132523736197
-2.022819454821851
3.606114832140883
0.985622992647739
0.488863272576545
0.045241520256701
-2.720703549560010
-1.476192949185324
0.427152328779781
-1.267656601430368
0.453109670162777
1.333885643798173
1.979334730641205
-3.384602071741659
-3.882423432824373
-0.578858072428264
1.242778677908337
-0.597460103799710
-1.073712691344871
-0.012733846960617
2.934248787552910
1.411941662107451
0.515849873153674
4.633845182800928
-3.494999919675123
0.852242468772248
1.806447938732795
-1.907035776159657
0.824134505925271
2.988015642989083
-1.633750338620641
2.666065538070759
-3.654038317869779
-2.240825865233995
-0.404727185467525
-1.442957073680671
-0.383826638617764
-1.168096025127486
-1.854607787535244
0.730829128032698
1.115975049739627
-2.508665075103240
-2.663383683809621
-1.578146216548694
-0.816082430246733
-0.001611736760065
-1.825872431907274
0.525689215471479
0.039569492542603
1.872978198714744
-1.457239839329472
2.455177775609036
1.881499878889333
-2.751208240639024
-1.753887945248637
1.660049529174166
0.699404070319368
-0.286590210739012
-0.071207844592333
1.944314808778657
-1.309699435942008
1.072871214291649
2.688466392110586
0.804649869742609
-1.600570433505961
-1.113253801806354
0.701636898232938
4.326871773449124
-0.310850902533296
0.958205110312326
1.144142568036751
-2.397714070701431
-1.148281224126054
-2.180806184742942
2.713334377816567
0.570669536654514
0.012128800277097
0.012893563911942
-2.403231196873246
-0.726610854558826
0.132490047738256
0.645797826667263
2.007780232838248
1.057294544200492
0.090594059988329
-0.702872179394659
-2.654118054553782
2.767615237597108
3.955446665719592
2.592088980196293
-2.070933956216365
-1.255934987430401
-2.877327191814922
-1.989573214659282
2.065460050211767
1.914856420563999
-0.078381831712363
-1.278144958552927
-2.530933490047369
1.260095661367061
0.270386155203996
-1.826175152746060
-3.289944261581087
1.101773258099960
-0.099095926188358
-3.722436213326345
-0.541531239976901
0.054973815922294
-0.954842443726284
-1.990683633226774
-2.577094986131406
0.424191645034217
-3.136266208869090
-0.481540172424973
3.419859056876436
1.124100787485642
-1.697269849812140
3.147228785113923
1.535478371763761
1.196107854432382
1.892094891251386
-1.173590517985999
3.475114352993012
0.649886302001578
-3.559061209414487
1.180470160615405
1.339432311140549
-0.412102980330656
-0.171214046413057
-1.754170623757964
2.487256891057555
1.622205287234417
-1.349969687168750
-3.248956271345031
3.046938496136019
1.503090626791601
2.753704726000595
-3.071942855264360
-1.114570802584785
1.070580991801452
-1.099704873233355
2.297061592041802
-0.569091299299686
1.761359921272134
3.064860092662195
2.335425110344771
-1.286952016908626
-3.240537514596493
-4.092676300765076
-0.856036699905129
1.938306221385065
-0.644702983287209
-0.105675886203539
0.736351458887648
-0.906092836231770
-3.078239752664325
2.716628086012602
-2.406011334228142
-1.890827834759538
-1.633337423404754
0.654544049511692
3.508479797524587
0.711608809146062
-0.696695438108165
1.709319507265080
-1.713311758420347
3.689514925155583
3.010737889638622
-0.784407161288266
1.317457389714490
-1.714748713579865
-2.363039385712387
-0.736225962938086
1.131018892404741
-2.398649709056486
0.013163275864490
4.362405961935597
1.628400972007754
-1.718090549569349
-0.673985089399635
-1.579707218424883
0.579380309434050
-3.095620626605418
0.170237930519784
-1.077520629485822
-1.078388231729787
0.597991272901900
-1.242366987222570
3.009674870599583
-0.438281210911196
1.738983102823419
-2.224557417058576
-0.704102386498760
3.633048233366849
2.493517153181489
-1.371030540350579
0.122861199610792
3.279674027238091
-3.003498770024078
2.993810005086639
0.655345518117403
-1.020550815024948
-0.956920425857719
-1.036804005676946
-0.642754371871644
5.980283810292584
0.416584951041797
5.307714202675398
-2.848176944485887
-0.048251978919640
2.780394386498767
3.436037595346197
2.711970510358238
0.052970924142430
-0.682050970692106
2.554107876358908
0.410271746343397
-2.401392305550951
2.117907134660703
-3.166199509780462
-1.944425059789018
-2.050476484130948
-0.000794103170135
-1.298562672156738
0.953805577396820
-4.918428840256308
-3.738677145496010
1.557568641230251
0.275398820973953
1.048965756360818
1.344846884319531
2.316034876276138
1.535535315427166
0.516072143579043
3.053045478051351
0.452838322757253
1.346832477915366
1.960497882428001
-1.286674326649887
2.182844936167029
-2.196593134628547
-1.331285317041224
-0.895117802717278
-0.957175500717893
1.610345024835380
-1.474956361575498
0.310736474772484
0.634870341234822
0.541121505658345
1.504399907418034
-0.707771983704823
-2.312820454327209
0.621690537390025
-2.096065689291756
-0.452068589472922
-0.211033324169768
-4.182559899521888
-1.513055882121692
0.410728644507902
2.180462256860095
0.832451465131380
1.548998142427997
-2.005016395647858
-3.346207486357164
-1.888361166222621
-1.620038542216673
1.728113903882765
0.555650710448578
-3.354370068441926
1.721716831274750
-0.801526653058425
2.289065044319370
4.266621961452989
-0.455394088516646
-0.374290121043813
2.082972524206279
0.759832697308947
1.488741566195839
-2.665478495357656
-3.379989925051930
-1.587543262906342
-1.082816438202242
-0.630136615296185
0.915669419158728
-2.453073363908407
2.189103552959820
-4.373175048962394
-0.759362546167365
-0.053874665510438
0.107674696137400
0.463901538662389
0.707889061618459
0.713715021250755
-1.803645711628012
1.764056426066013
-0.315496379544109
1.217989575375155
-1.527259205852879
0.646048493795300
2.606164673215060
0.306915926700510
-0.283007174408944
-0.911482683286973
-0.202362967591258
-1.097657747178503
0.083971470511757
2.813308001418790
2.521595213371123
-0.190806340384457
0.263538386183516
2.966090845382371
1.135022386008832
1.866027979060960
-1.069677941160835
0.410296895890764
2.993033641639245
1.209659849442730
-2.223630122622457
4.448041622094503
-1.433751086497003
0.936260097934002
0.848638503540508
-1.161498520497672
2.467691394622229
0.999248715936620
4.721890935044877
2.494366604580809
1.552994480593715
-0.617833169840032
3.522912354215544
0.157290739951712
-5.416843975893083
0.013871130284843
3.537491292285569
1.223754834524200
-0.429592507672135
-1.757906767269794
-0.982785201670630
0.935364162546783
-2.441370642851111
-2.174587459731949
0.046964923960428
-2.479972847354780
-0.089467820565607
3.200664660324809
-1.558586707546951
-0.767114790200702
-1.750377082811607
-1.466778338880886
-0.000786217780727
2.608399867806088
2.174900886093891
-0.739090226778052
-0.123884027495039
-0.836086826783429
-0.800148612150408
0.332525070837508
-1.266230379532077
-1.063956079575261
3.213349505716836
0.044270673753050
-2.505005737257484
0.256279974227666
3.695414524310845
-1.102000345054102
-1.346017857422897
-0.329756957354210
1.293551097872459
-0.675135903480190
-1.218929098699135
-0.236030426124039
-0.973869843209161
1.599629005143869
2.892157500041906
-1.620840427940310
1.175597844014714
1.034840553820031
3.256712332605939
2.423263343759936
3.055416656526949
-0.332483415020761
-3.001565823075264
1.035527910571800
1.654513093337508
1.443186716030265
3.926174456090142
0.905122202395687
1.238155080985355
3.848757731074708
-2.797548420714842
-1.569831532352832
-1.482114801545930
-2.225897922175620
-0.747563683644432
1.612773121801973
2.338312679273631
-0.036531819495042
0.590729350990860
-0.880151344320034
-0.934136420698323
1.610661683395925
-2.231108524667813
2.406017195850147
1.218175088075185
0.583927964658889
2.175169443874357
2.328363031993925
2.226047727628323
1.008414572509561
4.976242782219209
-0.198184403505361
1.577765233936446
-3.741341203781697
-0.300620665804781
-0.998061015400298
2.130255218027998
2.060502781750682
0.939252074969368
0.264746202147019
4.780573947684107
-1.915718275025706
1.916820299034188
-1.409928346198154
-0.700197231614882
-2.597284535501481
-0.164760816966502
1.569668711399963
-0.509176478882807
0.831972373001466
0.084680848567167
1.553656983079652
-1.155504538324215
0.636604911717077
-0.694529791102412
0.867524181899814
-1.141277014353804
2.071384719337789
-1.379424947081439
-1.122364997531697
-1.755151825684141
2.143362780863254
-1.085417132109666
-0.012156399576674
-1.375919456026422
1.355426419312287
-2.892667327316702
1.426759620930690
-1.521128758980027
-0.396058623838364
1.022890404784921
-0.340502256731483
1.161604376527339
2.672604027158485
-3.093993085547472
-0.455464979670450
0.962125067728089
-0.009185842351599
-2.261901450230921
1.233356461985516
-0.937920329971552
-2.717095567532267
-1.707033062309191
-2.917995879332799
0.004913107980697
1.478080858458022
1.570795074226082
0.544189081668568
-1.476132477374948
2.434284198468996
-0.009066618169157
1.178426933721321
0.835969159727989
-2.186117228157299
2.666467980758788
-1.466612143983213
-3.683297986180053
-2.691258233819223
0.838142773264633
0.170566382084990
3.812831475744505
-1.680868727201477
-0.204075530765278
-2.793477330430684
1.098676497621995
1.988486711032845
-3.909316915481631
-0.217038082097413
0.776972835309354
-0.481505384439847
-0.521068479037331
-0.456319134223972
-3.722436953213826
0.880761919596896
-2.325434326213035
0.668718807327429
2.204624798574702
2.301201027400273
2.823204239539866
-0.470640164293842
-0.466077792835824
0.051981870823102
0.377033034213758
1.890648150405611
0.951192930276195
-0.284063104044359
-2.970970421823707
-0.300017425126520
2.007428458250894
-0.051988800970644
-0.444907818257900
-1.140001920538163
-1.673942264732673
2.212899892952273
0.061035522117475
2.715684156734201
0.508609848135955
2.150964745316667
1.182368394152816
1.236612909466322
-3.853110170759134
-1.084906184851399
-1.530873984234481
0.868967549252565
-0.602748202456514
-0.102666448027214
-0.113311219230885
2.692844833206542
-1.071509251340441
-0.052722558355578
-1.992593892827670
-0.408936501517991
-1.765554048666759
-4.625276045549751
2.192326405358017
0.050391881573307
2.551388095493664
-4.056395678278400
-4.745701835291851
-2.085515770792933
-0.421383912943042
1.439346677978084
0.387673023714759
-1.534271259972840
-0.053974140330837
1.256308820523217
-1.544844281627096
-1.788706682221769
-0.077676171734875
-1.125094702278896
-2.760012383221513
-2.233301640568643
-1.316066570028425
0.504204798399223
-0.584644640903761
-2.739252255599899
0.086747973582246
3.001841443626002
-0.577490648870072
-0.261087080111819
-0.393497471582861
-2.460568304202869
-1.853393125291507
0.052827616455324
1.839635743288326
0.446051481106062
1.628625867490896
0.228817636395421
-2.529681930049377
-0.355341461435827
-0.878987615915458
1.679888284593563
-2.268263663240463
-2.793356925609598
-0.501518448252735
-1.602208704528927
-3.141190672155471
1.504044166000961
1.224016436043542
0.270501523368588
-1.511756143055950
3.847467647731103
0.501347049355845
-0.762900959754863
-0.365588146537909
0.601242647552952
2.649555357707000
-1.910652882506689
1.469025376707480
1.189451705771524
3.480101593783607
1.776787595557391
2.263343274449257
-2.512080907765799
-1.381223558628517
0.854294836205853
0.788233100810471
-2.231410759554903
-3.672162767266424
1.449318868459394
1.295074294942996
-1.368351163808474
-1.817230730996909
-2.189109745702005
-2.240955158377883
2.887804317479686
-0.059404183943331
-1.089815413930014
-2.019043182066842
1.194020652237751
1.172465369679339
0.339270321703551
2.324820961597111
-2.153106484368204
-2.186891648885494
0.250559684454325
0.903750110661688
-2.786364953544069
1.212143110028896
1.110068891085042
0.804138054858949
1.707413117664802
-1.076468682151563
1.508064077326510
-2.500657450885832
-0.134279345790617
-1.113693719921980
-3.659556197230120
-3.781369804453178
-0.669771771214249
0.706529933796394
0.449781506953192
-2.427075740626751
-0.484492062984400
-3.277544701340689
-2.417873889961661
-0.993769409133959
-1.911004804457195
-2.138702337369684
-3.623786932698104
0.998393532520200
-1.436307058201159
-1.611511407980542
0.146321956101748
-1.028369249397720
-0.060776854857081
1.563315046142380
1.863859860649020
-1.477821510191085
2.496995856289888
4.107354889422250
2.452193876965841
3.175355596951271
-1.165216317055868
-1.554439282746789
0.300268985407047
0.236909375166267
0.188409074278260
-1.277204778013877
0.816330080037651
-0.841135964669220
-1.343159740234956
-1.549056002339697
0.359547606292791
-2.074472227627872
-2.595813252453110
3.536230899582467
-0.479311032665429
-2.330601369961520
1.306588429285284
1.437432979958524
1.202012722993458
-1.481698653702801
-0.846362881477943
-0.265065342296373
-0.460563622656657
1.164731829642018
1.387234177663838
-2.515676519322674
0.020736716751674
2.446498465677823
-0.559488452590728
-0.088523902417183
-1.436786328631591
0.894250779355635
0.716191715551493
0.342056084675513
1.466079655720228
-0.436160369536394
1.023681148096176
2.319694032662671
-0.426446468501507
-1.259088554903624
-0.038102836119742
-2.524856657772761
1.756656050503421
3.009198273905660
1.393153243031434
2.382220235538973
1.879015776313750
-1.916631862780033
-1.752831953641198
0.960692586776992
1.444149637969677
1.391309905328103
-0.219229977827334
1.528908774069740
-1.530907541277629
-0.951859889026498
-1.799246663343958
-0.986311040846876
0.850391126784251
-4.149066698803812
-0.796381553967263
1.132300375787314
-3.052371043441610
-0.464912299423808
1.410659631361948
1.897458015345111
-2.974136702570386
0.661240531563891
2.064607305230550
0.984300622484171
1.500794705269912
3.134058860245814
3.264002037313101
-0.372665984123733
-2.849116819394820
-2.055294911308545
-0.594544761601455
-1.276125967640877
2.778643975618948
3.822623779625976
-0.115299013691770
0.761950780360693
0.816400140043260
0.263671215677865
0.517328587395268
-1.104542668432862
2.976651234879636
0.978449776932763
1.044948067815739
2.853057046375288
-1.599414338635603
-0.049016477152698
2.250213946962782
0.906966710459083
-1.414212828571714
0.847794651037377
-1.040047897142801
3.143689249366573
-1.713279945088325
-1.632990839359258
-1.591606154642798
2.858391485295506
-1.139271749449941
1.542070664358237
5.020957685742701
1.640784362313050
0.067700746031627
1.720514585560828
0.625361125704209
-0.219952586563390
1.591758488204982
-1.245566941037277
-1.253324492368783
-2.815606524042050
2.425661322557078
0.655426440065323
0.175241857011077
-0.606811402259286
0.231654584918488
2.556222071746099
-0.811660910296750
-1.144914255171428
-1.318615352631399
-0.390954103284724
-1.496771994775694
-0.294401291042910
2.670346955957343
-2.923252287809420
-0.166097474874547
1.035514963727205
-1.364741893012253
1.757790749466195
1.664294447685875
-0.977567428588114
-1.611037240358434
-1.291119035027926
-1.475655396472415
-0.544642681420819
0.773934445743501
3.730008832003461
0.546786552963553
-1.540013867154167
-1.152148279540836
-1.345863644303458
5.361518588214445
-0.250727071788418
0.699840166746042
1.995069099143090
2.735646006195370
1.397136510326842
2.615428347310805
1.276337314464416
3.279384267664214
0.857206256750857
-0.652754030152490
1.457121534583128
2.076070825843591
-0.911585047777119
0.933407994483622
-2.400275343260069
1.211133742054686
-1.561369825338022
0.619149086633627
1.165213821735560
1.505644547063208
0.630854059618524
1.663190249787534
5.005665139869538
-3.147981437012549
1.536103270659406
-1.291368576514954
-0.473892459964598
-0.764847821185069
0.821433875617802
1.047671420428332
-0.528968284326746
-1.364508103088974
-1.445796311459886
-3.370338279646827
-0.865749434620904
0.856148972644635
-0.858740145310934
1.062316579433872
0.564611125011874
0.097885209960906
-3.488485654004565
-3.038838287755143
1.220240084351858
3.412041481575006
2.039098429187312
1.033621567993542
1.324552893382186
-1.841249404149531
-0.660854278645114
1.516437117905995
-1.660484448374380
2.457412363878323
0.041105689633594
1.265836006039167
-3.343109491705428
1.120517954842417
1.006296945004366
-0.095603339568559
-0.452669397837917
-0.286798739649244
1.296268854654486
-2.132110964384066
0.681163344299818
1.995384889038409
-4.620557112865406
-0.240769789626248
1.743808498246951
0.782882528061812
0.327558034803739
-0.286305314212120
0.094767502411983
-0.339830596729376
1.685858892817210
0.949323922985283
1.901216959592693
-4.141444463338913
0.101788959429948
1.098815066022670
-0.158443155783728
-0.509803917601337
0.541789275989028
-2.310172284426779
-2.855583000823249
3.771870177627929
-0.177607272781509
1.013548232576908
4.848231940097764
0.478073428959037
-1.408140339251251
-0.034138937584347
1.715427661174486
-0.579349130289438
-1.065369104506578
0.477604946424465
-3.205437905658596
0.255872376415841
1.898960863696320
0.305270870631261
0.129133541985769
3.051004523081143
-1.928588213769893
-1.179269366621005
3.058350935611526
-0.515009747893495
-1.837516759514251
1.449495368040356
1.184355338224424
0.336607809000825
2.097391648084650
-0.097566954730175
-0.700102852389807
1.778106981884467
2.720466709775106
1.511528016436705
0.231168126373100
-0.292118788157007
0.557087348685640
-2.843650774633668
-0.387273605188698
-2.003287473045089
-0.378759775135085
-0.634755635953784
-0.554575982205927
-2.997663289690679
-0.601550856247848
-2.001790339821549
-2.047340837597368
0.648291872566865
-1.740730293926430
1.404242220523210
0.696928554135603
0.109020355310304
-2.734539718206697
-1.771627814310923
0.914389194848352
0.566696555592039
2.584324408091629
0.272505581795552
1.831369775582705
-0.792846039480836
-0.921946358320809
3.112454000686364
1.242677108159931
-1.296161935893030
3.509213838098045
-0.834521819278037
0.384171531781074
0.969897692222513
2.959255267031833
1.524883444858109
0.401087026239971
-1.330793427892940
-1.269620025251363
-1.335717829314649
-1.021904188462660
-0.860166688025214
1.612890544808461
2.013618841048369
-0.279412562946673
2.153599893483364
1.830872033756349
-0.365024563577233
1.861415604978125
-3.340649828356673
-0.378847793655549
1.600747995622618
3.413064591086109
2.053479745593611
1.608288431184768
-1.644819811931552
-0.678482094014642
0.052415903958386
2.198051814774597
-2.437356101758648
0.115036834746482
-0.077672096258149
2.509745081463306
-1.421266359515829
2.221859522675202
-0.658989007734840
-2.965218313948517
1.847646536805647
1.117082326704858
-2.834926312941894
1.824671761023059
1.250954806610776
-2.131324766584914
0.101912856204770
-2.198273611183605
0.624511539655908
-1.214718356869451
-1.779479512959473
-0.322964670459555
-1.233302034476101
2.425925445918699
-2.016338394843693
-0.337380537797530
-2.131314259899817
0.958659928527409
0.526481572041721
1.084257416275477
1.455308987154850
-2.028242277380482
0.995630064164789
-2.207082877278474
0.666311494255176
-0.587444681636783
-0.397760131163790
2.265676948150533
0.433888461285011
-1.250995039079771
-1.047217513726235
0.846545712996526
-1.999437789697261
0.369065196079147
-2.427927948030265
-2.149656361113373
-0.124328304066858
-1.759669341122299
1.905104489360860
3.700382349846225
-0.083477445930269
1.178543803769333
1.678770252993312
1.021198341714193
1.212640845355220
0.124620586188497
-1.436969035906401
-3.416901760691102
0.950473733711976
0.077259672807907
-2.286631084542334
1.768458865117068
1.824656123113313
0.308866830029541
-1.043707965668222
1.054756375915573
-1.455281380371992
1.285462105900335
1.270346105130165
-0.555523600296464
2.145869593600064
-1.480341565457902
-0.251648507680213
0.887667959281505
0.518576142760084
0.368512139428659
-2.277441239766100
-1.032123149195988
-0.690606679377745
1.251626724334086
2.080127597924941
-1.732082792633634
-1.239105885693218
-1.074003581724550
0.692286766613651
-1.701925320768072
0.132127885052939
0.827245021964628
0.217632636900760
1.529081193644556
0.313780913445866
1.965855152081944
1.653698980051823
2.371838268755396
0.261124840570921
1.045297747714505
-0.455124113747400
1.048182333904648
-3.247539888604971
-4.614235801132510
-0.004505872801771
1.804049278100371
-0.716357827143034
-0.572794408138819
4.930756704691381
-1.626533777613554
3.036064104869901
2.227254785522418
-2.297411749094671
3.881217665509508
-4.481772090192540
-3.922723843124788
0.730915805283604
-1.014117452992184
-1.340928254806336
-0.250724826853826
0.997992091986871
5.030067887305133
5.287915449623256
0.210643059200569
0.897293799260013
-2.136810686718310
-0.011987898349514
1.115770904188866
1.729982159666063
-1.188338217600113
-1.995012285097819
0.827930295424285
-0.057410613470002
0.038955392660037
2.734409032668957
1.472565996690796
-2.690619378382986
0.400764911417705
-0.698341482146224
-0.488796404686566
-2.448067809942050
4.436618935687640
-1.050253090505904
-3.039652867005687
0.801813313015954
-2.393359733011121
2.061808947259762
-3.679863043575686
-1.189384443103671
2.922018152805111
-2.835478973398780
-3.848141241576224
5.071411893645246
1.109446684832963
0.469474007064046
5.277157969502036
0.398090442207455
-0.609967447062534
1.962910352784232
-0.242037166292178
0.995150970258141
-4.158857824851865
-0.751546962210882
0.110618016397204
-2.257404943920836
0.615530803712390
1.408396091060322
-2.208382593775577
-0.955082406179213
2.528703556797363
-0.108322800078647
2.168592052850391
4.298124733988477
-1.852159014139784
-2.300849041273463
3.192034339235208
0.434253891979151
4.156321844617604
-0.265562554715733
0.862489124824514
-2.005882362603871
-0.878797504037274
-0.691958836704123
-1.422741036985244
0.470074451445721
2.719918427872045
-2.507885579312960
-0.454629257512201
0.832747989172786
-2.559462825968793
-0.076956445792421
1.011683516310041
2.159842085780199
-0.219427244334444
-0.496579194528563
2.543892600333175
-0.608351128734075
0.261372527472581
2.051858513859191
-1.048181829776311
-1.937198417542686
-0.669551844035621
2.488532624250836
0.598962568684637
-0.240151129919028
1.469946079221442
-2.476439898084794
-3.769760704857525
0.849418178788508
0.505413605133873
1.987641252810747
1.403472770675891
1.603937749185921
0.125087755236973
-1.994947577347961
0.018787997243189
3.503810114290391
-1.212274895509843
-3.102928783810597
-2.614929160528838
2.419919907581033
0.872144258829627
-1.870832365445222
1.957442619982993
-1.761778018499343
0.104975058353057
3.874755455961250
0.656859433481931
2.030327065191842
-0.041010339820392
-1.880857871700538
-1.030095864341975
0.580918035998851
1.477813661109100
-0.870595075350779
-1.536813461416748
-1.715139309522260
-1.553903471533605
-0.158815596487507
0.486936757677212
-1.250969980607906
-1.646733682428853
1.286514894603454
3.457587429251333
0.724750359773655
-0.483248733756341
-0.461984225420065
0.892819633937171
3.042147208768549
1.487849420905677
1.847020950833026
-2.395563569719282
3.565952540695315
2.858534786036476
2.937582320820503
2.968892537152795
0.204165376712729
-0.516519256944285
2.563880247004373
-0.279775162892519
-1.709695252238197
1.165399765868439
-0.881570147752132
1.583078549938854
2.028988655919148
-2.008697022657600
0.562325885751405
-1.262580112121842
2.405333938065726
-2.361748045886864
0.247925501663913
2.632203566347430
1.547690032785492
0.289358146197725
0.933582115156827
-1.264502433270704
-1.452252102533886
-3.610285037088135
-1.029171075963716
-1.026023282097650
-0.812503867512764
-1.046689490272572
-1.854102627501005
-0.081618963723026
0.251585899417461
0.507713414082461
-1.324381253050801
-1.680665217490845
-2.454234497460585
3.280284126574371
-0.673140143437250
-0.193548111177113
1.822015252706156
-1.129394538405337
-1.450845393762004
-2.852640749889596
1.677359715855357
-1.053588637736753
0.559659250892013
5.287443633244719
-1.809999439752500
-1.978298502812123
-0.444933667041488
-0.840678186826600
-0.867290499140825
2.034278064130365
-0.203143723540663
-2.478152679335169
-0.466415875799018
-1.482511563477160
1.014996092362717
2.915609105827787
2.715845277559607
1.322529040725143
0.038550023952455
3.323297068231248
-2.995611499868938
-1.153854446544509
-3.354585456208676
-2.802376319168365
0.719702519978249
-0.812239947964833
-2.910179441157330
-2.671253405285858
1.318916821369421
-0.130368442784727
4.068292935152813
0.167574341058340
-0.448065771647601
-0.448926627895598
-1.351827082576815
3.005955530898537
2.007779974472944
-3.412636026360959
-0.274616677753057
-0.554884432417282
-0.330715406052388
0.424753004370727
0.488785964604187
-0.862538151770665
4.122064808342949
0.118384394291930
-2.149333077062300
-0.122255595431073
-0.893999998770241
2.763708289307809
-1.526722024968195
-0.393869825510595
-2.047748384251983
1.309934880776637
-0.653170143835832
-0.154693593840900
4.252675003504137
0.219564454746270
-2.030228664589214
0.985027839560330
1.446758861460583
-2.804357746658491
-2.548936656587103
0.951993925974597
-0.345263765762784
-4.021232042618199
2.368621273299498
4.555912985730209
-0.535376491531169
-0.982389679891215
-4.460253650883505
1.349343680538308
-1.425645582848005
-0.123369801515975
-3.731070139547758
2.765294375608120
0.526795189058974
0.033473846906788
1.956731876177695
-1.070389036855348
-1.951737155663005
-0.479241553863333
-2.012938624796759
-1.972376065407682
0.996181645156634
1.915258694291941
2.047752255283651
-0.240930849805173
0.353888719171118
0.737685821979389
-1.655605357737317
0.291514199395665
-0.329168027841408
-0.069959966961166
0.114175730459860
-0.951471819959163
3.945947864489417
1.504261227611397
0.799070911553905
-1.901709845729114
3.528218696901079
3.381682538610547
1.029310316726801
1.636968396220379
5.638210203366279
-3.665224569301633
-0.528456585279247
-1.715516246359844
-2.675927347912002
1.521182223368636
-0.129469730215523
1.130931845855013
-0.888873177254314
-0.240820796124318
-1.070811786828578
1.967290539621119
3.468099113596818
0.175363000536365
0.900859802290884
-0.296966481397574
0.841033675473273
-1.393926375844677
1.701448910822909
2.740909766436975
0.422321629465906
1.867125089029639
-0.918211011704685
-0.293069264813463
-0.767171441933347
2.624696251427414
4.737858203464742
0.233749400046358
1.004252115562365
3.201297018786642
-0.974263689490483
2.940021694255094
0.014836953350987
3.148830616315942
0.340713572647385
0.010599801846497
0.977945121002195
0.314837786918648
1.631252052621984
-0.399126951072029
1.418042249364049
1.895184639419835
0.795482476486488
-1.200631167416863
-1.868431382866763
-0.634556954790143
1.911268490406528
3.895145596805020
-0.776695095964899
-2.337401607897712
-0.412028899328037
1.019427679732727
1.345332973742731
-1.960802649764091
-1.406096789290019
-1.378960860860823
-2.781769240985746
-1.459276067485184
1.002422407478691
1.085229384619686
2.256599366091705
-2.308621649177067
-2.383717630104691
-1.933417299066008
-0.411760239866336
-3.123333031643639
1.697904110633315
-3.099920227932700
1.465473045005061
1.902472526645181
-2.378153386906908
1.517982268324058
1.841780587532034
3.235797788513121
0.094471983000092
0.412173252490869
0.726798196815913
0.378754021564133
1.127817901745830
3.019803626653119
1.158788633746405
-3.684518508607311
-0.571967630628167
2.382977761729924
-2.934591428200571
-0.207244530365503
0.445084032959394
-1.053053279192199
0.185262294927551
-0.962743560715016
-5.950259552484342
1.534520315197686
2.393462678382877
-3.545441777149329
-0.069032695428346
0.126355144861120
-0.093963130483580
-1.441133938499515
-0.759166310973409
-1.881361544535903
-4.565487631826286
0.074642988695285
0.319677802097212
-0.949145329138440
-3.029776950067298
-0.893596156557528
2.617783655429041
0.327725104482010
2.080269996434279
-1.955106286919673
0.010877723727666
4.091449202208715
-2.217942161027397
0.956362143757765
0.586154741296144
1.222389503651574
-0.983394176144901
2.430768822105362
3.775024590915217
-0.070147147775796
0.360848680169399
1.468544458635363
0.541545950093822
-0.970089579327595
-0.465928630104446
-0.318880309442479
-0.506224986030598
4.643108831151896
-2.862531486333350
0.600625585961127
-2.434933220915537
0.389473943071552
0.176385581925734
2.444676524095528
0.726176762491437
3.665109777413218
1.140925832161440
-2.213276331957512
-0.608555056044100
2.323148959267304
-1.592302239864418
0.936960647867350
-1.431117664638604
2.778081169328332
-0.098362207999149
-2.214354624861498
-1.573898868092049
0.047176650250432
2.263228671726187
-2.264332541339062
0.809536259107042
-1.492480741403140
1.509819314435704
1.071417599402850
-1.103580100628292
0.688475343221562
-0.905998128703477
-3.797513400458500
0.084985813521718
1.122541342507913
-1.378566086821262
-0.390981700636595
-2.134496546388696
0.875712205890553
-1.402749038941079
-3.400850056765825
-1.657850491281010
-0.072569040847462
-2.358338425706886
-3.770653773029798
-0.001021958317158
1.882774875265524
1.368831518832167
1.341658462668720
-2.448051508287879
0.235876578296291
-1.319866808787535
-1.947368647182630
2.468521581258716
-5.860549927076229
0.824368698457209
2.553494656199269
-0.215724783609581
-3.427273555421833
-1.549650365782942
1.164230751829516
0.696988581723675
2.585784570212080
-1.059698819276419
-0.961440830153149
0.424286246860051
-0.274404471187544
-0.724747634246164
-0.093589631127680
-1.836671551500771
-1.514387359374060
2.044697217360758
-1.395132894664745
0.550501946980174
1.102763919541475
1.569926900260431
0.951487487317762
-3.306821049960698
2.971015696524888
0.919813301454738
-2.839087066440542
-0.506584813791044
1.208011974779038
-0.119020242954009
-0.873786821196228
0.109220218256947
3.482126800362338
1.942633526352939
-0.200205953744279
-0.404908927386912
0.318841405847381
-4.663162639655139
-1.475500355390012
0.356886334179377
3.297834394449443
1.235895351704859
-4.045229155804469
-1.428332804574109
0.788052259825941
-1.637794867271948
3.523910856678414
0.582655544406128
6.645600268828062
1.703608255734265
-1.402298319385006
-1.414665489504195
-4.282996937289664
0.448510535824553
-0.774392988079564
-0.166711054517149
0.033565836780873
2.056517803368176
-0.180997906338483
1.163649895184824
-1.589121884292200
0.126089025239943
-2.265339771465360
-0.286313047100001
0.160220631089336
-0.563500791808724
-1.136716445327991
0.114171172777141
-0.885056410683004
2.863816032242011
2.076476028605541
-2.798652724899434
-2.258370421862737
1.373368590062159
-2.388999098314022
-2.441809489050421
-2.319263343368371
-3.256649064295507
3.527240796685306
-1.244343049645870
0.174986007697677
-3.568972786949442
-4.130788426459668
-2.012700420871308
-1.855044922909514
1.997741700530453
-1.531824806360694
-0.048915145855809
1.748507804772207
1.997388878436971
0.082774025080726
2.781819728079961
0.699842473964776
2.082431214137433
0.720176724896599
-1.662080260933322
0.153246394954039
2.817404020593808
-4.130476233021243
1.842766707874127
0.845291356638107
-0.232993883132167
-0.313494538021687
0.007546854256509
3.841694434289550
1.549643145841362
-1.915096330188933
0.284770763227238
-0.706456799577112
-1.666472079693120
-0.528432692778617
-3.490218030026410
3.299245261408474
2.515622964496954
0.416073236152444
-1.281888361911587
-0.298003192277670
1.787181722158142
1.225524682110334
-2.849359882967527
-3.048009253755362
-2.074740850861967
2.186778388232436
1.243017264821210
1.362976262523124
1.385328336137938
1.832513710697473
1.642161631006728
-1.872873413780413
3.071550202386110
-0.219744220403793
2.755429433634855
1.922842821173914
1.243965900760317
-5.388980312244725
-0.288537765690760
2.058002544692444
0.417244429257584
-1.326752048236447
0.584979646088288
-0.481032748248321
-0.941998590552313
-0.610313872067261
0.755650313742220
0.108176800570755
1.064065652636424
0.753090190453967
-1.634798934968293
-0.241735329227330
1.022421477263042
2.200384387532562
-0.383363287272410
2.103945999159764
3.934219194497305
0.120445808398877
4.535082939607538
-1.932323244904053
0.186672465424082
2.500071963554924
-0.926534425934126
-1.217830375531159
-0.770254804418187
-0.877101977696780
-1.673591910510261
-2.442077117764576
-1.128992720388034
-2.666484998229877
0.560674120934204
-1.235381264068434
2.203365735689899
3.811532056006854
2.260956286088826
0.663590288282303
-0.530352911450654
-0.156611146722871
-0.158593553992574
-2.456555019346647
-1.388828227043465
-3.262271869629691
-2.103343910592382
3.798496068817151
-4.938254428524116
0.107566138993257
5.561040392154950
1.663959111108382
-0.095394157065161
-3.938779092082457
-0.478563274234516
3.837357355195679
-1.348471113805046
-2.995365404900865
-1.052722790721847
-4.081946283397767
-2.907204391722047
-0.655054560877828
-2.018585548223494
2.735249546250599
1.327144690943357
-2.889364529489423
-1.069351724992765
-1.553944610868025
0.645262361340155
-1.827217399089631
-0.623728212289589
-1.025211129676851
1.408795893614441
0.397972559891675
-3.776993508652365
0.156770110724511
-0.051586659249919
4.657711844456027
0.040413247489818
-0.513824875516303
-2.895262905110752
2.180240511527459
3.082963483463558
-1.101324969991365
-5.370742559698859
-1.791173897113727
0.747393021865262
0.871477802912632
3.274338490403129
-1.467134774692235
-0.508920503315325
1.463868841054998
-2.012847909501930
-2.430726047763518
-2.230749595861777
-0.051716678879730
2.788334098122339
-0.432658860947079
2.082994791543092
3.209730164761260
1.167253174085537
0.315318356954933
1.199359504248807
0.943002348988662
-2.295012130520261
-2.267708216376081
0.937369568976633
-0.331992955313625
-1.068828302768407
-0.064199302603123
-5.253333403294018
0.538522357587024
-0.126054381938085
-0.279020347724983
-2.050190476764628
-0.699154915646800
1.190071171125686
0.501492045680136
0.190879091238672
3.764751189899905
4.095109175870235
1.361276437190719
-2.948530460023221
7.220841831218528
-0.213362387153542
-1.452074038462748
2.542855027040476
-2.027461655044303
-1.913952893778494
-0.020809375153792
-0.113525397830789
3.460746571726037
-0.450941961422627
-1.694626521663209
1.152003702420344
-1.843676278394898
-1.753146219080143
2.059079002193483
-1.431600694479255
3.145029387225122
-0.540101425644372
3.057948901764562
0.010636224980007
1.990129521505750
0.249107223849386
-3.075570693642534
-1.573947440838083
-1.260153620906542
2.186109848195327
0.622433457763026
-0.019459822558393
1.570012572448684
1.731747887167725
0.674764524453423
-1.150999337161501
-1.332244126308231
1.154461693656427
0.552365299314493
-2.194058886805672
3.281325409551431
-1.573845827314596
-2.436731654583121
0.881795186494682
-2.209815689037322
-1.576545759633859
-1.547107657710434
3.005011864366300
3.180146290189749
-1.380453843125598
-1.335995522601705
-3.396501047563850
5.410307160993745
-2.472905507447131
1.287548842235421
1.298639941073056
1.649368593719160
-0.850751704243251
1.710505052880846
-0.904243970364563
1.224550397946874
-0.747739619464472
0.745327373797938
1.214860379865552
2.362679488550400
-0.393422179646989
2.570774755503106
-2.294183179871137
0.720916624315953
0.919950731762483
-2.617701211621092
-0.037950296553528
-1.070234535454796
0.924673757075349
0.159673320687412
4.334517668951001
-1.211085840799450
1.799997427382932
1.816640223524620
-1.023580248903375
-1.948385711440530
4.720602238494275
0.238446101569304
-1.741434437131719
2.459483500212668
-5.660043949125336
-6.621083189107473
0.187562710642821
-2.199671153780320
-0.477397706649268
0.698727690917021
-1.228320273781160
-1.829292724022545
-2.098430162713095
0.499330292451723
-2.431507956990982
-3.068636627268738
5.382411134643889
-0.144523931822615
2.422472343313823
-1.361923745979328
-0.331060144130944
-3.194933946209893
-0.381510917149499
0.779854282379903
3.161793332168834
0.566443108688419
-1.259172682682450
3.019917635133866
-0.505322807082864
0.641807997047038
-3.170504516843183
1.954054952907293
0.721342288273864
-2.447846073515517
0.714630102387210
0.163379723981898
0.360262650910510
0.926403823983845
-0.804330422258220
-0.594017954624415
1.491397638225787
-0.328695348491759
2.154933575598346
3.511720928928540
-0.119437251381348
0.573462012947467
-1.157617051524356
2.303102269227169
1.111533471043959
0.420277706568335
3.790059120241152
-2.347686971549494
-0.066325109093325
-1.548647472414267
-3.316554016151286
-0.480137627303144
-1.066366709072550
-1.625561484058331
0.532445899636146
-0.831076726182848
2.074841002595330
0.538149714309204
-1.895634295331021
1.469154532540854
-4.103657849315314
2.479373802871263
0.208084717535172
-2.015947436070240
1.936408027933677
-3.145956055900494
-0.810840538029928
1.678629630912235
-5.078476249092713
0.954170765091662
0.418344100015142
-0.045221839390277
-0.380056313792890
-0.016419883724201
-0.163047711254165
-2.099229932129950
2.234445931181734
0.489603682211112
-1.296891120612299
-0.560181939182865
0.605957877883849
2.983964052015394
2.856728252508648
2.004020629598806
1.636717467010732
-2.203102429934955
1.532058475814130
-2.933840533251854
1.650378763455167
-1.142745470340020
-3.299463164653075
1.220480117554993
-2.114681775992354
0.836680391321269
2.089409093611631
-0.373955713035357
0.013514320138256
-1.775133049620858
2.354009124949592
-2.369352179324345
3.969783534336325
0.170216688825197
0.654985715441962
0.487512598118278
1.344243639897905
2.512042777510989
-0.742418083212639
0.531440793795108
-1.594945070854069
1.648366038995368
-1.744534696625160
-0.745657437894348
-0.108737114040764
-0.839173628241255
1.352998594066509
1.404909820254985
2.932386304210278
-0.159359451272729
-2.008532124224846
1.198614602608535
0.909768052824380
-0.245237988052429
1.250812420725716
3.280407988833913
-2.917075057555467
0.591262949100791
-2.000472246038604
3.692301135472935
-2.063051925387422
-2.389909141335751
-0.513837156590076
0.018760459840321
-0.451825208184131
-2.801387773432809
0.285096209442245
-1.826547583573622
-5.139700198002642
-0.108409416225348
2.359038922918876
-1.612025963667421
5.403723299023911
3.505354019619626
3.392819814180217
0.094474348161094
-1.458581173900334
-2.068434094288457
1.079745510924805
0.317907416565446
-2.617838284356545
-2.195500459288058
-0.260796321183101
-0.848077674007149
0.914782749648731
-1.954868409915372
-1.651257256920236
-1.023224707117292
0.561202209904293
0.676471423282928
0.738759662047933
0.397003397629996
-2.550359518579020
-0.096067837224361
-0.203777654257240
-4.334099827245763
-0.448008163402208
1.083365745970670
0.183756010323569
3.224319863479012
-2.269292596475434
0.949250846053572
5.581633048066682
0.230710362055161
0.176605477399106
0.516203181768555
0.722469463336217
1.555019969240312
-0.155589371816061
-3.066523288434818
-4.710164730984949
1.003671204292557
-6.550977962097823
-2.557237797572229
-2.927746029467599
3.317894631538313
0.581303174754604
1.746946224292451
-0.356053254241373
-1.605334654847379
0.798014879761743
-0.195545999316332
0.126065979511765
-1.962301874667687
1.829923648920877
-0.429484652927131
4.124979070794486
-2.114514103362815
0.006802640733166
-1.575545899415639
0.527795139948596
3.253953847234317
-0.724107447126248
-2.404108755385150
-1.092371072856624
3.252210888871481
0.031140787604919
-1.665390688832786
0.248523867693617
-4.601367422175299
-1.771299059975906
-2.203166295867505
-1.221598347598716
0.658433425176520
-0.544204204137330
1.111737914880957
-0.280943486128774
3.049327653351235
2.008563690425307
-0.721480284853325
1.987847023647333
2.563091132586292
-2.231398840263302
-0.586496721424348
-0.656055942762086
0.624206811608906
0.167251363795430
4.867093463334330
-0.394827097540916
1.466461543432330
-4.270272671693530
0.162638219837911
0.396155669835815
-0.904308141761204
0.516391510734115
1.333130067234843
1.531711088266649
3.294796696400959
-3.599462198786214
-4.719485481245489
-0.941121600419838
3.097861308487275
2.677593648026003
-1.489954304257567
0.922741502997859
0.307984990418651
0.111685390369884
2.327147272151207
0.080215765460692
1.372128632935080
-0.374851459844656
1.035284740598399
-1.683770991574130
0.744606191360443
-2.039136273949828
0.536004019850078
0.497747367741137
1.205374515735877
-0.055977327425836
4.488521277088227
-1.036954533220048
-1.959270340590041
0.992890121414712
1.677475427608637
0.596840834327346
-1.826828113366731
3.070302082958041
0.698288219146113
-3.471867868783693
-2.197641021450199
0.954199669969408
1.887012682391286
-0.181778067970911
-1.709268965715497
-1.328560119420827
-0.072359923944685
1.639176601140024
0.937827870652674
-1.434743385088904
1.068588993633701
0.570780927668445
-0.061565701903305
1.063168427082406
-1.140025593677384
1.399097428607754
1.503832436637531
1.115472914747212
1.764250425966365
0.431677773976114
0.955014715037980
-0.006867870571191
1.807637776433524
-0.923738666615215
4.774652496701392
0.243280973536359
-1.143334943972122
-1.890673396625661
-1.204309308031408
2.489110109565339
1.201194520793100
-1.803802154430103
-3.374248059416035
1.203617418581707
0.192931963021729
-2.271066779225644
-1.413093265287686
3.117586283197364
2.795934258753836
-0.247797165601046
3.217564224516145
2.250772032412664
-1.001321076249180
-0.663734914552921
-1.159913005127084
0.915608269435268
-1.550564549802603
1.769740718125740
3.786514747051748
3.753928520473083
-0.908394852783945
-1.365115377951521
0.271666499035772
-0.895533969754376
-0.372954930090913
0.555001544539902
-1.998792971144040
0.283840851476466
4.541540670239064
-0.106532398701447
1.842074930355579
-1.690477731434176
-4.159225929346775
2.250601578781417
0.321409695971937
-0.717149834435630
1.641473877230594
0.271049790196935
-0.657917510733279
1.006946591518260
0.166187053833694
1.839303247235647
1.164761097364573
-0.510880832095894
0.774028890322586
-0.823504449657948
-2.356451340741178
3.291736872069757
1.936816325031388
2.286093323172107
-0.825183421988566
0.103871546974922
0.153313840379397
-1.791693284635857
0.345805908253751
-1.415344325477164
2.259777499742291
1.551839929609834
-4.678419536709103
-1.841404604392248
-1.515293971281906
-0.899071100535813
-1.786141013428752
-0.878218826380247
-4.191717605517451
-1.260026328572948
-1.078190809120946
-0.610715314533767
0.637152930923170
-0.315313166544284
0.800936933896515
3.825623814645873
-3.469365081714210
-0.768180153966696
3.344842266575402
1.305261783313375
1.079132516782157
1.688505328877292
-1.235539402967283
2.998874795806203
3.721924040511205
-0.687488077921858
-1.480657094630473
2.939790385740356
0.745989752571642
-3.818618203455210
-2.833233423888236
0.005300141359677
-2.771612822531533
1.260193232239543
-0.603169037520133
-1.336290827711761
4.382510597806911
-1.329475645558129
-0.822751762315016
-1.777633445100809
-5.330530558145011
-0.222556629728257
0.342964340462277
-4.692897101205584
3.538119778358460
1.997970646657569
1.659190540470991
0.109988830276053
-3.145427404089189
1.255227962309863
-2.553127854903514
-0.408176780142813
-0.000104859883657
-3.908774610836243
-2.428083675323226
-1.016248690326772
-1.866095542988519
-2.455109800715871
-0.049118431570646
-0.432287221946619
1.471823735745126
-1.997975501357844
-5.063541114546995
-2.840261757341762
-0.036392432058256
0.177120449033650
-0.536216301815731
-4.736032086422788
-2.127485303821989
-1.187584102989799
-0.343360861411642
-1.786082158259571
-1.801764379571350
1.021156327530097
0.326703258194818
-2.689908912363917
0.439953525749705
1.375440640669065
0.463732918498639
0.515810480512119
-0.066007627981887
-2.364385672171111
1.049125310992201
0.962912738024540
1.582508713145029
0.356011972269701
-1.319975331469223
-1.922255520299671
1.968529167887704
-2.022199250322036
1.463934622080442
-2.417728884167057
-0.163790668592650
-0.819650230188323
-0.437515788226689
-2.481795714774703
0.316969571849055
0.954362426135070
2.537930705041715
-0.785297495077461
-2.443355310276136
-1.890843646798291
-3.217474898843095
-1.198324357973102
-3.652513830650942
1.610475373296958
-1.174595684991883
0.906905491618136
-0.428043162486412
-3.360900183927198
-1.040829250211962
0.004642017174650
-5.316447696045246
1.580037189472675
0.279219832063530
2.707336729735527
-1.884514947293021
1.256930312125859
-3.854828450878458
1.370799198554865
-3.542744074487660
-1.815464018227619
0.394842867908455
0.378244274609984
0.735784808357636
0.234262251163478
2.875444015495952
-1.599566391855436
-1.166510342386736
0.807330823938222
-1.058686102611008
1.373645586331842
-0.604706502256764
-1.137785068586521
-1.584730891591432
1.648246347185705
-3.717186573804949
-1.797222924801661
1.529145394786999
-1.813876746553289
0.318047433500055
-1.586270740067326
-2.202853318617334
-0.370834540171211
0.229337634425780
-0.687560129356873
1.969870700205767
1.597515043420107
-0.268631727858842
1.636004684980584
0.826525848464825
-1.624201725030009
2.441092116609408
2.138940901275962
0.848064520345984
-2.056666045704553
1.809550929069505
-1.602421978700801
0.460355828540808
-3.347261935385248
4.620383302935555
-0.481806451418490
2.376311110440751
1.288316355854042
-2.515115667059585
-2.903480581345799
-1.072115530702459
0.637984983628446
-0.278151934317075
-1.550655572521720
2.177088488679028
1.368727801314925
-0.313775647663534
3.215887471757200
-0.256412269681730
2.420271552042364
-0.443710319838406
0.776009914714081
1.231108210566233
1.996132433351461
-0.809592982151165
-0.828876793638681
-2.462612504441299
2.248755506178688
0.007708120331770
-0.405861362169082
3.316303003768792
1.620084750424467
-0.205412569394692
1.601458855552232
4.415409628810408
-0.862248840861714
3.683965358608730
2.064314728138617
-0.300728812322517
2.399567299519451
-0.052236774304508
4.047985667794174
-1.362270563372926
-0.849215077050784
1.276770765215734
-4.440182541620633
-2.441962350652739
0.565980779660631
0.454831451833509
-1.815700602894437
-1.634593812140012
1.206277277425556
-4.049790026337497
-0.511077467230262
-2.056921072576873
0.777568917567312
0.589490096674464
-1.943983826064964
-0.305967962106262
-1.761567722448334
1.732987129315115
2.461744008284673
1.733802045848823
-1.447823520498231
1.236383515573083
0.464819605500097
2.166287965121535
-1.437226658685027
1.589595439422846
2.399689429862841
0.567254695592528
-1.136942246699565
-3.946085413501183
2.424917886754387
0.122651094474778
-3.167908578425099
-0.647418090675774
0.919027977009066
-4.224910658622036
-0.749963403268678
2.377194501320992
3.219414157875845
-1.463894345888781
-0.869168580481699
2.345396975536904
-0.144514272466708
0.941262315252542
1.630743044194206
-0.240936891496342
-1.440231877370024
-1.204630678179746
-0.298279549104199
4.850101484648246
1.933522634686472
-0.443386075944570
-0.640758314036826
-0.581187324734179
2.008792090622491
2.817746907728956
-0.435982092365334
-1.270517867881347
0.088635957610530
0.408974039924696
-0.758867118106875
2.541019493471919
-1.038472465835186
-0.605822004555279
-3.039905678000197
-3.959522991928661
-1.504243256972854
-0.712068836141817
-0.149387333674322
-1.030173822711950
-1.962508684701370
-0.851261421221392
0.966514694388299
-0.186346886256182
-1.840558908196311
0.671045530554061
-0.156696994116172
0.245169403548334
1.939859071351209
-1.513882626929563
0.540270212458969
-1.017655014279817
1.054606701671684
-1.518981596489648
-0.625160278322126
0.216137347949305
4.302680946425013
-2.425771255557827
-1.145220043941651
-0.429914233468377
0.474218413193998
0.531172758938168
-2.057822768456449
1.159658357516471
-1.372823278943679
1.595327459441895
3.582546746592245
0.881303410796121
0.175286061865261
0.897623794891130
0.157085180237137
0.125940823926144
0.137940907212469
1.339412065067598
-0.589866850610044
0.394903483504881
-1.880165331814940
0.174842495697343
-1.924783844794580
2.986976312984761
-0.548309564229951
-3.160439651257307
0.353752939187450
0.653052193019862
0.863203149709956
-1.553904180157552
0.144431208431129
5.014556398349845
0.721659593160364
-0.958536423970467
-0.347617973190623
0.774091540739054
-0.051469040052102
-2.790859652659499
2.911975061370262
0.234879047595409
4.006040426924719
0.206850215024779
2.822898446463462
1.023275438549711
2.462317548978948
2.427595928699862
1.888479419491328
-1.078230185944379
-2.457380298070800
-3.258118183165926
-1.615841596995264
-1.580284188802248
-2.107756840845268
0.958765159001735
2.793558135229444
0.892007157944081
-0.256259727622012
1.355475090739350
-0.692716487490901
-0.513017379769723
-1.614170871941643
-1.401330250072759
2.028479368551518
-1.429356461133757
-0.177256175380063
1.984430604728399
3.112009838455902
-3.892610270051372
0.192438182751071
-0.807440547208572
1.970055469643844
0.481114860680320
1.436919839302585
-1.573324001378405
-2.191739611651364
2.461584667729047
-0.320603264990191
-2.669150835411261
-3.466498887660386
2.460136865050969
4.678953906735038
2.089102607008798
-1.551274229047025
0.133836991065781
3.486158724911868
-3.026537260840431
0.676665462248415
0.309588437011797
1.739628849866175
0.149872291823806
-2.416409354309125
0.723791429776264
-1.478820256232386
-0.673906647884816
-0.523082982160034
-0.489325936142286
4.164968364933981
1.517524369601736
-2.166873604645372
3.475082187398551
-0.384204869034108
0.170612608907143
-0.876311877004946
-1.412475040372647
0.978113208272463
-3.576760991803615
2.668107000558855
1.149006952321436
-2.833001307851088
1.197135216919232
1.108888799745543
-1.120792711683619
0.954880118673289
1.361444092102877
1.640212791778062
1.425747863121983
-1.575241411147894
-1.178503771328619
-1.718999155231325
-0.201982074289849
-2.481896229757924
-0.076868836579445
0.291496237391348
1.442342861026961
0.572964270054002
1.826082252495471
3.217191706938124
-0.961580058433180
-3.150042670583729
1.459824369693905
-1.030166809330952
1.362255889880174
0.323447121664437
-1.405658603433595
0.176716163520540
3.456107895338044
-1.331282770726345
-1.876761521942601
-3.213015162846312
2.078026249013640
0.760329271509729
0.448282757975448
0.498263841444639
-1.357138967840628
-0.255616432543999
-1.590898457596062
2.927034965562645
-1.822604020965638
3.051858064903737
-0.228682976676846
-1.183821229648791
-0.715142835849690
1.144121586394917
-0.924001886597807
-0.933701100278501
-0.334937241089446
-1.108638051583148
2.299195309619225
-0.038396350395073
2.384418342336634
3.249073884590253
-2.408963152834710
3.292663265609424
0.172488583062417
0.285901818752334
-3.244190048670645
-3.551519993758999
-0.283660684176251
3.174013947542113
1.154319341708940
-0.740831528476313
0.150695072324145
-3.560887163381466
-0.231845706908893
0.002527944709741
-0.121010856851178
-1.042682936157135
-3.310073059008499
2.071939236782025
-1.744384780466607
3.667892569285010
-0.783477537496773
-4.291037588203887
1.351645198101565
1.150245865064339
-0.345336374075646
-2.085760384916144
-2.823143223494980
0.668897625719227
-1.056386955265620
-0.545624579299378
-0.963811142102057
2.462029127351613
-2.743565052098204
0.055544346224992
-1.571390481692077
-1.060041757307437
-0.539633396689023
-0.322328806736819
0.249051055414985
-1.105738338760276
-0.687963933062995
1.874454279602899
1.590866737976073
-0.724609427373876
0.077312300665421
0.682770339176855
3.950663043661999
1.505980478003045
-1.336785478501177
0.151382691312507
-2.615998668518149
1.283809387179767
1.392101784267538
-5.008611228554833
0.791892157969895
-0.274436749296113
-1.427702768515984
-1.787093408813341
1.616689565419125
-1.971458310578130
0.172250740599630
1.924373992848530
-0.662686271266331
-0.073453428830820
0.142606851999268
0.536674813944084
1.227412764829320
-1.602901213639753
-0.319696955561270
0.712147623285510
-0.601602258618530
-3.673639493579624
2.018323609747098
0.169769464254304
0.075291297444224
0.645046458292073
4.248632723050642
3.144244638542876
-1.662010669778176
0.641438376926160
0.634080191405297
1.884789593401652
2.273236990885478
-0.321058823382106
-3.034960625377260
0.558029665854787
0.527359910873093
0.480405235600925
2.649944028975590
-1.717958659901068
0.977286999920910
1.551943397499017
0.802024294404046
-1.423030709915535
2.352394936864648
-3.067356453348031
1.201116694711843
-4.690410171143935
-1.747709053197970
-1.373801612808436
1.469520378745474
1.156158218247064
-3.714695237276219
0.859641518283491
3.566204232727782
-2.775351483965512
-3.209704707570363
0.484402580256497
1.291338507799872
-1.590517479412488
-2.405827471777270
-0.355518868656931
1.847538517781117
-1.008393480022297
0.372851229788554
-0.356991223802250
-0.818309062234565
1.272575990648702
-1.815124047088846
-0.160146661061487
0.474028866092605
-2.638433311687703
-0.371816914755977
3.455914420779732
-1.748942898385718
-0.939453128107368
-0.733372278463027
-2.050472811900230
-0.978255340246571
-1.272543233949573
-2.213876607139064
0.553256190263652
0.313550123560056
2.670719101538180
-0.106939423109122
3.246187950865833
2.673074469333560
2.049738815320065
-1.438230598012738
1.886084813250662
0.608779769017694
2.339132777745144
-2.474845404225733
-2.101611267477762
3.299292485546520
3.620236405889386
-1.595293766043777
-1.107457809090855
-0.471289908189281
-4.208853302773017
1.806600792621265
2.886796940620579
-2.289723804817252
5.225135845477164
-2.375025934214232
1.075882394443504
1.983985301663175
-2.150226526462826
-1.416995956692435
-2.615497433648863
-1.324089911561396
-3.479845362938806
-0.432199738381428
-1.479965120818933
2.949694662177472
-2.023724306121254
-1.370369746155892
2.775777735263688
1.128892998612454
-1.527097853104024
3.940332184939781
3.637812822330097
0.559198399545884
-0.667576579843668
0.430121764765791
0.164251456901333
-0.663400622054569
2.416612386925997
1.854184814485456
1.213687216106188
0.777008654487351
-0.855905382927485
-1.265662792792266
-0.508465864731529
2.259575022570810
-1.800422621086887
-3.803293803235813
-4.417458650850139
-1.276326891335626
-0.896710475061710
-0.700423072272429
1.168583974511455
0.158757271026154
1.732839716652901
-2.117780584595539
0.995232787245991
1.742667514861101
0.285380804248258
0.171325053729210
-1.072660791231119
-2.082952640043755
-0.122815778853542
-0.591458450052593
1.421507038793673
2.429875276584057
0.632716115474275
0.493275687232548
-0.184246202803230
2.029123513837173
-2.390739466036150
-1.438230028939656
0.821194103998180
2.490636320620912
2.662375771993376
1.044395404277133
-0.008902073681988
-0.212619548178861
3.223153689635924
0.577113530281985
-4.021755325661943
1.856379303876624
2.850193282065655
-3.783049014861964
-3.186051487814231
-0.122044196698751
-2.860770929406180
0.217392832204359
-1.175051358715549
-1.034461612162916
4.188576138328979
1.047609083088391
-0.969844567863955
2.390794920062350
-3.674258067809610
1.914939656341621
2.472194259713602
2.654527724847195
1.414869092229863
-3.402158198444983
-1.902095533824772
-2.173252942329457
0.609810504714831
2.723134764820708
3.243142742662684
0.551256923298239
-1.740873093254648
0.792000895098855
0.885914761832175
2.057879032356110
1.511784965413997
-0.973482753614871
-1.903659389945011
3.008078894018098
-1.276883325170771
2.725550795886503
-1.585391331023928
1.122554847713761
-2.464149123477098
-3.346344848929407
-2.982084779745272
-1.091016487770896
1.573830915250242
-3.230201015284901
-3.934404871303749
3.655446534197281
3.981199841059258
-3.285503379537938
-1.807930866918469
3.418621780696013
3.032910333177872
-1.208909428649184
0.580084849256106
-0.849706469110834
0.564064110211660
-2.208319678226739
-0.594005089316690
1.217336058843011
-0.322149821760488
0.742481551724212
2.918364025458941
-3.617587067163928
3.781022855189380
-1.384367635426897
0.307952746258333
1.550378866853720
0.032359157897208
-0.375215320320916
2.064524806533185
-0.076408355505001
-2.962129636013180
0.463181931654298
-2.964505855968695
-0.524190436977590
-3.270475966577967
-0.949616196495633
-4.515618587130953
0.199195408478664
-2.901651830308045
3.089270130139276
-2.407271227360397
-3.707322309969638
-1.769408229923273
1.309271268101861
-0.150224596242900
1.707890660049744
-1.311090991746833
-1.108021740627378
0.306924616201633
-0.571720572606949
0.922999236083902
-1.028845534763092
2.687749293224567
0.076520828373154
-1.296364435916213
2.365200975760644
-1.855247490826659
0.321427219474739
-0.906702894175809
0.068911870539604
-0.545518260731023
-1.149720330555806
-1.809354158397982
-2.481241085821728
-0.473378473363832
-2.761711442874540
1.153088987225759
0.673136491632858
0.194481040196238
3.890606904916214
1.089038631634210
-1.271947017849217
0.491076557711868
0.590027069628200
0.841402800324720
-1.161320903900109
0.084441549011938
-0.117426383244533
-1.257659604720133
3.726276589791958
1.105941624866436
-1.611301906610349
0.319197403823043
-0.775628769783777
-0.066951286178713
-2.002144734090236
-5.417173356129403
-0.850811474152921
-0.689810099706560
-2.131692279238789
-0.013597117451063
2.745187629192615
1.250263509281378
2.617590751605392
1.960476164524047
-0.248589122231163
-1.930463512784825
0.437163679965292
3.931337623097690
0.441658293614007
0.775340425136192
1.229975980485874
0.596399071462406
4.021197813309460
-0.926867480896597
-1.199110600934920
-1.273755895467283
0.889364225924993
-3.990066034128069
0.952242996070378
0.136747457536693
0.224942005846097
-2.696022391073709
-2.690656722634910
-5.202102628134235
-1.145993530265801
3.193567174882704
1.084687401099503
-1.319955002247293
2.360416054923575
-0.055487242854087
2.114541304506583
4.675313222821869
2.680834458748257
4.096331577438650
2.184208644141370
-1.482976736233702
1.081693032515204
-0.265300157199806
-1.155136512360749
-0.027575080334130
-1.381540995440971
0.409947688740112
-3.308589390188271
1.611483445905033
-2.601254391256978
-1.252265644714446
0.401353156562510
-0.045331177775504
-1.547186875565698
-0.015485484811916
0.997139130993571
-1.018207031599137
-2.461705662884524
-4.813636867881905
2.881098025237575
-0.733014376460169
1.173566184279711
-2.624524179851701
-3.073761113920485
-1.285848670439468
-0.418036783139868
-3.647448611395294
-2.196653276114923
-0.219412532270260
1.114444120532225
0.717359865409135
-2.198460115183503
2.345275161757690
-2.407138791290758
3.000421818739786
-2.501441996668800
-2.152673193783099
-4.515470345230180
-3.324182344719830
3.498654011682715
-1.456405272627155
1.332296761872703
0.457008316476631
-1.792221545743843
4.847255155592385
2.027801152450403
2.061136880914055
-2.774117757114948
0.142162858646023
0.437275274242381
0.720381145643736
-2.345083093291052
-3.513599422153947
-1.179314622843525
-2.175703556845131
1.722039014937472
-0.592594743205791
5.819026706178996
0.280761640512613
-0.788143544129175
-0.750390756539286
-2.348831885718600
-0.926489825498785
-1.777023201031874
-1.817688531244985
-1.808840448902223
0.148043077465870
-0.799198288863428
-3.858958432802855
-2.336126856243304
-0.215160064651568
1.655272943878599
1.885213538158705
-4.400691744657727
-3.411589780353945
-0.078952206281236
0.063574951013576
2.540653258671514
1.654576845240272
2.101070903240371
0.293405110931645
0.460721166184249
1.220236283175132
-2.349430908265060
1.844738852824947
1.737087525890278
-2.030353983804543
-0.443471882829587
2.406859031777558
0.905115188970406
-0.090422156897252
2.438482795059312
3.829242927063695
0.265174059267783
-0.313692218740823
0.219292424741137
-3.702661853731994
1.987807751826785
-0.307045799541417
2.759419900736375
-1.569081907665488
2.146184647367976
-2.313899305752695
-0.548320056644506
2.226135201553194
0.014058813887916
-0.922151448575529
0.517983599583707
4.290490544959340
1.906283951312724
1.927221205161292
1.711372939580002
-1.217621685198043
-0.258852970500744
-0.736043386414080
-0.938414538835722
-1.712480056344210
3.274091239707930
-3.754862814946057
-0.157154665063103
0.259949087807148
2.423073174475206
-0.265102332487482
-0.478755198817822
-0.561686060262975
-0.430589771335071
1.305904831152379
-0.131050461471300
0.545939779160367
1.089461378739525
0.658790334764056
3.761667211669287
-2.065527887036704
-1.127393418283537
0.260443098295732
-0.644696456726786
0.032718561209715
-1.126996727672391
1.166105635563939
-0.671056976530391
0.999567672341473
2.060858594719486
3.760258885488366
-2.407614898068254
3.718197371088324
2.306993386674152
1.569833171405495
-1.765447854189077
-3.907638875515230
-0.518375815255141
-0.941618082009698
-1.814096251493866
-4.731070523737101
3.074759075386381
-1.027746129604438
-0.591901111520875
0.682636171608008
-1.439676263647439
1.101518964291295
-2.067076846862794
1.097533051582272
4.929252661151325
0.677941215698344
0.206846955561488
0.258703667957605
1.050547055365143
4.356381213334238
2.105395659049968
0.440391898985147
1.459343353584810
-2.081095838558594
1.820759221726223
5.265914181158605
-1.765768694676670
-0.764701236685432
2.601566352570229
0.774445803394233
2.005311637288790
-0.287394361424929
-0.705201259727224
2.969939502715372
3.552803284583166
3.368372274054544
-0.457045155004797
-0.064873154887387
-1.323045695036655
-0.297722198148739
-2.193253848519015
-1.585779036476372
-0.824000834143812
0.774043363064041
0.233379218488049
-3.282170367793076
-0.575483866537161
-0.807801388485138
2.503885562079479
0.318610849066969
2.746488406101303
0.631837219978117
-3.283229339245252
0.388225348709394
0.806948317843831
1.272256454085083
3.219865857434312
-0.501614902733952
-0.527860119261093
1.179526762805713
2.976190841144705
-0.192046884178289
-1.016406988405647
-1.745296092288930
2.436214375000858
-0.272091860687254
0.010705440510215
0.395421002698503
2.704500772384207
0.478323271432456
-1.673015355419761
2.282564520758317
-0.565233909387730
1.909396785422777
-3.271973973359500
1.118142971996333
0.708969003590886
0.306626698136441
-2.576929039756765
2.773360661505160
-2.485990225192690
2.931435181168693
3.059228678357229
-0.452192490354194
0.780377863875730
-2.463921009101923
-0.015868639866021
-0.488223889894114
1.190455663890803
-0.150561055434069
-0.160131628469696
1.317559614161215
-2.571198765036740
-4.374393873447410
2.601443404926745
-1.250799394096489
-1.783627450382250
0.572681385199033
-1.495337950930617
-2.920684448672925
1.492975658228761
-0.259505969171987
4.129203513188139
4.110378314239309
0.515808246663232
-1.491816466211330
1.747360739848082
0.366685304300481
0.891807636433102
1.382049440150261
1.576165482225208
0.671146501677354
0.504441435246067
1.363626866969196
3.357431230258169
-2.070004009363835
1.212352553526544
-2.225838444008575
0.932748965937780
1.262147628037866
0.296295281926257
-3.320861738199314
-1.166778907841159
-1.112517313873675
0.747748582592208
2.069647840198397
2.207307308082070
-2.591355441867978
-2.696902480421879
-0.140079746890685
0.301680720938566
-1.598220603025724
-1.960033086952054
1.367080970210855
0.298490357937322
1.177558475899259
1.336459824579191
-0.890896580659102
0.027953755982438
-2.043147828237813
-2.333701315370020
-1.071328728896231
-1.942066458391092
-3.613257032112511
1.178696349062941
-1.269109105978439
0.600389611521664
-0.412518430404004
-2.180401145762790
-0.565876945316712
0.488626401839660
2.648204680836852
1.063057298048319
0.806220991320952
-0.955145262363772
-3.212840857519299
2.005648467866629
3.081874307676521
1.327641937769682
1.202809198232439
0.533268679142037
-0.057919948577173
-1.743337698475072
-6.694025788659260
2.729981370980226
0.149866276130725
1.427083655326363
-1.565131826116831
0.425619059609346
0.230159526038658
-0.875878386755940
-0.102707648066227
1.783803724713974
-2.029359823269132
0.417974663060954
0.913769493612325
-2.122085742982683
-1.997525876685906
2.807996793638865
0.311472090579405
-2.982476718250587
-2.893494758670899
1.247392838249016
-4.778333769306137
-0.862255509960314
3.860924520376349
2.375102654348305
-3.083657724584158
1.121185214398063
1.765289295207768
-2.037775701134439
1.565835648502056
-0.883263635619972
-0.358629667977455
-2.177697425287073
3.151713410284839
-2.060821688586134
-1.038324662515308
-1.850815735143374
-0.180735621458546
-2.039369696263360
0.775591230933864
-0.408255603325880
-2.361172532842248
-2.237980079744346
2.661975345148499
-0.533303429334366
-2.676146988577232
0.060645984818830
-1.687636301921641
-1.147696714464968
-1.655267995799399
0.050180840667416
-0.611461244910302
-0.492530997468626
0.857695644503393
-0.569047839869190
-0.083146613998192
-1.506269199710829
-2.379374586256645
3.189855726594039
0.758800968063729
-0.191973776345861
-0.505265962477981
2.992425524253321
4.691485955146009
-4.144765392028848
-1.828658964631294
-1.848930758515566
-2.318818168880727
1.104607041921209
-1.179913018193168
-2.192843458095372
-3.432755027407595
1.678708420923664
-1.643752967470047
-0.151037531619415
2.032040821836839
2.094285822114463
0.104253344990812
-1.259449275890363
1.480699450639559
1.337137327243543
1.438789340076348
0.380692979709141
-0.331537784530648
-2.964482216526012
-1.340676274457491
-2.168095338546967
-2.023874686382620
-0.035671013566835
-0.397120474486020
0.259683590819801
-0.060449680774997
-0.162207789705333
-2.227897958318728
-0.712501218969344
1.135327789336512
3.729398465149299
-0.697694046988868
2.331712433187918
2.818197191071507
-3.493433386099352
-0.661649049277713
-2.177431008077315
-0.889122444987067
-3.140906096264186
2.737126601022431
0.762929731778345
-2.279982833049830
-0.401621285341424
1.001164707264902
1.571451610537626
-2.273149490989178
1.426391945530013
0.401990785256383
0.562581423916661
2.613298855875909
0.864825775648286
-4.375264344542930
-0.183074949252149
1.752018586154132
-2.120505804624577
0.212377966233916
0.699639419832393
-0.833198890415096
-0.422393223814064
3.314803852575421
-1.700071299562420
-1.304020214813765
-0.196857006413676
2.149800774494239
-1.264803951727774
0.187610092910566
3.517739995357421
-0.508140031742823
0.776846205281578
2.326075899955784
-2.812287018564572
-3.555029013826686
1.046224412319997
-2.494485716413977
2.353289276888518
-2.945093811074002
0.055990328870654
0.744102685916162
2.992314618050833
4.028982721290129
-0.034669801647328
-0.114463204401937
-3.172148978539254
-2.872961797650369
0.371269661510289
1.880884882545332
1.002724354255651
1.335576745132286
1.585013056990700
1.752530782543013
-1.885575468768457
-0.616078984882279
-1.453136162241867
-1.583592920400926
-1.083342229306102
1.409612064342305
2.073861658739706
0.667744870606079
-1.957803128135214
-1.085940174832878
-1.342897310196860
-0.609668784154382
1.079085531919667
-1.070432779234187
-1.679211332094096
0.934314128057339
-0.342298087920857
0.140181221997976
2.710584386920383
-2.513540947426913
-1.067289546664915
-2.833939322080644
-3.493384618051627
-0.807897021658103
0.100013286790295
0.052521157711593
-1.514056071227743
-0.629585096713132
-0.370558435221413
-5.454472139880947
-0.715637110739631
0.106186936547701
1.898856338883494
-0.340970156444812
1.106522484081728
3.320266652084035
1.432628764650336
-0.084930427598555
0.894449816124076
-0.907383553578498
0.795270299155136
1.177909242218297
3.257384493579288
2.213309719250656
-0.583363715032901
-0.499070267401114
3.268813038380233
-3.845853770299550
-0.302718726393768
0.964603166525574
-1.442757182181592
0.439207429294310
-3.494684995383678
-2.130840695645762
2.267978614701929
-0.124277422213230
0.780599845235348
0.379261616054929
2.372167040880329
2.481024121455704
-0.856989527984079
1.033097996129015
-0.058079999178599
1.045180153116243
3.429179055514215
-2.247138469833604
-0.161887655314924
1.924895973344808
-1.176466149765904
3.996685727413648
3.203889463827843
-0.676101331589563
-1.933631634380526
-1.621760640222139
1.240481104748296
0.400396829582347
3.388062681572619
-1.274401077143172
-2.367590052428202
-0.010255341077473
4.851721207033715
-0.153347989657902
3.124439010248393
-0.181969104422857
1.751421756176951
0.870629206131272
0.957909042414752
2.786023950315510
0.213455044160610
-1.388311147111821
1.619011572059434
2.124462782267168
-2.119420982722764
3.012899286242250
2.342469086367990
-0.476982176183865
-1.967855659984723
3.532854850771697
-1.092532181496426
-2.891376790347118
1.972680992444743
1.030858607034987
2.336514758813682
0.104584507068094
-2.154564097292175
0.926367283529545
1.738987021974231
-4.540439743598672
-2.478891648837037
-4.866317130573792
1.654492780964977
-1.563848544743518
1.297698244186291
-0.745316004184369
-1.968333606292543
3.146204020852935
1.313236910876184
0.260228342524727
0.046786017162580
-0.773861236107130
-0.696502500320475
-0.182228576602506
-1.040443028319592
1.981422196123023
-0.695969036647643
2.158360655697152
-1.681558585042791
1.553942441326712
0.354748838002412
3.822556988852151
0.004329728825615
-1.915319875080098
-1.008807820090483
0.749594306385269
-2.637390040593202
-1.117903965709897
-0.059488639234837
-0.869397189289938
1.286358460323485
0.655327043110563
-1.001381284452385
-0.428507861567274
-0.633103910989824
-1.048700345226979
0.898615816312290
1.537971457559301
1.475301227402920
-1.351764157021778
2.420377859515563
3.585298190089050
-1.160349861137868
-0.432433371861535
-0.746233397764863
-2.858087054082139
3.013191943610847
0.651533988809757
1.246544041848455
-4.045023451079204
-0.059960671843719
0.640628814938666
-0.644391408930085
-0.955249337409844
5.015842078398666
-2.597915900101298
1.389099317620679
-0.745483607999524
-0.932813066991392
-0.147998410022516
1.937823859652732
-3.844404483293628
1.221296468147474
0.424638731395493
1.345923088230655
1.615533659859183
0.993468153637498
2.702865458193269
2.991413252077614
-2.752337342437980
2.128148052100061
-1.995440169323936
-2.237971959090029
-4.654107380044313
1.736023858967042
0.563767646731739
-1.587618433061342
1.914005448752867
-1.056742994180361
-0.998157794562723
1.738020743291711
0.771134866190224
-0.354115281496822
1.657603091094298
2.306545213738795
-1.721395206419035
-0.844534385513025
2.609732101881302
-0.769231978451484
0.601998397873030
-3.431953604075068
3.387222324667929
1.583112267221250
-1.480459935981686
-2.088089287363325
-2.610179500298900
2.797796930050823
-0.296395446436460
-4.199577597863204
-0.391194144431902
0.795772688110632
2.166235506078165
4.152029268592518
-0.019742657568792
-1.213196216945294
3.563283450896760
3.122201669152636
-1.939664400850037
0.702602394318582
-0.602821654683823
2.251294320647616
0.400478928087196
-0.591777606085778
-2.189625136956906
-0.505704805383453
-1.323300096028458
-0.224128818637844
0.056425895021611
0.857770333886595
0.054599365261815
-4.751055037655245
-0.306875473688460
0.882409361229373
1.038608362941571
0.068399227226035
-0.523242194891561
-0.849057369373348
-0.608494001841384
-2.442381590021259
2.190044923333744
-0.232780650081924
3.136959957382416
1.156695902189472
-2.011825788259750
-1.809448006712596
-4.129712457864478
-3.345062961062340
-0.588115270457566
2.046450075712418
-1.510035420025953
2.777728787934196
0.921659864844981
-0.529250700819295
-0.965833168085163
1.343709776604237
2.640567859857018
-2.796642228001160
-4.840119765089848
2.158683701687930
-0.084440448864475
1.023899019985407
0.679718728787816
-3.246948266129898
-0.743274045605356
0.721858825719910
-0.225926654704081
0.263269560775283
1.767158423616585
0.903178797960489
-2.764741556288298
1.406455620363604
-2.164796006990542
-0.688215263607472
-1.577938934127920
-1.441480870994726
-0.459044076695922
0.275662144868794
-0.493389791711738
2.456222345115163
-1.242852168307651
5.492585769502905
-4.572199730391390
1.586665524051209
-2.377773572497608
-1.911501321648248
-5.195389967680646
-4.239769741002005
0.230861663072931
0.703936349009869
3.643131282541110
-0.763713884059316
-0.720287521890368
0.094116618432897
1.153316852070120
-0.073563235770111
0.089601466611970
-0.758780068521129
-0.922931440756694
0.520559424707146
-1.915070451718322
-2.356717431008577
0.317134607602148
-4.913989210605676
0.672976760151018
-2.578834645811119
-2.048070575849450
-3.110520731057549
4.240517637204998
-0.488510692891201
-1.705587450725566
-4.005657308453478
-3.324375525210773
1.857044150506276
2.064547399899153
-0.398665447936547
-0.970650041320734
1.505045413080243
0.918415633808469
-3.290609073517342
1.156705944937355
1.160778934794693
-2.215581913352911
-2.563192810836781
-0.355565034980316
-1.141008883399716
-1.760058224527283
-0.058387029511282
-1.146649305354923
1.015096575270213
0.670887544976391
0.104110994227020
2.891144650790954
-1.379158687008843
-2.625589262505048
-0.839915756110838
1.935413765112278
-1.316145237397993
1.652552297890016
0.210232392848723
0.583905948716826
0.396966329829606
-2.873159418371706
2.430664920900565
0.058337973650276
0.134463702294675
-3.223283897397196
-2.693286360153390
-1.702121636320306
2.737654427822666
2.305355428629608
0.308979713868297
0.264313709856733
-0.444078682699002
-3.392576937432526
-0.408039645127383
2.254938009836544
0.720088962489527
3.820329124123897
-2.279667693046768
1.477777441037909
2.230775709371650
0.636444494210192
1.038527456304936
0.500898489716221
-1.045095804243261
-0.787075666956826
2.725836135087727
0.501771244824632
-1.031703145042039
-1.600798985254139
-3.954099219846823
0.692934760099170
-0.772157989337471
3.915979127829850
0.537729620114312
-3.278035397050795
-3.175119269282090
-0.097701313153594
3.488536444588167
-0.708999509907173
2.874323474135654
-4.463029789084429
-0.606003740195544
-5.669144537191639
0.555545749163017
-1.718743338094797
2.048359316622673
-0.499462992351892
3.654895971550344
4.730729426418293
-1.486068340297360
1.594842151297177
1.517261966124340
-0.375948344721095
-1.564261664230708
-3.817909506225279
-0.087537972739587
-0.935446400083915
0.692879336331321
1.210829310578706
-0.802136950682409
2.128812123029943
2.744689668941482
2.503031049772153
-1.492419056263658
-2.649244230258645
-0.596128530943261
1.135998401993296
-0.265622932096663
-1.234884007218048
-0.090230558878262
1.096513851787462
-1.084803640967092
1.768666007687822
-1.487100015059796
1.060471615547101
3.374958912248839
-3.205556105488342
0.680821671705214
-3.086842602303246
1.074435487804445
-1.915924224501917
-1.530611169595885
1.365366543881823
0.522016012080225
0.919027819143587
0.992926233426882
-0.462447496850621
0.546070570271508
-1.095067234813932
-1.261625644070343
-0.270581823310365
-1.531174545181212
2.525756735184115
-2.445361940622258
1.315544402629240
0.797203148020521
1.192917833663320
-0.416016125919409
5.699210936662552
1.338394535098919
-1.870720255908601
3.344147591849096
-1.541727849063406
-3.020139685989411
1.432451367316729
-1.101981388163273
-1.998080509806496
-1.420763920793718
-3.165543813923010
0.303212860515562
-2.083896641563858
-1.139327706826027
-2.031331215286732
-1.479829541741692
-0.052411996644993
-2.171996041009672
-1.834353634164211
-2.161756093754993
4.393047750233145
5.832358374984295
-2.210982158498273
-1.482940834844358
2.467506330141122
1.372517922143408
0.755974994835685
3.413915331684370
2.796035855715721
0.278754090379194
-1.613998918329653
-2.278983131727987
-3.376206126386890
1.201580597341277
0.390504948328292
0.244039509719267
3.542975855552262
-2.177250784037392
-1.580184628066893
1.406715924517868
3.624186850805155
1.598689747741066
-1.325711455968546
1.510793967177386
-2.074549310184876
0.547159037209498
-1.589366366014402
0.933240450007143
0.711847438346430
1.451059502323710
2.999306597796197
0.267858429484815
1.687651764584398
0.635116032333669
2.189199272501558
1.662723636343283
0.714775470522416
1.477996706077543
2.699514078822853
-1.707641463435815
-0.594770814082145
-2.304027536110358
-2.961773770231745
-2.692580554214752
-0.419605405955893
-0.247674012672821
0.903244783326862
1.208388176082526
-2.848205396786056
-0.523766549832160
-1.515863235418087
-0.733923204152348
-2.470265730586283
-1.051473574368169
-2.196567805301116
0.599668447987039
0.443513176473107
0.870191978785694
2.208090317498984
0.688403991072957
0.536438891724284
-0.733645906374935
-2.035520566633052
0.171773650952269
-2.053639645533671
1.756035518156983
-4.258866116283727
-2.297140575900090
0.893416716155387
-1.318707305276048
2.043903291964505
-3.331864067026987
0.093818612380288
-0.874548703925632
-1.709675829899232
-3.130406512730527
3.422937141665364
0.661096993993838
-3.401306333500709
-0.720275385403206
-1.367077761769142
3.388908542916452
-0.297687950103390
0.936523396530989
1.125758591563560
2.171338445955027
-2.116571496200821
-0.130876028589443
-0.063626653383910
4.221332889259285
-2.669554431210555
0.433100473194676
-2.444030736607406
-0.887141696955079
0.730475891867952
-1.533119537979522
0.237286276311004
-0.067830152455571
-0.121610169437628
0.037976151761947
-0.755929204576665
0.525722542954014
1.178426888417766
1.011991824930458
2.160142842560139
1.561078390933522
1.211104549037267
0.810790201151514
-0.472010341256961
-2.790816256168440
-1.448819744879034
-1.077211283115270
1.677365168671737
0.118200676437364
0.905828587449817
3.363202908651647
0.327088266358446
-3.459181025633840
-3.267489568768323
2.667162244318391
0.469118941585521
3.071333714188737
1.159116068534845
1.138861280967270
-3.489783804775775
-0.536096675939730
-3.786247572556675
-3.814284114693330
3.447517377719882
-0.848527966505178
1.040260703748131
-0.319977556044806
0.529854038692348
0.517904160655886
-0.710655794884434
-2.218456320982892
-1.587569190200214
3.624774109968717
0.614591923172146
-0.105079092692791
-1.413360612951382
-2.587424053420236
1.269350964171567
-1.557651925877462
3.332706763269970
1.113182944002876
-0.352167782142313
0.871510412309854
2.514983596620197
1.299605114976124
0.057766282721907
-0.284089777655413
-0.392736629950539
2.462960095311784
-4.053281346529200
-2.122524157324254
-1.881490896660007
0.029193330098614
0.062942079195163
1.007139769790194
3.503758128746207
-0.085457072644054
-0.253354927457950
0.446393819733061
-1.288201879321691
1.334545100340896
1.918208703045904
-1.512104733074386
0.479019173603983
0.699248520256963
-5.302043770659236
-1.380790595170435
-4.941434344598212
0.153014671437005
-1.730543525506534
3.589097494550951
-0.975259904312663
1.116609854485172
-1.800090597153958
-0.964511296351233
-0.007889954608127
-1.326001892115726
-0.706248874015544
0.585884399910530
0.253917853423947
-0.972989300005445
-2.391093363086623
0.107740099271448
0.522094085775546
-0.548947945239219
-0.127497480625831
5.698627826713293
-1.601017308808603
2.977468582805508
3.683182468807806
-0.609173782986068
2.735892071881981
2.224402040545149
4.431876902639372
1.098937958440103
2.920642665404166
-4.988623280115680
1.077206543018442
-1.156478229077495
0.051267148400052
-3.323844998528066
1.067271723250044
-1.008653107382322
-1.970064463734705
-2.500136048900188
-0.302994652312999
0.967883219206131
-1.095233182604591
-0.538560671983885
1.143470551319073
-2.346634934853628
-0.553647848108700
-2.845203937425576
-0.012518683057118
1.611602706750177
-1.935947467442554
-1.996895278763765
-0.426888983207357
1.043661800084820
-1.240212525062950
0.880433814758999
2.649901773624949
-1.685595637777743
3.761596180776579
0.640485280807532
-1.603568744965652
-0.568326653666023
2.786269324375689
-1.960200693723384
-0.561697440104831
-0.119728814881690
-1.959951165658690
2.257040719214476
3.405004513311536
-0.384393268133482
0.859417986171077
-1.310726527245493
-2.513659700946005
-0.896758908699105
1.582977782559492
-1.668791062702864
1.901250195132171
-3.158690165817201
2.491058510282028
3.079288023588253
3.520411982918423
0.241655999846805
2.516070757720285
-0.380022880879594
3.846530205253623
-0.108449290035379
-4.195670012432642
-0.699175901135058
-1.796542835531485
-0.558849885938563
-1.532389913809150
-0.610902509605679
-3.498179650695704
-2.352813401243684
-2.045626536378263
0.183356834243132
2.888828933067399
0.302951233340123
-2.897673091220613
-1.080666071474494
1.147830299022842
-2.152685483305397
0.614958873836328
-1.748378402430916
0.984316356760127
-2.061566415254055
-3.147563475631261
0.882521759528224
2.206027432575180
2.650407908597831
1.936876809572072
-0.766120933076769
-3.930751407534669
0.765022921355595
-3.782672939163454
1.012818601679797
-1.624332297680620
-1.481179653450639
0.541797174951459
-0.415760668447816
-1.883562627154525
-0.568482578591429
-2.592565520381411
-1.002390842565013
1.392859022545497
0.460680209958526
-0.980749543113391
-0.207271887887123
1.473956385432719
2.207527562793383
-1.682721670452642
0.883287963143009
-2.575036113251720
1.346320749165124
1.199804345896528
-2.125812774819477
-2.386559801001057
1.606568195008149
0.408301842133266
-2.136875641765012
-1.199857314715140
-0.441220454164686
-0.003894246667967
2.563151063013053
1.667258318765264
-1.940504254839760
2.695702960007906
-0.969022247831660
2.410711714653982
2.814688993633510
-0.568485921338429
2.138092987012080
2.632862206739367
1.581801703269891
1.247592335428650
0.855779307135897
-3.515881772047349
2.710349768367073
1.050819864937941
-1.591155794778921
-0.043766916340968
-1.856683083413582
1.874369532174261
1.951635653500733
-1.512943086907009
-2.131089894405970
0.155927160185596
1.502174868922281
2.281675597473470
0.584100186987329
3.919971327612849
-0.711420513571111
-2.123358500640718
-3.701137637845470
-1.586059304860944
3.673843311478105
-2.413402647994149
-0.940291833218554
-2.705916818516430
2.667117050555892
-1.178723346196819
-0.882040751185865
-2.342592904812809
-0.564063717073426
3.208607816765049
-0.160393764357015
1.919737356497824
-1.572443129171442
1.900273085168459
-1.014725627555203
-0.161703721434117
-1.337140453333380
-1.815851764664327
2.409179761594923
-2.854422233569857
0.126249334904468
-0.223345785718730
-3.148424358387765
-2.827376065254199
-0.237095657226469
-3.407399593330764
1.717818472426595
3.827563680149263
-2.721036442857199
1.416020596242392
1.572944333485614
0.506453898302930
1.168240004278471
0.825874394184990
-0.043684948200866
0.842427575437010
3.677852967536746
0.908223596478296
-2.033085903365186
-1.081892274310863
0.385354956716511
-2.327014034365241
-1.599603945766715
-1.427814927178008
-2.128941887932192
-0.207442616953739
1.569131829027969
2.159604293617263
1.250554000478401
-0.643847483354763
-0.607153429281864
1.337010512317978
4.074743873285954
-2.354865142603388
-1.563216513649869
1.061932954552760
2.318861876431459
-0.395812133838396
-2.968920361728553
-2.467048458244617
-0.167769224954140
1.521070646993856
-0.796446550285358
-0.562785351557421
-3.232002267974273
-0.508453809887150
-0.731238561478526
-1.594804819581768
-0.521292274816402
0.551667202968115
-1.065249187014571
0.653851926811954
-0.127011992268047
-1.008146475802075
0.392271851043498
-2.982307839146665
-0.094116850581126
-0.848589552196464
0.643450560900596
0.161212728472919
1.548156938801105
3.675057484330377
-3.894852363551002
1.200429457858394
-2.252251587632591
-1.227340780909558
0.990588915120936
1.824686393622188
-0.972064157668057
0.660010418721771
-2.475760652950696
0.565380770427579
-0.689895023450475
-2.118964393059701
3.137715771795243
1.030145686044122
2.486908922821923
-1.069117233977485
-1.423171599095172
-0.915580181617414
0.183241534695019
0.897218467808013
-0.050458908736404
-0.619816129595086
0.748604315228768
0.068270047977805
2.864234656851012
0.139504536830536
2.309059217674014
1.554198364254139
-0.372572536135377
0.496730137859776
1.947052481334079
1.596656471527656
0.751878142202682
-0.565019599520430
-1.365426358804885
3.506790902004651
-1.650007807662760
0.907430419106411
0.866400666522028
-1.676297492212926
0.766096802752982
-1.767622448097693
-1.037757722189206
-5.317647616600773
-0.657103287705617
2.999119693945186
2.267326819068188
-0.612858639578036
-2.846447699055618
1.026056959454241
-0.509148741652652
3.240292701302844
-0.337693488861406
-1.887012777057342
-1.538029174379538
1.757663521280914
0.285867988900056
-1.147459718079117
1.752697702328101
1.163621677658808
-0.051337467475341
0.174811909536251
-2.540640995758199
-0.121467042781099
2.953981246717680
1.167563472797505
-0.202589339239201
-2.994406275024927
1.777797400328141
-3.128782845201688
0.619919860005987
1.478373289897520
-0.291035759307547
-0.164498748049390
-1.031249195783479
0.453617750770405
-0.269615956913237
1.349602185724142
0.103632764411438
-1.481045941897679
1.279155134114403
-0.288543861363363
-3.505214019145000
-0.364068807527856
0.549663804888146
1.449487971901696
-0.379437708058428
1.217404755562521
0.843628908010365
1.542222250722818
-3.181809821541113
2.746718692916000
1.996700320547319
0.668672634929448
-5.635297497727864
-1.316290588937091
-1.670792751295876
-0.130108137384198
1.131516882794674
-2.095471712976509
1.224998404154968
-0.127850417258482
-1.980477331084999
-3.214449402261426
0.855288532134872
0.970965898663743
-1.986247079487268
1.002258206864973
1.177620770997916
1.202424281603416
-1.389953886294271
-0.044993822195633
-1.883325530310450
-2.237869652364585
-0.067103472839143
-0.745736056322299
-0.204399909301404
0.872447691643688
0.647109324870741
0.052551917758283
-0.535060976595652
0.571291006100307
1.062786366527094
-1.810208845633990
-1.175930826248528
-3.204027502242512
0.090652562618915
-0.003202214751776
1.221109864748181
-4.044864906864834
2.275602160287646
-1.758985038998237
-3.912593617037283
-4.611736789867224
0.411656196079238
0.243407825863157
0.197980509294627
0.466218797306496
-0.568188946111925
3.574805975224149
0.064969421958765
-1.000425380150168
2.329432215692420
1.366056160408929
2.633131823846336
-0.832230544775011
-1.839874167423959
-1.905885108256040
-0.778285519193881
-2.547925269559191
2.179685932817137
3.056764949421866
-0.330953814044313
-1.151502026924511
0.422731472350996
0.654821485078998
3.240191974568834
-2.005159064614476
-2.724239998530847
-0.642537490955917
-0.127551655865408
0.279103074519015
-2.200018178535015
4.714465736402050
0.199208790419731
-3.594804394667357
-4.347694891558265
1.059077348845378
-2.169110679376472
1.038381284460095
-0.218421044158170
0.979426187725150
1.782473520904743
-0.721466588423526
0.918711974393606
1.679124076712035
-1.016757559727214
0.514832835630501
-4.199893303894545
-1.409066917349279
-2.277618785406601
-1.519050496290619
-0.198915047665733
-0.600331811367873
-2.691195626495790
1.409561338543162
-0.914431915660353
0.072713451657300
-2.864209375577869
0.164843300834146
3.384571690485563
-3.389604702969811
-1.300100341428116
-0.604506736498609
0.007730560902797
3.643966065167848
2.189823279439914
0.127563410781943
1.707270890723374
-0.046116429746930
0.339264304575479
-1.288814944432504
-1.915454788996621
0.708475836080321
-2.067296417126935
-0.000838485278036
-2.028414443187130
2.981158756257599
-0.533819435310368
-1.055053659845781
-1.676311212283898
1.510330842614325
2.292867485370305
2.280020093201828
-3.496555271065988
-1.113487854652693
1.281904323090570
-0.567933919702554
-4.080401599595374
1.089725326915879
1.622021890843317
-1.173808957338564
-1.236782595086555
0.764704146397159
-1.146263426912984
-0.401111126599761
-1.947341584158877
-1.031763719723589
1.858798670084660
-0.333091612251383
4.662296292311780
-4.646797293538984
-0.494078688446175
1.831708104242236
3.972611926029940
1.005673068825427
1.888850410432559
4.442245052667070
-1.630276064378144
-0.667739396749630
1.367868393871857
-2.142179015178616
-2.523864458190585
0.385203891403944
0.687127701049897
3.203251811059705
2.419200262933034
-1.308235258256363
1.362239834646556
4.732080482297496
0.251379516666726
1.738157212400879
2.008375646570189
-0.369759492258521
-2.235092808617551
0.368313245489117
3.022751779981955
3.466397794279773
0.546389895350996
-1.041354830757679
1.841650729558427
1.629003242664884
-0.299153644255787
2.459753484251916
2.437505870644449
-2.164539503369196
0.721471188112684
-3.019607605164213
1.665861872993229
0.814035724466326
1.110247780153276
-4.052743453395812
-0.578456216211014
5.541404413275405
0.567851736249100
3.748465325693471
-4.679704824151107
1.381474275304932
0.669306643434549
3.342893826897773
-0.777870433401994
-1.385454975068725
1.294838293632922
-0.122027216375164
-0.901248514682561
0.908019126122927
1.015471563454260
0.803555935656502
0.473042514174498
0.474620029485108
-2.453056258900584
4.729815673083434
0.755805470432282
0.545811585563779
-0.566590510378312
0.097515391150560
0.515899923961856
1.749311691727951
0.377128708431195
-1.639879261032770
-2.770252356222456
1.269922284181788
-2.454862925934992
0.728978411933709
-1.937945785800259
2.001643017775683
-2.903463825683658
2.832733314459927
1.524674452230211
-1.101745659047097
1.373504832249657
3.380881311831194
-1.630382155520766
0.563641431861134
-1.158206946234169
-0.113806691833049
-0.012583277541439
-0.405927854508933
-0.925715361254581
-2.588355642857405
-3.113893370791913
2.426235330378390
-0.501128623218872
-3.768472144351509
-0.787502934113319
-0.580802139183346
-0.352504721290277
-2.610117092409550
-0.121256887275400
1.613084714167100
4.049584227734165
-4.402178455743071
-2.695059753102167
1.232159157247372
2.575316773471456
-1.059262881337102
-1.381617746368653
0.675547757801228
-1.475831020329971
-1.108876775860943
-0.283041059254903
-0.867958014249918
0.972845794158083
3.895043185440015
-1.902772105193558
-1.781080948412555
1.328214689714026
0.164097955214365
1.685346431132192
-2.204963525368647
2.926956194169602
1.030368267953103
-0.519731172597355
3.623298974002916
0.521067414983084
-1.182436650918538
1.409530769524244
0.629357672526649
-0.402922372757658
-1.165663867421415
3.485375394384584
-0.822487307087361
1.637307609867047
0.032882191927908
-1.350743249292589
-1.324968873870835
-1.248281249249960
2.573349055541014
-1.120406164092052
1.463491494377366
0.433270033369539
0.420393274501872
1.397474384330906
-0.185123929637134
-2.040115112012110
-2.448769561281471
-2.693479203491515
4.571926180084192
4.230711087814963
-0.039535439538926
-0.545283834873008
-3.744850883580281
1.082833767749757
-6.396180506653756
-0.478200639082175
-2.245131306512887
-3.325077802149353
3.400519586023592
1.684381206040420
-5.316176041939708
-0.924289793375852
0.054349443363471
-0.633176195394051
0.746542547041026
-0.951076950833557
0.976762323153622
-1.157335097572309
3.561228438253675
1.700671644228455
-0.495198741117210
0.711518083610492
-0.514761894779090
2.778196287678400
2.936312425321990
-2.745310801468618
0.377426268386946
1.497992357608586
1.673301109566143
-4.690860051458077
-1.204304789024864
0.312690025841749
-1.055837928605034
2.042170459067543
-0.118313804094614
-1.845162838336561
0.534190266307545
-2.133192647219229
-0.506476393413407
-0.092180691874001
1.479893389093567
2.672385330723802
-0.514007869142027
0.965678203773276
-0.038881888893921
-0.482481725935003
-0.143428365611506
1.462564252825105
0.013759822629817
1.017972793340303
-4.177945842251527
-0.755594924333995
-0.424029803966343
0.400964932040527
-1.853247252872917
-0.090556311560671
-0.097905322129584
-5.952115605510607
2.113994561159937
2.764295343669590
2.881230713637182
-2.474846857402840
-5.256568735369026
0.264429432916547
0.832733988910042
-3.033178274027859
-0.682808766267976
-1.859735473176913
-0.224019359575779
-2.531510925001255
0.772142942114814
-2.023591616031577
-1.504596479875005
3.395829445801660
1.264116638164672
1.052783291649752
-1.056704646514770
-0.235567389585693
-1.204602309625076
-0.862234475999131
3.548200187087095
0.842600525781715
-1.330547041000032
2.214501251255184
1.927652013794579
-2.178663517979261
-0.678055861423634
0.122807382687672
-3.791499267436633
3.406945234928723
1.045255827683124
-0.349645688713746
0.883890865881628
0.536705479884530
-0.392326676095343
-2.114823189153927
2.415400910285881
4.315806257809297
3.417445159354183
-0.145308664616900
-2.039079816896512
-0.587713012504535
3.626434020833965
1.721282534267336
-2.225054006126106
-3.004547505894752
-2.442862050457765
-2.674933803417168
0.304221376483207
0.417802574529315
0.340602555093632
-0.432520643245090
-3.282094192380647
4.285223925062754
1.791882877746544
-4.763982565370087
-0.997488761677841
-1.802940327788398
0.687424930646126
-3.815859660577251
3.247601214347598
0.101215464965142
-1.043850611716354
-1.764860120710321
-0.198268239231438
-1.898996189167684
-3.382295025535516
0.318226796550594
-1.580846296880023
-3.752076477049301
0.971376249216626
0.756338358536969
1.263331675440731
0.160364238306305
-0.222361991656734
2.170957870194601
-1.489166809595275
-3.089921445172954
1.063017019888008
-1.648941293143517
1.651180748045065
-1.218525302520588
-2.319539665863581
0.534313302479616
-0.453150196310883
1.564650769323550
-2.821495644558400
-0.100591047578274
-5.480658603300820
-1.582378398145037
-0.893068471250292
-2.178583642260001
0.961255212479043
4.650836280368811
-0.797313414959450
0.698261031163722
-1.772625298691015
-0.225457013702933
-0.338785719983966
1.845528115436443
-2.940699482389364
-3.239603212958472
-1.928123239899430
3.647241956676393
0.343648625604945
-1.022011275423187
1.773630927511140
-3.436746800963382
-1.584074544361200
1.840446429577019
3.142753360646897
1.597090378586065
2.093685884311737
-0.667460862653105
1.891499173668974
-0.975262721055942
1.370197027642894
0.246865816404132
-1.029456425523284
-1.707202356125242
-1.549228153308887
0.652736528385049
-2.454641222944723
2.178754615150306
4.183983011766269
2.190665734382604
2.774885887339244
-4.329754433198320
-1.994040448051342
-0.696303992657685
-0.987377643608532
-1.536750752011568
-4.261206040742033
3.462098291177752
2.433325586041872
-4.021756706150883
-0.584332668653966
4.080936854144810
0.440695037427391
-0.864630901857343
-0.668348973735935
-4.060286330677208
-1.165363065130911
-0.337898824321717
-1.360369368477125
-0.494435194277190
0.952645097206101
1.942576101722151
-2.942214328839521
-0.493861314324316
0.346507824634049
0.714606678726914
-2.960768543444541
-0.423293088760186
0.946182489502204
0.746172179832383
-2.400717779153629
-0.964221412158918
1.143861297318228
0.270599304269221
1.988251434596742
-4.741842087727338
-0.283818806641996
3.127465884385229
-4.120364033448318
-0.719457566045371
-1.410362663528259
-0.693635975871343
5.432246943581579
1.221733703773069
-4.642017185801588
-0.015167425252718
0.491259678295312
1.147918181330895
-0.447301630534803
0.651645187965168
-1.447351338696538
-0.694175662489492
-0.346670345589184
2.598928528776431
0.576318870427448
-0.994385234303307
-1.104536869004896
1.608083585927250
2.167111476272658
1.943972047621602
5.455025682214553
0.210141721106686
-1.318713466377274
-1.280918254894064
-1.384518885045610
-2.767486620423037
-0.358758501058357
2.826032851431718
-1.308942824745862
-2.919627735175292
0.269034858073920
5.935226161310212
-0.519447533873864
-2.935040078318667
2.193192302566646
-0.911349385779510
-1.711419824425745
-3.104995572077509
-0.058033037747338
-3.041508087918504
5.797167037385705
-0.251527813231778
-0.791115260804343
-1.554581779841588
-0.259762881166197
-0.653270575021340
-4.134172433131721
-2.299093209402680
2.439249728015506
-0.909553173075111
2.893152388878912
-0.635637764390598
-1.336066118322006
-4.109368676626009
-0.690887500588783
-0.017619602875806
1.183790239037550
0.951015390416006
0.140570537273780
-1.135191130240406
2.311408197227143
0.563622069152875
-0.551841842690513
-0.669584498673557
-0.035645662704305
0.419324570900623
-0.640420659452498
0.268677323117070
2.121989356663962
-0.702981533502321
2.269586308441583
0.741400584813550
0.990687135244981
1.791094717066084
-1.532403167136281
0.842395423746824
-0.173693518931762
1.450436921143677
-1.284969479043598
-2.795808399507436
-2.190717013587221
1.546265079018209
0.636848693389439
-0.967010635616605
-1.036666028723202
-1.385353045205886
0.210157103697393
-2.487896831724520
-3.491633682827614
-4.213423711561874
-0.806378795789624
-2.445348323741595
-1.347587514506838
1.773025605537991
-2.250015718280409
-3.530676394879113
1.675578367774656
4.499751065375766
4.001350634755737
-2.704088266038770
-4.473089868606524
2.971777450038307
-1.262665814481312
-2.157954575935244
-2.723516775064012
-0.423830251122488
1.145379564825989
1.411324712894746
2.127637940487732
1.265398341313118
-1.016095472727214
-0.251577200428855
-1.353121766302340
-2.419964107668566
0.683276304494326
1.292286086166828
-1.662179694846740
0.952401694802978
-1.805298648903196
-2.471840361512228
-0.899131107748236
2.890336974192608
-1.783483762773683
-1.237846908117634
0.206743887555964
-2.396831108087892
-1.364642732421222
-3.326291653156226
-4.184925448661792
1.950348414996577
2.704511444139019
-3.649927632284685
-3.447620782294174
-0.448939786867524
-2.994288840709497
0.666822418274050
-2.258035116724685
2.401820847216130
-3.617662102822657
-0.244097400052412
-0.594098931154951
-3.903979504927845
4.567146639283840
4.073670473161455
2.837641113103162
0.313943490118270
1.437682488519575
-1.658595476181201
-2.911832328207679
1.854337409135295
1.585301904914209
-0.991693188108385
0.493691901853257
-0.953383832270830
-0.441771115995413
0.444854628078383
-1.915922949933399
-2.915622904936669
2.048943759554737
-0.059349352570597
-3.401181084784056
-0.749249853322997
-0.382103871904709
-0.238657407375017
3.642064627758345
1.235800995764932
-0.461201396815137
1.672215123459075
0.949641899173086
-3.108185980522843
-2.362276255891210
-1.183244828548642
2.684696411916405
0.489641873119174
0.214668677053646
0.892359411575327
-4.395274678267516
-0.663257482653576
-2.347156895003684
1.077650488621444
4.167562567908687
-3.745579181704576
0.482091488565521
0.666565959755007
-1.479429233848142
1.779884052619364
1.331755085352824
0.481352912303827
-3.005174089046593
-1.662897306004884
3.106493636291698
0.425819160030979
0.074818110631546
-3.549999039052679
0.235379727517811
-0.992569455269577
-0.683929239250423
1.891010946731982
1.331633377372917
0.803600750308022
3.887193308921994
-2.414698219888411
-1.926010980423005
0.538625874104476
-0.466683758324677
-1.711568858616555
-0.696659623658416
-2.748745361986805
2.298334028710135
0.731261477403696
0.537906072239003
-0.449400618034022
-0.164324442066877
-3.447960484083641
-4.685359464804102
1.679249821107337
0.984191817707860
-4.264898705993128
3.778882044843464
4.371461811040115
2.554888724517447
-1.835982405636028
-3.757046871379232
0.156953350976853
1.388225703617066
0.515906363548657
0.433115082611094
-1.232752506776996
3.387026067552942
-0.475220168797207
0.765163748787943
0.851925041438038
-0.022875090439465
-0.578581587565819
2.906576654995443
4.611849974221379
-0.053027904820447
1.694332810497415
-1.557875812023814
-0.276930539002505
5.384424843507933
-0.979433061042422
0.143013201134668
0.883383040281693
0.035514873135300
-2.879694241795959
-0.790220632892621
-3.133412198173696
-0.812489871173017
-1.645769199621100
2.449761426877721
-3.452117793169288
-0.586947025156984
4.182070076879181
-1.988067966032990
-0.190452737978211
0.207026572675118
5.586965921037594
-3.782537116438554
-0.040168564211157
1.317976189403108
0.995140614404435
-3.656960539613404
0.649069040189790
1.956706337476824
-1.291831836218761
-2.249571018302675
6.172012210632756
2.584589791097964
-2.454115243790094
-2.627966868569216
0.074479602608656
0.652774724440237
3.641387653081524
-2.855618823590999
-0.312240097359941
3.888208454322120
1.568276458437952
3.365000337624924
-1.333996680292042
3.839638745351859
1.391464906976280
-1.184541485480735
2.561369718009020
2.083900351913841
-0.871421969436124
-4.532752937218484
1.094825288424351
-0.201427766286390
-0.466374931482547
2.900635914790028
-1.482485529970000
-1.220313811343266
0.488243916654116
8.174026093171021
-3.074287252001531
-0.992828396682263
-2.382938880307415
-0.992638741891683
-1.972429951122672
0.125884316729452
2.209536953373036
-1.687348744676002
2.788516645173905
-0.514985887338571
0.408629512300615
-0.117149827600255
0.105429944463555
-2.221937362464396
0.934438057177195
-2.714925024147414
1.266378137718108
0.234674969111726
-2.735747782935767
1.398523174615866
-0.046964697376493
0.344385636182508
-0.372078953918167
-0.063337516878787
2.634759966622197
0.579674479892696
0.723772619461778
1.275064134587658
1.008177364797384
-3.886751750557664
-0.352500368358116
-1.912058892407507
1.571798828692591
-0.868962629689972
-2.662068821578646
0.751594538935237
-1.223746692197727
1.655262764784925
3.771372761602156
-0.931288848747446
5.827665365345340
1.428651330137646
2.488911777299452
0.416853060500408
-1.004644203504900
-2.999978626555496
0.629166001153102
-1.817557956614209
-0.173746946900600
-0.207388122678493
-2.890830571974383
-1.931350461238321
4.190610151908402
0.554568902994036
3.353290571117417
-4.875532539405167
-0.956622996497794
2.501658408958778
1.979656513311049
-1.569021875088011
-1.508743618651122
-0.768156098732204
2.708110710383877
2.848547403296758
-2.505678824469832
4.354111008047879
-1.237433089745827
-0.930572733748442
-0.433765988694261
1.339005263944696
3.318567627764648
-2.582975855915325
4.366749475258946
-3.280368034890628
-0.083104842826635
-0.365261480054976
-0.791676065196248
0.972402236014187
-1.748218885670319
-0.027705209904847
0.560464535740454
-3.319310747761945
0.195810990096195
-2.866876671903365
1.493509449012291
0.801694045591053
-1.407545549813862
-0.115117404651891
1.013075537912675
2.130097075945458
1.703073187603563
-0.770522644230337
-0.471149523441070
0.417840510197565
-0.028532723226744
1.980676215485149
-1.414064817863037
-0.391781149760460
-0.193843576050710
0.104508550736747
0.548190637632780
2.071582431962924
-0.645002253326890
1.245137582800623
-0.313133483908324
-0.133203435360175
1.080851331270478
-1.166656414766090
-1.822715963942288
2.611846864380940
-0.208088760939683
1.835454241013811
0.014273603183902
-1.397736665863793
-1.552478340422844
1.354077946241704
1.267915039845526
0.160599233829734
4.663676821580669
-2.411690215321812
-0.184303199832356
-0.745373738535873
0.852983825629491
-0.298368440468412
0.056359512761888
-0.858173760803942
-2.970641043801283
2.993912440528058
0.449977435062643
1.155828034486345
2.522566700704544
-2.393394549945439
-0.189995859756143
1.524625291112119
4.681371651884692
0.370237415698297
-0.184350650297882
3.029085859407974
-1.251904415863811
2.287921464219326
1.209277938565853
-0.693989662362419
1.268246442634462
0.979574375666653
-2.716510831991884
-3.457766942284680
0.593137844267466
-0.825730973750349
1.569744671105694
-1.143358383517828
0.115422164251743
-0.579881485509466
7.601543777014422
2.831466144238140
2.017447454717578
4.171179431037881
-2.146148972096006
-1.824125963930011
-3.742621251189023
0.385171129506141
-2.677321030206732
2.359631009860817
-0.046592645735728
4.249109039419718
0.128836298233514
3.927756112406802
-2.035473955513734
2.450307603091283
-1.309019500572011
-0.655921561785663
1.451968887784761
-1.688809988713508
-0.865667442942339
1.018077992483648
-0.835795078208928
-0.184022514269339
0.674925293981891
0.973303199764542
1.497147459370607
1.761491516373601
1.835079385733617
1.140375653370206
-2.598205615905918
1.146578406885550
2.235448086651967
2.004599744744802
-0.504499567040027
-1.749773598136041
1.057428393073568
-0.704038762577775
-0.905025798378848
0.095835064397857
-1.072645504829263
0.384669009951828
4.057228959729080
3.105506979146673
2.901029250316784
0.359225662687171
-0.936801644988191
0.869323016529262
0.906276458455569
1.355298880240151
0.133011608351767
-1.540531681127739
0.960603794895316
-0.729788565352226
-1.855457740346871
-1.486667721728433
-2.906139016850682
0.311417709188902
0.423759210560075
0.023524857611728
-4.501168832122597
0.828933144245860
1.276199013339649
-0.993342892725174
0.216989315277122
-0.169225330365455
-2.871557408982661
-1.006447868374735
-2.565659596874408
-2.980962800005656
1.184764115003491
-1.582355434450688
-1.979863816853419
-1.326209341495189
2.266342036260333
-1.300787252181911
-3.147022156970272
-1.351020183113513
-0.898831261557905
-1.018350660244438
-0.396986250359562
-0.472659339576541
-1.134757452044120
1.168644153776270
-0.060896682671600
0.348520874727014
-0.300064670592029
0.000512948235669
-3.206700920868196
-0.711939647561752
2.517070509068065
-0.599737108780497
-1.903674471262537
-0.894432727158985
-1.253648894439360
-1.825415085326169
-2.946707594312560
2.180290015540299
-0.653055298174655
0.209709794190014
4.219418846722389
-1.140588022525337
0.991323601569632
0.420363557450204
3.252099299458678
0.408872393962463
2.917663675060759
-1.574266081219860
0.660872965845465
-0.943035612970441
1.189678178278190
-0.549427162894736
0.371682840862496
1.645506614366000
2.137851344359327
1.997105261966891
0.799322571956459
0.939483548629711
2.815013808205920
-2.889440611936755
-1.825126560329484
0.315982645037385
0.846337243033666
-3.585128361106333
1.302708910484937
3.993490359274104
-0.502890956348059
0.606339436231311
-1.593628796604098
-0.041865081953097
1.222281174064629
1.480184687753343
-0.669134076127723
-3.781692177312109
0.947889341139762
-3.197256624688414
0.018644633736662
1.059630566962437
0.736473766255214
2.075854950307076
1.701749734691027
1.010142565633343
0.799503562943570
1.795899270468066
2.576228518388630
-1.826977919608714
3.649821091354285
0.833747911926230
-3.733975425337866
4.718163501151810
3.357112909418774
-1.221458784158718
0.713659278537459
3.025792050345951
-0.770964260632956
-0.927127677091546
0.934823950930149
-2.154729135141059
0.336747160229689
0.592009918959530
-0.296598519244041
3.532945846141164
-0.274094299204804
-1.927571313681570
-3.012926538179873
-1.541983887325190
1.962769226415219
0.374840739188066
-1.770672597628598
-0.742697435937400
0.206573060525822
-3.473056539396125
-3.787032431188123
-2.041689286623392
-0.645537820010639
2.579164736855155
1.979098010649492
1.448107107429508
-4.089412326084081
-3.149706267085056
1.187784438998590
-2.616877737461576
5.346369518919788
0.505220975534193
2.985167100135652
-3.182679411457876
3.474410120227866
-2.650677120100970
0.338660694875136
-2.473275273150516
-0.758130577363848
-3.357657535048957
1.757720822765514
-0.454740555315238
1.912979869211562
2.794206458557517
-2.371568097161217
0.136168543838030
-1.279200496478968
-2.906838625800960
-0.020029142326623
0.242574024194408
-2.636350781640731
1.232296135893360
0.595390386819015
1.294682691303857
-0.889593999431441
1.373431493269923
-0.362060857811511
3.221274531118470
-0.964444258043274
-1.444400087062682
3.922124043182405
3.129765781347183
-2.245797779643104
-1.870929600138262
1.943609092471331
-0.221106529758285
-2.189265860410808
1.682319485809398
-0.060675946820741
0.472132999046024
-3.948158091299093
-0.195995445976414
-0.817768221952858
0.996120464850315
0.193303751550624
1.238357823406026
-0.162068056536271
-0.050452976086290
1.270830929096925
-0.969348362259246
3.422302367481453
1.077766850510538
0.425886344372980
-0.022685683380302
-1.371387718581578
-0.789955077275276
2.650724709928120
-2.734670166708247
4.312533883476903
-2.925349154883276
2.082614765849687
2.390630950147749
-0.408288650066409
0.598564880315234
1.139741966372963
-2.650390740930970
0.274416006045593
0.935258226950660
-4.401846591000295
1.927918886294265
-1.551207832917843
0.518748825673644
-3.255333928908638
0.494531609471082
-1.783346698068797
1.345625071874093
0.726464145744998
0.073003472603091
0.856917679027892
-1.649190692222288
-0.883976941644557
-0.679986252666139
-1.932159946536923
1.281840291913633
-0.345170393520388
-2.379107777725469
1.806760599367173
-0.248595511181664
-1.639456582353202
0.167552693932133
0.533266712067645
-1.156261342658836
-2.174267178449297
0.814995685600385
2.561325428502412
-2.189779724215384
-1.811341788763859
-0.497962530281586
0.522205630665999
-0.659643147596390
-0.331321251483483
3.524443945692540
-0.417054179811353
-0.831909358995481
-1.113165920830664
-1.810016944424913
1.447633940520855
1.520086811261917
-1.181214868368399
-0.759220360460846
-1.558219308206606
-2.290709366530611
3.595539168628760
2.422195054926951
0.389758951552971
-0.870189709047555
3.431701614049139
-0.473752120553956
-0.653224745540015
1.580172478164915
-3.002756296907550
0.244662242812476
-4.397585175286282
-2.134220578087624
-3.222349030415124
-2.257249096692907
-1.753389482524575
2.319813503714611
-0.295938999619875
-3.924575633426091
-2.013471874039917
-1.267542482968703
-0.960094553174469
0.533043804914509
0.836730960044776
3.009472054428640
1.071657291242383
0.988777693990821
0.445107319779066
-2.653542298159186
2.644902986722043
1.085532014366191
0.189460060459781
0.924305804708053
-0.896738742723515
0.986210926439134
-4.881340436743411
0.744766208966512
4.025463798235924
0.406188456359966
1.764488372847391
0.612464466491596
-0.666791401914237
-3.265075560564291
0.778735379560039
-0.331014336126267
2.779753859613763
0.356505777372827
2.038689736585062
-0.367754556033036
3.279959350362299
0.786532648513195
1.531487636693542
1.159431625565822
0.046026689505955
2.222238977786808
-1.160351436108991
1.409241303904780
2.365319010805808
0.121821275461442
-3.656411181140703
-0.280002044134836
-0.723241573774478
-2.058035034502751
0.510935295317231
-0.567755392178703
-1.364981194289876
2.702528792045187
1.542546849196842
1.165160365097484
-1.624791455321517
-2.074785923050088
-2.632622386388464
-2.606147848013941
-0.131104972386344
0.911001219032837
5.510764264783916
0.615050961090392
4.935966591872686
-5.208533146435327
-4.841440731970134
-0.178217245726328
1.000049300397492
1.806391020785030
-1.696075501697536
-1.702951569200193
5.394752665788594
0.959678973092089
1.850312271059080
0.900893369053161
-0.494541064777429
-0.304376463805773
1.657309093402679
-0.857400213441121
-2.319212069201479
2.409890943474452
0.502883330741336
-3.880558665685732
-7.285858285510098
0.207915152620351
3.030055654144304
2.937779320583180
-3.111359666549850
1.640336099058855
2.077273649416365
-0.951151719063108
0.360886117350094
0.484766526437394
0.413331301312108
1.456945063738333
2.490010870026882
1.785289113799389
1.236347398700932
1.823502468488711
-1.038876843209020
-2.603056521583347
-0.306713783545995
3.663258856068276
1.307086402505317
0.762553009519317
0.790900816746418
-1.308671448328296
1.296885578102131
-3.032029553284959
1.435706413969567
-0.943817264504573
0.004806926346817
-0.392076124490359
-1.493083094480225
3.687072065386200
-0.368818162492258
1.942697891424674
1.269634640651825
-0.847988811797409
0.468424316393126
-0.554482488132727
0.229116990717661
-0.241737754058971
2.245429850438297
1.769467288905795
-2.670279441088631
3.292451388187088
-2.543197125024153
-5.221002626410179
-4.932934767848946
4.599289361430275
-0.193694562561650
0.974876681490519
-4.877638009161350
-1.249611452167861
1.819128931381250
1.177505301317286
0.590951192987356
0.806376971115922
-0.724677060883028
-2.279442436569334
1.019197151724053
-0.726673523241848
0.933632002007153
-1.007816176438457
-5.128057860376902
1.430493463229624
-4.189483754144469
2.336426055884952
-0.831166094761848
-2.229327747092310
0.009005396117492
3.336361080648115
-0.039796287721930
0.633064652338720
-1.347646383594150
-1.317086288640153
2.571858455306544
-0.592921537998877
-1.856314840699626
1.084644756278855
-1.683583771626124
-0.333157393394150
1.949035877432266
-0.226906153645015
0.610951126150509
1.058979398117599
2.017757645989662
0.082545952058076
1.965146952924839
0.669130559527176
-0.349144045592328
0.752222905225334
1.039222411592247
-0.081517363150856
1.554717917010963
-2.750009290748368
-0.925580022431752
-1.372512231823097
-1.374476223031453
1.422056734133932
1.031103174304653
1.683771212133966
0.387216548960579
0.500152946907564
1.562915076971414
-1.622341155637364
1.684156019776307
-2.067465059750294
-5.476440547022341
-1.967416904432036
2.092231224202131
3.003150117388755
-2.558394534108897
1.081352347734562
-1.288981298613112
0.389554418333915
2.421741947004775
-3.665310676387767
-3.958005293025520
1.676250980338317
-0.912283184099774
0.505895711211309
-0.303655409687335
5.172550438663627
-1.069352117530394
2.854345287956255
-5.478269292941099
2.223337297649621
4.146823689934841
-2.349268146776524
-0.599601800761908
2.290852649688484
-1.277002017307495
3.788560464693935
0.180751136236772
0.072679200941257
0.419466710434181
3.493907283056200
-3.593226492026968
-1.760305903578320
4.089647736834764
1.067829595343954
-1.072569037847842
1.280026425112374
3.664800643231750
0.889923208882255
-1.404387589681437
-1.045562377851985
1.107357126120271
-1.032977550696926
3.080246975383875
0.828173838061692
-0.452334698007279
-3.005098829357717
-1.232903250740910
2.593123008953947
2.429812020150822
0.570612504480720
-3.096591575902532
0.741703633058147
3.008328532443046
1.565436834919048
-0.307898827235537
2.567724295508078
-1.948476911134098
0.090717607950082
2.070440423075166
2.877022106203953
-1.067651215732798
-0.717529513436486
-1.522736995750245
-1.805061579981233
-0.654141144227086
1.140763918428918
-3.540327567985969
0.880137579573251
-0.902528746957600
3.811852147858598
-2.147431512914076
0.376340534262719
3.017496322342255
1.089283801994023
-5.363404004288379
-1.390250433686620
-3.613501045936810
0.431579514605801
0.192118527701101
1.839394981557004
-1.513206171848139
-2.534137990745747
-3.059370754715160
0.255629099200469
0.250057862199737
-0.832459465024462
0.460508558540459
-0.838970411031311
2.142729783605795
-0.019805170349065
-2.990803217067929
-1.018550320584040
1.693568257566673
1.760581411836644
-0.756707589900933
1.298355531753576
-0.226932217172812
0.150583814739713
1.843841825332031
-0.002125772250209
0.153414574076531
0.930103401965057
-1.238117317381112
-1.952088215141263
-1.585308325924182
-0.237448405708016
-1.478517627536031
1.202798208771421
2.601988132228975
2.480298551431052
-3.578675984219293
0.168297852970705
-0.779571124473694
-0.691918235508494
-4.450207187154837
0.060115239832827
-0.649013075044435
-1.772359773259532
-0.793896825166415
-1.641357406768470
0.754700642191885
-0.805606373498363
-1.277726399485271
-0.419488445903143
2.219815167484509
0.514562772705350
-2.398683502368527
-3.772699043238984
0.440467730814002
-0.920203098074146
-2.029800510092124
2.282236629853740
-0.958609217857912
-0.126185575091100
4.337989254021591
1.709247039713478
0.321669755838483
2.885922099206444
0.232591401512573
2.091682238122342
-0.913139651378842
0.563995878541429
-0.174658972223885
1.391473470263817
1.002893230954115
0.356088281469750
1.331316230797556
-0.914459255582712
-3.929556687595827
-0.753946272960070
-2.136760875469315
-3.324191950667577
-0.761739027362663
1.134100571167317
-3.912328129727309
-0.547651054947300
-0.542999127470496
-1.425541647041141
1.569066341597300
-1.052413026439043
1.831240834471298
-1.556496714229133
-1.835532323790219
0.043308224189151
-1.040497952111687
-0.157603344970394
2.107654885007558
2.010638330293380
0.104224045619182
3.395868213095454
1.730568785845093
-0.205100851561317
0.679633325315047
0.791393208651705
1.681031372291785
0.350341554006947
1.823425051929771
-0.728615910328703
0.043664841854560
0.831587049004591
5.505073877887457
0.130040575589641
1.434876582828530
0.017441925958594
1.979789132989324
-1.774872501779463
-2.960198549415052
1.197393285122509
-0.805012348054283
0.286868080297527
-0.433768745745875
-0.882868574890206
1.434205234825643
-0.284924116561031
-2.001330008653411
-1.061545963289011
0.209100360444988
-1.100318419901104
-1.325977926408334
2.399491326183524
-2.582921653236625
2.008211379761533
1.948242940891038
-0.127197790965640
-4.708178824120641
2.851225422287960
2.319700144360981
-2.901631496267645
-2.548381874684646
1.712314647895719
2.447364797221993
0.546994598340117
0.478366692418085
-0.070828253291407
2.163826798145394
3.876640669452868
-2.799604217761889
-0.144111212991087
2.225668071615676
-4.649605804766566
1.350128193014876
0.390413455624308
4.068058103521658
0.440324495126757
2.861605611043987
-2.849750034778911
1.094379439181169
2.740502890882031
0.142730128935028
-1.414918535099351
-0.669283149528743
2.760402926730420
2.259017069942353
1.326419689924603
-0.198854490598386
0.148367148795837
0.113486206097993
-0.727433242567461
-0.950493111064388
-3.295851917026854
-0.048307620021774
4.640193148455656
-0.804293584098303
-5.042666543369425
-1.419380322964754
0.615474716550346
1.110558501956499
4.571224664384213
1.283226246903296
-0.746180466037022
2.899754577009923
-3.260258023038296
2.127813036080137
-0.567123554374826
3.081169705592534
1.290814120577958
-0.147257805403354
-0.365329118703570
2.336576030477524
-1.867923146324619
-1.006178054586773
-4.774393032828689
2.552101030683269
1.855428165908027
-3.167413891186851
2.706980767393822
-3.018441045616909
0.248642664348001
0.540898046783235
-3.267665132901941
-0.655678436182243
-1.380381294976703
-2.092263392627128
-4.244807125128689
-0.712263468220747
1.035896640523657
-0.872793716335143
-1.358379354082045
-1.407149492999235
0.945355334099324
-3.884995767478297
-0.430137600424520
1.095262796080230
-5.038105417125522
-0.751656376803682
-2.394132179436361
1.051631302083786
1.882188416173513
0.563824701178647
2.369551884082766
1.260056305914728
-2.206678434114205
1.326378419326270
-0.864298598995949
1.101033230089612
1.031634193354646
-1.705163438652510
-4.049299822053075
1.393615273117178
0.340240313229820
0.351721777051808
-1.983693125252741
-0.505133158658676
-4.349573894451446
-2.973807407816498
-0.947815565535458
0.973649102225029
4.007386337452790
1.621873643810275
2.689730612014183
-1.067426072437776
-0.610867020867160
-1.585236201343942
0.164054216767642
-2.291607140186331
2.634547212555045
-0.466895068376771
-1.318417197414989
-0.492527209222577
-2.519618357198645
1.565155642569627
-0.652242555079810
-1.465730333321521
0.994408183841687
-2.372955839265614
3.220389276957106
0.333811778091001
3.857127819232994
0.159806905290182
-0.089785120331999
0.430739946712129
3.755167312184084
0.474930860996674
0.613506899838434
4.610125592118082
-0.239344120078545
-1.196891936060718
3.954843554913252
1.608095363806020
0.622453886257254
1.557821752338928
2.709650057284849
0.525520344770400
-2.636893243836976
3.985162461060858
1.493818821714981
-1.078123025402606
1.489455904535277
2.470028811671543
2.353075382024496
-1.230214552332667
0.862462668531038
-1.733265493221854
2.400028257390185
1.885236698057750
1.503857547050904
1.461837671647261
1.664768569715437
0.570062469502403
-1.977147339945707
-3.392137867470942
-0.504770220644836
0.739696191997881
1.558309603049957
-2.092483957404719
-1.524249172285160
-0.230260110268738
-0.530675050940153
0.955854476802772
4.321301251603063
-1.610089232394034
-1.841790651759851
3.841340181669612
1.415821008444048
2.062326203997366
3.006212049665792
0.120821607859498
3.234298456843967
-3.775093218183643
-1.229133731451641
1.541231826112814
1.211014934930126
-2.358906079964592
-5.506147303802399
3.062158478878838
0.728473397474416
0.720077850094449
0.058465073387966
-0.769606346260225
-2.776805884067620
-1.571771161856188
1.006747417997353
1.680883625205659
-1.589663088375679
5.037132838761099
-2.107765631918861
-1.866697344786000
1.149464116065132
0.496549616360692
3.899206497295081
-1.792322286659146
-0.661643341090778
0.214750998176496
-0.234351363839103
0.448373305071538
0.919515210384655
-3.805775694770726
-1.463362147387638
2.305333753792222
-1.097690285698812
2.221840478969007
2.584974804477197
1.896519371765577
0.361002459006503
0.427707819929803
-0.399778132071609
0.695640846620009
-3.857216049149831
3.049614768362150
0.164136174699624
-0.192183393242478
2.172235423172878
5.417358578273208
1.533238137043333
0.284735235658681
0.635047729401076
0.965209397301203
3.619489839322883
0.354336847653248
3.898990574325649
-0.856240821065754
-4.913789788587333
-0.882196070164091
2.132224315333939
5.058009074301906
-1.460569266876509
-0.497474297635488
-1.489479587872982
-0.677584160279524
1.302090137737131
1.252735389737106
0.702232472531769
-2.913075112321021
-0.813134019612922
-2.309147442511256
-2.798458071149946
1.778882739192732
0.377676327232465
0.591561463961299
0.618954404548218
-2.361969170308930
0.792223261055300
0.997400197129337
3.310588080745970
-0.177016211951420
0.792759167300934
-0.014387771561195
-2.095756651913824
2.788977190355833
-1.280614349415431
-1.205212667926985
1.949171782960044
1.232087468772969
-0.781610104765660
0.193298653628522
-0.617049424091972
2.083491613462108
1.040716959976110
-0.788867667827346
-1.504872195132150
-2.139132454492132
-1.158948008893969
-2.066097533593206
-0.514688120690549
0.664207032285483
1.066029820193341
-1.984894618538386
3.203114794319315
1.686617985107955
-3.608890795197526
-3.547351710687066
0.065020655351447
0.685656759872561
-2.030391099527376
-2.058948422416770
-0.627789908214459
-1.366992956954506
1.109455267488623
-1.166719768323395
1.833583241358140
1.368697400991773
1.393959830232924
2.357244507933407
1.552555607720279
-3.693052819664066
-1.286455719538780
-2.179867686089996
0.270290134551746
0.353067151483002
-0.246038573505355
-0.955657220701022
3.801539725450425
1.312187454967047
-0.272833515132397
-0.453014705924778
-0.742184451645275
3.512126563766491
1.115437246094109
-1.358055717781624
-0.378519749249602
0.789632705783825
0.865188689975685
2.792388322890218
-0.478239821907406
4.472766532709155
-0.857413856478413
-2.181398911543409
0.390985583635245
-0.210038103252948
0.729431898963682
1.596731546667952
0.896550312063261
3.889633105236142
-1.750561858683345
-1.878189046999641
-0.409310514614117
1.400341067432648
-0.749449578730750
2.925945990862706
4.184769107722405
1.343881906451461
2.425461337162880
2.654550374734904
-2.534461358283029
2.043856021505514
-0.504093361438171
0.958037942194516
5.012039209312036
-1.587754622903220
-4.201378648803844
-2.747807610959024
-0.693593993519051
-0.480970695975471
1.645968028229336
2.602191803373670
-2.355199727702797
-0.161021263986257
2.687356269849712
-0.809205425475569
-0.276291799334158
-2.527199497826961
-1.207309820189779
-3.065327168066482
-0.454658487051218
0.410094939732059
1.572090433958121
0.912955393150111
0.066091932794594
3.473023067091050
-1.462146656781685
-2.574679995295283
-0.096977318977358
2.170043119598448
0.053039680521415
2.069916639521269
1.237657245305774
-0.889317743650154
-3.370218685557313
-1.211873416524609
0.854101426547625
0.792662888501848
-0.178938326870003
-0.434430790244992
0.403470825946219
0.941444542856924
3.534228712111936
1.379545315002749
-0.592029673306353
1.461166056522290
0.209529975092242
-0.497208260682370
-1.315028079443649
-0.002655121763764
1.506876364009414
-1.335002639517391
2.003940383322927
2.292168314746534
-0.597540486227772
-1.721036554853928
0.476454230633451
3.848644269846234
0.129115022076806
-1.150964254828702
2.381423986837386
1.087456024621779
-4.770670809883156
-2.427224067695513
-0.766657827189708
-0.010257833468412
0.974700715131966
-1.772221014382148
1.870628842254301
2.119929737624192
-0.365362930594120
-2.438082970787428
1.663363860970364
-2.126617503632065
0.463927879264214
-0.335563663447853
-0.280708335753387
-0.134037073258060
-1.406576740880851
-2.702682887231154
3.023658920168301
-0.877719000817527
0.737836941844749
-0.227830571821728
0.542847286131643
0.498178561712433
-0.067088819062477
-0.120153487555649
-0.355414863669087
0.029344839573866
1.137079609668796
1.635490073766254
-1.162466357472637
-1.015020050063174
0.322693824874129
-2.100438354921057
-2.519494306032032
2.148697214286841
0.132358717346230
-1.665561914775295
2.227396452650647
-0.076397125776333
-2.876793864122419
1.185869195475020
-1.126285260747657
-0.297012990144882
-2.128728090659130
-2.216014464739616
-2.173234150044594
-4.352494540793957
-3.780514899060656
1.618817636176137
1.157152213985858
0.014080581268934
0.799649508391741
1.388221677930953
2.706166827379640
-0.725475636357083
-4.478849991265252
1.672592533660093
1.555427340896608
-0.203778625044378
-0.405957135225168
1.703608696149543
0.491276228319912
-2.071432653966514
-0.055818653346719
-1.035992784737680
-4.092176190792049
-0.760260937319303
4.118526000337078
-1.454537435062763
-1.466702044956065
-1.167044834935488
-1.452543715453671
0.244788849958072
-1.807713970988271
-1.742602615119576
1.672349321090940
0.602374549031071
0.610250102173452
0.162933842261901
-2.128101256490848
-0.475429218890637
-2.758989672268409
4.621630050584517
2.387684202696994
1.283043129452904
-0.097256694598566
0.522605168153970
2.472016922729403
-0.066488669201223
2.543701041168443
-0.952680040277628
-0.959141044712542
-1.339855249747721
0.194100267182406
2.299140245545979
0.550457387001286
0.269973914076736
1.745326947265841
2.565250469071462
-1.048566577320406
0.824756935365292
-0.557223463700307
-1.005543806761037
-1.813800620925460
-0.963537369568617
-1.500531789954728
2.152934052232017
0.399561819292359
2.101569779522193
-1.249385678112285
-3.166190385344505
1.988099480273945
-0.331076219351229
1.591469353651411
1.275435767973010
-1.764809497954445
0.376139567959697
5.995696563624066
-1.143217494244990
4.021327013378881
1.986284318942172
1.081540149911723
-1.570775111670568
1.004521462629156
3.819314181291983
-1.405721817325857
1.733084509363749
4.049659033069135
-1.469000138091358
-1.186918173522461
-0.390954366982359
-1.678010984956024
0.958886592211771
-1.923026043604199
0.372069203294506
-0.273833053882256
1.759104364454241
-1.243360876093114
3.528148276954547
-0.656377983134596
-1.546782735247691
-2.726482397257576
0.207438725524731
-1.632280304368485
0.497236306635134
-1.381664634580934
3.744459259027705
-1.788908811542073
-2.156875418207927
0.583311824431809
3.668952726457732
-0.183783480594919
0.995842726978009
0.381408913058181
1.013020469905956
1.096441476582332
-1.670526101110056
-0.150402065887356
0.335845740641930
2.459406137880116
1.584954175851530
-0.199205863232571
-1.349499876481267
-0.293645321677218
-1.809028789413698
1.030120573202576
1.383744999540315
-2.458357325108083
2.792321889933310
-0.847605737032616
-0.834977709670059
-2.188039230892372
-2.919800020155657
0.472703503795975
4.113585583563256
-3.403613407463272
1.387629483000321
-1.616157265183962
-0.796448257601374
3.202889539744792
3.403007183947214
-0.920915844340764
1.926287318134016
4.684762287332729
-2.822875432002971
3.876851950919922
-0.234334843505488
-1.037003347318146
-2.294743776256392
-0.785530741764025
-0.656773543106821
1.221467226324922
-2.500718553939849
0.495238014940882
0.898320733677248
1.165554580048916
1.639791112505449
1.617207457259264
-0.145742225956384
-0.716123384327396
0.443570908192113
-3.009292500777903
-0.800284550513237
0.576234816310165
0.713054220509933
0.618111970722873
-0.291854000045604
1.425570397166855
-1.762274777968722
-1.810071408881559
-1.572388612723199
1.574355777208298
1.569642065794436
1.670350742715435
1.630072243038104
-0.766717315888892
-1.386428005136592
0.380402769474262
-0.322204584095889
-0.585435440770814
3.822448829361936
-1.731684996778060
1.330181709182931
1.860151932340296
-1.657181153114518
0.938033948995036
1.789289475968132
-2.323881132490213
0.112524674735138
2.689492275076907
2.094734823077315
-0.003208563839463
-1.476805283088427
-1.318427707550512
0.456445168261048
1.319724226841529
-3.814129868884008
-0.004738848630516
-0.233773295795445
0.029975409058918
0.300282237757520
-0.467207005873661
-3.469085020354170
0.401159833686573
0.000716265973990
2.152771649931655
-1.184564519595036
1.568753617821813
0.316262209765302
0.781738869915031
0.545394346986503
-0.237385759094275
-3.724358390838859
-1.332346058206887
-0.813747539025262
-1.675581022556833
-3.972139022443840
2.432467192541087
-1.419894546749832
3.319251074245498
-1.175405857190707
1.993312570106492
1.426003767355449
1.848364274025216
3.374581836313606
-4.587141781471077
1.121596341189664
-0.747140673690691
-0.836477623793278
-1.165949750288277
1.893493753618235
0.988869499297234
-0.132992664103068
0.385609370509612
-2.346334954979947
0.960166454247482
-3.847946352286699
-0.867743618181446
3.067087333245270
-0.389688555478034
-0.957166014894488
0.874117360491805
1.462858373301231
-2.801250004097882
1.962674921174878
-2.890261817123436
1.184694775293193
2.209283921792527
-3.294131135054932
-0.311474823950257
-1.485564681235110
2.519235019445629
-3.317860099438102
1.346469665024448
-2.240955372343815
-3.499875026095137
1.423434712508735
0.011574983362674
-0.438089906637560
0.978105650662835
-0.966314404765465
2.122668210782424
0.238201501606356
-3.929522522953025
1.465435498797019
2.604315419620751
0.159192597767412
-0.019384596256324
0.069020269195157
0.234541831230080
2.002896671474236
-1.075543691083640
0.637865965441210
-2.446112391819734
0.308541658243174
-2.326363091035844
0.050593296070714
-1.156585969168958
0.267121718507257
-0.891437770654674
0.460295297027912
-0.445811363633803
-1.021850241643251
-2.043446724906218
-0.138272381454176
-0.959948666107144
3.594389324139338
-0.608428930440332
1.512927546012432
1.431026612853212
4.141856488052812
1.771878738291200
-1.844663290979134
1.067465100066791
0.964265994539007
0.722514812464823
0.032324655916212
3.437504627559927
2.823127291841752
1.013694532759927
1.399588270082571
0.937864832920456
-0.687770805758349
-0.109192300106249
3.162981225435131
2.598168216102853
-1.320630918662362
0.045632250155200
-1.244432620524372
-1.487971397158645
1.963565858768793
-3.071630403328369
-0.433299280718534
-0.653446784148287
1.474242277698382
-3.510608331337335
-1.701749859333171
1.769610801896846
-0.026958442296275
0.501099771539155
2.892028167622039
0.956936946811173
-1.841785340975101
0.471373437647874
2.917439554712330
-1.629057521628656
-0.893492077669799
-3.304303355620617
-0.472303647718527
0.086139605669680
-1.858896600987972
-1.315378313169684
-0.079746780026193
-0.893216942823328
0.007239040031099
-0.668967647531565
-2.480807715653515
-2.098835692646090
0.156334245907017
-1.415251039745882
-1.834080185841946
-1.980323349241834
2.373278067026545
-2.483699712589835
0.910277665875769
-1.007070563404572
2.283496771075596
1.002637295384748
-0.473632353500183
0.334280126457272
1.201915431965864
-1.444318090433699
1.162681158561810
-3.789975679103441
-4.513654128937691
-3.545668350868586
-0.111415807682991
3.903916772112075
2.489909018927527
1.750394065043659
-2.299319305969751
-0.202268703694277
-0.149854310021054
-0.663645673612233
-1.030655538403497
1.642024478854441
-0.092020406411541
1.634778877500223
-0.014918687082643
0.459493250944500
-2.100152714930642
-1.052447257880984
0.873507455186935
-3.568500957870415
2.934441712193973
0.006901061515700
-1.414456892607177
-1.788855854468405
-0.493451363379501
-1.309957901436866
-3.139169835900186
0.095317180243320
-0.747567167238703
-0.898045592654654
1.667520654030540
0.472535821581792
2.106022288746106
0.899375031709493
1.074884834508584
0.788780943903602
1.320625535922148
2.563136887111968
2.106587377348428
1.207113460493356
-3.027805540743085
-1.098636966814551
1.034951672217481
2.417356940544175
0.053622794246505
0.036984674119878
2.101590349724610
-0.743784202037292
-1.061207065235858
-2.972855209762650
2.221652700468826
2.962561993398741
1.259315066581467
2.360582772924811
-0.884028057079626
-2.881016232605953
1.365591555532263
0.982713332393497
-3.019184689564171
-2.464920863966090
2.428488032364633
0.591311311165057
1.876276766989669
-1.932251640483105
0.226309897085736
-0.612509721334579
-3.124561232933381
-0.015157112196624
2.642806174447621
0.978131549363177
1.799478080841926
3.278171297818783
2.803328306445081
0.946618994834141
1.896281688398434
-1.673205013668831
0.509293707771910
3.550848781675271
1.769158077841916
2.163903945243122
1.574210964286249
3.280418633553166
-3.219611970052360
1.552023640882618
-5.284930981914467
0.396778991104926
0.594349576120050
-4.455606117210317
0.371324042441623
-2.582311680011638
-1.765222041959813
-1.137734517703642
-0.497914662734837
-2.802610195160668
0.006407642755039
-0.080869204919288
-2.751648007118265
0.935975067452102
-2.275346712484249
-0.739415074528531
-0.110680281471453
-3.821094223191175
-0.516043454944215
-0.292608278936026
-0.581087887626918
2.398700274243339
1.884962423785506
1.215277672637173
-0.641933331359390
1.316237976033594
-1.418818178092399
-2.990591362928448
3.071406712916692
-1.583647004498809
4.745574127461057
-0.227563260259803
-1.398608758425288
-2.128167022334061
0.453042122917487
-0.123725496463895
1.445205630625634
0.669682483693484
-1.795612526073122
1.982215642380943
3.155944941440665
-1.489932102327590
-2.563843668323065
0.136610138171354
4.166532248870155
0.572060571392883
1.038728412227557
-0.504893373002056
-0.319840602139349
1.830000112332010
3.680514302592715
-0.920599079749451
-0.514302695072894
0.471264255388937
3.558676359566550
1.185148564981209
-1.992456552318325
-1.178774913544777
0.605180946717223
-1.676489646340775
0.450043644595407
-0.337491684513012
-0.061916668286561
-2.056433601445838
-2.784079644791416
-4.748730880503815
0.202614358990286
-1.490611511128311
-0.452224928349231
-1.589908873940550
1.284139915107230
-2.509806859892813
-0.371797173142743
-1.786626604236542
1.045808607244644
0.073915183251198
0.913215583244249
-0.448611626267445
0.089011730403442
1.984979308148420
-0.895813040116021
1.194680312456039
0.582406380710167
2.837844793334037
-0.048301254044232
-1.392696644111771
-3.031348510307468
1.318475401638867
-0.495793550794888
-6.297400468059606
-0.608883794796118
-1.904952959253405
-2.008892509329655
1.450700348704952
1.091252655372352
-2.096144126370912
-0.952776950272843
0.470605753343804
-3.427123187455980
1.636662684539842
0.684817815149121
-0.040832383327297
0.683332983664062
1.865159290132396
1.088779831111108
0.482532129227496
2.385841951958525
-2.671061922976967
3.313653533232678
0.415444483474593
-3.305878903187134
-0.428039576902286
-1.905168894157909
-2.891497139178793
-0.357267871170579
2.443100168858572
2.849931239770328
-3.323246680417415
-0.209063173103358
1.662698820782496
1.949856612852968
2.981241936463249
-0.326229300819944
1.071385436592476
-1.246759031162272
0.243532381003605
-2.490444343380970
-1.016598688739407
-0.263429422167935
-1.059815867324354
1.309153889276936
-1.364094049706669
0.486605010393507
0.518342107855122
-3.423505788626679
1.055086496522130
1.865913914707606
-1.940909441729579
-1.702158046772086
1.027921546648363
-0.096928506598284
-0.449565295191015
0.102121982673861
1.644262748706445
0.992645553052119
-0.404546021789596
-0.087852202334066
0.620145397928637
-1.704720349621760
1.042915584536050
-1.922777827954789
-1.612575582133543
1.724727145741765
-0.574738620157741
-1.421989339318216
-2.789017146190175
2.302297837950332
1.846816946730031
0.411644086353056
-0.199202238340967
1.505544500698977
0.763471505082605
0.224053922063331
-0.960173231222555
2.636438368128014
0.951932396993676
2.652139979194917
4.004318670600977
0.836497214650415
-1.842287600925345
-1.872518928517356
-1.430894732811558
1.034268941701294
-0.139654727619601
-0.406027264812934
1.086620863062036
-0.327925133930897
-0.577700913491767
-0.336456824982499
-0.110499861698521
1.547230723233428
2.817522229229949
-0.129517686719317
4.485482444368120
-2.928739615275228
-0.520789455597545
0.503748518305215
0.248991598885670
-2.341672288515301
-0.816960426988274
1.039222051374753
2.007760819835830
4.271893494445369
1.008778837878008
-1.116767507751934
-3.046988056921061
1.101264387662932
-1.712803253179320
-0.418002545200377
0.819743175756733
-1.454653162651440
-1.643652700687654
-1.359030102318693
-0.765137693733830
-0.114154327354610
-0.030274566536895
1.363762560263703
-0.426646120792321
3.032734425861785
-2.133838699506715
0.034364221769301
-0.111977200373215
-0.603817644572169
0.029595430157122
-0.960909559943523
0.827284116059627
3.546132448663008
0.141163297153113
-1.167651347274881
-3.724320835027864
-1.390031416164308
-0.906838777108476
-0.496436664696089
3.246526546031765
3.956863702608131
-1.462282280536140
0.310039950400419
0.857985328330705
-0.453441256744301
4.250256647108716
1.405823319550638
-1.150325956853091
0.722175898000137
-1.330832643116448
-2.340907208150694
-0.671106206184040
-1.176610340289507
-1.906713324934150
0.278828951966637
0.426563696674256
-3.264983036042204
0.321108481038007
1.794567167351324
2.670062678134967
2.436754231557873
-0.028477632717703
-3.417064737495320
-1.329562016634244
-0.688444208605973
-0.906682232972580
1.619890956970732
1.739678878654777
2.810618828033237
0.821222708701887
-0.563402015627154
-3.123717259935741
3.360604214374582
-0.760255793404917
1.466637690297719
1.180334981602021
-1.480019629248131
1.609848705148431
-2.187873444020940
1.654028144700234
-1.737973004595711
3.267168984892072
3.675153904939648
2.311234129011998
-0.623578876352986
0.835174378176893
-0.821927441162618
-1.415802162204178
-0.813424770606543
1.548153515783838
1.075240095288154
3.104376127410464
5.291818535081071
-2.069451147753668
-0.035141190606880
3.883449845606711
-2.153337420698528
-0.075700713234551
-2.701035868585777
-1.000691620418332
0.014918516772574
-3.802303853030697
2.223447783484535
-4.937760697363914
-3.401812501616970
1.458075640831362
5.080649132224099
-2.720162819235147
2.687065105659750
1.906539650125038
-5.117337612226294
-1.878185100802517
-2.601212794902072
-0.145393364061090
1.261911772087268
-1.468443906451531
-5.134070819649863
1.343632110627725
1.956628477436864
2.670330330784314
-1.612570261817872
1.985950269946306
1.430270126054086
-1.379220167685565
-1.099802096977556
0.207145529386598
2.358944617855444
2.104496940380320
6.236498234445146
0.865534307923268
0.061248312078945
-1.197552215084098
2.866625335615816
0.294402432024006
0.215711005743742
-1.749150490527569
1.411077959198730
0.008889545767095
-0.388344225331992
-2.310083105837851
0.401531352080269
4.031339212485983
-1.041501874650252
-0.596316858665511
-2.751071439370440
2.828620523409530
-3.065758800694016
0.875509174410744
-2.201444460882863
-0.894405774098001
-1.221011889023215
-0.725001295760026
-0.561358513752063
-1.126124827669908
2.564857229435044
-1.739398082067079
-1.986043158458182
-2.463525188168909
-2.452986449267108
0.637949328189617
-0.599151989408577
1.044058661150114
-1.334388977926114
-0.471868072170160
-0.004927743099771
-1.731985109434764
-0.103975278601055
-0.350145771045959
-0.379713167463242
-0.494727144213936
-2.779942698626050
-0.096123201230198
0.643268984085790
-3.334567476192052
-2.633723177244062
-0.600333752374724
-1.082106773155854
3.174714160185683
-0.750461876620507
-1.897925579431411
-1.136193422661389
-4.217511000862776
-1.726109749265887
-5.077233140468203
-2.086526273361564
0.519022394838361
1.745248768920919
-1.208881922667341
4.765149649731044
-2.391295796786698
-2.252279078964692
1.737987438209510
-0.752332291707724
0.837954520738665
2.748377254972715
-2.872293967574945
1.168767919894259
0.230806472834515
0.524357295512137
1.164980173947295
0.665404910983243
-0.244853557066459
2.006463469569341
-0.923198684185200
0.205112411654949
-0.876557066862320
-0.497336021306530
-1.312373158797278
1.782876228366810
-1.644196042922466
-1.274078364408529
-1.704659130222481
-0.712792586971485
0.856707034936230
-1.143474446479718
-0.488500821357219
0.425317481031467
1.048565463765876
0.697520195644510
-0.824486417170967
-1.406952246376642
0.577979107082463
1.487256905027642
-0.838637833236902
0.692700029722607
-0.427411900871903
-3.967241586652615
0.762909951784892
-0.364196808867587
1.003136660610465
-1.842923469067978
0.742652789718772
-2.059365982800663
-2.038610618564626
0.920838190326037
-2.210364351695771
2.009218740753824
-1.934970307400075
2.534993018886913
3.300044965654551
1.057677233084224
-0.907519640259646
-1.559485604162276
-1.747227911346099
2.608809782028204
-1.515251087455437
2.473705343226562
-1.604161195614942
-1.545743616798358
0.088183985408396
1.417066318466227
-0.402366939550083
1.983033043485185
-1.563761054320981
-0.198177082151110
-1.105723549577326
0.463839657404639
1.991777152713585
-0.010822226522994
2.356153243872665
3.294747863245632
-4.925287704058873
1.715263783063484
2.831055563862032
3.422007905003983
0.472411417594191
1.053977099506761
-4.313008127767144
-0.262758676706481
-0.522380382239660
0.640377900766987
0.956717066679506
-3.964456702256447
2.587783690527659
0.687066085705972
0.739146966342250
1.044145072755120
-1.604310029538968
0.124024190447628
-1.771595530803473
0.477924304011317
-1.564823317074137
-0.440404758011765
-1.875909495214049
2.472784664937002
-1.306006713936811
-1.116058982978462
0.146905751738138
-4.381246553006273
-1.809124964480390
2.793010290204230
2.673712898643257
0.344535979734245
-1.965611880495994
-0.524261105224961
0.947211396475604
-0.138779372630355
-0.459054671271451
1.439471824157474
-0.142841877093746
-0.278187019057139
0.097347924538904
0.644096277243416
1.344753392130610
0.637924803799644
2.929561616103437
-2.391147197649861
1.657056764913770
-2.534750249036676
-1.291487347112905
-0.228931554842129
0.410205381869084
2.558175107807442
0.594711832259520
-0.547522125090430
0.191186522027406
-1.659064238115938
0.297073616209955
0.440938837392550
0.345838033670384
-2.502778911332427
1.048325258315429
-3.474884565600880
-1.369875721623005
4.088175578453798
-2.038150922218545
-1.291077779604257
-1.602544407278678
-1.579168000698643
0.777683978744068
0.296815132800117
0.854556916018440
0.579330301570822
-0.489759834511874
-0.898381890255799
-3.788981694798233
-0.449296873741289
-0.073330361672141
0.135038739312684
-1.736346888114300
-0.309333866157806
0.350444306021652
0.148376914641185
-0.530175464416050
0.981549145553501
2.629979171806414
1.413379380457096
-1.492977036440387
-0.723657811000010
2.025509326181899
2.684167139313601
1.542616213168880
0.920234001993779
0.194307084917241
-2.103800011448874
-0.130642016361940
0.094559272490065
-3.319678596019001
-0.079503749247053
-4.226370019872092
-4.340637466974933
1.419905443767355
1.065948374942686
0.325391226334170
-1.563311218801297
-0.685670160532672
-0.982373677782805
-1.964317832614184
2.621520544316834
2.255110858957297
0.189796840736791
1.118257840619749
-2.218011699741815
-0.172600003627205
-0.184983902132248
0.207884847865973
2.091131846425642
-0.375996566003967
1.273935418782252
0.306954481654169
-2.861902888014599
1.591143390257577
1.095386107719497
-1.401678818096827
-2.046110123520467
1.000579760749246
-0.816562985895864
2.921606382343219
3.478837273561177
0.637870643961830
-0.066504807701399
-0.069560392348078
0.432525450858978
0.677950328713802
1.713998186101417
1.084972624388827
-4.295754296575488
2.140468766503448
-1.696718138240334
0.434438576955311
0.899985082641911
-1.643371494203991
3.075134464064597
1.540768605546472
0.654337659895567
1.984151012068927
2.907283894558244
2.934060773712682
2.011832531692406
-3.549917161655950
1.134065083023641
-2.127408220806099
0.040192091261519
4.099571830290937
0.078478917554540
2.374209046147761
2.762172422137145
2.954119816124942
1.834870451028471
-2.859996789181791
-1.474188399707308
-3.693915726927302
-1.423213298597900
-3.288210864995897
-0.581263240972454
-0.652067917523801
-1.645795140681603
0.220360739755734
-0.569510710838835
-0.551498226743532
-1.253176346368708
3.602648139214584
1.220704278505595
1.606110805905686
-0.534411979394713
2.225967288617495
-0.795441927552648
0.317500786183936
-1.420474895795685
-1.104865507438434
2.864145801263022
-1.552229378818898
1.627812894215945
-1.620242814083387
-0.286481317383726
-0.090271191464457
0.527136090184584
0.000242519740949
1.521140769874707
1.395731074368385
2.861976615667519
1.928584537097236
1.278300536014411
0.187598334791247
1.464988576420062
3.748075252453930
-1.458968939269409
2.148523164116744
1.478838726803136
1.773564949925744
-1.179421316187231
-0.158448284028407
0.278543865771149
-3.501121169709752
1.732498715324124
-0.772362386977445
2.434411395919307
3.751705218384189
3.161320956877135
-1.194776862376147
0.696805766638889
0.611686446276386
0.204122096046468
2.199253231408280
-1.212360194000762
-2.138002984498909
-0.702443940166921
0.566838629749361
-1.576662100321311
-0.640749214812192
-3.145202290848260
-2.553695153617670
-2.253488966092638
-1.850957218045974
-0.666085365456303
0.142025086420042
0.167020599932931
-3.420310405627633
2.272843500718081
4.802597984076185
-3.032193323460997
-2.203630086458405
-2.138451338553033
-4.310505545640819
-1.437287108697034
-0.772244534484811
1.855575008158305
-1.915986297805989
-1.848080241596378
0.030597325902668
-1.055020517940952
3.575774953958097
-1.577408149492391
1.573156044612602
0.639142781474968
1.686369478545230
3.801480556167070
0.194537268494157
1.661242574937152
-0.753755212794279
-0.045936748663657
0.268005829009324
-2.436139665182631
-3.394891639354521
-0.338367068919343
2.590332156783741
2.028629251523198
3.275477676263362
-1.347485918689336
3.141074431091205
2.308990783256964
-3.479354085298067
0.458272412565564
-3.199192407000268
1.114019216510483
-0.340595017770703
-3.068920698154091
1.896319942296145
0.119437803774653
-0.815293602456645
-1.508741690280004
1.081218726125696
-2.900336757456067
3.938449539834002
-2.476513492574309
-2.693597104357932
-1.624183068768887
-1.423954215318856
-0.634907366202785
0.436838041788870
0.046025339963465
0.476570842425483
-0.130649588400147
-0.229673156697026
-1.504652973033296
2.116690839270692
1.338895011212371
-1.235667293167983
-1.833521865279675
-1.537154886771579
-1.182422998131441
1.205615584068383
0.656084692243294
1.499469758927345
