-0.621531246808474
1.669529602776542
0.612674914760402
-0.364602387267351
0.997346889907818
2.959564513855839
2.578286737484922
0.611534715296144
2.057999605439389
-0.058106028273653
-0.761988523289562
1.354848790340625
0.988200637553490
-1.643220075663525
0.562698914399939
1.556145516142141
3.167053317130586
1.971054934294715
1.077826839372983
1.447144107233401
5.205288489751063
2.514539143899854
2.344042958094759
4.214546363644939
3.243455861813008
4.354005408069185
2.936268995437993
2.438085760120295
3.146038769969599
2.253843715078952
1.383018492802177
2.956988619186004
0.867500910107946
0.216892636292513
1.381143416430272
-0.135213436637361
0.968173182690792
0.422857159409302
2.288495304055326
2.734802423511230
2.089560546056366
0.665484827079049
0.470827151475154
1.389984741793401
-0.277284832026978
1.598176318749582
-0.000094272049983
-1.511198152150284
-2.162972578909465
1.080175729887769
0.747144038768428
0.933354405856550
0.695294578063880
-1.118360602649906
-1.151969252216666
-2.467730631192297
-0.772675501956808
-2.828012527475992
-2.222736408938712
-0.359122362456741
-0.091309890400566
2.579871200491028
-0.119732549179410
-1.575574526675908
-1.573815274022450
1.954557534627579
0.933297113012160
-0.080433652584029
-0.776464553865077
1.701254768155249
0.342265258267163
0.065388671908989
-1.788966321033223
1.434936528549809
1.443784494538246
1.556144450655215
1.109859271981127
0.468042972633287
0.639157685886735
-0.956362817946817
0.784558084974076
0.858484654541054
1.448208861381654
-2.449479148709874
-2.411651875639148
-0.670834997989582
0.108023438757805
-1.678030693828431
-2.560641859330874
-1.655728590232608
-1.808881916264559
-0.267734578742568
-0.435012349548313
-0.711803415078506
-0.344096045821834
-0.353459098064771
-1.047356876334810
-2.479825182941064
-0.997376990300891
-1.359578226196276
0.050644484446235
-1.207528895358700
-1.775374602932323
-1.049766783486105
-0.297030419366427
1.514386590385252
0.468765368728221
0.297234873929322
0.429679242314509
0.250831419090955
0.062801503619239
0.764846428557443
0.923927398605949
1.073175451095533
0.693767283068450
3.712481099311978
3.079856103869155
1.267161748488553
0.797121890856252
0.544633744726703
0.870069721506700
4.279215123970893
1.939905405463747
4.254664140812958
2.817856275287385
3.789448510714672
2.868779934503272
0.067119650661310
1.567815602428767
2.761989212321108
1.122646662479546
-0.425274537198865
1.996711357816733
2.362489957098299
1.490064026831486
0.034782489300526
0.743111855014338
-0.520551901369584
-0.016571318322466
3.524276299281291
1.958316570903358
0.265992348146926
1.148718515205034
1.101737937419505
1.171923851051150
0.659878273266627
0.029568043087912
-1.163397889533227
-0.191932628533656
2.746529294096783
0.499779970601941
-0.222645636096841
-0.021565422681154
-0.929986353187001
-1.617426076789656
-2.420932887078426
-1.922951447975097
-1.313342552230512
-2.196959142629261
-1.350120441362889
0.368081787072644
-0.109311230632563
-0.743295232719151
-0.817511862131554
-0.359559277613401
0.052747643547754
1.059135557285863
0.584739702336271
-0.208603011802484
0.196826515073045
-0.117182301328412
1.335390157197722
0.881499936804774
-0.148016956721212
-0.733471644658427
0.568130536294314
-1.656008702671580
-1.405292068623568
-0.232934032142178
-1.264743365677362
0.392731460637986
-0.669219517378706
-0.626063871919752
-1.488307018173609
-2.955368349831804
-1.984048106311340
-0.488768904686853
-1.789428582594128
-2.794320931990799
-1.104113123654578
0.233705004911654
-1.560994398496963
0.813725113026146
-1.010390732569098
-0.835900546474838
-0.282767132501745
-0.480304714354756
-0.024820398381922
-2.210023638465207
-1.561358342099410
-2.465483721783182
-2.814818089022812
-1.749835886302177
-2.005549573119642
-0.231797504577499
2.034179833652237
1.745495858680631
1.626200341643000
1.189547803053830
0.917283485284024
0.874170257153737
0.803119864028050
2.835425402830204
3.653048318224315
2.506055967993190
2.087270327604184
2.697904683403945
1.775164907570693
-0.181641335465633
0.897676632945663
0.251772128006101
2.914254834961615
2.841000511033900
2.827796609874957
5.171880129488831
1.661909613847302
2.116245313726014
-0.141318458538929
1.525874053685815
2.813572454509066
1.966272878587054
-0.375320836098268
1.137419245926084
2.640423578636649
1.273345069173245
0.769606438306203
1.188603729750774
-0.183809373099220
0.116453543830445
1.229084799603577
-0.926483174398533
0.872928562780152
1.424915621530050
1.964406482748614
1.580824613489334
1.923975693816466
1.607247192686881
0.392937463207649
1.249146065681249
0.848172448333687
2.153989721807507
0.212446820778418
1.181858111488850
0.432146499971628
-0.087872953839100
-2.447062884073305
-2.552877542453396
-1.179519352034116
-0.698617425334581
0.834014472457645
0.740786071819375
0.162113933004965
0.348126929382389
0.601719539617123
0.717331479210805
-0.308243344245488
-2.173649458743237
1.213183015380056
2.069246447103330
2.334484761997916
0.439578445246260
3.283921676455075
1.593693342286510
-0.087587472492599
-3.112125080634334
-1.580459203063479
-2.776249612703640
-2.742898638238006
-0.683008118706884
0.709875454020155
-0.745144618612200
-1.418764218370614
0.227733942658155
0.901514691964518
1.100681660762081
-0.373892721767746
1.480143900123371
1.008577931641588
-0.871047410146175
-1.294598189365900
1.083771700316415
-1.580571312197687
-1.841842481396068
0.339665517030042
-0.624862044799328
-2.007368114883117
-1.537872521083384
-1.129979079367897
-1.771022628260406
-4.322392591191695
-4.162098371099463
-1.440250188555687
-0.275403867881785
-1.149942994967976
0.959448326127733
1.142535649084727
1.596138080955838
1.608155439610076
0.820728025875122
1.244644008490754
1.495151876552025
3.801042286892475
4.007922245827032
6.068446565939367
1.058444591447849
-0.325938672181481
1.165257084178639
-0.085535140774348
0.237502906344166
-0.589403493499476
-0.358945979705445
1.761084930647638
0.991257242288313
2.825451314088344
1.936417258491590
1.263489085635897
2.468567817686028
0.496547534830099
1.594174689185645
2.701597041587937
2.473206807794892
1.136586476825361
0.769055768384246
0.004026198875157
2.734885919562232
2.390378133945259
-0.052618154626116
0.683282382220087
1.015701121133325
0.317256318338329
1.481842395083010
0.203132563587961
0.850691120673296
-0.441952143836921
0.072002174599220
2.294176459436057
1.398455615079625
1.593077437383100
2.119000048189066
-0.214822569518405
2.528845951602935
-0.473722371529382
2.619240223743112
2.583285312116750
-1.334114612872224
-2.390623955682122
-0.795192775771946
-0.339413463177625
-0.895785561492708
1.605525945151817
1.377995164102708
0.377096073046256
0.615996503593730
1.052148890352431
0.431278152842014
-0.129406099243464
-0.929978813485662
0.287565406339514
-0.124671289699015
-0.865024315611984
0.426290120817998
0.943883622504136
1.224016993797446
0.499684122829610
-2.831439738982069
-2.031718694615931
-1.260662513735670
-2.922547834859961
-0.569408138120172
0.420619532832074
0.461898040750606
0.587766431059780
1.838684922774260
0.127944651755448
-0.392956925261752
0.760735214752532
-0.221927967661131
2.766414040419757
1.089008894593493
-1.072593635103215
-0.843539386766820
-0.804145729694292
-0.674528388923908
-2.217697735994242
-3.522872274394348
-2.443920491241443
-1.973462318836772
-2.803752273823037
-3.273317141493973
-5.139832362407320
-1.165896890732383
0.822452849666410
-0.083118313259696
-1.160835241367117
-1.661041810502556
-0.383575207412150
0.418190698359539
1.660144641582266
3.745603112069417
1.328641763191758
2.088200703608373
1.406171488527999
2.939855707304195
3.762970844431907
1.018445657756629
2.425152538010493
-0.749957828149764
0.333924645316250
0.974845439347449
0.872310591435209
0.084378187976899
0.366026311646651
0.497007496794697
0.944403291240178
0.267501332242878
1.080882849904588
1.172157680870767
2.659892492601572
2.827060599742014
0.930415484582065
2.699586978002337
3.321668277854565
0.944231352171127
0.636241693288455
2.586788464261597
1.636450534848674
1.675593383284971
1.940595769693749
2.216369579204962
0.698835912702528
-0.772921370946279
0.322045725923626
-0.301729915484000
-0.832871152554690
0.584505438388748
2.990718813553917
2.700444769155321
1.178607096192443
-1.319491212146072
-2.830977616332108
-2.252089844845623
0.362030118157334
-0.200405269518227
1.794730026209481
1.900224972102315
0.809803053195302
-0.038875897269762
0.761862449605186
0.076081218952462
-0.958147973593978
0.619187104431009
1.924361305082358
1.647029873495300
1.897896148532677
1.219865188530111
0.399626020343446
1.826292111449999
3.058286545445203
2.186307890440590
1.871360742541057
0.267202575510020
1.457550755782388
0.497039370950975
-0.767501553614144
-0.072545196482081
-0.906594712839134
0.040347364484579
-0.913333126500199
-1.291754305142303
-1.105345963722378
1.134411553126723
0.109697863880597
-0.099409063228097
-0.854430966741698
-2.365795463702587
0.787391867924993
0.607277592240926
0.656943015826523
1.012003142501807
-0.434698135707260
-0.610195748107950
-2.226992818351967
-3.351807855564886
-2.625591742176977
-1.432316344668849
-3.860689099926444
-3.273767396232260
-4.280960869791418
-4.278088785774863
-2.629907934396617
-1.448440352130005
0.644221501772025
1.454204037348820
-1.295825679707835
-0.557374283134445
-0.039744545629463
-1.353338147780197
1.546649016173932
2.059673480962017
2.048735979179289
3.329962921796892
2.564820430906227
1.888149711008126
4.855906708391145
4.358035326703873
3.775365133080570
1.570642176540486
1.917381773397559
0.900314011472604
1.878396519964252
0.232099502781379
1.737179011214089
2.895414357006769
1.088154141272633
1.056841946421496
0.549647949132864
3.281381981353582
3.732256930323202
4.913930163794565
3.779796344742365
1.780095329087134
3.807012178060333
2.959756227083639
2.347332599486750
2.592131994599111
1.658043444592113
3.834209508721199
5.055613051168445
3.567275381073898
0.974449704054364
-0.201751605434914
-1.775901175271231
-2.195484426262596
-2.090432451738697
-1.156025766236975
0.846392757116254
1.349674343431317
0.226040315692772
0.684640867838489
-2.714473778525024
-1.385880084428034
-1.206492555015958
-0.913881513483657
0.129519376727343
2.323657748259712
1.738655384080457
0.104407446707163
0.401593187382621
-1.540763803788460
-3.299920454868593
-0.295410576002943
2.294882194822030
0.347991595124221
0.937130301542433
2.593085057847028
2.078523738606683
2.236608467216735
4.732575944941162
4.865407109199678
2.706806982764124
0.074698008234642
1.650201549084841
1.213309120594945
0.461837678770093
-0.947441496243914
0.949334756534780
-0.187777426208486
1.087647226949914
3.211686686841085
1.636234984291908
1.872706520893345
-1.121170551814001
-0.477627205198848
0.780588081932586
2.582243140275129
0.737323750786604
0.295175316338575
-0.682437871050446
-0.596882683727497
0.736703676907411
0.418420753556672
-1.076794746796011
-3.273430114515127
-1.612456090802858
-2.404577796097316
-3.920774563600826
-1.662966598740531
-3.703795164409507
-4.399452911362308
-3.548157806388521
-2.523905519465105
-0.934943183086643
-1.444913152301005
0.095995755605604
0.848960699901163
1.078107929815192
1.266252309044329
1.780669552734379
1.500695052615809
2.019621459422090
3.379121140117173
3.524985919166236
3.460368964029045
2.500283544056574
2.053922567051606
2.688660322997694
3.759672787777150
2.053065682719336
1.296334734221718
-0.894336134659168
-0.270265956174819
1.104793144711071
2.366960198189236
3.144489799381943
1.949914703041407
1.906807660998425
2.567108271501074
4.358462981433009
4.601658580207373
5.437849627497993
3.815024396739956
4.650963373038645
2.172151724411970
2.241340808424419
4.204894459621936
1.594237978590913
3.105537778523144
3.328958591397213
2.042103979657230
2.387229558444500
-0.602778249127693
-1.544885480575891
1.348909515013016
-1.799266823691771
-2.161844960495043
1.045927415245366
0.465967869124754
-0.173572425777993
-0.027025913691831
-0.050413714562235
0.365079436960722
0.563548003478361
-0.499379894378848
3.080084099414052
1.743957626417722
1.738827280664806
1.087929930244304
1.608315345831202
0.494315988443523
-1.274225838173330
-2.033951914008576
-0.385751378658010
-0.040230669379561
1.774157139083705
1.840671293502452
2.932089634948429
2.540714062877810
2.506148896752078
3.192180347592082
2.989090159296569
2.323527740019757
1.144643967501163
2.881033515508922
2.249084070562767
-0.067073308270689
0.859198303949753
-0.674342499610490
0.828398836685333
1.411386583180135
1.446767542466785
2.233474960544638
0.401392410340794
-0.320544309175836
0.113515855340652
3.137891890385361
2.355598019986167
2.140492108142717
0.304203730270648
-0.254855638295913
-0.012194491152936
0.380771315368813
0.409783896897390
0.385332550968196
0.273150774051019
-0.492579062181708
0.604458199401093
-0.233358792847688
-3.184079470304623
-3.656963166078201
-2.664502828676660
-3.666224387749358
-1.285503560644391
-0.494213170415544
-0.365820264718697
-0.803620713117711
0.188528014255070
1.133723980562647
2.276065185540379
0.614126400098791
0.250314219099573
1.581880505956337
1.960646517267247
2.382239746301698
1.597270651301301
0.708980532514348
2.238326242082027
1.330889559801288
0.852467044017299
1.061258719414695
-0.884999322086773
0.218909386659196
1.452503886140468
0.784747898495424
1.120239120203320
1.708894503827172
2.997147123935668
3.652432402010496
5.082194684320517
5.857405592112827
5.019169643225853
3.726756542576236
2.790357167014390
2.126487364817819
3.534538610468361
5.538113700919458
2.099461225041591
2.790821436925746
3.700534360084371
2.525542032701551
2.451854290841949
2.119660068972941
3.018065747881478
0.508520877464988
0.665052750476566
-0.873019639180623
-0.085640050895816
0.456631203129061
1.248902312842869
-0.153716112919739
2.406507131935472
4.018648604323142
1.735429818128384
-0.625781131292899
0.607105624964369
1.604693791543422
0.322899221832064
0.733535505129364
2.087755996478560
1.364663230351172
-0.141968178585379
-1.282267654222873
0.226428307910947
0.402917263381834
1.210692232850573
1.382126758610581
1.918960534529073
-0.359059297343705
3.032251301097719
3.208508270604125
2.553545722923899
1.416701082502937
2.405857886033098
2.211845320090736
2.368774702757037
-0.097775904920457
0.892179852197889
0.821328428127479
-0.108490545376183
-1.571759703854174
-1.089047022699594
0.398003464097404
2.653975398483128
0.919645494611487
-0.123917560179067
1.422022948629454
2.238549368176407
1.520127009504759
-0.822807162213644
0.088886808745819
0.364496713539803
2.610350534362277
1.906791737980117
2.046939478042937
0.624752112453174
-1.190770883980017
0.348826373432983
-1.404847394153632
-2.695496273928955
-3.052025172543833
-2.916211081686951
-2.752225560058497
-1.695895398753634
-0.765686237977710
0.483558330880634
-0.779446628807903
0.320763389323586
2.301952880690464
4.586273423229391
2.480261446995815
-1.114098940147236
0.814278919805008
2.380885847848685
0.802001089640580
1.294286622315337
1.823268895211301
2.787042904741719
2.720639339352580
-1.000457405439849
-2.135055895419164
1.317194377907505
0.973570822743042
2.109919632501009
2.726088530342399
2.122065443954565
3.506856493698189
4.198796624625353
3.853473452680865
4.581313035779882
5.604837067001612
5.118077385286288
3.831028351202628
3.535532312047599
2.822182667867877
5.243689698188417
7.061787532464050
2.687543598671843
1.678726825016132
2.210162528281312
2.420388327377800
2.645049599698142
3.600305208055451
2.333932750706456
0.802792366080565
-0.211004184822098
-0.165460053333077
1.382678490077560
0.422236373368451
0.954216107202633
0.671729334706847
1.214390451594612
0.789359271750597
0.203007521253429
0.649044891987303
0.561646119774416
0.656259091212680
0.137462347823981
-0.560870477129257
0.226637518905228
0.512366069547530
-0.533961842540045
0.476055609145456
1.122063464054688
1.971847978021050
2.066908417918788
1.055188658464549
0.839109649119718
-2.105909142732624
0.601940405137595
1.225436208880110
0.755391438030644
-0.605011017973252
-0.085854653903312
0.996626034810386
0.735393440815593
-0.438175098855278
0.075807888900480
-0.566527095374580
0.351161415422395
0.543826986851175
-0.301708536773247
1.026662078199696
0.801249409112563
0.263121449928658
-1.047915052940368
-0.546612602774681
1.006067443654956
1.019796069825800
1.840284039337324
2.358065653925348
0.480386769482014
1.093272593407405
2.911372804513544
1.082155229271349
1.370740286303148
-1.001285006948095
-1.643616621402673
-1.850139231195712
-1.930048433593218
-1.607827105469775
-3.644154337894722
0.142814584194728
-2.519783410398788
-1.133562729374274
0.402278586376300
-0.422786496901786
0.109653873975370
0.496247974664366
0.582237935695278
0.390774559661748
0.437609331821849
-0.221337490568921
0.082552715687923
0.353636003279238
2.795178748472254
2.774399787424017
2.175934473229370
3.661312549166361
0.436420270677242
-0.530325536346063
1.136446464339472
1.339058896712960
1.909013173871930
2.992464259712198
2.721250729287365
1.330460205937949
2.428948384283375
3.807696444979466
4.244798913500143
3.414653006795726
4.612161354702638
4.497212577097568
4.262325258386714
4.465476137187781
4.068292605854308
4.115500645969822
2.662173465478359
1.592983409050338
2.452096154661593
1.329619017893450
0.963406844344282
0.981245784228672
1.998316576127500
2.218077650387251
1.969318904186540
1.803473699253710
0.423590857570825
-0.430089158078672
0.274021357927870
-0.029931955381311
1.123689328136315
0.009754860990154
0.306414642549138
0.570572450276567
-1.090592020423402
-0.266430992341478
-2.147324553353002
-0.545969377062876
-0.956331699371126
0.309370894247574
0.918893675538335
2.888213294659860
3.511255645746024
3.538469424040923
1.268357683720152
0.943920705721437
1.295184327718373
0.875164743606108
0.800402948749413
1.929493934884735
-0.582179463892723
-0.801927602669695
0.747630209203845
0.867891342835936
0.548989579585179
-0.202745693757257
0.510982194445182
1.177134040494064
0.453700759752880
0.956860432187750
-0.258728393740978
1.183522921183906
1.704369756412429
0.234189007271675
0.676687098235249
0.363123640070188
2.129333233003899
3.061225515246394
2.782404059742503
2.497790299079259
3.197218998439459
3.521909277338747
1.352757336227903
-0.786941394588841
1.062171233221959
0.696297183065219
0.302176419309910
0.092129291018572
-2.515887523743658
-2.174228509333636
-0.641161488550120
-0.376257301782930
1.031766584808766
0.711979463913231
-1.495673805198263
0.443297264792116
1.198993351610418
2.213608038087929
-0.099189890509782
-0.538462510517648
-0.452933385756374
1.070033549414050
0.593486302829599
0.791559998444455
2.028841535987556
2.788660996430214
1.002214594217882
1.803984069676084
-2.168249805328893
0.240078546518177
1.495139706449760
1.053346253465125
1.323091188694801
0.987933977931578
3.881723083265070
5.216162828290400
3.869319304062143
2.776564919681763
3.733741413103115
4.060039487933247
5.253118390168437
4.262817239136570
3.681901792895215
2.656997419846816
2.057400371932114
1.264581843743042
0.709605427837650
1.908126908349128
3.456006594868674
0.931427283904425
3.251252147397714
3.029028374274969
2.512469815447693
1.746264351266329
2.601371409903472
1.197190275784183
-1.531944689990650
-2.131008059436743
-0.022057986059310
-0.188627763473155
0.168305816768722
-0.283965099014551
-0.556087014333691
-1.613531871890576
-2.995325886369329
-3.372512574212631
-3.832378028048600
-0.544351829526165
0.852433781186604
0.433645007663053
1.331606436962579
2.115977525651327
1.814867617103972
2.832765495235494
1.814672321059421
1.832333421329007
1.490957030835572
1.252214580984268
-1.150504296759854
-0.062395124958224
1.189963434839186
0.495561003086708
0.099495445806794
0.700242309477377
1.853066471813424
-0.795747427212118
0.287980608877128
0.851986466924234
-0.123617286412955
0.073746608704964
3.019409202552832
2.799446526640675
2.081887422899902
2.625560771447548
1.890229585394682
3.239100226454406
2.220247369060519
0.446533085351648
-0.202381385093323
1.915650734573824
4.419597740646899
2.852871502700338
0.683700872771955
0.133595135562556
0.902180155034581
0.913733720060959
0.464288893552308
-0.293336476315527
-0.172351357805455
-1.055460909276388
-0.465345694196733
1.476373417109961
3.562408896765482
0.374147866542055
-1.523338569779020
-0.567964336369880
1.616095496723637
1.062215962597038
0.685657172390724
-0.078527875369799
0.501097312909998
-0.591870558572104
0.705695252485436
2.036603143281070
2.093047670734541
2.705250450585275
2.344367906301271
1.276456366185469
-1.735934928572050
-2.082956302210690
-0.589606263353407
1.920385673046908
1.927190504271983
0.748223183562853
2.943404198837114
4.110505525989296
4.692030681147172
4.889294310197642
5.808392621812502
4.932984300617663
4.015877776951736
4.766147985929480
3.473732679582460
2.105675946169870
2.040367336931779
2.669078112510934
0.653964696614438
1.996063221976002
2.060634250792495
2.345237049863480
3.724404187418955
4.481030979676437
2.352944366318036
2.309284110131447
3.119843562182033
3.116678605699994
1.485869481139264
-1.093372642830886
-0.653203271249220
1.094052859161548
1.122494262654488
-0.542169827064122
-0.499531731487635
-0.688208046234336
-2.656582615472195
-1.892738548297376
-1.595154246459716
-1.295607618928251
1.275433324428664
1.234487626644495
1.259679090549891
2.729684726853851
3.525681916326439
2.360663998120273
3.756963021644613
3.171115885820126
0.567283835519469
-0.502405771921999
-1.047674502314390
-0.036697728310799
2.198332270812262
1.153512486387830
0.553395909839486
2.309206167500491
0.508178679815437
-0.258886220844392
-0.595374195302651
1.190561903885331
-1.782098366328686
-0.855939848927058
0.936086455930922
2.184392123857054
1.756760819359682
2.095236904039493
1.735105937536515
1.475303311381894
2.255793897178754
1.703668567368942
0.552325784706886
0.333059583433350
2.213866879221094
2.401703293503052
1.932807515269317
0.867954755996684
-1.847372760889131
-0.792938206142607
-1.402015174666617
-0.340695225167678
-0.034311526112890
-0.599378839495407
0.343943126078454
0.717114366349695
0.836878238524581
-0.972258107871961
-1.393411213069048
1.162596162857375
1.510788455536600
1.315945166835104
-0.287190939025127
-1.410168957638804
-0.180671518092228
-0.665763373885208
-0.200332235030041
1.365936559440787
1.687826105045763
3.788762876914286
4.518958631534840
3.154098091174155
0.709002511916578
0.518576199607614
1.286937461768912
1.977135711690612
3.059456761971219
1.006172407816850
0.849456871792940
3.458083400549082
4.298745070301396
6.174595360848162
4.751111698302750
4.542227390857908
3.108234337645548
4.526404206632723
1.592328004552608
2.981070769158683
1.978602447877203
2.903450595514147
1.879117901308375
2.044741918039101
1.812378715943973
3.732639505573979
4.361379017931704
3.731889100590532
3.420180130289191
2.100327357509673
1.794529623332007
2.417703070469043
1.574395943012926
2.583405674700685
2.463564457091200
2.574781935018066
-0.181891588179160
-0.891156103132908
-0.429998208780447
-2.208028174945840
-2.935647156699717
-1.890777768100241
-1.265830461725678
-1.303220162095685
-0.379679045458491
0.895691032423905
1.229663737549087
2.130221799849648
2.559962045694196
2.959728114022000
2.999824036805349
2.953746823366732
1.594389211020448
1.300894024886728
2.880294833693192
0.882181810661303
2.551392033338438
-0.375079279667245
-0.269993968807394
-0.541204391745126
-1.521996321196420
0.463710993697589
0.379820000101575
-0.121379811724087
-1.030338318305971
-1.473340610959417
-0.672421550823392
-0.656217633423305
0.139240259421167
1.555754340894346
2.392630765142385
1.085113645135148
0.350538454404397
0.264161891866434
1.127663641157415
0.820279195082468
2.965125085143419
1.641980310501449
1.322459604854013
0.977846554548320
-0.784594583745334
-2.044486565577970
-0.412473897331483
0.276087090211456
1.123300141666000
0.187493418445115
0.964951007897793
-1.450940654567369
-1.208383686239727
0.458575313635772
0.064362778765115
0.457547750242106
-0.605389887236656
0.224023813444299
2.511357247790444
-0.848879729966636
-0.392454157217686
-0.648482097751922
-0.471001013256845
1.225254970787186
1.394384795127714
4.235618704008645
4.336438390174769
1.619027199731311
-0.214894455610850
2.786803019811375
0.849175264009072
1.424912455624186
2.125858166344496
1.881262247286990
2.229387045814231
3.332801278133306
4.255430584339869
6.853755941901451
2.690660740026114
1.005481700128517
1.746034896538393
1.665265789279081
2.152424008780255
1.710000023830480
2.515535543469262
2.198843486232417
0.768134308255607
2.090407564682268
4.637248188441799
3.189839066945851
3.191843868070159
3.933035395432829
1.055692446687287
0.836628532134577
0.089637555204940
2.596732254077402
2.149783464549991
4.167120237629804
3.037897789600879
2.827020588161858
0.643542897110728
-0.710990934087224
-0.855544580837065
-0.193699260062098
-1.099227779434938
-2.571130262292478
-2.173772344153142
-0.365255151172702
-1.452322634769248
-0.977375281816215
-0.432106473589102
1.513526592766224
2.736484028078662
2.269151749428388
2.943496190055257
3.122647441082853
1.893298173733430
1.645565428232621
0.288291357282625
2.176205204486162
1.980604862719354
0.498952492320504
-0.648024240305544
-0.367729141957913
-0.173993747077931
-0.476446043760348
0.541600932370091
0.152212711911353
0.345955317351943
-1.415994674800766
0.315470192242446
0.770538284597275
-0.112487170179851
-0.174635722675753
2.105688732877667
-0.515871972646348
0.771581146277577
0.121050306163624
-0.100804951392369
1.877155906850566
1.148484450270046
2.322757748253941
1.616915655229211
1.153067965589441
1.091121006162236
0.173714668349961
-0.035149141781518
1.027513936729221
-0.317006559599485
-1.722403997250108
-1.489604086551931
-1.073839185025438
-0.079559540951626
-0.064543184638093
-0.970219051331436
-1.702447138496780
0.451738430061986
-0.006300034924744
3.161648582113611
2.747560369932075
0.234199865595103
-0.673957999437506
0.638120826060635
1.353877302168545
2.310078854746439
5.209889174250717
2.913708737076324
1.189959136492418
0.913891263917497
2.392990158939970
1.172183104837007
1.781824078375662
1.471069740468366
1.194320753449860
2.961680746576404
4.991112131914600
4.359985911041868
2.459825302353058
1.960534859930763
0.011229736008610
1.174793994967680
0.987368293403723
4.104299970082726
0.960140933930020
1.417060817332937
2.465531217307380
1.761306430523037
1.151857921988465
3.139572832941829
5.713601290746096
2.608732231445757
2.255212684698685
0.466791505066146
-0.141716327988312
1.541442422843150
2.469324977137823
3.509155057050204
5.119376236253500
3.455666433681109
2.404627149228785
0.610288891573646
1.427201900119686
-0.899534552314804
-0.006197149851470
0.301771526677630
-0.637012336265450
1.447682559505950
-1.074856611794921
-1.198330038296100
0.002687486509119
0.378491616062537
2.806155355342983
3.472139716852543
5.073445430522306
4.075592763648680
5.293698381343940
4.449052618295916
2.561733131610531
-0.230149564644182
1.014947016751359
1.909352638529939
0.816368176359791
-0.947589331207127
0.405727663945267
0.127029889296787
0.645678406909235
0.179747344045720
2.039868440203229
-0.445563289037070
-0.907616413151305
1.215739980085281
1.481094863494072
1.002271236702629
1.778073418286910
2.003108255244179
0.335587350782184
1.900605431189379
-0.978600913295242
1.544043898737039
0.840138583433631
0.169830178771651
-0.939842066361295
-1.903594052812757
-0.216906656019587
1.163360633900309
1.531210470772681
-0.193198406103331
-1.686298803658872
-2.164001210882720
-1.837295663167973
-2.080877141961051
-0.534267409946141
-0.375026892461921
-1.851689201877168
-2.624049216980078
0.264700953242809
0.390341370540556
0.785572806099323
2.234988067338988
3.081787627009934
0.314007769455607
-0.049593670975743
1.628290140367002
2.086604867207367
1.672182544441374
3.203276551186379
1.811739859270800
2.274670883339258
2.108823975871435
1.523808104407313
-1.070401040949627
-0.313871853368875
0.327071201603031
2.415664334774964
2.417127385555721
6.294160731340329
4.063988002443937
4.560130265711078
4.100535028785056
2.871849114018569
3.595738579273783
1.545315218056552
2.425088879463762
1.372874461375090
1.357437976710942
0.612160773266864
3.849931026523418
1.593245619491917
0.224564648779453
2.502014882859740
3.151059669085166
-0.000520417206756
1.299402962177596
0.356304988355578
2.155521361251624
3.812678666824425
2.693688495328509
2.094480063665901
2.860949560830200
3.810679066798931
3.193085572807364
3.968387923870687
0.806102179319674
1.247983086679302
0.974858269132459
0.414324383907090
1.555479158662163
1.768537071381121
0.787635750811194
1.879261663196975
1.888427113111853
1.655016236276955
3.468238851875535
6.058033141776582
7.704548563473870
6.684418951163458
2.582309973493401
1.711853517519610
0.862815264506545
-0.092924398661361
1.044400553248304
0.947118775037446
0.316509682034138
0.859000351093539
0.040581424648170
0.071504001924432
0.679891235083964
2.079902419817111
0.447686512783337
1.031863107354372
1.906590744248355
1.087281571489663
1.961020832665767
0.437576956287050
0.777830655127254
1.878603781428599
2.037611504321495
-0.693853868699447
1.452391075178771
0.368572824206078
0.060216280512291
-0.155617271078042
-1.079190885490503
1.621124057060513
1.144245659387601
1.348947175975165
-0.002831876899557
-2.770250853662379
1.106476065510380
0.961425780237050
-0.707518024078885
-0.675923175679840
-0.949028390865986
-1.618013112752570
-2.185095718111962
-0.027521362110479
0.465820037435462
0.226359160964691
-0.364569515488917
0.356466037264305
1.168318926380655
2.231864644928867
3.135285022788819
1.617520289916949
0.496444567478340
0.337597528604510
1.795538166579879
1.531781685429876
1.315129344903060
0.065998060905183
0.315853757926375
0.647631347294145
-0.390132722476253
3.177222252600476
1.403852930656850
1.089319194658400
1.731909869464983
2.406614201309328
4.241349072457140
2.449658424610889
2.900619187594654
1.952630069263263
1.543988891657353
3.755037559513774
1.447480630695385
0.252906893067616
1.822150812873346
1.654058018571620
-0.644337393861439
-0.971879493329519
3.668218768068744
1.056648995343586
1.428197921222865
0.156658151045850
3.950087101538633
1.962399060953290
2.053471398547844
1.723967082140956
3.136126379510737
4.144872982920180
2.249446086286779
1.915833748135230
1.362843328239576
1.013241610830111
1.596538039002958
2.546423990343357
4.023497959116606
3.125649643973973
3.198378595529386
3.994152787877451
3.401208827412461
2.945936455569240
4.620838929556061
5.889888415971656
6.330001790624934
4.285004539472563
0.407678335127956
2.361811231889616
1.942365330793516
0.972053226802353
0.863064055303152
-1.995807005565060
-1.394960611542530
-0.693677320093555
-2.091054340300999
-0.086644059214904
-0.089343403695959
2.794158220796501
0.926826862456461
-0.773098646772057
1.819781823695839
0.757628246383506
-0.067786093796761
-0.782734925060894
-1.949478283425174
0.379267506008021
-1.127161226581751
1.311895781987320
0.918369620885076
1.392845543533534
0.314281996645207
1.159946440497591
2.124917095896956
0.698419020131073
0.980395508789578
1.946097218487888
0.767634062946198
-1.473414355817827
-0.291966680570096
0.082906757073373
-1.336920713667994
-1.753676901071507
-1.415036255989540
-0.939685621826578
-0.787249732617462
-1.693459147956390
-0.224165719107304
-0.266413771799143
2.774653745009053
1.613623070063647
0.985409772332088
1.971044969740389
1.796449755286043
0.897931159567897
-0.807358318796674
0.302217378365321
0.891518204518893
0.551518511776143
-1.056545387965367
-1.202768103325735
-3.099735416294690
-2.201946881753079
-0.214641193627578
2.223443291963075
1.190383059959874
-1.262547388545836
-0.705349926038507
2.205747424157940
2.556727666492309
2.831977024133929
3.453275993878499
3.454911404152571
2.791581249533248
3.278205259484639
1.073578007312514
0.822725616553193
2.258308760455263
1.559562926816957
0.589587072811907
1.135335437065024
1.129857555900995
1.573167226779293
2.973882655626635
1.185977128077498
2.443580089861735
3.314811624468387
1.232330577672384
2.355761634927554
4.443095871115164
2.958826955472154
2.499147840422519
1.174000334938966
1.898056961287367
5.206709478708691
2.595836002116108
3.432725584139953
4.029368168301596
2.183062403253632
2.047986891192779
1.979551582563348
3.730748798914630
2.922493116729174
4.667755730680440
6.229727085326767
5.610166047003641
4.363866347524668
1.015033349577166
1.301744670998822
1.625042242322021
0.994002244631341
-0.313134811291109
-0.877457360230605
-0.882725901402921
0.481757073271691
-0.192825996309821
0.021816541671819
-0.398914620737239
1.921809955505037
-0.946679703060742
-1.382906267975447
-0.091819708190443
-0.393312958055176
-2.656405464527229
0.124380141443490
-0.334686761141759
0.485360713599574
-0.366337376763924
-0.184937372634632
0.120884559909315
2.408392470879338
1.592076193288945
1.967727371786992
3.531943418149522
4.786849791400882
2.603815701744992
2.193765235387820
-0.509276909598939
-1.936636825966227
-1.047460700796716
0.002571584987501
-2.681371333491664
0.461910345357787
1.223052657908047
1.873347628208713
0.479286321964828
-0.547852884987122
-1.015311798049228
0.347214684117135
3.367710680904617
0.252520809423407
0.263646861769500
-0.350073934929897
-0.364847025598604
-1.437116116692041
-1.110683452551703
-1.557134703225661
0.951268928123792
-0.063724309316354
0.378153581782101
-0.819002455676484
-3.179400735288945
-1.827012221617254
-0.063652861655612
0.908235538249333
1.235956136533455
-1.436669918682754
-0.582882240569499
0.818586693790387
1.798400283634638
-0.207065383547026
3.317848272111194
3.195086991585674
1.821235378395140
1.503209682751308
0.240592045853341
1.425984481921350
2.758827914148025
1.421822897624292
-0.355191903417438
1.170004517298349
1.253219346996201
2.249599118661435
1.753828146256899
3.238904202784688
1.726880199868527
3.020942347734775
1.136307278765092
1.089300075454670
1.924003474551207
1.179559228178013
2.195495439902148
1.854822949558464
4.745003697858002
3.392732517198984
4.223516297011822
6.562500869522787
4.538713445956354
3.676461977538126
2.587570198727146
3.836322802220048
3.649064101463146
3.478130534070689
3.361956971682600
5.814094924362143
5.782038592170704
3.680955335041268
1.461776816509095
2.808815210915918
3.345669031161185
0.708621834501478
-1.517854369847562
-0.242807241384829
0.614583926099306
0.981156575029400
1.646191772363632
0.808111698478719
-0.648237722097060
-0.470628947225245
0.084516320350827
-0.989491170653465
-0.357361427903964
1.072996798505307
-0.182589186187150
0.394421609372314
-0.414039098890549
1.289087974274463
1.485089698541176
3.032435310588848
1.325222212971961
0.870897756588065
2.194877831514377
2.283988612840800
3.461599156901367
2.900274894481631
2.896876672940987
0.032444821687202
-0.636011025890904
-0.971497875612208
-1.726018721983739
-0.593827226189632
-0.703818505689650
1.013139245295115
-0.471951323049084
2.902482966784117
1.696398650932536
-1.788635956251202
-2.319661324893076
-1.028141360241359
-0.984508707379552
-0.255382335585598
0.292614684110178
1.719812312646688
-0.649435949981379
-2.395504013270548
-2.228286943151297
-0.213605309837985
-1.253252931551363
0.088066750296112
-1.112670529631254
-0.015092774377269
-0.969132795466180
-0.237905548651807
0.668499571197281
-0.306610460341016
1.537076433870252
0.597076531665905
1.043121678799250
0.195437947117974
0.581018697917163
1.137928517373729
1.943292190952967
2.288524269221680
3.482154168322389
1.772565075611055
2.617673522223589
2.484125502415808
4.056056527984813
1.503504393594707
2.327694697266817
3.535258281758326
3.500446204281952
2.429741084601142
2.747606871545402
2.024435988662183
2.369256828265460
1.803068836992304
2.592715967983051
0.879303963628815
2.681267666108856
2.619870000867175
1.210539246473623
5.080641115090648
3.175941638507975
1.501972142563846
5.142678372833491
6.447707710584554
4.886927889394860
4.180958319357750
2.826668689445054
4.159928034072134
4.758577836622476
5.336856939995910
6.058557234355373
4.568650703614056
5.213284209180314
2.560989620709252
2.394636511822461
1.102596200338064
3.321333236810449
1.751210234837899
0.480011491803133
1.117625093122907
1.548977766498084
1.535177717189120
2.620564514989943
2.095346331308420
0.319234657604735
-1.476628892648001
0.618151516100790
-2.423453312627280
-1.643379375720586
1.956679514045895
0.433074868068290
0.300615007645018
-0.861537311505511
1.385495191464949
2.868296768638895
3.027340418105922
1.480794394452287
-0.363989537852140
1.398424926475359
3.133567331730085
4.825606872659952
1.455517959553712
0.614466370887968
0.779517694196497
-0.646522625768335
0.702030053696553
0.002233465769467
-0.510804517257493
-0.561172844413852
0.298491603117991
-1.095611505608351
1.223750610641265
0.759097720969231
-2.865030340142862
-3.297881748560342
-1.353776006293767
-2.413946112079289
-1.088153935463802
0.191690342345206
0.340922323702166
-0.231728807996779
-2.107907545194401
-2.904655721565844
-0.629651842434247
-1.767057343524090
-2.406535535735785
-2.530720850135749
-0.034165293428854
1.310396878125544
-0.293307690121643
-1.117222011663590
-0.857067788598703
-1.417508808273611
-0.227335919424060
2.057919001075884
-0.184124836412286
1.147906051707259
0.558799819750453
-0.041505875613513
0.487316422283584
1.820243655862638
1.595809967990900
3.778964090792039
3.421779771934870
2.936688607036678
1.897035717790140
1.901527850656986
4.241522236445265
3.259561998495348
3.001052451156133
3.519087261340641
2.087131042426081
3.827908219542319
3.046971154428635
1.590862237315273
1.628527579974011
3.059695765116700
1.461951320497352
1.973286944584151
4.857023614848917
2.906367815937529
4.312160793558881
5.029697443799911
5.712180186702892
4.647730726537608
3.610928671151573
3.973209981948943
3.533470126815711
5.678237103934107
5.121660049676035
5.770179545792587
6.062823120501225
4.056565087685671
4.470480841150271
2.295782998957465
2.495941201622547
2.094634244262766
1.409411409443836
0.339095070151377
2.231028574263417
0.981566428257541
2.907605198808498
3.153819527564793
1.310235647010409
1.552612417873929
0.030414586348859
0.470450075235169
-1.565610370948711
-1.153374920629238
-0.866818548792732
-0.793712840015073
-0.602670760823908
1.130164891483188
2.897397967763576
3.448719123161249
1.492065113615764
1.126114161497359
0.934672237930603
3.581213113722559
3.026569566462095
3.397065610132147
1.332557316295026
1.334944582103387
-0.163422298228892
-1.192160156464140
1.366643331941885
-0.532785461120051
-0.625259186778958
0.064010561586915
1.339511466788804
1.247104432348761
-0.272404907266298
0.411251383649930
-1.094523810164462
-1.968799733469710
1.166176552055733
-1.659201604284027
-2.405310027832976
-1.572497313693191
0.295253446711808
0.482371320266665
0.690703987676111
0.499816144861668
0.002705938426156
-0.760644106943385
-3.383013074230350
-4.367696072374525
-1.817685520194316
1.084597791289940
2.095443309886551
1.275034058533219
-1.863544913636618
-1.300593035920134
1.303129328808402
1.801020535965703
0.869366625761735
-1.249087485230464
-0.459308737362025
-1.186826298901469
0.178139476415599
1.130756402843364
2.735438697960530
3.016391981811763
0.507951555967080
1.631234785996057
1.801687527117642
0.033417770835482
1.680482947446435
0.611178512331778
1.319325729859552
2.144670606848263
2.765206766929356
3.605792681585822
2.951535117184872
1.842106842139595
1.699757209915702
1.445126206877002
3.646484084361402
2.878635247091673
3.514939557625855
5.356891421111783
4.633592501409897
4.954890991596977
6.012922958468657
4.762057876118490
3.937838146886650
4.649806980798466
4.377212052979549
4.053410214647798
5.272842649143517
5.136866895174759
5.566341113088174
4.431957223359134
3.021929733724504
1.223267402044710
2.769758441116529
2.338564560676443
0.280380211489125
1.714717877287878
2.548928626299858
2.601400655758713
3.754816331360432
2.038763930531872
2.116170906719836
0.638699362235163
-0.651637472780877
-1.431884566070030
0.493220077307222
-0.392577282486620
-2.081492393020477
-0.158886413486312
2.365139575257354
3.183130584652462
2.138056550386223
1.215496899990720
1.789161717456394
1.108992660584951
1.688245744732278
2.257079405522620
1.245229346613810
2.418991994322919
2.820614374397106
1.136169962965426
0.351146524474528
1.559997356588189
1.240726012629831
2.327436563503153
-0.941058094971577
-1.168136814299246
-0.438867308894347
0.085326633235355
-0.952640799295794
-1.586508886206121
-1.505091095774246
-1.930049802706709
0.539954076438947
0.580854711292345
-1.331081225776245
-0.655147932540239
-1.962058641481337
-1.884567023322240
2.480615681080712
0.326827695639244
-0.980046810719644
-1.696824680263420
-1.415796943796583
-2.400314108526443
-0.177762503137650
2.326699194636395
2.782966933390000
1.650941142421315
0.357241402961005
1.107522202866089
0.877564503309079
0.799636738553118
0.848870879730639
-1.228242901672284
-2.044689373946028
-0.595943564119398
1.462417777257740
0.170375808331616
1.489169130621555
0.415394278414638
-0.602782695761834
0.796942148804071
1.460265181938524
3.608051335576167
3.450829232114053
-0.137864487923950
-0.005911871243244
1.122362484564134
4.429702915831138
4.196360330501769
2.899492352255056
2.320577833243642
4.014616054628740
3.217500235219340
4.230304366843318
3.960715671111337
2.957424776077777
4.348763383641671
3.004742602953961
3.393843125367085
5.749941332973226
5.500122710645256
3.253782176433990
2.876732160785980
3.948793027814579
4.366680170454863
5.788428654602795
4.404613207648122
2.675943447358949
2.675975548782366
1.716151338849356
1.991685880203402
0.787320442588190
2.122793921545365
0.699804271022757
0.231802834695492
0.594870199415323
1.542363534106512
2.206953543725218
2.908724269607447
1.895598365824373
0.409162664447181
-1.130104526814788
-1.140720118530376
-2.026039703001818
-2.273786400330777
-0.376261453687878
-0.861668975259339
0.396710439766334
1.339889845283772
1.800858638159518
-0.100485033626003
0.946711863227434
-0.378533467858363
-0.768916710323908
-0.396949494516221
1.207910398758156
3.324412928181687
3.678073266582697
1.270370758951955
1.913911552555035
2.325914240791199
0.854545744691522
1.830423525210053
-1.163994634232414
0.498298205548335
0.083823288284369
1.405295594941705
-1.240166967882153
-2.838576431739130
-1.622229808869908
-0.219712083775869
-1.723836966421646
-0.051534380794951
-0.337447001981621
-1.776174744945200
-1.363473318144530
0.988992790083826
0.999509419509351
-0.166506910644694
-1.317291789270906
-2.936095479198255
-1.041645148683871
0.668959640845004
0.335244010438079
-0.600814424924282
1.275896529278750
1.505741316559431
0.145331074775233
-1.438351856067399
-1.020052477102484
-0.114955508407753
-1.414581090767598
-1.423992311377300
-0.909245445205403
-0.770941040012850
2.069899231026357
0.937797097250564
0.228582338864035
-0.434685804770606
-0.575527626034656
-0.715896474668474
0.605643471294634
1.228286710702144
2.024593596432568
0.277089661433485
0.951977776139287
1.392571217979476
4.011869303140700
2.943797157729693
1.675455213006330
3.657858736837391
3.431120332620658
3.777847478229269
5.882005800250344
4.995637642792955
3.315047830794340
3.562407351216601
3.691246480446348
2.018276360798877
3.815952363092899
2.893121448097301
1.401019145757842
2.731706777870766
3.395541143685972
4.533037728713936
4.484563201537048
2.094018559984438
1.529854743146895
1.047660772434442
1.776641538781522
2.333467922653883
2.201738514766865
0.520928944921550
1.300456492203223
2.141521098639514
0.154239439675412
2.269820985852828
2.108403292716505
2.817878744721580
2.673111521802046
0.976230109844693
0.561349394564437
-2.414911450054228
-1.763747185455943
-1.441407823213755
-0.941140954259384
-0.299509188400299
2.898264087445375
1.474051313100825
0.324087826775213
1.260427208034657
1.719750828612814
2.272542347782463
1.456560345780233
1.562683024655714
2.741014363428810
3.951958538136352
2.640368114315767
1.755285657993279
-0.008203169273217
2.550220877626278
0.858199332270311
2.258599991477487
0.133030543695349
1.520811075746754
0.550083597463854
0.041533127796291
0.170537022033140
-1.332429059083679
-1.507696194686570
-0.680313450928516
-1.782848637873945
-0.955976766882397
-0.824545051385392
-2.449200774395067
-0.953776553351272
0.709472862369440
2.339970472675897
-0.557647482090263
-2.494281703109516
-2.004529507631770
-2.558522876957825
0.198575662263255
0.868690881061112
0.251558919385002
-0.810561955372368
-1.827584843466957
-0.462457995788438
-1.574050830303429
-2.334446138096784
-0.217814077614878
-0.939154650586366
-2.456947653276508
-1.147223366591553
0.293846523896845
1.453055688762057
2.826955965704085
1.802162479053090
0.122196309016059
-0.822113018599236
-1.568179589161083
1.808822741547142
0.535152851198046
0.463239538809411
-1.107206729122385
-1.103296354319224
2.587803997925263
2.076735341366641
2.251329610293135
2.346764627229095
3.538464254913650
2.753035596097569
5.009356398476539
5.498173665918137
3.320146717032098
3.505739883501798
1.591465168565953
2.228797244346958
1.427588119673113
2.316793915299923
2.178226612600509
0.948896819891617
1.407237677141142
0.772264749055584
1.382008188456174
1.019546584674477
1.043337688957230
0.140465193574232
1.667276897113009
2.969176192054542
3.274646328030935
0.956843028225390
1.271917568805363
2.538143644296909
3.022166179993952
0.416647559092445
0.969248704084982
1.996533602377834
1.243611942754389
2.743884497183154
2.749539106520616
0.922656809248650
-0.723419968720178
-0.460935587476795
-1.413376108599588
-0.408132600621059
0.844521059008302
2.199890181204518
2.932781484452972
0.646730759028850
1.536194371507694
1.265274783407936
0.758076660548125
0.591038111789165
1.430927575114779
1.584826739481206
1.880865753307982
2.703615985996795
1.786374450191550
2.288730979190619
0.444587499659259
3.118401353501620
3.521895758585789
2.283324472461909
2.515316185984383
0.008732315264452
0.344008443955300
0.905436620949631
-0.205007726830321
-1.423544499762609
0.167646402903497
-1.617301791024636
-0.937565261096623
1.674684965266193
0.718487022169312
-0.441230102372965
2.211619049778929
0.696630203925098
-0.719898809359273
-2.221581586367715
-2.276951765203967
-3.618525114636401
-2.275997458155380
-2.777212249009140
-0.529596035429007
-1.102839134412964
-1.364365442007089
-0.725192463585186
-1.296257358078146
-1.671621411113170
-3.135434045375985
-1.739181340158251
-1.680599988880388
-0.802841035166345
1.452798889064642
2.075265275839119
0.677905410465486
-0.691077019684946
-0.155426299082556
1.368489965812228
-0.335929975007856
1.013907696210375
1.116035705603275
0.389000418588586
-1.448377028417669
-1.218238330280092
1.600803385114991
3.551208191118680
1.896913083430668
3.141885805082058
3.759357302933436
4.735636157447016
3.198048594169917
3.575431122723443
3.984289697223035
1.945053203409873
1.955040301299008
2.487423152666791
1.396652411246707
2.501307032398262
2.597540965383208
1.771960131009960
1.353880102400351
0.915207948274607
2.236742965775228
2.343743902676681
2.743344575721921
1.428545023350679
3.031449652251408
4.965449854940110
4.686419188580211
2.079556612763825
3.247263136941016
2.464442396494528
0.984349276437747
1.715581219445439
1.996767644091602
2.052234171917915
4.989014534105047
3.601123242957657
1.146567586897011
1.276169680865180
0.229569269890516
0.169853777914824
-1.166644229683786
-0.892240404657428
2.216493181953210
2.583232479737558
3.360362429322898
1.002093753609480
0.943120578791920
1.291077439368146
2.006476841536456
2.192021884569372
2.763468986709536
2.071977233815082
2.493751508754429
2.247078578449891
2.740802843932361
2.309297445290700
0.060785856208173
2.709336089660113
3.926183487194135
1.018306460552582
0.782591051293414
-0.254426295751066
1.414641598462947
0.272463488704071
-1.864426436540904
-1.442541258692640
-0.485674584233667
-2.115787694595841
-0.741849414170628
-0.584832986583027
-0.503806639572576
0.525390863912532
1.376316075325253
0.073180905611724
-1.501991669520410
-0.624637473908166
-2.039770441578584
-2.400863861445918
-2.686859920268771
-3.389605539747582
-0.650471492995138
-0.638978455510596
-1.859937923920517
-0.670977559885518
-1.440709273602022
-0.285364337913368
-3.025746777622655
-4.284797461904409
-3.366624283343354
1.047823150688140
1.462705051276229
1.556428165365233
1.801494705317892
-0.708953560216380
-2.784286419015152
0.487536314663145
1.012720699802183
-0.798304085971688
1.607405466951963
0.936302827788573
-0.818957167253614
-0.861829914626119
0.232660584151415
0.894674696256540
1.280704799436982
2.961798451072208
2.719456242291252
3.033016042443894
2.413015164845078
3.558049427963147
3.960316414301748
1.965591737184841
2.296645455048598
2.814674033963329
2.991862680835026
2.409944868991474
1.513487654526658
1.722316889524993
1.936021366368977
2.988490700833130
3.356835892026814
3.431974623276140
4.920513183389605
4.701191107008511
3.481427480301016
4.634117574646657
5.986803111662667
2.613841663744063
1.015535436540555
3.567693612453788
3.914716613929321
4.415628484622327
2.186612153301990
2.459955974133697
3.073528844990477
3.311446220347980
1.839089674901593
2.533720702346043
2.043137567600288
1.887616752757486
0.481119507543094
-1.025605859746391
1.136931306740296
1.885464234294311
1.815973104974885
0.669818858025095
1.005790992235849
0.957532455012268
2.202886892742054
1.602260350528191
3.361660946900386
2.640032383164880
2.116489918712904
2.264994968469421
1.741608418124840
2.334577409277795
1.601037886525030
2.773893771772074
2.541250574098297
0.641411530764647
-0.512777649365578
1.215385097191833
1.047643955254597
-0.381522326070106
-0.156884441661696
-0.029926640551190
0.098859864559094
0.024448111967444
-0.581960334505075
-2.683717062843535
-2.397438023289897
-2.516102301990391
-1.588861674882268
-0.081982544739967
0.527248809830206
-1.728123563528718
-0.729928133310697
-3.107253368737306
-3.201015830376595
-0.826873030892405
0.223744279449396
0.512857313762311
0.388832745351187
-1.088439602918580
-1.694691319170426
-1.655843856900588
-1.642530605677143
-3.155146275933348
-0.950382065482278
-1.419975169975392
0.775119910246705
-0.050307410610245
-0.168574918142346
-0.480068798379277
-2.678861181877877
0.009439508380503
-0.058730024990446
0.766163079184076
-0.513859890126679
-1.848951231749037
0.577856882066266
-1.005160731883406
-1.330279855835393
0.256184506483110
2.011643039074160
2.032271553934227
0.543340422746930
0.278334800785178
1.273322737658952
2.524518427114121
3.470596687282248
3.023268036081778
3.648036916853651
1.414092343199981
0.776848102223899
3.633770148248705
2.666001639624816
1.375113735903156
2.846424211342571
3.737001697148375
2.985451661280123
5.043921070054836
5.681889920044788
3.540061378613862
1.988426488192051
3.014791658308296
1.906209915022433
3.052920752006353
1.317701012574029
3.946385821824689
2.928597978528364
4.060039592514100
3.535540301247913
0.290723932168130
1.548422329636711
2.699287840550343
3.805916380868128
1.904009329471896
1.928499882103234
0.249749011415490
1.621675764751216
-0.652495323379425
1.341655324698624
2.112262719816865
-0.377690793619070
0.576366358318104
1.056947715600648
0.294741404251513
-0.046277629860373
0.707574490662686
1.256032180106851
1.852008102082233
2.203902029572661
2.725889655165055
1.164521915227690
2.076606298200010
1.945829905240372
2.551306483322221
2.894436629098871
0.256984154932185
-0.181035049814717
-0.613041448531730
1.120259316217775
-0.254205268728744
1.701091128872797
1.579083357290444
1.409475554441155
0.784417335159895
-0.430489066712018
-2.925540646300558
-2.029622204432339
-0.525629487477378
-0.243435258638138
-0.416132644345232
-1.344333342762563
-2.878604827624284
-2.489045975282748
-3.468103966065893
-3.086924380594951
-2.018045911988831
0.670009633060353
-1.646969650942274
-1.668778693320067
-1.444106276807292
-0.353754878903209
-1.621837795385721
-4.413494277416359
-2.873894105004011
-2.849730380338449
-4.134949364853257
-1.867929960391976
-0.606864213246748
-1.307073408169406
-1.137564681028769
-0.952325327887989
1.273325193061457
0.975998075525864
0.727878349413090
-0.651792702520391
-1.326300908527849
0.025139544879945
-2.433806528215387
-0.698704563207075
0.182204634045367
2.243439868473225
3.624427470697005
1.678687444054495
0.776211774329401
0.183797581386770
1.397121110129475
2.260869521926525
2.200489412883854
1.150368412229270
-0.519576661625896
-0.935704392855480
3.197095517922120
2.439544501090950
-0.258534542289803
1.608140617315187
2.206165426065805
1.339771219725803
5.223204329308081
4.262212193052768
2.311420853118920
1.666387705310108
2.996405719701357
1.627389963254358
1.992236368230278
1.773971506448546
2.647964331526393
3.485766047288972
2.066543749384945
2.293127367692211
1.210708340202330
0.444945421876995
1.603269220369800
2.052109914875401
1.005480441642174
-0.181815578006983
0.081316583318739
1.571563318396073
1.164058873231338
-0.264967733231262
0.313949986717331
0.235868968410624
1.864638251365753
0.932505358771602
1.259542003317121
2.458556567122649
2.612293007231251
1.283963326152348
4.001600147192579
2.223654684097853
3.496469383808766
1.774858946504027
2.906265939705436
3.632631698359580
2.923542324178640
1.009576974917059
2.901985755209817
0.849152637554281
0.550619227876411
2.989142327150094
3.196824706603577
2.253655709043738
2.365576946484426
0.725997284518224
1.312513852155433
-1.772323012672399
-2.246857110150711
-1.856243511672467
0.196630356467157
-2.547937627071259
-3.007824926186409
-0.747903513822720
-1.564486342124512
-1.893165329341753
-4.141256084765011
-3.645476634025114
-0.921557561174668
-1.096581583810044
-3.684964822097899
-2.767733695443813
-0.171632571065635
-0.782012498071861
-2.524290755248391
-1.983562123832804
-2.191504821163315
-5.328198212144795
-3.016826640452763
-2.307285530674740
-1.122363483097842
-1.480073029621279
-1.408273079138147
0.454136220187445
0.324692711969861
1.057080262637569
-0.433177637909327
-2.160132888537713
-1.030313834602652
-2.880963648677549
-3.524744644867493
-0.193619046191058
-1.112332946654241
-2.385448140581870
1.282096955306428
3.555642694870364
1.866849073764616
0.348356750959364
2.019872888711709
0.606351589160767
0.317164154968023
-1.472884823715782
0.961518216153920
0.557870340301504
1.670524698068676
1.471368766085029
1.017345745497172
1.464467172206563
0.547250017288752
0.559991311967067
2.520430507850874
2.863214257884063
0.649643717193459
0.394763935862315
2.303058145851328
1.395544388468913
2.952557818806123
2.903962164041269
3.022955824485762
1.819517565955990
2.006364653846432
1.927650722507062
2.679108467467460
1.279898318905160
0.571225754516090
1.279379717958550
-0.506467729940503
0.237975095648658
-0.099377387628069
1.667553120312353
2.494337825767877
-1.589299543705284
0.143991728981644
0.706666519662734
0.510599009182262
1.458307673194184
1.794825145378256
1.925353120545920
1.236171165840911
2.722248252461235
3.071787798497919
1.857106019510488
1.367689109096701
3.065809629125843
4.442380429848012
3.648900847892011
1.621343960039186
1.745627505620640
2.113614493951573
-0.128732967655126
3.389211330540789
3.262390455024605
3.659800397317080
1.278954451574850
1.106506363849344
0.383118678535159
0.454614691790195
-0.574643454265458
-0.629653881269141
-1.617800458392660
-1.787771161205604
-1.468858719591370
-0.012010482489905
0.503208007586797
0.397128587819373
-2.491671137951118
-5.006291980856179
-2.349368970947146
-2.579657424519644
-1.900551803445032
-2.525773188824021
-3.601324722775146
-1.416747152346919
-1.999159423099288
-2.082237972380346
-1.881455666309984
-3.037097378588357
-5.106627058207163
-3.468554026664062
-3.264029643977352
-3.223972799231437
-3.162018682730494
-2.745825664722199
-1.619770327810261
-0.725826816711198
0.253443775341970
-0.080744093807654
-1.416570454608459
-1.346790955278513
-1.117752859620257
-2.110582527575308
-2.159491884501716
-2.660085566472139
-1.612241421381805
1.041139914012357
1.536099642637781
1.287148075116827
0.244763955538146
0.847087158394831
1.613087854226583
0.883339866503267
0.518498049375454
2.280169259694833
0.835131996546502
1.516066370988896
1.087795933623142
1.037871225460426
1.372873499403662
1.391726508213899
0.386025015868905
-0.666135859524934
0.852962061359797
1.718898322572468
1.122996735498141
0.325950169846038
1.147018813711286
1.602411655948001
1.358673081786620
2.836518722528958
2.446397135779209
1.319130901015342
2.415903662485631
1.705196538660895
1.070369073184197
1.287746087106939
-0.022025310593397
0.607363952426867
0.431126144405012
0.551894094772885
1.315875082932601
0.233689961904778
-0.491792109914061
-2.250713151849729
-1.736488637166463
-0.810818708626741
1.266242097878864
0.320623091928576
0.031036154573446
-0.123980055641528
-0.856090013253860
0.048677735520779
1.846734048778892
0.341773781295960
2.843826421981388
4.160911010543363
3.159316129330711
2.308655921016755
2.166768534025577
1.870751983578915
0.889221061231890
1.440573620557073
0.957306796846951
3.164834330005142
1.652255743663716
-1.041436562903029
-0.142647301376532
0.764250631844947
1.334728903378815
-0.516543353981169
-1.978176166495690
-2.056360620058650
-1.520526052510398
-1.425072671261636
-0.221428959027294
-1.960732087099367
-3.342821138640830
-3.757874922867742
-1.815268275884893
-0.552411463509973
-1.413966327356421
-3.131241121040921
-4.479790457252513
-3.759745156380379
-2.718305459134790
-4.504432347403766
-2.774308806239636
-2.620060121191035
-3.678892517557917
-2.662463075285736
-1.954583929348249
-2.228000237808874
-1.996851516880901
-2.507880432400134
-1.867122903154211
-1.075095322248685
-1.674342370469263
-0.535983979979689
-0.778323284722667
-3.695414190573526
-4.122267119148475
-3.564544942940815
-2.517454005174233
-2.281004652953579
-2.190214059392381
-0.361756039734171
0.595436767134609
1.062225726858328
0.115337999468899
-1.026430028883103
-0.113486570109994
-0.222932893524230
0.352100136564519
2.116629969090538
0.874545946329397
-0.703020641363604
-0.072368804556615
-0.162980882455391
0.532606856467756
0.213735242586412
-0.439239011198408
-1.044599317216951
-0.282671745426084
0.572322319397488
-0.959678194393777
-0.410668069661242
-0.329804263732197
2.239178877463367
0.817939289431461
2.154605887848044
1.201417686882357
1.557851794192720
2.148901603350650
1.016099750761404
1.050402685848851
0.830143130041102
-0.389679165466834
0.146752929611470
0.368037595359052
0.533889399869361
0.459546808267258
0.471796441914610
0.408046249205656
-0.047940738803835
0.575586705343562
0.104850853952456
-0.158755233843432
1.229203944000099
-1.460695642285007
-0.847717089434420
-0.715000460469334
0.449242717531570
-0.069422236612551
0.185062562228786
3.241842582907814
2.678501365786965
1.547512600872258
0.956894457642547
0.247042536937548
0.364378698888188
1.136582760778931
2.226778963501433
2.554148520510088
1.944680869339787
-0.321530591979702
-1.442825296935702
0.305066282513150
-1.336746272263538
-0.037530600320565
0.011631325670800
-1.837585149612691
-2.935046979503631
-3.284114081544018
-1.891712859766113
-1.818906192363331
-0.859137858826695
-0.825720189776852
0.019847927154919
-0.882887074182645
-2.499369608868764
-2.660250935634018
-2.412205376357161
-2.148542202559824
-0.204925711584317
-2.075506558780979
-4.789991921823429
-1.647042278570721
-2.345733323765699
-3.089118194826148
-3.550573231139906
-2.060197243096803
-1.487897900015531
-1.679488181281537
0.033817318780679
0.321692427228009
-1.059604437195338
-0.785484744748553
-1.390177175699709
-1.271945583573332
-2.393530818514750
-1.371470568562320
-1.561716152171097
-1.669276869345245
-2.559383257069848
-1.402162546734496
-2.521730767484291
-0.645416269107262
-0.195248988155170
-1.271863356059818
-2.031399764048165
0.136827831482273
0.746742481230734
-0.958039355615542
1.188507104534180
0.169763928048646
-2.000763606437996
-1.456508679501416
-2.416134073224828
-1.996464699842492
-0.551108680776371
-1.080435533312308
-0.943542869453845
-1.935565453487605
-0.124401391333072
-0.265762450236219
-1.382441398430100
0.189930666122410
1.232936578831227
1.717093528352540
-0.201681253080396
1.305420263314413
0.660008042359195
1.890866145993383
0.961552742471542
2.469539783932674
1.522566632034497
1.457903795778071
1.481770299825773
1.353476540657649
0.357191609822939
-0.300588569746527
0.175127347105580
2.251227299968527
0.535694679945177
-1.373842324238252
-0.515744750940340
0.691348335586644
-0.022660468496918
-1.730295303138585
-0.845460676255590
0.842096160512568
1.759764286528104
0.448386635721005
-2.092754981362909
1.400316412078531
3.847276991659919
0.235652555359207
0.752310019236436
-0.763977929922872
0.255944369392291
-0.317862948595617
2.663493526905794
1.501558264007877
-1.418725647673403
-0.918783512384160
0.922999999988387
1.528157491278366
-1.304301742416743
-1.272624784812977
-1.169287971387703
-2.186425409035125
-1.144951981406057
-3.098915305325715
-3.778627529377836
-2.979933288217729
-1.185419614817482
-1.967118566779092
0.122214419872738
-0.979458614393477
-0.858421937797421
-4.585676983759708
-2.243447824014132
-0.959862848803041
-1.033500092842893
-0.006675476719064
-1.080876897456147
-0.395115412693099
-2.218309769476786
-3.075505528238977
-4.363577745228583
-4.360385615203090
-3.023097229010570
-2.048198824444572
0.826311666493326
0.691694892825992
-1.490274411190349
-1.184687163530413
-0.379084086637240
1.145142182459571
-1.278338149914710
-2.439693334529906
-0.969600728809787
-1.099942372681316
-2.706423634133253
-2.165976830665027
-2.548995842202772
-2.045293196886017
-0.682450485428613
-0.520647977666058
-0.182164076330196
-1.743388027694164
-0.372763183184610
0.586937059769149
0.892896257834227
1.106845483153915
0.107810035564299
-0.875970940651279
-2.034524649956066
-1.717305205544939
-2.710067018379189
0.494963386267896
1.012000193432311
0.244076161222557
0.587742318831321
0.560646544277403
0.763208749820328
-0.338227414158741
0.102249649319155
0.404379718590540
0.974401838285510
0.841123238275002
1.613445205123598
0.071451958906711
1.809596639076014
3.259056856971679
1.315314991794137
0.789758456562459
2.979740541986926
0.728826231242578
1.785264573600902
0.650911404958755
1.987375761257498
3.185692171198513
2.490217942598302
1.118869859427861
-2.134810874238986
-1.287293356279626
0.941787781778838
-0.034757965289984
1.584764138772923
1.470930017600734
0.592953519440028
0.926850322256793
-1.400446017151768
0.071836105764744
2.242247850476158
-0.565241130999257
1.084776464240411
1.260723895346378
0.683219949776981
1.872541420448772
0.964285230020625
0.956613860227563
0.393755565492397
-1.430729464461570
-1.756205611049650
-0.785523336800157
-1.289011665112997
-1.451827360775147
-2.104522200198469
-0.844644521007065
-2.376388192467608
-3.626470445344318
-3.745499113001864
-0.426666148947720
-0.602210969842657
-2.246585947699164
-2.377240039492029
-2.428763931652618
-0.707859038307902
-2.292050704459074
-2.798435084338871
-0.597222820177515
-1.431897815845628
-0.220705379259402
2.692280807046628
2.327184093051034
-1.425230353891197
-2.472475422038858
-4.644833766761606
-3.321164327834549
-1.939955548395438
-2.242727275492526
0.241765130698158
0.075807269539817
0.861506806685444
0.914775735468321
-0.085001094162743
0.814554508153852
-1.050760443977157
-2.550232576334738
-1.614389188419800
-0.759738489595208
-1.789861463966954
-2.459414925890349
-2.156985379646124
-0.987083756619439
-1.269558611159720
0.748020949482031
1.808014562366058
1.085503115377429
0.399284351153132
0.839487051576463
1.459565925725287
0.477377857565256
-0.197307566484904
-1.040321881008355
-2.518030424639846
0.185815411419136
-0.909540399212616
1.015522973754724
0.527729856301650
0.767999362863742
1.100959082020088
1.530824529140561
0.772096039111070
0.717371567283454
-0.492695263467037
-1.097295790712255
1.094840381765311
-0.466948263719376
-1.254804853282722
-2.229837399725279
-0.655953587199995
2.458274755156604
1.132455825843574
0.231908527553862
0.887298687289839
-0.166865505865355
0.966594837342577
2.647363474880654
0.718000905990187
2.349062181630491
3.137864027711016
2.201764119955908
0.561372587709257
0.889961777958247
0.565430497373420
1.772579496410115
2.365546532369183
0.534075054553752
-1.007695555971590
-0.224753112236179
0.292380681786190
1.696753974892766
-0.926472683600769
-1.074585361500609
-0.335028612457455
-0.063986678999373
0.211583320413939
0.169826960442185
1.492024865361349
1.199988458163024
1.845293969922764
0.885155426419034
-1.449943401301196
-0.847683715559651
-0.225768622011483
-1.838114190740281
-1.810825085845372
-0.598662478492691
-2.808089456159479
-2.862322390973386
-3.220689949530083
-2.170390797004213
-1.157426381111398
-1.569090952106279
-2.592543044373171
-1.033619957931810
-2.358348820263380
-3.535300785371401
-3.661328321417197
-2.464468540737887
-0.209339560744105
-0.423491090238029
0.568687544805886
0.838996417278062
1.379440900442966
-1.359517387789899
-2.462211394740509
-2.004627275368197
-3.438856409508427
-1.590563819652824
-0.445364014019672
1.265340148403099
1.096818982759582
1.505777958134172
2.456312903377758
2.528779967548770
0.142213266120003
-0.690642332928628
-1.533547922199526
-0.840801196312574
-1.845073697402506
-2.056546909572124
-1.891797756271594
0.196186690342166
0.573642355005993
-0.761581293885644
0.049450649411831
-0.330401580717143
0.264395925563234
0.115444248736893
0.874186822084324
1.500225564099143
-0.953923293172322
-0.521436798568451
-3.112102582266006
0.660184967318785
-1.416182928312398
0.520103274691271
2.556374500340566
-0.627729070364625
0.503899248589874
1.546217010284578
1.103084310954970
1.332561658005062
-1.215862294905345
-2.393683446580299
-1.558904807338975
-0.274327024212833
-0.548260397913989
-0.699498412783986
-2.166609994331906
1.965151461411826
-0.051855451074576
-0.519591410999593
-0.571090107569665
-0.693496349379345
0.977098443568484
0.228386364832143
0.052721351665945
0.358616731844128
1.088303471560578
0.143703361578290
0.683962741983932
2.287700592291519
0.853022353279166
1.423253933560668
2.217854569399087
0.769379277821289
0.700418028340313
-0.516230564906812
-1.597451358614060
0.525225272129837
-1.412345462585692
-0.904696918270812
1.136819063870330
0.544598741657582
-0.373861043156338
-1.807051571668012
-1.224700589619633
0.645521351459892
0.803509394122865
0.777093404664216
-2.657512206073569
-0.552120771086398
-2.029666530604978
-3.292310476056600
-0.595634196541630
-1.423731954613297
-2.377987539485516
-2.468776186561904
-3.047498400670926
-3.243869137543111
-2.347743807285705
-2.669713761769795
-3.237111736916882
-4.946149262402582
-4.717784682888878
-3.996025095777468
-5.077135801939072
-3.817867952856010
-1.525804419905527
-1.376633971767939
-2.305805889549508
-0.978322112096074
-0.188336453933243
-0.631700944644285
-1.972089042928836
-0.426591227292584
-0.090643833636142
-1.421590445669920
-0.714202361860922
0.456315831439175
0.709737633492126
1.875058990575751
4.172605113896626
-0.077460010088723
0.068722212407441
-0.036367386463879
-0.705993578932977
-1.936641871332521
-1.490935849769287
-2.871236364300461
-1.936269637746054
-0.968076898329569
-0.756119142980324
1.206119320252350
0.709767019990706
0.708211419005662
1.960157602215943
0.637631311830739
1.297319727567008
0.902837212521464
0.060427377295684
1.292398012473797
-1.080294144128551
-0.508740469651756
-2.589480661308389
-1.361704085409561
2.548023585139398
2.850133158797985
1.951441358787643
-0.074435578434794
-2.834711245268202
-0.661842076033391
-0.407049846837561
-2.049547177375779
-2.017828117805168
-1.495589535945672
0.756876456960053
-1.136759340732315
-0.992011630729329
0.680645204207752
-0.091824646449318
0.694293802748971
-0.099213459316206
-0.387609420254157
0.627789989554887
0.231476238653782
0.877298622602716
-0.715488515098592
0.016496131672239
-0.587339438798534
-0.363472200226804
0.969155045960972
-0.045643730080403
0.973582776107034
0.148471096503037
0.858286754046468
0.479145484249550
-0.244272772708514
1.171964154164844
-0.195696569969300
-1.467045484434726
-0.414314852818662
-0.634805791199007
0.235285012860645
-2.023621922406639
-3.394762234053534
-0.826769674743994
-0.550194818173990
-1.718064787727510
-1.982403460273665
-1.995083002135021
0.007941579278678
-0.936704543680877
-1.685621207094347
-3.048466506943309
-1.362436093262012
-2.109549457156254
-2.095510801048758
-3.690489949406850
-1.733526811370669
-0.951429931181575
-2.964557339935223
-3.380105606019145
-3.485870197436439
-3.238094436210229
-4.131025777507386
-3.479999602633939
-3.358943413976325
-1.603136730439027
-3.712436250017970
-2.638187482969232
-1.892320051056105
-3.397446448067013
-2.353046220510406
-1.486208724400047
-1.545215872030245
-0.962771597720514
-1.032617337925174
-2.935390099368092
-0.158337735233085
2.559682114060650
3.171180355339595
2.712682242980452
-0.243551921369926
1.892139260080015
1.072728903102441
-0.901168576432333
-1.587360915204880
0.481175944368142
-1.451462343410808
-1.287997657345135
-1.295376255385355
-3.454499508310669
-0.444995363369414
1.779655044073009
-0.434733632706791
0.712516925337277
2.076687140127290
0.996506156893169
0.389013326114222
-1.375965051393563
0.351183887120191
0.310353729965571
-0.464645759748155
-1.342802584126606
-0.877310944580157
1.278785799290011
0.334455359526451
0.290788382929827
1.078688017730338
-1.340349247223096
-0.221961588928961
-2.140466782417273
-1.993679621901918
-1.752194414044926
-3.328276056726128
-0.710697376781278
-1.209328092167022
-0.993923349015106
-2.319890218606683
-2.309814182432990
0.109407588840386
1.275921434034202
0.010362793055958
1.758948040989156
1.564445872091127
-0.622137223804442
0.037491763939890
0.319258577627084
-0.215913298819567
0.617149872090579
-0.428569675076085
-1.772641293007462
-1.483704852555958
0.175117654203952
-0.122524807157465
1.646475797426338
1.530218575509957
0.025315931668858
0.110707825584655
-0.971799761733566
1.013778661353465
-1.385436421621884
0.012577532746141
-0.632074160091561
-2.010129779264178
-1.750731350943916
-1.737363584620549
-2.042066661046314
-0.244669235181006
-0.624562603612131
0.053940603743163
-0.352851366494913
-1.486410352363313
-1.851539467128609
-2.842566795942130
-0.867941411630079
-1.531268991270281
-3.020104376886798
-3.027511972712694
-2.236631997760585
-2.230134068241757
-3.537081312987005
-5.142180279517734
-5.244589512174906
-2.788924517871909
-1.198224949362887
-2.039965536544759
-3.422541177636870
-4.203598131448974
-2.095354572977876
-2.550890248341259
-1.831088277623178
-2.613714713764820
-3.510709972949793
-3.217061465218692
-3.403135862827150
-2.472817183046614
-2.039045954489162
-0.174179221709539
2.278050868089041
1.135407485897948
0.638391280463314
1.723030449675079
0.583932413979434
1.186298147583646
-0.162889651057213
1.237683438306177
-0.147914307882742
0.117334961849843
-0.731901760109605
0.203498568956258
-2.550876833503396
-0.453854441340906
-1.071699640604341
0.731817206820473
1.280741139100913
1.665405730899630
0.934147026783644
-1.271756138671099
-0.969020146168960
1.628987901485731
0.295597535112007
-1.709930665656326
-2.843818409813879
-1.751425144045330
0.391602126996688
-0.012383730420035
-1.120579057659200
-1.185695020632710
0.770334235291807
0.268363459289727
0.405977510777739
1.217665547712279
-0.021608016951002
-0.699837152139491
-0.343587775710878
-0.559547747216076
-0.167168441530090
-2.679958827966749
-2.509506930605456
-0.067812307056687
2.428277962253300
1.055391723167936
-0.001861986711206
0.945034498551863
-0.206625425231306
-0.411235964837419
0.487342547346061
-0.628178421743370
0.180127751596556
0.149252328937579
-2.881382966404113
-1.904973163463207
-0.140459784320660
-0.216003669520810
1.651163853793829
2.964096027114047
1.588757605989029
1.104301473525407
-0.390799996310567
0.457450830184778
-0.900740640261541
-1.382543572410999
-0.033011556903038
-1.133418858960778
-1.930857602269562
-0.935220713124222
-1.215598594402623
0.642628827695120
-0.577599349797380
-0.463874661064189
-1.197767945206238
-2.438110185778525
-1.767050203450873
-1.391501478212807
-1.388993728595666
-3.023707439358599
-2.111535638479709
-4.534480771184394
-4.049169134446159
-2.958715112830836
-3.815896167497901
-5.300759871247642
-6.018502932265531
-4.596605730852624
-2.843408998619866
-3.722098049991602
-4.129830327474153
-3.389159516479545
-1.861882781615931
-1.861637876997160
-3.241005665869580
-4.157754434605502
-2.190525917793105
-1.397304589542438
-3.193015643239593
-3.117690200953110
-1.418279961511670
-1.267533520618097
0.564644102981434
0.931841986138310
-0.397742051108905
1.037050710988509
0.849744297321443
-1.098860183001294
0.353695107086698
1.527244286878277
-1.983400928706739
-0.747853010806305
-0.598275895819012
-0.465432477761416
1.585685552234818
0.548604495466893
-2.010775637295531
2.352056747758900
3.247641374239081
2.128400978635816
0.749084203351303
-1.657857604574287
-0.622349274378703
-0.034051024107576
-0.097121476804167
-1.928026286054032
-0.475824938733282
-0.157111094188030
2.195685950035462
1.624811974500801
-2.087785535512687
-2.104413660816859
-1.206800053488241
1.970625255404375
0.808321955116643
0.660287359080218
-0.015492651644920
-0.757281895285093
-2.258947396552544
-2.645372555580933
-1.922870706680138
-3.789845977971321
-1.598876241887393
-0.290470888632133
-0.246971802208845
-0.740197193255000
0.444511884142101
0.752749250571950
-0.255902147570312
1.052086858955006
-0.507849136286565
0.274573163284317
-0.328850277992517
-2.431649483459845
-2.960120347396964
-2.395651580466737
-0.535178664591759
2.723304764377052
1.874000463251877
2.319607279286540
1.253447772300550
0.910794083916061
1.106496669944676
1.186861928122862
0.977248459254240
-0.850659126416295
-0.643393792909140
-1.038383280653360
-1.681146555328369
-2.827698409727929
-1.550313864661161
-1.311808812262167
-0.941872724782821
-1.882998949973551
-1.356835681058965
-1.859869253331903
-3.244577231323641
-3.094156182055997
-1.648082066324041
-4.202658838992379
-5.598679590619111
-2.384761717135707
-4.232355493948733
-5.192371574150275
-3.654121964102587
-4.776132947054498
-3.821780207995710
-3.179485588028488
-2.586383940033152
-3.416606093728960
-3.265715143375461
-3.691092669953713
-3.459701371604285
-2.791458010569789
-5.917107803107267
-4.366708569237211
-3.158614115962632
-2.118129345716331
-2.719034872864770
-2.178970190801390
-2.093128269249015
-0.855842005888165
0.926745825044165
0.671289942317719
-0.123363720601381
-0.653701098565521
-2.349192132504694
-4.218248301192166
-1.168856267450975
0.303038752348397
0.719923847639036
-0.290404903601585
0.745705543511794
-1.642531316590931
0.704315141470664
0.064434369446157
-2.105266758442615
0.656482771482706
0.068931861199186
2.086224357664642
0.228785941083925
-0.416460607089590
-0.826142740961508
0.440831512436815
0.023971497879611
-0.002553573590869
-1.492405207190449
-2.095823855275988
-0.033540615939047
0.156855356147881
-0.861617499723647
-1.099554226035870
-0.791245156586698
0.178223391008971
-0.064811243217809
0.290004534481959
-0.851802021536322
-0.090955219824724
-3.080825858134813
-2.446151550041506
-3.152246358538032
-2.860142752945484
-1.539197676928403
0.857807918047198
0.407996173849998
-0.327688092065864
1.161780998212441
0.644696185989739
-0.254032184544336
0.268332019029003
2.141386870827063
1.180476479952275
0.247450785509602
-2.734406676357408
-3.376369103213756
-1.859737439034538
-1.373527006947100
0.227907793830130
1.801432593186131
1.926313849305896
1.376952874576744
-0.207951413576982
0.542825003500113
0.683089429848157
-0.024753174819059
-0.404638966315539
-2.017641288981614
-1.480891602036375
-3.245295486047255
-4.011563286399737
-1.981568019542395
-1.583454616362219
-1.518618282282861
-3.870665686803628
-1.265331277576349
-3.637213212919808
-5.382303654355588
-4.034295749016978
-3.907460314681645
-3.868362623950047
-3.674402262776174
-3.157586349727362
-3.509099966057410
-1.874474722804663
-3.851066199552915
-2.915078300642585
-1.996752134674780
-2.369861121272106
-1.307698014267621
-2.007556556712597
-4.318321933328349
-4.773003524370034
-4.962346929311348
-4.631333937052295
-3.993062128697498
-5.357003700687915
-3.857756384758908
-2.483396977965311
-3.985380167031441
-3.208025143795871
-3.461972564053089
-4.206005517297886
-1.177336682586225
-2.690312380411502
-2.881279456453175
-1.817921247640125
-2.769453956932019
-3.350580095345250
-1.396485388461697
-1.819275915446406
-1.359404995600606
0.144857615866917
1.498344508316122
2.129456325001151
1.160764733264331
-1.996073044669068
-1.229031282861020
0.257398821857630
0.061382516175790
0.174655926190791
-0.484343948032470
0.313806931747581
0.035728713209369
0.288539219552735
0.655525064036418
-1.570344192117414
-1.516054502066568
-3.037310322604214
-1.766087317812495
-1.877089068906273
-1.376404075309581
0.037512497453377
-0.789950969122414
-1.196736526092529
-2.124197126336166
-0.305814761401510
0.807341344852345
0.862004716311751
-0.652043237564737
-0.937534850314575
-2.489783418743175
-1.818138560842563
-0.668211113273644
-1.103075152013256
-0.806736283552948
-0.523021446174941
2.066286151865943
1.604146530982010
-1.813473703147357
2.214697000143530
2.549779125551311
1.218198576502190
-2.174210952502260
-4.038952020276656
-4.139516059648703
-3.451533091009978
-2.239160449348913
-0.195613627167404
0.458785003098937
-0.628698695581147
1.464335532563551
-0.049852342756668
0.861132240772127
0.865844042413346
-0.895903293035619
-0.626728176939100
0.430297292929307
-0.503601278914444
-2.948171635504570
-3.379236185829396
-3.223833853345352
-2.156980454383266
-1.379405879514612
-1.095978923662738
-0.020844503153962
-1.300413015613872
-3.844962345245616
-2.337771069043741
-2.750816600432687
-4.488112688018268
-3.905425095616741
-1.862769919587718
-2.870347937006454
-3.372764961063685
-3.894049678738647
-2.648685805637434
-3.231849158812270
-2.091573987794791
-3.462481871360882
-1.349913957371949
-2.191604116498550
-3.948340148474287
-7.046510000844353
-5.092497618882369
-3.178351127697087
-6.102424008720866
-2.852300276945591
-3.697721316758607
-3.985082845696006
-2.725271860927323
-1.901239936873421
-1.694901794136317
-0.516441945465393
-2.992835510864241
-1.085738152047981
-1.044684795506480
-2.942944421359715
-3.770732169263064
-2.465211515594693
-3.884997437255671
-3.542566951104487
-3.004440285458174
1.426297409037433
2.877296382391129
0.699438744743867
-2.284108252806777
0.323588746739098
1.948398226377252
1.502312393844904
0.901112028919837
0.711503363103967
1.169225283835036
-3.062686110552708
-0.146697583870174
1.408770584627252
-1.891485718664648
-1.568211494300402
-2.156242583415791
-2.853979048906076
-4.068345472911284
-3.989070908225976
-2.150671312910028
-2.362311984970267
-2.250603766920797
-1.860283573116773
-0.980885588102963
-1.899574886930998
0.338320697825693
0.269663180460687
-1.444731478706531
-0.237079664151353
-2.193846073998307
-0.639117226855440
-0.515196043574719
0.083319420905005
0.055093037509849
1.924787918319895
0.612725220697674
-1.269471014244008
-0.174865123021319
0.625905558007941
0.566757086653676
-1.831580481844610
-3.154624836080361
-2.588081057189060
-1.813945070641084
0.594781536916952
0.546111476583794
0.278363035706036
-0.076476859115319
-1.322451394652081
0.931413399841132
1.220757279577242
1.932768927697022
-0.195412545912999
1.258058862848130
0.184634655454943
-2.336300225748075
-0.996109718870752
-2.967688174650345
-4.428799700094751
-1.067792507577937
-0.715988585522181
0.796134531012753
0.121107854525475
-2.382514019123033
-2.364729264956958
-1.558627860909756
-4.390242802453865
-4.305774869522293
-3.206723590537972
-1.798443114667720
-1.727695918890190
-3.529177206803530
-4.532900114425506
-1.947738128393052
-2.420274463678441
-3.182439953949978
-3.062818707347278
-3.237225929845021
-4.690562820279315
-5.117824722490732
-4.622730834640142
-5.103791883135353
-3.344567095992149
-5.322347752935658
-3.305233913671776
-1.613510779778130
-2.120140052337329
-3.522653604142684
-1.220231374211728
-2.555588160908464
-1.924688879062351
-2.559866058459652
-2.306201893361959
-2.775510515648239
-3.935172487571784
-2.353115351961319
-3.270872356800492
-4.036399864282199
-5.120670946646579
-3.370094527843237
-1.751331889442544
1.118623785877695
-0.705076849136310
-1.533014582204742
-1.893532962114001
-0.772570543820771
0.668038666016001
0.270265348930438
2.179025726536532
0.267793951748631
-1.501407419582318
-1.426636227919174
-1.095220827720403
-1.654123607271460
-2.490236357980033
-2.613904088263922
-2.577105689731487
-3.194051543647741
-3.495120145977756
-3.421320314352772
-3.651219816411764
-2.749271873307004
-2.646064860876708
-1.995101781897736
-0.569909287328633
-2.244012408265747
-1.282868561448595
-1.077662163069863
-0.064918752548778
0.445212688537527
1.808466562322996
0.742842405931320
0.774583780448886
-1.333934832487427
0.499852949270351
-1.006373949153783
-0.785935945444024
-1.250540994358261
-1.534040492590126
-1.044588877039477
-2.236920901700404
-2.233658904220519
-2.314537708681059
0.410670502674110
-0.643367753973089
1.479786947945684
0.086661444394095
0.208167653813101
-0.374805830589509
1.789066510210153
-0.105573435836314
1.947579074397688
3.047009415368244
-0.737449872554944
0.219729395551577
-1.562533285095994
-0.107374537034977
-0.385600828479497
-3.450703243468432
-2.339327737121177
0.940577074421100
2.143174161721335
-0.260968540666755
-0.988227434815674
-1.673372139563606
-1.318355109682381
-3.818447129740361
-3.405140224038795
-2.759635472499040
-1.433357721413269
0.884079662042426
-2.798760739432814
-3.802334897429904
-2.091432481803203
-3.148207587143179
-2.953715774605462
-4.288031138460184
-6.505299561576118
-6.111964578887220
-7.437643831262910
-5.297536191676759
-3.873519718914359
-4.942061274602660
-3.928230671435343
-3.637340104992085
-1.830327443108828
-1.962440476255470
-0.946047374233531
-1.407454571899638
-1.396534169454879
-2.965981919175367
-2.795502396975337
-2.745930888331997
-1.849150657185567
-0.791874657543910
-2.942558645929179
-3.945702551750714
-4.004816589062499
-4.276512708385310
-4.317142934458545
-1.452039465419769
-2.066347640461304
-1.466977968472807
-2.188009570398919
-0.928647460324788
-0.435407630836719
-0.526968674544824
-0.046612691478028
0.160390734650817
-1.004781130780802
-0.403980518335579
-0.994581518762571
-0.804575669071998
-2.037693189016883
-1.884491125952674
-2.686202738103291
-2.297304478243125
-3.431737007633926
-4.784524087895417
-3.018524183883690
-4.312666488322283
-2.218498255188081
-1.821870783647495
-1.086604108360685
-0.828563053434997
-0.793285020035587
-2.533574429072780
-2.444548147516780
-2.035283309776120
-0.577981074681408
-0.370796030222184
-1.116152904370284
-0.708813479747404
-1.040355785826100
-1.241103505737232
-2.308557935906734
-0.829893499390513
-2.506638322025293
-2.584900197544870
-2.317306369497582
-2.290682553131633
-1.140460098157757
-1.706437855479620
-0.364676967010227
1.942619083405467
0.911486065749649
0.729390216987564
-0.406391389033343
1.626449961240517
2.451164372845102
0.355446843471518
-0.254365062675751
1.001525963237713
-1.307903316443997
-1.744594447813806
-1.113954973527935
-2.154060737649387
-1.194247725886396
-0.119987426104627
1.312499401300305
0.560478847718302
1.544033685933999
0.585873195830699
-1.663674413555137
-1.924313500725835
-1.258287366424243
-3.656447987498941
-3.874228560351072
-4.510671512593919
-0.943197750658422
0.573550424805003
-2.762393263274530
-2.468718077546990
-2.447369895942721
-2.877145405257150
-2.967847087835779
-3.265304921209220
-4.861296482174343
-4.851504664526555
-4.649632892676303
-4.587814290491616
-3.976952951135774
-2.698323028475676
-3.853067620025513
-3.051105442470832
-1.732310332918387
-2.731223014063285
-3.833014655191881
-1.152415733403811
-0.568385743621102
-2.044294680139022
-4.099260380324535
-2.782829151779056
-1.275306078653397
-0.826997306990265
-0.632949626369718
-2.081652802043740
-3.463316831230575
-3.987943082867782
-3.218704117449005
-3.584348592397670
-1.921008586815903
-0.241773990829735
-2.592857812374477
-1.999407686431259
-0.902356806678498
0.074004391235427
-0.298751692644644
0.982470618255470
-0.453073000811241
-1.453767875486991
-2.266517588124430
-1.623497134451927
-0.442736497580168
-1.843127635396393
-3.048224978141661
-4.364417590177998
-3.777972516253223
-4.500835440958149
-4.889901961744004
-3.659428203599609
-1.493938018262993
-3.823722482764147
-1.885181444581387
-2.223401979848421
-3.380641988933810
-1.973899675605262
-1.902578448516545
-2.000118171113169
0.330371481978914
0.766186888096360
-2.328757556664819
-0.043019828609870
1.023523375035617
0.551454483103310
0.357680774439929
-0.619089198732613
-3.212603042142581
-2.913875891303755
-2.305813168891636
-1.445556276163620
-1.395526155822638
-1.382843366591844
-0.667003290743486
0.461388838993478
-1.938143249192684
-0.004528961897045
-0.012084795207446
0.873411762464687
1.313387041854752
-0.555831048863847
0.548272520905022
1.263515932608630
-0.778446252696688
-0.521857663898834
-1.308437151248097
-1.083027949676777
1.104756367857766
2.474539745568542
-0.828744553399255
1.084111600946216
-0.013303012544843
-0.681104259747987
-1.559471518252517
-2.105582548868079
-2.358277137273754
-2.431315410505221
-4.335035795965535
-5.036087458761838
-1.979053520962834
-0.784883797836058
-2.798094748214699
-2.278223876014543
-2.348274952965462
-3.340901983285964
-2.575106822461079
-4.544611163439606
-4.693673069731499
-4.412242248721406
-1.544964788561385
-2.612870349750483
-3.013176688519617
-4.051676532220100
-4.441412751460259
-3.376285711902464
-2.086135876277862
-1.322542386819493
-4.363412337406251
-2.549774918014654
-2.559211255570048
-2.437905335304874
-1.546005820580107
-0.579999578154624
-2.458851229854149
-3.323003327243755
-2.976191621919540
-0.845188316631335
-3.015945359981865
-2.235858811002293
-1.324521876526159
-3.533794038462925
-1.755820588323277
-1.746810631371987
-3.178826917469495
-0.546216784688763
-0.126661895134103
-0.154039742107818
-1.013417395311599
-1.030016305273546
0.104628389098449
-0.939304337111244
-1.810543223022941
-0.514648864560824
-1.322896668229179
-2.271368973654229
-3.192621955027640
-3.693100076337300
-4.326767084806503
-2.196795815489509
-4.076170467583814
-2.858896456535442
-3.646757943787302
-4.175195787503526
-3.247737256640330
-2.284743660488449
-3.400849205059787
-1.830421679850420
-1.631862799134006
-2.886471996623955
-1.627773317569155
-0.222455707834017
-1.695101818691141
-0.339266882671441
0.861119967177094
2.420960750634209
1.738178031746224
-1.538157212942216
-4.768615634776189
-2.562973440205281
-1.780245404202165
-2.165666551267107
-1.736228597982326
-1.987631531563628
-0.753009777276175
-1.720490736048126
-1.863441200911111
-1.206957017314969
-1.500940914907740
-0.254345119679134
0.284720485650753
-0.045962411741422
1.250783361430243
0.007788231523019
0.708344247359571
1.812127138144018
-1.280676850815862
-1.111418510409371
0.065463716650311
-1.792074295748068
-1.240098283756497
0.416874371802175
-0.350264171603749
-0.684282780601564
0.192344047799907
-0.838303899570933
-1.464486993342479
-1.918858531349155
-1.870971419274678
-3.857241433774702
-2.132435077163771
-3.806777726453632
-1.521712660982835
-1.893063251360072
-3.499033387594578
-2.624822840236408
-3.249781028693317
-2.975137746254668
-2.304626958368927
-1.771215154649380
-0.272632546030624
-1.602737128774951
-3.011951752162767
-3.552725519422742
-2.977915922023286
-3.415029775718544
-1.159148215696906
-0.501839364519690
-3.095860917538599
-3.202221089534541
-2.112918360606505
-1.820573913679748
-0.222443370962276
-1.263347599361150
-2.031540355737813
-3.423197620051305
-2.081136963667841
-0.231297303046378
-0.911985958332788
0.316298683140108
0.420940970688684
-1.376187345633975
-2.911687029790602
-3.357451707122924
-2.166032478480845
-0.675046291556225
-0.920332223212005
-1.057874390335393
-1.904351569688705
-4.467507710128321
-1.989454433966704
-0.781942851751089
-1.112105486229509
-2.167936971332063
-2.859321324382365
-2.777292666174394
-3.440842193163810
-4.271098900942415
-3.762206336898447
-3.248330062075250
-3.579675454124200
-3.908918349991215
-4.275656820046644
-3.225551481261003
-3.984097162180632
-3.219977235266738
-3.384086042686726
-2.988513749269633
-1.936731821883138
-1.259202773857898
-1.267224268499732
-0.249913618334786
0.014006429899302
-1.491678876219859
-0.945630268593723
2.928279645198681
2.434992035598177
0.782317379913157
-1.601204265508307
-2.673210356004739
-2.693355756383800
-3.076100046376534
-1.050070371406084
-1.112476085301990
-0.633808557697831
-1.566751931421708
-2.581762460393799
-1.058451214866079
0.574489300441771
-2.490777575083365
-0.208500301867148
0.429198180732640
-1.868318324330762
0.219911940919726
1.891585656541387
1.557746079022259
0.611193986048055
-1.126372768408467
-1.730544243914899
-1.105736726179464
0.562863037596080
1.560078100795429
0.491370584387816
0.579859787166593
0.032465125587452
-1.135404178153345
-1.586663307782911
-1.482525445373114
-1.701574172722909
-4.524808969701606
-1.812737444242006
-2.050895600507219
-1.398292356895582
-2.340998744072062
-4.122300002401023
-2.441669840113936
-2.958326885448769
-2.636596504309891
-1.618785588612162
-2.606977685760737
-2.105415395788580
-2.663008277093297
-3.935339873082976
-3.756043871022241
-2.741945198565391
-0.925916357455911
-0.432755862426886
-1.434026738572534
-2.141458665525720
-3.912639452592655
-2.541219349001889
-2.571265342154321
-0.547134283421969
-0.753665418276535
-2.063211462302436
-2.666912953568272
0.254159139622210
-1.138218702402155
-2.353222559960890
0.337871231193541
0.616472704526730
-3.425049895602738
-1.634511817416563
-2.752139247758191
-3.186436477513744
-1.934063504087949
-1.210881315599403
-3.403054876794353
-2.587771185014740
-4.151288397717471
-0.791606815927775
-2.599298126368559
-2.667583463267102
-2.340521265260507
-2.794015008819511
-2.800756615416974
-4.889428467806536
-3.199289038883861
-1.241660411177393
-1.731061974932670
-3.211833843261246
-3.777052224431569
-4.995389456159400
-3.552569259462406
-2.576198423512635
-3.989933327570046
-2.246969851738216
-2.634310596856278
-2.053203857499354
-2.757291064554651
-0.851597411760876
-1.704523435703456
-2.928278512827530
-3.090068950519061
-0.073296208545224
1.811944047835111
-1.029821286766663
-0.110265474992570
-1.207398891194112
-2.693229397228603
-2.638400155749570
-4.250276390456460
-2.760489540803294
-1.196200214195791
0.315089112150278
1.089299365553575
0.738337408752509
-1.328908315689906
-0.216291088361731
-1.337931024203787
-1.295892003613288
0.713778944063611
-0.794341370427520
2.635220928465952
1.410874738880905
0.690799097125167
0.133504985058173
-1.330482493861490
-1.378651229688198
-0.598253911439173
-0.086930904130701
-0.857764714647004
0.684631362140349
2.426934931637326
1.167616152351045
0.361322179590967
0.930477908278579
-1.492541271379587
-1.713481267017749
-2.054654547954476
-1.038254869491306
-0.892016243789232
-0.515122008949151
-4.335225549024407
-4.257874813054250
-3.359374775533373
-2.631931624903181
-2.482123364089100
-2.610425299964558
-2.267647359713792
-3.509301557578590
-3.201383605705587
-2.236398454423244
-2.215944022224543
-0.922065591785258
-0.429812202013110
-1.193257231151383
-2.433096509598002
-2.764650692826923
-2.665770007449452
-2.742397891366852
0.371789535840306
0.510970417169368
-0.657901643139754
-2.281539198146393
-1.290537990758814
-1.161504691565512
-1.196453597871475
-1.101013847816713
-0.553435638988386
-1.131170576976729
-3.313854514453468
-3.512958427230527
-2.316630801310310
-1.629761764973264
-2.285582335936631
-2.344207413904305
-4.019382996634605
-2.729262740712490
-2.673443289960563
-3.096981335245204
-3.267662743636090
-2.524862912163738
-3.191735564345456
-4.394861178291982
-3.773059790710700
-3.303571153828565
-2.651123251261198
-1.061727742673491
0.672618302132942
-2.471217165905627
-4.311563835293504
-4.706094956104510
-5.105260010439643
-3.571077849528622
-4.495426488571383
-2.535133677216034
-2.091787281629808
-1.204359118655187
-2.204255003278592
-1.233792476494805
-0.313106185740133
-1.600561133014077
-0.002865134690144
0.344065722420195
-0.721443537759312
-1.363602819152296
0.778082350206371
0.730452740911873
-1.112445220981679
-1.764865432794645
-2.621605751784606
-3.355569669381957
-2.403121163075850
0.515590092663512
0.109318819168732
-1.271942887944007
0.371821192850440
-1.268427799497196
-2.026945420977281
-0.588945117555471
2.275372873089172
1.066766833218944
0.894630057554709
1.511797612374168
-1.437202563215370
-3.627718275998801
0.450598234956780
1.140580802017733
-0.077948710924184
0.050351741136090
-2.202416833294389
-1.266907350815814
-0.559028458419978
2.112482353743783
0.766437884580443
-0.274955887283408
-0.781239706007540
-1.208833870424564
-2.440287768302269
-2.525909745627620
-1.346776684467643
-0.694770014346829
-3.771579955551426
-4.759539295999962
-2.550718880819685
-1.940130642096072
-2.585788735641442
-4.360082101182073
-4.180702942732474
-3.172741177137695
-1.346714272001943
-0.176311586023739
-1.984947400450450
-2.001110830714484
-1.717592452330577
-2.059133505463616
-3.136033383590591
-3.284299254888906
-1.056951732464674
-3.751201848351018
0.451918632634693
-1.085221207345185
-1.711211336661662
0.238441495074324
-0.742037484642970
-0.615452670853952
-0.766713117465532
-1.117824021299110
-1.119466761628665
-0.436770307199838
-2.118146492517333
-2.685812971813987
-2.057114158589464
-1.833370761967884
-3.150022723018520
-2.891043015395895
-2.703458990422210
-2.316926601989852
-2.152163897234333
-4.077541496729613
-2.663181848886969
-2.072465292937893
-2.637736217454553
-4.215652540981270
-3.511660085671967
-2.828212236867201
-2.618874760780783
-2.935784077957906
-1.332027572999905
-2.997038927542518
-3.649698949591372
-5.051840832169021
-3.280033364844245
-4.881753056767926
-3.632182207385772
-2.575700733313109
-0.912003153662485
-0.570574489655859
-1.319007236911346
-2.386917849652126
-1.409178144886662
-3.224581856924376
-3.042658036928421
-0.127262492040850
-1.134452604838410
-2.146924537301324
-1.076420078997400
1.079832223055665
-0.044664280761589
-2.230191764840504
-1.687316717910611
-0.712950702402740
-2.760175220404968
-2.159249583354581
-1.025476381061629
0.253016892393145
0.978533445263354
-1.633929656455812
-0.237398115181138
0.038092557932623
1.045570174213642
-0.960630675323428
-1.322997043413068
-1.478682905230783
-0.326630137662589
-1.279037537325777
0.146524158602100
-1.831314090786508
-1.914698290972682
-2.194690954833258
-2.206710960875842
-0.968411015035583
0.049521014148978
0.346092008167227
-0.322786078226256
-1.419781998476569
-0.042180229213483
-0.931155113383267
-2.287529007267177
-3.785868136008048
-2.305875228330152
-1.915486100697382
-1.270692966551174
-3.458212512735961
-2.873564570194349
-1.342647833137937
-3.198389390724131
-2.724720893181631
-4.275471032764619
-4.747228039636960
-2.499957781518283
-0.343128514286784
-1.040448768118927
-0.386115305013696
-0.863946578163402
-1.208808056143396
-2.423797491201202
-0.877170871236414
-1.057191089728505
-0.892555366920589
0.137880779253941
-0.883273418429091
0.545395924784701
1.241340763245774
-0.789830363610902
-3.391049018021821
-0.137691692540273
-0.079145129514222
-2.062465566627382
0.048220033143544
-0.722134317071982
-3.282153971981693
-3.437076366458696
-2.656615573270042
-2.626224213936141
-1.511562202853203
-2.694055117408286
-0.714522008122371
-3.957205878207470
-4.028618291265096
-2.818618823935500
-2.416927294624641
-2.728886464130180
-4.130487772099992
-2.655282131294785
-1.824380456147734
-1.430866678180235
-3.392975720463539
-4.670814937727839
-3.678537634936464
-3.333013009292129
-5.635296908110841
-4.661079579373720
-3.517353606585757
-2.458025726935037
-0.794831026031291
-1.306629631728221
-0.975891439534949
-1.853367661476393
-2.489031699006750
-0.839705043243105
-3.069249921532176
-0.596908330797666
-0.605447914557916
-1.723037126107962
-3.874327493842929
-2.329246069526270
-1.828494575869243
-1.702665310915411
-2.240137331679146
-2.549592674265241
-1.954971554118644
-2.384596864300343
-2.961047757282341
-1.898558282273194
-0.598062216326595
1.440590318364970
0.694912991435586
0.220138626686209
1.057180156764389
-0.033861034465087
-0.983125431895731
-2.145494664320358
-0.929411154481495
-0.972710123248195
-0.532818136669078
-0.113366219556598
-2.677080369147912
-3.519639936940669
-2.109796639939821
-2.295164613278498
-2.009787301930651
-0.834874541417305
-0.917935617148200
-1.348389187743449
-1.098843833399161
-1.288562538130922
-2.940425575020031
-2.077914225011309
-0.832282743486004
-3.598815804086648
-1.365341972983781
0.767078534969293
-2.117954531744431
-2.755555139999449
-2.478322100752206
-4.195652075327504
-4.624163896892905
-0.709300535641696
-2.178535449352944
-3.385310176084748
-0.479637390415005
-0.012500699876034
-0.518590650636051
1.284241573512189
0.240577915437577
-1.758889914467511
-0.686859325999699
0.746543771335739
1.387675195524485
0.242878502938868
-0.639536537108763
-1.457274912958137
-0.538647331098012
-1.244368504062775
-1.292672083835684
-2.376256763782815
0.094241884827428
-0.816838270799328
0.282567028728872
-0.511307024946031
-1.494149154582343
-0.646648404597912
-2.501624139426012
-4.538719546493255
-3.705384090131296
-2.616195836180535
-1.312772439705520
-1.826755702949625
-3.124014143295141
-1.880543747787156
-2.364547741609234
-4.303770393877533
-3.411546427742319
-2.631094601366358
-4.227691353817386
-1.835807791027035
-2.419006415683356
-4.394765400321101
-3.728961781520952
-2.066267983641980
-2.821952286801639
-2.331407893356835
-2.515801686613121
-4.229649778710789
-2.639435599293394
-0.778956005181167
-2.682888151586228
-2.705467976680286
-2.170751783642332
-3.877665292777242
-2.609200100778497
-1.432337639665973
-1.841225093923220
-1.874185466095882
-1.598974560203009
-0.808229521843174
0.324758211598974
-1.267534980425186
-0.973912869686197
-0.351844853982417
-0.166422942472423
-2.635733602527173
-3.126831010615054
-2.548209683090940
-0.885658787483571
2.936786322866070
1.911003962389188
0.313318643290734
-0.864868995907671
-0.199888488555456
0.196809072875965
-0.783756530219442
0.410472491876179
-1.147435412930317
-0.788136454884240
0.763827837734272
1.306042094484116
-1.044160095431597
-0.892558448125491
-0.106915812960140
-1.343588122210549
-0.713498564451223
-1.876164385962747
-1.570179984389437
-2.460825777220551
-3.760581220779852
-1.502022139019445
-1.024076092305473
0.579415231510887
-2.239304529693555
-2.220660187748682
1.281497429591128
-0.338222128004324
-2.137234676156945
-2.341011199090940
-2.308510761772683
-5.383210888865317
-0.984046191814744
-1.801369859536769
-1.000495724148401
0.037858635233514
-2.196890145948932
-0.382240335812686
0.978482230001534
0.843816081956557
0.015457976564841
-0.049415554593630
0.679599958522623
1.695887877872724
-0.073003183374542
-1.642933477341710
-0.606702423476996
-0.653803008275721
-0.185319263373245
-0.937131790677177
-1.117169602800372
-0.758893153295757
-1.238431905244840
0.451532281286904
-0.009419942136763
-0.410804977215793
-2.580971519172734
-3.484722182664849
-4.019422630520251
-3.880207638975443
-2.481775082099752
-2.021550591069409
-2.936393122081500
-2.121938680142332
-1.890187663507759
-2.762740229635851
-3.777949523138828
-2.695534295915081
-3.993933178125839
-2.970482011614931
-1.817177644752287
-2.914996717957264
-3.578666142973287
-1.597424445368420
-3.273487664137726
-1.944607973944115
-1.925639610086599
-1.752003126520453
-2.698897283813574
-3.461516722672771
-2.569747760719967
-1.823199240206025
-2.432803566649778
-3.704476228134784
-3.495861233889748
-3.675086327481294
-2.569859016364066
-1.560960287191917
-0.004871595078144
-0.968041423231595
-1.182927162179927
-1.025306706066119
-2.142277925049020
-1.442326735322691
-1.441993994819371
-1.119293357338000
-2.551786863204799
-2.462638037577969
-2.224520420410942
-0.345754150760932
-0.262929091720409
-0.972890284672523
-1.717042543068948
-2.018506544836713
-1.905340541024939
-1.232752534082007
0.756639856423610
1.407906146663982
-1.091942191982143
0.701935489034844
0.597408558087701
1.517176853063173
-0.193008132411052
0.203638366743935
-0.506568268621394
0.037521736394716
1.415033607615262
-0.780287539828792
-0.996034193356724
-0.269654147459596
-2.585888083430723
-1.581057773470403
-0.042612412756115
-0.825185466764406
-3.136574510834034
-3.003471776850585
-1.013265899237196
-1.518459716472453
-0.072280530561206
-0.542164599819028
-0.880955413348402
-3.347015807909876
0.617343862642816
-0.519316744224468
-0.553646480013634
0.896018667943039
-1.110187707203066
-1.195441459031034
-0.758135636698963
1.749940672161534
1.853145691876173
0.572911073881126
0.652704024286123
1.155035767227630
1.628500815713020
-0.152284316597096
0.095883791965696
-0.553770535666683
-0.758168051654619
0.041331927806315
-1.413713660118005
-1.871325220871092
-1.232895527168755
-0.227032028384901
0.739261405502555
-0.816606580959752
-2.048857313717070
-1.748885786088109
-3.644107012977047
-4.556034990516008
-4.642143517028363
-2.246699501689342
-1.401753031708671
-1.055114509142788
-0.719026387554747
-3.636864150859064
-2.788379126877836
-1.724173242613982
-0.979067604864034
-1.432706915386394
-2.243714353834599
-1.556948118044482
-2.613791996687261
-2.573824138876557
-4.871770070201708
-3.863213570053380
-1.223083167609527
-1.129124933466929
-1.863975796522563
-4.762671351065371
-4.945512693546396
-3.791216359939065
-4.166100641211270
-3.181812412230497
-2.020895221661226
-1.760208034691984
-3.721313650396108
0.611386319645204
1.494955329963262
-0.748668747775688
0.338500957047511
-1.287125095332109
-1.952818290836842
-2.039401458245468
-1.888736808871168
-1.754013823115416
-0.619042248756173
-0.089105112219154
-2.145941209236663
-2.540137286626616
-1.253697761842661
-0.852269258847537
-2.119493159170499
-0.645303075745635
-2.614101670442846
-0.683401041405909
0.118876707461204
-1.178158013508853
-0.711951779636534
1.166998749470459
0.815467629088602
1.241718458187974
0.003858217224376
0.306955827300763
2.180057092284390
0.237455662214006
-0.360531300835692
-1.349949871656914
-1.667244466704338
-0.969820766112938
-4.393358426583085
-1.640328012313000
0.326461911126689
-1.474397626560467
-3.827975826919964
-2.550782785410930
-1.103473274821136
-1.209559738384265
-0.488834243681470
1.049664134691247
-1.472367968363013
-1.906067025647457
-0.180917096089654
-1.860068124682122
-1.231216622069270
-0.863074826360650
2.164950081593765
-0.602642348772201
-2.276060671856993
0.287430767692513
-1.059641832515087
-1.298265390616719
-0.096557588679675
1.147454958974718
1.495875404767474
0.773996173950413
0.673123831400096
0.657512326056705
0.682858191438376
1.161290789263678
0.303843634998429
-0.859857887805357
-1.033882538094090
0.335800441239982
-1.136357926008925
-0.262075066999731
0.458831652290853
-0.398967949604234
-2.596991571073592
-5.097612124112796
-3.716598691813488
-1.347269706716722
-2.115895106872475
-2.380572029015767
-2.011026145396322
-2.945530076227336
-3.732401156371665
-0.715967276590493
-1.799895739400862
-1.365988092857793
-2.491324005789136
-3.154502805347346
-4.296404261639223
-6.156640576721038
-2.838001116795943
-2.128952874374511
-2.052612831439254
-2.184578326696325
-1.905640219323601
-3.558807983974962
-3.699477108809124
-3.853185666885841
-3.000817584647986
-0.726972801058382
-0.658592878903245
-2.618661751917041
-2.718187540799828
-0.176630142234630
-0.054796237020476
-0.262729289225760
-1.394140595762192
-0.438209307924747
-0.476603848753962
-0.669685256335663
0.021968028548930
-2.037991640708027
-3.195087588626378
0.637884229432275
-1.067713899697476
-2.748230916128857
-2.418861754833697
-2.499872740537258
-1.497374035914253
0.319019774565479
-0.546528991397033
1.022633017534959
-1.865085221131953
-2.537828244913575
0.374783010907872
1.174955122299353
-0.600408710047619
-0.258412526814085
0.069327901134879
0.784843271274158
0.042699763418519
-0.524337768327659
-1.066515885843713
-0.777199168525971
0.730598246534714
-0.584465256265922
-0.773643081229055
0.124702791954258
-2.234317663232524
-3.200750111153484
-1.420756550858670
-2.008440567478563
-0.539711602733058
-1.094404301905584
-0.856046274669331
-1.581477488207629
-1.560974784729563
-2.277753423795242
-1.891033711222204
-3.684886667693700
-2.786979064627313
-2.233018114197127
-0.143575698421942
-1.397874014156849
-1.098258910288664
1.144786116906130
-0.701875809994039
-1.937571333992826
-0.119341549677386
-1.217256177386147
2.364010086046566
2.097812053689414
0.893276072876627
1.228371751095275
-0.060842820971841
0.820250128891553
0.400012007262953
0.115693218014516
0.753643513870376
1.237752609630990
-1.476124430952690
-2.548087573803896
-1.143488877510131
-1.568641954207608
-1.527413309032114
-2.955862519403474
-3.292275546493728
-1.215332620683311
-2.536116333463153
-1.030515086428242
-2.911814736369334
-3.888414594269981
-3.601100952849756
-1.554230071381026
-3.127670083627345
-2.315635953026375
-2.274774339296953
-3.130939914495441
-2.735086943041778
-4.375988488602035
-2.869387509116379
-2.680639806069143
-2.666465320507076
-3.657029024873808
-2.492180278882195
-2.041254186072338
-1.343902688973601
-1.656665617070245
-1.952981198648606
-1.063429039131820
-2.562404723176540
-2.882767428731728
-3.854102674990179
-2.088747710052942
-0.405749318139033
-1.310872036201179
-2.459664912666243
-2.666361948520099
-2.226724202217733
0.545735150803512
-0.496247898717630
-2.027002514230277
-2.106250372899134
-1.843970002238814
0.330885614635264
-1.005510905383269
-2.610151475636949
-1.780579780027354
-1.462323441982665
-0.779704009771637
-0.570691705756077
-0.917506490737038
-2.353311879258742
-0.954166112794499
-2.114998163280585
-0.684515245143552
-0.143417628856667
0.583197383097246
0.448327544373948
-1.527017749732335
-0.650039269803843
0.077134645694134
0.546170010387949
0.540561173836841
0.713321167519011
0.700957761577128
-1.315921424534978
-0.700901918732715
-1.047448102927592
-1.257123219339894
-0.441664101420882
-0.695466421069948
-1.102998607241396
-1.403914374732933
-1.192378819743967
-1.187090823239467
-2.127333483661257
-2.536303975628335
-3.136656175168679
-3.418406973644329
-3.014666937021510
-2.599990230053515
-1.947711225664737
-0.729689461038025
-0.401211453166640
1.329014178361226
1.223969380069635
-0.090836892110129
-0.017142689357805
-0.121839142815048
1.051308238393270
0.731346039764552
-1.981348388195755
0.633188814674314
-1.190443123634932
-0.299694394774281
0.132612370030612
-0.609433426865008
0.493085017913369
0.280703941664465
-1.295215467857090
-1.392018074587874
-1.262693770048285
-0.113462409841451
-0.938931125635681
-2.965939148056951
-3.523029145098785
-2.076254796681431
-0.730929696129710
-0.621355170112068
-2.094332761914530
-4.079143627850655
-2.819464283001315
-4.586763757442330
-2.688247626739154
0.381666760449483
-0.211324026366934
-3.615773515280730
-5.172895932240820
-1.843187609569146
-2.560360384074760
-3.192079207230733
-1.912116218273356
-3.395260093236794
-4.173192469155710
-3.322075222164660
-2.553890770805450
-3.373228907034611
-3.549288441380702
-3.583653932675944
-3.194356013807350
-2.928249555299914
-3.835250618652586
-2.892741436590419
-2.048431129669424
-3.255320841903398
-1.327531991429312
-1.602550273246686
-1.276358755705100
-0.489383913557197
-0.770572704968576
-0.369409513048471
-0.014469149349863
-0.783794768146997
-0.868520052646241
-3.258603751358982
-0.720685119515376
-1.881130032546529
-2.681010399949021
-2.070973512346943
-1.068491916643696
-0.456308818610560
-0.331800248132271
-0.362651594306654
-0.113579983255279
-2.262602999282390
-1.637834546528901
0.216978707475172
-0.734211294274719
-1.060059809890992
1.700272098435242
1.156416566405294
0.553629221455994
1.438833281839945
1.189181568669971
1.941250002918137
-0.654414183411465
0.421474110997996
-0.397872594237060
-1.765970132169401
-1.187924864425141
-2.526819279879515
-0.738191621335152
-2.864300431073874
-1.295004501803673
-2.693972433671697
-3.054223581523016
-1.917062888289180
-1.710322757414921
-3.204111135834947
-2.020627289486757
-2.096067766396795
-0.984647473854106
-1.592837632325219
-2.363771208039663
0.174494838783291
0.821891322583851
0.413394227658027
0.863762390397394
0.072356418391649
-1.321303632892757
-0.055415350055610
-1.243740435980193
-1.286956445701318
-2.561471672302750
-1.080310734913539
-2.039319015462004
-1.965912511239825
-0.763261516384163
-1.581212441771234
-1.447479535166526
-1.223568308321338
-0.705383071283759
-1.928629650264027
-1.306786409270539
-0.992284727131453
-3.210057930816663
-0.298696031403818
0.962212725639137
-0.785032142904333
-1.549548518306646
-2.615213196176498
-1.945834867592448
-2.310174025644951
-1.857673204955459
-0.229713585451046
-1.499933719537387
-4.840764469904337
-4.360655599531056
-3.995527413057180
-2.511755247106575
-2.200015282071499
-0.781965609449582
-2.429766105394243
-1.438993981185298
-2.658104520256630
-2.881042965939359
-4.545913004042569
-3.824482454114310
-2.150318746605046
-2.413580786630418
-2.564971223609639
-2.394283035199258
-1.920397324990668
-2.031271034359567
-2.973558648539418
-4.196429064428168
-1.563123962315473
-3.235477390882096
-0.178081738513999
-1.385762177773972
-1.363845716732200
-0.519927876643678
0.133528106258868
-0.987167048504175
-1.815108289950813
1.243270915995645
0.009188357689268
-2.341578220228646
-3.047772305932407
-3.623618071729271
-2.705341218693778
-0.515940021911621
0.872255743977646
-0.919759247422290
-4.017895229962725
-2.407944389340648
-1.189297517629833
0.793811402085377
1.301245245300092
2.988090480463891
0.337113551868256
1.893003194063997
1.335049198300392
1.006439210500198
-0.312892470162243
-0.193041598772117
0.642981495242904
0.029285989327926
-0.795094955103918
-0.511966447103461
-2.248565593272145
-1.663434299005612
-1.302571600195183
-1.195323343023393
-1.362520659367566
-3.061494042371839
-1.213043599056380
-1.691010619117583
-2.291486069304377
-2.696753517510180
-0.968103415219162
0.293595127554028
1.246202079927934
-0.044465136665332
1.116184316550006
-0.051447203080660
0.221662723788103
0.213853837368655
-0.813374754588446
-0.071329925089402
1.892309979965121
1.485005442022064
-0.912517282760395
-2.356729670185806
-0.593689155609832
-0.864966709690809
0.389370765926832
-1.258337991995166
0.110155987567095
0.550088946113222
-1.285390838767562
0.613457531191588
-1.719708517690866
-0.088482767418874
-0.178838569349609
-1.924430238433692
0.125610408992460
1.032136307398861
-1.253323961598892
-3.089522639339224
-1.843478182237140
-3.140077901724768
-1.740950402312999
-0.139985445134715
0.353293305917136
-2.305693265746733
-3.727583413387416
-1.997384590277867
-3.884611598612119
-2.259661340511520
-3.379702908322054
-2.071280640489032
-2.905255349097499
-3.911641543312043
-3.399596414496119
-3.442366167614316
-4.005080608912713
-3.879950147896102
-2.457008508705516
-3.413479401409832
-1.131879080947289
-1.177741372481148
-0.884458303219585
-0.377886241706084
-2.593969935222118
-3.178210303055809
-2.550247466679922
-2.823081768652957
-0.061902583993501
-1.002489456221151
-2.597910217173130
0.139761581557682
-2.216353398473942
-0.437635377428223
1.006286339481816
0.651642504508997
-0.359324094662663
-1.821168425517220
-1.164265036929250
-1.860682893880529
-2.609696210590398
-1.606691643949419
-2.363157625262133
-1.659449377966969
-2.186853817090206
-2.275668477099758
-3.458900689965044
-2.071001200563292
0.302655611617482
0.078461059399071
-0.197482214725775
1.090073465486413
1.066150368461754
-0.397027865226515
-1.801230835042687
-0.844017579655893
-1.398437311445694
-3.421652850886525
-1.689179772903071
-1.299000676647158
-1.067923882528838
-1.312815139345308
-0.502428521958502
-2.131056052275857
-2.865784698124762
-3.486649924720215
-1.102244517935372
-0.082939760367954
-1.416351384875750
-2.076166043836416
-1.968204163481560
-0.924513639761622
2.133390852158423
2.141118022903351
0.802676335855245
-0.170198691811010
0.502496803144611
1.078574400190146
1.282828816401111
1.925781510628254
1.412612482786253
2.184564727003561
1.095934694276703
-2.573027845598321
0.280286035473694
-1.434508484041080
-0.287510151783924
-1.547188360133874
-1.142688592454771
-1.108407438137676
-1.397129038413647
0.745427150530195
0.670111526687824
-0.824132402771762
-2.102669168073886
-1.744917270893650
-0.520692336536597
-0.413495529468969
-3.324684039782226
-1.470437297226677
-2.272669295888348
-2.854184286905111
-2.485319196350247
-0.971747355602393
-0.390470661030113
-3.383723396426525
-0.839215463002474
-3.176984326376304
-3.998833886258502
-3.265945253566821
-2.094449331320378
-2.689880966948818
-3.760211086858030
-4.612684956707954
-3.442633654855063
-3.849956356361810
-3.605310291527406
-5.152800252089102
-1.896675469380565
-0.332107825641162
-0.924763526043946
0.315403118194945
0.138684424417612
-1.786839527974289
-1.040262754464826
-1.656914512199377
-1.119131573429351
-1.861976864666289
-2.268043575178880
-1.738245861281914
-1.201932516678392
-1.799111440994612
-1.947729587737341
-0.628903083391660
0.222590047149423
-0.981565178245185
-1.916221904617414
-2.564862709811340
-3.836522914670608
-2.097513500423257
-1.186023741258133
-0.545999158015985
-0.977751635535195
-1.313041308428251
-1.707829384828378
-1.704779233326319
-2.227119628462433
-4.698430454602130
-1.834137096266716
-0.741256737743163
-0.169680499416884
0.573210692725663
0.421556804456490
0.340354475057849
-1.186955015986993
-0.698547194522114
-1.732007594843026
-1.362642489889334
-0.563839023943587
0.031161953481787
-0.430138236532211
2.828354394364085
0.306668794753947
-2.129366689593885
-0.806993227714256
-1.578896995167263
-1.027105141859825
-1.142974168714292
-0.848871001700933
0.386910269003591
-0.533869768318139
0.557489871254411
2.149460628355989
1.918992087421324
0.209256705326281
0.082800411251341
0.684681605892295
2.374825752927824
3.528745710587649
1.055137310109935
0.673676322353643
1.663557024630222
1.373922494424351
-0.033237231712542
-1.557003966673435
-0.569186767844322
-1.309014578387629
-0.492236168830957
-2.414963848773559
-3.257532873033059
0.625101596630462
-0.795394709391414
-1.087639583731509
-2.908457798812123
-2.786154968897056
-2.459067374457781
-0.166815953745275
-0.848919492745480
-2.281650833810678
-0.820497478780421
-3.379991268048620
-3.459445118047759
-3.305502898643210
-1.974474858821631
-0.108801531350787
0.227493696500690
-1.840581229220907
-4.186187958146150
-4.331962240225748
-2.670722839861051
-2.760859678181251
-3.823238699750686
-4.181619691218819
-4.377937697971555
-1.858786684740320
-0.532593619715228
-2.183897843097395
-3.920742417160802
-2.397762457863481
-0.768142979470937
-1.732512392347323
-1.123479639183032
-0.713834149368762
-1.067490065955722
-0.968131293164720
-1.925434192005460
-1.449607152204314
-1.610205275361897
-3.277373627635636
-2.183966970956844
-0.451367291927244
-1.601190795878657
-2.967177068150296
-1.502150318582030
0.012615205424223
1.297726171419644
-0.888860236559432
-0.995651730804095
-1.151514405646123
-2.307961171467829
-0.355716508265937
-0.047404311005729
-0.844780520478059
-1.704698337407931
-2.076538335573852
-0.677648513838397
-0.939562228320389
-1.012172600929149
-2.538544733010400
-2.346690360301065
-2.291577722481000
-2.212743108489770
-1.613730053136322
-0.426565454675880
-1.220113331951784
-0.489705454576192
-0.549617871504166
-0.967200558895267
0.810030864790305
-1.944604294894497
-0.618421753412933
-0.008781391951810
-0.273410432156854
-0.000821341741162
-0.821953650476890
0.294534320009980
0.796401205385173
1.332291807949819
2.237339076855837
3.024057751659321
1.576554544014076
-0.328440571909822
0.402923280996757
0.098699291497115
1.975116547400352
3.102746641450305
1.497206334961040
1.695036375966188
1.744505350418708
1.922397656082130
0.571883005792139
1.674493166270594
1.114591171430914
-0.296554190575463
-0.452924135559444
1.076624576384331
-0.054250018788460
-0.895647549492962
-1.952951739264170
-1.701545682586962
-0.868860364408019
1.081288505604254
-0.943336037192054
-3.077864582443248
-0.975011426276350
-2.215603761101776
-1.401396378433684
-1.059362410775760
-2.710695430113271
-1.217793902391086
-1.226120165927860
-3.450815792996629
-2.353532179051843
-2.932337901506056
-1.157613376283464
-1.270264514738628
-2.673379815970144
-2.819620105548801
-3.842442728146294
-4.910657427925110
-3.866607617021623
-5.143023767002268
-3.443331498526949
-2.296319373618929
-1.565948959183168
-0.099446807975580
-0.721603326224606
-1.242701073845282
-1.564020222172266
-1.642925206732618
-2.469022561378883
-1.984175862480627
-2.110928013281824
-2.982726969194955
-2.247059243258485
-2.279006631607839
-2.397151747221467
-3.447257434443882
-2.318736102347243
-0.584539651250188
0.324010202084287
-0.238108687876755
-0.447907122939037
0.266294133103016
3.163937673666114
2.205838576034469
0.287838007259666
0.212276263867683
-0.871042741783887
-2.325485711750245
0.081924235138745
-1.738773885568388
-0.603720870086871
-0.067764244435055
0.335042289769516
-0.276455375164057
-2.547630241378637
-0.772567126377142
-2.620716741286166
-2.243897096864526
-2.931283174937613
-1.218731635804261
-2.140908560070387
-1.735533946245385
-2.251203537651166
-3.216995089095984
-2.865316319253864
-1.594722398834703
-1.434998026102647
-2.141942854765230
-2.069311087996036
-1.433782768702225
-0.767030044959712
-0.748232596932490
1.830012278533363
1.860888599299618
-0.663359471180511
-0.434245168892315
1.303193458594486
3.038275946225782
2.919094730923450
1.208372621480952
0.528663414500909
1.191048314533181
2.831737810498987
1.107939594738812
1.449412856786564
0.278596820854231
1.477074054350770
1.715206741709167
0.993407940307046
0.303483999028594
-0.674273134830624
-2.704286095215561
-1.721562110388985
0.500089181445408
-0.490572646897918
1.248550529202986
-0.883956683797501
-0.590683259595073
-0.657600076641884
0.966480420178724
0.332383698915638
0.330004580661196
-1.597128744326083
-1.324324833118543
-0.751279848737039
-2.882255635513089
-2.006010316397305
-1.205807854560755
-2.663650618405033
-4.880508481101049
-4.154332662000852
-1.610980115028085
-0.644638446878745
-1.975024242355465
-3.766769201864367
-4.484931429894809
-2.779493488048057
-3.095026671273918
-3.449029339575178
-4.244365144506304
-3.057270293344058
-2.573623476837352
-0.973556156998797
-1.063409614095927
-1.346795332024457
0.410136087651664
0.324382784330269
-0.412183969154729
-2.482209089318169
-0.969507196423893
-2.628932521761883
-4.313503380334978
-3.545140776395995
-3.503578613526439
-3.014312501277775
-3.256262342795329
-2.350493564945253
-0.184629696109797
-0.930923287529181
-0.326745668281098
1.489373814276098
1.058526368896996
3.188272088926531
2.339493298601560
0.831068288458519
0.349702192877536
-0.064297675281945
-1.331692147516859
-0.694630092773649
0.249701474641426
1.200730476538250
0.716085733185869
0.143698536875827
-0.139425238408046
1.623915698205086
-0.206891977263170
-1.222828919032629
-2.148440326674860
-0.755347539423361
0.419739486887599
-0.087795955692042
-2.031701936162211
-3.833751499494889
-2.924777755373747
-1.443347181871044
-1.688612930520542
-3.181758016189620
-0.960695243857290
-1.989232244275111
-1.580414337115263
-1.578864643933814
0.519230784443231
2.106627911136234
2.228711503995632
0.065396735779447
-0.023584983205238
0.966795425357279
2.523183131756239
1.598523486906524
1.441937469103177
2.694376025459705
1.766778407347711
2.499015987563666
3.557634567959325
1.002802550079646
-0.254261478184393
0.810922014295363
-0.060069152798026
-0.805946785950113
-0.963477392198485
-1.514465173919618
-1.032742120705756
-0.919363489420936
0.102635518611169
-0.599227422938877
-0.029195931478935
-0.254543733778760
-0.981771944200368
-1.654037159594202
-0.044461238339947
-0.203501817264057
0.109523684799955
-2.927881494330784
-1.945013796758555
-2.922726553218967
-3.474500361509899
-3.085902541928692
-1.558237719099824
-3.093102012878111
-4.824845517339854
-1.986539983624625
-0.770619862272273
-2.804340320303689
-2.901383596540312
-1.792541936641413
-2.550870149353797
-1.953887332541466
-2.029765174344392
-2.606255279013467
-2.604066053298481
-3.632289955800295
-1.435683180181276
0.897193697961258
-0.302385474350045
-1.072843917247555
-0.232189507702710
-0.856400071104956
0.201901996861802
-2.867586967645977
-3.915337788562539
-2.677103047568210
-3.949776867626197
-4.356876038343247
-4.855251031696236
-3.050505430453143
-3.360752873997373
-3.827128793045812
-0.298529980911690
-0.770829103762494
-2.659253065098363
0.563039519230922
0.274342861559454
0.903958068601594
-0.268260545917903
0.258030524769102
0.641456684340395
-0.581291349531930
-1.521493678400475
-1.619284014797469
-0.626872569628283
1.252668594070590
-1.057604881687408
-1.740733649482901
-1.835156788686543
0.823650094435227
1.278359649150302
-1.143561185227596
-0.544743735095430
-1.773193989641850
-1.282784574630105
-1.615098202733967
-0.296266139042051
-3.184346292386610
-2.687779881530051
-2.866295621635524
-2.754964483446156
-2.182204699600528
-1.289098106144898
-1.325896015667395
-1.727395220001083
-1.655979310147498
0.358772013726332
2.276527266231205
2.534787074062167
1.823500944547532
1.579616948363685
3.577166697568880
0.693383631195379
0.013546214454410
-0.066393922973580
2.181932947106546
2.737656746080260
2.194147965500523
1.481606080412870
1.649154310477947
0.389774973533697
1.171688671959465
-0.527178285955032
-1.548825100900922
0.224256483524029
-1.316910534107376
-3.630640688660285
-0.854469306997616
0.710013312359268
-0.520703987503062
-0.061877131425665
0.507987124830321
-0.878608657862872
0.899057851269366
1.560093902953295
-0.797542786625159
-0.205077731872499
0.005946381338602
-2.721278637902208
-1.934872988707461
-2.336865307162936
-2.466956261814486
-1.016992291594994
-2.859005449518567
-3.773172283035043
-0.939922715588074
-1.880122904307038
-4.014647621883931
-2.524082056017743
-3.919095764875105
-3.441931689706855
-1.819326342979529
-2.981136517904912
-2.496396820739760
-1.405633160691176
-1.986970081862244
-0.461990062206854
0.456976293309842
0.891099436249435
1.146482541449219
-0.784190463847578
-1.511311358068698
-1.513311371757655
-2.153096350929792
-1.851364544553717
-3.266033315260586
-2.230624425947147
-1.321663788129284
-3.441325734491864
-3.876825739018526
-4.126065296017649
-3.529737153266725
-2.539160608764968
-1.941600022979094
-2.957262294805475
-0.888715844077734
-1.235407810702275
-0.357750816171452
0.520979851467633
-0.296804771546706
-0.507595589047064
-0.558721334951918
-1.154193030856028
-2.320359010513465
-0.325099137833700
1.853338423247055
2.055820809501674
-1.015462381243257
-0.656589733292955
-1.173480766000671
-1.431037217269965
0.152029518743930
-0.182931135364167
-1.692038948406961
-2.017675892307173
-2.278330210431426
-2.700483495679074
-2.424949625619171
-2.844474171128381
-2.898497092436519
-1.748669399387079
-1.257875813769301
-0.528977754509321
-1.031200070801894
0.077483178932227
-1.163339248631969
1.148220158783944
1.316407907871630
1.650733457573126
0.808807767705244
3.006618276275599
3.043698540370991
0.598576120628745
1.319339604934314
-0.949621447568439
1.500557939411715
3.058761838359920
2.426999971097024
0.144460768159396
1.036607267418154
1.896496811437392
2.647901930703761
0.895675444014607
-0.346655105151080
-1.908519410044260
-0.424365932932894
-0.796825530722549
0.793171903069970
0.917937925802335
-1.695939446194509
-0.120061790438757
0.865461424760513
-1.857626272520398
-0.944735627048518
-0.910149306445177
-1.607971788028967
-0.724898824677055
-0.972810606016353
-1.869818884028263
-3.260529718427477
-3.510839893921721
-2.669571015896959
-2.784187373701655
-3.353639261742387
-2.603813328249580
-0.694486208921285
-1.069678885653535
-4.198039406767857
-2.549691371318628
-1.908543701065282
-3.943096903848025
-3.622121768825482
-2.798141844933296
-4.070383474749136
-1.583979190809607
-0.800985946914560
-1.444609877598575
-1.932719714431104
0.642587958280410
-0.299251706886631
-0.370390984258732
-1.415905191791639
0.008240705202008
-1.912176219967729
-2.004055319286159
-0.335431885218421
-1.355088522308873
-2.560285587943953
-1.538374264718879
-3.287460269150769
-2.760759130988451
-2.410484841098390
-0.673728107275930
-0.315370520670002
-1.453252696378779
-1.816954223490707
-1.278107475651838
-0.030682344539950
-0.097901568753938
-1.892833471197742
-0.999758859576017
0.445964191638127
-0.813270767863512
0.772028371983146
1.500182380663298
1.286488183469346
2.053886135817353
3.357980894423158
-0.547614281723866
-1.926336297132752
-2.360803096187438
-1.446546456282897
-2.182002821070245
-3.593282041745445
-2.464299816342433
-1.937467352140523
-3.453810549683036
-1.444654015683474
-0.531014848547277
-0.564040537144655
0.137525007187327
0.400482996624164
-0.500561744414530
1.553273095261986
0.050799062385046
-1.544154084841539
-0.371114278488736
1.408099756865402
0.919264577864574
0.825858627070488
1.991249601162118
1.738252299536925
2.494222283788377
1.514481699703342
-1.729259048679227
1.150654154809058
3.931720281112276
3.675746188531514
2.979599532972409
1.724021823857292
1.257372944493498
0.822764925529449
1.324938958245604
-0.717295124048178
-0.569682401150439
1.021004251646010
-1.326360234401910
-0.128008798884804
-1.468043006723509
-1.008395490063000
-0.534755297711440
-0.889413687590242
-0.744001213617617
-1.572782046069870
-1.132166252813708
0.751776242614786
-1.107418788362861
-0.926074394975677
-2.162715847467601
-3.433601468987110
-2.932930688282720
-2.832466303370837
-4.284855110667306
-3.600331132440987
-4.392046103805754
-0.491379197831593
-2.254939068519561
-3.612084799669100
-5.455414287054772
-3.469375839817411
-4.133628265020570
-3.960902454430281
-3.892070945494023
-3.143531888998252
-2.162733541969815
-1.622850385215462
-0.226759094701704
-2.078733706317074
0.169045815621751
-0.421487668955084
-0.882218861791583
-0.276032326256526
-0.618542505870687
-2.695482446742354
-1.484526679721097
0.980990858726672
-1.510242105491614
-2.619095371175686
-0.967258619564543
-1.876180464942798
-3.526389313075740
-2.317054937156629
0.913394120146881
-0.096224811103354
1.088812964731446
-1.696324415773325
-2.910931639129216
-1.821272766472415
-1.024588978508654
-2.043705423967956
-0.963202734816922
-0.863344244311739
-0.571497630151726
-0.313569242734914
1.129894360282248
-0.624735281506515
1.567622863014485
2.131281689447581
-2.443395185409411
-2.689496797596608
-2.192456159903180
-5.174582035204876
-2.765933830623458
-3.858140072183383
-4.426873813636979
-3.977631628155878
-2.781193074444060
0.550475313051047
-1.025810054062949
-1.339993463554760
-2.263893756491438
-1.621916283457861
-0.774559174166350
1.152740966527249
0.609611571093083
0.808797242982239
0.322154030854718
2.685355413844117
2.169074929274152
1.160648649254485
-0.520086610789117
0.675828172911850
0.185100039916311
0.422239911347861
0.869820722974285
1.276009276738189
0.706140446640430
1.235735535251330
1.397016655728017
0.396614029888125
0.817242132215383
0.828119013230464
-0.153820419713850
1.059061058887017
0.835226294949500
2.855573851401036
-0.321203330130043
-0.779765185477842
0.622173178782722
-0.699883270735285
-1.446630796449971
-2.161764358739899
-2.189627850485236
-2.196358896443963
-0.836623378503949
0.002206109832612
-1.379297728267776
-3.173525923033691
-4.330048345806636
-2.213615567029317
-2.708393288215085
-3.579759047585995
-4.301649889425847
-2.641661163320181
-2.915698533966942
-1.315327066026434
-2.292307369520205
-0.767079478207936
-2.367657017144981
-1.838760434985046
-2.167646862685061
-1.911320630761833
-2.485486020393079
-1.288463616803232
-1.760804833730649
-1.157495463464866
-0.549268051353451
-0.315264747964523
0.658277454608488
-1.729620680891172
1.158555069982431
2.251743109157256
0.765854209652680
-0.320779297485271
0.806534642733692
0.893376876581264
-1.442057657137614
-0.377250674591750
0.495721019273802
-0.815281510184449
-2.379784675413867
-0.469158165863547
-1.380540531469193
0.713278251913898
-0.903330868994951
-2.994352865001333
-2.391786855219658
-0.715569401132518
-0.098797870830655
-3.528339925693358
-0.907666151147380
-0.789775350727717
-0.458466800415028
-0.101827939699724
-0.555262449218886
-1.193865943655937
0.608610240155933
-0.806067594039659
-0.443377388832334
-2.335763596038436
-3.202347332287146
-5.123048824993381
-4.105862709820081
-3.857073777275839
-3.899851733326309
-3.440627924190581
-3.899603773434097
-0.234099322427116
-1.922436980648555
-1.713727226579991
-1.257133271882695
-1.635231248513740
-1.064320612599706
0.124811688571883
-0.292641270182343
1.990371469643672
0.724732696734767
-0.011572167017608
1.790430468989551
0.541232444530393
1.413574113721356
1.244465956686712
-1.736106371516945
-1.308019414599709
0.980478827868155
1.086277111758902
-0.933465489433953
0.068338757074951
-0.375937890237835
-0.768019580790548
0.299357572895410
0.378396734772724
0.596421182641222
1.182681045069901
3.164565245440643
3.971145011816071
0.771465682101615
-0.713033773404463
-2.115961307956137
0.445447596081961
-0.400052233669095
-0.178333639530477
-0.380292890842832
-0.212193174667156
-0.658057458713138
-2.773178268880308
-2.428079379211184
-5.384470989701661
-2.803599455048074
-0.926393278470129
-1.484781157950189
-2.528188610830743
-0.475260810918991
-1.186513397113794
-0.826539047947465
-1.084013150691644
-1.506843205229948
-1.059459334463158
-1.279697332894693
-0.704074859668796
-1.163539481458744
-0.906859859261443
-0.732550609847587
-0.257662571368811
-0.959617137332636
0.077051331540510
-1.411898806846083
-0.179788114849773
0.901882584806717
0.828428150973260
0.897537604806022
0.712686876776982
1.153028442184106
1.665072643048505
0.768680923812955
1.201192755477460
0.019628406276159
-2.231353969103115
-1.958423633632990
-1.631758744957649
-0.801732040139879
1.346152036908371
-0.352765305397082
-0.615553832029966
-0.005731129044380
-1.734417251872695
-1.102524210879215
-0.937426931400814
-0.651433050342103
-0.992681255167407
-1.443349995645220
1.150992774340742
2.133139950991942
-1.360823390540853
-0.323241320510131
0.102431825373855
-1.717178764250328
0.769876603663608
0.293392514717929
-3.160512242993442
-2.802589977063350
-4.083939587326664
-3.399720775287242
-2.092026844593739
-2.507063348069919
-2.269386023597768
-2.349304311786649
-1.823741601051150
-2.114281607484284
0.072308949889604
0.080164966876429
-1.490886393829881
-2.488579444069460
-0.890979396110668
0.551227940423396
0.867644031126316
0.192402539847060
0.215666098676367
1.133128503502795
0.090931062128051
2.182336172548310
0.225102879629293
-0.303290133416043
-2.722556546300356
-0.435720008071864
0.135216211119725
-0.520364761080644
1.852761777868787
1.478589154069706
0.442419936506667
-0.181948618872850
-0.185404193000185
-0.088274710991423
1.564364582181822
2.784795746261420
1.212116556707843
1.347540829724804
1.390489542464806
-0.439980097002492
0.529314754924835
0.637912494836844
1.672922183216819
0.906995285355539
1.813652342513482
0.505273715961203
-2.067286656392796
-1.489387980648979
-1.743398035145016
-0.703295813357067
1.428863639680694
-0.402857038174182
-0.434527707484220
-0.480443003710327
-0.420295230348171
0.350730662212204
0.618790547325775
-0.103089343931829
-1.084630854988084
-2.885640906907397
-2.574945590554502
-2.829253020744247
-0.131363985127237
-0.450014651484930
-0.297854967756858
-1.155876553666404
-0.510097050205408
-0.116065788892021
1.119122857016884
0.020255307067891
2.472650943611830
1.860212513367905
0.376732814316117
2.131640041017786
2.198853061649242
1.331389495306716
2.708513088668527
0.534385203515426
-0.187175916117259
-1.782829698657172
-1.195457144878529
-0.311818852576452
-0.455312123334507
-0.529800436686956
-0.714056997736137
-0.851518269486921
-1.370587424857794
-0.594822075321765
-0.976834366674172
-2.550455103072327
-0.618850003786227
-0.226697085717060
-0.700153986652962
0.095651158072152
-0.178571866988788
-0.011583724105190
-2.420395895308538
-3.002718939953246
0.642144386084359
-0.889894616667632
-4.235602093281910
-3.075778105516028
-0.228806750399025
-0.634983704252097
-0.156102948214478
-1.527533496639500
-1.156546435988418
-1.362206487378987
-0.803297797338183
-2.497799479964375
-1.814125304910710
-1.076666319637728
-1.896552540370822
-3.746889737660775
-1.621687832845804
-0.503784006476117
1.123873507720363
0.147334661631685
-0.785180446599096
-1.520287872959266
-0.584182485214665
0.407167725105744
0.877442896648190
-1.606043927635673
-0.147443044174342
1.329263134102532
0.543759881799542
0.844660653970685
-0.089835136020952
2.401563855989378
0.330278726537518
1.483567886735942
0.459838564636706
1.495355366297752
0.160165502048798
1.297764240857437
0.993524683602015
1.131721582021787
1.065549265609254
1.097171952957025
1.279766420333897
0.317392642587672
0.153403548842618
-0.361026520057529
0.824431990132527
-0.928908274567555
-1.789151446481987
1.586205826090379
2.522885127921214
1.792957467457708
2.235857391486659
-0.945628767477476
0.567816021828685
-0.189642669164229
-0.331224133716816
0.782768094698590
1.490380559465923
1.621461731189888
0.454583163178400
0.070881956845725
-1.301179128110165
-1.596447036244972
-1.429405438885586
0.032060463990912
-0.227855364766271
-0.466995430570455
-0.141447772197674
-1.159002515446791
0.271687906113920
1.706598143340656
0.787403430293016
1.243390860352226
0.278973665464521
1.455595002982394
-0.002934337436501
-0.491750221653238
0.029841836438055
-0.638997584223764
-0.058716291887809
0.355455048597685
0.843955321287644
-0.190873020377178
-2.820801317188032
-0.930053309893957
-1.236965381553375
-3.680496262218104
-1.531717560943208
-0.668245178159226
0.767641577461225
-0.657084971766060
-0.461483986055892
-0.381526183746910
0.778010897037235
0.294816116244329
0.326740369365858
-2.631178085215066
-3.358788040503709
-3.464373745683333
-0.298809435133307
0.299233273575625
-2.607607339801687
0.162115609391645
-0.263967279123223
-1.193300959098411
-0.385083313430066
-2.789349502407190
-2.462513526069684
-1.002441642446129
-1.252535815284097
-2.214522079721767
-3.831515778361120
-1.849919658573989
-2.153900875809283
-3.182015638570596
-1.607329961997224
-0.299049370794396
0.798978321918404
0.396330151684926
-2.474334684313317
-1.976636274305380
-0.944028991876554
-0.213797056851488
1.609202978234916
-0.273874614537907
1.753088636985132
2.466486896537307
0.219750095443449
1.868135983601577
2.369649646073410
2.640879334855631
1.885593777308165
2.599051700807001
1.940829266001856
0.285134534875418
1.608922162433139
0.523389756708560
1.355709883264256
2.187851944011405
2.510642308456646
-0.732632084601914
-0.873849339162173
-1.083241010517938
-1.549604020134438
0.103618138746355
0.105790241694728
-0.460072312784609
-1.935227427684556
-0.809111968563494
3.090825309171295
2.431711883672094
1.903243626147914
0.554400950905459
-0.675458000040427
0.640664888777581
0.048938596710189
0.563247262878346
0.003899220916555
0.977545256712439
-1.907772222081528
-2.456908056283500
-3.192807582859843
-2.073318735608600
-0.639535320453951
-1.647077827444159
-0.757120634783643
-0.273734331556665
0.269172364869947
-2.797000815247296
0.062652191772595
1.933355397066276
3.061370128654049
1.644264460923524
0.772502608838406
-0.285461016592343
0.253377266287321
-0.663235531822999
-0.393549679235542
-0.071018572983844
1.271048705362628
2.254429359744519
2.699562720896801
1.273239799384923
-0.399922191257665
-0.225484268633833
-0.606767201846370
-0.955254579057275
-0.355032397483462
-0.574459669758035
-0.129453417941782
-0.393268283898425
-0.165002937695315
-0.585951462329135
-0.316030722979988
-0.555642931023545
-0.972855941893690
-3.869973229611317
-3.568983510032792
-2.289273134479950
-1.063247540518852
-0.506021632033926
-1.989967160532311
-1.116891770521255
-0.055471296932499
-1.202020105350730
-0.755507910291102
-1.030920476967551
-1.052738760772408
-2.255378471215686
-1.842005464932690
-2.808056761037710
-2.281315840793635
-3.387091260479028
-1.735745346634070
-2.428404542586856
-1.729562714440934
-1.419039531978037
0.083960710579327
0.199030033127658
-2.699483656095762
-3.178238296591770
-0.431887362934138
1.430955168500196
2.366414883659172
2.269590733005089
0.997488585857231
2.196763281988692
1.536022756455014
3.353821669012897
2.271091401937407
1.276423083979553
0.307970644331322
1.523516335757992
3.313062553943171
1.401180847600370
0.391639775059864
0.490369465260586
1.676472182489684
3.128773756924490
2.415895296041240
-0.352940477311118
0.079539223826850
0.624644588853298
1.147011398646377
-0.205494513140067
-0.323521838924394
-2.212809669273528
-3.599394298596444
-0.071396726479832
0.702316480192092
-0.247725918159439
-0.415915212194102
0.411317024260934
-0.135097136188341
-0.462768586531775
-0.115648276564675
0.899947418011706
0.747333712509929
0.638167643884442
-1.025038860285767
-0.777134245928736
-2.043009124536629
1.694797079935194
0.279298386528162
-2.561447723151370
-0.180951869888770
-0.006187429602272
0.842562667408273
-0.675625429399808
-0.950952632094050
-0.087972879628278
1.778769528517100
2.127253304779500
0.541985009555109
0.830485539693396
0.045160880407222
0.339610798667867
-0.015571430297778
-0.342762391864609
2.683064185287330
3.312693619548888
4.100969322715402
3.884831626382289
1.079859552971740
-0.591475121583551
-0.219604889584422
-0.513675254367054
-0.025834485240533
0.384378986509887
0.851257530990469
0.147443529260759
-0.829940651214566
-0.506088168010437
-0.792429758913884
-0.671952924966028
-1.595228563693773
-2.500680868146970
-1.350730493986151
-0.735335103369226
-0.674242833216173
-0.764644392719408
1.749304277404875
0.390336311263326
-0.496794251078862
0.681704341199942
-1.779781498356555
-2.342712208423202
-0.037383330211102
-1.281133246246432
-2.540296591226737
-3.295108267416931
-2.525957673461765
-1.321471642999088
-2.788685291592664
-2.280919822954028
-0.933590478095141
-1.911241601101513
-1.917810976321539
-0.361220510560334
-1.382623491341783
-0.925822742651325
-0.027055480514324
-0.441783296294716
0.176264070911804
1.708612458264160
1.049695280054895
1.269637942827422
1.120141787886440
2.414002714617402
0.631066586933904
1.379322662592338
-0.352993631137528
2.069299329020337
2.076324902885483
3.001827556668253
1.841564578463347
3.155325002014644
3.349314845551570
3.832503958953229
2.011560117169234
2.566735171519598
0.497967531627890
-0.122098144622013
-0.278940111071378
-1.713845600042985
-0.588942385316449
-1.547242338621255
-1.528682549784671
0.639293354190946
2.262327351878589
0.918681269036896
0.099254820628448
-0.892409869679873
-0.041535122231134
0.318421030540509
0.726627313161027
-1.731713781379250
1.424028561931404
-0.245688004176985
-1.194689679847626
0.694326167965919
0.784476763660272
1.393450188874660
0.750195998560475
-1.209613981486601
-1.025534736963341
-0.870217502077863
-0.580153124819973
0.469037893203543
1.298896581362269
0.087385479559881
-0.479015612953387
-0.792080160689645
0.676802843426403
2.254706744304245
2.025233669523414
-1.653697151787114
0.349111663388647
0.081797744822569
0.757435684162531
1.803493567762435
1.954759034006019
2.277947628772373
3.720045264829720
0.712320013634451
0.371091423171089
-2.812340780783654
-1.301597229031493
0.830681346647769
1.642145788180444
-0.162660281043856
-0.301874224865115
0.661578033459157
0.069565606758897
2.037190648178531
-1.248014402999244
-2.162940111270859
0.126606774809308
-1.142193118644527
-1.874453137464863
-0.428544696722085
3.714455064653401
3.920995790292902
1.427226651916356
0.526323589227648
-0.006679693231063
-0.298509159268524
0.645896637759765
-0.002682248891072
-2.021149697315494
-3.533803489289213
-2.229938503229212
-1.897220195624560
-1.596871539848604
-2.094719514375730
-1.736053514078874
-2.624002223059919
-3.231422785633616
-2.394632698635689
-1.883408261296932
-2.199189643719946
-0.459877533593716
-0.565046408722127
0.533431594007769
1.273329156253814
0.344612360396203
2.161877366178677
1.077135689712490
0.585606321459695
0.639682514844697
0.501299752717474
2.334330343746657
1.622580113275292
2.864887379955229
4.179721547309743
4.210691239256502
4.015663815016186
3.718600139408173
3.775780137698094
2.169422190818105
2.099127214255303
2.414679282153680
2.664296742322625
-0.491433714173635
-0.806475445386731
-0.292341868553469
-1.634160792738530
0.528990176886542
1.348855169322309
0.943001212160826
-0.010248208898248
-0.295655441764197
0.649658040512156
-0.434049371217722
-0.076114807520892
-0.465725998398653
-0.896322410046468
2.191253550408122
-0.031734388526849
-0.500952086538387
-0.124546444505322
0.884155330656422
-1.054907408847030
1.224773277015184
0.231177593908037
-1.901999014207022
-0.665636146262869
-0.357035672505487
0.337281438624119
0.622884696951706
0.661399803933133
-1.760015493534135
0.298651028809019
-0.281744577125381
1.477545065377943
2.834188890074941
0.417923825275368
0.277060807456560
-0.772365823866636
-0.115176590553376
1.888200822556433
1.555142892461524
3.459396724927730
2.708824584769809
0.859213999795286
1.155159737210645
-1.020995037814403
-0.687510257750509
0.768871048319791
-0.628614008734291
-0.890348171575418
-1.170105919101642
-0.096893871221198
0.602884583136485
0.651170062933369
1.486286775613705
-1.080415655611933
-0.460725547054741
-1.828078688124357
-1.979267595329374
-1.192395645940562
2.251790884559214
1.514019054073981
-0.565255603538400
0.629963082703057
0.405314674509524
2.011479608808645
1.193279771719062
0.562964646744702
1.054155337347095
-0.847231723286163
-2.867563796750289
-2.951773876351580
-2.539160881909996
-1.163558949402132
0.808077107777216
-0.606206622752131
-1.965409705428311
-3.740720909996453
-3.313278055585030
-1.591282633732370
-1.750765894362081
0.992560623362954
2.549964274825709
1.549913510202641
0.836776781149790
2.992798824177601
1.188410547841233
0.500811448712356
2.120734003567352
1.933241008204740
1.090324377208120
2.158688613760241
3.750247366763247
3.028344658865562
2.408606336691930
2.026984292994551
4.515377480112408
3.401402175345800
2.370120161978531
2.148888855142970
1.788742636830636
3.195397472609217
2.284197353107761
0.746527765136008
0.526571087932541
-1.108943081948607
-0.196233815659561
0.771941517409706
1.395068530931409
0.527536816792953
3.567681887652275
2.225436367336743
2.048453651733284
-0.616883423517863
-1.334345891765235
-0.767752660532085
-0.644858360186099
0.930691520713026
-1.212568301699730
1.433071361097805
2.037716079137617
0.087585223301174
1.180432938403422
1.982927390094834
0.797281296803683
-0.615447935200868
-0.892048952288267
-1.292836592007764
-3.093484906784889
-1.148998616229834
-1.832398907358129
-0.308117706693126
-0.931548858417505
1.476444554162705
2.632133092334182
1.626620422308655
2.326796650082071
-1.094406113851918
2.587097020304404
0.820472469455410
0.354748189830168
2.923516492886195
1.892313206411987
1.481057882253935
1.208348666917049
-0.264995146411272
0.584003273098274
0.565340684678694
-0.352386337463101
-1.911497766145399
0.230204066031835
-1.722052569653955
0.150877899285456
0.974120200995884
-0.059883052709592
-0.922297309577911
-2.381327546859073
-0.861077327477284
-1.729779385033134
-1.649346649201613
2.010868437002141
1.628183525483395
0.717350404510845
0.676996718303457
0.483006210500192
-0.232557100472304
2.560939195613158
2.729874198114270
0.903103803195121
-0.044522121162440
-4.196374905694439
-3.625836327889008
-3.084885639931734
-3.396678486049822
-1.043039753382106
-1.434473817549506
-3.814632931380348
-3.514211006761859
-2.679635652038280
-0.576602115070154
-0.191417642144203
0.505704564822197
0.839172526854492
3.143314750176098
2.160140974854567
5.099474163454213
3.410706889915402
2.517733061788229
1.781639207635553
2.397381362969276
1.661032689372021
1.083223236058322
3.253498582223129
1.001815741105138
0.857679452051039
1.141883355367150
1.148267246292419
2.916514444651894
2.088758442974621
0.896102898999957
1.892505907704786
2.951764639781038
2.453200013885106
2.591788754810785
0.720394169503566
-0.571000314591109
-0.040243315598767
-1.771186914002543
2.483102255448633
3.681567098791287
4.171989941106645
1.769339944694461
1.628841118184238
0.452974279544103
-1.174356238304038
-0.129699914637776
0.336815600246984
1.617307039424688
1.050194358295699
2.416168406071275
1.514134634101917
0.463599859149566
1.437683743889440
1.481725697660505
-0.332368679410190
-0.440914430680110
-2.103112579553637
-1.439440442037859
-1.963960205251909
-0.885115552315091
-0.469521891606359
-0.736277088779787
-1.189476568690567
3.545473451050907
1.617589785244085
0.819536398218613
2.277011275183010
-1.014356951536458
1.292955423026827
1.263944063475085
1.667552020293378
1.834257738319597
1.371830636068644
-0.721301637831981
1.589531540719118
1.469589856862983
-0.705229103209940
1.651584097244052
-0.091909598347425
-0.258507699426220
0.802741550662698
0.291537571810567
-1.536115667728129
-0.909435360278435
-2.832053393710217
-1.109282056217431
-0.661149566989569
-0.480822711521542
-2.741430268508648
-0.741004608862868
1.465575792114192
0.636002037602933
3.183725363161249
1.899142804298893
1.426570784422779
0.402472949147690
2.399561114074727
1.793733404129332
1.235574096732538
-1.178623704942729
-2.739615184936462
-3.064335582188970
-2.405239174774931
-1.193537319875629
-1.318056628406004
-3.815967309529967
-4.133649833569689
-3.058410356202419
-0.279337522187693
-0.347409067705394
0.571102162584290
1.583644032306603
1.747200604939650
2.781019472759293
1.926151935374393
1.877489129206408
1.746687692060544
1.860784705209904
0.898078008220982
1.600583137310157
0.988687445625094
0.187397063218258
1.342895081745535
0.919585016010174
1.074984096998509
0.886103562987109
-0.286912685225621
0.395088339531795
1.068139058853356
2.357062694443948
1.769046389206057
0.215963270206606
0.303039303748966
0.320765452687277
-0.361077425677818
0.551847110908232
0.958471923913722
-0.734454116071213
1.967717221964196
1.834950592937758
3.737655992419074
2.845693613944197
1.245004769749083
1.446661505722063
0.842458407168395
0.635194163814864
1.688039924908449
2.550407413646820
2.257737670126684
1.872306824498147
1.918291704088544
1.191361770560354
1.962149990466473
1.457438156885326
2.254546197533241
1.738980733461803
-1.010176776667354
-0.831111752819447
-0.401884730665913
2.099621230392482
-0.160778509354056
-2.824993148259249
-1.686684764193749
1.094695206324175
0.329928222586708
0.783873095789256
2.652931460319278
1.548723994397620
1.716772088614956
0.954447875950558
1.238139035517982
-0.943239710855251
0.744150467156263
1.136440036056625
3.641578651991623
2.219902776729227
1.081493199258990
0.477049992592202
-0.828139831605558
-0.751391709226285
0.579878361497380
-1.039742541617200
0.218899861145971
-0.081207891097713
-1.244517419548834
-0.374928064332645
-0.712144214341153
0.259952713110491
-1.624158418383765
-0.665211230125242
3.432254654768914
2.073230140750355
1.029018931141859
0.569305138019195
-0.498712806505823
0.818688514735533
1.889382588029346
0.879658612719498
-0.875050124748369
-2.739704471128113
-2.937319880663998
-1.616251690660792
-2.430912421116015
-2.024084143934264
-1.320871017792484
-2.468384812470052
-2.440149320889828
-3.125482364671982
-0.154877464119587
0.784042575598635
0.499369494818547
1.072940567004072
3.455140276268442
1.982062742438946
1.323293862858693
-0.102412026080785
-0.893948246570131
-1.183565142868270
1.789025985816281
-0.639530965537850
0.911945996894974
1.439232871076329
2.024362064898027
1.153878211822533
-0.081192039777437
1.590486445272296
1.013405054854235
1.272167849996515
2.352898869133494
2.106050542080565
-0.762008582183019
0.306152135306849
-0.188130387360575
0.487501001127213
0.903222687659488
0.292937181401493
0.007886765022879
3.192687479018788
0.404803455350267
0.825677128029583
2.420708654388003
2.089494675117395
2.939814056059193
2.680861092144045
1.407059825362893
1.177571149192896
-0.937739627557911
2.139843084972683
2.372945687100941
1.317371344381934
2.260546922351004
2.624335415506233
2.801501217063386
4.313213790106530
2.726092317809293
1.707601634086012
0.847622221385115
0.997888029206243
-0.461732378739192
1.029349163041876
-0.262201419677177
-0.340828070923618
-0.372513477405621
-1.250712295967865
0.098758404891055
-0.126202536198175
1.301064858147625
1.676317992499554
0.574869910764367
0.623176978582467
-0.669515606374209
-0.869954476012886
-0.576754369485690
1.313579900240225
1.689814283491896
0.706046748142978
1.752395655330448
0.659962954100185
-0.999786391600984
0.776135411488714
1.039384359207070
0.079672308608456
1.661748402394362
0.408467527038734
1.259262706532523
2.623218706638331
0.108885016289952
1.234630922270908
-2.370542616553899
-1.160293690110363
0.744093780512041
2.351945407367604
0.913664147971518
-0.784642734776817
-0.776312155926831
-0.439162021119516
-0.961660163432503
-0.642837613564143
-2.115929491326148
-0.590212599407177
-1.773557892452353
-0.875726852991452
-3.682134589994521
-3.252681209341675
-1.053868234202469
-2.246517482089235
-1.138096308868837
-0.297227846292590
-1.281891994079163
-0.280642762876455
0.554229648538634
2.701944348033332
5.195215797719703
1.773811616723656
2.447016884844728
-0.260244501302502
0.572902941467568
0.895608932115759
1.000891908633625
0.058492760411696
1.200207756607334
2.283815264495165
1.515475861353856
0.449233992387937
1.699493851590934
3.814394014869892
1.352541758420750
1.763370248200159
3.499391620833702
1.567100090117127
1.705697563384791
1.152738691740599
-0.311793253029985
1.577824056662969
2.425851873462589
-0.378080851759948
1.259922360338509
4.186904432347390
2.211771364500193
-0.742720027394896
0.597724992901593
2.577424537302868
3.602491331398892
2.382192728139700
1.595535957694157
1.737272673985068
1.633481396258584
0.492582779754306
2.589533514795355
1.939935405859077
0.838933927898474
1.814676200678196
2.617782939804087
3.905610904162015
4.222649428940958
1.912582808869226
2.413260147637908
1.066441000466803
-0.128878775675079
1.040733616990695
0.132635424017221
1.820323833065509
1.544933369516078
0.286027720568299
1.475453782902015
0.079191380516288
-0.387333813993872
0.435385203687413
0.522644401018607
2.382709370695545
2.830914676019848
0.946756061488826
0.827994660020859
0.397012954344106
0.747402826341843
0.501710713493238
0.674542726002152
0.992428122390128
-2.254288466415198
-1.168845139868810
0.438065931016452
1.544427764606284
0.958128520370474
2.227755142592003
1.244006933179915
2.071768417589659
1.272439794830358
-0.013800653470718
-1.770431062185489
0.153534212092041
-0.086924025814546
0.520617008942675
0.695886764990803
0.593432139329181
-0.092083444499514
-1.918287293952762
-1.656901010191461
0.850990288571095
0.341508274525484
0.112694543310230
0.281447503544470
-1.387297198260939
-3.366534311320428
-3.375620409643180
-0.398084628699607
-1.203886984707027
-0.410129399122727
0.939205132139842
0.152316675990273
-0.052207735984021
-0.436100473846295
1.894429978971629
3.188802777693161
1.248007102743112
0.873574353224675
-0.156358185427073
-0.177103841641353
1.871173782237039
1.645720022915637
1.529174592252934
1.893068275966971
2.172589349063101
1.489880728344160
0.433522266176810
1.618156839291117
1.483272490692033
2.392785963100890
2.449604891651947
0.254617807310586
0.951260448343330
2.274717402220636
2.068642088441386
-0.052999389411833
0.407610031682324
0.780514891369328
0.283412468198853
0.345546037987772
2.099442835066720
1.329701702962765
-0.130837355984606
0.475289663820899
1.668777597371784
3.612676476462074
2.869794470031656
1.168941911295883
1.635965002162440
2.139782625531731
1.142018404449889
1.128569605947835
0.163665244213425
2.301931488252173
4.667090736287467
1.986079571286774
3.509063981252700
3.203218769613743
2.526861210459368
2.604823867106976
0.964587074776136
1.592678855161593
0.635548013596657
1.797026837726901
2.862948844100609
3.557288984690943
1.329175964034097
1.099966836128908
0.555564207176166
-0.889031221616178
1.356535362320489
2.104731349460264
2.002301348822275
2.045813000272581
1.609784572133136
1.012363776502228
1.565001346865434
1.230403447473268
0.317032020006732
0.077893361271499
0.667035574918823
0.256537471262014
0.701439943628015
0.540559036131699
-0.111991166220360
1.449296436176749
1.013909254959220
2.045321797985971
2.131609559623146
-0.100350831758397
-0.812867100511224
-0.430462858600926
-0.787310407221112
-0.874792515812650
-1.416294733023206
-0.410414744813113
0.017865311722249
0.754442348950218
-0.416943979938343
1.390731693268194
1.821440663464402
-0.815188679724868
0.108624926972084
0.437805712389337
-0.036769941374689
-2.168034328881916
-1.881695194207036
-0.952424199600845
-0.230217824401551
2.323994215641472
1.782003875611237
0.057151022180059
-1.196354491635244
0.601945399072739
1.723254976007799
1.418504929869068
-0.252198831388882
1.123628769352098
-0.804427558103923
0.745512077194346
2.891159935693519
2.608343244497418
0.534243467904347
-0.342205914852929
-0.164877944420872
0.661190354757150
1.198630209616867
0.277222994614958
2.323088318532048
2.574897687207197
0.950005044119536
0.711606737068295
-0.394400257614258
1.705032558410668
1.499409026164007
-1.370312500965925
-3.141490860097075
-0.512271056124417
0.893278518512916
0.156540258006535
1.316798143903858
-0.299417583348512
0.378738840969198
1.643979133709245
1.763285724044593
2.241534435995556
1.532702495130115
1.127015098331222
0.779059818755840
0.830655465713945
2.104559649291736
2.366404881783290
-0.178444353874897
1.514231601614173
3.313500783421555
2.025270742940369
2.528845133143863
4.161284773643502
1.855628017337043
1.935952586731058
1.488309101404206
3.061785725538805
4.149087453561600
0.751993795617711
1.210457042831854
2.570311040828082
0.273984561416443
1.238730843938565
0.029154211212836
0.001466541080482
2.191881792558831
-0.052688522897202
1.511973055136287
0.450474803726602
1.407493010186786
4.463325070373800
2.733445230938234
1.484755216122508
1.518032486693323
-0.314456635900480
-0.217251709152063
2.387297643319345
2.730721348283240
3.376057072079317
1.959957270517770
2.904021123007877
2.851646570957044
3.061809292409300
3.688923874246023
1.319324197968757
-1.029106835807695
0.565519198129229
-0.266474366527046
-0.987851165948046
0.394890953239021
1.715759771817192
0.857446225415128
2.075703702319734
2.298401750029246
1.904906542822893
2.810545256530148
2.701768479508527
2.306507416136584
1.696122498007645
0.774395348245325
-2.037951720776563
-0.140119585386585
0.019305252242708
-0.077579712589122
0.240413108453704
1.890115224096008
1.645673578318416
2.645408470510452
1.843068501063627
1.418929147630079
1.615008818556416
3.242540820321919
2.314963647860783
0.600411409612673
1.299656187237897
-0.928947871570061
0.222424139378799
-1.407330530903035
-0.315786331163672
-1.248586459807288
0.106259318571200
1.609686095319683
1.257520081565494
2.210752699192407
2.208916323040440
0.793213238200876
1.488859039324169
1.129650864937356
-0.456810217352705
-0.916089390864551
-0.956873596409622
-2.137333341442107
-2.377165433094135
-1.892423725159941
-0.176416604583164
2.070483118590071
0.067070083110108
1.392829001293751
1.128565195881001
-0.539183536965456
1.789337011796503
2.683196350370209
3.010138546024282
-0.047565111721293
2.228214464212606
0.334354795317544
1.555861889871886
2.136783568203655
1.871702631569055
3.127543727075102
4.608003725847166
3.154030411142486
1.602258316243466
1.831205983723909
1.634332193517567
0.468977151414575
1.094350710862736
2.619558988299765
1.324767431934625
0.446766088822253
-1.243572796431903
-1.091771954844903
-0.028069972091221
0.154664539151516
3.953202815493280
2.346225301032189
0.702402055496310
0.654077280324559
2.967759150345971
2.877515303392642
4.498582802545068
0.525665914847201
-0.610008045569731
1.753365287963587
1.554927123474672
0.522629441858822
3.123918631698537
1.742873048173056
2.845291022611936
3.936852964878691
3.268181144141308
2.808814962350473
3.297103878695201
1.390059491747494
1.265530991972027
-0.531728486346664
-0.054696402546225
0.204542883333783
-0.536605931998959
-0.689620596288062
1.637512061769395
3.704896014810440
4.476908259343898
2.815215655599812
1.252569322141353
2.052035974108053
2.902800804946086
2.793205088495909
2.492483948819377
0.274552233090504
-0.158418012613260
-0.284266906344909
1.036504920924948
0.516973697600470
1.160912580029918
0.116504886207025
0.258681471417170
0.331701412175494
0.235156381163364
-0.129495695821577
1.146507686738691
2.088495843959577
3.199500344906901
1.794738958624549
-0.940366295087464
-0.904096038319796
-2.355398674267537
-1.790181756269041
-0.418534563270211
2.582864440198047
0.661851412299429
1.025632918901522
1.326910469020542
0.431057598893927
0.029194804963077
0.696119606489349
2.673583476757622
2.378986371207578
1.702521394378696
-1.452243462704326
-1.625284426277001
-2.710661647865805
-1.643140630775692
-1.129123723337470
-1.039742426247145
1.573567127478224
1.281894908035480
-1.539326522285674
-0.353434039490484
1.202969316416524
0.268165411437495
2.029518258789127
2.033798964243218
0.900440190321734
0.113190838994118
0.447964086854235
1.660216158350146
3.005238233660168
5.324776828063644
1.740623038552486
1.550043529995094
0.717874327128740
1.538181413237463
2.474843715381049
0.035478660417065
0.235291796255284
0.413621313831451
2.885943545339797
1.466796814052137
1.773077922910728
-0.286079344811244
1.541919587576098
1.243674520965273
0.019704239050329
2.129733772882821
1.473330286056209
-0.141601169180730
1.046412404463686
0.821219542172101
2.616967389538361
2.631653260923549
1.189408940101090
0.755143043211654
1.936271636947009
0.856880141553852
1.349913783754053
1.857176221100673
2.144114379768231
0.485330891830939
1.899764683191749
0.830948561037311
1.064644409670086
2.266270385283657
-0.248240720611910
-0.815297922643113
0.047564499883214
1.492035860757600
0.867083157193601
0.287861463065896
0.883669677094417
1.048782754295416
4.270722461508148
2.936500170841935
3.501899194143566
1.493444753543717
2.008764326712315
1.302118401711238
0.675027730923173
0.955551117477877
0.005906210182682
1.724892781478131
1.488895828210899
-0.749563964555074
1.063985249415754
1.350480598506248
2.774767035219375
2.708402307848865
1.083273939830994
-0.003277918448817
0.825819800829853
2.724208676552318
-0.249628892177313
0.658529854170624
0.101751655996571
-1.290314223192340
-1.967027887663692
-4.042621329864429
-2.540909225031565
-0.716845283133736
1.217171744618458
1.137523256181168
1.755224049155555
-0.165212165228205
0.750242150739996
2.809875473933153
3.019306816509967
2.390195303405490
4.548763653233985
3.080556729157076
-0.601861683763030
-3.371618475249073
-2.427334928789597
-1.830010633155120
-0.927721057861313
-0.105779620427143
0.050326383940983
1.029951814096491
-1.790662162758567
-0.705728891175677
0.485047697965730
-1.227819678479118
-0.862869120706428
1.136313202479242
0.817091698670036
1.114989377450174
3.395239357892685
2.125914338435456
1.886276286071184
4.874172602720621
3.431785525018038
0.686232246289703
1.569304402842042
1.333923662303133
2.180864259763875
1.246596422357775
0.863426475243407
1.551561615298876
1.927556115541347
4.533603901257381
1.426835271010165
-1.655126642010656
1.905178237135485
1.782065738854435
0.434250703240240
0.501949227880739
0.344718720147336
-0.280747190802103
1.447367441062823
0.080804771535356
1.498108319205237
1.413671011891988
0.818316478207867
0.526664028402069
3.693911890417522
2.501512481433474
0.601873650204972
1.674577201353428
0.306931408409093
-0.252086180507474
0.589923978910692
-0.344929463704495
0.033719990856362
0.684995715577597
-0.395507535280977
-0.806606503550372
-0.146382118536895
0.141202772930414
0.194751938276174
2.111239879064363
2.617754810464010
1.835021320981942
2.855191040153208
3.399406354975012
2.207887984353132
2.924031743404150
3.471181759903122
1.397265529326853
1.434943065026584
0.508146002129250
0.413073547351290
0.932576070325116
-0.354069298022156
-0.351583358261885
-0.445144527020269
1.458606809420927
3.916744897235442
1.227455573009768
0.968169127125942
0.604214426399161
0.963541321617445
0.089133801916401
-0.692812178324333
0.700854408336895
1.297373661505965
-0.523150317950688
-1.338062563218940
-0.494172232147896
-0.449619513543718
-0.177039243233710
2.583290202203907
0.571622568568086
0.437176846690241
-0.147791183285767
2.087062174744209
3.913993084942796
3.846145144409246
3.597407007500918
2.005087898040486
0.235370398421978
-0.944918817162194
-2.075808570440592
-2.222033599842698
-1.480736554796362
0.408804634123538
2.388275819613810
-0.126848483835099
-0.071896768359529
-0.528849540584548
-1.821774515167777
0.006804184023242
0.795212705316984
-0.222594646840657
1.137265636651176
1.856727328290503
3.223992900359128
3.759134653926615
1.192406798894522
0.437117856428023
1.557688090362947
4.497502628272542
3.002840154210211
1.173708229250925
0.279903743374682
2.034898730245542
1.800224542298479
1.200388707383431
0.648635638937601
4.179968591105447
3.915094381315173
2.365333920964233
1.262563250177873
1.547455590921836
1.918298659185385
-0.954469019404932
0.833912907924919
2.449740705161145
1.210627028623550
1.388388531382293
1.159779657910980
2.145883356760131
2.905576500450726
2.910373926051470
0.044350346271461
2.513901511389951
2.254080430998096
2.034644009458585
2.682912028753115
1.022898208330588
-0.465600379334582
-0.128836012305747
0.062713748733329
0.474100450220264
-0.541962845171059
-0.887719939125568
-1.164250019010735
-0.696174013058227
0.656825264279621
1.050304361761500
0.157954102081440
1.528715168582033
1.785625160372583
3.723600478988140
1.383230288108275
1.240447998058672
2.670907824038447
1.695485162373122
1.137563288929134
2.686642236408274
3.496866352342242
2.766247556514739
2.483424605028051
0.628478926576535
0.596504612939339
0.626026821296238
0.231477661088867
2.093913484976595
3.606943773148826
2.672915676937439
0.616668235230968
1.505691212531266
-0.055606852504520
0.098246040569497
0.009230065512100
0.751349136315264
1.315560080765168
-0.420749327501669
0.573964259460855
0.687130335874207
0.591488469618111
-0.228679174592098
0.218030312916086
0.156203271637356
0.446153195561345
2.036932299281935
1.404095747907014
1.729781315876668
1.192147453014634
1.332794038464956
1.550634372799706
0.199828247819160
-0.699146201178413
-1.305628986870540
-0.537880141906192
0.015054218393395
1.718110270572265
1.280002390814955
0.527360065522979
-0.926588016254879
-1.648685998472058
0.392629094783323
0.814528206033199
0.764054545346957
-0.781636130749965
-1.320081653413606
2.216867182334757
3.304448318971749
1.472930157916802
0.332886696167617
-0.700713498146545
1.458989301470429
2.442314970895234
3.246049645255790
1.944628837910431
-0.351454652699035
2.797817399677997
3.248028811348141
2.483282205990569
2.059705527618194
4.570904711596666
4.006704612193123
3.028572966509181
1.465150070545452
2.386003667847814
0.151469374588495
-0.038254354157968
1.947249600520803
1.832113436084683
1.072265091442743
-0.017927905218769
0.949403837992946
2.247458555502110
1.804507306472652
-0.248457871172047
-0.110884757010158
1.637188245657650
1.231404428326474
0.821088796406481
1.049222226654273
-0.274750178692626
-0.482847997650410
-1.226373903287488
-1.814699895893522
-0.701327256609827
-0.621886889789113
-1.506561986735887
-0.199700875207551
0.958620996187912
0.574367881076169
-0.290599137586831
-0.308302211497170
1.022409250487390
2.310438243377964
1.282303948914433
1.244691447086123
1.543403910442774
0.673980879936186
1.693112616857432
2.618947200172489
2.203301138396554
2.069440016840585
2.710093075713905
3.538408729091222
1.007978087969356
1.102612012505152
0.745203877274305
-0.034978125464857
2.642319039626583
2.045140557497426
-0.711873903531064
0.331802685506368
1.735671102668433
1.204222711935695
1.402029972188872
0.427015806858338
0.724773587705280
0.933819912999159
1.847523849447519
1.794799993964096
2.293720668422257
-0.976719978867473
-2.438727411149317
-0.301864265338997
2.425104621481281
0.495027557782065
1.520181921163622
2.202889364359012
1.794672545368670
2.125339387008450
2.674454243881963
1.346734300762768
0.174641274403090
0.592366435303104
-0.300238111141635
-0.121388276034289
1.371290235216194
1.723792980583719
2.185383557091950
0.636394719932873
-2.358817672656223
-0.979430233011364
-1.582026094919470
0.246108835066213
0.501259176480938
0.129383717884814
-0.119255991716756
3.831511029743770
2.131374708475410
-0.836843932403953
-0.056974760204457
2.198201557290810
0.633298341595756
1.468925793764169
1.966772240030578
2.209563586872372
3.009843263980925
1.279453206314715
1.437342311116542
1.216169103642130
2.989468851665183
3.025869013890088
3.597379699542520
2.089964768760673
-0.583712209569581
-0.335599772849915
0.590555947174225
2.518878072924693
2.631536505525479
2.442693339943338
-1.077357567289855
-0.307789825780523
0.461429454317725
1.609972357276131
0.425324334240980
0.725661782320222
-0.939675879395742
-0.198948660730489
0.464389327044323
1.349491000655067
1.812000560444003
-0.465989630741005
-0.329689505801527
0.520634832741502
2.518887881138459
0.638087410184695
2.273056915682593
1.844877578369533
-0.351922784519368
0.812134011228992
1.296737328239600
0.072915328565904
2.307577160083571
1.721321122633022
-0.041523356751573
0.853243758060858
1.988405422409513
2.733978178790423
2.414942071300737
2.251082728589538
1.171715150822681
-0.329833604692736
1.037930431321260
2.635589629460650
0.889241859222296
2.775800136434673
2.171217265416753
2.269115356126613
1.079216415079551
0.734931214681319
1.089393859153157
1.430216613935764
0.949497510840555
1.851750496371305
3.876868645839054
2.787474134313032
1.724294256266917
2.010230127074948
1.994173296304910
2.165730352314768
0.645166567340794
0.860498116701835
-0.213008392930927
0.060102038867687
1.311444653955280
1.952386845156097
0.791828746939716
0.739563303935281
1.741741206345099
2.258694608593388
2.696356259535357
0.726563472780192
1.887821742888803
3.087907929636636
1.489312224669072
1.110595148494697
0.657188013496160
-0.970553381839222
0.275284900567387
-0.654951148865711
-0.775806238103055
-1.780001591592770
-2.262638314173638
-2.409044365323966
-0.454878978457920
0.707577004936873
0.400953208904304
1.709163062384428
0.375686669895768
-2.147516441708218
-1.012921138451064
1.216611388975180
0.902364068792371
0.656911509874288
2.092814268494595
2.601055784686979
1.802097094723208
-0.818033424793794
0.992745686604824
1.720429371250250
-0.684025506250972
0.870234595368861
2.584849892639458
1.389140780144005
0.771578652096409
0.126787788110986
0.151584885327542
2.299141704062928
0.618335027775969
0.368675848741923
0.719922267326837
-1.305050109931806
0.196075631158690
2.116198534687217
0.996076281206316
0.488862700881883
-0.184372488349634
1.485685744048801
1.189942783676699
1.795992869879802
0.829590717351518
-1.035394378077684
-1.436081601971374
0.618655977552957
-0.180833192573167
0.290113245929367
1.883389047037050
1.125232288208597
-0.118627586471699
2.526563478853559
1.223133562589461
0.671091751471527
0.642657489732605
-0.502463041011759
-0.927558409847264
0.045822129725396
1.446088223203265
2.472724522988398
2.245784059419458
2.366921615242783
2.376869880383852
0.105104057019563
1.548101477633401
3.760163205451054
2.887779585347972
2.235204189368178
2.083794163292558
3.116251073058245
2.642159168966544
0.975957999016670
2.184275650486651
4.781943113828603
2.857286405163211
2.655624611799225
5.030845934360046
2.919987593239469
1.384579906359281
0.208098801083383
2.052111860777520
1.859866025002007
1.354131366913188
-0.704791746973950
-0.064388966201842
1.074275423747115
0.937910472219544
0.317520618033252
2.165555496718661
3.016435021321143
1.463216782882741
-0.676416713440580
-0.518316382956877
-1.623625352067840
-2.167740845289928
0.493748630383466
2.565366600906402
-0.234958517323250
0.738366727879807
-1.230261405398209
-1.678748508458977
-1.423604936932383
-2.394449029762859
-1.348206950130467
-1.222019179463855
-1.128366159254477
-0.255317276699170
-1.405809023785771
0.406003445354878
1.361707352020761
-0.118134887876830
-0.794321019057759
0.404805483618972
0.124965275398601
-0.698425561197444
-0.393623634999295
2.846870765184280
1.599595556653648
-0.021036518490013
-2.001820222124444
-0.320309803331683
1.274715450793840
-0.568851390530933
-0.407883054937007
0.956944217428358
1.321551479103138
2.357068501751935
0.205223488293690
0.652135945834469
3.782664112377548
1.387925082488665
1.024806927920247
3.351687538354189
-0.215255044947047
-0.990567198270570
1.859404783083613
1.335738922119401
0.922214896047752
1.362081053032785
-0.792597438382082
-1.248425190297747
0.689509948687089
-0.708732688750617
-0.457254273281659
0.065678740776406
0.018753725021814
-0.806780350795529
0.546903645872937
0.830602100868958
1.334165146106453
2.341534503406320
1.402795513607996
1.397432353810767
1.087867039089697
0.891148222413469
1.203346917072485
0.297154271156225
-0.520454519653508
0.580262822991058
2.722191827700774
1.544096386430732
2.191465738393704
1.245183740244416
0.442999072962161
0.855159420990235
1.413271818341007
3.398301388988768
3.254541817027740
1.244246720384369
-0.917466852780653
2.997278034703025
1.972599781540520
2.640466354501747
3.770151585234591
2.786314298081753
2.592307500293856
4.470266579839739
4.436847821911337
2.968679629147804
1.945430954926664
1.146804384277623
2.478353603745232
0.706480852859731
1.147201499923616
1.824291513808858
0.820369941096733
1.321138815979424
2.694679155738745
1.258981920354410
1.732811755606340
0.743475314097398
-1.076133831084143
1.461719995811414
-1.187560231180617
-0.312397542569710
1.438779340852990
1.046922429714721
2.156856248014359
2.442049908167753
-0.444792506275682
-0.567758815934479
-1.916824127656330
-2.060143701628737
-1.124618875235726
-2.888286940761390
-1.827655433629801
-1.238483156897288
-2.477823193628569
-1.663646228387263
0.174986723167781
-0.890444161404079
-1.628269154989822
0.072485302887497
-0.915062622498099
-0.500416691675063
2.264172645793914
0.763143906475437
-0.254418169862331
-0.275797639261100
-0.629243100428769
-2.254266143528985
0.357634842304205
-1.560604706718514
1.060033889411879
-0.053291807150028
1.441124337396216
3.019742231182502
1.660649813947426
1.710313152328641
3.192960462907433
1.889791920305445
-0.065439412963935
1.563739094008391
-0.039969553218300
0.302191141909880
1.293133424425090
-0.160706090613549
1.333391627626049
1.538902518474484
-0.227909242091469
-0.168949095937199
-1.282620519592626
-0.400861305196711
-1.016144868542017
1.666304312945855
-0.953421669620292
-1.362237584461620
-1.395762021021125
-0.588051475337343
0.937243588606215
1.774237147472015
2.542051167713453
1.099437339994426
0.160096607339643
1.852537848833268
0.735269531851388
0.403168494332748
0.460543585886195
2.369980805544097
2.910422442709950
2.704248454579325
3.053341870619296
1.704731648604081
2.481713728019054
-0.745355735297794
1.297295621326844
3.106613463626471
3.111985402899189
0.339426630104330
0.405344266314632
-0.209760354944147
1.958475958433342
0.703093448453207
0.443196958008426
2.377855545029387
3.071568295746534
0.630676336669760
4.374526903986824
3.416003340687445
1.570573767067947
1.108786432024184
3.038668525127501
1.331081448307234
1.904238603563864
2.216214898222605
1.251731260231469
1.276322131709784
2.231475293162139
2.191014265583712
1.242769319224881
0.131097035586458
0.908674684691448
-0.388362928359533
-0.975682494021382
0.727207338052974
1.841880760412133
1.847789282664515
1.259464553763674
-2.109035272084766
-1.799324928477851
-2.175724785608452
-3.227494145250355
-3.577680897354363
-2.932475535718308
-4.247464635580370
-1.553253054204980
-2.277883357238325
-3.012311952758337
-3.669812736864576
-2.457109557252545
-1.987185948786950
-1.990300232327560
-0.932316965294149
0.665143723731207
1.077939677463035
1.120611930675496
-0.246657521662404
-1.003015272327098
0.787078620114002
2.132923069305753
-1.184402103723137
-0.796352744249260
-2.099132471525922
-2.383870894279355
0.721608876431861
2.460633411322761
1.830612528173420
2.549127460188121
2.018444981117165
2.424505974515800
-0.454285576280275
1.581776566791699
2.573870165293798
-0.066810608988078
-1.215292058257307
-0.479095165080188
0.233547563447088
0.842667425331206
1.691918654361374
0.365523738145304
0.481049791191052
0.309130505878833
0.727470850944870
0.072275313820966
-0.160249093202408
0.589515153514479
-0.258770090235443
-0.031987935719056
-0.663033572907111
0.795833667108109
1.568649049357238
0.943584416115415
-0.939589915048122
-0.170365798028296
0.213548919932357
0.461927795202327
-1.322612945739231
-1.225945000277946
1.918579434847746
2.409764548488956
2.272167968263291
2.356137359294597
0.591478480720033
1.222057322072240
0.385829946249531
0.807017407033714
2.626963931727698
3.748927586666988
2.926113553657975
1.949440737373845
2.280425479382908
2.262831472467065
-0.467498157670442
1.459099614504418
2.325542191247157
2.954591670739024
1.836233565390087
2.364740931464293
1.714586329616549
1.897324927437408
2.185940810681426
2.653578027942768
1.939164147707001
2.709058335663853
1.604094636002700
-0.089697492161879
-0.418795176266991
1.208320014541852
3.591737499366264
2.738895162495179
2.062758005894546
3.902266759758137
-1.935897598708674
-0.700318755817002
0.588249407200087
1.106395180760007
2.009095651452613
-0.219845529128003
-3.454350491093425
-2.109727456917228
-0.947924127079839
-1.588119929400953
-2.760361271308993
-2.999382607525546
-2.233662951376075
-3.901989068976498
-2.382954319878919
-3.305433927555318
-4.126585141280227
-1.908050082514982
-0.473094602041814
-0.701989137317607
0.298427014258226
2.302676827581506
-1.303451133919852
-1.105450022691558
-1.907347450684006
0.636121035714396
2.305770399446904
1.405987150719720
0.308398771636298
-1.326707850343542
-3.104650410118577
-3.097612483289716
-1.210516573618788
1.077932108921432
3.035836819397760
4.603752097547664
0.551096455855604
1.086062836464047
-0.310788135519260
-1.915600490205266
0.035867087574367
0.085131681100673
-0.212162140478334
-0.783689869265692
2.365042610081978
1.703355172578927
2.907022583984530
1.846321931927174
0.902775388290210
-0.171090147972618
-1.312943667399034
0.897681620107949
-0.323375516380787
-0.545516652777462
0.070834842662736
2.352398822661503
-0.372229148655086
-0.487652976930479
0.951967802409801
2.126388263597994
2.646191946146548
-0.284992740096642
0.407464991635023
1.507680528930179
0.893907725931096
0.311930917659294
2.136338484603729
1.474629340173562
3.213509642717152
0.274650425311671
0.987457164686972
0.431652045103051
0.828338419736422
1.279240118292404
2.493593350619060
3.110927967236003
0.360374262230899
2.081784259911208
0.545518311396054
0.125837995126498
1.171801504015995
3.062336068485331
2.526598055312980
2.476978703243670
3.083656747654918
2.274813789585151
2.298517332193150
3.362342793386074
1.442449827260508
1.122933891351593
1.591966501112287
2.812706440095128
2.104372924063841
0.668644892231073
1.878880332003063
2.088657690167787
2.343025336840196
0.679899539856838
3.123049819721551
2.020320730314277
-1.101950747249414
-1.635058169234550
-0.726791611494555
1.065928994012161
0.652353361622583
-1.717307634210259
-0.215993936994801
-1.448745604517446
-1.391269489946780
-1.276685206679393
-2.705302292343583
-2.665468275191778
-2.244384892783805
-4.305610637385715
-4.302953251582580
-2.452836949328121
-2.654777126455672
-2.711856235463651
-2.513993597380822
-1.064345737776254
-0.953855955005439
-1.040196964734630
-1.371778579451749
-1.622116007461471
0.487738086754239
1.372622562621421
1.329060938157462
-0.529213821807928
-0.308813366371000
-0.966071285630353
-3.526500268032407
-0.815454935121113
-0.618050809955044
0.361205172671826
1.679406275401347
0.571635220195373
-1.118197084235911
1.347467477305121
2.291286276969402
-0.442963800961502
0.477426001040494
-0.143056938614974
-0.007798111271042
-0.440030091297126
-0.568099542452923
2.564311831287516
2.303069349561855
-0.122281142220368
-0.533028274752391
-0.235621676972759
-0.786231369396264
0.732010702888227
-0.026010625101314
1.448209149531979
1.859245980206216
0.843841581628953
1.141192050008785
1.625337278202214
2.623101768593371
0.199915502705495
0.975965853456571
1.530379049368548
0.672925357120657
1.597514574237709
2.584191009796665
1.605505983813225
1.423477587168911
2.021882189391174
2.386341191096148
0.822582864532542
1.953115930264158
2.842190222262558
2.123054108224373
2.576598724677412
2.970634992325355
0.930403924528650
1.892539705907160
2.925116980309567
-0.130419565796660
0.011883950001443
-1.285344411462569
0.983807902116754
3.871001705964303
5.365039619687016
5.058431829382948
4.305866925929507
2.604061001417589
1.402402162537703
1.098451429672338
1.405005087927536
1.138902133697862
1.651393409714834
1.301175453875561
0.997595793068543
1.888852954763265
0.834578595052892
-0.095469471883058
1.071000655146729
2.514509156943620
1.101535959154654
-1.113847610593468
-0.745710580916596
0.115448724358139
0.168704595151886
-0.777594195981624
-0.401662496511694
-0.922646120367890
-0.580787211231058
-0.439684772908361
-2.016641079743997
-4.137814542718107
-3.232776506504399
-2.314619026760667
-2.742219007072136
-1.956730095255497
-3.934935414886648
-2.782058777108536
-2.864994217767888
-2.006257215702580
-1.980936081932252
-1.190947452223594
0.176616627254725
-0.683313479016233
-1.427020381888693
-1.363668921783996
0.107268629759298
0.572367198692755
-1.029845793756560
-1.386883244382375
-1.647972662559229
-1.425471020950637
-0.334729558845432
0.930423786555075
1.058812476602241
1.107367752827559
-1.274859649954643
-1.071953126827202
2.333456434273175
1.000158346044479
0.592086857535717
0.231619935827251
0.082924732225110
-1.820715993563468
-1.407194091480775
-0.549016102623988
1.634768950812217
-1.046706229935909
-1.976103594913251
-0.718017878859109
-1.289558652572974
-0.363815663865392
-1.615077547373257
-2.001740011189764
0.101291232034640
0.200005988101762
1.176290468160380
0.726221100847914
1.285360976387106
1.565150404559190
0.309398961805570
-0.196723802321608
2.332161817945849
1.417711897293857
2.767299229379402
2.607887161852694
1.755388002119380
1.126403762053525
0.631919445685051
0.175537691021412
2.291359044414390
2.701970324518006
1.740145563338885
0.814239165162452
0.293869627629329
1.543472772060043
2.078947424211187
1.637235724823284
3.360399752675182
2.380423717937928
1.339103023253049
1.881738031201181
2.214652861798321
3.883986612489985
3.594629072621078
3.158460300736701
1.675093174846291
3.723434327447745
2.152565112763765
2.282480294174162
1.049722510846366
1.851104208936906
0.318727010480501
1.478008665377529
0.826014474960316
0.374972293051170
-0.101423445475132
-2.534900541115281
0.079931413096629
1.371371322304797
1.743603642548883
1.083582898374915
-1.907471767241760
-2.079242479108207
-2.225520485797063
-1.579388297253659
-2.337214410044993
-1.498617862298214
-3.712842330210484
-4.413348697955923
-2.994597000575737
-3.900271129525223
-2.439656354040913
-0.304090611631630
-1.200539448882207
-2.009036559666860
-4.186338280494099
-3.124431911771220
-0.630198679707593
-0.949348903882527
-1.216439684911105
-2.054648410550640
-0.251772618036124
-0.886263059770769
-2.752063812864376
-1.819000748323385
-0.717889639042583
-1.335884964024311
1.444486391288605
-0.314724914449965
-0.001524292387864
-0.558230820782708
0.138604383198789
-0.149382676861008
-0.095458165782022
0.501385820657320
-0.877329969851163
0.094156173876549
0.077893257578443
1.355088963573156
-1.128751819133916
-0.820581523817073
0.689300314602148
-1.300581136119889
-3.722992324593144
-1.430817869104696
-0.316724413449322
-2.579594327492642
-2.447764906582546
-0.157241658727159
-1.695863117863591
-0.686168576741023
-1.600807967721859
-4.010702366819792
-0.325288751706373
0.645269608209492
2.332384663365056
0.247804885880534
1.037772174178691
2.153485205168933
1.402944756728308
0.956931892126270
1.996129493169107
0.750894674265445
3.435948740524820
3.878221001765647
0.487796771336978
0.920629973812315
0.250194327831649
-0.011756751646098
2.051575169316949
2.384097506553920
0.782059257123523
1.322661580650415
0.046595493333313
0.074725626992564
1.692030638432479
1.955608018772306
2.246470908581004
0.903112478075855
1.394883511036242
-0.890666731537776
1.186561579167665
1.937447904773590
0.145065714203293
1.471696267367181
2.050008960770643
3.761755883470621
2.158542812217567
1.468323983262500
0.839919523597007
2.668014852163382
3.255479680798353
2.149214959747343
2.175283168706909
1.253946054584641
0.004849948222003
-2.629633685760095
1.467096858389054
1.264255071482961
1.718950592918943
0.847030853107551
-1.875203341515750
-1.879981488729102
-2.936533330930184
-2.587872354201565
-2.709940894033734
-2.373386260471263
-2.095106667355775
-3.174388937765808
-0.585492414676524
-0.497824593206708
-0.164078549047103
-0.696844807117360
-1.213138622878114
-2.329821993344895
-1.424252937305467
-3.041685633490431
-1.985868448172352
-1.337482021642198
0.197865075847414
0.530683263225090
0.341464624447272
0.260580793184998
-1.537273748707890
-1.450908809112295
-0.636676193566084
0.577689137844298
0.611416863447072
0.387735457925480
0.374470646584263
-0.255907299125506
-0.894545322927111
0.168847647733582
1.308427332796213
-0.432394338990243
0.623118172633951
-0.126006427115107
-1.992131479835263
1.190065190581612
-0.160521436653739
-1.181332463014024
0.748790602221617
-2.099781536505389
-1.764127528289581
-1.270111925870030
-2.471656580937557
-3.589820929630164
-0.838897335028413
-0.545729229083455
-2.066872977000921
-1.200514418056372
-1.948566331608562
-2.189437561235981
-2.289946994156969
0.785814639128041
-0.009791098825968
-0.112694767951201
2.430439367599689
2.498030164829154
3.066132941589397
-0.025677713948262
0.554386901464216
1.003160075500376
3.465229964090457
2.764150989757761
-1.405231827122896
0.533418985437790
0.359436851227712
1.234915387546619
-0.094746365619229
0.968538898043548
-1.067383680645425
0.801021714719762
0.451697227174420
1.576418420433971
1.253498576182837
0.452098582787572
0.924477729340866
2.572006430247187
3.384767388721145
0.737549271256451
1.007179642306581
3.219328106456163
1.617254030818749
0.901671428886290
1.844479920587561
2.147292233148374
1.086478426736331
2.040949089382130
2.873666451211887
2.981751480534032
3.866399263318983
3.802278462843586
0.148756861448716
2.200251026493057
1.840389166070501
0.121641957355683
2.103158474341358
1.745531080710464
4.390519409994679
2.997024137458466
-0.126581424896277
0.746618514334466
-0.323073979147773
0.295494649156185
-1.447149419737166
-3.335329078963302
-2.194746500940376
-1.570611523133677
1.024345532513272
-0.345688897216635
-0.341899927482540
-0.709368001093144
-2.711303377684623
-1.819079564456764
-1.800094020243390
-2.089999406950271
-1.850295357812784
-0.725480041370060
2.060953862966430
0.693272750045437
-0.564164727165525
-0.168705158527283
0.228384586629139
-0.981578685555321
0.784474205840811
1.473734582756316
-0.100794834241120
0.788243507233341
1.482079662300649
-0.028381939692860
-3.658525854914610
-1.254148140637912
-1.487879255883980
-2.471028422167139
-4.459436693538995
-1.375127118246355
-1.962324949260254
-1.940203819031548
0.740337000159498
-0.204253992096738
0.139965013943288
-1.822654015989631
-1.425972967867379
-1.643256339673058
-0.517507921893136
-2.913837632631485
-0.895542016578992
-1.488965142795238
-2.401428684697023
0.299972625380924
-0.127677674474153
1.040576380823082
-0.800263496848341
1.037550348684541
1.423841613996452
0.734408457539507
0.738752818271900
2.561267050762522
-0.307057626608035
-0.583910883500586
0.643749474290773
1.176033977926197
3.019819718981579
2.160275609599865
1.187980233231874
0.896345943865356
1.206859616286620
1.940298941866308
1.844847289998220
0.881725570538540
-0.727320942313213
0.753416730924444
1.517680282625477
2.690472093962905
2.476593765273341
0.512078490587157
0.943811699892466
4.074589662795522
3.414556740451657
2.136127398699156
2.063667088158199
2.920784375077265
3.276614726574677
3.124914876057765
2.562335132676410
1.223193395020343
1.552904576814919
1.673953719617895
3.205677341190527
2.759249681101761
2.969985818237447
3.086699756697762
2.870722938093001
2.007833651367356
0.843919612956933
0.190301199391376
0.434999792336576
1.206870235668642
2.501450774865471
2.328669975957841
0.450467995837359
2.297372416235492
0.399387091329175
1.880816409124162
0.040188464302753
-2.473436085112031
-2.058976897511872
-0.514352026089632
0.429502551177530
1.345737519478621
1.207607906627177
-0.144325712643121
-2.287611190829607
-0.655052241312304
-3.679829739784822
-2.717664230627004
-0.946856981805378
0.359343505245746
2.540563518064386
2.398726874602229
0.054615127240385
-0.381885582073610
0.446774602831716
1.338900869559169
2.019631549144717
1.258481926860670
1.098389513583515
2.684738051934324
1.016713147037079
-0.533206293133156
-2.512051361728338
0.889931510416137
-1.090402548089564
0.125277255870092
-2.607019760633876
-1.222157074155405
-1.027790696047705
0.250394680736032
1.271483120070093
0.823566395089773
-0.219554709323455
-1.956697978127085
-2.662594432510525
-1.562028362620503
1.466148287224240
-1.593248203239765
-1.444871575094304
-0.634902655505982
-2.704058707979763
-0.961955018573983
0.471316056676572
-0.343632220035961
1.033173274505463
0.244434197033983
-0.186684139643147
-0.021494147628996
-1.524964066309472
0.951273483726216
