-0.744692478102042
0.311028389752214
-1.259462799965682
-1.466551434588783
-0.896472143515743
-2.807912848582190
1.200136204813143
3.868178797780021
0.627196028189517
2.383571672993337
1.880228614784834
-1.029414057062067
0.627585492015026
0.777962744429224
-0.291773389881200
-4.161597523600316
3.601918857032121
2.080712543440978
0.084997929212632
2.172939744382542
0.956405745794778
2.555260258984946
0.306038630340422
2.880981095513308
0.492682115634345
-0.692599918112365
0.342814708479073
-0.165408013199515
1.954730403168667
-2.421159184257654
1.624504774790181
-0.354254321613920
-0.621301800308802
-1.375588668461345
1.314097699654174
1.239475875967047
-1.505254055559860
-0.924718245912464
0.768822772454903
2.904766527064008
0.007977472127660
2.840846377552027
-2.216064865685766
-1.720412232639949
-0.852083492879147
0.610935609954981
-2.150937993874190
-0.860480130841123
0.437760722340831
-2.152517487137702
-3.758809400943764
0.779831919225515
0.029663269619287
1.528800311717745
-3.441024119940129
1.780387393414295
1.718884071842819
-2.751200355171028
-2.377750381106452
0.489403739792294
0.453579310640757
1.083672912770449
0.282587943273777
0.705490065843249
-0.176276182380906
-0.875091543093986
0.129150628715804
-0.147078939449977
-3.156025350329651
2.826825005754042
0.490018318032297
-2.744411113686454
-0.114163571066012
-1.050225051769018
0.118351820737988
1.762708331595364
-1.544433935313227
3.468478487546632
1.180269563705551
-0.414752763290658
2.662103722732818
-1.421191390218840
2.805727611003130
-1.290703352611892
-3.160396601845083
-2.463938807901361
-2.283946408736751
2.797043853420302
-1.064455915097810
1.047323993954956
-1.849319434090699
2.442262973804229
1.768338636318866
-0.390071806686349
-1.626459563347114
-2.437731319071858
0.113475580252099
1.498404818344684
0.156225261737142
-1.916207445050273
-0.189847473488626
-1.329764164490530
-0.659540936047578
2.025075663932810
-1.707476252215845
-2.923343213664443
-0.112505833330981
-1.655075942892410
-2.588080026094633
1.771853707918036
-0.107933158365109
-2.157885016650416
3.744090011614432
-2.610731096434944
-1.018435105013442
-1.328077311674567
2.404210467943409
-0.931385921890992
0.141602754791472
1.679599763064079
2.218849217197133
-0.458462466956282
0.285489520125903
-0.617711830734663
-1.920828160067871
2.877393585935788
1.197943113307661
-0.117809510216449
3.539514587062281
-0.895518167110561
1.688191798883959
5.461113607707099
-1.508466206510082
-2.018786884095862
-2.091971548498267
1.225940285679471
3.542595801024801
0.574796359269711
1.431565156862155
-4.504141644946410
-0.292728512174072
-1.859043071257502
-1.680380590915300
0.409440863243344
-1.369752886138904
-0.787236788375189
4.306181280115582
0.172981232322633
4.108209237689958
-2.821527518608126
2.120939153239361
1.445412169532777
1.334638143028336
4.843906341409269
-1.670146205874368
2.133992154476799
4.367013263300692
-0.078171429959870
0.730850733500989
1.806536760684410
-5.526348551060835
-2.325932050304635
0.915010886968172
3.549921268396734
3.060658453110057
-3.286713758833236
0.879166270318858
2.114774966496360
-0.501429387792338
-0.998641377606221
-1.345864861245077
1.773047484654018
0.846176421630875
3.092091131733341
-1.260678374165418
-1.541146616830930
-0.378033116513597
2.628805842596656
-2.911252354459721
1.603793624316419
1.469846932389229
0.088119670468016
-0.990939427030013
3.001184414632861
2.566691222397534
2.692987491369422
-0.533239475652617
0.520689714106353
-1.896405516055418
0.610009810430915
-2.637181467781287
4.209929422364899
-1.044269942186719
-2.011123986072891
-3.290367707214462
0.590839840522517
-3.479416643881748
-0.185526473529031
-1.626763255519829
0.143888327476095
0.366681832878634
-1.252709178900835
1.435157600131274
0.088825691031581
-1.829323918230422
-1.687131837096273
-1.845615195632568
3.368354960567296
3.123682278566913
1.311278828303822
0.788992527119239
1.319987248519776
1.018379937542616
-1.187229508690201
-0.579510418415215
1.710939452521843
0.191491269952590
-2.090274246738007
1.935680616376601
-1.010141765911355
-0.962688692047515
-1.446427662187302
1.453439706229882
-0.696763595637003
-3.303415335870038
0.416160516602874
1.432587082925597
-1.714125625750445
-2.581923450334926
2.301269835679708
1.144695445379837
1.595729464659967
-2.982546844586131
-0.530793660359671
2.653453421567955
-2.058979072621570
0.222869675750303
-0.906079486253239
-0.363962993966106
3.297259457840669
0.893657502059196
-0.295086035755698
0.259971885057206
-0.939928124641407
1.699771429393918
2.120548192140205
-2.652969793665319
1.101452571961863
0.921549709250772
-3.865243440265496
0.786361610886014
-4.599885765934157
-0.956717100461073
-0.824069602514564
-0.685425108931298
0.925437788138231
-0.536896974384098
-4.505993034778829
-0.913540630473958
1.629098054240063
-3.064168933256465
0.197967652176231
-1.728131804842598
-0.420022375100256
-1.103683081804150
-1.084600645910656
2.107069376614382
-0.518533255419907
-4.180405109018014
-1.485216441149134
0.948197348109827
-2.055032483761545
-2.494760790409857
-1.948520353630318
-0.424367290872503
-2.309385510347563
2.210186284019054
0.557628705937795
-0.407598647489571
1.776240971725338
5.147118557403580
-0.865334338243968
-3.355370842886443
0.894744008725616
3.373743747883930
-4.115263358911661
-3.406486719765481
-3.023050240952779
-1.830292658182082
0.418015964131978
0.133516858251449
-0.098532142621148
0.060348163605381
-1.551468045537532
0.787961568669247
3.018186101670202
-0.135738168949392
-1.561066774205596
0.522362914916251
-1.333885409561082
-2.131980871550128
0.399979835401301
-3.307554474110913
-4.136368354014264
1.273757477363454
0.607016012219764
0.174505922771059
3.634972006529924
-0.283582813450352
-1.726810639321444
-2.972882365619093
-2.276260192037590
1.239398290431620
1.623481578677836
1.826003112686797
-1.692147713625255
4.113594932613143
2.629489446715495
-0.747087031234796
-1.801131508194597
-2.000911543224809
-3.240040569101796
-0.023524436766193
3.058646428385364
1.591673567769407
1.462418965266097
-3.637218816550116
-1.476181736245208
-1.939824192142814
1.722266505136268
-1.566547337726361
3.838298723231408
-1.152456748848842
1.001901399729306
2.772429953745725
1.755695025225800
-2.920636138479081
-0.343576871120278
0.989399268583628
1.095950741694602
0.682152095260892
1.659621111952973
-1.326824482648718
-0.176627283313220
-3.668250164539805
-1.475284935162158
-0.406576515417721
-2.733263024272620
-1.051228883328045
0.212134150939881
-2.291939737633688
0.691209635277757
1.613149413724925
-3.614575411797360
-4.078971843001996
1.167218601414348
0.101994546633193
0.796686912450976
4.861691364623812
-0.462915012083856
-5.730986665318706
-1.411973327686964
-0.816756409515987
0.983236279119963
-0.953565751413254
-1.740551319564922
-0.096971207879091
1.808163873636005
0.000698435920289
0.040969676560708
-1.360088044096655
0.287360238201580
-2.419391764299847
1.415457999445792
0.443413150099637
0.075165672465540
2.513564428401031
0.396369070565996
-0.618878634539314
3.402615603988521
1.860291387570496
0.554612997450101
0.675176927927477
-0.698258518446293
1.465578886050298
-4.171234129555676
-1.105367580362128
-0.308454312749341
3.670213261878227
-0.267922484385497
-1.115730008753667
-1.783755955910889
1.984793250399695
-0.347228063655134
3.662723589084410
2.217228522377352
0.475538134970413
-1.099504444834408
-1.653408470547883
-0.111723431921752
3.955967073269740
0.437187215483284
1.463537235152180
-1.635948170163717
2.761821219757834
0.479647652362893
1.667530801048565
-1.040412330692971
3.114328868137977
-0.688513926731732
-1.415273423792289
1.563189317494531
-0.378192600608039
-0.300455218120923
-0.978514752596300
-1.784767859515621
2.437131517641687
-1.667756058556512
1.002583407218268
0.422594189622083
-3.520071177399144
-1.924511060559171
2.413895314827845
1.971023524027850
-1.427382021307489
0.269614884106998
0.080784907734758
-1.611960904618634
0.348583212963906
-1.163995551023626
5.961071247370707
-1.002181346604782
0.288336198482813
-2.370768088827842
-1.031309539030013
-0.367883732014600
-0.775655839103036
-1.087542965296507
4.593069854180615
-1.563514273688877
-1.023999550686142
-1.844712008245251
2.493920685816794
4.139693636468721
0.597133245084990
-0.841087473105494
1.435830034175352
2.681317133673115
-0.835072087282998
-1.240832129014018
-1.230861145707825
-2.744458140068938
-3.463592783796449
4.564748239025642
1.863269159614471
0.627275956644077
-3.419856482155272
-3.696093815478629
-0.518490845729259
-2.383880260201658
0.904584438868098
-2.666049559207088
3.461321011748402
1.397391113232400
4.420435693085563
-1.110758519479185
-3.759403440681035
-1.696423417617175
0.667658209789961
-1.003161894477809
-1.568046207061185
-3.033086821453352
0.384303310462903
0.296425168744387
2.850195152887538
0.686251440731432
4.225832623509884
-1.860710801709017
-1.341831213420073
-0.354466438398352
-1.120933027940561
-0.563026622731904
-1.835494724604195
1.602649273046189
3.583367275365170
1.778300302357969
1.633200957719242
-1.083913626073213
1.380447522381519
-1.794135182656828
-0.051635097008335
1.360319315199312
1.844611519003442
1.978882572915107
3.533026083874259
-2.279889543021257
2.380825682291779
-2.287541033779464
-2.589845839931612
-0.747774610405430
1.417366868858593
-1.223168308492437
-1.378557722153823
2.818456133174966
-0.714895303755769
0.055695341587616
2.043628303137390
1.182848068582381
-1.768646881425088
-2.605714998425616
-0.283452074070731
1.255406228497091
2.782138107151695
2.008218692173910
-0.895874978102486
-1.521777261666357
1.773907580463466
0.755709808632793
2.218433861466499
-1.024653930171484
3.616751087720929
-0.143942992352296
-4.219449793676811
1.055201254343868
3.965288297131298
-2.907590970617814
3.654288778183717
0.526669369609399
-2.786870955585636
2.231351242608835
0.814687122802825
-0.143145046303014
-0.665316334204151
1.928731483037952
1.678199439440984
-1.723370874452978
-2.150117601099296
2.742479723596898
1.535953465305455
-0.010882852523206
-3.495972479886579
-2.032400953685915
1.210316446236164
0.408102430843602
-0.654451595640523
1.918282065090054
-0.275986461723926
-4.700713370556259
-1.178217603656751
2.960613935562997
1.349662020913616
1.196011409769149
4.414237971159928
-0.222507688807046
1.185962547761035
-0.362243399014105
1.476995711720491
1.821915147050056
1.164645786244856
-0.021399114356336
-2.042655222905569
-1.078623979609499
-1.178444601829733
0.385672448903314
0.727805582710734
-0.103995143137737
0.871148952608546
-2.997874405524912
-0.790076325499027
0.537531057949789
4.752230934523644
0.286793312394507
0.852726268912883
-1.230531683876759
0.301301659177501
3.980480084050428
0.826351033466801
-1.859636916652038
0.387919338819303
0.271224536265931
2.411557733563582
-1.153563990569928
-0.705980541841571
-0.343576751028415
-1.912486791967584
0.718609382122463
1.630266241803344
3.396705143981825
1.442828137645630
-1.214410681941072
-2.400875376194413
-1.420202521346662
-1.372244849227265
3.164827581674225
0.235248678534878
-3.934123798137316
1.418275920608916
-2.686944969945479
-3.747131558284958
1.414990721641564
1.833371005556333
-3.013202456011348
-0.553563610547510
-0.739768430566398
-0.526410472099939
3.621927484776291
-0.942163975454545
-1.639229434128405
0.750343614445148
2.568033313956549
3.907172283588606
1.227487196137055
-2.820740640611072
1.824803430870980
2.483541302466415
1.914397816272381
0.711059717288149
0.430541406835909
2.052514413291496
-0.745896826758717
0.886903131782641
1.880769954568630
4.719218566984701
2.998994161242744
-0.818557960462309
-4.004712880430947
-0.973604107557070
0.332916078865059
0.487870506774537
-1.212354652873570
0.618698025246013
-0.168670684733805
1.627037518094135
0.296662398821728
-0.979120537792504
-2.193043314924926
-0.951023021532076
1.720870221700752
-0.348180587521257
4.233297466776742
1.746745634573736
3.874462131956746
-0.268790203974866
-0.181187896515692
0.254234346977351
-0.763794775204056
0.155852188236720
1.567016343535387
0.429672124652753
1.916548951373827
-0.334709284384581
0.495336126396113
1.642140074861979
1.161783244094420
2.963075062118131
-0.035065848691122
-0.641761403791426
3.897174557707707
2.450491340024238
1.668581922989691
0.229356121972091
2.235890840702281
-2.278652770501360
-0.650868793438690
-1.295750389811447
-3.101357657110196
2.250159169837020
0.948836877353528
-2.089956454689867
-0.381603481278440
-1.292292673444138
-0.242449519193326
-1.457499773886076
-0.775567934348231
-0.837642960226842
1.050461368789556
-0.191104076798438
0.256595704709963
1.170097832173642
0.416033557584712
0.218912094645747
-2.700212785982235
0.638973504612664
-3.775988480499136
-1.482855516430098
-2.615136356572120
-1.161904673667469
0.735416084846830
3.830039064415076
0.507304582553101
3.175545914612296
-0.542604741599350
-1.588040378745942
0.973246130033942
-4.659338035080435
0.948897974969002
0.258316258911952
-3.424123368866321
1.698703040338236
1.247275237957608
-3.809007474451633
-1.371861200259434
-0.102815983767679
-0.288524669333206
-1.662993153943841
2.650643328291579
-0.152664201442950
0.516636377916647
0.742987269923918
-1.080666953637871
0.633240527360443
1.267524107570077
-1.321837457268827
1.376186120332188
-0.821470150101724
0.414490667558101
-3.380644328005735
-0.865967138676048
0.687441301807818
2.516722921801930
0.919587276770838
1.422846959724266
-0.323137407669088
-0.007887970754980
1.324199710122091
-0.535002867521332
0.392893899811389
2.169571350689673
-0.654938601420377
3.080861512086631
3.687585428845923
-1.727840827037567
2.160155109645651
2.567268417892198
-0.938060612000187
1.082631391469884
-1.196331352148169
-0.811431734643105
-0.153561627889226
-0.518578026433464
-1.916873709748866
1.664111184168140
-3.036060281893262
-2.580026482305591
-3.382625833277177
-0.562720712319805
-1.727438324127174
-0.631891799579729
3.952202104950372
4.063503353965598
0.040162040818430
-0.480957056916345
2.210900051539018
-0.540212901243376
0.627078514666452
-1.136089295011848
-5.152559709175520
0.165648746465045
2.656226224247256
-0.882150257493278
0.630420782120661
4.892518790491789
2.873877848459707
1.737450929021959
-1.909435498604026
-0.269794113774797
1.189811665140011
-0.145786857784817
-1.822524758484992
-0.121139740708869
2.245297073888661
0.911570892668976
0.687720314304273
0.285915498869463
0.906703184550414
-1.268268593000078
-0.862794472848760
-3.811935596193819
0.469149776069909
-0.973297942533457
1.374739530636137
-1.832442559025367
0.604667313989513
-1.388880140948080
-0.458922206842362
-4.897256024153294
-0.767787489790920
-2.710918364363244
-2.371461468234959
1.163161346271206
-0.233077111174263
3.314355836216319
2.092468023447222
1.048040284794008
-2.426780626871460
-2.935652237451441
-0.524329695447155
-0.027285825496768
0.671611534360422
-3.882311699362392
-5.938212000902939
0.665220584311175
-4.749666206428642
1.284332780570348
3.755504708928440
-2.309283831042741
-1.027689896821742
-2.755336563383786
-0.151513663728915
-2.181097267643633
-2.698413981480697
1.222554606023896
3.543887380735723
1.571594255282830
0.142482888107667
-1.607785453942195
0.522054212328946
1.208372504487341
-2.251070083861132
-3.273785767564620
-1.064452045532814
0.359649058128793
-4.401598783015244
0.177743416950218
-0.025028588819881
-1.945474584905371
1.194688489688733
0.973446620066634
-1.042172054822760
0.721540102388265
-3.329290872866246
0.747985391297288
-3.202345652916946
-0.914282138436351
0.540572067017826
1.604751078824889
0.486806148966367
-4.500098693394510
-0.465635913744117
1.083125303362066
-2.557744231477955
1.354899488131398
2.128964080774817
1.959111327709397
-0.062947472203965
-1.221903237646731
-1.542981464768444
0.821779848897432
-0.322016438722309
-3.055929749349704
1.509406523184335
0.017421817572712
1.183227714731963
-0.192768829878106
0.294476201681419
-0.173658815437754
-2.074037654448292
3.585459051741276
-3.046026942405791
-1.762206724649536
1.375170121628901
3.570796293781133
1.667573304098275
-0.688441660392221
-2.491666779237107
0.693833635356204
-0.750012799619458
-1.200535804044948
-2.741380218298825
2.178829012960806
-0.696772270302768
-1.862392012361472
0.589910802229481
1.778206975339688
-3.496587234433569
0.233680922062894
-1.778822964608294
-1.174807951229500
1.032112103090361
-3.735136507102639
1.324371308620634
0.234594126981030
3.904515341395513
-1.540754365957409
-5.320123716357085
3.008754848413778
1.275213700276456
-1.261196248324735
0.190910038341068
0.874861117745710
0.861878928474560
1.057248503016341
-1.465855978371405
3.082920688485186
3.293264663757180
1.116694645032096
0.715368898494551
2.759131244934361
2.639058937627736
-0.539530432903077
-0.565552010477475
0.016807201447475
1.640600806134986
1.268051570094412
-2.746966129023241
-1.177194119332746
3.162954204599043
-1.580036759231607
0.747863574034149
0.060147597874721
-1.012924027125665
2.539145574118199
-1.470895194139905
-2.502360894310431
-3.342333218012663
1.221687196728875
0.653754246450593
0.820842980619435
-0.111863580899128
-3.249630875596288
1.489484603728111
-3.280803883716921
0.844601732769404
2.690524409601427
-0.118001782298621
1.237639996374453
-2.639021509251501
0.040685837091547
1.625429829714277
-3.823401886309973
1.776736757606612
1.285128210072315
-2.321705133599054
1.097633858938331
-1.754155222342394
-1.139368141404435
0.781432302727070
0.238314185517404
-1.140515268500492
-0.419889339231418
-0.881320354797503
-0.808410325102993
-2.676140842403484
-0.929546190629122
0.908183481506890
0.088083150053624
1.065742281177121
-0.063574849050221
1.514363267438055
3.055426846345683
3.437153568515039
0.550291975673640
-0.458678631094731
-0.519536198526955
1.213449590214617
-3.227538725783857
-3.997857948995309
5.320481863504515
1.055062392329652
-4.223889094206757
-5.521099460529948
-0.927968681529803
-1.484594326947718
0.273581366749434
-2.209678773846492
-0.401495795729528
1.225897790558902
2.334789384514696
-0.727849853137987
-1.878620531688773
-1.628716128229427
0.349841592617766
0.274706314002941
-1.394431055629162
-1.278538534269071
4.871818045177265
-3.431424436145087
1.808513968777336
-2.185940035137369
4.016542292305997
-2.814657080438061
-0.474094869042337
-2.720412928019013
1.659148202509397
0.646254709126119
0.527467656082875
-1.747449393107171
1.114848678437768
0.884979490221856
2.016301281957755
1.518165097200743
-0.066743883214017
1.169991246497427
2.247829342696304
2.089758201936860
-2.045665350951783
2.338839367285038
0.448034694457155
-0.178591673042924
-1.420809165724815
-0.517936878975863
3.501137788257517
0.735925757408308
-2.677896397131395
2.166027084041177
2.648615780035464
-2.944208591098779
-2.081774537605841
-6.490005302308025
0.212985572208776
3.314780469209971
0.842524986773761
1.836592903737898
-4.203058063287283
3.199512356029095
0.295729749413234
1.080289939048246
2.061209316310045
-0.500510852611212
-2.285717857917060
-2.092028745851951
-0.570937210632885
0.893008944432737
2.767268115458127
1.442967398161630
0.004019138717855
-0.793013849390096
-2.381664888022961
-0.497528118922635
-0.034806360489903
-1.630621397405491
0.383628188729846
1.175540032669089
-0.458107015659117
-0.252040207865999
-1.624731852787520
0.904447306373398
0.933628888599207
-2.528015807712096
2.013723857928035
-4.121315188013040
-0.966487883632892
0.291252272781108
0.495917012606688
-0.983324447382011
-1.424494991744296
2.596261896948753
-4.352867487040610
-0.638780815256007
2.177172072305011
0.101467176490228
-0.439885476195888
0.154027539667320
-0.173629723439657
-1.172585318565518
-0.697544601073996
-1.668110156749839
-3.912810643039131
0.695416515345752
-2.749678445143393
-1.462725162785707
-2.969243885987462
0.227384257079007
0.338362352963911
-0.983082056142821
-0.286049682782618
3.698923633228057
-2.306495757673465
1.164603504744648
-5.268094000582305
-4.543433386793937
-0.247943773893103
-2.597316161293568
-1.964334242616494
-3.640864879814760
-1.476376951499901
-0.894168076073463
-1.995099418738277
1.548712175568220
-1.942867856347079
-0.352683372406443
2.600340544797929
3.515127998680916
1.217885424159197
-0.309022302485318
-1.628361544371481
1.563454142541548
-2.319501455182957
1.716754209482345
3.002755701443588
1.571935831786252
0.347011525129179
3.327796383561434
1.967929027450261
2.614508853936091
-2.549910682719850
-3.268802718215021
-0.819407724832240
-4.439820136042437
-0.201859713623004
-0.256243807854624
-2.469938115166717
-0.343863739119898
-0.831389600618882
-0.019235772754466
-1.931507307631120
3.044861105625237
-0.137030639808721
2.400591656006122
-0.107229133131437
-3.415834909379687
-2.067429258618142
-3.828173029672354
-0.057357132078261
-1.329035662860524
0.851898584782457
-4.675717198965055
1.085993871432004
-0.851052611391306
-3.323874310811543
-3.127777854822144
-2.063039513059472
-0.638989168942078
-1.464921095853505
-0.691142728486479
0.686325372727663
-0.411706718276856
2.497654065511688
0.807217383714638
-2.589982879252946
-0.771615814716366
2.067612738412901
0.831137099886581
0.307505836977061
-0.431732782059352
1.290299718868873
3.375078056692863
-1.501995514260890
-4.183666834666925
1.432126866440351
-1.260416202063065
1.384589226250170
-0.024343264540590
0.141978605494534
1.740924949787072
-4.918211335419186
-2.011271570418648
-1.573260401947884
-2.605816110756326
-2.023178927369343
-0.678045119639387
0.373017209999467
0.820219274307445
-1.194739734841015
2.548269925576247
-2.515898253177738
-1.683875923671261
-2.591917461377840
-1.841656420958621
-2.288468275598051
3.036377952185066
-1.023710864957825
-0.349495582799178
-3.222353166476685
2.051982480451236
0.729080983256900
-0.958867747799834
-0.967226093228987
-0.348585517257678
-2.481666420012870
-0.883262012842388
-0.906875430833332
-1.672236304272460
-1.966568468005639
2.892121256779532
0.400399362561468
1.314269580212073
1.052931167185932
1.164706205431565
-0.903995222741738
-0.474295471531976
4.991029667924681
1.199198549804788
3.734155395430059
1.600619182921025
-3.662705356656749
0.455979807727834
-3.287871151577486
1.019584690060121
3.154287942274947
1.985557073098511
-3.262802305118982
3.611024085828875
-0.059987112836445
-3.641703623597884
1.192643414637416
-1.489561333910894
0.022467737964476
-0.961066306516832
-0.682481203590122
0.214045700480733
1.756899472041595
0.800528957233576
0.406893178152398
-0.529866483405721
1.731477797106460
-2.087844236812193
0.938131815979391
4.510380031769222
-1.816045842860208
2.174706770166233
-0.031385538441198
0.846352203632310
1.014801413573387
-2.188941057690908
1.697417923323304
-2.045714671816084
-1.503305026099106
-2.297854639280628
1.010343262200839
0.516701413245302
-2.175341741314462
0.513460469861445
0.247091983293343
-2.480213431578221
-0.003371194083146
-1.091438322764281
-0.291015720269967
-3.028095350749930
-2.234713466010046
-4.186170169563203
-1.508994572953333
2.742642779332049
2.178739715825176
-0.259802938885232
-2.098392524141782
-0.810393758325028
4.935603787807130
-2.126762366629647
0.074293270523192
0.177158078579946
2.751304148346543
-5.783529541850213
-1.729047775082271
1.483378300167837
3.772562507851319
2.832297235036508
-0.712813330045536
1.803334872215727
0.104935626159483
0.164084520476597
-1.460450777412491
-0.021826828849828
-3.428430903304315
2.570141337852603
0.962109022495293
2.150532973270077
-3.319039110359592
3.007006199786955
0.743945494859398
2.391250332136030
-2.125197049812989
0.794833611462930
-0.190731473734647
0.769667629769678
2.405457196327148
-0.769119759799025
0.496265139813169
0.676985082806660
0.880351494100240
1.551776316108879
2.562953124701143
0.743328774309909
0.256674519797396
-2.488268778215095
-6.449818867554939
0.773034660882377
0.974657923271824
2.973788885424860
1.889089790947218
0.396951301095878
1.129104894694650
-1.585964363531480
0.446820472551312
-1.103275067878765
0.427437731649987
-0.659765821017536
0.007707076885241
-0.068630170343217
-3.018313731953009
0.942137449689919
-3.876146760841453
-1.574276114227266
0.061339939723875
-0.511490534288680
-0.880220886500350
1.045993706570955
-3.379084161582651
-2.990299089356462
1.346958488070496
-0.718254238759566
0.644200472222503
-2.251197436224231
0.084283575945698
2.494788621534566
3.263707011255745
0.417578499964593
-0.414286513373495
0.708965499251119
-2.946934740037073
0.166827078567678
2.300359820596642
0.338810862825034
0.965294486763121
-0.339873915118570
-0.266978840938536
-0.996778906456269
3.399390453330466
2.676298546678875
1.712582759562130
-5.412934795609122
-0.592316544044477
-0.336708748105942
-1.494450464866690
0.080087712940542
0.218525479196162
2.050378946455656
-2.438858143838320
-2.099606964813759
-0.064052256201971
-0.428808153546003
-0.211125290002375
-2.098477550152809
-0.096994845572430
0.791520132655338
-1.082956174025514
-2.631359828831896
-0.857098507949351
1.332553173820825
3.607187472717499
2.200458845508605
3.331622664579826
0.109962073590953
-0.986264748956131
-1.730910947579532
-1.347696762723373
-0.672730785059240
-1.507783280427482
-1.654603516511786
0.291911231563303
-1.367161338129910
-2.871957820317788
-0.419204007707483
1.341745054280239
0.306662910552044
1.014101639883261
-0.748785586119368
2.418020681204422
1.770100758895340
-1.165345469087156
-4.304351898711674
-1.023289544279638
0.386653542122456
-1.541165584466419
-0.146182345253452
0.775984551622116
-0.009391538555526
-1.239791295619405
2.671883818903311
-0.353197146274336
2.377527639892723
-0.211855145753650
-0.121750432719200
-1.887818395365615
-1.573869759369781
-1.098929064310417
2.578859994028416
0.924652727787803
2.305003137176598
3.918406015763411
-3.096489459431400
-2.481154960614011
1.037729017036536
-0.192463643593598
-2.334912682274489
0.037891136385186
1.855464194065694
-2.801633143255566
-1.580701205117503
-1.323279343615574
0.643193098106537
-1.474823137994151
-0.508748321444251
-2.655611347631735
-0.702323424916713
0.059053894138158
1.209729995848740
-0.216208559658969
-2.170686678055131
-2.719699564045607
2.916198143143271
1.474376211207075
-2.304863278801313
0.656604160331722
-1.481634288429738
0.256305231547472
0.713090633272906
1.906754188818357
2.795039687023366
0.013679879350856
0.419577657116075
0.002262144129130
-1.780398296927496
1.401675484921549
-0.685633492227118
-2.465172590255517
0.566084552179665
-1.525115521070893
0.441800433364147
-4.123604827059903
-0.452307981669217
-0.544714933901708
-0.525873366571557
-0.637301801403721
1.013229089826276
1.092706502416045
2.590956837045753
-0.460812820352533
4.460132163605743
-0.785426474896415
-1.912322216447850
-0.884932630540552
-2.152841610117694
2.026558540793516
0.407644479976768
-0.391224737349455
1.070537758054947
-0.752070227328376
3.547307087619764
-0.368423130606247
2.364131773473226
1.333041727455905
-1.503141649187258
1.995837303634064
-2.810633350453998
-1.840838546095695
-1.225955615752572
-2.021817988715887
-1.187481650205655
-4.359921028736427
-3.098737976571635
2.856162580410596
0.445476121288385
-1.928423458807174
-1.463532287488064
0.964378533199831
-0.860818468837886
-2.781115779873446
0.440339910407752
-5.227327848351625
0.345858110933022
0.480116058616174
-1.341209458789653
-4.806302574445477
1.417375361714577
0.408938729645596
1.343881776559553
0.666511987209296
0.139636232300202
2.690197639237769
-2.195627568167215
2.447512768586398
1.595868100950486
-0.179835159496027
1.009939836804199
-1.370210302134056
1.639258917216012
-1.251394844786565
-2.962726702331548
0.305400893174712
1.362764995395514
-0.160044290249689
-1.079051603712602
2.070707560661804
2.025581248656432
1.739737102827681
-0.049297475873250
-4.139121524328284
-2.043534291119640
-0.177156316076868
1.611655268915931
-1.172443808646614
3.376156790255838
0.717843565448604
-0.128610437417368
0.940788700365102
2.448987643950036
2.836022540120168
0.380009899866214
-0.418962731967080
0.392746057863338
-2.395315787185207
2.424552683248602
1.816855979223182
-1.318205399202777
0.178304689418638
-3.242982486316102
0.456733166393337
1.560629121062950
-2.335279361423402
1.683580383572159
-0.326207487233078
-0.314012879053672
-3.029136807083066
-0.589083375605888
1.711822642479552
-2.366114273201553
-1.841914587527664
-2.818737846969812
-0.540288011096478
-4.079164313921068
-1.304004605275248
-0.830364445621803
2.044482657356571
-2.918996871997386
-2.575433362002728
-2.803860840160203
-2.211835839429551
-1.836339514079300
4.093428209827067
-0.013186109014108
-0.153390055330424
-1.824886536861077
3.545708714963812
3.314584737220433
0.526332050498328
1.544449528795987
-4.841050033958942
-0.723315997089695
1.385551847076220
-1.702556175276275
0.563152187082749
0.875437875533955
2.028521297012180
-3.783268722546926
-1.600103696345409
-4.249818807557690
-2.617190771246794
0.993057667396730
2.104585616867322
-0.415279550631155
2.120149835109512
0.554384871142374
-4.217551639527466
-1.258939160181638
-0.523506904019501
-0.198048702107882
-4.598576918462115
0.550785833710327
-4.068115073380644
-0.881445994086785
-1.919001118126574
-3.085465468722342
0.725077128528953
1.556247301462326
5.121615480159331
2.615679420488117
-1.352199834556639
-1.796215664674068
-1.006383157616807
1.678305630330415
1.448788764952686
0.340281937205986
1.822424962687789
-2.099758246129642
-1.449613141370593
-2.914150088404520
-2.551972299735974
-0.961543626482587
3.322420914862461
0.299786551999139
1.473224040165188
1.337384264695022
2.223400822686954
-2.586661353505986
1.444514858257567
-0.450352536953330
-3.330866882110524
-2.210712316769448
1.765409619049365
2.908589179731980
-0.541522197043385
-4.197806951514194
2.189789519499999
-2.648852898220515
0.090838936294984
2.262602742037159
-0.146617839936283
-2.227120773397846
0.877427748632341
-3.739575380877107
3.367693098789877
0.009088745624207
0.763622078769657
-1.972362433735160
-1.055558581465171
-0.979670773805622
1.699742202587225
0.260123237042486
-0.490263515145097
2.047221603196994
2.256921739901056
1.252187478961386
-4.217804230692904
-4.772859094042269
0.523728766248674
-0.536545756751885
6.291757004186427
1.247872233755603
-5.010729952098380
-0.075076227973060
0.198373961252933
-0.041100456843681
1.168296097759510
0.666718770496435
1.497601817774410
-2.062145496229476
0.358164824862786
-1.602496497105180
-1.394883303487245
-4.300330895542039
-4.025847149789190
1.383159273577344
1.408227787116977
-1.264250892184168
-0.293719891457202
1.986562025353027
-0.515365952587023
2.158402197323479
-0.354452251080791
4.594116543119112
0.274235683429381
0.036399208081266
-3.496344176610819
1.877739068827500
-0.967067177400808
-0.666293392334638
1.588789492691009
-1.872296243705834
-1.785578778065965
-0.053939689763660
-2.558451751034998
1.054410305643403
2.251617917516178
2.440766027881785
-3.646751483264262
4.063041885475605
-1.114319063986795
-1.145259723024610
-0.259188531187925
0.208691523060312
0.206561217238891
-3.535354179186994
-3.298068646625238
-4.957649960582592
2.047732166874165
-1.924207706807672
-0.547109498627216
2.716646840217146
-3.312496094712571
0.795001522458401
-4.657293617579763
-1.248963093405820
-0.068989747543867
-1.984035056879229
2.611641786684356
2.953002672989947
0.616124587338065
1.645359263406659
0.325756424476625
-0.357034472506054
2.349115057654175
1.584362095894778
0.210380468333423
0.273682572953775
-2.971916089461097
-1.043795638208580
5.044173105188303
0.107474409482982
-2.669311642754940
1.201645681164051
-1.306177921248007
-2.178045590164014
-1.349558852947299
2.236367024833992
1.328155696844135
-0.116312397929735
-4.499263282159015
-1.079308701044094
-1.566972158873228
-0.115628093194839
0.852559974293674
-1.411719060705562
1.322729954580767
2.038466263532354
0.615076404082886
4.298186579342737
3.422770202705340
4.858965775427249
-0.366808874496637
0.704564569156973
-3.708341064295012
1.861674996838789
-2.385753723082407
5.140178921654205
-2.017318989559227
-1.418360199367578
-3.143333209386974
-1.838469180526292
2.057624975561440
-0.072446393995535
-3.881452566069933
2.244946772451943
4.025920320508622
-1.530365600207858
3.502679564023513
2.635255228683096
0.239994065875881
0.230667067455157
-1.434349504600689
1.170269935938439
0.235023462224628
-1.866937516000799
1.476767133954273
-1.946949956989870
-0.520128986675406
-1.481658904871478
-0.811929551859525
-1.430171250132471
2.163916262689023
-0.866605749486726
-2.602974005989933
0.229219448773329
1.996014221569557
1.434338225521809
-0.595873160739569
-0.967998017106880
-1.242650829502636
-0.563820101866746
-3.863280164588679
-0.389865162505669
1.746680818156496
2.123055278557733
0.806317162510182
-1.782961951755146
0.823713842555043
0.976047124721185
0.503673174471002
1.151520925044279
-1.458241076120975
-0.287902580535956
2.810507280252107
-0.489264286923463
-4.324982859714850
-0.735140748986911
5.202029451393185
0.140281584767230
-1.270316637821044
-0.360836443115929
0.005828882387792
-0.469498848760840
-0.828127546886402
0.470901741054489
1.344806648496956
-1.075907259286520
-1.841106758184326
-0.270002824561525
-0.532636241198102
1.911805257712628
0.592938561353301
-1.104301854170872
-1.556405290482068
-0.189389891381910
-1.536059584201465
0.167168069873169
-0.107151240961892
-0.136575710265699
-2.939345940276358
2.492829726737851
-3.837080036795513
0.646329709490727
-1.209716014261614
-0.538537369231227
1.501342204436684
1.087911849126405
-1.984988441045454
-2.604900930988387
-0.040250430196561
-1.311685224367964
0.187774600603942
1.146215354337437
-0.104697889169879
-0.434112765840854
-0.404905704197678
3.150104638119543
0.734184839283612
0.707715743458158
5.094477972260707
-1.952409351053270
1.405352504383551
-1.618722171417862
-0.830888268048324
-1.890601781723155
3.528709773866339
3.125253268906300
0.137677940026994
2.685426148374157
-2.893825686226208
-2.504830020717047
1.971021421966532
1.395403238593980
-1.021182524858834
-2.147493672584035
1.192215593957211
-0.052244201755214
0.096648826451687
1.853689075436351
-1.548620258565955
-4.817990121062913
-1.820062855785546
1.932649461717806
2.293710245103803
-0.261088958975247
2.294774961967307
-2.555680799522737
1.781231078680872
1.957883306721524
-1.381082305058836
-2.470451553009957
-0.325808625576542
-1.241201628354020
-0.202986200247703
1.599021763991340
-0.414876145169698
4.291004030579362
-0.076128840791982
-1.751174261432350
-4.378879463694762
-0.854513677187772
-4.524341392291476
-2.309655608737447
1.320239121634043
-2.282484831577377
0.832374458833367
0.688846893253040
0.236570018625174
1.511744098547010
-2.491400950867593
-0.219964116502045
-1.240801949129075
0.984234041418055
1.100728440603113
-1.681999778072240
1.041760373485187
2.339397490493870
0.450444622836685
5.767378741976711
-0.499222216833276
-2.611944131618205
0.885278097562847
-0.908848153605926
0.695845223376199
-2.433278722866573
-0.870405775219880
-9.072947998112001
-1.431899576353236
-3.704347308903224
-3.035974920471303
0.033933796067712
2.018981266357542
-1.502934613503196
-1.441534430825371
2.184431744899295
-1.978874432926202
1.243702400135017
-3.622654500462539
2.831638763740001
3.367467390070786
1.109542105501936
1.342417571724712
3.053097928343421
3.179672248303948
3.146882859490789
1.222273934003770
-0.854788374204672
-2.354502298405026
1.355724876543174
0.417724517180473
1.716454004442776
2.995059620551716
1.220529660220260
-1.080940641818537
-0.206110274518250
-4.375847762837773
-0.445433518845139
1.446282874562018
0.919268788165470
0.086202451158756
4.323889396336679
-2.128789909881336
0.020784904433940
-0.344513929204796
-0.188665150394538
1.034269954766515
-1.495532395879235
0.046282748448409
1.689133002504183
-0.851992966304707
-1.621638646811324
-1.094347158081393
1.608802174731792
0.648432203247182
-0.817056480484062
2.350957210279229
1.692081318759385
0.773251175112738
-2.550001754076231
0.661140774190809
-0.843863334845975
-0.526915188355050
-0.049840497837809
-1.252601235219928
-2.541115786957159
-1.215606982806382
-1.954495875459193
-3.136525452591883
4.153777368344240
-0.349937043940205
0.057564517286770
-0.664477990621436
-3.946361455099847
-0.068465294422467
2.341099452829093
0.425672777264827
-0.528815422408359
1.428004946958126
-3.138485105841912
0.913429434300755
0.003955715246002
-2.984211477723847
-0.502766806476571
-2.047777142740770
1.263757011715454
3.002211665412545
0.130151887691425
2.911303384326369
1.976538551320377
-0.375858335689635
-2.690235363261862
0.394809886515243
-0.446892928176372
-0.140216876827648
-2.594839032850991
0.466149416072046
2.563090308935686
0.589878035641029
-1.331295029998562
0.482480623540108
-2.937959900679722
-1.292153808789569
-2.805433130909564
-1.945882791731658
2.789358231260277
-3.989788429528010
1.108994144906045
-0.635730455628178
1.817156662545428
-3.509603100312417
3.444130878418659
2.721824291040973
-0.520567410524725
-3.923596659760254
1.943945231119750
0.116086229812065
-1.928864010806633
2.296782877185894
2.608102764569480
0.332614884477257
1.433657774030195
0.152505523596322
-0.920898293644857
-1.808594403634556
-0.699914098632381
0.660108457986480
1.160723433024314
0.563339205170321
1.652516574541925
-0.034921288198467
0.028354760079267
-0.465095160786670
-0.453883346643917
1.487598612685283
1.937807583318464
0.853118199927564
-1.428363818212517
0.763979127325803
-0.053858153040506
0.056987997793792
-0.434142356295941
-0.316433993373129
-3.067267293217487
0.458673863183902
2.121496472133682
1.121893062307410
1.717380688749858
1.002099718399023
-3.075541272833638
0.742917420842405
-0.024967870563566
5.947799652509461
1.330949306598320
-1.450153836153758
0.181778241714645
1.802487513922860
-0.285418077337027
0.752689675704397
1.464604647566432
-5.881231541409186
1.941415224487682
-0.746368745084479
-0.825023183450751
-2.894183116328584
2.622496335215647
0.674086105955993
0.524300722950442
0.734201768911136
-1.810674559091082
1.203901219284758
-1.415649823395529
-0.827114909039275
0.356752111397555
1.954083748361863
0.369189492761481
-3.908869043245227
0.250786801892099
-1.279783611580505
-0.504271648991707
2.489796517862106
-0.510564022968792
-3.010775557143929
-3.560233076750662
0.098809713825691
-0.842057428728760
-0.636996226765496
1.960957283319387
2.467465050324385
-0.108770781762214
1.397518609214300
1.220257656905563
0.411742583463468
-0.674402639140124
0.744653053241138
-0.899378088719813
-4.022252482812152
4.315550229890870
0.667565869460503
-1.420236413104710
-1.127958111273530
-0.834133223273361
-2.080737776042240
-0.387812840855843
1.150274636004879
2.647513005306516
0.664012397543180
2.318457165810317
0.105791817942786
1.584935160995524
-1.215823811135505
1.744134172420515
3.075609100985529
-2.125670519862560
-2.165925488418646
-0.932083788487656
1.005942178041487
-2.777175928261128
-0.556864922427624
-1.713931387203162
1.983946354972994
0.432188539533002
-2.422292925997126
-2.396499976260346
0.225751069868680
0.051438138284090
-0.368108489980767
3.581955452732491
2.572491332010908
-0.689107739939098
1.740739387329790
1.988186451375121
3.494437993553209
0.406327117706350
0.608411240940454
-3.517994259195268
-2.467848406469785
1.392735853061386
-2.652461433371948
3.024903707510689
2.066441603565491
1.064589963711075
-1.318254127746920
2.152021582750835
0.294045718130634
-0.304891431111220
1.844868675678728
-1.558507191464640
0.511351599330991
1.838277923104596
-2.082337222532590
-3.684795441854044
-1.469901420050798
1.748468877042673
3.799669965543297
-4.274737264024758
-2.197516812241865
0.071506785132006
2.385148331922519
2.503885072467898
-3.087895699473266
1.102338265253837
-2.037992132924936
6.139186765467237
2.080577777653367
4.148825042729886
-1.088371823695132
-1.249995443180063
-0.531170386566136
-0.967266109488966
-0.402146427558284
-0.812155402228381
-3.288484585513161
-2.614844832753005
0.737635114376855
0.788349764946878
-0.386749275698261
0.150558263038387
-2.529150959349880
1.115381342247686
1.591931798241459
-2.177535357973140
1.650412335536945
-1.094066636869068
-1.238739861359086
2.244135455133691
1.010081182314111
-0.227354925925073
-3.114709005758751
0.395515947061967
-2.172041462257058
-2.207333856938428
0.644547761848440
1.682149861113631
-1.140325587251791
2.351101891656535
-0.282616314943469
-1.150548475351707
-1.912320869600216
0.059894363441424
-0.139113648504357
-0.595265048601564
-1.543121529938432
-0.893487662860243
0.536244127854129
-1.513096848388797
1.915784091335973
-1.151054992140584
-0.175175622563514
0.824300959652878
-1.461379347027807
2.179183035783456
0.225693671722370
1.498161358740988
3.068445503472356
1.807273385559210
1.286163969510698
5.679276401032107
0.490437016761093
0.598198640521785
0.449803071873871
-1.095283989595904
-1.374970947519434
1.877038766183319
-1.327647548609250
-1.610415787361158
-0.503915823718984
-2.103608142139815
0.656010525587680
-2.409088610859036
-1.006415290857936
-0.635586699019994
2.440853667862241
2.785915664559331
1.094195914597239
3.660066929874799
-2.624639371554138
-2.853200552780911
0.062365015088041
-1.379375120897320
-2.353758370358010
0.019971266112738
5.114011719660581
0.863135763285985
-1.592561142474552
0.943420077053734
-0.419871531397462
-0.554867365218349
0.136815558442096
2.349445460148857
0.389739740564815
0.299357064213104
1.530681923851288
1.238891378046054
0.627442940993285
-1.513072696766686
2.039746156973460
-0.895414886153861
-0.982546016295204
-1.741474597407372
1.748171289705162
-0.447622785480281
0.141727086932870
2.231356599155787
-1.488128804615339
-0.763965211579889
-2.318148095028030
2.665485531659127
2.203305855551161
1.042885298910724
-0.992465995484010
0.414608129666637
0.992927668441817
-1.995340710021855
1.679070351614721
0.397397810649655
0.240855271994161
-0.290561997176289
-3.099216347068738
0.386487787790533
0.049451080515214
0.467212708222730
-1.915394096174143
1.226419232994563
2.593919104799274
0.260503208997737
0.170324736168211
1.565843026534606
1.000191563478784
0.488454883048241
2.333212441447599
-2.311227856374071
-1.609758527629149
-0.202804400377802
0.805242413720997
-1.137232979167294
-2.725444705904267
1.423058687756223
-2.392801152880150
-1.567907543089472
-2.380856055190216
0.328663085850538
1.315183771196844
2.598565480073783
-3.354778140736282
2.685725130397679
1.162657457222865
-0.435465249185160
0.027121706529843
-0.212161841920929
-0.497231246193083
-4.188922771096721
-1.353209945884381
-2.058717391754881
-0.332039131035229
-0.936495414883480
-1.675094301322718
-0.087579893418346
-0.243459692212212
-0.278002170211877
1.245763718471356
-0.211363668761968
-0.656180491095781
3.133710172722644
-1.871012980090813
4.508661517957054
3.393977295305094
2.423640472059672
-0.424124778808477
-0.348661010516041
-4.579526013523080
6.956866703336069
0.142334698151331
-1.730691673064310
1.899283584997239
2.671112432680675
-0.279790644998707
-0.063431177061343
-0.845251675092818
1.244114606927631
3.278074783021487
0.278793624445577
-6.966698214139025
3.396439401084532
0.217732420008655
-0.071188185550385
0.276233350014776
2.151754456401160
1.515464284563482
-0.791090151037253
-0.197741363437747
-2.689143779785053
-2.911980626718824
-2.298649752607214
2.336535930061462
1.279379134187403
-3.310135005339196
-0.073469594738056
-2.088188755167726
1.133223184271952
4.457651192432030
0.828834389490483
4.600465587975301
-1.656444341907450
-1.750015133026499
-0.343097437356127
-0.492787026592199
-2.626192049004581
-2.090864480951967
-0.768344950573823
0.778582870915568
-0.347498116094266
-1.536664960621208
-2.957878147830482
-1.274407243163106
0.145218174340413
-1.369487572827928
-1.671749225846200
2.461929490680027
1.494695360190339
-0.521927045934424
1.806599074255055
2.995762881930414
0.293776891261248
2.389670946662434
0.101227745256801
-1.093451896351402
0.883518658516374
1.273705646815494
1.032893121671591
-0.980199135825829
-3.447388398539963
-0.416471431691111
-1.948721581295432
0.022009600430059
-0.100284129547489
-0.167943789400085
-0.520658637353437
-3.067436394133821
-1.704049182435573
3.588421255900790
-2.117613304955674
3.898689548679404
0.322330743167861
0.375189974655656
-2.831457966511447
2.366425864188088
-0.681133177391418
0.239985677637437
-2.682713924394338
-1.803327312445381
-0.322877197649312
-0.332912973693421
0.156189787112946
1.050140586423951
-0.546775894063796
-0.891773177840242
1.151789993918968
1.200720171347732
0.030163892218803
2.141202765205422
-0.897927297978749
-0.172040072530203
-1.503573334181101
-2.116440225407610
0.194599375389122
0.307873866799299
-2.006871334687235
-2.003378118374115
-0.849587605858536
0.775810827345041
3.330173248999133
0.144282313297339
0.376198264578837
3.383809248013725
0.794632677415769
-5.216531726250086
2.843964122987904
-0.074896432051616
1.159207618503424
-0.197425578852409
-1.615950069419982
5.142385253262561
-0.810308271217831
-2.020196237713483
1.997082357265235
-1.432971332746171
-1.822833934864166
-4.151404509021844
1.309535067888844
-2.690960436171781
3.161016544568179
-0.917704107805022
-0.053094856472685
1.522308254992023
-1.140048492055923
2.952871181096644
-1.536836205104756
-1.443782156540414
-0.902625410020256
-0.788033485548931
-0.649537265131136
1.677656316759578
1.381651500714172
-3.201450792246142
1.912057954718415
-0.281520880097462
1.087905811000158
0.116545471126244
0.318921344075607
0.317227530036133
-2.560761727176056
0.931712497191122
-1.236722819058101
0.742323687390853
-1.066549331467114
2.227720695162004
-1.114275357079192
0.329020371780480
1.163732055103625
-0.716231854269137
2.477404414029330
-3.034762288284477
0.152791738383405
0.579301689310459
2.822349876810589
-1.253025446266842
-0.510385687375230
2.591617067934253
1.408173327127444
-0.575124703186294
1.013740928575274
2.885559832069915
3.177795037788147
0.378945393038324
-4.429818382832408
-0.391648311544941
4.252127636383181
2.976168806057559
-4.418518543482178
1.837275397294680
-1.201178156697530
-1.614251700749564
-2.183223631914009
1.008565488751908
-2.229099644400281
2.068524450214106
3.872401735619440
1.390658013738807
-2.495705090567275
-1.156867691628093
3.152377240186777
2.986495471393166
1.653403237345024
0.299081746422673
2.272834758500609
-1.176188479312484
-1.053931732855016
-0.569173563320332
2.040062256128492
0.322671780893336
4.852679464104178
0.069458992902868
-3.366962817223099
-2.995889978926954
1.156114889175265
1.797816602560566
2.939734878848820
-3.508478526617172
3.104508603693663
0.286902935849070
-3.971981093970121
1.827260929215516
0.083213676942323
-1.560175856880463
-1.588223266266135
-0.098025176815269
5.506655666955095
1.775705484285665
0.843598888898239
1.450134503709533
0.917672969176331
0.372407033081974
-2.554364314397782
-1.869721974226818
2.262240623933826
-2.109611298160494
-0.646851305667395
-1.978482739521177
-0.289841658918685
1.174682379913576
-2.593657786202180
1.999267749675994
-2.655783599454406
2.332909576380526
-0.939358255954000
2.414606005499807
2.341606282617217
-0.779116179944216
-0.225013613426147
-1.064994272160455
1.273086129991254
-2.193441223312596
-1.790624480247304
-1.277815826060947
-1.932051286694223
-0.700840835092101
0.094409677180863
2.181640379511143
2.339890339395309
1.089196296625071
0.399532736383657
1.627583304655122
0.397828589001719
1.683197846953961
-0.036095089090991
-0.645685220420603
1.024960882382699
0.333304359014661
1.613803766546233
0.381603376387744
1.103413165168231
-1.279467077276829
-0.525205606836562
-1.496041583245042
-2.752614154637822
3.356010819874959
-0.526418736603744
-1.702234292222315
1.047258235403348
-0.397958978801516
-2.742407766822093
0.955295495020073
1.997050167176667
-2.770632203900641
1.553577695231135
3.854294496534806
-1.348147509834660
-1.213050378645808
3.582670012952276
-1.576549155792014
2.499423438258747
1.087729794523272
1.609241620285261
-3.127685542378777
-0.656827581158905
2.349297975159006
2.206960869133193
1.206266891649651
-1.753817899138410
1.198079758051754
-1.930795814603627
-0.320776261385381
-4.169818495675690
0.401826139178005
0.503751484807734
0.246912816013148
-0.996911678669781
0.369081632906600
-0.088570795700012
1.712799273846850
1.394645436626349
-1.356109732457122
-1.505582064588091
-0.980098354368206
0.845649388224833
1.277811131544217
-4.086337103875455
0.208285418252038
-2.742281140255154
-2.935532909219603
0.228387487118431
-0.394252315751021
-1.329320682186883
3.221591413770164
0.152369727458493
-3.581765629547402
-1.211949283144749
3.574108129505779
-2.684486264469805
4.119332380838174
0.735439828389748
-2.070171783885332
-0.100216599503391
0.947648248821002
2.694757541384148
-0.103178579468357
5.041018388349174
0.236427797979685
0.905185405675899
-0.925695365379556
1.646942998445019
3.893041844795839
-2.974624056017149
-0.679333139132477
0.425282470782747
-3.719823149370833
-1.815005555966396
0.581987418651616
2.820162157249680
-1.994298503509276
2.281937257564154
-0.931144660007504
-2.778156253801590
1.846210404321778
1.985117852982264
-0.878567691936047
1.222795330230510
-1.384774727757602
2.649316893043392
0.537560941377152
0.296869905597718
1.158573405093169
0.399319332444487
0.640612638642684
-1.719361101661745
1.936696489450911
-0.092849119446599
2.494890919807878
0.245540389869323
0.717588395242200
1.603891918906826
1.780372424072961
0.270409395132710
0.534419801917552
-0.348789367452024
-1.109932209016113
-3.999629486369572
-0.264117420865265
1.248834232487035
1.102499951501636
-0.218971676557132
2.351610944021238
1.435109757047973
-1.783722510138846
-1.125523645628909
-0.940930350131568
-1.700384015852999
-1.149717684515681
3.211991527267394
0.327520029535093
0.674573979377371
0.197668097461928
1.303827350739964
2.608833661436241
-0.657233625737015
2.669349420624697
-2.191180337274657
0.899967052977691
0.366426958233422
-1.701512369329087
-0.608547100553353
-0.512199163685022
6.412884884616563
2.883971685973684
-0.208727425013992
-2.248780200488945
-0.449887347984024
-2.086288493570736
3.795277825718523
-0.126284122297094
2.821993863029767
2.124747431069655
-2.238327162472618
2.952491811196725
0.661459550846268
-0.225863008293133
-1.276008904587004
-1.452855291959509
-4.259547848491259
0.394919317228045
0.593102300067124
-0.902396685393640
-0.127091654550186
1.508362010545784
-0.448083027542293
3.086927485822781
-1.772862046177664
0.909657747477179
1.555002461755526
0.312320418000412
0.102211755404517
-0.673065249699481
0.542907856776002
2.040648271129859
0.178941413353261
-1.711917784885706
-3.094142154753771
0.228939715929917
-0.023373955602932
-0.193622857449025
-1.353081029248695
-0.391955890307322
1.225081737240728
-1.823167849197517
0.462564168639322
0.568774359590507
-1.303410318569963
-0.409570904872085
-2.270263943575567
-0.164762301040861
-2.185246044902400
4.245405831817807
3.293252534693912
0.946154036187943
0.388820572319518
0.333642460622657
-0.256493577938161
0.342372491186047
-2.762118992562290
-1.927937563442766
0.914502367778299
2.089808502875883
2.261136625825980
1.045201075986333
0.383628163789217
-3.266929312323402
-2.951648722076123
-2.170807355131588
2.956039401379808
0.772265433101760
2.422439235486118
0.675436274751530
-4.705108124790451
0.781740464679762
-2.937386759930785
-2.595272550861430
0.858910381936078
1.011545516678735
0.443180010624945
0.704405257790203
2.008297962770621
3.638565478921932
-0.575209120142315
-1.451134277464327
-1.373564391786713
-0.546955575663256
2.689016613255985
-4.976637584966560
-4.185257719137298
2.005429312655279
-2.896774792367925
-2.384978898907618
-2.676468556593964
-0.788311827135232
1.106221144456726
-2.312267159972150
-1.466558203248009
-1.972177694662098
-0.264824468341569
-1.010599715130449
1.039265028918394
-0.678620979473241
0.198372080203457
-2.276614187750360
0.882152766922846
-0.893059357859667
2.871275062317841
-0.403508853714281
-1.624090847911870
-1.330372156500485
0.268122400113090
1.483034025598641
0.971833412283824
-2.540068814173906
0.279418298608840
0.231104630310380
4.266224890784236
-3.122743494717865
-2.788505918256175
-0.644227334381493
0.244282901525123
-0.362154212572041
0.448998988175271
4.039440863019125
-3.585262786304294
-1.720283468713773
2.706936021183057
2.053166168127768
0.635079904227392
1.139795393085328
2.315056853483617
4.538197157193437
-2.782080797131191
-1.277120588621166
-1.790703113900807
1.308767897870785
-3.229634841392009
0.257646629072751
-2.009393191775094
-2.432216297351983
2.519147382323013
-2.469686788370230
-1.481376353384865
1.196617801462772
-3.332603751814910
0.805593761170463
0.260683891498057
-2.754699390714564
2.023748340743262
-1.362890573674240
1.132096990169157
0.047431410280827
-1.776871816535140
0.853763004475917
-1.151388439047604
1.303349973405772
3.053297328816600
0.708709980586751
2.358033726625106
-1.908116227584022
4.189636612716967
-3.578028425902868
0.687955897117561
-2.568736725253511
1.755212330769033
0.796895753502678
-0.059116715465456
0.667495016447048
-0.153519318224426
-2.059550661217723
0.375816896567333
-2.199696661758951
-1.388294428598694
-1.753191525631476
1.570669840658398
0.585069347816189
-1.428677072615979
2.316212658971645
1.869687143012724
1.833630206843205
-1.572148479385179
0.058452606854007
0.439380408274919
-0.298294281967610
1.252974307873836
-3.159891657125386
-1.361454081412986
1.076317987340076
-0.898126572448154
-0.135627139928730
2.090755846436605
2.967895831134340
0.116434223286301
-2.286777032919536
-3.770630008402139
0.693964211797264
-1.956617631725380
-0.745296312702543
-1.134096570299137
-0.137717612017822
-0.214155312355619
3.116749551327446
-0.301216958801779
-1.236146848175750
-2.203161061050158
1.075549287486294
0.475525709427818
0.871406431740213
1.814426856595742
-0.063469300150603
-1.460711286000499
-0.447888011699044
-1.778532826170189
0.098670971420466
-1.429888614761915
4.276387685918789
-0.049145048711613
0.169304621582752
-0.706724245818644
-0.931408117459740
1.197158892343119
0.022105620470266
3.800768591142544
2.054203221377256
-0.129680925367663
-1.593354203422809
-0.658341609158373
2.431743496021988
-1.554096580785174
-2.685271471881081
1.485674690335109
3.892997614645116
-0.184142480405658
-1.004078828568848
-1.487488363621884
-1.849250269687578
-0.031489424911711
2.896331749505048
-2.085387775033531
-0.392762003775671
-2.430413366255492
-1.465547520533794
0.260761520431060
-4.107986427580800
1.111567479625789
-0.249260280136389
-4.697059003598017
-3.804698207293769
0.930582666047767
-1.375822053408026
-5.198276824570201
3.172410692220902
1.152579014985912
0.654349221077642
2.690792750291929
0.906568803813788
-0.876868830913737
2.021882499511893
1.486340811840424
1.253493860198619
0.581850254031731
0.769297627274649
2.682049216805361
-2.296522608251235
-0.048268058328013
-2.991154061973694
1.378854134370340
-0.611022022944314
0.015428156298667
1.308689473990411
0.859449806762415
0.808521340815300
0.915147115766711
-1.854620231863710
-1.922607556649632
2.274939335570465
-1.295898234177920
-1.090793313088064
0.394823704829386
-1.319084453403810
-5.537285005120422
-1.321520559174180
1.056635838373009
3.369863373376571
0.717274801364059
3.417970253604200
-1.477157050128211
1.332467131250986
2.134432778996499
0.848450525059412
2.842922833259593
3.039377837574931
-3.457697049675473
-0.789632255744475
-0.538618552884407
-2.735488540702919
-0.990296366312731
4.171610759181007
-0.166516879214462
-0.383284528279073
-3.326560370103714
0.877356688774286
1.654427049158101
-0.180164548524712
-1.986420841953857
-1.147266627271537
-0.469540900958596
3.341487219611001
-0.676502040301860
-0.981032583886473
1.814218446881311
-0.289487793546915
0.376652628504467
1.641383312922233
-0.837709935960469
-0.152667417257004
-1.948010942540806
1.005422829022028
1.704298102385475
-3.589858467900400
3.455439821221137
0.744896161259394
-3.383152153614845
-2.098562566169806
-3.073902267956761
-3.473854377390061
6.660806315485881
1.549564046614718
2.723389006986573
1.400759824049363
3.182815872847755
0.725072651421075
4.878859515525990
1.167501242967650
-1.351269777209505
0.302843253360229
0.064121130306007
-0.021209906498840
2.117570500352597
-1.750666738252416
1.373798163671119
0.526146691986847
-2.372269061020968
0.162025761179744
0.272395756375473
0.210229375070857
0.773250501142590
-2.786432132207635
1.385100228865051
0.782669766396060
-0.935032119767266
0.957782489925129
-3.235132089693244
1.666076884928085
1.129721136852547
-0.055462050732811
3.795983303235018
1.047731962314220
1.664937481037677
2.533169840553054
-0.870399430373436
-2.855869474368045
-3.796125851620027
2.786920428436439
-1.061439318323371
-1.332681693222660
1.743615528086955
-2.822295054689140
-1.480170253922427
0.055002557661676
-1.350151251095779
3.719146360765323
-3.203712494091857
2.754113570383069
-2.267335342804594
-2.093803185507049
-0.497433045793168
-1.467629103332144
2.147911331865845
-2.836753989940539
-1.593017167845387
0.912233651192120
-1.185730710822577
0.094839405937270
0.505724924694882
-2.347087563121840
-0.455881963253132
1.143280082512263
-1.939100652465297
2.715096088322932
0.322864597640369
-0.368285219532237
-0.668554358002132
-1.294703368924855
0.148105794433808
-2.087338547468613
-1.208421529834395
-0.319290200366299
-0.668458848242799
0.781846939998351
1.401528470314505
-1.701315288450413
0.501367504746842
1.540212715544457
3.754185813828552
0.051977931506238
-1.744920270511215
1.883452697615723
-1.099423624305905
0.665300954467992
1.290795091167707
1.853611672149993
0.249193378445059
4.220341147658671
1.684877778657482
-0.796903267155956
0.007220756399379
2.941655119857982
1.044081459845802
-2.746814442356686
-1.519851630011697
0.069704388275585
1.398562915018337
-2.824024401584685
-0.170583557871927
-0.646920110785527
-1.138292521128952
-0.077115254592622
-5.240503054759257
1.754002582100840
-0.192089260335064
-3.893509303133825
0.340821621809847
2.941229432605523
-2.618441759293831
-0.630773199411837
1.475196009228456
3.138058342607118
-3.120667217603730
-0.399230932089418
-0.809407319500020
-0.333108791620366
0.951970133311035
1.238124634898854
-2.466005443344446
1.996836628237074
1.243510971704983
-1.320345218837884
0.239281165113928
-1.853569611102176
3.291464975976411
-1.820739400318682
-0.817647700600331
-2.005097453080796
2.161961221872634
-0.860161933590788
-2.231691663288970
0.951304851076845
3.880469160505218
1.791601109325551
0.273648539417917
-0.293790786278955
-2.510018952348886
1.217155944019894
-0.393066726310024
1.672587840046720
5.355416711481980
3.745327985158663
-1.464491318720024
3.320433651474370
2.856212482377616
-5.358426718601002
0.785504897531900
1.611692541302948
-0.768081640725274
0.591024746402250
2.436567223929372
-1.065473442539882
0.736901305012574
0.762953610271529
-0.149840231937548
-3.454504687696392
-0.817289169650133
0.422827699040429
-3.973099977982343
-1.787600796006652
1.243360317551621
0.674150316258043
1.754750714959813
-0.049560689294717
-0.102771464157151
-1.753307384598812
-2.129925194595286
3.877639933000265
-4.134356129840531
-0.979463235095664
0.888521829276170
-2.531610580699171
-5.683496374707675
-1.354587848911524
-0.768205384602684
-1.826325268868864
-1.014055244506583
-0.131584714653606
-0.484116530436458
2.642667646213209
-2.045197792961045
-2.449711623130311
-0.016253149914717
-2.365447087827437
-0.244066603479641
1.743278193197203
3.627374160853641
-0.581738023752947
-2.271320132741130
-0.521699323636656
0.407828633029186
0.863710834836407
-1.738998683048661
1.100891639886532
1.895349124088070
1.719941117870451
0.441395246512365
3.783642846760841
-3.011214199937492
2.162343351994811
-0.241456777754606
-1.979687475557486
1.632715335196694
2.469654164202713
-0.965634931701515
1.119443615228678
-0.581469160589199
-2.673559556343254
1.082235776958665
2.695717365108655
0.186066745473750
-0.885221282432034
-1.433108935113819
-1.256657830281037
-2.839434338019946
-0.934258703597000
1.155340447069310
2.401746775662217
1.557780087328476
-1.509188405094342
1.237031879320460
-1.369759592692475
0.712699866381938
2.158631297017127
1.773914779356950
-0.732648595730116
1.200252801906932
-1.386572351658387
1.350360063195251
-0.874783495080153
-4.512627690076226
-1.553810514713552
-1.914814990808934
-1.890219973332710
-1.591510226465498
1.691030674379231
-1.594229399732457
0.043044706713269
1.037078962618864
2.530329609763407
2.490274339808511
-1.826380018214203
1.117197110286471
1.137033900375714
-0.406581160078120
0.062597027218455
0.667672200121573
-1.552206940469892
-1.161953830838760
-1.682087454593482
1.116150105222533
3.464267449596793
0.625599533791755
-3.839193673028285
-0.781982025379782
-0.830795437022406
1.684602556296571
0.219717305862817
-0.568943391735638
2.201068239727070
-2.167693156429141
0.984792324034622
-0.458387988487419
0.761711637290646
2.557747561561779
-1.643568049692325
-2.576669830545336
-2.691442756661574
2.472798786393272
-2.277208467280716
-0.936773929368622
0.278797884960685
-2.274359473146257
2.370943388520576
0.198547458972024
-1.021451774875585
-1.079301861652206
2.677960139209545
0.388974137064125
-2.341375845804496
-0.003959384050538
-2.904059285291181
-1.736779338722489
0.177056772317673
2.911357786247887
-1.100267762356915
-1.634122550281653
1.145346258440943
2.168900909352377
0.100628246940913
0.164292948511283
-5.001691996184817
1.743606015543733
1.753856765846162
2.199726586873644
2.701607971996551
2.354124939033468
2.836698708166069
-2.421566546026013
-0.027732576360205
-1.349145752347753
2.074893352869467
-1.573463996193945
2.817731085177730
-1.763783162130158
-0.968962099302489
-3.589832669379421
2.071182653302726
3.785381844114419
-2.593359253873848
0.299809473029954
0.972823108582028
0.580928229607182
-1.544402973502984
0.893944205783490
0.436888731491213
-3.374668485344504
0.136668850629056
-0.289740568346304
-0.088388673547164
-1.123564163212837
1.673323509018343
0.643442476310277
-2.609616276616504
-1.336362949775552
2.171197854414948
0.830836106577628
0.245303979168115
-6.464854515961016
1.729885071104802
3.075844972791144
0.341178240762206
-0.427116623665036
-1.078070485537559
3.827867753382276
-0.328207552115770
2.659663564496667
2.521061188465840
2.162299816337486
-0.791818604407350
0.282959240965395
1.464379472828495
1.868840951644441
-0.347306314434658
-1.725600519222091
-0.843217637694771
0.565686161048188
2.680999965804376
-1.949051822497850
-0.303648033650277
-1.621770382048064
0.328332472217927
-0.988445797351703
0.668419155029776
1.199714092499196
0.313581085604018
0.039116873875754
-0.230949964855975
-0.207721148431087
1.929784884920893
1.188406022864084
-2.726823684089817
1.835943990467502
-4.511795550322814
3.043762427912684
-1.928091642120665
0.303931680093326
-0.037858791218389
1.646401155538962
-1.666098116473876
2.341772637226174
-1.587428754200065
-2.858928186321942
1.690459551725150
0.870392077602239
-0.589224357815698
-1.471592550652552
-1.726331591080577
1.734927029353044
1.116664633645880
0.047784641008975
1.318159854284830
-0.325115539101291
-0.766963513971069
0.877612975318135
-1.636947106031590
2.054172544363944
-3.581848147053469
-2.954763198985143
-0.238411000351244
1.044320371344830
0.576314851563046
-2.297520600065549
1.794294300612893
1.063978164441007
0.820194226812000
-0.399863400662685
2.309689585642673
-0.140441410946026
-0.669065824854323
-0.747664726744770
-2.232884540504104
1.429219987595156
-2.095769953186899
-1.143857184383994
-0.304683524724247
1.608359564130977
-1.044842396088196
3.204696232792688
-2.770537656485856
2.322079795298563
3.815308121650099
1.503592174851009
-0.341334651230378
-2.205428774785215
-2.837057596391904
-2.043850773107695
-2.870754918432763
-2.467038961123713
0.691372088617312
0.552506890460402
-0.915880952898882
1.383486911341311
3.993794581959416
2.431518995177669
1.269665272374396
-2.158616589747856
-1.166677694142693
-2.836774655728352
1.037158055683134
-2.102425048736663
0.797301258862396
-0.253252804289970
1.315387288720201
-3.190738875617929
0.252828933335258
2.686196241438076
-0.384142981628094
2.283024474118079
-1.518454680938909
0.601694188176734
0.970097960882755
3.324975115228256
-0.415492667333576
1.912392365776236
-2.277447427002579
-0.771149817541535
-1.148102829686833
3.059571172614767
-1.641945834234751
0.349644492536879
1.995750703251428
-0.123036068112246
4.229342921914821
-1.971698343326527
-1.384327204362802
2.774920222309292
0.674038574971379
-1.326477624433607
1.499413272700120
1.397092129910571
-0.052263519243623
-3.181653831576996
-0.013327713325971
0.930576730264395
-0.945001603487446
0.046667460309863
-0.839036092633569
-2.632760247941625
0.663756558512431
-1.214010771205520
-2.830879079641878
0.020854622317069
-4.599703800323698
-0.855326429361703
-0.953797794912691
-0.034627754864178
-2.491281445487558
-0.033483039254912
3.588328373940437
3.740956086613492
0.890451577015102
-2.608909755813945
-2.518417315762102
0.042837855885185
-1.791137806156765
-0.546566710289973
-1.316769199901939
2.032096101312167
-2.907874411663392
1.984222761820305
1.345177196731798
-2.119159230707262
0.492041997895852
2.198195181754649
0.912386941108220
0.074278304507576
-0.402820833531806
-2.482636883806716
2.788381494523772
-0.184001114392344
-0.265751581734800
1.527616435454174
1.882805874983141
2.823610901190671
-0.481497739017205
2.645837819022875
1.925484559076381
0.122915715036395
0.444002144977368
-4.741793288101147
-1.231029595103129
-5.174227509893477
2.645856251424305
0.796715966393492
1.032460049517681
2.196642985316952
0.341080173371199
1.178775475763678
2.101310767336033
-1.008606477519085
-1.928776277598321
1.188826357991214
-0.638892876939692
2.423081378365572
1.735569192874858
2.380317221610912
4.248784225105685
-2.324741426051022
-0.825339123482122
3.346757763817062
0.545312053702273
5.081302823458861
-2.557196656219962
-3.492160738457267
-1.503313676942551
-2.279633405094771
-1.891722503915002
-0.891774312912048
-2.861860880421840
-0.327306908597582
3.458768336960270
0.398521042365189
-0.432851834671334
-1.055050974735714
-0.116994207453082
-0.081104932153701
0.672721799376645
-1.358358189051320
2.296695603589986
-2.857950415504457
4.372804570053808
-0.108771762203360
1.015155816643402
-0.557338037178764
1.247177546949952
2.006052996117416
0.172635935863893
-1.485879513861881
1.531825075132075
0.413369850664281
-0.962826957579398
1.741182984445607
3.139246282304130
3.203332120928357
3.031347677133600
-1.290298288243946
-0.555783689457348
-0.158295258265501
-1.289174246700699
-1.881704610519841
-3.716761529100111
1.557713613427036
0.089534374109452
1.912668302153929
-1.336330705487965
6.230520950043434
-3.500031570960586
2.096518310575640
2.030332130647239
1.408067422964839
3.319458681631132
-1.459662545170393
3.887125373192143
1.015309383289647
-2.801213338632154
0.971272131929675
-1.048560046138300
4.950000713070943
2.600124345641232
-0.814558750525316
-0.423959540670447
-2.099251941514782
1.643317858161333
-3.071390572390920
-0.903749663341820
0.278710180669870
1.528876364534478
-0.695775216508323
0.631399902293708
2.709670498122223
2.588181459693998
1.226312309689905
-1.357915688190231
-0.669351014249194
-0.123516786281880
-2.495390996598446
0.129535199968253
2.311844830896669
-4.364610676915518
-1.126026180264461
-2.136118794331162
-0.324721970543133
0.924425337984857
3.933987355494778
0.533340105008022
3.432242831988741
-0.507050180497283
4.003564650794902
-2.037211408872937
0.517890835801987
0.659243914050067
1.306070639501666
-0.460175585084757
-0.460271427850976
-0.751630714528990
0.097801214477491
-0.895226876631699
0.755747937530779
-3.080435594114842
0.446748825302490
0.895642289147634
0.011173414318717
2.083682455992642
0.508534068872212
-0.129144802465607
0.663800939152762
4.228550734059267
4.240425709267269
1.280893357759051
-1.262742563158016
1.290949453083531
3.179934226017273
1.583610204466603
-1.819644680894076
-1.554967288226507
-3.919471284335729
1.451912175666391
-0.405741358868935
-0.068874434732744
0.287609010510315
-2.310502331339212
-1.738610250244761
1.616330074973554
2.287402654118239
-4.041047441175659
-1.078582357866729
-0.722202625636019
1.709770472342319
-1.577571333709968
3.962314044990209
-2.528492857083745
-0.746507267985712
-1.172547816668275
-2.047244860551998
0.468780315698481
0.045257070769673
0.389581795095047
-1.109397328856231
-4.063159270403990
2.774628942468194
-2.824546324193920
-0.323757551690802
2.828064184258622
2.303299020098761
0.332233930057481
-2.245775743710177
2.436533528279773
-0.110563351109686
2.060095295978187
1.491951465926251
-0.835956921894491
0.906681737108951
0.218429271534522
-1.643015582405880
2.273525186378477
-2.622316459557765
2.048038146214044
-2.561284387823884
-0.399905494122230
-1.174643307755664
-1.995116695221741
1.142970314141901
-2.260741248091566
2.382183739089617
0.092026452250643
-0.313838009717150
-1.098661382546307
-0.685883801736199
-1.237641904969721
-2.974053666852390
-0.966790280826445
0.375033602235684
-2.569036203527351
5.709905849909011
1.828258300318472
0.940446560103346
-1.322403670214036
0.749753533572681
0.396443853149021
0.651491101209559
0.780294456247355
2.329419372200118
0.956408970212799
2.940792593551386
-2.661494887393706
0.149349655224189
1.326226391985934
-2.106306957776502
-0.203781919975792
2.018756618831147
1.590325207567614
1.713484679232314
-0.707159868489614
1.491411964935658
1.314396281244329
-4.139501769319035
1.293196685714934
3.089517690821621
-1.982481672443354
1.764815712776366
-2.843942904276152
1.824508142545104
-0.249312661829757
-2.224651976124903
2.373360729254077
0.855316302018753
-0.705710200014451
-0.609480106179493
-0.783383764173983
0.564763970321979
-0.116833841719247
0.953626091827768
6.211184954228319
-3.362255203762785
-3.826814806749391
5.090763349412401
-1.511517623288535
1.151740599307955
0.818887406771168
1.155898062932818
1.237431524992956
2.855080059244449
3.653161593880538
-1.427421638714961
-2.396849824053568
0.196097633211374
-1.227124738193099
-1.447305632929630
-0.988261326493222
1.541197823003239
1.490595384319151
1.300524853717428
0.253363024702527
-2.677916416508778
2.582927036968703
-2.816052133014272
1.330011223882510
0.123947146184978
0.406725366953228
0.998972721527275
-1.580909966183559
-0.246723228492484
0.249572784009115
-0.629657093971829
-0.045069580284836
-0.213270713736532
-1.367888255486402
-0.052510735338413
0.440086370440622
-2.871365583713308
0.963230619971151
-1.411746318375245
-0.396418700115112
-1.178708434915158
0.849111274334547
-0.634642234621563
4.593714762831810
0.796489255893809
-4.406522838899970
1.943387433618908
1.068679781068591
-5.055260106214504
0.020283009881413
4.991693622438786
2.763048258797102
1.401273369894779
-2.502371161693701
-0.937262319961418
-0.454074959293519
-1.337592721210756
-1.821676024896231
-0.674203042969072
0.719441829270112
-1.438705966581707
0.316533014264039
-0.664828248250616
-0.232845203619027
0.421525319716630
-0.074719843217727
-2.856543492925270
2.358074939773434
-0.525055237799831
3.818260132097367
-1.572597456404997
2.310550873802324
1.622361433391718
0.360134597763149
1.912157476075226
0.436935664145179
0.764771522035779
0.876420514535153
1.939949053789714
-0.251034412803883
-3.148748303421336
0.961388018601845
-1.042439830143950
0.557844522891318
-0.603678834033523
0.553033260653970
-2.363786558350119
2.099254967772424
0.047236173399267
0.442735810306759
1.338848493658819
0.553338438556969
1.876566177234137
1.799997324424793
-0.496612483796314
2.602367036703073
-0.310251618222026
-1.003071318178774
1.268283062187796
-1.302296730142445
-3.134364931699454
0.226362133982614
2.120325723782363
0.584840203870083
4.253429944851607
1.032744845909155
-0.664691740299957
1.571099984432681
4.275599012505997
0.293032572539219
-2.663278541107725
-0.281472400112046
1.653768252174528
-2.476256243028942
0.969992817557206
-4.185968508953935
1.850223176713126
2.263957497244072
-0.755892386053322
0.288532831633987
1.395057878049727
0.567020305157387
6.020313949992910
-2.730712411894824
3.196576090652404
4.130808688660693
1.542806363673480
1.242605088409992
3.451817611481296
1.395333594837683
-0.360845807594177
1.864097697694717
-0.412030153610792
1.889443971076237
0.059880527267465
-0.538671157260319
-2.294901171699055
-0.734568539427339
0.276463213267852
0.869178118461833
1.354544478731148
-0.937090296367316
0.040708009858575
-3.607895067974433
-1.843914527722187
0.252720181461594
4.159827817353674
1.743611690388950
2.643587903975004
-0.232733722864871
2.450780779900269
-1.452421056222801
1.825314203037724
1.797245788898205
-2.539503131680413
-3.606824374354051
0.737482966607299
-1.427708571257502
-3.852615605002301
2.363311622990107
1.580626080761915
2.452395681560228
-2.474877541978882
-4.245540785129718
1.543170066777368
-0.769057688847744
0.140577739835550
3.076281832119712
1.356630694484440
3.669606697495994
1.502161805248201
1.008262790850469
-0.174929528526124
0.119695937786323
2.090070275310949
-1.622574397818108
-0.943069961119564
2.413465787765140
-1.998789423118682
1.083984460571208
5.235012275642780
-4.962045992880954
-1.957440166838817
1.321697061963367
-5.702710851255854
-1.424297011038100
-0.318001357605165
1.479304271655795
2.384650701982345
-0.907574127984449
1.927641979077728
-3.178883568483314
0.518343935910256
-5.493080457144936
-0.255930214065477
1.594893440712725
-0.255066723314352
3.099586796336775
0.098926884348060
2.808396234094632
2.863938282088708
0.934929883332545
-0.529435805081028
0.454899996898686
3.164832274926296
0.530259616000877
-0.320650183130662
0.734701608174916
0.592101658597920
1.650373164140998
2.765926861046394
-0.059000440116789
-0.659222372980782
-1.345804638922224
-0.557689598368546
-1.142514965672038
0.177707664880847
0.799597695851254
-2.585939736978769
-1.280141322329925
1.856350138080182
-1.129436972365652
0.291984155330457
0.993456365586062
4.497204642320891
-0.055504948417565
-2.166737865438936
0.851648541001528
-1.204650186084826
1.388674102739922
-0.290334548088289
2.962965891706245
-2.603584310696107
0.146965450475097
-0.173614027624370
2.713217056430122
-2.398346701594350
-2.896856225290999
4.849925216038557
-2.093534518816784
-1.642137017709211
4.578273662645451
-1.417989783457654
-0.649020266934045
-0.816133164122399
-0.355607216639646
1.361383623948337
1.881244712737510
2.911629499895893
3.137613804320182
2.222714149813494
-3.284790481879504
1.393863051708058
-0.378654898311002
-1.973682832367555
-0.251182296783737
-0.948470132133002
3.588022191897540
-0.510599623365989
0.881812357116677
-0.841401976045447
-1.627594124415772
1.593610714519152
-2.066706178323891
2.099450930639062
-0.219335411273972
-0.395053932350087
-1.817671885262333
1.742670950108817
-2.745978024085070
1.904049499012243
0.069135375399972
-2.832342408056586
-0.093323733927003
-0.266846482168901
2.623557319450100
-2.429839896936167
-0.192862569241523
0.132707068348292
1.894991898539540
2.963467567694918
-2.672232517832116
4.032142332860514
-3.280307517250605
3.630763435863082
1.000524025874863
-2.292238831538443
-3.018894078910843
-2.167138376549980
0.825912586987640
2.000779974473321
0.839969489834602
0.596983661307158
3.147209725751509
1.124376012974317
-4.685334342407034
-0.389972803254124
-0.499885679611120
1.022551013515474
-0.897858463852208
-1.917510246441242
-4.825131521600456
0.637873219497946
0.382142909899452
-0.371509285897593
1.384555842500273
1.174052238233660
0.084398438276905
0.886216951594646
-1.721903006268167
1.476105872488964
-0.452674212011374
-1.223246683052921
2.070984249125444
0.907060968500473
2.296175464914802
-0.329840538218649
2.132369906285707
-1.735115343653939
-2.051329479049657
0.649814264495878
-0.955249375451860
1.185152101339366
-0.799084833381549
-1.547755235279861
0.675230342882131
0.852397462697826
1.939600777184056
1.163526386701991
0.222630954203830
0.160704963284059
4.474967716760980
-2.918607147677429
1.107429027264591
1.653011749574008
-2.261291339817503
1.067087968441259
1.465092793683092
-0.644079155163514
2.717537244701697
-1.113074905355755
-1.112649157889993
-0.484308747434624
-2.375942071229659
-1.253071253651163
-0.454181024434307
1.414698522436787
-0.844696431004746
-2.084515702250543
-1.182708712611690
-4.331473431593243
2.500328295877294
-1.407656615136230
-1.141498993421421
0.403013899986737
1.220121375922415
-2.738449089030756
-1.172771632959718
0.066194216691917
3.460049501096662
1.380033131958654
1.740965272939367
-3.741491008991210
-0.587432673978774
-3.235698069807897
-1.721008803716347
-4.724766524019418
1.325893737778585
-1.067045907677112
5.546329715305726
0.588272223453301
-5.132789666866434
3.451602908391222
1.926393366479032
2.527225015460473
1.095668725663008
-0.307208017024735
1.208622310701752
-1.487767047543091
-3.482253807093184
2.624615269033957
-1.278235005327808
-0.757238059207170
3.370418963915945
-3.187959848118584
-0.278287026723497
-3.972841258711354
3.208290634892336
-0.386207484315528
0.666376235546403
-0.845534693510272
2.432953313501450
-3.073814848703216
1.588980961182919
-0.096379570716315
2.685804010369924
-0.826516762655567
0.571289538150625
0.917617243456738
-2.800397719867229
-0.654015580663955
0.076793413477857
1.106402239712338
0.082932042304907
5.489871082175299
1.181179984036996
2.264128364263137
0.673896225654854
-3.603331836264859
0.667750230791712
0.718044868742543
1.891670692584355
1.000673539659578
-2.117779108349224
0.942785870038524
-1.651186810437949
-1.069579743012650
2.572983737715566
2.767673444142727
0.404223119949013
-0.158501120963798
0.594006473944323
0.440031612815702
-1.562219175916031
-2.713427155714834
0.333187940900029
2.513750468939143
1.392476805399679
-1.373042644196471
0.749632175944859
-0.095986360828061
-1.831026873284544
2.080459447987347
1.903408927904024
-3.405088832087539
3.832514687056998
0.714084661336441
-3.204117441721211
1.563826127133284
3.396105766471349
-0.226285050782699
1.022222907631481
-0.212769630544336
1.822712964247291
-1.317603870147483
-0.426339433171815
-0.106778324720254
3.632953662972764
1.739493922221986
0.791000461784241
-1.016177114665514
-1.162134691332547
1.403109869064066
-1.182945708738103
-2.552365957569033
0.680849237038725
1.194432455263430
0.893577131907601
4.073871569748917
0.275636547534309
-2.594117250536096
-0.066653968776331
1.849050998339217
0.902398689915097
-1.205550063226165
-1.747030116051647
-2.874551320339961
-2.246286954741308
-3.612415181970996
2.542241834555940
-1.162876878612289
4.678279803516504
-1.947584757887936
-0.057713335196781
0.099856454210234
0.871108494150297
-1.869020688554770
-0.060460727235053
-1.006849521412120
0.077820311421159
0.719260871261628
-0.146870810106326
5.326317976345829
0.974024894286027
0.023831220614029
-0.962871901155710
2.254953188283809
0.001250245681361
-2.793237981729186
2.881917875125483
-0.945888085579139
0.485450649872738
-1.953324058942527
0.264942591501105
3.186624737380771
2.012302727790069
-2.027976912651027
-1.336420585397506
-1.707767294503326
1.301303898725028
-3.697314009913530
-0.499326795182633
-1.937183125236982
-0.423498431653160
2.457768829245231
1.776108422623287
-2.842855288937808
2.944289781149807
0.897874231616020
1.864801477432707
-1.553796306745995
4.721016435413210
-0.750986842399434
-0.951002413949260
4.024554030441093
-0.914814112451012
-3.437057220334211
4.402820358762775
-1.486428817987584
-0.976156762232425
-1.873543897187233
1.033997588032639
-1.079477341202838
2.659586234601659
4.424326263150835
-1.504063573671062
-2.965387289004403
0.836397473113094
-1.043927298454917
-0.968307312161902
0.108358890012226
3.613205123794380
1.476247530055339
-0.440742512519474
0.131764270026381
1.593336164636672
0.047819121921895
-1.234893828574447
0.742497347193169
-1.681338553947761
0.110817677508856
0.202439259454041
0.942217789621215
-1.848084044815789
2.444302871927710
-6.605185705639109
4.533630845145772
-2.210454363400630
-1.517985430831079
0.340346186017147
-2.014687047891591
0.744458874538780
-2.992454013512778
-0.751283524626581
-0.585843950373482
1.269152075735146
-1.259845837068945
-0.879868493573098
-1.323728726761307
4.444645222045351
1.979272370352761
-4.061362238912341
-4.054820354336723
1.213953907394245
-0.970778168801517
1.697929034128623
1.482589748079805
2.816806905118690
-2.693269609921319
-1.112911220278506
3.838771847317283
0.852339401304141
-1.503001791301298
-1.310027717819872
0.946177404323446
-1.209549389378400
-3.357160229009151
-0.205500220239560
1.255837480181355
0.125645862792955
0.802502886318664
-3.666561419401174
2.390881450916641
-3.407245775143796
0.513787881077261
-0.882743749178587
0.316775268116796
-2.381852300195491
-2.538022745487118
1.415043962154884
1.649353497352417
2.450857358675508
-2.178873264497559
-1.308033203540819
-2.523967075428551
-4.381146235301388
-1.284550881590502
1.410637432526697
0.813428357843407
-0.556640795304720
2.433032092996635
1.014398524580517
-0.995855979425275
-0.761513892526287
-1.664206865376832
-0.940529677120615
2.364927392514415
-0.195860651467912
1.707512683524313
-1.150445642839641
1.571909939108416
-0.254429024588088
0.875143794006306
-0.982757123259370
-1.603539631807418
-0.330799140545768
-0.746338556593474
0.021731256100965
-0.052807804263930
-0.096856272256527
0.932443491938723
2.158796575493843
-1.253309289423508
0.671062865297964
-5.187962386291586
-0.599621012058265
-1.908545120165325
-2.405192225376659
1.325835128997756
-0.258580030418443
0.252623913764520
1.282978042977059
-0.849222639736316
0.299120883042594
-0.548195880585552
-0.391701195912610
-2.127945448770239
-0.350131470425535
2.072775338906289
-1.791956597395079
0.876730207890697
2.488545249629459
-0.407428503126793
3.743745757220697
-3.764232625828985
0.982433566604093
0.373637294509391
0.082152914141877
0.029448642180795
-0.825746491251266
-0.499621751918550
3.268561152096075
-0.008200132977028
1.062488688264759
3.390992735951978
1.209556868976099
-1.128306566422343
2.743287027095355
0.398283432821694
-1.777785878854714
2.013777454258267
-1.754995306409987
2.803698193414550
2.810318174545136
-2.077963660697945
-0.530872833712707
-2.382051205211670
1.521011240743585
1.362236208331474
1.735302659777174
-0.313360734415630
0.074020201255048
-0.960450758270512
-0.311784441729585
1.027140409323381
-0.939553639945137
-2.858965746749774
-2.510778558297478
2.354672962617832
0.128833335221401
2.294362369739589
3.093178427449394
0.298199677431245
1.700077246489159
0.443787162731241
-0.401335750059544
-2.208207494640684
1.108187081374644
-0.264630271955197
-2.477819584502871
0.915661946675833
1.573003994354623
-1.535431029093987
-2.103499559894678
-0.605426526130873
-1.487921866512086
-2.170098248682981
-2.555199650489087
2.683885843525404
-3.591554960315709
1.211841652003853
1.585791370783301
1.383614499100261
0.075941845254048
0.476690199406239
-1.770205289140557
1.114148388796235
-2.047843208731012
-0.690282558056560
4.110537685940940
-1.125953473886798
-0.802376704435628
1.562302886053995
0.449885762192579
-2.152792157645118
1.553532934580005
-0.745654769768610
1.564292042508000
-0.092928646320906
0.119184587374069
1.895410641480693
0.047566841893244
-0.322540173823448
-1.991332409717158
-0.275835218175891
-1.449371719480901
-1.266563944008438
-2.585675520138422
-0.362433904384646
-1.227723713271641
2.812348478669807
-5.497656952781525
-1.477485692847778
1.071863485380715
2.144002396951312
1.052705267501127
2.872679771648899
-2.805507742161426
-3.657027723994997
-0.964054243753601
-2.195684483530695
1.729034203512958
-0.407300692361939
-2.669254720974935
3.239992651271217
0.384244369602553
-1.005070259891762
0.129310440342595
1.665074400240593
-2.228789078953187
0.037065394065968
0.710565245448513
-1.794681257166049
-1.548772769575119
1.809794817075157
0.537101399571043
-2.274778355645781
-1.310817796062781
0.310148762273122
-4.233863581802995
1.260024697520007
-2.928435762505497
-1.177441718080938
-1.472274217927852
1.124888510256431
0.849410446483630
1.099855173549671
-0.786323171479333
-1.725857992379868
-3.356068852269651
-1.049398596626503
0.554969022904651
-0.138668843929167
0.474330883394710
0.354682464376421
2.083963930568330
0.577838944972599
1.670112871201228
-0.266080299656165
2.181022403493544
1.777803310852050
1.718860318186244
-0.394790399555178
-1.983129597362475
2.116577447962063
0.599802234840089
1.142814652222891
0.503279318323818
-0.031632376222109
0.041437380588099
-3.622857868096470
-2.568809281192082
1.525830588574036
-0.792358615589058
1.474776564048438
0.852952325400665
0.702624358011797
0.226324104130731
-2.597750617748804
-1.219867653727821
0.892511480100693
0.820782649389761
-1.005824173215160
-0.776803804058265
-2.893524571555068
-0.044503842311844
-3.724922329826866
0.535040228310773
0.938638396083496
-0.580435155814599
2.269828651253635
-0.740487812210537
-0.403023368167008
-0.641992374226868
2.569531099292741
2.567429702065970
2.288971302217403
-1.216324108286658
-0.091553792536674
-1.104321145141272
0.247158074321301
-2.645724204740090
2.173722647444273
4.398323814984335
-2.897731573788050
4.752269527391069
1.968690683089431
-1.730295759662699
-1.428240766603280
0.603273681666537
-2.621047661363732
-2.431067890496494
-0.180948754956387
-1.810085460620167
0.917552878216953
0.376129972617881
-1.160055674586253
-1.694896407350937
2.318327352224567
2.350447774611529
0.529074887571558
-2.864920092947557
-2.370358967117302
4.295059551958703
-1.699794692858757
1.329973234460289
-3.201554748277561
-0.440346190135587
2.038112522695707
2.552769951556298
3.014512830182973
0.545028159421874
1.095260992653659
-3.715736641521716
-0.365152666246397
-1.796015834097162
-0.989681223442709
-0.737806628966147
0.182122718296491
-1.828723615236594
2.075985538240065
-1.750778122780288
-2.638161340840135
-1.717525363407621
4.981217324134464
-1.796847206762023
0.610334062481572
-1.403076132904064
-0.722847257929292
-0.913890976407543
2.015845809527229
-2.537103881076262
1.287705195127046
1.301654075036421
0.334374394831110
-2.015204062791248
-3.301238824862856
-0.281613868595941
0.512954928641089
0.306192213163495
3.224415078657685
-2.807742581329786
0.274726834635786
1.662624581402323
-0.686888608020291
3.266882334692204
-0.634828391543179
1.859531277734599
2.472152499554196
-0.856673212485711
-0.830224698701637
-4.343409999995753
1.800598198336867
-0.728941565218769
0.589622661368199
-1.556231901280640
2.800250927513773
2.682458236676788
-2.199822996035919
-0.020989247629819
-1.115381478402777
2.998791752697492
-1.040602112104166
-0.426689100156298
-3.748246780069743
1.904399994677428
1.807559634763259
-2.950144017594921
-1.667755268982650
1.387972703916125
-1.306564325173119
-1.379653903798094
-0.543123961319231
-1.048597881670055
-0.995119012487075
-0.034388951577496
1.106692688300769
0.820384387223168
-0.377857152157893
-0.139953204100078
-0.858243283572015
1.786828676121214
-0.879776706217778
0.120883917644117
3.712033099788405
-0.936116282563458
2.604318252087201
-2.201180508953506
0.634663704836259
2.554243463071581
-7.789650682237725
0.394465992751539
1.013570961202329
4.085823155191861
1.943670305812289
-1.283277206027277
0.566584955398644
-0.459947322715789
2.597064990261792
-0.455684093078973
-2.554526091331102
-1.043031339464989
-2.060807844357041
1.155471007244059
-2.047333254395802
-1.525807542836301
1.371415426118412
2.097565246488880
0.204775388761735
0.397157635731328
-2.466531033664916
2.160526089956352
-1.277801552143233
-0.212003597738370
-3.417983420310915
2.967170565897830
0.661557284467167
-1.323545259655306
-2.870025019140346
1.964709790276323
1.191333764640696
0.611718782112355
-2.577846664213995
2.807182291221709
-0.222559101694770
0.628439295435609
-1.933557804669254
-0.047875609139746
1.667734767962459
1.215295689174624
-1.434963957619944
2.901944615550383
-3.456420041332748
-1.619601375669424
-0.879204190038757
-0.923285086308722
1.824873993797389
2.087253407974474
0.595490509017665
-2.553521293424967
0.275521715360093
0.368916458200715
-1.515957335017031
0.096335783138776
-1.024789740578422
-1.670090690991243
-2.809496820805338
0.898650797735030
-0.585918188736439
1.519711115209117
0.481477807642615
1.779162552319818
-1.488420086652686
-1.525913161274510
0.479837201747379
2.741968738076090
0.999163226824237
1.571467219139257
2.751862099686002
-1.879280647729414
2.519307641308044
-2.510739786926497
1.390386603677427
-1.025920056166745
0.150442108242422
-0.142093682747549
1.184865376264195
0.065801411276980
2.066203697997785
0.441253697667079
1.345918596098046
-0.515319729636809
-0.360977885940502
0.527124965165739
0.670382094449667
-1.489453457990720
-1.027723513272877
2.957395031413079
0.323051168545885
0.795080855577387
0.134045110897113
1.206864451081171
1.847459967950533
1.642686765437093
0.962154366361566
-1.311572185981166
-0.145895131056509
-0.022317642820190
-2.140499283281498
2.378911733226291
0.775810594165667
1.383936737214702
-0.384149820025470
-2.310336571270519
-2.025921049638284
0.973552664845766
-1.176632955124517
2.449277197845232
0.797369205528551
-0.192106475871641
-2.185695036297120
-1.889225156376416
3.425621079064808
3.132927620763166
0.511157615070332
-2.531761094973784
0.055907682623251
0.342639390315199
2.582678264023855
1.443278182733846
2.399304293259598
-0.917246731507942
1.665577323381844
5.697533711324145
-0.646352553201869
0.111739942709950
-4.225977905952476
-1.622445597681763
-3.106464416348518
2.116898249409870
0.835561900840960
-4.577819633507011
0.130530153955464
-1.803110480123739
2.779173050702380
1.226097436060102
3.204069353803122
1.077787017734399
-2.929865665862595
2.096008878370641
0.421966399531708
2.223498717429663
-0.751162041403328
-0.053092246833796
1.453000015131194
-0.528647242907473
-1.527046376887139
2.200093670562172
2.219816712857157
-0.910286560660550
-1.466814063734621
-1.246957795569722
2.594660577053428
-2.407201911158301
0.017221153622658
-1.915822640636628
-0.867945241071728
-3.155240385037410
1.109482363843930
-1.527680437334603
-0.903770024714695
2.650458680833754
3.751689817916002
-2.592925398489415
1.911417938099689
1.341257301216020
-2.612842230690271
1.254512046536524
0.230195072205196
1.919653770231503
-0.499445020613140
1.715732123765010
2.514033278400478
-2.642777286340203
-1.619353696916072
1.028806336939757
1.066911411916533
-2.432135209327014
2.006092326357567
5.807920491689306
0.333696682136074
-1.557993921186383
2.564434899988589
0.551743801329405
-0.871489876549942
2.196395323507102
-1.711599283021140
1.279345749180050
-0.036704908669812
-0.186163451782103
0.081144520258143
0.163357055847661
0.147462512296519
0.225482840366111
2.195683843830856
-3.543856866618119
-2.896677556571492
1.343024385917064
0.527251156539696
-3.259334012359657
-3.748120638162180
-0.732533304424820
-3.362972993298531
0.802010380402920
2.241509961619874
-1.057461827392199
0.731186210307000
1.317659592368234
2.343518452209595
-1.467304473090159
-1.322660911888109
-1.086458840714690
0.013604589700388
-1.591731112472502
1.509366979252997
1.265903878302205
1.351906358819387
-1.469517945162713
-1.121800605782056
-3.442155747854946
-0.438519175929282
-0.285456461844540
-3.192284477120902
-1.939943187196677
-2.546018027918791
2.965764647533704
-0.290284068600176
3.094183326246750
3.558863278180317
-0.017691390676071
1.307767036955994
1.882670779754804
-0.695700627858260
-1.617242630963592
-1.650575713085388
0.237413191494338
0.629437154316797
-3.580536563661775
2.764958557250677
0.506805011384677
-1.638193642393138
4.283714526058659
3.769216277555086
2.349926952587402
-1.386173447194472
0.408384540585313
0.634535619022863
-2.588820960839453
0.770690017214731
1.323683267573661
-0.151877721036344
-1.643006009586403
0.650995652399190
2.559679356170661
-2.822454707404677
5.708169321495714
-0.088363169803943
-0.312418464612532
-1.582203625112841
2.418284574143496
-3.147804877135009
0.396585854235521
1.603024386246369
1.273076763955750
-2.544871476626644
-2.584759139363344
-0.722805114331319
-5.144672813356708
2.619819351060801
3.757424171332933
3.404051274130747
-0.218317585984250
0.179223513209906
-0.061729593107013
4.041906534962725
-1.344951645890704
-0.763204012757649
1.246397598557649
1.506849800023881
-2.679293361340231
-1.055418430010831
-0.963617966868768
1.191554974651311
0.141970096076075
0.180882165158391
2.588811529460569
-1.354466429962468
3.460484766689128
0.086624394214958
-0.256134892761009
-2.359472460865944
0.971117702635966
-1.928844066059175
-1.551077728491982
1.756138926869647
3.038419150723792
0.238009440860357
0.107291057965837
4.729330919588592
-1.896061436188921
1.772331286049091
4.433597122842588
1.047271835123837
3.441179936917251
-1.443465794057489
-2.841106158235917
1.096353493736528
4.359504217821935
-1.092706351137289
2.350992423393925
1.541176503241668
2.628103719164224
-0.938995196421882
2.242987863329944
-1.448728800694169
-1.260803744297402
1.154033224102365
-0.181429779635200
1.494823182204021
-2.784683137557778
-0.698426389429075
0.110787703820146
-3.697909382721263
3.032880357162030
-1.331855360274272
0.749722910183181
1.031106231987446
-0.541224343955107
-0.090514481377410
-2.199573388001240
1.055734197279178
2.239879881894433
-1.798443630453008
-0.100279812079262
1.603157564670416
1.942320717892628
2.914598886323451
-1.277988959067262
-2.858211230949590
-1.023748158714032
-2.114863966603664
2.392353371768949
1.709752155719790
0.506283720087521
0.402065031726442
0.849628499262748
3.060252847281383
0.886309811410824
0.965408318732133
-1.614984330878922
-0.982938626519157
-0.299785308961379
2.181311899081045
-0.050956995867489
0.577041059538552
1.386073608829750
-3.712781722220461
-1.332801269513161
0.237544379116113
-0.882313780442048
2.051170719583390
0.951959755609728
1.584472426918913
-1.351453178377313
-0.355606317574107
-1.307785695769748
-0.387113609123094
2.166577149615626
-0.199160228432490
-0.712016734145666
0.981221787680349
1.399962543374728
-1.759445750080281
-0.256981819092432
-1.315530239318747
0.891616167882956
0.129343842477931
-0.927156524864635
3.837134109618317
-1.594708329942586
-1.733583038257182
1.285866627362727
0.047929287851663
-2.192727933624629
-1.932476028144258
2.972830950991776
1.993705731607564
1.266684852459492
-1.448788317418495
3.132875198553122
-1.129566905781230
-1.122831118750602
-0.381800255806486
3.303272090024191
3.647433458024339
5.773710801626786
0.657591329382894
-0.610438063707395
1.688987498820610
-4.067603888849720
-1.248117149475231
1.565294203002964
-0.658924214569087
0.673799537947115
-0.676652707435407
-0.451134294970207
-4.719533158391046
0.227516717505953
-2.245623210497146
-1.690011411638760
-4.490871459308083
0.520180650292033
-0.757500897941707
1.562874498231284
1.367882134096979
0.174523270535777
2.497632690974431
0.219883926944746
1.212495656455556
0.484835248757912
-4.381202548791424
-1.867517663797447
0.670396807330083
-0.263324584989784
1.494250655808214
-1.011328443202502
0.945124177082539
5.008741504068360
-0.335898790717164
3.726240913879626
-0.743569968338858
-2.536952637796620
-2.661468172841536
-0.426659876096513
1.369418245389795
1.732058428735860
-1.498533368268842
-5.600320620635271
1.638218437687288
-1.477493562019827
0.362308647327346
-0.498804425627428
0.491798730950104
-1.540219871631670
-0.994616430298794
-0.698354398625034
-2.760346173275026
0.984622926256290
1.046339348560887
-0.674323708100777
-1.575383629840940
-0.732988009904374
3.042811024757999
-1.145366124051032
-1.017809651074671
-0.782214934342526
0.090863262122345
-0.981899360658905
3.273865820072744
1.890064841300290
0.998853856386990
-0.744118533407383
0.712786628726282
2.111604044562490
0.104753737032053
-3.733035524656357
1.819526967334571
-0.563099041737591
0.661153739566256
-0.690839697609101
-0.876007041153955
-1.561061032700348
-0.901903557103815
-2.544494137180807
3.977043231411837
-0.871430813108822
-0.225336536329268
-1.705575884993810
-0.654077910052783
-3.396108504847081
0.545112171841395
-1.051650317086888
-1.147096201313405
3.369943793802076
0.154991886898083
-0.240817672818776
-3.967166191533356
0.310489849948415
-0.410640584729464
2.004514071600127
0.639687533617392
-2.025630930572025
2.032757072203090
-0.973791667306225
-2.177614227215807
-0.640773963663432
0.333678865820632
-3.421359726752919
1.042524948923656
-1.266226710531940
2.743688306071223
1.232810040655153
-2.090071291960832
0.393889131592971
-0.486589813687141
1.733708769980167
-1.989399485239522
-0.884631308443832
1.234425534737562
1.939983711495185
2.382087946678014
-4.169335873898140
2.859648668963369
-4.921168958845862
0.505684988078601
-4.056232265756408
4.713015009363159
-0.207189499881151
-1.834533487351637
1.756776859125070
-3.763375174966695
4.819246121256980
0.028638708392180
-0.874623097659400
1.345065794629318
-2.510561229430977
-4.088245470987544
-0.814904921776827
-0.247473982084841
1.585654812080994
-2.838688798110016
-0.387986920491643
-0.010677822419002
-2.371777214963801
1.372102705796301
1.968554916973522
0.640947197189667
0.740055937791822
-3.311892261761501
1.207191758831639
0.090647926137768
0.435967519018471
0.365703968004927
-0.961040906422021
1.126399118857504
3.582270242429598
-0.298149334048139
0.466888811198075
0.153859860452697
-0.262722156221914
-1.508745151632759
-0.419058621700862
0.324425059738487
2.582720172605713
-1.024335481394555
1.052267136220076
-0.773751006333913
-4.458520355834968
-3.365479964351022
0.399980931191754
0.189400248474515
1.213530484931342
0.815787122784425
0.285966183248644
0.009386470301956
0.881904409069490
-4.148271426315818
-2.524395285602469
0.168289740456761
3.411497386337558
-4.493344942088737
-0.582197931340159
-2.301486441419580
1.205188183747102
3.327564737574351
-2.372735766316302
-0.834863979457426
-0.546212014364738
0.909571799881376
2.995938728551313
1.970382572300443
-2.052976878323606
-4.238919498572286
-1.783282850701155
1.049881038238298
1.942534077604286
-0.550119366380553
-0.350880832520671
0.367282586404379
-0.354284839595279
-1.351009811411091
-3.474202389790488
-0.073900413599347
-1.899111299032228
1.946285894508551
0.970719670931224
-1.946787602271819
1.965987981409395
1.633070286320176
-0.254436229446776
1.587324022734224
-2.402580003410594
-0.430492385026968
-1.718613844166194
-1.164638361705037
4.398810157506041
-2.499641708927028
-0.152519289663740
-0.401474293402493
1.846083387161219
1.419958932971857
0.921403867309809
0.049281650137275
5.093743307176416
-1.297324947945686
0.625441728301367
0.421020820393822
1.107688884835480
3.987629747242522
0.394560119217180
1.381981732466310
1.266800749116496
-1.873821094585757
-5.308656031924563
0.601804759935957
-3.053040265971029
-0.426362144532882
-1.776285560591849
0.033176711806094
-0.631081912170872
-1.904885963211021
-0.886489500084436
3.004689018035391
-2.839715976518437
-1.229526311467785
0.925433607459545
-1.068497708017713
-2.257173781838521
-0.763950055338569
-0.175199394557965
-1.222649295187645
1.924628391156826
4.255268080553935
-2.680015014440085
2.047561327022458
-0.421274444676037
2.381459708782308
-0.883656949313450
-1.100174807419747
2.157906724129341
-0.027604059469663
-3.085158321425178
-0.313513217824170
1.350454297993066
-2.238096283733045
-1.331945321441089
-0.984070550049009
4.170579739438995
-2.069101139111700
0.002059090209583
1.219443541719387
0.374864032434592
-0.664450296922657
0.370265003631032
1.507842160463539
-0.623300398751911
-1.071593932280555
2.309266220324942
-2.850420024014652
-1.748139552943754
-2.789565800574867
-4.027653596355175
-6.310128868507573
0.848694139926764
-3.388451823746197
-0.985970106585568
-1.133375043927379
-0.508530285953657
2.069649994778094
-0.361421402014572
-0.554505688877901
3.395794901247696
2.627634697189611
2.181487480441500
3.417843755225808
-1.677373854823547
2.766932651321315
2.596226316032710
-0.202186856164595
2.959991845807654
-1.164644414238782
3.771763694506557
-0.503518741579228
2.381669151050652
-0.762770255834232
0.619172356762082
2.533898236972127
-0.499055348470917
0.929896144047655
3.775649455782620
-1.404393261133265
-0.383421158800355
-1.814740274740303
-0.608141508752979
-0.258923559350925
-0.964613440394760
-1.709722342877536
0.286900108647792
1.420519947333940
-0.002537836288294
0.446781682952673
-3.429870450273811
2.871361767232026
0.439021909616506
-0.868193224077796
0.001537365170981
0.641060606225494
0.633083151190984
-1.047621773398987
-1.604890402207839
1.389975417074310
-0.297861019592872
-1.396158101690470
4.148777636626515
3.526516197643863
1.180917409844935
3.666349954819605
-1.286283736020706
0.304724729983844
-0.417926635567800
1.844023844308515
1.520499290141254
-1.793006082742207
-0.057441849474175
-0.672035551569791
-0.826616755169131
-1.117876241443674
1.598540675538859
-0.581323386108780
4.203727892941675
-4.759624644771708
-0.641683443316125
2.260092014270705
-0.479457416432526
-3.109909461493588
-0.995676348827795
-2.141762275270544
-0.078324189975469
0.407775720330740
-0.309131485793393
-0.566229378369157
1.518127753996232
1.895308611402285
-0.726085311064946
-0.688424262984785
-3.283037360531432
0.731861379381762
2.222500299997563
-1.296426224785602
2.046415007160067
2.594943671715116
-0.326110274013607
-0.470616655500715
-1.957289989735736
-0.464051967222611
0.820600164588586
-1.932135898585590
0.002415149101492
-2.541508823793048
-0.875008038875393
-0.099667293686389
-1.172532255530383
-0.953709319710942
-1.776119813497361
-4.120763593182480
-1.681680181837709
-0.043668229715110
-1.981740170489072
1.496164794417059
0.089312591273128
0.438095633267729
-0.127068602344979
1.462035501056810
1.445449622941835
0.529987831807676
-3.012719408163469
0.466902794697612
-3.018738239396444
0.596659948275996
2.548219646377920
-3.127432125794494
-0.559553221368520
0.399153456152109
0.564515286657417
-0.499115601438720
0.406048472491061
1.436654190603876
2.352624910389053
-0.890528952895337
-1.167467284617485
-0.008599798992589
-0.450802917021373
0.639436511030385
0.763434144767207
-1.784343114100053
-3.705259716022948
-0.083900081643121
-3.495964756016397
0.090945572332927
-0.729940621477254
-2.400175076146978
-2.737972234558125
-2.884345456104403
0.836909619553377
-2.180613304434035
1.127568748472119
1.288921818610752
-0.925861416564405
-1.528206541406083
0.929711918185584
3.155590193404449
-0.284599267769779
-1.164947610441048
2.180813916339097
-0.772341923113719
1.870426601867877
0.449335848667588
2.298784748304291
-0.273053474797816
-2.451756624196361
0.780053690424357
2.503176608237494
-1.072276118552129
1.033691519746559
0.038876746056223
1.543567271268054
0.847739865995235
-3.376024945570853
0.673499446337077
2.325764848077711
-3.067767802857741
0.337018265888339
1.717111336014943
0.014101644861034
0.119388627817212
0.868751795043321
0.613671003844547
1.900211606647104
-0.436536771126177
-1.195669982276241
-0.957976332287638
-3.138207666936790
-3.240524780370246
2.256670978583891
-3.656454439980418
0.114169544375164
1.323114049367457
-3.116995811453510
-2.804081728020832
0.408134777883743
1.781313986928968
-2.170350198327122
2.788424366857557
-1.440366789836053
-1.035462698573973
1.331721815842284
2.641284448819831
-3.447593371247605
-0.488530693087009
0.993681382937413
-0.551330269781556
-0.030183161321260
-2.337941615450198
-0.751946128449605
-1.674168574469391
0.250162664652941
-0.793492654343022
2.066625631873813
-0.238866359887456
-1.318909824947593
1.434173287721271
-0.053764675657759
0.826481381716557
-1.172368983142912
-2.911647785811561
-3.342035349521864
0.960147657629183
-0.687637582441179
-0.945750286722518
0.902998007017811
-0.539412594188284
0.489857172554457
6.018027201542769
-2.732674520651427
-0.019535025087377
0.395014236970271
-1.722162776715424
-0.854776443401247
-3.153258054731920
-0.844797888081934
3.586408629939441
1.215762259782525
1.255301706459845
2.172948994050186
-2.160945254136405
1.625338554755649
-3.671121143087444
0.462544304685791
0.318067066193987
-1.910959805328278
-4.131836369107783
-1.512067894600531
-0.275234209465776
-0.705944456728347
-3.303524311316214
-2.794981592878181
1.784332844521280
0.645741154979502
4.743708100111103
2.045877906268228
-2.989256853393492
1.421696191152898
2.173413011105642
-1.870842624184906
0.252179241042510
-0.631253038174138
2.946939149674707
0.185796834979440
-0.485289041344537
0.383498630805027
-0.046757588449977
-0.772529415135921
0.846375798688619
5.381326665431191
-0.853404852663464
0.057618400801596
-0.193146196287263
-0.157426060470963
-0.159508960609173
-0.519915854560987
0.524013370344917
-2.684427207902289
-0.262803474985960
-0.664183134628726
0.183278457438046
1.075291719893575
1.659277134261612
2.446049195681397
0.739692626397019
-1.502371949615118
3.941872708002094
-1.078732639391358
-2.956987791587802
2.043249050645251
-0.470428987901435
-1.324498390651160
-1.718122704535648
-1.733635196538921
3.418664928215452
-0.655526216651885
-0.237087888906552
1.452489577432276
1.358750736206995
-0.948968433633104
-1.072360585798397
-3.044874823657851
-0.619974528300608
-2.675450359301939
-0.552342594109632
3.795018447011258
-2.895933717750121
-0.029407387012147
-0.100366967907454
0.528015556196858
0.599280685714938
-2.383289294957685
-0.229990233928546
-2.657559586696093
-0.347923330104646
0.910901147501304
-0.661119825289228
0.997459432138307
-0.045808337153964
-1.510929475529986
-1.580378096422855
3.971050215285513
-0.291663305999616
2.385161324541452
-1.692555162358875
-1.493988472400448
-0.155416139328988
3.243274365689738
0.279034925538166
-1.607127279010399
-3.321009088314483
0.242283137877898
2.071411584491588
1.131305572199656
0.307674721060578
0.841070091552300
-0.971129006334956
1.804447335760323
2.079041306770941
-0.130618972205235
0.063830785999439
0.729565797235329
-1.588591625213693
-0.187561103571799
1.702271145621089
2.370328642174746
-0.511437945216309
0.627352809028401
0.481729021628019
1.392080696515043
-0.423912763586072
-0.776861011821798
2.184452857678687
-0.262989244884539
-2.172731255192519
-6.375232073340974
0.501147482603651
2.617708688102802
2.557291548560583
-2.651650422254485
1.903523801084703
1.433815680235066
-0.299190659493546
1.462922711950637
0.264663288668654
0.410111127295447
-0.788522378548707
0.053876219616815
2.655118498051234
-0.311785804787776
-0.753170384225173
2.292573161674655
0.067107678539307
4.280130799334155
-1.012246769745298
-2.959566646933551
-1.103668479034014
-2.301619792473022
-2.121961137806531
0.857104641505369
2.717896691532072
0.751723354034626
1.205206659243043
1.860447929790428
-1.387910409332850
-4.563576598393569
-3.687888122166681
1.677377859332731
1.052292254243703
0.337778390909641
-1.658196279652673
-0.270130702715110
-1.750675523449601
-1.953979883383045
0.391291395464571
0.492670428637554
-1.154568553870561
2.403657314738224
-0.403231433992136
-0.545410149362144
-0.419360338602996
1.298641876762849
-1.774891047956983
-0.220139754995513
-2.398993411462103
-3.709729599818526
-0.622975470773380
-1.020540356992604
1.910424187813015
-2.881069455749452
1.590739226190818
-2.607233175941414
-1.051580628170857
-2.638831380012909
0.851970035487366
-2.753266246818572
-1.841045305871743
3.690946769362787
-0.576367435144271
4.628778545638723
-1.269919044223146
3.311262183525896
0.627784141437561
1.594557311869399
2.758153494494834
0.707554361417423
-2.244911727627649
0.292287877218378
-0.943278905587555
0.933945821892638
2.868457404942235
-0.802680491931635
-0.582956477321405
-1.760832799545461
0.272717840229076
-0.151900848072743
-0.199037641717041
-3.521140748383430
0.407758598484596
2.645988835062406
0.641900940232970
-1.454993968889835
2.594118475894927
0.412449765436456
-1.406792605281432
-0.377549433777219
1.088968676077854
1.844894306722383
-1.788971275587540
2.410506035667381
-1.212364649557630
0.799784757564927
0.838389487170657
-1.440441947876161
-1.545414875958019
0.718348836060481
2.908388106443035
2.268914946292190
-0.477282693815201
-0.141527164413441
1.988563626395301
0.358870844448007
1.642607120393947
-1.114726453004891
-0.470200958643663
-2.105656255861325
2.693096267463579
-3.337980515344566
-0.041999027865350
-4.699501027103536
-3.105005300307613
1.957647510608471
-1.530639795384822
0.733994847458992
-0.082626959856659
-2.237694179324068
1.050596358592981
2.158911741327726
2.845732454153891
-1.586426970919182
1.107815126700373
-0.948300687516485
-1.082149849233413
0.058058593379196
-1.260466164137474
-0.411144595068215
-1.493716481196171
0.426403477079614
-1.400185052520812
-0.729492209899469
-2.643964740865857
0.922621793078764
-0.730438780309030
1.317497660905937
1.811247449575929
1.815198718917380
-0.538597436512094
-0.382600352920862
1.794633978311394
1.785305599823917
1.431375583420945
-0.010625616030217
-1.835845501322059
-2.062443302713507
0.077504771889398
-1.996525565643728
2.253746265512028
-0.488940015128614
-1.661349493321792
1.677270465991302
-0.637188913005303
-1.197570638060371
3.041985019690900
0.338948362296268
0.726285129167622
-0.586044751345574
0.396398978873503
-0.634437075062604
-3.219567320346103
4.381053804724362
-0.002340801197284
-1.160714488053865
0.579802026914456
-0.498641067985922
2.901719454191090
-1.764968637563243
-2.621998996386500
5.208217362971038
-0.971786308322065
-1.145145295413556
0.068437155888061
-1.766185612183536
3.897977080340475
1.170477654988185
1.630261518547064
-1.841972023109277
1.838671092486240
1.567179158174724
-0.535840224751201
1.512656424779147
0.257152024298512
0.573371650955691
-2.379896559598162
3.415941008528553
1.928291983666114
-5.082626665808416
2.601068749545184
-0.561432788019980
3.245939604280521
-0.977841399078797
-3.877978705979450
1.058363650328946
3.104383533068118
-1.319156780445030
-2.539540679399980
-1.362666922217227
-1.115874984692436
-2.378345470951351
-0.224948074643922
-0.203320948730395
-1.760285175247497
-0.268914689809407
-0.238240577110428
2.990629252495522
0.712143129455274
0.140329455230544
1.272600974947237
-1.782039581465184
0.414974478866559
-1.054057234673420
-1.027672707685783
0.502905526241183
-0.797036509017914
-0.418160990648938
2.154738002943511
1.957331068019773
2.013340228617704
-0.812161803968428
2.738079289444626
-2.227885696332562
-6.789245342251473
2.271363856087023
4.872683367185743
3.294434772317691
0.571364580992888
-0.933191074909397
1.680699844067381
-3.879255294791111
2.938990856454360
-2.006213319985918
1.152800363537259
0.108110778462819
-1.484034752194665
-2.736778583011919
0.904946884042116
-0.982369310346771
-0.928253680719802
0.108392765937547
-1.288615932487935
1.646574106991427
0.538183304851889
-2.412265740824530
-0.191837707218959
2.413273826958478
-0.291039583850856
0.145601662974894
-2.166063637508958
-1.756585827162638
-1.875434059017213
-1.204712513009295
0.666479346404842
-0.296638424678086
-0.773884079848130
-0.347992037640094
0.626818325204999
2.980276901420122
-3.476105106516953
-0.781650657562949
0.623862339927427
1.471484749865704
-1.923418416601150
-2.684948136377123
-5.473741831569233
-1.140212802707377
0.733312701757734
-0.724891087214534
0.907552617784016
0.775202089238538
-0.725613108668742
0.465166825516735
-1.112407938383188
-4.543019295578403
1.104164548569443
2.062363756651772
-2.488439663266516
-4.012487958402841
-2.089777905871037
-0.973208418733765
1.133515717513875
0.421192923158560
0.650198949639430
0.607804080444217
2.606923921859749
0.606802776683010
1.846033804302332
3.186953030166397
1.491257909079662
0.850395337180251
-1.187381269049572
1.550896362955881
0.074907736632178
0.607149614315982
1.263513327066216
-0.029518750509221
-0.344033578496004
-2.980194580808150
0.794310133554161
1.936197404839639
0.537935014439119
0.768697586087820
-2.395979444261198
1.024950721709544
2.496490057953467
2.733050022205537
-1.283163284530261
2.349966771891577
0.823392007683037
-2.428835503573286
-1.907839412839055
0.381068875349602
-2.596424011438941
-1.416666991423731
3.363555856941632
2.548519234460746
5.568300286757099
1.403906869322284
0.129621738872500
-0.529655774795170
-0.412368955799244
0.542925319083857
2.167164071648925
-2.856212234134095
-0.567928780776069
-1.318878256224890
0.040982532590721
-0.202757262412528
5.315243423405025
2.393792364276743
1.105346118010314
0.177735509004340
2.108362053816742
2.758871308242054
-0.245866320990022
-1.639762023841509
2.049316906438336
3.632084182387866
-2.882894643806252
1.646013683286212
-0.310491158041025
-2.603955057958533
2.637776482532490
1.703337852910355
-0.562799671521733
0.189409312302132
0.099694561730320
1.180210961653328
2.653083837481335
-2.949931962325524
-0.799855717838639
1.121919203140128
-1.978853701369090
-2.060791187583986
1.656568530582685
0.081342245470575
-1.444279745899051
4.286799252774619
-5.038506129408757
-0.416630732819235
1.127034056626570
-0.433825935185162
2.141963654771985
1.575618707509610
-0.386543696309736
-0.849636319021500
2.218434568504776
-0.278647750697147
1.298196293004288
0.729017945308036
-1.281132143568595
-0.278990672103084
1.895341961672581
0.650273610330912
0.664330576627839
3.146556864061942
-2.091609374489679
-1.180471003619157
0.544170852154525
1.608754000022681
-1.357145450409655
2.413977569096029
1.013436000396775
-3.907415770645811
1.940122517768590
-1.239680938409394
0.155303056049310
-1.632151035531311
0.806298895012939
2.957965355613956
2.656157962937642
-3.425593427713805
1.741362310048112
0.357438416546250
3.879337782725081
-2.323866532852529
-0.882218065476156
1.285577928156386
6.882166402033004
-5.271940890867826
2.059024876230075
-1.861780103153191
5.879899586994688
-0.014837587036264
2.320773478442443
-0.827483672936471
1.642116860236103
-3.803007910732786
-0.604185561584997
0.355968274470695
0.369130364130028
-1.432311335256138
1.791377971338111
0.014812279675084
2.380520283163223
0.998698054176859
1.846687427855328
-0.272645763867051
2.125437068527884
-2.181470797730894
-0.415634573109687
2.032593265148110
-3.214999049222739
-0.863047539160045
0.480499270026462
-0.152179610779257
-1.076426809329387
1.461093713031491
-1.285137166221492
0.810747139212230
-0.222452606023144
0.003963042850426
1.680775848079790
1.834835600357222
-3.255453227173637
3.086568561310454
1.411886720142020
2.326545480254282
-0.736944005208936
-2.404002311773966
-1.637596038236461
-0.790124400527585
-1.830952444999039
-1.925679791944089
1.113461360024107
1.991159768834112
0.657459296671742
-0.171626231262207
-1.090430506720924
3.916284028469267
-3.491123386724376
2.556834353813173
1.365839897883856
-0.671232278473641
0.226819298451619
0.258053478520062
-4.766770500909241
-3.588716035467586
-1.524936751970767
-0.005808079371831
-3.983424870903441
0.669297872726281
1.913033480743439
2.218717171978587
-1.088636568781588
-3.095752086451125
-3.910922788275274
2.234410582253531
-0.501476108530125
-2.426647968152053
1.254582079311693
-1.104042906332964
-0.736540658242231
-0.713484412865393
-0.850859108518222
0.615250485084784
1.280866105163808
-0.563538169217977
-1.743837900420080
-0.615093575506097
-0.277465436500721
-2.473256284569503
1.710634339199731
2.132790749526146
1.307458697105737
1.254679465877226
0.747950392881802
-0.960223597078887
-0.730033740531155
0.759019830770584
-0.483220137474604
-1.741757729017554
0.694382502938420
3.156665856391739
1.655123000274043
2.149165371030769
5.529177341300362
0.632315031142827
0.994836288720871
-0.129431108902146
-0.420479668388925
-0.052505160641576
-1.080714944521306
-0.121514973710449
1.014073511137266
1.910003419475001
-2.096058749500570
-2.764870568129600
-0.953796271722095
-0.125501235215894
-1.505044216718471
-2.586780156250881
2.666873719640642
-1.710000639935337
2.206291643204358
-4.064570666008979
-0.144607843063218
-2.028521793499141
-3.001557827426552
-0.470616656586690
1.851770645653760
1.692960617338098
0.649937224408512
-3.152126015919168
-0.656273186257317
3.380085240257543
3.576055864155723
-0.242225114403499
-0.457284700971591
1.044514355596228
2.137562079645094
-4.358136254085212
-0.620241738762356
0.632780578259241
0.167193343200837
-3.681967151298396
-0.325521479435050
1.846211349691714
5.648240847048644
1.600221169410462
-0.982244389863109
-0.101929727204241
-4.731056401034415
2.390826686777695
-4.956731586524758
-0.533168376613436
-2.301224020623801
-0.378702290157980
-0.485491047407234
-0.931362367577947
3.515206677568677
1.136901355491029
0.840160052182653
2.712021209357084
1.532317923015709
-1.106618860312954
4.029912329108233
-3.476361045210337
2.466382534867740
-2.486520690507929
-0.407642856422573
-0.894718308975101
2.054299295679873
-1.363646437972307
-0.573205118916759
-0.181597602709691
-2.116206874727886
0.662920138782204
-0.473091870706277
-1.866557154320364
0.410534444901307
-0.647954461880323
-1.044880793737954
-0.828048840895922
1.673924975579689
-0.372174472983091
-1.233593031710903
-0.774456910943937
0.924602244336417
-1.034468204762072
0.269009196974169
0.080335377311800
-0.408413767529550
-3.126302016192866
0.100269367419216
-0.037235790063951
0.875115227160525
0.216887495886760
-0.779848540792284
-0.187677267345815
3.020737358700676
-3.019583218293101
2.914805267690457
-0.337635267272538
0.067488783409064
2.870050061934447
-0.176790532293583
-0.167633818442249
0.840705164102142
0.262062275143377
0.157528102846914
0.720959009367696
-1.477295437681040
0.863208394704104
1.731936620913043
-1.306341733641859
-1.737191905885628
-3.988358001807127
4.061756873985556
-1.282882381366656
-1.855350719942916
2.165984232837967
1.937810395281918
0.067430410830043
1.420777982503853
1.042144186003430
2.255830273118657
1.861942976775267
0.566229369523566
-0.683114344478623
1.514013537433690
-0.114557557137793
-0.849912654467848
0.031519299867248
-0.625635560299885
-3.387041535051779
-0.831675635271172
-1.722423663415447
2.407449874572408
1.753170467993426
-0.956957294619398
-4.163373240668786
-2.207850201231604
-0.443790989298080
2.658905396415351
1.562106903286417
-1.745842853842666
-2.985525106325088
0.633287698905481
-0.596394702861457
0.970097460528551
-1.198619883302722
-1.262114710951623
-0.347515963764503
-0.863098996991689
-0.849451694969117
-1.090503945728935
-2.621304853419682
0.152653191369000
2.373975317775948
0.525898893625482
-2.237810906009871
0.143151333996954
2.071161948654663
0.336537350305724
-0.935474515610280
-0.761819179426681
-0.357221474545753
-1.047463630469703
1.072992148556015
-3.803708602079656
0.910181650745042
-0.863459404019309
1.815405747846337
-2.721432033623725
0.732980013457982
-0.901858030462874
0.475176008429397
1.824403194182417
-0.323530460984719
3.527044065804752
-1.302397742468036
0.948797864592540
-0.728851652887878
1.204024189991437
-0.940557086363482
4.110515867193287
-1.191587477301284
0.484728269164754
-2.675495848787336
-0.764377005287049
-0.235259930843407
0.422171924781048
-2.275120892049441
1.712749316470096
0.631302047915202
-0.097537878128950
-3.265908233846317
-3.001959282901905
1.217579498003501
2.081746643275629
1.494220942893967
-3.816785525685653
-0.380396148803260
2.076768630132790
-0.634935436015177
-0.458150944006372
-1.275960143434595
-1.483990110379570
-3.366645418933557
3.648487116099365
-1.577559615393623
-3.226582835301241
0.329556838138218
-0.920485716562322
1.828463505822149
-0.881128672338947
0.796492060570069
-2.800591277265980
-1.443952122166994
0.416532579140008
1.843938339423491
-0.362612378633186
-0.774724736448756
-0.034394804248018
0.684409046095122
-1.524485653569024
-0.607299224289253
2.421899724239121
1.327116854775933
0.208117255663503
3.193443757187195
-2.487651851359323
2.015151794017241
-1.912062729110903
0.015764170615885
1.549767505206566
2.280297451973490
1.860688914663661
-0.097125176316084
-1.087295903758853
-1.860136850335367
-0.751932167340553
2.625147660383448
-2.476034656273010
1.033480667315613
-2.063737398592732
-0.034798972388596
4.838625940235503
-1.955882917787370
-0.882812772361641
0.097240862046126
-0.051268858327710
-1.710013651171746
-0.843347578305308
-2.267587040979611
-0.357072613457163
2.929252858546114
0.341303743375224
-0.135481516397588
1.490878625131079
2.115190951326673
1.038741803044869
-3.123800435571231
-2.274611064378075
0.403670475612921
-0.955702433156968
0.714167007430692
-0.276143697137798
-4.240902323508962
0.896451689449864
1.644791719611633
-0.003842809134661
-1.992799111780415
4.531732457235714
1.598732692688526
-0.790387937811477
2.738383691886292
-0.822911535310938
3.443127725281806
1.213486515160770
2.757634014093696
0.263853917552595
-3.133595032222522
-2.094928660387115
-1.071616735755310
0.610255415008670
0.341658541276639
0.772855668466521
4.395448559808668
1.078180097346668
-0.316425217828901
-0.672577305695324
-1.320901095462414
-0.870984470374644
-0.602073269513098
-1.641305822040901
6.368684520805540
1.925594009438381
2.560381361403022
-3.221902331532715
-1.300236910603849
-2.434717123244141
-0.658515022786631
-1.999302155465840
1.000951238191135
0.372876147091816
3.305881146129735
0.738006895779749
-0.891226251555928
2.269110232024480
1.672958414476733
-0.353957058652085
1.621283221960703
-0.627389137372918
-1.805110515190538
-0.868920707350125
0.399125978533046
1.544081336043867
3.128079764950112
-1.484664638407109
0.144119283560835
-1.003387894559046
3.302190481766127
-1.550954416422714
-3.502858031504710
-1.225282431122176
-1.611553406382338
2.750097306575908
2.349723355312654
-0.194575404370059
-0.278771274915253
2.209905284189186
2.346017766021254
1.402710268983450
3.412002784803527
-4.277590403226355
-1.671400618889697
1.424199466318527
-1.440632106538700
-1.337741672293749
-0.206260399334280
-1.599705629258148
0.678656585673208
-1.261661405553089
3.077128752969701
-0.370609168176302
-0.761787235886017
-0.583467554267348
2.199344187600386
-0.643219253070324
-3.382489426793224
2.282116519477290
1.705018289278251
-2.483410369225338
1.438534033431550
3.971370653664610
-2.161499180296926
4.616474172726117
-1.034145413242691
3.090026982204529
-1.491835092242175
-1.338996044342174
-4.092694330074001
-2.352600619984177
-0.640511122289913
0.427572366451121
-0.139572810190096
-3.244525380978946
1.107386224094576
0.570060416824409
2.127639428911305
-1.043983052708558
0.589251077074706
-4.931822319838511
-1.506040011708202
1.432844855384137
-1.254859582490502
-0.797427529503506
-1.467542453947524
-0.269820230391360
0.271368238695164
-0.943739849551530
-0.907416693477653
-2.145317377754427
0.231471524010645
0.782651494566121
0.335655896825453
-0.562974103763354
1.828524950894028
-0.603087046400961
2.020405156530275
2.132252753157213
-2.080990754674421
-0.381301566210481
-2.673610848004687
0.865220453858845
-0.264877227927134
0.613106602269116
-2.991005749695116
-3.562243962602180
1.030536232282317
-1.111159431717053
0.379935158231878
0.340141739597324
-6.641185737669789
0.409136142570285
-0.307362291405234
-1.385301337469761
2.739285392336002
-0.799670748388356
-1.056662237029145
0.269654201982276
1.219492734734699
0.645117706901576
-0.648466380052860
-0.089126007308255
-0.486293912348755
-5.971296487572073
2.352571083445007
-0.169276239189938
-1.505881596023609
2.620665666956338
-0.287735764068407
-0.106423595794709
-0.825286198493591
-0.986687700040574
-2.460360323907938
-0.998956851112173
-0.623940102962462
1.119272832189235
-0.486541365025655
5.220837274493022
-0.227278761232674
-1.317662482818816
-1.151778267213357
-0.081125475529832
-0.892650725019404
2.211722787858581
-2.589830233873072
2.945410088799452
0.455821913263891
-0.061545983784526
1.204983012010983
-1.305101027763150
3.432242300381947
4.681990965827010
-1.565084371647355
-3.879870941883950
-2.328253480545960
0.316920269532056
-1.171838269353047
0.650644027092516
3.396295571641504
1.590229347574350
0.629708291718475
0.570496700678397
-1.879216302244724
-0.454528931399461
0.626141455668220
-1.625564272065663
-1.001751805022948
0.819630158885942
-0.826204389795052
0.572441500552917
-2.108633890692392
-3.369059984798247
1.969186905715839
-0.883430141315471
-1.204583362607306
1.176241074110163
-2.893689513562467
2.093076063455281
-1.416045166131094
-0.493275563869273
0.399758611571360
-3.217103061695675
-2.491087483229786
-3.080999468129761
-0.378949655524178
0.996371951748075
-2.466981899930324
0.812172265492305
-1.430018157141286
-2.096232053449654
0.076557278439503
3.170660446716554
1.520155341286789
-2.242220845223730
-1.417653872509877
2.223492719469237
-0.218564491001850
-3.088101087708019
1.875332681498825
2.371377022346449
-0.307764800783493
1.048077450564771
2.488179558888332
-2.301883236654464
-1.279570368827462
3.335826852078263
1.219351693836928
1.371672992988294
-0.570233748968188
-0.086430340292165
0.618221904496443
-1.048861713621526
2.317700521416668
-3.322630707951861
-0.911092294138922
0.225528389493303
3.769629089516051
-0.955734703908619
2.186287497812962
-4.880153623931705
-2.413529750496675
-0.711931406605209
-0.955694021927061
1.141179665240265
-2.543432827044451
2.247991922725561
-1.152981041515470
0.622690510506383
0.245772306260050
-0.350057190126702
1.991539916544472
-0.501135903739398
1.810678310981906
-0.480627087724089
-2.157692117678568
-0.399625934960173
1.586468556850261
1.059874703367771
0.548945021696326
-0.055702324426014
1.965629296619104
3.284545615984869
0.084591103398538
-2.621300283878268
3.382613243998622
-1.588023151595303
-1.846522516137950
0.359902868063730
-1.553977679004608
-1.585087213610235
-1.108220254644183
1.585098747303323
-0.812496290323452
-1.068544408121958
3.039312264092018
-0.797206957145522
-1.207271280341235
-0.990617326085449
0.800758238280288
2.046114214096673
0.687451338065390
0.311106748502734
-1.577933794963756
1.128874832321286
-0.351591484962544
-0.443814028459224
1.654002926593404
-3.342763172653251
2.675502920699471
-0.272407175106040
-0.181068364962080
2.232986518694108
0.816881473936239
0.450256230049120
-2.418648671523088
0.249133387845245
-0.701377403307452
2.535836888013598
-0.437884175178372
-0.931754136709009
1.442325445940208
1.938337615685363
0.775476800172077
1.784054769887929
-0.246786602983235
-2.546656745843940
1.415942370622340
-0.421150746953818
0.786540820095217
-0.834864649622947
1.686675252792684
-0.035543622356660
-2.605581790425482
-1.801855391493256
-1.513969306554697
-1.695588699577681
-0.334978105303556
3.069597533350801
0.134218815193767
-3.784300556210851
-2.618007675950043
2.537741957108919
-4.217716171014229
-1.244068990669304
1.877711628125090
-0.052708311213334
2.059977227370775
-0.318800654102183
-0.440097748573124
-2.118876818478129
-3.030069747878654
-1.369393339947863
0.765146311580915
-1.149586754971146
-2.903394029653013
-1.405525627581576
-2.927041924619642
-0.289953876819753
0.280336510099516
-3.831099490451850
1.241326118352656
-0.375025618559390
-2.005865317063018
1.012982791620489
-1.551100906141151
-2.455600857876279
-1.415266766293426
-0.812105796086977
3.846131848163678
2.832383339521057
1.043307625898193
3.431927373178979
-1.090744525800621
4.608161919377495
0.088619967796570
1.158626904054677
-0.489995520506498
3.764768631618870
-0.954031282721443
0.445960283764517
-0.755810520621838
-0.164683363817964
1.617017255774831
2.412544350053164
2.335229562300396
-0.545514380007630
-0.867146825108095
2.029318916329461
-1.191974933206419
-0.120782081563541
1.149543711629964
0.155523491744764
-1.372220029238719
3.524643539919069
-1.612921956755495
0.957427266274193
-1.104723373309524
-0.650387213559609
-0.886629281841622
-1.790351894713518
0.109242100025998
0.660281112368117
2.374699349804758
-3.119721399309995
0.347832768009701
2.449205563442149
0.954525616570932
-0.952540374823672
-1.984460487677115
2.699135368136013
4.041272808161622
-4.804187344249764
-1.245437972565154
-0.337395304362858
-4.247929190820797
0.813379195945419
-1.273931341432869
-1.126067700958095
2.916367779296477
1.836361653429818
-3.516968195799947
2.126584413291208
0.016468390662390
3.021574307052244
-0.955052328483664
1.914469553734433
-0.223059511324009
0.548165764992245
1.199225308660518
-4.606137557107006
-0.621300331815981
0.134125245710587
7.250124317140695
-3.675370850865869
1.854668602269081
3.115925573357184
-1.075073993952467
1.329193435493607
2.096611115778678
1.147889304480412
-0.353410851860280
-4.779748856743705
0.301003359314374
0.823981865261140
-0.895285770634326
-4.098882165927722
-4.704158576917365
-1.372805494195307
-0.613410595116661
1.899664802577482
2.294045225917742
-0.301170491315410
1.100942893069800
2.009220283946344
-0.089737590178179
-2.066166852099038
-2.227273600013641
0.947778125929219
0.487444181358707
2.063188957485865
0.798040629789462
-2.764583638004861
-0.679722348896294
-2.429586852678918
-0.422392642526739
0.428664579100121
2.365940263839811
-2.331401804175658
1.955283882689844
1.626002698236806
1.366672267667198
-0.234422522548539
-1.216490430856967
-0.435736391383490
1.504813458502352
-0.041723311396602
2.193086404426120
-1.391576132319209
2.309765933604236
0.794859629843846
1.748929353679844
-1.861551575405606
-4.297579567557555
-2.689379915637061
1.163355432891403
-2.581144976603447
0.373024267304178
-1.581532824329935
-1.933469966386581
3.126968175880366
3.195659788229734
1.515535015213909
4.891561826468770
0.891016054779366
1.632041176359694
-0.047326424775513
-2.388583734478871
0.782278533461729
1.938723909664295
1.056831577632236
-3.027806682702133
0.255807180313393
0.172586512785774
-2.592255308817512
-4.320826754354830
-2.828649819864957
-0.124882295585627
3.250585475895474
0.678892545583645
-4.202604398294846
0.445484828639886
0.503326750675503
-6.244966553845789
0.599101047828281
2.777435399945186
-0.670184970320284
-3.161788669834616
-2.190892349842103
-3.085440130482393
3.695214414816101
-0.000432910332182
-0.644330318082115
0.586568436531940
-1.110539944215474
1.807141514504381
1.242042248752770
2.247230935675971
0.081465776955265
0.342506202502729
2.475607684039717
-1.561656051417529
0.130367000361363
-1.537681886105460
-3.116113659348039
-0.336929547750940
0.361874681340725
-0.326658001373667
4.262433681359017
0.283731632395668
-3.478474312031101
2.438465311416301
1.110666087716904
-0.437562222838858
1.974143790014036
-1.967911032810404
-3.080739563070779
1.838953659123238
1.240174249101000
-1.390030152983673
0.788160383792357
-0.773209244235705
4.021960991615176
-1.875567055510863
0.762419891833437
-0.609603989816412
0.092641692101076
-3.785916854414841
-2.359336247054119
-3.211099434799759
-0.811756344969844
-0.720576512339245
1.607113889977613
-0.255333924265796
1.769105463272629
1.053136142575501
1.871210302549305
4.245967515979712
3.437504086731404
1.991867757683929
-1.958975945910086
0.334175772961771
-0.395419642050062
0.256475435735646
-3.724080107430632
0.365352844520031
-1.155796366142214
2.607331777293393
4.319905958792642
0.173345416571369
1.204737446574731
2.278393837858546
-0.250257345925375
2.435786867550541
-1.787776909587891
0.809598041572041
-3.249383475512873
1.045569265314734
-2.098250009988541
3.264809896308312
4.260172646364492
0.909814393091657
-2.039170303577180
-0.321051506937676
0.468977633660349
-1.396028656505016
-0.450926257085637
-1.755539981676515
-1.591594413838619
1.075055720257883
-1.763825911997777
-1.296150092330274
-0.503291486073472
2.224859723502273
-0.396918358860383
-0.198024416397579
-1.203772192429147
-3.284553544293479
-0.133739390764456
-0.837816501270083
-1.036672466002064
-3.455997349821735
2.812353160291413
-0.930262178639451
-1.429861110602710
-0.648609206843535
1.030057198969901
1.894884322653241
2.153444716201960
-0.833855211021469
-1.928338165073227
2.069830439327882
1.656698559295334
-0.685253524791436
3.313396658643409
2.262147807140146
1.845980227079211
-0.168426910684315
-3.537615617449638
0.629315590865360
2.599751179575962
1.522626972624557
-1.012042424220308
-0.883676209046600
1.645368224342260
1.279302812566233
1.027876862648177
0.411262537922077
-2.875664898148135
-2.615856497772031
-0.233486387743809
1.009076604091807
-1.406485673755598
-2.016677888833551
-0.688185831953631
1.228456233773438
3.030746767133166
-0.022453044464121
0.378665969522955
0.647374106749229
-0.144938715639133
2.206667011772889
-1.701278354359024
-1.119556120447070
-2.720177095786887
1.758073616486764
1.001359707953518
1.256523581698640
-0.469845665793806
1.612517564295425
0.231009468564662
0.076734707123454
-1.199035636323658
-1.714788801089174
1.937868330501356
-0.265889519468987
2.134721287727747
0.565789877288015
0.820076170854787
1.308954948103913
0.489345747366652
0.660416587861187
-0.614004884127670
4.061167904589735
1.547571029179428
0.165491458474381
-2.245765870355961
-0.209311162207506
1.948994377780185
-1.227464924230699
0.281761353011361
1.928747910314555
-2.670807448746432
-0.573352967366579
-0.909991563727088
0.515835021479345
-0.414930321480227
0.938111587128142
0.604345575248139
3.929754945990400
1.999664139289180
-0.240833439310755
-2.307991704551123
-2.993598252473430
1.274687085886380
0.592483835953562
-1.196296930404233
1.578087862822456
2.872682936868905
-0.211483820201083
2.823915753041876
1.725496475105944
0.459669392885841
1.045927979853445
-1.703265482049493
2.094743667908544
2.378738669185063
-0.558920669376476
1.054582050034124
3.211903814663676
-3.083652764285997
-0.609479060047545
6.514609276075464
0.303764415459001
-2.504887705682822
0.692341789548895
-1.101651004497003
-0.205644136841213
2.452866444286660
-0.720246986747065
-2.118061381134130
2.839146008318390
-0.803914649751413
-0.661722185929245
3.597159162727960
2.060693020424946
-3.296497263552664
-0.741369088081510
1.153857562667817
0.077495588244059
0.707004428709929
1.961926290855754
-3.701827572846742
-1.044351567865627
-1.537304398530478
-0.301971434714533
2.587986400504676
-0.173841069219343
-1.888024578210151
1.694947803936721
-2.939649123224334
1.398758039899660
-1.618354068294374
4.030077898006914
-4.064217117468760
3.269845193889424
1.237536674763119
-2.713581932786457
-0.158438410374884
0.468345828301436
-3.692482790713175
-0.767667310489342
1.603432756347797
-0.339633233246232
-1.829398578195092
1.615522660940610
1.069400337744693
-0.247906113254801
0.559298547762469
-3.725274270159086
0.246047728918610
1.197085237832487
2.319233592317784
2.815617387226713
-4.530334761828965
2.427588219780629
-4.855787015803744
1.018107580009942
-0.277737395519040
1.912311664165987
1.234836045242602
-0.835342040374730
-0.480853430680376
-0.325160901546261
1.938110386099578
1.526088968853244
0.179197080194938
-2.201840141372208
-1.992450230978546
-1.275286920306544
-1.349822011247923
0.521759418282349
-3.011691111599551
1.503753897915039
-0.770084320382994
1.389869141359971
-1.400409875026633
0.854824484271571
-1.563607217045228
-2.347470713531287
-1.235946798775133
-0.967090224340496
1.034820899518092
-0.312412126300322
-0.812954515072087
-3.808196075679515
2.502020078408503
-0.724972101757003
2.129371980603365
0.271367023750616
-2.022272507054826
0.780457552722567
-1.065347411847313
2.928692157683816
0.872457379667233
0.816792643878109
-1.331984930406996
-0.282706072467027
2.448619643051255
-0.432870539011746
-4.308337032209306
1.931998737667875
-3.876966451063870
2.921879035263794
-2.503931388405299
-2.353611462199955
2.904427388749212
-3.814489279057682
-2.156114410218506
1.258853790608690
3.957069516310627
-0.851624582276360
1.194131563354956
-1.290642987477882
1.058944423223835
-1.800607287411674
1.286961502462703
2.286603921502264
2.458567213050431
-0.312331753787160
-0.190814339562571
0.030224147681400
-1.677428846275033
0.937040436714477
-1.061263022235502
0.165885456253588
0.584922913282225
-1.364510330717623
-1.211552673855987
-0.536169677144470
-2.261243835013798
-1.927302659475620
-0.569660175924702
0.730432817907654
0.931942725749698
3.129920952830476
1.007326907270803
-1.672437750320344
2.572184682684190
0.986756574960155
-2.787345336171295
0.493021375591275
-2.185145919454799
2.436391390135813
-0.839122490317211
0.828769219315756
-0.024293257055055
-0.019011651898637
-1.419072090749553
-1.275758444344456
0.390939608350124
-2.254608997986406
-1.102154146459236
-0.981247951270838
-5.461459854393015
-0.478025933983839
0.857850776353949
0.996713717922934
-0.154710924136456
-0.713551069086572
-1.321259135344908
-1.429181069639280
1.038847690671818
-1.378268382409199
-0.416605421923472
-2.790546172718436
2.347928796374813
-1.378576416147384
0.258124383630730
-2.692683049562127
0.052422628343897
-0.383876184922243
1.044997446743257
-1.026671929954455
1.354392123485358
-1.820927826978327
3.249500980541008
-1.033870399350894
0.108641683865100
4.646339701004558
3.906296192139501
0.678766445354138
1.316922725925074
-0.122777577327995
2.234274759498667
1.317432837667904
2.660456766077508
-0.934975541613749
2.286420485492652
-0.023903918487416
-0.551519363840161
4.829838824372011
1.690850562471922
-0.124409783965343
0.336504177519640
0.390075934975558
1.170589764531653
2.691582848516203
1.795982032369410
-1.674586193911289
3.943299539936143
1.364507571508558
0.638749793513363
-0.841422511127508
1.559696754966371
0.133926361389874
-0.919058042315463
-3.414303213126149
-4.228819717188125
3.828795301588853
0.038980157014212
3.830212788296908
-1.966975387021838
-1.355290325088195
-4.245841833623339
1.680541004640476
0.174540272513699
-0.379149902394112
-2.863589388662758
0.261585000973059
-2.276100325504805
-0.720190182431425
-1.692169179464696
0.892499488690353
1.515557537714999
-3.429982741920016
2.011930760855670
1.363778489505364
3.836290637247988
-1.993193650020686
-1.424307806199242
1.792305035025774
3.546013853636340
-0.192452571485069
-0.073782418639119
-0.108884753636433
0.237281177260687
-0.130013002715645
-0.355726585546235
-0.727496713334764
-1.318012996502504
1.704362455197046
0.357832372496654
1.416890776369762
2.704176986099672
2.590264566029081
1.732119235840591
0.311603026054273
-0.191462115064852
-1.674357593919800
0.206469260858970
0.017903364841805
-3.165980585073257
2.785888163906050
-0.417060864161919
-0.745263459747948
-0.122374298396659
3.044131463010823
-3.062825428623133
-3.308937737209361
0.245716241569299
-2.331165493333403
1.308728383846506
4.409936044978145
-3.953074664123986
-0.981536518167981
-0.702715324800562
3.653365475182601
2.221305207167881
-0.119927019933420
1.479332976752904
-2.431543328719686
1.198338691096963
0.735160480621351
1.035374487202939
0.870989147603874
-0.154227918544798
0.320815238819819
-0.292127671645595
1.685870532426551
1.553726141040575
1.096298191017450
-1.494678439052491
3.969618648190743
-0.475875567176142
2.826939539405707
0.720916276748644
2.581710870499828
0.623857623994926
1.924899311083222
-0.087241520800512
-1.442328211648205
-1.431242277482699
3.468011807443967
-1.869694323415674
-0.408926295259410
-0.256962418062818
0.967927538670360
-0.102422664798402
1.334455677422295
-2.524055321555469
-2.780222692540132
1.189482525161542
4.190078247149601
-1.460079414875542
-3.322390254508159
2.241821374253961
-0.304501428757715
-2.852264544906669
3.350897423544450
2.682101222811277
1.533437324287752
-4.547908426344939
2.571068009536396
1.292011442408854
-0.049175917449897
-0.056003473260917
3.199100251420123
0.374532945559679
-1.964196191228052
2.045423091925215
0.520178501728591
0.686610095208919
-0.353303621921918
1.942130581826935
5.347245881286750
0.765943432704594
-1.853945746135058
1.504194236828821
1.503153184070841
1.339431445770378
-0.951241403102291
-0.414982513002944
0.618103836212749
0.213907978187733
-0.159019270391295
-2.263818363734421
-0.987894692619140
2.948146414195822
2.442101995321988
0.453840486545402
-0.814685220332904
-2.186067363448785
-1.572446485869243
0.384740848826051
-0.744551108175841
0.531249482055202
2.913072686986648
1.897119762766786
-2.416720504785008
-0.657280688547361
3.595284177441743
3.659152035769443
-1.018025472514098
1.488113012818460
3.698590821194033
1.661782729984715
0.028676484224085
2.194395485610203
-1.104882629945125
-1.916780493760154
-0.191518834289699
0.542069750193312
4.272334069482865
0.707404579291542
-0.466031221453603
-2.074588114296646
0.218361776851423
1.051611933641675
-2.759543765015580
-0.454910714814783
1.598683444640570
-1.693409290190319
1.191311262078200
-5.753993097770630
-0.545353048249856
1.442570913546920
1.603566850657657
-3.191684221993106
3.595617852623933
-0.320239039884329
2.822375027386249
0.682491743374430
2.370004148811283
0.323550496280987
-0.446887089007664
-0.078308691404695
-1.832502898189531
2.781269851040071
-1.986878025402295
2.130856210913704
-3.127591621539683
-1.805722701994924
1.356843647162820
-1.539792540990056
2.468305241110816
-1.646874851523553
-0.060804128731434
1.385802732204450
0.977755677373021
0.700058287338312
0.439286794222964
0.337029504141286
3.483471616669036
-2.577155636736223
-1.543540460289723
-3.358802895597602
-0.058396782107676
0.623119885270814
2.254893064276103
-0.060764956354451
2.616305571152559
0.166870391962888
-2.190641337211930
0.503160698178953
1.378311182102536
-1.056669259834071
2.380847072011393
1.457025975693979
0.372078859694318
1.049609798251942
-0.406319264199771
-1.119643269036985
-0.682623300310926
-1.513591600957227
0.458724503254140
-4.029194946762300
0.934995084802228
0.308614456715430
-1.459365603321105
1.708817683959263
0.811006780433206
3.250290384541299
-0.789068249977056
0.023390270237630
2.939008558457219
2.862878689314377
2.974305883874520
1.981028963471422
0.538551544181460
-0.011561533069263
-1.619689370306831
2.035666916211210
2.042000614549421
0.300934313540551
-0.541651960483595
1.530682295853433
-1.194162663917118
0.139758199494178
-1.870779236168552
-0.785739199489101
2.371304520723521
2.019271118581031
-0.960563878966810
-1.633337710467564
-0.583104504515503
0.006584907684816
-0.631133252280602
0.549224542326598
-0.761401123993376
0.451584932014569
-0.479690146787153
1.448713453728733
1.074328655749067
-1.731875953424382
-0.231300522138255
-0.021033583880088
1.402690848382473
-4.865890003514143
2.597475683520699
1.900397512251897
-2.308786897436847
-2.450716951001032
1.801513593836374
2.464200387606259
1.016569140486525
0.825428631122221
0.018681016818737
1.524275574066073
1.221851847900771
3.646281566673900
-2.575119366290680
-2.398154907338093
-0.097901054829530
-0.110505765801896
-2.273250551991126
-2.210403363777870
3.903709198310806
-0.770924315728934
4.517327407615780
1.180956088747391
-1.036682780690768
0.292325405872379
0.921776173208712
1.382495373009242
3.190582300661797
2.080864229080055
-0.382674260367641
-1.650855206739561
1.728319715457979
-0.143307178062339
-2.689522831485327
-0.248508734127311
3.069549214835264
1.635454904354113
-4.263886918686489
0.162621689381156
-1.624119577786266
0.352006737566551
0.231626768969771
-3.407505724735147
-0.598430947343594
0.187574896790793
3.848205240000009
1.438441105916906
0.210417229094855
2.006870535301830
1.527942167402336
-4.052285120673087
1.233829976259385
0.469048790455556
-0.192083291974282
2.356621806472828
-0.523008725118104
-2.098056111043625
-0.315695051857615
-1.444516929468060
-0.060251948853695
-1.838458043452127
1.854902865043441
2.020799190556183
-0.051228194643270
2.085466807521252
-1.502975796777583
-0.239745949540498
-0.079705761484074
-2.325343031668679
0.422413624447880
-0.499050021082073
2.305116693193270
-1.304116429936201
-5.068817642113800
0.044664630632269
-0.507485822225661
0.498003788963665
1.685646456151501
2.464064207052402
3.605974031888603
-1.131352951777144
-0.517748835849050
0.324736303877036
1.654236707023910
0.680972238732323
-0.719852957793865
-4.158231163124238
-0.935712961294549
0.123728677525771
-1.205150836161154
-1.523009290754307
1.942168339744314
1.777960671752745
4.496416396064120
-0.654769632910467
-1.448927708683273
-0.371950747503975
1.336745729817955
0.011872880068007
0.128117011885212
-3.814600749512600
6.003916505267320
-0.332115844395360
-3.373599586795939
-2.106542196504821
-0.505621478320096
0.313614170921064
1.630798310712490
3.559552869647095
1.144484096424313
0.329218072145006
3.073788628324087
-0.552736707885036
0.162711845275123
-0.510327568799577
3.209733789460854
-1.721758290292093
-0.034716931847538
0.675977536448441
2.655317407320715
1.626438687579283
-1.115804992564908
0.937271186351005
-0.952047961658284
4.202421437740781
1.021737257635216
-0.430908841393193
-0.146558937826382
0.145746487971381
0.845990297288468
0.674886993613901
0.156063555512203
5.613117188513449
0.730181251422229
-0.573509194899289
0.408648803533565
-0.434964069922794
-0.639799173050731
-2.303599322812944
0.399925022540549
-2.164672351404948
3.555190036367510
0.185776561128611
-3.044406926517276
5.493767281890436
2.758470105501705
3.020770388815086
-0.370744762812345
-0.204841298812814
-0.543005914683479
1.439221717725292
-1.964125166399211
-2.816130588363236
3.508620921276421
0.323991411190147
-2.291525534251634
1.734587453508440
1.934245546985281
3.488322075363497
1.353003974701960
0.241087991650913
2.297806012406676
-1.395539125001420
-2.432131144708060
-1.102795818084367
2.275214299518922
0.701367218778465
-1.870165959642779
3.166759346059877
-1.991781216389053
-0.444915527512366
6.246791968279987
-0.462754977765500
1.425216946171477
-0.639577877947655
1.132400113130677
-1.892183354700790
0.156099124975844
0.202793851290675
1.691820258248298
-4.679002329912928
-1.897629797963416
-2.109584698027781
-1.432949041142927
0.779071573594894
-1.456921878376076
3.133976853447956
0.521767035266509
0.018309052157581
3.263387085889490
2.339923190002578
0.182501991500541
-0.749302239551351
0.906590725816805
-1.619953441328078
3.013884519352887
-2.956292823237775
0.007057967729967
1.755643313785163
-0.142752986430111
4.057869478072140
-0.373106290262856
-1.338525392102279
-0.628078530664709
2.419991383535826
2.037054167349285
3.272896994901459
-1.011858767296246
2.740131352394166
-2.560472755831137
-5.346798349632833
-0.473497402139057
-1.531440351793087
1.293789570984960
-0.621146038084549
-0.393231338071609
0.270539944548906
-1.933801899179332
-2.562227616307651
0.028852021266132
3.260239165611837
2.811109493048888
1.105071511097082
-0.060423899426980
0.302663417482020
-0.957265116997255
-1.923568059669255
-1.576757822635281
-3.422509870808530
-1.819182084570187
-0.431111506598977
-2.555547796359963
-1.300022188470194
-2.457297914529356
-2.088687970132027
-0.908616286526426
-2.730306693991462
0.058170367013916
0.093635204711981
-1.489855640248178
-0.966347618860230
-2.076971128147733
-0.835408505381053
0.510578423428081
-0.005888588032592
-0.753576657438940
1.635610119680812
-4.237435066509767
1.131410647905263
1.891767621680733
0.960942078965167
-0.659996919250392
3.373562576002052
-0.307611494367484
-0.967381695689373
2.209603437258598
2.445368954391157
0.586723079098790
-0.116363161482497
0.057652961399625
2.431942325445545
1.834696261589388
-1.341991078188367
-2.054697069763389
4.819574587418713
-0.287977446947803
0.230142842417881
0.007670483276508
3.781097296846798
-2.513605962910086
-3.217886000366316
-1.397923212682720
-1.367246194310096
-2.411445717897754
-0.654097184993960
1.948878077437344
-0.215817182065521
0.201687403874482
-0.612956920827627
-3.825949113742916
-1.825687441456237
0.109573046544710
-2.507862100746418
-0.831797729825027
-2.590669274025778
-0.577568652122590
0.104373982795798
0.548649614142310
-2.806857797903200
-1.696586240505183
0.675181605460547
-0.774004096615488
2.875621160851095
1.632763497866353
1.487432219154353
-0.416975626181295
-2.779135897925085
0.487523550464294
2.573500754244411
-3.123132306746206
-3.712210720140731
-2.466099429116816
-1.233662421450938
0.307918238791554
2.218983625062847
2.006979219225593
-1.042238371391787
-0.182530787206282
-1.153165533361680
0.524128849475874
1.594000900174340
-0.972694328537154
-5.272156521784550
0.082790349304309
-2.081846525256057
-2.808737623912436
0.124816586035112
0.759790708171353
-2.338335230225340
-2.059113054936095
-3.386300408853056
1.235436065631557
-0.227416692528597
6.388402238743660
0.217021041004780
-2.482977893953598
-0.837317445561223
-0.954274859130064
0.765736150890903
-0.263706230534159
-2.005856214745517
0.076418424642090
-3.411513326883131
4.075747209946673
1.808054527094312
-2.643516697257801
0.723597979977068
1.298289475784538
-2.066052773857884
0.451238318254231
-1.966388432187587
4.798470526628912
1.362780555710259
0.400418846746568
-2.161122856830007
-2.639753296077409
-3.102962480535903
1.136243408840536
-0.945182743678784
-2.516968303321040
2.520226812002802
1.307278001244569
-1.268424325780397
-2.098090764704879
-3.070347566944299
3.409443597136618
-3.973338805868754
0.404610051830153
-0.630910653117442
-0.355761022804043
-0.781596544861277
0.821183804031458
-0.750050393090841
0.756828763281828
-1.660122462491404
-2.603391563537817
3.194368238657807
0.410224820462831
-2.451166787752845
1.606953473930405
2.468398851620789
2.129215736775669
-0.255210451781042
2.436265006762195
3.373575496371006
-0.452988728149306
-2.042261595280161
-1.278275343074357
2.534060132000778
-3.931157482519459
-0.485307586835270
0.272279979265167
2.709468752401139
-2.129211135862927
1.314987996444728
1.396342424337593
-0.367213740409543
-0.134847126973411
-0.490623149249185
0.995757402225343
-0.494858809206544
0.807516799369665
-1.218516007563258
-2.856303017576725
1.613435572835634
-0.476123688989669
-0.299495140167233
-0.312095456498132
-1.835824475342633
0.453993768026804
-1.747474791655961
3.335083822692783
2.449473891993096
-0.386532611885756
-2.306640278011823
-1.368155781255749
-1.672954894142751
-0.568347335866992
0.332985347405109
-1.274662399083713
1.482961158261615
1.029267906353923
2.564627320874167
-0.603583965665043
-1.549115979871470
0.095547654058938
0.877719119587093
-4.731365153108793
-0.072345840941324
-5.001434137689968
3.327663065587124
1.861628550547515
-2.501893941543468
-3.322095996801241
-0.067945019580522
-1.214735206130908
1.327823545122000
0.299636944073791
1.331066106466538
0.817335538591497
0.413645250350369
-0.441176272619334
0.937192162916512
0.570775898209886
3.146743683724515
-1.185355460088742
-2.028346261141429
-2.030892962448936
-3.021294905157735
-0.507512939189507
0.177481194513681
2.294618246901063
0.824419558160209
-1.071212276863576
-2.810242452009404
-2.000905840181087
0.453391777062665
-1.264108284134674
-0.948743558195739
-0.582187375510290
-0.214553206201405
0.560740844669075
-4.166130083896186
0.214935238833953
-3.562860035826386
-3.017069640393919
0.070592433822330
3.622308440451852
1.772846790593568
1.631292879484537
1.356630885739548
0.602351595509042
-0.104207289898094
0.725132704033630
0.715300100523786
-0.410028010789178
4.936199522329356
2.940264773969127
-1.399007768829134
3.700886319746823
1.695725697027263
-0.297733917003049
3.565829266442546
0.971245771593988
-1.178175423900695
-0.322656796183613
1.433773488405626
0.511969078573821
-0.102522001559274
2.289795770897935
-4.382291568898332
0.785796436272141
-0.744023612373061
0.790994815808294
0.934994464526580
-2.061418822885823
-0.074580941321200
-0.403207958097703
3.102150583938952
0.719837272120089
6.659317514545386
-1.969355794446154
2.147013373623924
-0.941759876784515
-1.399844422267701
-1.172350937749832
-0.361886500177450
0.639510292676929
-1.691152693927053
5.243772657946794
-3.293992387341841
0.106036833587659
1.645809310629719
-4.239914071917276
1.420797117486190
-1.430387432949931
0.250519837650546
-1.060387206987009
0.554130665802034
-1.608132267820238
0.660212357184661
-6.348371037852737
-1.734747384483509
-0.607515448447950
1.413836167178619
2.485077092464099
-4.076907846397612
-0.575147293577620
-0.496792798849971
1.917256285467666
0.273643539307664
0.436711168734671
-0.975757814466342
0.720423392493866
0.486415589130878
-2.214538383548750
-0.440794860536700
0.405915391129943
3.587306095170588
2.093350626897954
-2.191397223010196
-5.071688638464550
0.227118758354822
-2.552418550258243
-1.003603423527430
-3.224245335784595
0.687371750385186
2.363179225737416
-0.437778070513979
2.914637812628011
0.409644339495588
2.426360816235335
-0.380459080451750
0.675918308387399
1.775724408946645
-1.253661955246559
1.305008716118423
3.388036306846146
-1.057227959596053
2.727578191618751
-1.497177463204868
0.898630691885247
-0.653672177989587
-1.973262957240810
3.672105034863105
-1.005201238103162
1.138354809060470
1.122210092816461
-3.002028001815996
-0.360213480371448
-1.882685828585811
-1.448403320477208
3.024074877016030
-1.266207866402105
-2.735135814205369
0.340648487913743
1.445643639608241
-1.286107428544771
0.665521442132720
0.476468392191134
-0.589897992729743
-1.386832473053589
-0.492268032222228
-2.224909682388533
2.122732806330092
2.404178001139716
0.696255598845359
0.078261685789719
-2.525365085114640
-0.355026887797520
1.198306798118210
4.897507118882761
-2.837183904711170
0.371523246949090
1.020667333164115
-1.898188929337255
0.122276605788395
-0.437767666980699
0.068243085330794
-0.503177894401908
1.645135566276369
0.449638289678320
-0.814517694899036
1.583880150687049
-2.576689718906990
-1.462798825639299
1.721418659458583
1.293391122346641
0.047233836467423
0.035884993731449
-0.109232532851507
1.079011376118231
-0.345236325159220
1.782916468896384
-3.781889881320893
-2.069704913923669
1.060680131967000
1.974023298784507
0.447724414869325
2.729870001130826
0.179818854289562
1.158906417495005
-1.455457872278600
-1.086468399272210
0.866070854315154
1.954088182327198
-3.518031094434733
3.080681902320149
1.413448577212122
0.905926697336640
0.174929187566974
0.053299753249420
-0.944678402390456
-1.228061252648609
-2.444419537586716
-2.089535046760672
-0.116079116272379
2.364334394162687
1.585040883205421
1.346459380019987
-2.901985383721434
-0.252699717581879
2.181207629941451
1.083338112416001
0.808101374479656
-1.253941047929927
-1.627161067538462
0.916617487131776
3.202139300914391
2.541644656703777
0.695452167419000
-1.942042442241625
0.573523933147743
-3.221998706327084
-1.005773107498629
0.822949088770708
-1.498682950626883
0.469523167823989
1.871674022927338
3.731217282018489
-2.219440937958042
1.714410459651823
-1.723119980726647
2.486922390761650
1.426622039535220
4.474146312289485
-0.185008590549331
-3.141086177230980
1.013522043387093
-1.823976359542276
0.515193653684669
-1.580830364954261
1.939208044633377
-0.424926786678888
-0.514173548643600
-1.409949508864057
0.606507029475653
-0.768586825139700
2.033661836427573
1.077933521504272
-0.891775808585156
-1.524306454267087
-1.749423353554540
-0.683903055339457
-1.573189743397707
0.300589893141577
-2.327820932193624
-2.239908238637724
-2.054748251242210
-2.933429931354058
1.756556993220609
-0.596221417148694
0.922705502639455
-0.037435085753082
0.951997124989951
1.194410269835753
1.373144805517144
-2.240159408531590
2.254887314025964
1.352735310814623
-0.599801059839720
2.127574331838401
-0.765097546622272
0.251242580128121
-1.297561338486304
0.036688370300671
-2.334398161058094
-3.677330111213631
2.896154235579590
-1.943971636654150
-2.430527703900900
0.573028021630752
-3.249537591175983
0.873180019025503
-1.280346775336895
-0.130777728977051
-1.536074106984721
-1.255385917487527
-4.268921261932263
0.342713125631392
-0.990407612015484
0.405938114938641
-0.848044759157815
3.109709232791213
1.342282440379734
1.769244177367050
-1.877877532384679
1.162479294303814
-0.607603116216763
1.322340772975731
4.100185444521375
0.826397205968793
-2.935030164183442
-0.675205077027462
-2.270106576791417
-0.312225883064592
-1.136538561369343
0.162124219467307
-0.371584329352214
-0.313088762295969
0.185626049497334
-3.190795231039750
-2.215674173836529
0.979398923388864
-0.770837473938381
0.555887995719587
1.678944687158338
-0.025156595330904
-2.620793560617420
0.747811840294832
-2.337683173976357
3.236187135924601
-1.244255495481658
4.566526640944829
-0.851477147299077
-0.128346654804139
-0.118774184592710
2.464487743979261
-2.425036213737151
1.134164142897989
0.114961041675274
-2.415637683180465
2.359029929631069
-1.192917794630529
3.106205010082150
-1.163309791344408
1.857864292245169
1.224362054022887
3.304876942827006
-0.117268238110766
3.826694352693768
-3.988304372575055
-2.438473077136419
-0.171514515600552
-0.806429937138511
-4.872121585442041
0.379718136225197
-1.344968673966165
0.032985314701223
-1.007158273496433
4.143578743610814
-3.824538002279819
-0.493696869856214
3.554006153767022
-1.122583082419445
-0.633841199899453
2.910761489811026
2.875946573687112
1.479401809101801
-1.475920932379616
-3.892105408045424
-4.214131693035164
1.432493859288589
0.619672597636504
-1.135502549093253
-1.667712229926787
0.138861896088304
-3.173042974891411
-1.574034756732800
-1.821522537646013
-1.223588215108392
1.390812770699330
-1.461260731444221
-0.568446533017668
0.631547028042858
0.525384291679422
-1.735001645080898
2.724030191530482
-0.258975461235118
-0.910896836651928
-1.605142934478238
-0.501621794826749
-1.141853358247136
-0.930871654594213
-1.807598897925711
1.913374780406582
2.571430401961194
0.979671647939146
0.618034029297665
2.804484854356509
-1.562949254069629
1.226322693609642
0.318594134423895
-2.080629351776874
1.498467808289693
-1.546079381322997
-0.498436970186530
0.909901169279369
-2.724597732937120
1.150865984919087
1.014753683055901
-0.900665340235156
1.411267514769597
-1.979405585165709
-1.844657446881309
-0.545772296619626
-0.337143067665495
-0.192958106454442
-0.244115703662675
1.418047014808716
-0.048698575923738
1.668672988119333
-1.839269089565483
-0.240565756710339
0.599141891879802
-1.373683636202622
0.133601736666402
-3.045980452503644
-0.544137525560501
0.863538909536632
1.392949778485872
0.073707946738985
0.255771469764660
1.147600198884034
4.217970146694089
0.944220996099770
-0.542026793379370
0.367244139939919
-0.635655956537125
0.618331935733624
-7.349057211085969
3.757819088398004
2.857252334056767
1.785329336143008
2.948137308947451
-1.144134418335087
-1.562546655335390
-0.551272568718668
0.702179228215993
-0.640777040927803
-1.476349783440195
-0.127149085756674
3.240747013663019
0.294063674924591
0.506872262237195
-2.695877726773517
-2.191961061873937
-1.143644176863285
-2.495526029740589
3.636702490781492
2.845363983782125
1.038679903744973
-2.443694655602103
3.843098964516474
2.198925193423225
-0.214365649711637
0.493488176962372
0.285242256077545
-1.635288705098134
2.254882150177942
-1.872006787361118
3.107538580007230
-1.421997952874668
-2.278908420548542
-0.814240695249723
-0.755023031133571
2.389031370532962
-1.896457645735289
1.250518246613543
0.340319646605074
2.222910209961472
4.051469447320271
-0.474481220076522
2.244639119994940
0.171891543728259
-0.544586825375324
-1.575455009951718
-2.149446433367725
-1.826219330679619
0.833286355309849
0.422924594485458
2.523223264842663
-0.996452142068272
-0.250258584771604
0.938338818729085
2.029292545454493
2.638491834271751
0.986931790572662
-0.025860894116195
0.877033212015517
-0.003772524895014
1.804202899230433
5.163663714008156
3.216723560036705
-0.096755087202593
1.673960138599105
2.423591376022305
-1.887454532575668
-5.336792305737488
1.313844187482385
2.770976161318651
-0.851949957454959
1.828766889218904
-0.276630996739314
-0.309137973690083
1.425419710320671
-4.296943962121235
0.054866522995599
4.304071696204830
-2.221978815869741
2.914416604320637
1.602424675280213
-0.185398142744625
2.551238544778771
1.031797782872451
-0.435693022403159
-1.665302273825874
1.682940146335649
1.666370920157914
-0.840429721747743
1.643697063458690
-0.415297942005569
-2.716889230311340
0.861524443226286
1.929995030679873
-1.081218447484806
1.703330216174906
0.026611415847607
0.199514279065887
-2.210080839652808
-1.070224438002566
0.787791066079232
1.549803782778435
3.377269796866075
0.448180225029284
2.141298726313559
0.027395670407312
-0.461269285871252
0.402455933946427
-0.433002980301501
-3.461367352179993
-1.321975637452551
-4.927847633685927
-0.042111212388952
-0.498237581583197
-1.965640859093320
-2.170267159786117
-0.905292962053666
1.048574102927756
0.309636102383393
1.725636022888605
0.136425606555391
3.224853175215090
-1.047971776091266
-1.333257444767534
0.615074554764496
-2.452296662233589
4.492624594940792
2.269000614793355
0.426904033326366
-0.475819909566105
-2.032099054470133
-2.404642133273938
1.497828686488255
4.539734158145420
1.130120291557462
-2.024720888136401
-2.405357114764847
-0.283355486653511
-1.353391330182725
-3.389510122590170
-0.858522914763040
-1.510675720300140
-1.418322234139922
2.156648942052874
1.412175020874372
-1.418302217038466
0.486707393515449
-4.001543024663845
-0.124473495789851
3.613818252576892
-2.663056960907815
-2.201033108119231
3.007640605712484
-1.002019400463107
1.101988444346020
-0.352181431248121
-0.298314462911833
-2.273254164519121
-0.783109646563066
2.656265411821114
1.475186747716980
2.378869472781854
1.021979254649464
0.512665928030023
-1.425479189406357
-1.231096570479552
-0.285409273063264
-0.274069363695577
1.424049563462065
-0.383779623767114
-2.106952131586962
1.752321261665964
-2.597505670204467
-2.411288206358846
3.449595651201494
2.020821533540234
0.596451530343182
0.382821315245970
0.080636729550665
-3.893821648509918
-1.034410178698617
0.128164562202301
1.932532550840866
-2.097791512151567
-0.222733878131796
-0.259005024511314
0.474451643226734
-1.651160615598004
-1.906076078400602
0.188479600294556
2.387254690292333
2.414882417235028
1.579002403877556
1.761500675321445
0.468390589437319
3.367628325287684
-0.525248208615442
4.299646261945757
-0.136248671713435
-4.064663356021433
-0.920813615534847
0.958211688234999
4.623860091588848
3.206233159194773
0.081193654681400
2.679299230732781
1.206847712642255
-1.836728241302535
-1.607589537551440
-1.246157595949506
-2.237048469385027
0.910615946493887
1.162487151561588
1.608437063609610
2.397145210713401
3.383740915729508
1.672018254924767
2.107770680367686
0.935673657885062
1.555832997971368
-1.623343062060133
0.911754799795141
2.291000285113972
3.286066148089200
1.069319873887475
0.905571010143063
1.340756478649634
3.678297901101737
1.524134872934396
1.749222842471993
2.762847241692450
3.073308187481001
-1.696090691062726
-2.144936903934884
-4.115768361806396
1.433410190261574
-0.975524664771566
-0.622636292547435
1.080541503268357
-0.121403402247594
-0.445944036959558
-1.345697998433866
-1.443300029106571
1.326705582314798
-2.635848426405687
0.091604587958778
-2.656242163528573
3.469269127535608
1.242826208127355
-3.719159806691725
1.295240441127900
4.150906280429646
-0.096017716351597
-0.882134576464868
-1.052116996278086
-0.118564898518146
-1.746000813537158
-2.166939836898322
0.596116113846643
-2.514767399636826
-2.187893923814445
1.296416220084883
-1.300934870444958
-0.204615075706422
0.219468505891838
0.641335652451460
-0.777578612300427
-2.782800627986584
-0.453184003284623
-0.133817517947723
-2.358205801128999
-2.605393410225476
-0.381706234720023
0.297671109660978
-1.962914364596032
0.056811963203216
-1.556304359067706
0.029879332446231
-1.623899744361142
-2.050893485440944
-0.931461681566176
-2.546642069728689
-4.112479272664653
1.780068716730856
-0.670411893733192
0.511692071735734
-0.175819144751192
4.399806046927128
2.347186557414496
-2.283114517903583
-2.176047568698425
-0.870061796930041
0.425348777662095
-2.353097274584401
2.234078328588661
-3.734036666693834
1.021527684920114
-1.423215137843338
2.054522488656590
-2.683021216351851
3.697946304001225
0.060286959443528
1.404511601936830
0.703328979049022
-1.913162039648750
-0.317354461903595
-1.706418600456212
0.232953684791006
3.417406694428130
-0.024973217253756
-1.284698440585728
0.569525775277094
0.043229448574737
-0.993697787307823
0.603858300536504
-1.151317748640890
2.960841337198704
0.800815132519231
-3.002759163136115
0.459244288113592
3.011145355408857
1.718508918859836
0.601095376333301
-1.229915984374711
-0.060210881856623
0.312398788278157
3.407360350922533
-2.947616129718976
-0.847926309046811
2.019884166832851
-1.056487771886714
-3.774755166673705
0.333337947630308
-2.002001582128243
-1.529548699607242
1.514858652590865
-0.817465678355276
-3.084847441601066
-1.519118385311672
1.573417249691034
0.998529980000541
1.814909536440515
-0.069884044896115
-1.262015523658143
0.851891746777817
-3.702272045173467
0.739489765872348
-2.358812084094612
-0.539264401837591
-0.727658146792664
2.261250036495067
0.963235618706067
-0.452500436345419
0.268206572443960
2.336113664332315
-1.928346997143764
0.106951702775689
-2.427782808568907
-0.515027274187122
0.471307481318983
2.855812175289683
-0.784755286295125
1.423175983602282
2.222595056952006
-0.149825721521716
-0.279233964555889
1.310152514641101
2.283966223024462
2.096888682674719
-2.280760916991260
3.219453471824337
0.798156907666891
-1.558227487637817
-2.657113655698509
-1.551953007645990
1.950556974441326
1.388967306295550
3.690518231458517
-1.165905176094763
-0.220335767391199
3.479419259553071
-0.689444863000332
0.726549069354935
-0.829707217017315
-1.429195066342332
2.028305053519065
-3.496487342671108
-0.302643227359603
1.970354891553076
0.286392932813942
1.229240080209009
-0.260917661488318
0.622015368884582
3.185558214980846
-1.976582631333160
-0.432244802777723
3.053044314706608
2.260628863176361
0.676767594479433
-3.614656840360820
1.271527141509001
0.227139000242006
-0.895045129114143
2.715376897055129
-1.519322503078668
-2.538846874103954
-3.957479546481431
0.731427499706919
-1.408792855274405
-0.453638978087417
-0.799362862280434
-1.335736767479290
2.275528796719800
-0.277645630416831
-0.638610631642181
1.334099265014374
-0.213939462470420
-0.078838241870604
-3.005820742414519
0.360907994642105
0.895581371466476
2.482459751794898
-0.522757971827253
0.518032432443496
3.742943088363551
-2.987233240087265
-2.714724043717284
1.542006986375919
-0.856109257584988
2.597491045073986
0.867699969753918
4.355068978392253
-1.215432118827984
0.198257292741460
3.598615567861255
-0.636894620822339
-1.136925565425221
-0.910509275276908
0.709603227770774
1.474392058896240
1.577714446328096
-0.942071843874339
2.217269769110791
0.331848709242317
-1.723486356376665
-1.669422799136814
3.426683197499696
-0.945934606635906
-0.614095476255480
0.688032869656464
1.654392528802876
-2.300651634874045
-1.320867066972068
1.987269366363823
2.871916249808998
-0.734713613261443
1.576970809284165
1.532791264780989
-2.870777244954758
0.409146336895844
-1.592961087763909
-1.241016015407473
0.308121049348737
1.857318939692645
1.415344878773450
-4.011357193583357
-1.524576907459184
-0.906337211689079
0.672003342345054
-0.780412043817535
-6.722929118904101
0.269046613359217
1.839651868810358
-2.410746948483683
0.836327606232163
1.747177559131507
2.577420709792852
-0.564513237477899
0.615781657288753
0.211243425793290
-2.725051382319735
1.667580849626967
0.107948180722820
-0.720445440160874
-5.380506019347744
0.859247579210519
0.648277976343429
-4.314163800319009
0.325610775184136
-2.300890312919702
-3.270362138957577
-0.441859727274409
0.684243876509024
3.104684477948619
1.381796263482906
0.077071073552778
-0.785587082541383
1.652198305328303
-0.999824808404526
1.206854210748532
2.261674765953587
-0.768884832029121
-2.221547101580561
1.315061636036585
2.833987456075630
-0.240434062857249
-1.019432435882762
2.524382017680713
-1.964595330506161
0.396831556933769
-1.584537995374746
1.632646240896516
-0.191371337752835
2.419293067331392
-3.632345168114274
-2.270930693966598
3.347855152853645
0.380971409284970
-1.728560002344214
-1.780129846672979
3.241462666527223
-0.763601069392429
0.925764507278153
-0.546203958707965
0.300974134047037
0.137196306577358
2.246005359307655
1.068041473482694
0.162490571342027
1.678799860520647
1.981876344488330
3.410555038424299
-2.995878759061506
1.501658686501594
-4.253289238204744
1.812935617855319
-1.211516161415134
0.000626040638816
0.705386961759968
-0.161986255001460
-5.262716165199708
0.500547813844713
1.389975254157174
1.501326686756068
1.547116940795648
-4.348412925344668
0.453990098417615
3.797984476669316
-2.569587609577889
2.121553120960956
-0.068825082551193
1.325441253767133
0.248153504645864
4.521341733539034
-1.043130618139757
1.564588786791685
-1.796906244157655
-0.164738019140035
-1.646811373584071
1.042859228038833
-0.751581870600166
2.481499496159405
0.880301758099240
0.301656228316356
1.718094958933978
-1.468648634512113
2.462281488771949
-1.158529804300557
-0.947224779414457
-0.059736457146893
4.536437952805860
0.832367058064265
1.038619262939151
-2.247002100791157
-3.367254158212699
-1.631630207034505
-0.580583938806758
0.388387556148183
-0.307161110231721
0.724837986990807
-3.429992327804756
-1.721721347378420
-0.329201789434529
0.236860837632268
-0.098765594125894
1.113349478024168
-1.092989757480995
2.458098108480397
-2.575403677275836
-0.506773979020354
0.953931100552734
-1.938995422369786
-2.196641099586356
-0.218570374193813
1.559776375894769
-0.037348187618679
1.360131913159412
1.256824049528814
-2.227001988909049
-1.884296080575382
-2.517062968180973
-1.633900397829314
1.262818419283131
2.428021631151746
-2.732855470400855
0.094642299452689
0.273567400242972
0.466242201498635
3.296007840418167
-0.284724937121110
0.436232407959596
-3.566566202736530
3.905444063824230
0.503305211214665
-1.857264569174685
-1.674427637410496
-0.495065996467912
-3.631641022011658
0.922548364854540
1.169203491006654
-2.878930532871079
0.439188787449989
1.830261893699201
0.271688316155504
-0.537560574622900
-2.969650135947230
-3.669286416681209
-0.388172712573711
-1.399015719282830
1.148459613848118
-2.266323348450697
2.894984616624057
1.727641903750143
-1.180102707344081
-3.274251586200929
-1.449690300300337
1.471247405431709
-1.423500924962944
-3.930256535950396
0.722284647251080
-3.149422105043848
0.191446726264042
-0.423682091831307
-0.087013665867852
-0.557729989845799
-1.993171492960901
0.117309255774233
-2.541513130279811
2.148156328244357
1.072560171926352
-1.646470250420647
1.424033136901822
1.024020746493575
-1.808699009050453
-1.701890774612415
1.390606664635657
-0.133358082387446
-1.262817873019173
-0.119706489645687
0.442157884941336
-0.270625301436353
1.391726137656446
-0.837582694776964
0.317941087736349
-0.365190937213479
2.626003960924142
0.779570178426839
-0.344680464150158
-0.023495617987453
-0.252332186829373
-2.103123384037537
-0.110807747335034
-0.521758636628653
1.822598452683317
-2.146206756379058
-3.918270090594393
-2.242219402154171
-0.838949382193523
0.584539502384904
-3.919750576251424
-0.907733830484680
-3.184435525740759
0.926021098334384
-1.979063054624603
0.722030373404772
0.108535673669679
-0.522310978457302
1.114712177599131
0.127000058453307
-0.533005266619837
0.400755880532393
-0.638435285539726
1.062655956253684
1.923185092910675
-1.107533505601114
2.485308317639229
-1.748404356695126
1.188842018593314
1.238622433518335
-1.292055894770460
1.953419856848089
2.247769266253955
-0.248661035008193
3.361719150172772
-1.885512567049223
-2.122697694543707
0.993504161946518
-2.141978664277220
-1.288731263214474
2.178547204573488
-1.513049546513787
-1.405013523732617
1.108708155868565
0.684829926850097
0.112645827567386
3.727241889584679
-0.858814852288225
-1.904929050307304
2.859680644596651
-3.118230791955140
-0.524192098220947
-0.559540031822202
3.835868589582007
1.576843193297175
-0.279283522979048
-1.245073123796663
-5.054049790498325
0.385453839495596
-0.933556883106192
-3.099440992942875
-3.659751557383638
0.159807840438834
2.222167955757159
1.284368509278673
-0.986897659101641
-2.333834537365146
-0.970456517214823
1.019179570057985
-1.559175604879907
1.346949569090374
1.173561217798525
3.667636419618808
2.218573616620957
-1.301412339281673
-2.062748393510061
-0.556584748838543
-0.991582764637649
-0.803238683178993
-2.271199872144558
-0.561031494697302
-0.197615350462025
-1.899072147388042
-2.574317390283039
-1.304527844699082
-1.796225672159718
-1.498883754685305
0.700472466539929
2.429708713944826
-1.706165096664728
-1.438983196401091
-0.560391516495735
-0.044687787074677
4.854230588114985
-1.448445260817630
-0.062301257469285
0.478295547542501
0.066060684851440
3.223417828512683
-2.990866657577586
-2.381831300015426
1.514584583632775
4.507829810806952
1.802311524513248
-1.007795625993769
-0.398344184526471
-0.767425105338692
1.017330658306424
-0.557640820699766
0.424771167755174
-3.194670207653376
-2.249833581476816
0.750863707039875
-2.581995298903864
-0.505712731295581
-0.717567282276614
1.522769147380532
0.344263275147262
2.639503632625604
-1.149751954787764
-1.090952259759157
1.578349205182069
0.533272315088240
1.182616479671669
-1.537831026884380
0.456178004976883
-0.836745738058366
-0.369998635788726
2.890992464189446
1.545747351318471
-0.170714803643931
1.068671881219890
-1.102857479534452
0.479075074080724
-2.260406409327532
3.070500594674110
2.479892309336598
-0.940189759012815
-2.975009031575237
-0.674939642639851
-1.852273646566013
2.491760378785963
-2.251867932179569
-3.664338351846570
-2.781929867639057
2.508679214021626
2.395656492448350
-1.223026036281168
0.798980369623516
1.274426090630898
-4.346512410341270
-2.683107298227355
1.845997261915603
0.572898099894793
-2.685440438615691
-0.378497836209309
0.947367029721675
1.901864875271843
-0.922093440217002
1.884881958262587
-0.955488708499892
1.814882544966219
1.446527363300412
4.319011825046406
2.965283945432588
-0.562437757818857
-0.731338308736558
0.375988699024457
-1.905865632287202
1.748673211964695
3.341104080176493
3.186986583304260
2.925314780503692
0.905902651260025
-1.470170243174765
-0.982700967799088
-2.112676973749398
3.562415648385187
-2.164783301521422
-0.131620869614047
0.468824682187204
-1.417500712329475
1.742996925091449
-2.176601205829488
0.009393177245318
-0.270428955034560
-1.769844386133926
-1.363707996891167
2.615947883918136
-0.767742266009967
5.499340658850622
-0.596583279729969
2.309855951751258
-2.579339541619984
1.523326517441073
-3.545313055033505
2.204674655714561
0.167105068328310
-2.432986324180415
-0.958074302488137
-0.559676623645953
-0.404849742944969
2.168871591731698
-6.046167671861528
-1.844712882384695
2.477223187857373
1.578356855727714
-2.822049276762581
-1.542156016658325
-3.331168659436414
-0.824303964821194
1.481780335815503
-1.219097797171190
3.391721826579909
0.165673097622888
3.478618155349795
-0.959443510845913
0.467495515885976
-0.309682806677740
1.060613807087698
-0.297277431132976
3.649658281622227
0.282336745276599
1.159522956783574
0.860942796747800
0.915921457205983
-1.701189504610992
2.165411278306107
-2.292565229610563
0.500580741897526
-2.151422275328629
1.829144799425412
0.810339758349159
-0.829181381711886
0.664348514148317
-0.792072935268455
-4.804189027659433
-2.377952060915402
1.675239449534330
-0.385442580480558
-0.489288577461327
-1.832624025081751
0.936300900401492
1.871542462547514
-4.153879926964113
2.700339186857114
1.108261447013571
2.737107705841320
-0.141939133946499
0.933241062647904
1.489772303808283
0.366932926293447
-2.314293059912564
-2.538221843405402
-3.270784441357959
0.679303338991201
-1.836073249734592
2.547018746542797
-2.684317135223744
1.067734346826965
0.228656214674842
-0.665333409891619
1.803267907199980
-1.055666887392612
0.147938334018543
-1.196385495911742
-1.566371169582011
4.226495503031235
-0.592766229864298
2.113401367592656
-0.227847040574250
1.538740720899000
-0.810820924183163
-0.183443590711146
-0.420452383011538
-1.672705824522850
-1.845712373950114
2.091638980852267
-0.659016621962977
1.862204239645055
0.528378176126518
-0.984606954043611
-1.029945454135712
-1.166264172756840
-2.044905025076577
-3.910818474850458
1.367432880214611
-0.248271539456679
-2.828906412296616
1.918533392602433
-2.597655366579282
2.144038394231975
3.810225772967472
-1.567752562705184
-0.819431754475956
-0.292841470089579
-2.656742370380665
1.146915518503023
1.873405462850897
0.099456338070161
-3.579558788713294
0.978819069551600
-0.289197307928915
2.511656577784175
-0.624901258669347
2.345167373671794
0.729395592657817
0.641124044892024
-3.616222624622913
2.029736771433442
-3.890709513885359
2.455066244564444
0.404865811522842
0.693152135063657
-0.569104640868591
0.839838853850014
0.958787518836739
-2.666085887616569
2.099685464072788
2.396835649261130
-1.424694992713541
0.253469883782443
-5.371133147872245
0.388436958503633
-3.235286307652179
0.828761020311689
3.034404179682082
4.884030393943665
-1.204311824988285
1.909467315322865
-1.487930045915272
-0.104751219826845
-0.965768513931072
4.835341300576813
-1.278311164519311
0.142710082737457
-1.584650131563488
-0.016240350887825
1.228837397750329
0.129860026189578
2.379035188999290
-0.317281366482756
-4.531408009787353
1.472646278876909
-1.423306066200514
2.068798645600790
0.962981617773622
-2.375171706248757
-1.706819966412619
-2.018510553453896
-1.459288745899253
-0.289847543216574
1.744174502739658
0.405649569958915
-3.545535096074294
-0.131010907364384
2.449282121626911
-0.411086557570283
3.323162893229795
-0.295146551734356
1.003030872559539
-0.509863829351168
4.045106326181746
1.061196159804738
-0.334448324213484
-0.393028604524135
1.763170115482505
0.165195992619358
-2.745418243876726
-1.216473477716855
2.903100406588582
2.441214231642974
2.259182457904616
1.510911370544575
0.106642115897179
1.362649406558831
-1.549455483717130
3.131432787014031
2.671038819266717
0.183455166290116
0.736107141273847
-0.931490007576233
-2.266807593720442
-1.274484042170823
-0.520378530393040
3.874879282222839
1.773859098008094
0.243572059475184
-1.176669328035436
2.761019607218556
1.434397618214556
-1.595965095430886
-0.093230069295259
-1.077810269088230
1.211844098725830
1.775964532709606
2.443642425100744
-0.421577675357557
1.720791233455471
-1.437500622928924
0.164011983436497
2.285338396297043
-2.847665478772683
2.701785734190686
-2.841930735244941
2.498889699479213
-0.557547580750831
0.001160641260891
-1.200736552599481
-0.656125620804734
-0.509441923112335
0.837228424539272
1.352082546062578
-3.280486477421786
3.187136514039541
-0.954927707903917
0.154109468864030
5.110553818688892
1.720917401775916
-1.292290402375338
-4.456720508627852
0.061824636380728
-0.112987780512619
1.506117435457118
-1.629872079699040
-4.320099821556076
0.272496783213014
1.920470229856807
-0.334682444506549
1.825773336465068
0.840421498737661
-1.060612739549887
4.386442370850614
-0.025919919424078
1.409309213182271
3.246298931158787
2.044394786605821
1.219708691338401
1.081632135317579
1.542426279205294
-1.442721635759817
0.773441732446240
-1.274390851515844
2.154155300235555
2.770806404630973
-0.430155463633048
-1.519988382141447
-0.192440015443444
1.554215530084243
1.290303574973517
-3.242607212796482
-2.900995689716191
1.653111067440456
-1.297878428309648
-2.498778350135209
1.487754169899279
-0.641182839395842
-2.782564962079949
-0.812695933358226
-0.491276626367226
0.551229104256763
-0.562595147836326
1.577957153826709
-1.364353183791141
0.510417800998967
3.697445285537216
-2.257363014308619
0.944326746839714
-1.402447550405547
-2.142623200855212
0.253645753462439
-1.868690491621181
2.362483799771822
-0.290464697669348
-0.456433504826435
-1.406478467242454
4.976378426977043
-0.068361680687892
3.222114756316757
-2.244335713282215
2.245356286427053
-1.186647832093009
-3.201449783255586
-0.629944672099918
0.949387512478610
0.429735332314864
-2.457175686686644
-0.275377971125339
-0.305860698230495
-1.756141740372330
-2.499537743866224
-1.762153797754360
0.879624787555969
-3.622076388835903
-0.964511503132706
-2.218694812921654
-3.851440698402659
-2.944603036720532
0.306804521739882
0.122249842924702
-3.843252949141828
0.624619823404545
-1.341047699551717
-0.169221629182948
1.429941576399441
-1.420743339943800
2.888897530358748
3.202138735602579
1.315588598101590
0.526897777451174
-0.409897648899621
-0.284006997120450
-0.146263680147157
-1.804556705971647
2.599062692632090
-0.970213930561019
-0.983725683615603
-1.175883556229777
-4.105259798280020
-3.137391997382625
-4.175456749759305
-1.505008619537400
-0.406058415533466
-1.336014775593621
1.744386355958997
2.363478602026572
3.765526813894588
0.555260199637363
2.557057010512316
2.141287872921868
2.580279765808599
2.324237472451983
0.325479115332640
2.317641979376046
-3.387607891117950
0.129500579057008
1.833635672285529
-0.568329064250303
0.890232757218908
2.117422052776062
-1.745849507391845
-1.469978267623716
0.011874609066672
1.139874444990336
1.705134194919671
2.289433269019984
2.442324596751068
2.810293963371314
-1.711772378513845
-1.244692444486525
-3.913747333750957
-4.400018155140400
-0.078473034296306
-1.245070057329711
-1.278738904864362
1.413439535665007
0.576569529792294
-0.243777260103921
1.111172181971892
2.478814369357941
4.695450195932507
-2.262749694650673
-2.371155066421863
0.108996504006789
-3.056422333492817
0.901703748422915
6.193246715412839
-4.624470708390228
-1.374569113862399
-1.080349280628189
2.578090863465681
-1.496286312794765
-0.889190745553588
-0.957408338720078
-0.682078559694267
-1.906817783158117
3.366007716826792
0.202398148914727
-3.520841174844645
-0.508025712924195
-2.152362995356118
-1.514187969278449
1.605892378371398
1.598039250426094
0.597808998320405
0.961553482599396
-2.912190925376966
-0.053951478053934
0.021739440109354
-1.371608796994572
-2.388678943565037
-1.852941015702855
1.200207737760759
-0.548186114000697
4.397379301035214
1.483804481523277
-1.322848968322152
-2.365042479398964
2.306069048636761
4.948129118948852
3.280344248888278
-0.460276763787595
0.146681336013354
2.196940293960789
-0.994715156129149
-3.603229876292654
1.951363902207545
-0.170023915590737
2.460347426202906
-0.234337725843519
-2.603336322836241
-1.315659523040713
-2.289195810841433
-1.471007899618421
0.608440900533266
2.475850153433487
-0.882661623524688
1.947153272997974
-0.297258211219026
0.941389269156634
1.938675396347086
2.746116582912513
1.005213075819203
-0.818074262106065
-2.374114095591777
0.926380540225154
0.885502605238322
2.882027367396828
2.608389463709464
-1.687354911313092
2.660169652453074
3.753642043045642
3.005744721417926
-0.655615836090067
1.646405857545265
-0.943231802073944
1.763219634759415
1.107286108121649
0.211484624900156
-1.245231293708330
0.611153801454798
0.185574879282485
-4.179003287747921
0.556319106775357
0.266718751629129
0.235191819048618
2.126227470303830
-0.228169699973356
1.243103149854902
-1.515155273281855
0.441860343908597
-0.949730655354350
-2.118235534503019
-1.912994946395956
1.303913666699485
-0.812443751452182
0.509879507628202
-0.104615147556951
-2.752974967561646
-0.875495934676072
-1.822064900074054
-2.819391109461811
-0.190598721664961
-0.837253882638757
1.436748571793761
-1.227943637821770
3.394383935439707
2.026332319138179
-1.719759638777008
2.845356365445941
-0.973472084626564
-4.756129361990962
1.966163686824631
0.173287630354696
-0.039201970708083
4.523599310653965
0.521661765702162
-2.664926978397001
-4.459215690365554
2.061223583309784
0.078704641491822
-1.704656175375693
0.948851807837886
2.388599459120950
-0.562547317470045
-2.780853292887445
-0.867644465162816
-1.304128243944658
0.535710261681844
2.871446335078620
1.894014518141422
-0.934868448720195
1.433436307692552
-1.440138539723251
-0.545225935411865
2.027481619053351
4.033983827085161
-0.574378761316100
0.497844297887269
-3.223962937971346
0.667286630283141
-2.266330061938530
-0.805537130055543
0.666691946519164
-0.862386714402436
-1.808888963373096
0.908602417590372
0.115895597121353
-0.512977110298889
-1.317369028780469
2.301902087008509
-2.045681548511668
-2.396674671292084
-0.522079299630738
1.376010324458441
0.585417056911640
1.369403316357900
-3.817209057391065
2.195042299407412
-5.048754464225734
-3.057429553472795
1.198466294092787
-0.718588582928335
-1.872612211808784
0.377961480235843
-0.901965581923134
-0.966899771718589
-3.250208426674571
-1.602211568835847
-0.084492505693068
-1.224897425225376
-1.887212806847355
-0.957207518498110
1.302662279201757
3.809149204699724
-0.000470963260436
3.854458711624432
1.143927270202170
0.713181278059107
0.263998171152578
0.172022098194044
0.714058416046615
0.841134535753178
2.418255541560275
0.637334809785395
-0.909374729453528
3.304465505455624
-0.499774833060090
0.786062774402266
2.024993555502233
4.311536434028906
-1.365637526178362
-0.980717980528162
2.350892701952083
-1.539750571593255
0.567518115822953
1.264442892789258
-2.041946230218326
2.251373437277023
-1.323205024584140
-0.189028008773975
1.690143341230720
-0.442553758763391
3.100851771011611
1.650629385261406
-0.758714859471170
-1.311341105149002
-0.408246950835031
1.872058564582950
1.272887403330252
-1.804153125113130
-2.596032340687667
-3.192451533017381
-1.415453428682181
1.072028071562299
-2.038861941717450
1.182358513618003
1.054327374753476
-1.891943868317401
-0.055078989253322
-0.883769788631075
-0.834096262542603
-2.202221624958404
0.369471503191093
2.582995508434249
-0.176225597467430
0.591792441927681
0.993289161634967
-1.734860792595871
-2.835917273322306
0.608283304534299
4.141433777492415
-0.239307033574629
0.295058349626573
2.383723375024718
3.160397863988714
0.673760379206990
0.227628675947107
-2.290079491779821
-0.555525971012780
-0.725251509787761
-2.607664377293851
-2.102604873888079
-2.113208001965788
0.764111298535876
-2.057395776694637
-2.400311625586360
0.396277272552778
-0.968129460827696
-0.156995903857251
0.194723553814037
1.100386747360125
-3.022044139629298
-1.459904765471541
0.006848304460125
0.540768909754768
-1.241459110420029
4.278633025607341
0.702118577824786
-1.678752253859318
1.603610011101724
-0.547119700170352
0.747128504303962
2.664461020118349
0.794470312499092
-1.902101370431884
3.320421510316570
-1.688135167934778
3.166153029951375
-0.476089423608921
-0.734082463043313
-1.529563992034494
1.286685949059896
1.217878476503808
3.681277594106096
1.532440271569367
0.894975191151519
1.677928660357235
2.368724412978749
0.143693977925640
1.201588026562977
-4.006840299457018
-1.382091815352134
-1.335447896125747
-2.286593462149332
-1.060682112880447
-1.043161143440242
-0.145919542178255
-2.235649633842538
4.001329937176946
-0.902351780543161
0.706599118827486
2.397052088798902
-2.454589234397295
1.351091369959271
1.865462726299774
0.757904534982756
0.866037220191030
