0.595630645893483
0.662083905252528
0.771193697737625
0.919464508768730
0.816674659301955
0.997122844778482
1.154426623704244
1.057527743342690
0.766121498362303
0.369980657837765
-0.130720002110876
-0.148240968164988
-0.088609950542550
-0.218794679326234
-0.629252155037209
-0.704520346986290
-1.018764661089534
-1.359503767428456
-1.514182713595399
-1.446311741929984
-1.309364906085028
-1.631103733114526
-2.025948618481106
-1.997071233853438
-2.102200708781991
-2.249963355460866
-2.093226113590065
-2.265322742536656
-2.438148134980782
-2.327940361179510
-2.243978024266937
-2.352885117284939
-2.107996147924626
-2.050809455731232
-2.383321898564715
-2.372490286430540
-2.240505034812988
-1.929759938622206
-1.477531562315960
-1.457424982143363
-1.352525576922476
-1.539672114524451
-1.371516862282618
-1.056579121276932
-0.559667131330732
0.034159019679514
0.615111728487583
0.659607726024444
0.620657688477535
0.653371146270695
0.902281071400537
1.430071566840085
2.162979570038767
2.664680834514639
2.714899202296071
2.942255768294723
2.898443571345111
3.127121623154367
3.029886086228640
3.168474173331795
3.318479921524034
3.087789415325476
2.716008969121343
2.925364878075698
2.927148488808571
2.845508953118229
2.470146665472473
1.864686551679215
1.499394327801562
1.210984021714805
1.087538760031429
0.722959932541934
0.434094316076340
0.494987441302481
0.663132576498051
0.786669756569792
0.971694239516908
1.367082414686890
1.595258645331564
1.746494427750008
1.355691924458826
1.146416427153830
1.158752899832818
1.090410475884730
0.924882921103916
0.784622678655857
0.611454404174892
0.532412151617584
0.668238818611427
0.721476283651525
0.760186200545136
0.672623665616028
0.579965207267291
0.163725121750254
-0.001640739709116
-0.112433523060336
-0.426745965088492
-0.437904028363201
0.026890533666969
0.253781665626876
0.292705774491642
0.551147414120390
0.989466120682388
1.090300977935948
0.964122074294741
1.312548704127319
1.546678491083841
1.424880706445087
1.230881426359075
0.775277490695143
0.285618811874352
0.132946270187989
-0.148800843278039
-0.280318717715452
-0.371910362537440
-0.647759003104173
-0.907954956527113
-1.295131559816013
-1.459926797678027
-1.499310052444036
-1.314987457557126
-1.521125303216729
-1.827593488750266
-1.676599912021755
-1.677319998099680
-1.842216079123609
-1.830668817834760
-1.859583695545068
-1.950163200846107
-2.046500871139270
-2.133826099788637
-2.079712281850148
-2.059695044614175
-2.136274248691798
-2.481031452044935
-2.325711349383622
-2.091746803068343
-1.615688948941244
-1.213328324345908
-1.193158658388016
-1.017745366103807
-1.138078743305916
-1.106998706600662
-0.837286907765396
-0.283338569163251
0.274765890978996
0.651103417252007
0.813567385162151
0.759929679431827
0.678975905874388
0.943364591149865
1.538778089120598
2.191974872952887
2.373220511658536
2.507509524446380
2.547858617305056
2.526342821843503
2.578784697371118
2.487394931326175
2.795044405397484
3.023017481739604
2.850713014251621
2.568964527327110
2.566526087466106
2.579180519322369
2.816011473334564
2.539769184205389
1.904603747491745
1.427085772016880
0.970485315162016
0.556005412780821
0.321890367605070
0.188622131896521
0.334272389311347
0.477286889118924
0.479937927520687
0.598155027244906
1.074799685801667
1.563843930346652
1.561519536421687
1.394023511149510
1.372144314551470
1.258639122952321
0.888321275646587
0.493713011383432
0.598464654805791
0.763227277287900
0.596918330911008
0.571812895334980
0.642874720738436
0.804404043491375
0.797625828703003
0.697787252632566
0.340619563845246
-0.049894790827981
-0.236702603074055
-0.493732063859711
-0.468709106053381
-0.166556202284665
-0.033959656628897
0.213659794847910
0.680983107984100
0.984909611813902
1.218395191170890
1.243488549571812
1.571000502095285
1.685408917943140
1.609453251793325
1.537574720863826
1.226213574718960
0.732781231881908
0.400234851348253
-0.108634517104953
-0.272571115696990
-0.438167575391461
-0.909210000389404
-1.097095350123120
-1.160791431204206
-1.387909333052614
-1.462190987467409
-1.423962695271893
-1.388716450981111
-1.396719473243335
-1.236517138153064
-1.063205409745984
-1.140382960377152
-1.062649124106628
-1.327924041059944
-1.426443081318920
-1.500416112780794
-1.500383916282168
-1.581562256033736
-1.655423211622221
-2.034579139974052
-2.214869964792276
-2.011856131128767
-1.876236814085874
-1.727511852433374
-1.311742123847830
-1.209759378709442
-0.925235991786498
-0.677693402635282
-0.688998190848994
-0.607617607967967
0.011659106304469
0.517323062328429
0.555428797465450
0.832352182633532
1.143427975367509
1.130525962788006
1.041204133014147
1.317483032194950
1.794418852528981
2.056715979569353
2.206934779393913
2.109022110360192
1.960137234783578
2.016518899517139
2.215971320260451
2.096917605206081
2.493906341993329
2.392650533428275
2.215674304962453
2.340454805817996
2.268848007480639
2.456509357945400
2.481851918076531
1.870433166045980
1.061082322716033
0.518690577474147
0.306421936690860
0.124344208628788
0.061148221552738
0.136309126156925
0.209951678546449
0.326618555334037
0.425765105322690
1.031588381659472
1.260895765726682
1.415796474751980
1.438219095978070
1.290261520429014
1.205306663202959
0.715146281180776
0.475258144507418
0.537651586600874
0.600345327647778
0.670044233124081
0.715982891844697
1.038937062837142
0.974793414314465
0.856890508446945
0.640334536554488
0.294176721488953
0.098842408842573
-0.250818390789292
-0.490185326707227
-0.556522821672054
-0.321091193349661
-0.158815767378580
-0.024615164804074
0.434036358773809
0.843685472025785
1.189171632165534
1.380941631579326
1.679962793372310
1.638684440046975
1.737694326475530
1.711031442389160
1.384935778896568
0.846283685868865
0.340334968749606
-0.208597111007364
-0.337644000320241
-0.613180445967468
-1.096035922643213
-1.155805479549516
-1.226887684712670
-1.390423769921983
-1.525131643963326
-1.560972533925402
-1.498286701761838
-1.342385035825978
-1.076687983831096
-0.910292501994184
-0.764689704739559
-0.567300122714586
-0.674377637888587
-0.826332454305834
-0.835048447744964
-0.795172958321795
-1.123438338293537
-1.381817747091189
-1.474468290500792
-1.763389235414109
-1.923916431913938
-1.833121136369914
-1.586815925296398
-1.360165168097205
-1.149499588519956
-0.772098386317653
-0.490800920437710
-0.271206858515416
-0.110235671132586
0.231878079117606
0.677745689427171
0.759135326936487
0.862812572443435
1.249227395834370
1.205157955713478
1.153527591125414
1.262751261285885
1.263983217733001
1.408701539244372
1.867875371550427
2.035717477619498
1.847560234949092
1.781781432463361
1.888944506401614
1.896076177669968
2.026297880585925
2.008625424789155
2.016372222716675
2.121801398342173
2.002915689457851
1.841083677483801
1.724519401943178
1.219609205847804
0.523388734231549
-0.019343423075901
-0.117014443473918
-0.231904208374763
-0.262528931523345
-0.285561477632610
0.032276053176953
0.051350721141014
0.280610406204851
0.736185087558710
0.867889160641110
0.969336600589215
1.097466312929431
0.877241421508188
0.780364100222277
0.598095645864564
0.336676822720441
0.346359807064258
0.412864660790388
0.652949525368222
1.011990509332579
1.353022644181609
1.335340239820596
0.993734979531597
0.545209961935981
0.217832105338653
-0.222721176385697
-0.435940734138422
-0.410038171914681
-0.633008091572954
-0.468315629352820
-0.291699161651082
-0.316692844942650
0.187169255969473
0.567623219337052
1.216691039758836
1.427623495959570
1.491972982078034
1.658154384539671
1.897397161055788
1.857888704190169
1.495540716012079
0.877800309657641
0.386766878080294
-0.175787382910685
-0.310317812457290
-0.621909954760296
-1.102036783953588
-1.266398801539452
-1.448022434843722
-1.752937753110111
-1.736086317919046
-1.964174450591497
-1.880892355146475
-1.670645986827426
-1.314080026941031
-0.906306596274151
-0.456928297416124
-0.348813809541997
-0.354126043523798
-0.144398862411862
0.011342313548023
-0.149413863181250
-0.689541402022749
-1.083529816000686
-1.189968549034086
-1.333972397474702
-1.566322041471989
-1.404058767469295
-1.102247162968927
-1.235940700098488
-0.974021963157209
-0.604804919287221
-0.396417999214214
-0.107843780056599
0.116508330626502
0.342484599387520
0.703482927740283
0.696488026568676
0.743678232491490
1.011283426652342
1.134889782239316
1.124059094051405
1.247265171411701
1.204267379265196
1.155195673904505
1.536917001094348
1.817924470788284
1.821732470492905
1.824411174621208
1.811381473170464
1.725069295676289
1.769690568335269
1.695038049017155
1.596142315207697
1.469778717156242
1.501252600139784
1.444855009589946
1.118201629774838
0.626789935188135
-0.127898099597547
-0.633278289633690
-0.512521578187850
-0.511941022625673
-0.501125224147892
-0.619455879039262
-0.369301553913121
-0.031469226279107
0.243469648216761
0.415235557450743
0.452057106227472
0.629211773131000
1.007206280866719
1.039066490189749
0.656380797077019
0.440661661990205
0.267530546130962
0.326734350185755
0.425987524761284
0.724165792413322
1.090893899901252
1.532871455870607
1.212433310830759
0.758440331701186
0.282838370698007
-0.186956722302682
-0.295719663327493
-0.418393296179942
-0.593903538434113
-0.569923941556477
-0.463208963988906
-0.546418887949174
-0.368567278511230
-0.001870658867290
0.472592384616212
1.048319165924651
1.324724018718493
1.276006239411190
1.530454801712589
1.864724546722404
1.865981486142601
1.635880786726913
1.283005623757825
0.801547734405552
0.277170209096070
-0.151476325888389
-0.507594674468551
-0.861193433071508
-1.347549219819230
-1.566472772175127
-1.860760717107928
-1.925626946619750
-1.988723405699860
-1.994618491035604
-1.869817505464950
-1.600899049378794
-0.780553076683059
-0.299373815299618
-0.150122547874062
0.061940515131581
0.557537853789601
0.715401285483492
0.487242590905500
-0.094587138633534
-0.804521027612971
-1.136422244670575
-1.080173737651043
-1.148939770215931
-0.985817213140696
-0.720768255470493
-0.787379891457245
-0.608339633383362
-0.595149465621626
-0.466911932527713
-0.125106812170023
0.274938773846104
0.559695898176428
0.790996052283655
0.670415431394894
0.765722108454100
0.875699697984917
0.997453884761011
1.053391050750351
1.084837130021994
1.018754870499887
0.866271686083536
1.146792514349540
1.515077440652243
1.641590591412442
1.627841611294590
1.646153062666480
1.439473202240473
1.358653112672678
1.301830924547315
0.919094136527762
0.745953204415628
0.675287729004999
0.547350313926736
0.388684266339028
-0.050928632626989
-0.593696355901247
-0.768345228943022
-0.749020306746488
-0.779604935065375
-0.873649965535128
-0.856760756657827
-0.451106828508136
-0.084155708162890
0.009836958817574
0.219159498313864
0.273787034170291
0.496617728192935
0.869503068051539
0.910018467674118
0.666795725109350
0.368627937488767
0.361386733199138
0.639662126959942
0.631138779455350
0.874178827784349
0.897283381494996
0.862884301631810
0.822197544408397
0.592179151609209
0.164997543219851
-0.238148636558953
-0.170470185602069
-0.234023876957223
-0.537294121415149
-0.436126754868879
-0.606927082685000
-0.567808030306645
-0.180975642153549
-0.012147973027894
0.376001796188971
0.883054185920361
1.249416949896366
1.328656753161191
1.651601753864826
1.859108916379844
1.882313254397535
1.702188464360251
1.663968673113385
1.233211532115866
0.574797488278153
-0.129895606819547
-0.576708080121452
-0.809409696435019
-1.138401265692839
-1.571843902158000
-1.786074520174776
-2.008419059735105
-2.199422553729575
-2.132652717203124
-1.843885517401997
-1.536129882902915
-1.098639425338454
-0.522445036351534
-0.043402890393009
0.343975445639508
0.877067475044040
1.112009028027340
0.954713233818026
0.465417994555780
-0.357927226218451
-0.559545607209681
-0.522735362537244
-0.767481124276146
-0.781790858589916
-0.657865157376395
-0.604466709515880
-0.472950277960683
-0.479937461511081
-0.329088439690424
0.131816851056003
0.502963865873830
0.703925610427016
0.653710237019325
0.609963876695463
0.549558879037333
0.746533783412574
0.945758735145741
1.221820448708157
1.265404462258791
1.124633199514455
0.928609680973706
1.056434280299729
1.360784220498953
1.507063373826585
1.390086933687040
1.321765134506932
1.081983131862100
0.910645971763180
0.732609907443685
0.498393570716498
0.511543315900117
0.264685788138395
0.001484277392938
-0.446739329602694
-0.869957602345734
-1.156358850334433
-0.974625734213803
-1.040175612666236
-1.062485293709237
-1.184834314369059
-1.042813373509401
-0.631469563663832
-0.364992532613920
-0.125038155263907
0.263751720438433
0.240599365673639
0.562845817941316
0.737181483900901
0.567195518752984
0.430390715989260
0.364336601925951
0.399463100393142
0.617336562744629
0.750983129315754
0.698154829336093
0.668717311612257
0.695639375411230
0.523806619202504
0.468156995864566
0.443696554464334
0.247449366149492
0.147319562840462
-0.055017931610328
-0.206486763282625
-0.280040878055852
-0.446325820663869
-0.252522001268547
0.376285431945866
0.350882273230910
0.437739785779372
0.738337845629302
1.075603025481532
1.321041346468556
1.572965730108969
1.584515543698486
1.670246569352513
1.723166336127813
1.730880316576160
1.364283577430680
0.572363968562496
-0.197700144888068
-0.549502368184878
-0.846863481503896
-1.106810374789033
-1.528679210894735
-1.710282382861118
-1.795391350604942
-1.991102204341840
-2.131302633148571
-2.067115010836772
-1.773388069174213
-1.155667851276593
-0.585277423324814
-0.147833082516912
0.405062690680372
0.498865524746331
0.883725217681789
1.069973321413261
0.582659162757625
0.283533207577703
0.269726169520085
0.064468189227965
-0.206585983790883
-0.252029396276347
-0.294867932080409
-0.254534863963337
-0.028049872411901
-0.160390713218514
-0.062874747144820
0.284599764843977
0.538180632581585
0.693207346173321
0.541640239015073
0.622159606127491
0.418004350888768
0.520582839931463
0.756543522753122
1.164902496112866
1.553255381946639
1.566986100398685
1.321015886243826
1.277819179405975
1.398247232201062
1.551161684635657
1.392677664144469
1.101929642165204
1.020309274520565
0.683538767404672
0.419585381086934
0.234550352198191
0.127743575711525
-0.001741022857473
-0.239501489178286
-0.875524635802513
-1.457958455377474
-1.749751079504178
-1.672484593542935
-1.291887227478150
-1.167846615807481
-1.354868962641492
-1.112349554695316
-0.820936358741323
-0.481774431540132
-0.182225824169692
0.109305566834386
0.209418841878539
0.422969032497163
0.542486374979536
0.382107385316865
0.260895422425088
0.320610970761290
0.519159930866111
0.552281740749646
0.564372051653407
0.640929469244817
0.684078260806842
0.633624764618600
0.375882186408630
0.303664607928378
0.481040284701296
0.501835664847190
0.295894449876562
0.252331288729082
0.067313395964609
0.028819550909478
-0.076948902194866
0.229013570589240
0.820842375229535
0.652562418253332
0.583149237448965
0.732064321892515
0.915162095517571
1.119696200256351
1.254815110097112
1.624285694427510
1.600548575650750
1.485921442526734
1.306942991843614
1.062686360228563
0.519949707985103
-0.086406219397561
-0.424276900031410
-0.649064328734875
-0.963086341407570
-1.222318840528980
-1.295284423226265
-1.370236910786029
-1.712180475117487
-1.845002024247599
-1.726603335688881
-1.451451923415074
-1.039443846823237
-0.597829775209404
-0.163681129947822
0.066183657090947
0.175255280223793
0.651237984545045
0.848930749389355
0.590528794345354
0.666374128025127
0.805432840014824
0.540113802933518
0.394737319960273
0.277274513245627
0.202131601904254
0.197567137616588
0.204459090876530
0.004188190514853
0.067142584179456
0.234115088693412
0.436638492466358
0.501566968600217
0.389053118793411
0.445326994141791
0.483582176213692
0.506864971725065
0.846069210900976
1.208130143879592
1.537803727718033
1.786447595522531
1.607140776061348
1.581504565480282
1.560206543014001
1.423522122946482
1.242883521536567
1.090871231481803
0.864557934725466
0.606891834433673
0.370293656977417
0.235970384662591
-0.017283689461463
-0.368912271648646
-0.554153628074112
-1.012171586009115
-1.720927672349654
-1.789812908645376
-1.603604506721995
-1.279354818638280
-1.183500154139000
-1.301089020254565
-1.000635391742458
-0.659559471002533
-0.443565140362199
-0.295083661978412
-0.025467021697352
0.176558027771459
0.417130407434513
0.401470904388346
0.369883483789991
0.464083332111235
0.471154961409039
0.507216041463882
0.585085309209993
0.572809140843680
0.630240948572284
0.570331225956099
0.539114238705977
0.343974048427844
0.322189360982100
0.369218931890852
0.419305222110100
0.532945276513166
0.413121780088540
0.146198547522096
0.230461865172022
0.406963580201196
0.508676119752989
0.807367690252725
0.801729351904260
0.796953414626879
0.908511002120132
0.745159340515660
0.838376063879913
1.172285629760622
1.350543516278484
1.484616970238879
1.470254028634800
1.161540190447642
1.075675717728202
0.801844664880620
0.305468021651977
-0.111038530873757
-0.377014380138032
-0.607879874546035
-0.879881679156528
-0.940099944694405
-0.966957736716986
-1.423065971550978
-1.641858658852135
-1.498098369119983
-1.020908253447579
-0.784460694898360
-0.579458999712691
-0.425496472157163
-0.444608730048842
-0.298109053688274
0.033095548357728
0.384597009859117
0.671053027232061
1.075751682730434
1.013891999183767
0.837401221337648
0.798999064775452
0.625382451852476
0.557196156552177
0.518142349986323
0.314944766652265
0.284510206046223
0.193596269672178
0.319674303309502
0.520005167339909
0.474198535719980
0.290064964555058
0.263030959559278
0.449050749765918
0.506478127221475
0.769857091544796
1.066339946261100
1.194196219079058
1.530841388956192
1.639404894856918
1.711251619494284
1.820184170947533
1.764682018739210
1.502840200022811
1.146048685597681
0.980864120031513
0.745004745549105
0.694574411773018
0.610114840979200
0.199685179200541
-0.183193162591151
-0.507893069573333
-1.064165957066220
-1.495401373358046
-1.469560292572836
-1.331342539831947
-1.201903621517132
-1.200568522444658
-1.302620267664216
-0.896729942851313
-0.524560932809434
-0.536179038563446
-0.499135166311639
-0.208569628768855
0.132776383412491
0.325450916664934
0.358701092317292
0.278174872185512
0.289572357336815
0.444983638728491
0.395298945199370
0.195168956354471
0.271391415970552
0.270039660490644
0.335718360673840
0.333199444204697
0.337038103274259
0.348286624082088
-0.002147327086923
0.118448858554766
0.591643094256353
0.684772271098772
0.550857172659738
0.379494649208692
0.474047762634933
0.577888982122017
0.938772918258533
1.070401231992021
1.080878305488720
0.884168209191797
0.551077131230978
0.771434641098158
1.171694416263461
1.332017053642503
1.417091802606334
1.376009755051840
1.209098299267249
1.129112326512893
1.146863652462174
0.801361765957954
0.339171432510191
0.139584752646453
-0.229025333419180
-0.412865402481356
-0.602543288366421
-0.814498152709199
-1.042270395252555
-1.028057729444602
-1.080435660595590
-0.794455735892404
-0.678404698917477
-0.951046363866771
-0.861185201057538
-0.970169980254705
-0.815509461782722
-0.489371051873234
-0.036529350693650
0.353901320982962
0.831498271091006
0.720079892013473
0.898620851553290
1.036035924314587
0.823582587457127
0.739600744338168
0.581482201257585
0.388663003487305
0.264805616901605
0.307698626340380
0.522574068928009
0.698066116291861
0.590474860860961
0.407613180612070
0.299770842933179
0.288206830631424
0.472923553985263
0.657156326551480
1.135544076887362
1.296377785723885
1.471277487849817
1.560877919340014
1.636498091391730
1.732177298457849
1.881106932673008
1.551826616995581
1.140581669651504
1.019890784966193
0.807278498023312
0.802510354341825
0.720586503698025
0.403872330117035
-0.038810634168151
-0.455833768187493
-0.860548835390959
-1.102257043515791
-1.308815515268422
-1.419528341359032
-1.225240184146354
-1.386879342046189
-1.193000674755705
-0.806809356647946
-0.704115965398773
-0.564682698578894
-0.474406956954100
-0.298111795804730
-0.083441983248912
-0.054906806729760
-0.187323049355239
-0.219350872011197
0.085596687230795
0.368432730016082
0.381742733670013
0.022145679609095
-0.063993992630103
-0.044640772664890
0.036415461779285
0.006044283352345
0.183762793649352
0.090079136405131
-0.242303035685428
-0.208653706541745
0.355997190813182
0.723304170090996
0.710586227837151
0.455685929328634
0.599142041544094
0.757119885320853
0.919112512290573
0.952883239874169
0.977047543152923
0.829475095248229
0.732389677957723
0.758762204902717
1.145417962151001
1.536847576137120
1.536544856295954
1.420736459058786
1.295819493795275
1.242954025413913
1.271214086552626
1.301524058852266
1.028113949949830
0.683927224401554
0.126139727517925
-0.235801928232154
-0.405218791950305
-0.736988152735556
-0.903931175207703
-0.987541259063038
-0.923349593127355
-0.968133143008258
-1.103735104388006
-1.329975414372552
-1.177534699685325
-1.055478151679256
-0.950017132778314
-0.584080296200998
-0.241322932401479
0.168224658425813
0.500088329783193
0.566054890743985
0.679964923491055
0.900091748552591
0.713717371846588
0.599387445038733
0.345955465432168
0.205516333804141
0.206017526915680
0.605416656593228
0.735112936116684
0.710177333034028
0.588939768488501
0.587051378402385
0.344187521302419
0.317355612617790
0.445556977847270
0.696758515969178
1.017703641096104
1.360467745515327
1.394577274960790
1.491361009230224
1.565018577168796
1.592669203433317
1.543952848305255
1.371853603500664
1.228503515993295
1.067456905250500
0.870949493828016
0.636317883858803
0.449446105499390
0.242443256654509
0.036061809946659
-0.312078645302976
-0.578292632216485
-0.881900835996463
-1.108055586937102
-1.230816495131563
-1.121239874178818
-1.144997401907270
-0.889495683166039
-0.681971626494123
-0.724482563574230
-0.732502732096632
-0.627203695726009
-0.503312587355015
-0.518585196181509
-0.495033308976707
-0.647042619369277
-0.553040827534944
-0.036222346477719
0.317976170416179
0.200668014391945
-0.106064153975932
-0.154532885582632
-0.151460970455131
-0.200064680926989
-0.117093178474065
-0.130536182118918
-0.290212821999759
-0.318769102779003
-0.152613027446270
0.059175555281284
0.296166255227062
0.494439875755300
0.503268238766418
0.544059015907096
0.703248602065317
0.430744184215071
0.391558650222565
0.583905693413464
0.647105428204375
0.676557123958307
0.739320691571426
1.178331766605311
1.520436184546461
1.639196835158253
1.787781270901104
1.627544008427612
1.728142415806997
1.891614933201960
1.783126424508972
1.528736162388951
0.908937337684929
0.234171650205733
-0.135231218859583
-0.348157206310372
-0.560778961626527
-0.848507373640068
-0.970911893969960
-1.135414484307532
-1.371146291461477
-1.346555708997482
-1.155512746928883
-1.052685638904266
-0.718034173344010
-0.911921364244261
-0.837669822135919
-0.563019439303174
-0.107854192708728
0.176671794899727
0.244807817742818
0.526511705307884
0.662393880929856
0.323519296268995
0.153008037664801
0.333965439843139
0.337855699447444
0.276945054590620
0.529525955625918
0.647062865052044
0.730435786293760
0.413614522937481
0.256515093822251
0.065430320887049
-0.083977811058651
0.330838360503375
0.633927659189213
0.757076802384627
1.098164610743298
1.186777252168714
1.291283879669330
1.296213782547705
1.415257317812634
1.239648866483060
1.084812730804385
1.005923593449959
0.907265902108724
0.561968363297888
0.374851887051759
0.280466949427984
0.169022547666991
-0.027008707103802
-0.197370575744981
-0.367276652093724
-0.641615816037052
-0.854476685918246
-0.868663740080681
-0.902816178656848
-0.953840742112580
-0.763770831567176
-0.622204519822603
-0.786028839493588
-0.943738915606349
-1.074267126836190
-1.162575006520887
-0.888951612366401
-0.817706462354706
-0.867647492477172
-0.654705249494857
-0.389382515897862
-0.173541260002650
-0.139913505248545
-0.208378861031656
-0.143143996944048
-0.108169869094159
-0.225948833229873
-0.233544486242984
-0.255179131848704
-0.415862137663913
-0.168418127216023
-0.016910788389082
0.186431984720374
0.264831001662906
0.422831782707125
0.410622447660708
0.384392333432583
0.394543364981961
0.034375346380777
0.114486368431346
0.612176303670227
0.707409884582576
0.639443212170762
0.891784907759360
1.322493318029763
1.604099306724882
1.862368488442876
2.114248435315682
2.262616122984527
2.376341195913649
2.489120532197684
2.271009773793442
1.883944010336084
1.208778664684893
0.534425245956922
0.066877439144547
-0.095530189689996
-0.246124770655817
-0.665634913640547
-0.990983169225069
-1.215326046938455
-1.273570495268506
-1.130016077254130
-0.898430937202979
-0.817130905785987
-0.692304239749655
-0.862602868862286
-0.915998963928866
-0.587773294692874
-0.301896888604337
-0.139093150312980
-0.019672222716388
0.200425458888429
0.221464245634035
-0.085299732904685
-0.166018427497239
0.142266683055303
0.029006037412986
-0.142931682531318
-0.042398320384996
0.240029030691321
0.122552523098151
-0.037502632252077
-0.338024524475181
-0.339837952876351
-0.319186265415552
0.057756623027370
0.327669176904404
0.300024925453305
0.801461362937097
1.174461017368250
1.173441398439962
1.131305685565251
0.951283623179358
0.780567584815097
0.668045138387870
0.458647806002818
0.364463394186347
0.232643735178381
0.066554191693061
-0.032755361930396
-0.038411641186316
-0.107338290240296
-0.118339485395329
-0.422924054684581
-0.333213598203915
-0.247446805165731
-0.536197889065267
-0.651117825609257
-0.861871615187326
-0.849091816308874
-0.667148735103091
-0.898943875961934
-1.143722284336464
-1.369174712712096
-1.491402328767823
-1.399054154811601
-1.322982419866735
-1.366060766620444
-0.944060351379049
-0.693256963976625
-0.467121321587394
-0.252125352093860
-0.083573599336046
-0.011930274712178
-0.159592758035221
-0.142260774773110
-0.222776410634407
-0.192845133658049
-0.249777981081120
-0.086616950994686
0.171044135442401
0.281247004233711
0.122839225134195
0.072335648044864
-0.066800561354262
-0.042442218137601
-0.009304743045825
-0.124623083192471
-0.075114410377230
0.352377711257729
0.741498703413855
0.841129266741790
0.969828770532969
1.298028734671632
1.760761364926466
1.933280740391031
2.339053941454024
2.427753853824487
2.425357732742687
2.558658663938457
2.409631608974945
2.090440901040437
1.745894534253349
1.226063309650747
0.635783159434692
0.334309574412961
-0.105373787923655
-0.447494147906194
-0.747079578503180
-0.849610431197972
-0.839768218067819
-0.828949795170660
-0.680270443466921
-0.725006256069303
-0.552099658200185
-0.687736269591081
-0.640638095625473
-0.503144220183917
-0.533035957496493
-0.253752281155982
-0.112936399364489
0.079782445092045
-0.088395746097249
-0.620106384470203
-0.672456754393401
-0.475572214138233
-0.573232873992667
-0.781770159623729
-0.694542220961761
-0.421036693430907
-0.549566067455235
-0.542541955641078
-0.512760558066070
-0.387253943375785
-0.209355599171138
-0.170711275987381
-0.065488812464131
-0.221739158828994
0.178683099143472
0.616771755371115
0.769523103833147
0.768458065640505
0.543258132460705
0.422633164497062
0.184898859717546
0.038536269753791
-0.010099817076208
0.002124294562282
0.004941865922253
-0.020196307760309
0.073483743016024
-0.023254633452631
-0.007570305172178
-0.257623240046986
-0.456416989490128
-0.203355074719779
-0.445167139653645
-0.578267609881613
-0.680658908746550
-0.806352454987452
-0.643555444489037
-0.822896468379418
-1.071683626768676
-1.247946956505804
-1.351840987024087
-1.478369604651496
-1.360725003654451
-1.394078746268866
-0.881359594143805
-0.618497252936596
-0.541083432417532
-0.270753123986503
-0.080244568789687
0.133736101397254
0.162340951152774
0.069483618968173
-0.067971994041577
0.021405978374325
-0.176606075040565
-0.258751814168921
-0.122410777781278
-0.181197939263448
-0.333852192542300
-0.440679859501709
-0.459521945142051
-0.362693028318339
-0.193067466964081
-0.510467401002529
-0.319832744395973
-0.100437115822452
0.197920829428633
0.685437773558539
1.183621945323044
1.488706406353909
1.768566596571888
1.818026363460403
2.297036774808884
2.372954447893171
2.420719548995232
2.420539612408668
2.280589345806902
2.176690139193160
2.059515167952751
1.580156752821584
1.097254701075595
0.619935612663024
0.371253008118136
-0.033879583404966
-0.240456283603102
-0.558735340299469
-0.533422576376799
-0.529333768917640
-0.417522871242689
-0.367879125725366
-0.369702889644590
-0.559744211129250
-0.510850241387371
-0.637498687061689
-0.666073321658317
-0.672811930476822
-0.447843183481899
-0.316986675518438
-0.671031672703233
-0.911946066949714
-1.027284062825603
-0.997880918733742
-1.107464385684652
-1.292034556334287
-1.201789090880157
-1.005951166799623
-0.977230100689763
-0.831729031437770
-0.657162706101948
-0.579158010280951
-0.606895914981402
-0.630623885975947
-0.502149997715341
-0.441317432784732
-0.337190476723765
-0.171495388219852
0.163776826244162
0.264151896065690
0.279254071078660
0.235449048082135
0.142417560673812
-0.048294221287995
-0.073438827327683
-0.079317256477409
0.149917723918263
0.082293248815787
0.055879426839690
0.002536066349873
-0.024119581261957
-0.115984750847287
-0.114115302718486
-0.123687642242025
-0.259700987525907
-0.494435247508684
-0.701446255208502
-0.700937723948259
-0.620793452285207
-0.725515853349244
-0.722152476717997
-0.886708401086761
-1.227462980782628
-1.353684275186657
-1.151845173147572
-1.086002145784899
-0.795770625280642
-0.529986007393058
-0.336684202773065
-0.028731814617492
0.168894958928036
0.521673599113735
0.447641949517983
0.462430989419814
0.057227006253066
-0.099491753150891
-0.483334023081554
-0.707241502057513
-0.743604589887041
-0.877706194113839
-1.006926681018989
-1.001914391637818
-0.902899175530097
-0.712982366848468
-0.509386429319576
-0.838680009304215
-0.659146068044194
-0.445057807713285
-0.044129499933293
0.339777423626042
0.812233599382970
1.155838720766402
1.430702121193097
1.745544664071198
2.123215565372594
2.223352064829831
2.357421005303787
2.061746503438828
2.037867160383327
2.128597046075613
2.125481746732264
1.928656030800726
1.468462378809706
1.281706617908710
0.752727860319904
0.415285634199435
0.203322856254043
-0.188740647303284
-0.267850437600756
-0.046157010511763
0.024995940182771
0.024526586704704
-0.081017805191643
-0.300404500811069
-0.580938606735139
-0.797663574474981
-0.836503681852523
-0.933691065055047
-0.785749034273072
-0.810405852912563
-0.975399132509353
-0.962009912424276
-1.081324263460439
-1.147231677890775
-1.231119393499821
-1.326172356866210
-1.380336723509023
-1.304749705937404
-1.189642210323245
-0.951992298643555
-0.931616355095704
-1.163051193458372
-1.335174826338180
-1.243767070769158
-1.046157670963803
-0.754248944972862
-0.566501905986787
-0.482406765269513
-0.294033598012098
-0.268507046357877
-0.209541167677026
-0.081082891890220
-0.088584432855632
-0.224541506897883
-0.373600870761942
-0.263237966757476
-0.088827692734270
-0.166982997741031
-0.163955874233128
0.016471320889388
0.181780820888113
0.259870280066100
0.188301064313698
-0.001722638562417
-0.032810598483826
-0.424498047557111
-0.524082993159771
-0.535591696181562
-0.458192690020882
-0.425627286223847
-0.641942170134445
-0.777253966596870
-1.135545238837055
-1.380760536973747
-1.275513337700951
-0.902992077932048
-0.863251550668518
-0.588091109313669
-0.131968561774671
0.102212292455282
0.433230919133384
0.616194081843588
0.588540919973812
0.435321740717074
0.088155163344172
-0.228440191639007
-0.746523203182693
-0.995485208451494
-1.148062533502139
-1.461938683251480
-1.453611142540508
-1.359968996435823
-1.309107793899840
-1.045965914780725
-0.980394235407583
-1.153477940866539
-0.807201055923573
-0.349277076437216
-0.071091078161631
0.200857248294529
0.429613651986923
0.740816434957904
1.141840694703101
1.670972712376332
1.904042280188079
2.274634172839612
2.458114154390399
2.285155656005744
2.200707153805213
2.185657212898577
2.056319732685818
1.953796682548089
1.957080670291715
1.721296790398500
1.019249620490285
0.905277906931621
0.832281219142234
0.406657120136869
0.235929627732403
0.331864577900221
0.310982961215085
0.334551762328091
0.153873023983184
-0.049574270048491
-0.425137655429006
-0.782777027026060
-0.943604850814500
-1.089557401875589
-0.973364031261020
-0.966920124887656
-1.020341678625047
-1.137349198370769
-1.233705691046233
-1.296670371491458
-1.497660467353177
-1.498356316411541
-1.489994863323185
-1.431509975097021
-1.319882010315555
-1.415050747302607
-1.576491805765494
-1.721703326952150
-1.628342312582800
-1.324038083099015
-1.164900775656334
-1.156663434623997
-1.065435822474444
-0.792849561278484
-0.673641714213835
-0.675613824438924
-0.725195550826557
-0.610669420301827
-0.427081956422697
-0.591749973225364
-0.818843032375417
-0.774463462896953
-0.472427783782622
-0.302527773774023
-0.247251697347436
-0.058000568696959
0.340833547090880
0.477053934266214
0.458914426238201
0.133778028713100
-0.078197452589385
-0.243993149547514
-0.417181664873668
-0.463456296920119
-0.368177791810728
-0.318819338834213
-0.496486915201349
-0.919067201919350
-1.194678056438424
-1.347083887368447
-1.417604468963541
-1.195317027441454
-0.932174221242578
-0.632638053878426
-0.210215474775071
0.381562124255572
0.619764462070015
0.644592897837571
0.468714594474633
0.308153796331739
-0.151022424691675
-0.781445056139986
-1.004133441259813
-1.130142065223803
-1.591731975558779
-1.977431607598265
-1.864109261623291
-1.786489553851595
-1.632316682600570
-1.357374023644774
-1.334547917144954
-1.616923403290095
-1.006382351301282
-0.567467657135704
-0.294124850475316
-0.063068552494651
0.100541807216513
0.259355659071095
0.633980013027944
1.286443145288108
1.857295951154121
2.161216858007971
2.471508959623535
2.485187098551054
2.589414297811971
2.499723449239267
2.345378636296314
2.253157191903409
2.133199342217796
1.714817723132342
1.225909551421768
1.102938060845525
1.060952356959175
0.598755361337738
0.652688544119806
0.717969672062320
0.542560864798011
0.406002196332897
0.208209569001513
-0.048400168689721
-0.247715982533837
-0.591177400157620
-0.909992051964553
-1.044193173700664
-1.169940871394707
-1.240697164225855
-1.236862170463599
-1.270391255919910
-1.466982448409424
-1.665635358474526
-1.666729846509324
-1.620547033396258
-1.565794996284421
-1.438000383664668
-1.490970773082900
-1.675816239397469
-1.826675742918426
-1.965851666624982
-1.751407372320663
-1.475700523572554
-1.322674135662452
-1.233854900020071
-1.223468561833519
-1.086840198209548
-0.896154142932575
-0.955840931415180
-0.909349777249794
-0.938220681660519
-0.889035490016455
-0.964658012791889
-1.136816825113107
-1.004917177757762
-0.694499404508632
-0.254723735754211
-0.020246206807353
0.353045407412473
0.679307250579600
0.861548052484082
0.691869214842896
0.408429078297446
0.066032049564204
0.042618807891387
-0.100327911513061
-0.218191673467556
-0.311267664581890
-0.202387238398006
-0.318465044575111
-0.676301623604546
-0.911186465731512
-1.042250617658931
-1.147911950811732
-1.172449273176992
-0.951271045555483
-0.717704009091317
-0.380322666903618
0.238989366477601
0.590295360896266
0.398632690177014
0.332104082127378
0.146633781935457
-0.424326624591934
-1.145183879416378
-1.510755121114712
-1.712127209874603
-2.114469814991191
-2.360737704195170
-2.482569372523759
-2.493336959956652
-2.158978338858385
-2.129533743526218
-2.136751393125545
-1.942569811442777
-1.217142865357553
-0.779199333606475
-0.498687819644702
-0.126859375390465
-0.136916388926525
0.094433240378980
0.307289916163985
0.803269672202473
1.367405456669253
1.764016760639223
2.202646567711062
2.570334299260567
2.652126136729614
2.609917150147604
2.581626166527752
2.359661618115925
2.105585579119041
1.752887978318912
1.341437702577395
0.941063110573035
0.953726018846680
0.838072669947266
0.810642815938335
0.816580914808343
0.634405741177147
0.427314207877150
0.258834338594306
0.104693616252135
-0.058698726824614
-0.228627617737792
-0.657603022554956
-1.034783661353643
-1.202269910790310
-1.557541288624608
-1.402217470099540
-1.518456480292544
-1.715195269324537
-1.949486440604153
-2.023361724496408
-1.804336412431034
-1.843712391271142
-1.698883244682689
-1.619063062856762
-1.757797836373921
-2.151496891631269
-2.073685721148605
-1.800101078673252
-1.502870875824001
-1.352027608370014
-1.216756454454627
-1.169725328182498
-1.212215965587366
-1.230978154132168
-1.261325921716919
-1.056436848587541
-1.096361284385977
-1.176606643777877
-0.892936525522176
-0.906045707627545
-0.827830049662717
-0.613763864315320
-0.271741471445740
0.301571067324640
0.871608633282167
1.166848931267017
1.085899978943411
0.823567713920413
0.693746750232783
0.579053096952813
0.331441113414121
0.220949884299875
0.104573465164800
-0.034082597526260
0.015800277875979
-0.151387016735797
-0.428732093906429
-0.680807407496139
-0.645957189984781
-0.714593558247218
-0.834924659254657
-0.913923551738196
-0.799292782498215
-0.487270249613696
-0.165536868976291
0.137080749302791
0.238727364442926
0.109751241013213
-0.139686709700868
-0.653967071189769
-1.418059277702103
-1.990048141062052
-2.391400251245596
-2.769638291213498
-2.956888974500141
-3.147021668103328
-3.334720068085329
-2.877096582805216
-2.651619611003678
-2.563815853866048
-2.098741993962961
-1.503467520392870
-1.086193048642933
-0.503009671606835
-0.092711452526575
-0.123568114985996
-0.054261089111699
0.142268032694492
0.456046984465229
0.980433777368834
1.331762148167404
1.889639306785327
2.450214717054287
2.626035984763980
2.592451317864990
2.437345210875611
2.278023680526057
1.998683813874711
1.736917372551384
1.190127022839045
0.955593115469986
0.996457232853972
0.906011572608811
0.820300902817011
0.681589091366177
0.394185819207171
0.501044906196904
0.566982679791252
0.384424217314512
-0.062073850106494
-0.102215266032064
-0.395625555172864
-0.643746322533068
-0.998862815023511
-1.319738706917917
-1.318688296973320
-1.660376891211459
-1.863691951528006
-1.898899717940376
-2.127666118040686
-1.981032078495165
-2.030898350124745
-1.928747943533001
-1.885725004656560
-2.163432938546385
-2.255692082277021
-2.170573691141242
-2.012963071464986
-1.901758145640645
-1.642044688493752
-1.453996469248444
-1.344155321691184
-1.339260842364432
-1.463231399318135
-1.484834650968509
-1.383102142041031
-1.260923734778868
-1.265191519030114
-0.832545826602372
-0.457028421118460
-0.216514649370268
-0.040263965988637
0.226514603136285
0.672310261021506
1.186174146417271
1.604053450085113
1.577727694634124
1.608916091648199
1.557863500643329
1.395768713979068
0.996977452709045
0.819641059304462
0.877030034695125
0.775302626310950
0.520106127516713
0.254234727548327
-0.138917184362796
-0.144694617667642
-0.300872945598925
-0.579233452039702
-0.665670569877127
-0.856150930880879
-0.784968492640728
-0.473819932118289
-0.321321448167685
-0.029671700433191
-0.034010367649866
-0.109917233637326
-0.370839770453228
-0.874839231499574
-1.423766757019662
-1.995967951087765
-2.613254114712936
-3.341178198616083
-3.721039415923879
-3.677721258349876
-3.620599069567557
-3.425585090269728
-2.876261220780779
-2.452921241074255
-1.798872125951270
-1.439411484583112
-1.174416486429350
-0.633605725717629
-0.273743918164139
-0.201638083846231
-0.002022500703230
0.181451145723003
0.452374084584998
0.935410870804549
1.327028713701233
1.693646137506228
2.075174368093216
2.081526069015291
2.061842737955591
2.157463255944770
2.095799505483348
1.819689612833704
1.488970799124876
0.958744595790310
0.979760521157478
0.958386005905377
0.657803791349311
0.653977187897453
0.689823939572805
0.432577363805030
0.377409021955235
0.700262761531622
0.459020990564295
0.176698193283834
0.274681007162369
0.107256126473911
-0.157451551715509
-0.400927091833236
-0.757190780075502
-1.109401101050532
-1.447367845024101
-1.657778553833284
-1.902475298217683
-2.278859648604779
-2.267315859101012
-2.172517452401622
-2.080129520882414
-2.132001535565244
-2.300591744153242
-2.292161193788514
-2.348872017018115
-2.396157067549362
-2.342403325169735
-1.989851342813744
-1.655607481112151
-1.551483266658233
-1.626874470285781
-1.865851555763968
-1.997588618022711
-1.870775584396282
-1.696696793983316
-1.462591110304663
-0.732219566162335
-0.102008103508056
0.210602957239928
0.405961681882925
0.683154560940923
0.883050969945767
1.690095229752520
2.265518625110209
2.399313172703094
2.559836851833837
2.393016648754056
2.046512688887677
1.677147997020521
1.321841881627003
1.394564394134664
1.235081496888144
0.957096692906851
0.739039066083266
0.475161726665518
0.303219107783611
0.067823867007504
-0.400796117038946
-0.643945800535499
-0.640744499049206
-0.486764062562886
-0.367057275704643
-0.160067232485025
-0.146101894780737
-0.218525032213662
-0.342569252307194
-0.772061496098796
-1.176062380236638
-1.481218131189344
-1.919050710558715
-2.630310357297146
-3.375637237317706
-3.872439834208075
-3.657518473214386
-3.803566130500094
-3.803750732300089
-3.143438512930301
-2.289601680511033
-1.795783827820486
-1.367460994234973
-1.106353786528847
-0.824375286873731
-0.547156671249029
-0.149749659108589
0.118318880466307
0.152924534100894
0.542603121646052
1.073671553776823
1.377949777077075
1.843790747406794
2.063943239981650
1.957893423312867
2.000663531273570
2.080031241913678
1.906849264405442
1.504820624985327
1.165903985627814
0.927519421807969
0.918080963313520
0.734689046793852
0.604109027290027
0.519299072941951
0.582284852043743
0.601360514104448
0.404398708520526
0.698866998263196
0.562853136540949
0.398024014314842
0.553072192150051
0.574512853889137
0.316693083038714
0.162644829559933
-0.285509712267619
-0.912756620058573
-1.249278033188491
-1.328641388354371
-1.661891408008040
-2.238348465324912
-2.310857424404999
-2.033560800089470
-1.968200073066893
-2.237982763114086
-2.333060476926377
-2.507094997118775
-2.569960587919450
-2.674815597438630
-2.675944248839742
-2.446928349037318
-1.941872775549601
-1.766048510178073
-2.050326968726008
-2.348533257280701
-2.324598249742444
-2.159834076781054
-1.757435405322731
-1.328119077046640
-0.721862781134335
-0.188966183515514
0.316854713980081
0.655589118487512
0.934946573992203
1.395859245478434
2.446704347574939
3.000409011402487
3.007242556269909
3.129483825609200
3.031266011831842
2.669675358345996
2.216997866738982
1.758563040343266
1.693159168527518
1.746279280843110
1.536976346562466
1.290241270731700
0.968378936586938
0.568146410693694
0.382746969814266
0.003542113679020
-0.320342481898707
-0.482624000202077
-0.471504058014501
-0.412160215770978
-0.210536407715837
-0.251962901768465
-0.467510371209421
-0.703908309439123
-1.158813771546675
-1.538476555703718
-1.644977803738508
-1.987990807294560
-2.605999045056723
-3.248599296132561
-3.592882148934446
-3.523585506520654
-3.574130930232946
-3.623374090994050
-3.048285618267772
-2.232331023592116
-2.145722684549019
-1.494582289757870
-1.121478621306467
-0.908134116147734
-0.577784708456976
-0.042827976872132
0.162213555947166
0.153324952714196
0.675470369333625
0.936741761777793
1.068578386835950
1.424296439625625
1.710034572813679
1.793995124032331
1.954760648302623
1.948253267680526
1.838068941682934
1.307088008709947
0.958987596651214
0.769871573024894
0.693191620745977
0.604270894635086
0.497385451166040
0.310472293873307
0.372536647149640
0.553551449223703
0.863140213993182
0.973960836145155
0.736111916321485
0.606261463592327
0.880969842649706
0.965811197187190
0.766378202845247
0.554449840953622
0.073953989744738
-0.735035159769667
-1.112714911111980
-1.125875820547014
-1.380370611957206
-1.994582437366177
-1.930610101638442
-1.718526395358189
-1.912422612458283
-2.309048944938279
-2.730427677622207
-2.935086234538694
-2.790412903796491
-2.720408109605059
-2.771321805186867
-2.494438846842015
-2.160542829702687
-1.861444167558446
-1.945810677141234
-2.180805387540889
-2.318898786479517
-2.023056238747501
-1.555669676998049
-1.209069193132497
-0.821248641169513
-0.303979072504694
0.291416179635119
0.788717414622467
1.295489809532869
1.985213638073134
2.748089456264697
3.350366523487205
3.437333153949371
3.540024855737352
3.292385822447417
2.992897598881340
2.604441402081303
2.257686206634722
2.105871718447582
2.185207507387859
2.038586880170485
1.925548875221137
1.481490271010213
0.920659383233963
0.700749357098257
0.309047688849734
-0.146414168633024
-0.414259383006490
-0.595741476340542
-0.432633536172636
-0.302656911770094
-0.230829518171516
-0.374853618502444
-0.851741241200216
-1.345425889818387
-1.826035760871509
-1.957567805894072
-2.280708067815602
-2.792477974888300
-3.232205938189272
-3.619100999794641
-3.509662936913040
-3.452298484295568
-3.428308646438738
-2.920659775892586
-2.479537422730016
-2.249001667370842
-1.625470780805758
-1.100028733131022
-0.813426662600500
-0.420157439023813
0.200241557851293
0.566315223747729
0.505055810122573
0.674529789400906
0.857040364013418
1.089263520070437
1.430351653456425
1.653509306249353
1.641952232314349
1.585992943736981
1.745936700967334
1.825845679902359
1.730563456510550
1.350389749029777
0.811746984019172
0.541334221138428
0.436373140556527
0.318562691518896
0.279548623769511
0.289551706606841
0.657386126167906
0.849773353406833
0.821156051602908
0.801023261171845
0.790725557790787
0.948178614988384
0.847356105802775
0.589055982382890
0.703172309192703
0.327446831447435
-0.494525761457004
-0.887870827734598
-1.105436419318622
-1.430034970402817
-1.966137861958422
-1.950355286871781
-1.831286509223382
-2.141797612625794
-2.453835934593832
-2.832200916138570
-2.972867235640473
-2.971879212130315
-2.996718815735022
-2.932104766396072
-2.628546730330048
-2.181131889876526
-2.055812727159366
-1.848868195429118
-1.852656964414709
-1.951963194106507
-1.914878817375721
-1.413558768067335
-1.057399144551147
-0.745522303528852
-0.283824777696061
0.199595937611232
0.809942366816019
1.605256444152477
2.244275617386347
2.758071650816838
3.353703688894697
3.512898655023132
3.579282099659978
3.587735318850215
3.304713167104945
2.793136272920526
2.502536032490335
2.410866551188727
2.351191235830931
2.273766719895274
2.102161995830538
1.740069303895135
1.385849185449398
0.968007859260347
0.714798345501856
0.230625748922969
-0.267833186168813
-0.617144395892174
-0.417757771831874
-0.186594333240266
-0.057617296930217
-0.470388719227289
-1.043585771036108
-1.530154011014975
-2.063403079909350
-2.346647955252610
-2.487574565654069
-2.903286783854107
-3.215330198319760
-3.358405096323791
-3.314261481648370
-3.380537859792955
-3.278876875701410
-2.872382206224383
-2.699900843933223
-1.849602518015555
-1.449001373543303
-0.936147703326697
-0.549502426835136
-0.056183577001230
0.366388508666338
0.914936666612606
0.974872837073563
0.816570612352661
0.847964055809264
1.078943901609528
1.255028567826462
1.485378703493555
1.498015864752859
1.645326265972802
1.967489436771169
2.013537524863126
2.011726302066160
1.479058257442403
0.765613807460322
0.622548626910980
0.560647500856334
0.367906137343868
0.509060016033079
0.391809128957157
0.633402285615587
0.995372256733454
1.041919613641844
0.885546703765496
0.872076292392789
0.464153535496546
0.355033659593168
0.462265400858381
0.573029621631173
0.285454114785646
-0.508454931873103
-0.957998210954533
-1.388263803459257
-1.819942136996565
-2.215945384919424
-2.520263167458814
-2.545473605660249
-2.938822897836305
-3.146255975270910
-3.160783025332036
-3.273692244950729
-3.359478906123934
-3.246419382114067
-3.045378284788966
-2.753845185228258
-2.333375438577295
-2.100193374571389
-1.786616209960369
-1.618539976877766
-1.818071731069968
-1.915602126430070
-1.675354592393528
-1.315826259005136
-0.928001116985019
-0.459257295193428
0.003333708422997
0.746019543528546
1.469320666143573
2.064536857173426
2.722900913286313
3.249532463573431
3.511580331564257
3.476334897448048
3.413954842906874
3.043491095020107
2.672380478574906
2.531543371186283
2.471016748452045
2.478878380479129
2.234000124667415
1.992112809550401
1.539698943611931
1.307358353828799
1.292960294760073
0.991317682973734
0.383522237830131
-0.027618847206365
-0.216981089603980
-0.175624712037708
-0.104483941853489
-0.200983603288426
-0.555127519162588
-0.981375894938635
-1.680257560822056
-2.132803369957882
-2.454837829019012
-2.810341491052091
-3.151679718891605
-3.217641071682269
-3.185956444978921
-3.174092828195298
-3.146208475952832
-3.160873957222269
-2.843943610294012
-2.429202866871500
-1.496926982187577
-1.268087562310842
-0.923144404676925
-0.450419393920844
0.017681766459323
0.554151755694263
1.098886651951323
1.333308114790779
1.145942024638105
0.993289355132210
0.955605599851034
1.001976269543269
1.215709518784765
1.348029663942109
1.706795356210682
2.100081117708403
2.214513224799224
2.175559560940448
1.788095063773134
0.955813049762872
0.838367281271160
0.641594372690470
0.461334808204135
0.581440072002028
0.350344057015857
0.480299528305215
0.793453347317867
0.897283218467183
0.771908142660652
0.660969101331328
0.448565850324043
0.396645440661967
0.578055077369125
0.370017455897323
-0.066573073549024
-0.577171698538469
-1.245097420794568
-1.833315557960790
-2.286551776367548
-2.668299951321243
-3.041848629490435
-3.278244964831790
-3.617504113331008
-3.462695467695421
-3.610700992757983
-3.869805039813401
-3.842695010243260
-3.550740916865390
-3.333854296778719
-3.200323745165032
-2.676395487529391
-2.219069804536256
-1.840522898327910
-1.799255461524136
-1.875928141164054
-1.997415370100310
-2.041923882551228
-1.726254611419834
-1.152800064191225
-0.637888138844607
-0.092408839846088
0.641708026252015
1.543438608430638
2.265024359257650
2.864022518462978
3.358485969327079
3.542034453694908
3.527895410939295
3.308926594982950
2.799565837736258
2.567067029810133
2.367839210167592
2.529641420327735
2.517829613659473
2.266117335589518
1.900516960775900
1.622787668228857
1.362404203465567
1.562802755246671
1.214832916435960
0.879258245504372
0.282861270112737
0.038063004406787
0.167522351705374
-0.022662977633436
-0.200169825378308
-0.646154344074253
-1.131306378373287
-1.604732076463923
-2.199962335141383
-2.552680783940483
-2.745315852162677
-3.055287304637815
-3.021905810512697
-3.057678397170596
-2.897256523034897
-2.866474462954266
-2.762114156422888
-2.438844732848697
-1.935643312086818
-1.440635663578028
-1.103646259074469
-0.671002466667146
-0.322636893235527
-0.042312876028298
0.480104998966297
0.933612805725851
1.299985047712536
1.283901281768146
1.025937196027037
0.826173859734310
0.906315343829857
0.935775515529804
1.350737972730731
1.656356922907132
2.095956433776999
2.185205125585850
2.220253901489591
1.854412555313360
1.271973331218345
0.961833038985506
0.577567263846789
0.448384547082539
0.403679229649779
0.118084043107526
0.182500379658573
0.277270490779874
0.491059019182000
0.662313401105898
0.458184282690137
0.353222943712626
0.158586366467709
0.222783579099587
-0.040433280881050
-0.375894148856352
-0.880582615892582
-1.602916237703896
-2.203325051377990
-2.778132767191632
-3.086483253556358
-3.337707288909995
-3.477992291082052
-3.556630425275070
-3.528878588211541
-3.866892362813090
-4.018527486576167
-4.046735753385923
-3.901123880132134
-3.761473169069509
-3.643349045671361
-3.073281638594497
-2.510934986937190
-2.239094776917278
-2.266594589193541
-2.373411512287162
-2.379343177489125
-2.302371096062786
-1.976466455915223
-1.363071186177389
-0.563824089420298
-0.019178420492665
0.619971178180174
1.415733146113106
2.295794311034226
2.894372153211126
3.266009805160633
3.414199112339849
3.605112712468095
3.370893072035137
3.005190587718382
2.768491265272146
2.624048698955604
2.528140703475232
2.370926930560926
2.062013289284021
1.806539856622872
1.763527489567783
1.750697303004133
1.874505759821385
1.658305838572333
1.303071456341625
0.847064062075394
0.630973766108132
0.506400807447697
0.294975992351843
-0.105274109722367
-0.623849322516102
-1.254504355858318
-1.755129388535051
-2.156615953977932
-2.462145448698665
-2.728585867585012
-2.855228562038914
-2.821797515991960
-2.739958886984046
-2.520142156078516
-2.471226177323641
-2.271417517125647
-1.942765092784275
-1.621129298272952
-1.268412418803683
-0.992063737904853
-0.775783597022963
-0.387198123362832
-0.122514847195187
0.438582800314240
0.883983791173265
1.187965493864725
1.104123504862510
0.743826223971531
0.572131012798117
0.735051253166909
1.006145386746326
1.456726679592499
1.942959586772837
2.067739900981524
2.172717732649924
2.227860854930857
1.835937653242798
1.394166240269451
0.997320610446154
0.638806515656752
0.404595149392233
0.124604614951989
-0.092418618128299
0.030983584524928
0.179980136713377
0.412154184276812
0.235646105690206
-0.068481553771908
-0.085815678988192
-0.227942986456172
-0.255154554351418
-0.708867228614218
-1.019104369983776
-1.459910967675378
-2.078769445907643
-2.594687903137161
-3.143108269345499
-3.336249996652392
-3.661879241303743
-3.698852112572057
-3.811148184189576
-3.796260891466806
-3.961798723403054
-4.197789875286151
-4.127608090260762
-3.940044858044012
-3.737698086844957
-3.397897516072852
-2.904168614100059
-2.598680426845199
-2.674386818230418
-2.576290121086198
-2.712469007082505
-2.618024457889220
-2.431716669480734
-2.092602547839800
-1.565693426075592
-0.742285098869582
-0.025786979456921
0.549006973389464
1.481986138449904
2.380442018962643
2.803034007145888
2.973637283659539
3.186040052925318
3.428922505370938
3.441223101079274
3.435210844829206
3.199390251251074
2.987264577385772
2.844883356487427
2.589548587087133
2.323254562715715
2.019968910396594
2.055730330685884
1.958489264953443
1.903621757821266
1.892527666643332
1.578928337597672
1.095822149810474
0.825420607843775
0.755041865010037
0.515600369786724
-0.063239178869632
-0.463630215344968
-1.069636980467253
-1.724640104079898
-1.869282511997586
-2.101806390496266
-2.574678902815970
-2.672951245027885
-2.841202591965204
-2.623262404515561
-2.262696433021482
-2.123137860552057
-2.163475530812326
-1.782570085303513
-1.452271092030538
-1.132316854551455
-0.972561007525251
-0.784933028962039
-0.424786225652484
0.027529201631484
0.390699141878276
0.777591923585009
0.889748920693922
0.668686816053496
0.366892564909837
0.199663890371742
0.639346592489145
1.164768474870220
1.697946373996373
1.935861628778807
1.995544114630869
2.171575488712847
2.020985768966833
1.770007936676294
1.434364259017054
1.203679108481589
0.748004670127441
0.225269673972691
-0.053252587109903
-0.159118213765965
-0.034401079182010
0.054870273913046
0.030333160937024
-0.218687083009255
-0.250573210891103
-0.227631481850669
-0.463979178376178
-0.903581162954399
-1.478638275499815
-1.724613558890040
-1.983188112620626
-2.523246270527149
-2.820773965262747
-3.265299169003865
-3.677016136137492
-3.993301643180594
-4.104824074144212
-4.105866583312340
-3.964371354126865
-4.009429640776421
-4.207627963797712
-4.265204670219137
-3.960082966099591
-3.621166532700244
-3.226693106968093
-2.938578617942973
-2.890085352361397
-3.014172412322442
-2.884523685434397
-2.654377269125759
-2.592184453678146
-2.334595182712004
-2.109240489798232
-1.589778288047831
-0.897915366960622
-0.213075331586967
0.324598658205507
1.263973315809871
2.071081952391317
2.540377739887781
2.889349393028090
2.995352052214233
3.421703186185480
3.728446502721487
3.862263511823795
3.765187811271233
3.688213119214972
3.610760741131491
3.076303587639294
2.662678656432527
2.296102042984031
2.143082978441560
1.915307039315289
1.817797661027733
1.918347095704801
1.608673787496263
1.273989077087036
1.297000721196863
1.004732113435175
0.808251704451013
0.294487640923926
-0.246084291345921
-0.798515350460630
-1.198179061873198
-1.561782991894508
-1.829233928327351
-2.351219323162242
-2.669547344224210
-2.847691445198025
-2.453166227665831
-2.020263954794036
-1.922394976949586
-1.967690472547195
-1.893834038981260
-1.379963990780799
-1.162163227912453
-1.075487783097330
-0.746639909476490
-0.429543235069120
-0.230419771416886
0.175750066686287
0.450118251019187
0.596729320507150
0.373089462534801
-0.049994393647460
-0.135998323727730
0.364383118049156
0.989853537119786
1.593579150190218
2.009937158688293
2.163464813996772
2.084489425068545
2.020877314950579
1.858069621153548
1.909838962712096
1.380834226294321
0.830158327782017
0.393009578832614
-0.002847316590330
-0.264510866208422
-0.225018069207947
-0.060615323618820
-0.025336818816887
-0.332372143154134
-0.437345425775288
-0.497520225166581
-0.965686000875253
-1.288770050656840
-2.009280263061038
-2.268264481034908
-2.415214537737640
-2.711610462586025
-3.064094432750292
-3.643796310396882
-4.102898583466629
-4.275227770178422
-4.165551570297205
-4.000353215068330
-4.125999362046412
-4.216622854377030
-4.229755204767951
-4.382687106193149
-4.121284771728028
-3.715482612823224
-3.371170912675890
-3.215219707961823
-3.020373853784037
-2.765116578262048
-2.637979087933215
-2.476862235606804
-2.401670334790332
-2.224587558067800
-2.082858761971896
-1.814035695694332
-1.037111471802037
-0.436834133701995
0.118666304665224
0.915751826476365
1.687246316727964
2.340988984139288
2.762647093755750
3.157356515205642
3.587685417703800
4.053814211695554
4.247268671184082
4.368133254488634
4.381229381409395
4.146959098914172
3.679038989982622
3.054542982911459
2.638306544103348
2.229688885010305
1.956094976273846
1.989754118456464
1.967246908795291
1.784026464368723
1.545365663131808
1.676692377651365
1.461081729077568
1.369239069169999
0.927330330971980
0.126717873109652
-0.572814285215508
-0.881156705690352
-1.113176461292137
-1.582413474570496
-2.334849578035642
-2.781238844949113
-2.799707620850632
-2.267842846644548
-2.055936971490874
-1.966018749055511
-1.901998684225465
-1.755702417439207
-1.432359426649938
-1.067396406340845
-1.076190514384693
-0.812757506332029
-0.679360219522418
-0.519025174036239
-0.070298526256141
0.080353105857381
0.186093680571671
0.237474114251195
0.070608021261785
0.050726684095011
0.360276269203854
0.971946895031071
1.473988722765249
2.073816606321769
2.288202804617815
2.265871667389070
2.157333327400637
1.852039338267906
1.726542137450754
1.264036587504376
0.776980791761764
0.667544224986251
0.090839933166340
-0.274724953590999
-0.420662079045857
-0.445881729710816
-0.362464879512032
-0.388957119322715
-0.608566547177639
-0.932575107939588
-1.352457498750366
-1.728338645318181
-2.303044236666621
-2.623814509455960
-2.682027593688539
-2.939510142065304
-3.460917186026928
-4.051945965903841
-4.327899233857039
-4.316970315667522
-4.054445669555020
-3.907349696239473
-4.012823327740214
-4.257674615333551
-4.294366540015027
-4.321826895488838
-4.182560002985785
-3.631580504088546
-3.302178876765705
-3.227745488618083
-2.779409801763415
-2.433794253042665
-2.209785197979034
-1.742904511304975
-1.983879210757767
-2.367449422197055
-1.877617140259757
-1.423545619960915
-1.040415063906255
-0.527719153177893
0.220439382871436
0.581906574805103
1.401474480164905
2.284442607291511
2.676508224076244
3.341835630566568
3.881832150170720
4.346977848407424
4.545068911925412
4.834232488648470
4.862657553769379
4.559048245627479
4.192324290535828
3.548275774588197
2.607484476700162
2.118119551845076
2.206302781201490
2.137113999477505
2.195284344965901
2.147831061635434
1.920051882904839
1.860418851476916
1.918702462599886
1.977710918012950
1.477156089515586
0.568248766537461
-0.187851324326457
-0.688272346250312
-0.716961001860512
-1.233285918661374
-1.852298743973758
-2.382040381962776
-2.652312602996882
-2.110396728822410
-1.795230392469890
-1.699433429056033
-1.856801280376817
-1.510068655335845
-1.179025396281897
-0.969914618356660
-0.931191473158159
-0.784417463393147
-0.857714353303618
-0.737968727887080
-0.262231353895688
-0.119643633472483
0.095202565638266
0.314832948530615
0.352666882177176
0.424351028165683
0.757655426328700
1.120748021052183
1.466003259395968
1.908132719391864
2.221512232228363
2.350109688873230
2.062075727070361
1.596829252865789
1.334705643376742
1.068132040725773
0.718513246318735
0.511700577975819
0.071544877136452
-0.166389810713424
-0.483943855949227
-0.650317787550424
-0.631493528918723
-0.871634166354086
-1.239635673184304
-1.354560388188515
-1.748430932826399
-2.306542117668442
-2.576198259250893
-2.950671719574308
-3.090872904298128
-3.331658880811513
-3.845701052621554
-4.389305885696805
-4.484438706361947
-4.301061910885367
-4.151693532790611
-3.958987047679672
-4.091782982516008
-4.286596458587726
-4.389867967616231
-4.212881522582595
-4.037618778756820
-3.567353183947801
-3.089621927490553
-2.862873988066086
-2.450980266885132
-2.210080109209787
-1.758287175397226
-1.505247297706557
-1.741347385411845
-1.872441390778039
-1.724963019781460
-1.416387432286456
-1.109895566772123
-0.375197301608841
0.436785509197350
0.684042196149136
1.254395504954230
2.267855027235902
3.000765352110037
3.492539048888830
4.024564162381821
4.531562778380470
4.838448024437057
5.214267697248108
4.962492471464203
4.676995200504768
4.515501825722725
3.989781844074294
3.064881126813492
2.315097941948846
2.348904532361042
2.344920858322435
2.405331216765151
2.427888080715567
2.418859320535488
2.177054444314447
2.286575789186165
2.425220702232485
2.029114566001672
1.237115390946951
0.255926366550864
-0.112285039624125
-0.301015064189439
-0.952238202045649
-1.430068294716899
-2.047393361193695
-2.338537322218763
-1.998636447718705
-1.706524836513845
-1.358726319899132
-1.241687115098169
-1.017429301255981
-0.930981700263620
-0.991003013593684
-1.031588856071740
-0.966502376507843
-1.173862526207412
-1.034632049649088
-0.453238284088300
-0.138950352466983
0.175698128718893
0.276046828521297
0.174075714890948
0.280883238478796
0.717470328930523
1.124511178317396
1.540359845982033
1.933525901949017
2.145501483648252
2.333031081211525
2.020277848959570
1.426350381899932
0.887444685758253
0.829867342774520
0.414710715611617
0.100045947451309
-0.105210976512459
-0.487992769694944
-0.741115505902769
-1.007088295680217
-0.995148387591246
-1.268568307644742
-1.736947164969462
-1.783614648153450
-2.203522419399271
-2.637127764980416
-2.935058857519753
-3.151528713647662
-3.468968969199996
-3.658549780073246
-4.116439960293914
-4.505117060365904
-4.491263476675795
-4.293779045540119
-4.337083979759949
-4.194883412180695
-4.168261135479510
-4.445530211238054
-4.325252475937861
-4.150137312153380
-3.792491646727101
-3.367488458867327
-2.841822275866920
-2.541322618408449
-2.368781239699944
-2.061650515921869
-1.742973175965016
-1.527480912835943
-1.493767579758681
-1.376007385312945
-1.289760484260902
-1.074480826248000
-0.786804618532499
-0.335638901588925
0.409353218791781
0.723610067332682
1.221720298256007
2.157321768300112
2.943756978687727
3.379639606475169
3.968023331757996
4.443274953715227
4.669066105774503
5.011318814879798
4.974281493280394
4.931316258505636
4.830835237212222
4.502247975309508
3.727140255373349
2.963031855408377
2.697021338962910
2.641060154104812
2.651838687962401
2.586104914145828
2.525070823912458
2.538788027579832
2.667740261583641
2.622360859805495
2.376424482928280
1.757362317554123
1.059379421505775
0.751328086499969
0.336268074303180
-0.330026016143690
-1.087205398474700
-1.623591157710759
-1.791219936088280
-1.707101278093790
-1.511324347110860
-1.168831654948596
-0.910476775496578
-0.799037099830100
-0.801354426838255
-1.216456476513127
-1.332683227966737
-1.348618259003867
-1.361685400518526
-0.980451657920637
-0.519263422685679
-0.185416834721532
0.067298974259028
0.203980433719408
0.153092903295386
0.221622857239467
0.553941554515781
0.978267323894779
1.464632215925022
1.884130022051413
2.071961381477856
2.187118754012307
1.835383437398852
1.354014687128802
0.954468535134771
0.631041965462219
0.227053598186706
0.052354223781949
-0.271780239876267
-0.500252114952709
-1.033149886570667
-1.245979990633970
-1.339879052542505
-1.774498934293738
-2.275679680530352
-2.516206491117497
-3.012026855162440
-3.495644273394070
-3.699026510114055
-3.583427462325584
-3.756170927121382
-4.109273645049348
-4.413960595696625
-4.693998753617576
-4.582769959433326
-4.318517496564755
-4.397241437294443
-4.358002095116340
-4.085480648430840
-4.167800389836217
-4.033232885056663
-3.870772359442584
-3.540470053139589
-3.172060102423418
-2.752220168678361
-2.349787679211163
-2.004681136388921
-1.730880335567360
-1.602961415166634
-1.314325321212422
-1.009719830081954
-0.900684570839535
-1.017151296507251
-0.911621801005157
-0.483171626155940
-0.075775029292789
0.361183333002276
0.803978433603092
1.548897009652151
2.214121960242529
2.829394798041626
3.299100528733150
3.783339942634491
4.296130466987012
4.477592179865981
4.633554976943004
4.914528374571312
5.011541370913216
4.905313671312883
4.746427796542741
4.076442361530328
3.580298626768808
3.268139782124140
3.150604126637103
3.003942284244117
2.877031221951374
2.766204552575275
2.657803551623156
2.686083397240903
2.824976428621267
2.600102733914046
2.004741659520278
1.424787437759758
1.191881092378356
0.903211666111287
0.452933322539698
-0.435171726039329
-1.087086592686004
-1.378496758686701
-1.464961186624939
-1.119465256852472
-0.997180295138657
-0.747102236975528
-0.753181378237517
-0.877255835954918
-1.249867303198974
-1.522529793894477
-1.301975121272747
-1.083991457144597
-0.798182757806241
-0.311684925865963
0.056123785630415
0.049128369093216
0.017396553910892
0.114614309349109
0.147653444909457
0.458245501572475
0.880163283690515
1.286331228460147
1.588460383110657
1.794795963360708
1.742690682692335
1.609795421749714
1.055307058306415
0.780480635305739
0.635235071561966
0.120200677264662
-0.052988310594994
-0.364648840407047
-0.675706535258928
-1.407936290512952
-1.704783025651562
-2.027325554832889
-2.522520331577293
-3.018296300865281
-3.316968707750827
-3.604554095641733
-4.080174389671628
-4.284265766766564
-4.265726278916252
-4.392053240939870
-4.432185753241855
-4.528185730273878
-4.544440380720339
-4.808565816057922
-4.699084499138031
-4.387434786017463
-4.207154311528343
-4.058934099330091
-4.071467031243121
-3.921390592646754
-3.655967349990082
-3.488071103903356
-3.280019485436831
-2.725701139461433
-2.054223169444470
-1.732167556755840
-1.701583435507347
-1.543036762830384
-1.191736696962439
-0.759548311558769
-0.639013600124923
-0.704586124311721
-0.672520974630255
-0.234815315841598
0.078314331000814
0.553907012890517
1.146290997194740
1.628212904898625
2.077690587453279
2.635444004981232
3.222827276725553
3.914499031705200
4.499184532124406
4.641219938323518
4.908921458129940
5.221754669962443
5.116145599556202
4.905337241932011
4.797741523602775
4.450034773502712
4.156414700237774
3.914318648796476
3.611463137805014
3.488504023067089
3.305457970998484
3.022955041152545
2.635845535051073
2.586668860045293
2.676724351300331
2.499042333445339
2.127535578293568
1.704199601133050
1.647481900319703
1.308995533848950
0.942362848188845
0.181463067471447
-0.409510130250241
-0.730708861970045
-0.926808584031541
-1.008259054029939
-0.899890773935796
-0.779074563958274
-0.778699214980729
-0.968861637034144
-1.051819494074416
-1.298254034171019
-1.127371557864522
-0.724187266425268
-0.580406629899878
-0.331349218619728
-0.026410964823750
0.042323914871405
-0.053075020189128
-0.326473974224691
-0.254834007858145
0.135754794993852
0.383273033392782
0.908681959122502
1.282480808877216
1.543677628200702
1.533297539211145
1.332107355831725
0.976772699722959
0.771425314605743
0.641915748659699
0.050838044064866
-0.387569989948168
-0.788771865645482
-1.196229700073443
-1.896401204869050
-2.442743384575492
-2.803390673836434
-2.948040005822979
-3.536064366038342
-3.965936318410854
-4.133457684239614
-4.586840869641569
-4.637760015123522
-4.654473332775455
-4.567689286941123
-4.590851650481319
-4.545683523779640
-4.609128538988684
-4.793352647103058
-4.810735941625111
-4.589332015441249
-4.301951290094939
-4.278914123611377
-4.275303681887853
-3.933468125753667
-3.825335939744975
-3.705008101113354
-3.299034500905619
-2.699774980342876
-2.111626925916045
-1.586700644093936
-1.566182191891435
-1.351427887660958
-1.213796956352080
-1.057591811242336
-0.726693943237805
-0.656598678153221
-0.426669080376931
-0.100754774312035
0.115081023613253
0.665525510973188
1.081379047975981
1.613560691283434
1.971405841431733
2.444475923302270
3.165489865754575
4.045325522132468
4.714381519177988
4.924816422896487
5.230825394287903
5.360863824958990
5.236372182039275
5.017724252695686
4.893978407639965
4.623742718288386
4.487564680828561
4.331334264824939
3.880036043252267
3.707697048636132
3.569407924614207
2.962918292567164
2.484670742937785
2.446010478345189
2.474285956354506
2.511572594993344
2.205376289010796
2.042757246746086
2.062148426454470
1.801674609020069
1.477564909929593
0.892518245117515
0.394749766076002
0.094150381144432
-0.310504242989304
-0.733293253314379
-0.939490084486428
-0.860976357945881
-0.759278879562911
-0.852477090980349
-0.948101191416192
-1.195101476131067
-1.085351358122377
-0.629025995854707
-0.320121826596781
-0.204186233016834
-0.018296218068193
0.191596991455637
-0.078307698995384
-0.395271290600221
-0.505977883887657
-0.248489145560462
0.021223920795864
0.383723536255744
0.667505281702946
0.843922806857633
1.039411710902759
0.760803108012448
0.609107169194625
0.601469791740069
0.546705300755346
-0.079398908227572
-0.759908214702783
-1.349820227388482
-1.799540863916088
-2.225477403381384
-2.748507416690387
-2.927399040678145
-3.256728893122565
-4.017858635192189
-4.658232994072939
-4.556354415867561
-4.730031459298169
-4.762074181640975
-4.669041619383701
-4.621284752621363
-4.802950010505715
-4.878576884815158
-4.887378567993974
-5.012246788377408
-4.960251251373150
-4.972674951358493
-4.829037533345231
-4.629072758065786
-4.322206964423853
-4.083719147078115
-3.992809399926645
-3.791912747806229
-3.315426015365101
-2.647463246811039
-2.083983062839701
-1.663804019416518
-1.245924582579910
-1.170032790383159
-1.233731522122278
-1.252099983172229
-1.008571858466324
-1.009368090305285
-0.863635002874685
-0.165657676339526
0.346777179059430
0.685172767058928
1.060426713047957
1.529916586854630
1.960752085466994
2.330274105327222
2.897612116301818
3.861905863279602
4.817309082987266
5.195912565903670
5.285021903540537
5.393920996814611
5.305638477632853
5.125929725163862
4.943133282231723
4.667275289919562
4.611430767582161
4.571844738170663
4.353345034560828
3.929255838257165
3.591455054444388
3.203279384887516
2.628547736618186
2.554632462332751
2.616953235732998
2.655436191569247
2.173770691105993
2.172014942965924
2.290326755700006
1.891806680762536
1.705579317161389
1.488834108723211
1.098829184387266
0.760844409018923
0.241760881258457
-0.349344711769613
-0.595837226884702
-0.727904853959675
-0.902261305166961
-0.914950553609993
-1.017549531915873
-0.973387947371490
-0.684581538086881
-0.408680989270983
-0.316894875198718
-0.068467024923619
0.045684267826704
0.132037151475451
-0.025414098333511
-0.228558388883690
-0.371869620796238
-0.229584441002179
-0.012862239171768
0.103146716128827
0.199388785554898
0.504150874577868
0.645872350353067
0.343997215786179
0.226801769317415
0.424261768758037
0.387309067702492
-0.244219104477951
-1.036091638381322
-1.486898261661601
-2.051651920278417
-2.270201257461705
-2.700055841611181
-3.122322271260008
-3.617096359710057
-4.339477520594625
-4.928933870397437
-4.857051565282990
-4.779017811667296
-4.827300798817095
-4.717564153150648
-4.835508077391406
-4.867757775565405
-5.042919077238520
-5.208240026095792
-5.238701210082067
-5.288835559522229
-5.450265777429888
-5.184970564749344
-4.964942286967518
-4.668686708384097
-4.487717793134041
-4.267268389696338
-3.812996290103742
-3.178664699928647
-2.773883290325539
-2.214010749231704
-1.764621312625623
-1.612621814989969
-1.686448992828985
-1.656543022344444
-1.510436051356980
-1.221239085139459
-1.274413258756141
-1.027901586482233
-0.279363092018230
0.456789923506308
0.802533508263870
1.059114427277695
1.477164326611644
1.899629523306635
2.324372438291970
2.815751372804516
3.795599250661811
4.839226402202691
5.260749995861242
5.353637755662347
5.437743606835060
5.421209909687477
5.170459825151297
4.849074046246328
4.500520551933501
4.502628635153836
4.531106297929740
4.595054024512908
4.151135663089258
3.678781185249144
3.424530093095638
2.944074704871237
2.818748596894972
2.736706923338533
2.576031104631999
2.228775105221489
2.249626234057142
2.199023387105280
2.021967939941854
1.706122413204697
1.464039288863441
1.246988748353712
0.988856323510795
0.710019197343892
0.184123453838763
-0.013271484097829
-0.407471432004186
-0.533779918312180
-0.852913853749100
-0.801528693124502
-0.663928276524191
-0.435289411079885
-0.181364133090001
-0.114700961716073
-0.017118379168825
-0.065263224888973
0.040947582789170
-0.144087195592679
-0.369539287169007
-0.397184499095814
-0.314791974027725
-0.111755865987619
-0.173826528638418
-0.200907616545432
0.291293435555619
0.450448109291277
0.416719485675425
0.411310431161345
0.452118099200656
0.247366115149434
-0.345561809373793
-1.033853127023030
-1.633563452745716
-2.258851199788954
-2.612475896080846
-2.884948614679821
-3.341421329148969
-3.960384411035865
-4.474054479174780
-5.002489962267068
-5.094044670270160
-5.030138739669320
-4.896249954664921
-5.000288230681023
-5.132842416518933
-4.953797983794369
-5.207007916111142
-5.518414192220945
-5.546246548522825
-5.825476189770314
-5.800196591017669
-5.444749193308894
-5.109562592514629
-4.994211161209179
-4.677473793056533
-4.345279463155860
-3.837095625906213
-3.240265280597701
-3.033504891619680
-2.574154077570232
-2.198487910220195
-2.195103071711778
-2.158480650889897
-2.107628341343190
-2.025799037771039
-1.632253775354448
-1.261591625295736
-0.733798186335171
-0.126940549433266
0.424998596335954
0.696175587842288
1.156919308560032
1.678589181251677
1.973947972744964
2.400361374970682
2.822669431994784
3.542120522865477
4.556145106489228
5.221992816056317
5.501089145344484
5.585482904547843
5.529139311068483
5.413268323622694
4.869965934222900
4.497791699949977
4.133720360321275
4.319624315437009
4.495895630077359
4.302734287620104
3.900626498515960
3.513222458528726
2.930592825543043
2.745811456872262
2.698987515758223
2.453063522602505
2.365153870306208
2.239004347392547
1.996817981001385
1.930975370656058
1.736075601942080
1.440575879026623
1.403206097255419
1.180734311096464
0.936121188268929
0.564393096083105
0.310239645176271
0.004242461701695
-0.167837760793184
-0.572202039291123
-0.479584619919124
-0.365598341067263
-0.351265756852447
-0.162454876565313
-0.041098928635222
-0.065767763162849
-0.010420532003880
0.123393545917797
-0.202869180374607
-0.416880420309774
-0.395684056902409
-0.357102277844890
-0.201660923017643
-0.514684137797806
-0.613076431970455
-0.361595543172360
-0.031605291974373
0.250908170109079
0.463918440033634
0.443171843481040
0.213819778966552
-0.263727254235533
-0.898800612720381
-1.715184050811462
-2.674893187376978
-3.290836828175925
-3.536102642537809
-3.827782441382339
-4.319407568514322
-4.776354783820541
-5.105380114886290
-4.841176421363341
-4.970418162419854
-4.868402633837221
-5.166363552903872
-5.341526350693986
-5.248316676731998
-5.497464111145720
-5.797312595980206
-5.844314691512318
-6.021005446793427
-6.032401279148621
-5.519674522460924
-4.969742598170608
-4.698017820094210
-4.370903215883276
-4.094686958340122
-3.939264317844068
-3.538899960143495
-3.171438204286378
-2.931741410285674
-2.743666772378127
-2.542969810967349
-2.580534655255848
-2.298851131700714
-2.252900626033768
-1.937749879695732
-1.311930299187709
-0.639251373970769
-0.244270975213580
0.347377970958771
0.755680199669699
1.172161252657341
1.744216289515071
2.149854527881651
2.340594432122330
2.757345090420051
3.411543411794312
4.225436084670536
4.882918426290283
5.358458551069915
5.821348710937159
5.808990390746574
5.504320611306533
5.092300676448756
4.699430944056656
4.444550530498577
4.376196691250382
4.070779333455996
4.244303983093939
4.070090183834155
3.574717734242128
2.987559632010789
2.840645637396744
2.710634027604714
2.556057523147177
2.271730441720592
2.335464760757751
2.169631701507521
1.684276359054125
1.384265962506384
1.370735709252925
1.405777022554036
1.353921759926155
1.100354543917843
0.648044846061870
0.478890802291806
0.274700684048655
0.022489142937064
-0.297502047256955
-0.430209491911111
-0.277359027634344
-0.231762428432066
-0.197221730990073
-0.280647117210847
-0.191022581485574
0.041934285521880
0.140683070681877
-0.175301912423989
-0.522371162565331
-0.507666561113049
-0.369913369223867
-0.434417120597116
-0.758088705032772
-0.687351012897369
-0.573183134848510
-0.283380163752527
-0.053310023831824
0.034795827925344
-0.076042160503125
0.024942581233940
-0.231878614623609
-0.721321928418118
-1.558695541652160
-2.773483486584510
-3.466589548236124
-3.961449173029844
-4.327744632493983
-4.458618628405852
-4.446611809458884
-4.432518302087336
-4.490575439527725
-4.814413653673686
-4.904586034435544
-4.982686926207054
-5.212834471500220
-5.585337250952708
-5.871112820913831
-6.191530984600590
-6.200661367352208
-6.334029801879281
-6.073978646537586
-5.474623479269503
-4.634803439577752
-4.164465674477558
-4.104312568591022
-3.909928267548385
-3.715512137053943
-3.484141031092084
-3.139609834352795
-2.997294461651190
-2.801693862272967
-2.792409924942752
-2.879051534261573
-2.683919876963324
-2.475722112796253
-1.872047725043261
-1.321047045956983
-0.915317362484813
-0.536702889689148
0.097414653015716
0.771539590398221
0.996948114057328
1.752653406481613
2.291331435949026
2.394280338785913
2.637172710774880
3.305197046746695
3.848724176817622
4.592028817294560
5.156199096006954
5.584963147452547
5.838410223533569
5.685264417837200
5.184691697749677
4.766778032236298
4.551335060144386
4.368224342213769
3.812057895021588
4.120578478360753
4.042241153720087
3.566760479582427
3.302422487535136
2.914397671258828
2.787915218643175
2.805772408204751
2.556627808276761
2.409414572706928
2.153691544901642
1.714551034343871
1.363573365421572
1.431274955245118
1.499198088429041
1.264576487421913
1.022277142875946
0.767394181079975
0.702449115776152
0.418110333920626
0.072264516547751
-0.171545977437361
-0.279090230078351
-0.306947363007798
-0.335755236405003
-0.181042436343800
-0.328846305181577
-0.472197571665421
-0.363621814148312
-0.258522751520994
-0.395114478614592
-0.556487733974401
-0.308749668559812
-0.250915155588806
-0.439006963933026
-0.608101807786991
-0.462993349752002
-0.315973610921362
-0.464990229097722
-0.543729367597067
-0.685240952270965
-0.594589301609076
-0.349805202515053
-0.408789899444298
-0.894330436579900
-1.538577863427681
-2.560274228891211
-3.460981388051830
-4.014367325024540
-4.291951444072010
-4.334757496026160
-4.268578728159968
-4.032607707298878
-4.126399331890629
-4.508795338195924
-4.627108067921748
-4.714378174749809
-5.136713218059767
-5.731346501672506
-6.198060215936580
-6.226390232799940
-6.493615285762610
-6.446157385331648
-5.892374376582124
-5.078316404433033
-4.365259697333877
-3.707126406404694
-3.501563976124432
-3.534033743016801
-3.261600860330401
-2.850641345965214
-2.829154706132846
-2.681637935438019
-2.899256755511576
-3.129628007831275
-2.975553764367039
-2.885151443230397
-2.584749654954848
-1.946017629589325
-1.402925690293910
-1.170464879363972
-0.729516619949799
-0.054516209045919
0.419503388865686
0.846425775257856
1.519669503065317
2.185880184674101
2.344232327485340
2.469023880833715
3.094776021358524
3.790099715808285
4.415983201200762
4.939945068556018
5.364508792671785
5.545461282573397
5.331262923084325
4.924995455897599
4.688968141854386
4.272730724760320
4.003034192828503
3.609956001806695
3.852793768215037
3.822788341101404
3.656163876873326
3.343757049047066
2.994663010288720
2.774522451698747
2.755893668654132
2.824830853378490
2.638793638710689
2.377659894601469
2.024903466799616
1.847363910172415
1.702637660721979
1.631085902023291
1.288047813747507
1.002719966693083
1.022778363731062
0.972753785007742
0.773110368848134
0.551350170772664
0.075245837961297
0.059961519138647
-0.218361556952368
0.018430700924498
0.059823028652742
-0.125280286439243
-0.284073500065427
-0.439738372008768
-0.517148669857165
-0.346201994085431
-0.283674308660648
-0.048220937313313
-0.289911101813977
-0.433448109965342
-0.474836038585177
-0.515044241522922
-0.402629548899985
-0.641366128227895
-0.855817440451211
-1.118765733194163
-1.066008239282993
-0.902775140832752
-1.037185924709265
-1.264999918391669
-1.532628456620462
-2.235959328811886
-3.023457509984423
-3.458148176858759
-3.758526480155954
-3.825457911802016
-3.896981144339454
-3.774764835364215
-3.837356058970521
-4.210649838987351
-4.426004094668786
-4.687744598810713
-5.050287160855707
-5.604402480900176
-5.862271239643368
-6.079539777046594
-6.388055641369013
-6.224527742437155
-5.520316050846773
-4.772150841295864
-3.977015614696422
-3.383127151281267
-3.264682450771498
-3.243251023476073
-3.188637439955672
-3.007286174369696
-2.831078628835422
-2.655102158658687
-2.925625671768853
-3.144854924039644
-3.055961767779803
-3.103286604296663
-2.816306167036184
-2.363082928457157
-1.761525043889782
-1.339325375517882
-0.926446385612521
-0.400935009073651
-0.010356398049380
0.293897855876503
0.988086327408635
1.577434789038761
2.001832349603193
2.379775679833987
3.050647416160898
3.680786030531155
4.208856899351600
4.875593222621777
5.106527802073058
5.269915890192163
4.989001790908151
4.708092762351755
4.362546373943336
4.077708548883994
3.914220973483244
3.619741300364938
3.666362422434664
3.674367481276114
3.465442512935767
3.258418034482190
3.027291217664930
2.920693380620469
2.861527065042983
3.010273368907422
2.959717524756405
2.628376396301828
2.315190639013202
2.070880550481103
1.830301565873696
1.627985315813544
1.325482427677545
1.022999207054238
1.127749333716448
1.142494570328428
0.980861139844977
0.923425438455976
0.596823397708520
0.317892857472344
0.121309602335057
0.261352536134672
0.075816779526982
-0.042977342344940
-0.255941340031824
-0.378125557906517
-0.337948106629375
-0.071415940618563
-0.121528848687118
-0.081899126264053
-0.115967012110538
-0.576727326172392
-0.781968777644617
-0.894212983457901
-0.726001929127714
-0.582932205115336
-0.826975200707717
-1.022343394049277
-1.133571302587064
-1.293158971372584
-1.232493954881489
-1.438200874153303
-1.743281459299515
-2.201576324790318
-2.794007641342263
-2.939265153930803
-3.298085641509053
-3.404406666697357
-3.456518228870790
-3.416039345788237
-3.519861430163929
-3.970416757899274
-4.327187868559204
-4.673745009951220
-4.899561403608919
-5.195743835719473
-5.434076113790213
-5.763348757651997
-5.993937023395175
-5.846056337294375
-5.391764761156364
-4.604424684836897
-3.786399922095637
-3.235251092894486
-2.984922247055907
-3.006726466085099
-3.151886300606816
-3.177619088412019
-3.039635340775812
-2.852919773936789
-2.998414832481546
-3.135889110384982
-3.249710422728431
-3.274763554003781
-3.088983603488460
-2.616212283275995
-2.047445087813960
-1.464021937694409
-0.961401439919133
-0.648244382050829
-0.412644448490865
-0.014977861349191
0.579146623692667
1.103748793934401
1.770594885370136
2.572480239305790
3.125587247478779
3.721817953359178
4.079593322522392
4.781969928846001
5.052167109668178
5.096144962747899
4.904778146699970
4.453000981388483
3.715472959228984
3.380065780505896
3.492153456388711
3.426839231258787
3.493062683942137
3.679248780214512
3.623302075280932
3.358288219476473
3.183784014576786
2.885923100551769
2.831274093505098
3.079761722775333
2.931125989064618
2.609912542222146
2.203358035373655
1.881354337776746
1.493701750022048
1.467075712695337
1.552309060324336
1.139648444993450
1.206709103909799
1.314848244500074
1.273298301755947
1.270318119609101
0.943636825452697
0.531595561274357
0.401685035570950
0.263200519883488
0.180119683658768
-0.174637961348253
-0.157901536372448
-0.270249965889321
-0.339493595662562
-0.216287507152356
-0.244133551497252
-0.327073198117516
-0.569526769404824
-0.853072263993113
-1.018388773396065
-1.048013006443315
-0.834807542115128
-0.869122248238965
-0.912322850601873
-0.838571449274260
-0.822999538887591
-0.881913044366628
-1.273010428091595
-1.594340514112664
-1.764603817457246
-2.139456749510933
-2.610055207123769
-2.915039177385346
-3.152901701739657
-3.229028221830951
-3.324599569310876
-3.157811387212261
-3.161802419364717
-3.394458935111380
-3.717401857633456
-4.114991157037548
-4.138539619656155
-4.247732250534111
-4.673125888043194
-4.914811187789269
-4.957811849406737
-5.156169030126058
-4.806664344285864
-4.333746998560555
-3.777901326350782
-3.326648267137082
-3.083176503651303
-3.037888970125392
-3.076614552540404
-3.097968095228843
-3.057484485185298
-2.984599981094567
-3.165266660671294
-3.379879930997732
-3.480032074248721
-3.549181028014106
-3.361715779813178
-2.864193411641229
-2.305392892106841
-1.698959091242964
-1.488519070386323
-1.100890488938387
-0.744388973575294
-0.309483090852055
0.093540757443049
0.712858326832168
1.520894093286149
2.731888900697788
3.229646889737386
3.646676329483907
4.022259944175233
4.690451834542906
4.965961602749793
4.749849575103852
4.307203495143554
3.913901569279214
3.236930139331346
2.946702540486970
3.079490953351114
3.109021609928125
3.368998738435847
3.642535527509155
3.652012498143616
3.442333340281098
3.273096858726455
3.054245657983726
3.038735668127247
3.229922841837679
3.001196370440457
2.525447861795821
2.077099636787714
1.602280849812235
1.038948446770345
1.146116360265794
1.202554825713794
1.253681019803705
1.248075406017995
1.374339158361220
1.412624916610449
1.350233893440193
1.049715673669360
1.008063710816761
0.743656024583755
0.427049216008259
0.112881071723942
-0.216423975844669
-0.221567454705700
-0.510534820979830
-0.751155261024798
-0.848963765646081
-0.764300620454860
-0.709438579878034
-0.888076395924666
-1.059894656460162
-1.113909722181923
-0.991971620106437
-1.064509298351044
-1.358819437321170
-1.054223019361757
-0.936491956648660
-0.851922428872370
-0.989366237578020
-1.300198372015017
-1.420897103563418
-1.518892809826171
-1.964667225032509
-2.323734897967314
-2.569930873604136
-2.936796703131358
-3.050192405126705
-2.961686330511709
-2.926544629132293
-2.993309214542969
-2.973772192616010
-2.953013675248596
-3.082795093902523
-3.326467234383722
-3.460601732545853
-3.783067302607915
-3.932519602079308
-4.016086729534291
-4.218677350574350
-3.807570621910921
-3.411266308661214
-3.386667268735048
-3.270544426607957
-3.070772161143981
-2.976845850559706
-2.842200672861006
-2.711689287348942
-2.734789510983387
-3.088017254227401
-3.150758257298707
-3.212096560292343
-3.470712245596180
-3.634774220647805
-3.518737257473507
-2.944127091534279
-2.568150497899787
-2.192121489149186
-2.111311013201238
-1.641583151200759
-1.456338777199162
-0.957528518197663
-0.420160126555602
0.431795221468708
1.412590974140046
2.483755945507555
3.276900024467614
3.643731989421382
3.953162943605938
4.488041921078724
4.532971472844078
4.313432149742874
3.806127636189332
3.274529398164204
2.716362505233026
2.553079009894835
2.635163771903239
2.808983406925005
2.995173604164855
3.288579852336227
3.310175384567565
3.122139149368281
3.012920374096674
3.030700314080453
3.079375726876126
2.882456653987393
2.676679826728497
2.409245764797865
2.077629301492044
1.501309889032549
1.098368068174552
1.025760751435859
0.847987106968658
0.778935795793487
0.943574138822545
1.168767131418991
1.295242248566675
1.214134425065307
1.231872186270035
1.379315046511446
0.859780513665166
0.286365429554041
-0.151369829498527
-0.508539410193483
-0.671003161723460
-0.908495332919202
-1.049094013196435
-1.028931687516726
-0.967750051920878
-0.915519080168462
-1.042497561893432
-0.937494439095718
-0.892663329806964
-0.869178325921998
-1.132006102084219
-1.207979539127140
-1.123064055366309
-0.992216221545833
-1.031732850144563
-1.220246258364573
-1.300774740562938
-1.224440907292365
-1.436318792883828
-1.719137468170868
-1.945977325137556
-2.144131192188622
-2.555654027904525
-2.717808677374256
-2.819420543604609
-2.872278203060373
-2.875265213247945
-2.939895941571796
-2.457507386755056
-2.409867798118841
-2.747515743693573
-3.061589276352943
-2.982563419677458
-3.074995851727010
-3.165134283792907
-3.399259104816081
-3.121941037696207
-2.757338607983822
-2.949099402428923
-2.895375209804500
-2.977172277496065
-2.835312169800328
-2.535547004192777
-2.451557925280097
-2.695509985451608
-3.068446820278036
-3.185685982862136
-3.210874029144398
-3.292164132889899
-3.309454407225059
-3.287346990550014
-2.917986895201921
-2.719941630956044
-2.626425739891693
-2.472040438162208
-2.115271353234650
-1.931252560030778
-1.457498015258443
-0.743859025294174
0.311778013774973
1.202549261298179
2.315359044624024
3.142207209081491
3.532382564682806
3.955337327464830
4.272590395834234
3.959906559248810
3.478113521639572
2.897973857279019
2.478059434586529
2.309748307957688
2.180810511240668
2.106319132311903
2.239633920774696
2.472920074145910
2.823936719189849
2.873070544114902
2.776967356722216
2.779713494540974
2.776558146980435
2.622386487447414
2.495692670686658
2.413169761300933
2.177428646437013
1.916107133126135
1.713573874760313
1.332734256839407
1.114306702434174
0.650367533824367
0.490333397319800
0.789388632248526
0.866976977647204
0.880078341228911
1.224188709998276
1.338965107435363
1.228201258325692
0.771606201427170
0.329235816041029
-0.016087698615876
-0.590578488549848
-0.866143671703184
-1.092414221398938
-1.229748014455585
-0.991991426909637
-0.991684925674520
-1.136816924448148
-1.362128566038543
-1.124368569811406
-0.799715356854889
-0.842775837847974
-0.834983558151517
-0.989531529725178
-1.099199105830201
-1.095254713061226
-1.094373464672026
-1.130707834366116
-1.088793739567653
-1.204338527164883
-1.517901478956497
-1.741420743794699
-1.674704671742757
-1.686218676392553
-1.900362433391516
-2.220979758654083
-2.604247543640010
-2.652320495384550
-2.700320592409259
-2.542370259269406
-2.215688657067861
-2.088016376144333
-2.290395480436589
-2.322959046722252
-2.231817367780090
-2.450118243632096
-2.543834075343183
-2.782784424684618
-2.705023150876868
-2.460929914560179
-2.526592659059003
-2.687091264663377
-2.864106777089847
-2.661098188658694
-2.368599543831573
-2.342080755020798
-2.669801170453186
-2.989233481335369
-3.265084912222625
-3.241814003482097
-3.214793459097865
-3.256044585220830
-3.093439803179885
-2.830146202667296
-2.849616652963009
-2.930244182197601
-2.694483339672548
-2.305714652458748
-1.990912414522117
-1.507978496189622
-0.704094684655812
0.162855319715906
1.205332477317873
2.345926021373593
3.235107594005020
3.774574029219663
4.052127982002227
4.071726214754268
3.717760950866768
3.009093821352467
2.462137718782939
1.987619464992810
1.819523021823093
1.698884322869349
1.755363232441727
1.848619362109962
2.129529248144336
2.457563884530252
2.429621972008411
2.592388491080664
2.592840960668978
2.403373148112251
2.230400856688430
2.213500632632577
2.231053804512669
1.948191579264723
1.633001471110587
1.594653684838373
1.373062349766923
1.066527978930788
0.508878056767929
0.282985805733183
0.415736565341970
0.573891010340079
0.664102739712433
1.081270365974372
1.164886248261255
1.182048167655797
0.789776724866545
0.380668696460909
-0.191052259156143
-0.554781015060692
-0.827633163340354
-1.099191604376570
-1.331139530117096
-1.417272797749580
-1.393736010099912
-1.326423411993570
-1.207609521142268
-0.990854510363979
-0.809959202808844
-0.719578113631082
-0.678677771799133
-0.833252649328647
-0.940560463477165
-0.900647689391278
-1.092676850618207
-0.967284744318860
-0.847651117403450
-0.884470032490921
-1.273796571821049
-1.622049557478766
-1.490424311275426
-1.541819624423973
-1.662003446907114
-1.875878490256689
-2.298584453171045
-2.292661297461534
-2.451241551026872
-2.561119785349637
-2.319058779024525
-2.043073385469321
-1.935704695651958
-1.913312378338352
-1.956477258501010
-1.854168831031779
-2.148055336734367
-2.280076383933598
-2.274240417683596
-2.471677739660799
-2.541287493178648
-2.686215211298112
-2.750441157201736
-2.758420569017324
-2.595370166677054
-2.475228675311107
-2.606610857851500
-2.969596287907645
-3.251376327666294
-3.399318010402277
-3.330095059926721
-3.222559602952528
-2.945235921485525
-2.879001723378158
-3.007185986719507
-3.084467878177356
-2.750554460962353
-2.351444467260668
-1.986399604216958
-1.598886987377873
-0.842642766265481
-0.136024724867122
0.997050067207287
2.271737155291722
2.990983045007209
3.519796321972405
3.554697099067679
3.631470930349945
3.496720012441324
2.964126540411409
2.354350893473323
1.941582445535049
1.753204713619026
1.565647603512688
1.514180241180706
1.741182217443358
2.119659973523516
2.286935243285787
2.283442030898224
2.437944183457789
2.197324118618475
2.107819073272010
1.890388830653501
1.965787445743140
1.810313314061031
1.644318111814780
1.440598052843435
1.105345920859562
1.057144395639570
0.874835572974663
0.463034780848619
0.204282802145183
0.267685768036979
0.482725372323506
0.840103167646401
1.127179323133650
1.183940358639451
0.905720334782894
0.565415623311156
0.304596805149231
-0.109254458529773
-0.431710528083982
-0.774120962317406
-1.272146951094969
-1.794629037177758
-1.994548325040234
-1.764442532477241
-1.172681138406295
-1.174981592945088
-0.891291429933612
-0.689183921927023
-0.605014099321471
-0.530616900703362
-0.774865219640997
-0.713757718381529
-0.648761709497375
-0.720168879621047
-0.640957141323513
-0.968598854260961
-1.029888980589920
-0.995678437315197
-1.146141271903240
-1.168776987117794
-1.382310146689746
-1.649274400118101
-1.855971341490076
-2.218777526054378
-2.494104857376549
-2.389172825207785
-2.515976171745307
-2.269458565548879
-2.049902230092765
-1.937069194476954
-1.923686779980943
-1.760890852134150
-1.781390786562678
-2.098264962070693
-2.304854140917600
-2.382531432200094
-2.312947688876282
-2.579679099573030
-2.614843224784623
-2.623860525879138
-2.650940321621968
-2.443898600661972
-2.481577040036944
-2.732771443907401
-3.009518154026894
-3.027742382005819
-3.015830448682327
-3.275146719783311
-3.164353570931221
-2.969086746353597
-2.976070696067330
-3.135316658897709
-3.136592816665080
-2.667604616931980
-2.323759777034370
-1.962898975556770
-1.576596740708388
-0.906024887948511
-0.289898948179738
0.503485894174943
1.491361648185936
2.309557750877298
3.066370593577334
3.164331135080435
3.048967090818140
2.976155055581843
2.516728309430047
2.122740926795293
1.764418645277277
1.523831449479587
1.464043367018029
1.471427126596048
1.811539321594020
2.308857321404951
2.457971032074450
2.441837129099240
2.192660979179168
2.073685865953789
2.077933281886979
1.794429922573123
1.771020291736802
1.551240570379768
1.480439753392605
1.372140225832207
1.066818407438645
0.943659552461700
0.655206155151925
0.349356452485026
0.260322592874983
0.336388194843422
0.555141522883419
0.722208287657087
0.913709694646817
1.021173846784865
0.493010492821180
0.265287945781305
-0.119033676171551
-0.379336054751400
-0.688407492445701
-1.038555304855508
-1.645297839512617
-2.095745539503937
-1.971659394272085
-1.797373953286195
-1.373609950315634
-1.296006186198718
-1.013155241351992
-0.789027784088831
-0.599030123393836
-0.522827194775724
-0.517538713211114
-0.381512410882655
-0.270377636099278
-0.300759720401579
-0.427021694068982
-0.760482932379529
-0.865153626968949
-0.768318088894290
-0.678893863438242
-0.872048252191217
-1.204935283985365
-1.645113423953357
-1.805182592037922
-2.296860162699383
-2.532254415956355
-2.403284416449931
-2.320404015949416
-2.224461942493694
-2.327457565811262
-2.229387827335637
-2.034928437551933
-1.882356310048649
-2.079912621887622
-2.522580797800154
-2.549747945991825
-2.461476707564269
-2.454861492331458
-2.638119847352711
-2.641805926305430
-2.528678774103221
-2.367388212869703
-2.262067579277119
-2.406052179028745
-2.501047101445928
-2.707637421449383
-2.601113506261271
-2.589049619530678
-3.098536817473303
-3.239802040557465
-3.087942871653711
-3.035352965730089
-3.105503099589145
-2.987256905798365
-2.561820848651092
-2.390229148768538
-2.103632069397757
-1.573868284032323
-1.033015601674174
-0.448805865803015
0.108528380489044
0.882176554346790
1.793833403278727
2.465461815381984
2.662773726799929
2.388301267807117
2.367186922656344
2.049836206166742
1.739651090821873
1.467571467692468
1.342726648324273
1.435174610976620
1.632435540739215
1.942454491355724
2.221797757388333
2.223067854216093
2.038913560096985
1.850792979114627
2.088351309601610
2.187548247450521
1.856009536161143
1.546039954517497
1.227266121857116
1.121285287896891
0.891773351707647
0.812902795849705
0.782250197207758
0.721341815896244
0.372566402380999
0.215180999108792
0.339029259024345
0.430404081519092
0.624677464916737
0.437660942573489
0.524752423368775
0.182442881669713
-0.141637474765984
-0.464627332028684
-0.699728647280250
-1.148938399189078
-1.442951734062637
-1.816287533917836
-2.124426351474657
-1.977267292516977
-1.830984731262638
-1.526886310524687
-1.353176657267279
-1.217638681092570
-0.902606135176163
-0.694922105006481
-0.495421666833194
-0.350843978113988
-0.313617399762146
-0.194987362542194
-0.061319150559043
-0.380360588869211
-0.649080196381629
-0.479147376695553
-0.492005279396906
-0.291268724178690
-0.765313558157230
-1.073484084444680
-1.390352968265859
-1.598068375960823
-1.830994926755562
-2.101741659319673
-2.162331566086252
-2.175806122598037
-2.227761031311448
-2.588954332829791
-2.520204575341346
-2.159661258390555
-1.980528414717019
-2.170141719764860
-2.755876843543413
-2.872722116466508
-2.812802372566833
-2.916649119783976
-2.830648287765764
-2.704409579045644
-2.433207007404102
-2.295986137069705
-2.337357283320221
-2.191277789105623
-2.233463336349551
-2.242351141952318
-2.296353128426144
-2.406265629331026
-2.601215183366338
-3.014180140414630
-3.013551585057752
-2.894818573690551
-2.863075292329579
-2.705014059233467
-2.443184370379854
-2.333096600226214
-2.178456018745702
-1.729703216213657
-1.174121469031210
-0.759497281163136
-0.190212488633600
0.631621286042841
1.198626569339618
1.785828600287816
2.232463293848222
2.184186193688697
2.059665132342137
1.875237723910214
1.621380619255710
1.333390135526288
1.331199615026678
1.427123869382935
1.288784110934989
1.689026292884004
1.735683259797197
1.754182217581079
1.757241460148503
1.763854279551767
1.797210334537457
1.768844136404353
1.547233836301827
1.269682366223009
0.897624392587865
0.719643210075975
0.445689899470700
0.403353371704773
0.330842593810882
0.339815088796801
0.260173137871279
0.171068004638402
0.289349557545386
0.490705481579556
0.417280130177814
0.276915023427436
0.316058647580497
0.033684948519920
-0.128086304499158
-0.562693445038215
-0.821183496669297
-1.193842668158236
-1.502346461506164
-1.690900249447931
-1.734362605380958
-1.432540924039164
-1.599228801431331
-1.496550433737815
-1.356959306139279
-1.139148104396063
-0.883033748214901
-0.757752823291934
-0.464987413472328
-0.355607545297360
-0.335551949450113
-0.440276008791098
-0.465141821143726
-0.583204434585133
-0.695557041475224
-0.576313401766457
-0.266258116279742
-0.110245873107845
-0.478495838931427
-0.832784077303880
-1.262324146976460
-1.492236046576906
-1.628280261944977
-1.922347760428089
-1.903475582878805
-1.983237755599039
-2.112879023435766
-2.277845367169926
-2.362619208341389
-2.368637037269401
-2.134048012528543
-2.187253268413464
-2.707573116022804
-2.861737305912600
-2.829065111832084
-2.672560901133046
-2.678950727845217
-2.427785016259019
-2.306309825235085
-2.288362640739268
-2.381484522191543
-2.272201640937038
-2.167581795730119
-2.054090401839445
-2.011529232261767
-2.055972272693312
-2.318065139328407
-2.496277660024527
-2.638901322117392
-2.736877820527730
-2.556300656239210
-2.580691329651978
-2.537971548527521
-2.462219472619874
-2.074183842617581
-1.836616696285006
-1.507354254333008
-1.018461490766241
-0.462922107261136
0.264851168028709
0.801930395762042
1.355008516764769
1.630508569005594
1.864290800971502
1.842353278644089
1.642978015154431
1.379091526622214
1.216841391590961
1.252492643028382
1.296308716277008
1.312992267166168
1.450921775861715
1.390836249071142
1.597668107026933
1.548879984615454
1.560823892065814
1.527096298520638
1.388322370726522
1.156675136045878
0.865020968816884
0.554294454247087
0.501477030316076
0.363158247091878
0.191252828717389
0.145122938772526
0.077081797369397
-0.134014995144617
-0.157226322893930
0.044501794312664
0.369639655117524
0.507069820218364
0.234427209007209
0.154093627512580
0.367455779522486
-0.132980970223851
-0.440568597631043
-0.649654176469872
-0.888152046667818
-1.200500655821561
-1.399788924174001
-1.219261996128559
-1.019787467473272
-1.151524835724176
-1.378220544139742
-1.551154489481023
-1.486084648550009
-1.131573257368679
-0.840256257485914
-0.489722460815275
-0.512785790524762
-0.538094264725558
-0.747850707825662
-0.795657444501297
-0.601152830074063
-0.612931170987084
-0.475081874080827
-0.158176202103508
0.052386224091645
-0.416496053661836
-0.751318885575970
-1.177119816940990
-1.353775686261047
-1.275236286322875
-1.556610630776101
-1.770428297387217
-1.834169681795986
-1.986577352877781
-1.918235996300755
-2.057551078268701
-2.272702061105374
-2.179247503455374
-2.175222425736069
-2.533357338090644
-2.660676496751275
-2.516747015675654
-2.535161079078068
-2.455611327761940
-2.420023998999417
-2.292762939450489
-2.261321917665222
-2.204089658461585
-2.025028444661753
-1.924626744388453
-1.729307998792742
-1.577397372212906
-1.759029927315853
-2.032867045271837
-2.150035347656121
-2.161650845337535
-2.212701622595649
-2.404260517454241
-2.358636262235005
-2.548699577563555
-2.290955330168730
-1.909175466183404
-1.725369315537900
-1.511777215609619
-1.164737178137540
-0.587044522075152
0.012846820381640
0.360014138052106
0.782238537588558
1.080071135649663
1.236105679762370
1.192157020367796
1.096596897836826
1.195882298002766
1.273639988188018
1.439887056545013
1.641167849703394
1.668824686309250
1.562343005765533
1.283892699691805
1.285680474664847
1.454535904010771
1.417228417287818
1.276357852896476
0.995437638580052
0.798091584686809
0.736352548924321
0.583524334210328
0.404281696587175
0.234656560983475
0.222066920113184
0.268217705144704
-0.138576522110580
-0.487704969581748
-0.401657073191740
-0.165994600898118
0.207842164591706
0.274833843490999
0.193600948393178
0.284226455962313
0.228823462945944
-0.235104177033558
-0.387205949028668
-0.357727655045822
-0.491326046070028
-0.832952099220071
-1.078475506003306
-1.053847970829017
-0.860558719866835
-1.034700083943841
-1.244944820097271
-1.474344165969977
-1.379171856699577
-1.169050987354289
-0.989104800123990
-0.962887117995115
-0.813109158064631
-0.659741700481277
-0.858264376587387
-0.871258993492008
-0.586648802124285
-0.556749987464205
-0.413743022759514
-0.240395313923955
-0.052140582629461
-0.343200589161151
-0.694218072339136
-1.070277082863614
-1.129512303302872
-0.957241704625613
-1.179642962542046
-1.415661714774577
-1.616143176693984
-1.696341555441655
-1.750496228108290
-1.872675941737352
-2.000897672507969
-1.627899808387530
-1.869300976876306
-2.344307633991307
-2.293396131802978
-2.321531239345631
-2.194206337631679
-2.091724289083044
-2.070544916661627
-2.164881886527587
-2.211585882500462
-2.090904987971142
-1.769564921863867
-1.499025292406063
-1.420437615166829
-1.566605431203843
-1.882615438074516
-2.024864892676514
-2.088304796832576
-1.985045566947504
-1.977452367218485
-2.282619899453979
-2.324300828861995
-2.360033834590385
-1.963677363850764
-1.791508046203432
-1.625727666424860
-1.569254849841808
-1.262611098185081
-0.664720124126789
-0.134313234861338
0.145311860278570
0.169614715498155
0.437317666912921
0.671844972688701
0.534843273536247
0.630091187555839
0.844344518038573
1.221338777042344
1.610606941107093
1.773976265884958
1.907237028596970
1.678929891114755
1.465119659899695
1.368040746112014
1.309674062848709
1.231715689097275
1.104138923904127
0.942786389350045
0.971097679065798
0.839194293903914
0.718516627306656
0.548801494563780
0.357418947008472
0.199787863189334
0.119003025399052
-0.333111352049371
-0.703164513022416
-0.575491791579209
-0.424270855891785
-0.171439291071957
0.049242051721260
0.237816308824568
0.305799915747618
-0.026433920767915
-0.173733251461383
-0.168433222299884
-0.155046589667032
-0.033113286656457
-0.292585456724090
-0.540155745473401
-0.847587520320498
-0.916098238577719
-1.080242920041178
-1.221932417910546
-1.159812001576112
-1.039591725439361
-0.944777554528859
-0.992108492249083
-1.047028872588678
-0.865758929550275
-0.854914480436778
-0.890545525839344
-0.872631253155600
-0.794130752572721
-0.517620957032447
-0.433444144651197
-0.451000767674838
-0.558819174639950
-0.766567849778623
-0.879947892325175
-1.022227559457484
-1.047563230445727
-0.884698970544315
-1.052080876191114
-1.327012490688463
-1.300357510252364
-1.547244827698464
-1.705443791713923
-1.719525551173893
-1.726195322378639
-1.532661138362224
-1.671905581864607
-1.931010955974216
-2.029432784696630
-2.103039694317187
-1.712240213281573
-1.560606922175480
-1.794439495043567
-1.820507387223358
-1.975528409117008
-1.761866965322541
-1.363512618615624
-1.214533436298989
-1.322897701386562
-1.626406645240928
-1.814093880930167
-1.871943583293201
-1.863706284350351
-1.959656178475926
-2.036466531615085
-2.251826784520065
-2.345738647921436
-2.372320778866420
-2.192684562626587
-2.089327515103255
-1.855924020948622
-1.567020954442418
-1.119470558077315
-0.736738427070790
-0.301492416838253
-0.225553110642508
-0.369021645531475
-0.026115063471706
0.236865316014202
0.262523048476292
0.435129140969196
0.565092579053838
1.025882811188466
1.347020687172555
1.588827057724516
1.859725550213956
2.076055306059073
2.033648038157120
1.680360455726354
1.497928928304326
1.303495580396630
1.220029748232339
1.072914780594181
1.012281397531540
0.886857700189441
0.846158635274704
0.766617727802717
0.649161061902243
0.377859817977178
0.327644556925348
-0.073304987120045
-0.473108003742620
-0.464878035623592
-0.390231567596126
-0.220361211028948
-0.112719041828796
-0.171551441124280
0.055725737606776
-0.002248302031228
-0.139521970995881
0.041254663347892
0.083049582600895
0.134371135261352
-0.125375039274379
-0.164153907677939
-0.502131108231740
-0.733743953229791
-1.031625664427557
-1.228734950777671
-0.989510270352651
-0.756509528228102
-0.817822873746000
-0.678250306905887
-0.702640739672810
-0.749194231180510
-0.715259309983258
-0.700260014878986
-0.846364876688279
-0.796903079926698
-0.734883002312339
-0.732444271792675
-0.781363453898366
-0.854634315997198
-1.051534741217564
-0.996050839813209
-1.108262296191328
-1.030676565028963
-0.846555726884033
-1.190381943678785
-1.287889531666579
-1.203592048509597
-1.401672543990672
-1.657632943536127
-1.564312064232480
-1.474297033547510
-1.433714768129066
-1.519489840371516
-1.809923823036159
-1.813924509240996
-1.622142721295633
-1.431487233528931
-1.439321391662162
-1.672561492747637
-1.587414971904137
-1.504591083211436
-1.301745974916021
-1.056903212389351
-1.058532123322848
-1.278756272093270
-1.437051151650683
-1.710645513214199
-1.785629337974504
-1.818001650933831
-2.075654205585432
-2.187487465039892
-2.327499073303146
-2.378267843071582
-2.372579135261738
-2.219848816972466
-2.022287213984935
-1.829677186154609
-1.337730627720975
-0.949110082574493
-0.617338223072331
-0.626914996178639
-0.614781588708559
-0.481946744104183
-0.183144834334327
-0.053494322461320
-0.014376217284244
0.093518213897890
0.425026311809385
0.725119828925656
1.131029164619850
1.414422742209804
1.810024626142556
2.123070629187072
2.055362891602442
1.792142481749494
1.510826123923362
1.360031789994989
1.156902479151664
1.094195368540081
1.175134007360407
1.039664974035716
0.929306626358813
0.878379582625954
0.858657940277037
0.797838320989844
0.675084318736716
0.263052016030140
-0.121665660133391
-0.102475025257642
-0.167376162112092
-0.188420848952529
-0.144949539632263
-0.281121846746004
-0.074407869549880
-0.183515837706175
-0.091963301734697
-0.093018831749676
0.039036048232829
0.042842799009517
0.008412730806903
0.022569118707518
-0.208608180023727
-0.402654030778292
-0.731837803843294
-0.941652098539195
-0.788972169448055
-0.555711623873436
-0.641645890212086
-0.538059861720234
-0.561511519251310
-0.669647502286774
-0.808561723552202
-0.772380782699725
-0.803473025138904
-0.946818944618292
-1.035385252186064
-1.089196352854736
-0.994657361042142
-0.869723176504191
-0.918379800768175
-1.018793690724157
-1.124040240172895
-1.112913300307828
-0.942977406750036
-1.059763179521255
-1.070071623512883
-1.059865446104882
-1.219889487396796
-1.342850722936211
-1.287660296399162
-1.355878350427131
-1.431710649626495
-1.454756835073737
-1.519211604253179
-1.491811740351774
-1.409180905970274
-1.332806481320995
-1.376760024568339
-1.580586019984400
-1.325795997356731
-1.063365400068749
-0.954562420465866
-0.912018099823089
-0.749468357050676
-0.872180215022286
-1.198623206594780
-1.459465447563616
-1.769396693661047
-2.073622781993941
-2.284928986044945
-2.445576818944535
-2.315331178088469
-2.201268119560548
-2.367661469672562
-2.280450248512598
-1.954074877158321
-1.563977657870490
-1.188542905632732
-0.815375920199148
-0.668045989676518
-0.894343594712265
-0.861301739096230
-0.602015861382230
-0.191363493511536
-0.188248014956080
-0.204510067734867
0.044103885089507
0.440258436877831
0.754230521889607
0.782597698616508
1.147499523533579
1.680217050756307
1.825281949132276
1.800631504866531
1.434081997315593
1.092749776681158
1.097757236144211
1.209058126172565
1.444156535147971
1.254412523359070
1.348578823033966
1.203180881967113
1.066362388180008
1.291711315812053
1.342173960746555
1.076944561422907
0.826605044510427
0.325271994876114
0.129544301222826
-0.001128482481597
-0.217426692340326
-0.294707291654871
-0.527032068848508
-0.376175987830844
-0.309123904429181
-0.118242264263843
-0.056468215451312
-0.153545184792654
-0.086581246291787
0.009640030554925
-0.057749891487109
-0.050111289667982
-0.165125554991614
-0.491696992621335
-0.694952627463649
-0.755808865311478
-0.715432163429901
-0.689550458765243
-0.759735078903858
-0.621456613719207
-0.637762975403128
-0.857681681361446
-0.739250657272692
-0.874147547522266
-1.114416008848209
-1.444428969673777
-1.453130585240694
-1.296591431280046
-1.166854312166878
-1.040864576383439
-1.073683472240534
-0.978752467435872
-0.802572148967555
-0.735401435068052
-0.836143050178894
-0.682159493637726
-0.898173942595991
-0.976938122540260
-1.087595308187962
-1.232389051167794
-1.214816534464704
-1.354555108731881
-1.388723132682134
-1.375946311039865
-1.416125172720296
-1.259772056277659
-1.154734671688415
-1.124470157545174
-1.138722535019181
-1.191564175912306
-1.070543406560619
-0.729898477773457
-0.738018898887667
-0.579885714475278
-0.662029563740116
-1.086562332376129
-1.409593979261254
-1.772098858272665
-2.218561205305106
-2.454289137235450
-2.457123899866962
-2.327147806180161
-2.292065765362794
-2.219676305191442
-2.256547792034958
-1.962862435124803
-1.652566156085170
-1.407948545797532
-1.100300297688469
-0.614771274134139
-0.652866419401235
-0.707729127314933
-0.365820177098477
-0.065204761338358
-0.097366776285653
0.070480961905828
0.477492818377063
0.632179712315802
0.649915884331388
0.685546727710074
0.835261245622632
1.202559183009931
1.673081567254988
1.665059878792438
1.429098039307381
1.241562477108951
1.345834190349962
1.553524235495393
1.550922322513511
1.471507186605638
1.537883830453302
1.387936696702631
1.270494238981373
1.332989411978714
1.443320075927306
1.155905571307230
1.077929725899117
0.723970877633691
0.520255254677247
0.285653022492322
0.050605122888188
-0.111280236322328
-0.465720980937656
-0.378299618945423
-0.191870984978069
-0.131974937362620
0.106087661375470
0.111827406993660
0.129449310456285
0.311665785035274
0.304462064525994
0.181048456110990
0.082818837367719
-0.121228593156488
-0.246048626591608
-0.549851169293359
-0.753374278014787
-0.673161184333763
-0.641631965271656
-0.566754283762677
-0.449209482182523
-0.675971547427410
-0.934148566420876
-1.375719487677726
-1.601267613204141
-1.710422997339319
-1.668627933612616
-1.392205458488765
-1.400152115464959
-1.400877622963676
-1.177555787753142
-1.090017677161657
-0.777872914317082
-0.522165436170723
-0.523930910928763
-0.573701598776191
-0.774024525677352
-0.816803397750976
-1.085659010610057
-1.216011571007624
-1.151689311523561
-1.311240333595859
-1.282425023950905
-1.212638466748453
-1.081972106036234
-0.917717657871479
-0.852859132579090
-0.753703249635438
-0.844736317072160
-0.990893682479316
-1.085011214276008
-0.685743500086130
-0.510022032309313
-0.482468962070745
-0.674457217673444
-1.069178005427915
-1.419963548134487
-1.746943957041013
-2.004152810581193
-2.283923264750618
-2.598062505526238
-2.435660732960585
-2.220165161326390
-2.203314536276853
-2.071032746037605
-1.983626164337454
-1.622923484735839
-1.395371657803996
-0.891531736557047
-0.486309157698208
-0.373450305631976
-0.341354531698116
0.084618985641097
0.304188009422991
0.447549532749503
0.758424897681283
0.815690008135984
0.661864431141929
0.791991350435993
0.872581761773370
1.042622954874423
1.300336847288775
1.763795444378558
1.830169988819922
1.556539383744925
1.389164428366085
1.520369975324663
1.489167232485853
1.403135934139006
1.538529863635828
1.426180603673616
1.157004981057683
1.208387311351754
1.360439975934941
1.391556707907896
1.343090461058343
1.371135002558825
1.184650512830045
0.904156202985351
0.534083565351990
0.273491451507029
0.138914434852672
-0.114390038285558
-0.204262508994065
0.131933293635570
0.116305664328721
0.104610557886713
0.451776056274944
0.594828516850637
0.890741097506355
0.885445064515341
0.557232132306920
0.524197071741174
0.409146980732880
0.227139449467610
-0.092823061286727
-0.524170271110527
-0.386385892488146
-0.356241279663752
-0.339331036219725
-0.559253656972400
-0.854486683882688
-1.318187350122139
-1.587954609757371
-1.559251657576333
-1.608461076535864
-1.709017093376992
-1.520135723482088
-1.590424571591709
-1.540112960856996
-1.456261554484416
-1.216857880267129
-0.926366843354622
-0.540273605502067
-0.467804270050813
-0.683498595973606
-0.635927730752174
-0.763679005173525
-0.939372854839197
-1.149494961912066
-1.010094114550713
-1.116318879854907
-1.064864912844780
-0.893576096501070
-0.581577814255566
-0.600709866940629
-0.529389343227599
-0.647677104132635
-0.634067419882501
-0.770517422687755
-0.999545395590708
-0.605144101631021
-0.350512945197857
-0.314744009358115
-0.612710189195732
-0.919935002771080
-1.294385055130921
-1.423022090815391
-1.630561758265426
-1.988909425413539
-2.418659494348906
-2.394565062659110
-2.043171254100609
-1.893108197756665
-1.844969062258567
-1.548230846131606
-1.138185139513481
-0.737960792545283
-0.405719192902961
-0.039572102914363
0.160442537085982
0.166368352607492
0.299784516660058
0.575455782738663
0.769112285720674
1.041588588960368
1.076490183961525
0.907421166265308
0.961638242553683
0.978998242483766
1.342953993879085
1.622564472608216
1.806994314103831
1.773106975304605
1.548175916211994
1.442295771029583
1.625492454255431
1.484446235456607
1.300724918701410
1.218832814312136
1.278039324539367
1.026201961815857
1.076029442465472
0.986836945160106
1.075694717995912
1.243592427119010
1.399094415966121
1.231953297924709
0.944725637225039
0.527636623950861
0.382772427723519
0.254872336626983
0.021091571233975
0.075776595204166
0.624756349237168
0.647006714026717
0.798066652974328
0.883941234788832
1.041393028762380
1.406869321654420
1.521992097678377
1.083180253631727
0.991677023330470
0.796968062840587
0.553999008009482
0.290261297237885
-0.069625846201761
-0.234920374696648
-0.251586966566075
-0.315503308194468
-0.558598356908689
-0.892097294481917
-1.208341829641485
-1.536788481003329
-1.575468780246030
-1.570470425308728
-1.786356735700637
-1.763300540672675
-1.952115783230326
-1.966336054383527
-1.756814486542448
-1.543733750486218
-1.268875496411761
-0.900429999709653
-0.518578057592921
-0.459716521731692
-0.331881744948608
-0.521809695505339
-0.573224763156458
-0.727693615002102
-0.623881768355422
-0.506925988378864
-0.627036727613716
-0.602792669096378
-0.290734269100712
-0.182176628806764
-0.071522040280637
-0.445466642251304
-0.562263946315094
-0.684614811588652
-0.616384975551824
-0.360957526522838
-0.298122906336870
-0.229928906427662
-0.352603736324243
-0.588902067290880
-0.968889484537872
-1.225287016479855
-1.407107189999041
-1.862779994142111
-2.292435767574284
-2.325249353471637
-2.060493021391964
-1.622359307574569
-1.294748255012949
-0.873666605745593
-0.374480740652654
-0.006259551213593
0.200786075665938
0.542016216315785
0.708697105732907
0.559694252815960
0.535027671185426
0.625087678803294
0.870100481128301
1.184324099253003
1.336061726831819
1.336292317528448
1.285495008321951
1.194040978815702
1.635621302537866
1.869404484486932
1.819967309437122
1.626295124110829
1.500688397709016
1.588902901761900
1.538115307010826
1.548589929377105
1.292659625810425
1.118708857909003
1.237569927679682
1.116479105275735
0.982197758335483
0.920572404800815
0.836559562766903
0.810252001753589
0.978858072057885
0.953743689227361
0.751942887471062
0.340072835816237
0.285462874530162
0.335696512359835
0.241374033422331
0.497998498975354
0.855441535086982
1.140789681039275
1.212216017704033
1.342429890915516
1.536159258673357
1.750586889676303
1.861595294552277
1.531113720213282
1.265992689111641
0.990159053040889
0.664544017685039
0.291602997055202
0.013141946076648
-0.171387564366649
-0.114794379340074
-0.306627145315152
-0.513845507409492
-0.663584460584591
-1.053790563045516
-1.186706892480103
-1.411563372086132
-1.546580736847249
-1.724399780230775
-2.032918870766419
-2.135597298469301
-2.059541041248185
-1.875712436899928
-1.773607043717299
-1.611265669804216
-1.123807195019960
-0.601635732905947
-0.259102091456631
-0.090336308664408
-0.280285999808364
-0.444150630937777
-0.525395589746997
-0.368282038540694
-0.358406127768575
-0.523664471364073
-0.486395644162052
-0.215569956030822
-0.027695017921268
0.068049773765056
-0.036045045468776
-0.326707681612584
-0.252989945822295
-0.215149483243926
-0.139931196470352
-0.178582463852929
-0.155256660098713
-0.003188277274970
-0.056824267698005
-0.517993243008421
-0.725419343912908
-0.970939468446184
-1.427184685742280
-1.937161847493588
-2.000017409834362
-1.662678933937052
-1.329322753491991
-1.050144643826847
-0.327631349525068
0.099350220469473
0.458991912852256
0.616140652584373
0.914325755034365
0.976377481103924
0.725852001347574
0.738830785955379
0.651579341362601
0.903196990426273
1.278812406220240
1.378267283238338
1.348518476041754
1.502047719165498
1.319892328625210
1.767677905332415
2.001684120323281
1.801914930592157
1.552148825590153
1.559978508166055
1.678115456696048
1.466054774080414
1.386965007205774
1.315533611326655
1.272680201725896
0.945671587512895
0.828764558814510
0.964418116888368
0.951490678384264
0.978478031460701
0.811765110007988
0.825472873926351
0.735621758766847
0.695341319202834
0.317456023083237
0.211592746994938
0.160836152589829
0.260658549299945
0.701811116079046
1.115945245109022
1.553420928816448
1.759461219207657
1.752030575847745
2.138728634078805
2.393557605380579
2.063159124948878
1.650815481433878
1.348157383653284
0.978824605789220
0.735803781261303
0.410824066653698
0.110861075512471
0.013313293458697
0.114115465840577
-0.157903777146020
-0.402828677323536
-0.731855228397913
-0.834136599745305
-0.873872978170084
-1.041612484107018
-1.226111268385003
-1.615327160702298
-1.905610415992733
-2.150967186632968
-2.046869229272773
-1.892267363928516
-1.703808849386620
-1.680104189710142
-1.155431016131977
-0.813204829830954
-0.378518861061693
-0.141156561563050
-0.401242564491616
-0.613368039014359
-0.525408606278316
-0.574130940031132
-0.417575694117558
-0.228265891124760
-0.057696185343211
-0.039590863906155
-0.017597487035340
0.095313575951259
0.117021428745469
0.049736844617535
-0.002487651504057
0.058017472779123
0.073243142096470
0.111630567097000
0.298781196910870
0.449249119870418
0.210755250704308
-0.135153752993601
-0.160826301067946
-0.471106155181858
-1.209147639504513
-1.609165214214047
-1.656044430726749
-1.444712367983884
-1.188282482835486
-0.639149873641245
-0.009631313988260
0.374269438769632
0.750292061453959
1.048318347003191
1.229238692258976
1.061362482299300
0.835252070945279
0.928821837594289
0.775399581704471
1.005209003550047
1.231765504123062
1.394189065772533
1.483226267481101
1.477078831119224
1.505988092792434
1.810548097387443
1.955446949063809
1.682556053177596
1.385127809048216
1.354726590600594
1.503925058532525
1.620272453895335
1.610284759849260
1.476646759633978
1.392592143496221
1.149131733324627
0.958348219600575
1.040050985261495
1.055596636524160
1.270971019991080
1.193619845997629
1.062013258799215
0.760998313079377
0.705290531022091
0.489475067301139
0.232455812251313
0.282479283199852
0.435461518629748
0.723926957298807
1.360936223791988
1.717476566085080
2.124104582826922
2.289571519896603
2.608256692808795
2.619644569617174
2.255195830534652
1.902867570990457
1.569213888201306
1.138183564557782
0.724176567912092
0.631373488686084
0.367427647079429
0.203848212185793
0.259824080280205
0.012339058496426
-0.205583675987832
-0.688168640408804
-0.819515063302246
-0.694242036501658
-0.538068488451572
-0.937379997601185
-1.282643451002330
-1.666331728442409
-2.214391235543837
-2.137834449927000
-1.877039168895452
-1.602847101177825
-1.376419293609924
-1.074843867712061
-0.718805182186590
-0.334225487500018
-0.215874462025123
-0.535870014098933
-0.835172760805101
-0.794803628643305
-0.792145804693320
-0.791493444891250
-0.382558139675501
-0.106248179879166
0.172005999433542
0.337774932890901
0.322391896168774
0.259123540293072
0.169488791088290
0.283157402784584
0.469238937404281
0.415450598662573
0.416760768371897
0.439359193653327
0.513950400516521
0.452733429445567
0.290491854963433
0.115915904815639
-0.273144328872477
-0.781914434869689
-0.920407870137356
-1.103203140163008
-0.977369150412857
-0.806431811963788
-0.298554900622308
0.311087632792088
0.886597534193782
1.109391259669759
1.302335656224794
1.448369155118811
1.212478449522069
0.889694315446417
0.998253219894881
1.024597222208911
1.027858386180284
1.082041779950429
1.073064375149726
1.379516295361510
1.262686328267215
1.463687317170128
1.763642306636646
1.792116464506533
1.543744648900748
1.412189644507296
1.299096190783697
1.390784677209194
1.520757876780135
1.881189940537251
1.825803135502004
1.613303769599513
1.464834377161408
1.386662030396485
1.224030540277186
1.312090812944721
1.380858945073993
1.388563321417919
1.300934286864153
1.050416512935323
0.920048947657009
0.727882459314985
0.569118366416059
0.641040479405821
0.765870399759606
1.124666114585740
1.726988012208121
2.013604326774409
2.355351641942219
2.487677723922967
2.596052569089840
2.612297652358954
2.558095200066978
2.358614685323831
2.036212417518669
1.446122385251483
1.054351374792783
1.047268973906493
0.775211642790602
0.569840916346792
0.318580545695411
0.020798478827860
-0.254625457238711
-0.506499186610448
-0.832396160395473
-0.761453373446990
-0.596875269530839
-0.802122531059718
-1.119365507372120
-1.709063670100257
-2.192109023306885
-1.987623884368398
-1.587469723569348
-1.498914391520930
-1.282564208520911
-1.246970302484739
-0.878820710757151
-0.703419954256637
-0.761980710534784
-0.825511747606394
-1.017026576496488
-1.283818748441818
-1.305562042789626
-0.985932791578039
-0.456832138895989
-0.108086921487391
0.119123802794056
0.415385217579239
0.381875272983034
0.274536739451657
0.475900448730332
0.860824477630989
0.941791422889450
0.759799438116497
0.666489043275573
0.508276429569896
0.524934702476593
0.347723668047635
0.379969041163564
0.254759597808020
-0.161829403374145
-0.393082425620398
-0.451105531962089
-0.469561766013739
-0.239781602444416
-0.048153844764333
0.320414100082079
0.875152724285240
1.117934834218717
1.480270618769989
1.648327594925959
1.499613616239424
1.302347865497404
1.111751638738110
0.980980035557726
1.080193242124241
0.974383323941353
0.949394189164236
1.039328861446388
1.345626728576957
1.216332021172336
1.280657380271850
1.363046152621820
1.556003568621936
1.519829725298230
1.278207977871840
1.220980922189278
1.400028639304153
1.528132755878906
1.899393726001675
2.064808633648936
1.909591929087714
1.850459656802336
1.645420924638952
1.416540505156237
1.499949294832311
1.506160128401592
1.552673646459750
1.491032980390823
1.246773722324968
1.201376370552954
1.106545305369039
1.017181026733356
0.928334095458998
1.124918608012056
1.501428003456677
1.963902525105576
2.306898269805919
2.549443438466182
2.674385044680906
2.566826491738039
2.575924551432150
2.720478470637413
2.605300971302660
2.316165004288876
1.740067618134171
1.334014960068064
1.289049017247056
1.227072385404956
0.947578244359227
0.613021807086518
0.273123731163642
-0.052025065128581
-0.286861845790409
-0.444132648550651
-0.674507928933182
-0.718346725359397
-0.567905943263382
-1.092195265719569
-1.703335967953343
-1.946998789878762
-1.877650082079723
-1.679247963049186
-1.390154540311770
-1.302482994122247
-1.396548795939780
-1.255065291688230
-1.382456659603372
-1.363319775087319
-1.348882319958818
-1.378531106995170
-1.483951847064954
-1.472825690929403
-1.125579901716650
-0.609642135039082
-0.366878570660593
-0.275566348886247
0.037080640093162
0.015079859476504
0.107062249772147
0.468383008352364
0.984243816791850
1.111475428769073
1.026286275962119
0.870610299134064
0.685611802981071
0.657987540575861
0.525298124524829
0.411643509118226
0.355860181484911
0.126883956262534
0.034708622232227
0.145672185669775
0.030714021221631
0.215292537149173
0.629744018576221
1.088064606032718
1.353736799133986
1.552045595935021
1.653882310225271
1.690577367115419
1.689946895672402
1.818548100844516
1.533026585679240
1.200075208170217
1.244878705716998
0.995786132026959
0.937031412494816
1.202298532172709
1.383880431353599
1.370837925297964
1.404167528349772
1.595988402183526
1.643193797469020
1.800005828785436
1.553602186546157
1.546223955788987
1.766482066534413
1.924641243338083
2.260962270170023
2.275945551849487
1.970844238754778
1.748367170411372
1.648442989708059
1.647737030245648
1.712995474307637
1.702894904453665
1.740756098674117
1.758676603291648
1.574777301914012
1.515376386698527
1.254411878780883
1.160340022339881
1.278363724496517
1.588242741092400
1.841263980741597
2.024259664833735
2.159653916370583
2.460060978549510
2.739283443127549
2.643779055964039
2.623070855919061
2.529242772062838
2.655141753767864
2.549176273896159
2.170836949667594
1.878208910761691
1.546669999901824
1.351260543517232
1.110343566422092
0.644236822095671
0.394040729482792
0.295207358431374
0.211630877851971
-0.012668523385357
-0.330167126474093
-0.239422273604245
-0.230609209305118
-0.953128583808306
-1.489056544984912
-1.510973461205794
-1.674265274922125
-1.619207260390420
-1.620411414369665
-1.581416395495951
-1.487432876308277
-1.704929833446750
-1.931940532456950
-1.905940205594083
-1.923357136189219
-1.710507012870795
-1.699354917680335
-1.460193823065602
-1.099139273655834
-0.857251257729661
-0.751472509211388
-0.600145175842135
-0.253102473621957
0.039052348929434
0.110407455418841
0.428460606773175
0.731188768037189
1.077404542558232
1.277737188526901
1.100038758228015
0.887633788098204
0.914478960196249
1.001596632092325
0.952974604438445
0.523361359291704
0.571249703089359
0.575133892940396
0.692159815545074
0.715358398855578
0.786916271913449
1.213683477033049
1.676476680389514
1.871010081657777
1.966793976990613
1.918318553108783
1.818612950279117
1.737512808240675
1.826238786556061
1.721807542858056
1.352568317742415
1.162839142815606
1.066610365894394
1.012732152891210
1.098257780344189
1.147267720066484
1.078556309858298
1.368067724951086
1.600507421841598
1.591538868446529
1.700891029178737
1.775777935175394
1.923660681146485
1.867215713848656
2.123088802531950
2.396159445739863
2.343958219732639
2.062710933548748
1.599216579490824
1.604008038880469
1.781412757798500
1.796889017044106
1.733060240986684
1.766938854722345
1.967172222869193
1.895397839859893
1.482897209134885
1.520105297138571
1.457759613677255
1.640523121278739
1.813714954782897
1.955873104399214
2.138225481670774
2.122665217045644
2.226091239364321
2.425135643446333
2.594484758871265
2.658010491814412
2.604539212749095
2.688231026664643
2.578437978253861
2.377607659041641
2.203374832001210
1.817660241836318
1.471749051658606
1.145243577712611
0.828923951847502
0.556856080610102
0.535201541280428
0.472969701792825
0.341942657266896
0.170897796408883
0.047595681521706
-0.152246909949189
-0.736592555727075
-1.287695494316055
-1.555588265725881
-1.682790700970113
-1.428191230354142
-1.488474674048585
-1.736877114236139
-1.890270601304434
-2.227071198335834
-2.241379974329431
-1.999669748497563
-2.149513111029802
-2.101989267556876
-1.920377232283425
-1.689057501682110
-1.403802145551123
-1.246526073866670
-1.022121545679848
-1.010388948986970
-0.583120548971643
-0.081534148167788
0.237389576731995
0.507992753062555
0.573040986097916
0.765511861212610
1.128852157952992
0.963585880585948
0.898003657550682
1.101544324332075
1.403846509097223
1.362388691627433
1.262834366668292
1.158365209430883
1.110788482563159
1.318408616850229
1.347691730609163
1.531374584854376
1.873332008900045
1.842019399786576
1.999046691709806
2.018632866042225
2.060913433032852
2.005451280060159
1.847062478185607
1.958511208930482
1.999096600385042
1.692833402506126
1.463416875711325
1.282412904474041
1.281274263909779
1.229168441246665
1.223970402520167
1.064443104738865
1.308299736073442
1.496038099032827
1.707473547490868
1.785715582241169
1.962461680478248
2.058704384924257
1.980549882737378
2.190926179490015
2.289024151569034
2.297486986506084
2.093061205977155
1.476892581814057
1.544377597925547
1.836360071357932
1.967513883434951
1.873170270748498
1.863682541932148
2.022026200721924
2.065253271227829
1.675084376786345
1.631953472585697
1.742661799719258
1.886614522179400
1.668254428981787
1.843754955579750
2.200911413106478
2.288015733830016
2.232059500423172
2.309098432437317
2.285527154765113
2.545403361738845
2.454529972134001
2.514619886552977
2.748860392607841
2.612247888008957
2.428310937720644
2.177716986732952
1.967177232507136
1.611426175262909
1.223106478361228
1.040411668883496
0.834755129956039
0.803002213564762
0.737278280491186
0.536555498576771
0.337571017693936
0.060289126643568
-0.451519297114105
-1.088852634659596
-1.546648089247746
-1.853556056166838
-1.654486906808998
-1.673802172512945
-1.785714914627150
-2.128071564774606
-2.537973318547702
-2.540611326301699
-2.274051997257216
-2.246311205281698
-2.331701971711686
-2.144542747008634
-2.068841128648934
-1.817778091718763
-1.572906022918132
-1.466931703943228
-1.312435591036608
-0.702523160670054
-0.242426706891009
0.227085518209338
0.369826092755851
0.289673889598730
0.409576683936965
0.502939784970352
0.473913066167300
0.743923501784198
1.162135788404318
1.243513692624430
1.414059910517062
1.468465678175218
1.271438953393090
1.552120635859126
1.888852906808219
1.900043028640122
1.942518575436630
2.221767072774238
2.015643702949998
1.987269626058916
1.882755460473875
1.915550158556247
2.126464903272151
2.165594434367770
2.267587130249387
2.378343200026761
2.008373981200609
1.584845133522196
1.504705761002053
1.485500331377741
1.497545062500324
1.516453221553483
1.443761899259599
1.428900667366524
1.479926533088371
1.760547872990653
1.888736272023935
1.981901580569280
1.947771324315128
1.732552414478186
2.043080530785962
2.071499411461611
2.066353997391110
1.980367877295761
1.671270783409076
1.658043886719466
1.909120259959412
1.982579281576341
1.796499827028241
1.706043687128979
1.964129526165773
1.991371779722145
1.713481082189397
1.801126998364066
1.986998334742766
2.013206944285610
1.588246237243917
1.808836045465715
2.057147566753379
2.314202579877743
2.289570634162609
2.232970969183588
2.022909297177692
2.237874025188886
2.187915437027320
2.235070803390999
2.499883971337926
2.688631295705646
2.599101783482471
2.360481480480856
2.116135551637595
1.888040155539961
1.842773004425721
1.729795618191080
1.422942795615325
1.214205542357734
1.059251053215476
0.907435785431706
0.500762109258526
0.297193851365041
-0.244747563556855
-0.748543509633522
-1.098939290536925
-1.637334178276684
-2.037162183010492
-2.040282939859826
-2.063791860384071
-2.356535790073036
-2.622598621479083
-2.646544640350904
-2.558807453661109
-2.339946358177910
-2.294013470951497
-2.295846568271228
-2.425777780746788
-2.311538401058850
-1.956226367127097
-1.683164297996330
-1.369922820454386
-0.930406129913633
-0.527386626447277
-0.211989787037557
-0.123056032209488
-0.177992749398575
0.021763348378662
0.150065993919182
0.385548379672440
0.506796483827469
0.672748451267105
0.782233443058289
1.117960428176831
1.325906658489803
1.243993488249621
1.646199141755360
2.146527125739764
2.429146829631494
2.526389367079735
2.374185633351087
2.140125600731920
2.002242706997635
2.034716357940652
2.148199874859355
2.452027754017970
2.388763178745768
2.346831202127586
2.494291043158088
2.117366985121258
1.808790509729565
1.719019586751318
1.657804071187421
1.502031599943543
1.622366180645944
1.684525190461307
1.911001780973645
1.980494112674082
2.057405243652992
2.145720518895143
2.004384996792813
1.885016019821121
1.930891961193070
1.949076217214856
1.997645740413125
1.962444052676123
1.809608221871172
1.674099830683391
1.764360323154008
1.878212701336019
1.794721843291699
1.691973559989596
1.571847799782793
1.704786748538424
1.802885620815334
1.691039447699088
1.859464938886808
1.902374152274298
1.880024394639900
1.750070457595254
1.872656000796443
2.117044665264431
2.200653276866846
2.137203628324111
2.057921089629520
1.940888850175404
2.205074714815449
2.191715194785980
2.179209231218008
2.219452034409117
2.580790695660732
2.881811821131964
2.754087886111384
2.644222229963112
2.542432151029774
2.274973498654229
1.998681702667763
1.751925007983351
1.592281225760154
1.345080152010161
0.998660430166564
0.790023912398893
0.377617034305733
-0.297106027176436
-0.715554552531677
-0.848465932130859
-1.408695905542155
-1.903406278312036
-2.041559389156833
-2.168465958012614
-2.375351058189167
-2.507657089348536
-2.681699303705592
-2.574620266605814
-2.358867608712246
-2.495313669920389
-2.669636303727039
-2.765496854098764
-2.620002944321219
-2.116902343190926
-1.815211688524835
-1.431509876469800
-1.167553233989247
-0.916703746164085
-0.704517873551215
-0.470048202614825
-0.511549043635895
-0.226231254322536
-0.051200327932018
0.165150203489308
0.282220871248311
0.409505765418273
0.529967198590286
0.939233102379939
1.087152538619948
1.212730705857855
1.600040650499067
1.936915968071477
2.349651178326135
2.586411573098265
2.525389178679780
2.213270437761868
2.190898639198748
2.411719659023528
2.429090015665435
2.632019453909857
2.753940722777727
2.670656833410886
2.462790399912271
2.017072933486205
1.780754414398608
1.723904123242375
1.604702607494157
1.526096432316415
1.755045015418250
1.932262217685137
2.195771779337520
2.215697020841783
2.276470617740268
2.195258159969619
1.930249365702957
1.781593617370401
1.727006509416753
1.819807875231828
1.809908789313156
1.908051230632823
1.892154156938644
1.776713832555000
1.679266384683545
1.682598354019731
1.658492934859158
1.686142010706088
1.783171399804357
1.642679191978067
1.632737833962550
1.748897027256693
1.865997076952536
1.886986068851651
1.929726673585773
1.810396525296474
1.864684106682774
2.192285034662387
2.249698280620971
2.224394413105136
2.195208134932107
2.171090302311299
2.438612928901384
2.333146493208828
2.277479741221126
2.273624636159045
2.518770389700955
2.881605553214451
3.035743174366171
3.135972196627628
2.827466232822274
2.376987559906337
2.047842618865236
1.885013796228048
1.769415162100757
1.582703897248381
1.311154860333668
0.928308272129285
0.540765784912633
-0.072788464934617
-0.473011046158685
-0.652120803516190
-1.161525474870046
-1.621555058067950
-1.782340387899371
-2.060850677939517
-2.429493678981556
-2.462235534217306
-2.675333668700847
-2.672807532661311
-2.599388652826800
-2.785840606334121
-3.117586724985936
-3.255559465868674
-2.927435504067531
-2.591882451001063
-2.039962571535870
-1.621434475379000
-1.416994270442860
-1.412560658605448
-1.320715651651370
-1.055620225177474
-0.791712838322959
-0.591049509089049
-0.400440448199870
-0.085951542278845
0.355971925441367
0.359871707063786
0.432988587117898
0.713106308370970
0.854342219809909
1.172473820637031
1.515200127496237
1.768042455544929
2.087323528384912
2.392055314216166
2.388849696348216
2.324091995170615
2.490899634583018
2.650964691219488
2.546572959834206
2.715241401527223
2.869940229820898
2.623015619247840
2.415173240883579
2.017412570411245
1.835019688539542
1.931074154804633
1.713144971043272
1.591720953169619
1.786607379408392
2.274216165879824
2.587265362293471
2.628374468074312
2.447332502699776
2.171836234584970
1.846421073820738
1.888225861253723
2.002641173597060
1.824818613774200
1.771207295875345
1.857649767264154
2.007468260121636
1.770093350578421
1.582475512403231
1.608116309403405
1.482994547742316
1.231398865091515
1.408190955435693
1.666530297609190
1.719325389283083
1.971744817878626
2.036257352510386
2.081475012183016
2.056824520530750
1.983840212955420
1.969261905826308
2.483832479030394
2.468159694205757
2.296453689041398
2.431008061862950
2.426102114827378
2.568715391217098
2.764972918561114
2.672754114868926
2.622575209734776
2.967162894835706
3.217428622094088
3.222558246880246
3.132612970585792
2.774037600206721
2.249143971973588
1.985073476311629
1.859594665449343
1.695058258079433
1.566712602846800
1.227493439577946
0.667749024007696
0.525959302083455
0.389808534534662
-0.077364610084932
-0.486928110977827
-0.803491765960476
-1.211968089655532
-1.745014580101846
-2.132217979871126
-2.357837493181755
-2.284519806442058
-2.420932812880764
-2.683242576887735
-2.847029911770870
-3.048997156311698
-3.374002052780245
-3.480719882589431
-3.311022032874878
-2.985897659009610
-2.656997926742925
-2.280899027355064
-1.825196618961191
-1.987644462509002
-2.149034359992199
-1.926358512577511
-1.504013154347431
-1.087280088787407
-0.668580744505133
-0.059779939939860
0.350663321068258
0.433417912159098
0.385864831320087
0.742860250679362
0.985269246792754
1.366281594481280
1.776239871369971
1.887920177812562
2.123304881621576
2.153087553800999
2.011456416393294
2.192122623173894
2.350207984089297
2.340637686971517
2.414559284164032
2.615400523308769
2.703100029724331
2.678975785900208
2.268967998171696
1.926237980030975
1.920320057562245
1.990635245894761
1.815728140491232
1.815598811531617
2.023811192586227
2.493320638093478
2.811295238831834
2.916515861436201
2.591120643659605
2.202129299526555
1.959583529238222
2.058063357528650
2.191665463474768
1.982456431429457
1.840004765783921
1.809867347867262
1.710276077990700
1.624956589040524
1.452307954950459
1.580286582497286
1.479621403244620
1.237510817521082
1.220396777243167
1.499226571747781
1.694454793345024
1.945053018196861
2.130849355519512
2.251623427278195
2.298293796637584
2.233396887308552
2.176178551477522
2.338025890539866
2.333124368338458
2.416817145110021
2.551413206761918
2.783485331213783
2.858944917653456
2.972567077431670
2.929730937036310
3.092589066213198
3.349130414751889
3.326594993401010
3.104561064352824
2.916156468775914
2.822695399427562
2.421665112054152
1.930669066830690
1.747926719322091
1.400597678992320
1.056784318867398
0.748846327247144
0.449333248075334
0.559052775380821
0.533887094212519
0.160398703541741
-0.247617710209487
-0.620820906863596
-1.109611858296145
-1.620699850938793
-2.240908727795360
-2.400423907299787
-2.489994214955694
-2.819626105631937
-2.995678248797748
-3.069327340630692
-3.170473128570896
-3.462144777360582
-3.705695888078731
-3.755142502502287
-3.437256403350677
-3.200667275442314
-2.644292909057474
-2.072755153392480
-2.346995957099603
-2.547956302171666
-2.606336841078789
-2.273726728122839
-1.812383782653191
-0.954470803753977
-0.189229206047683
0.266219221111744
0.503369999367277
0.515634740118621
0.825351515142891
1.172245850683856
1.370212400267506
1.809784366770281
1.940063960658345
2.052430925397792
2.040132531032336
1.981803385738457
2.243690562499832
2.406417742557712
2.444634956209231
2.456200333457659
2.379173373312850
2.373926713450111
2.407039485454487
2.216962119724637
2.013219209601029
2.213144321241671
2.292795984141974
2.165720512103163
2.269239607643573
2.618275042027539
2.870329329447310
2.920893527512291
3.086602077085311
2.838366705590667
2.584532936451453
2.219065470577952
2.161229632150072
2.152497831060419
1.939445562314396
1.886072344166531
1.674447964952551
1.648540522569825
1.554914977209663
1.518757089546799
1.550865680094949
1.398920488780160
1.318748603050623
1.454535306767942
1.534672286529190
1.747172288159686
1.965634697966628
2.107873316527701
2.226154558260887
2.159465945381324
2.092968882875810
2.128712955790062
2.011412792626715
2.181572790040233
2.339468901273550
2.430879125590383
2.684465768426608
2.785496350181715
2.881517447443734
2.810295191156865
3.124030630467886
3.462017390337380
3.491984935295941
3.028346374661388
2.662524908166195
2.639138463075120
2.545760437498745
2.145062675434691
1.661598838785516
1.021169788582444
0.610709402080963
0.338356153594941
0.198260806900365
0.229268965926757
0.280627779199242
-0.040669407928694
-0.186551965075326
-0.747948929654954
-1.363990536151096
-1.683272399076221
-2.161695595443000
-2.388389824550989
-2.613840572397953
-2.920052277059858
-3.156401048473013
-3.245569784352631
-3.429317392804844
-3.753804585574555
-3.978954735854449
-4.025043412745649
-3.814987033491479
-3.147757927103090
-2.532958729067659
-2.352202569273970
-2.359292868704791
-2.411236843200419
-2.703580285441481
-2.687153747666860
-2.233517494901469
-1.509630006148271
-0.755923351421323
-0.141496061412853
0.243649211456252
0.426216924458050
0.604503489575422
0.942365830878298
1.285431854840231
1.648468516947110
1.947673984849525
2.043913230268045
2.153281021148194
2.168792291538761
2.498057016822337
2.583293617928428
2.644102868248015
2.551127861774131
2.343251498869543
2.350343128245056
2.202127178406371
2.110240734299965
2.037193778677058
2.131026287204967
2.337420297144853
2.397211943353546
2.595317042166962
3.086871694855415
3.155387701675856
2.990232783639345
3.228311320114740
3.117322259154703
2.757492362518420
2.507456336940764
2.186273280865314
2.068502535640215
1.856717752314175
1.782183596847363
1.658313856400191
1.392339052980513
1.382320473865451
1.496236972572642
1.432415463797583
1.251362990675613
1.236251704682070
1.293367485438212
1.469230633787177
1.633626851209024
1.759653401393194
1.853479486609681
2.011631875989019
1.957009790076722
2.049957603262995
2.044698963789385
2.136584220529316
2.185171149987466
2.297199811633124
2.366806175395816
2.499484524294072
2.569223475134486
2.834254235186906
3.011080643237958
3.200147796232426
3.403370270948494
3.157001355613781
2.746031006809516
2.488071043070670
2.433260321568505
2.555831364312181
2.289956770088831
1.789119497329251
1.055976771861495
0.455234520814652
0.167645049781821
-0.036276976665340
-0.011442341659644
0.158098989378648
0.012162132199498
-0.154563629479280
-0.615226931614601
-1.282137543570081
-1.553187432179546
-1.863501578124019
-1.986505477920218
-2.432359576189012
-2.771160055478963
-3.237327311118825
-3.679026431306406
-3.971272150629194
-4.089670847663278
-4.034737965866874
-4.337474674049798
-4.012462302252112
-3.411923361782979
-3.056176758053346
-2.738771597568922
-2.547536083173333
-2.703588748734291
-2.911630315574720
-2.845460182371151
-2.365793628456311
-1.703098474842789
-0.992996362008305
-0.389671486901649
-0.057662186003968
0.294443649867220
0.431799310637101
0.695160444674562
1.075173104173495
1.565913304042993
1.970373432333683
2.099193794762509
2.070496523525490
2.201516162462005
2.541936151818459
2.478329319628780
2.357999299674642
2.224532828937470
2.038910515728944
2.128331334581518
2.021285125094832
2.052090613578885
2.049181323806694
2.171406235338864
2.342038179605421
2.623800902062833
2.832777235064590
3.022890819072022
3.081804964729360
3.020401475797481
3.109641287410750
3.127660345206885
2.679928786229161
2.403277287994113
2.360098970076398
2.259537208464310
2.179049607525531
1.807893850328408
1.614277209471213
1.536319065422344
1.422171032506246
1.305919507535184
1.166804000436936
1.061347791057644
1.097444914354325
0.994663543637738
1.252826666518709
1.500482832546713
1.579393579245926
1.603180233276233
1.921717161677954
2.090723726379775
2.136750595699315
2.121608594205115
2.030304431353393
2.091727569136199
2.302393746311034
2.564284715807102
2.660370507901105
2.735140804870900
2.955585882949151
3.144057668481650
3.272195561074604
3.246117774437655
2.832918861226641
2.478149712704228
2.301178719995127
2.330112109065519
2.413503892377745
2.217050879549958
1.557750977060203
1.041748771754476
0.500261529494910
0.184276419400143
0.176395523077341
-0.027286889421633
-0.053149958662479
-0.004488266778670
0.143853192065812
-0.193018768900786
-0.893178812920058
-1.257346022506648
-1.387431422957284
-1.716245413689524
-2.096646199290441
-2.793892355816068
-3.347177804577159
-3.601981165328298
-3.822692271774132
-4.178445211045048
-4.235897384206724
-4.449440947602743
-4.122711781146752
-3.813724508714324
-3.553426700889908
-3.322813617990916
-3.219904859268675
-3.372678317046924
-3.203936674662130
-3.006303077086911
-2.506843659709230
-1.764649024797644
-1.269351394892345
-0.751131403541355
-0.216062544917211
-0.057781241958492
0.256625186031726
0.635101295708916
1.043400351067828
1.425538173704902
1.999096682667978
2.172780383431006
2.028488276506072
2.037425052499146
2.160177348839955
2.190156240505005
1.963743136611210
1.901967980072515
1.786400367623482
1.616260449989906
1.594050093239452
1.705418650712474
1.890154086586614
2.148646951293740
2.307271546844424
2.659121219603510
2.854399464696538
2.804497945874497
2.852133206960237
2.804796621214234
2.799917130770549
2.903384901984679
2.697269322084691
2.622302950612518
2.561137810011334
2.491369779260170
2.462883251464814
1.982225032263431
1.865729191682389
1.698307905825420
1.336653953428296
1.188081769329703
1.049756593224941
0.885826144888720
0.780143804624920
0.894586002439776
1.109943517141949
1.507701949622570
1.545125119588695
1.526402306015475
1.973821162866509
2.253289201938752
2.174321524030042
1.990947703477571
1.895467092425351
2.295509173006720
2.562051791354330
2.873165737240962
2.906258777794167
2.992016209452528
3.158761787439450
3.121143264574573
3.057502529946178
3.194734585920572
2.841197558847463
2.576614817593743
2.487200318124759
2.318155079739643
2.280296903157614
1.879518485124331
1.350718900336695
1.000283890264484
0.496203380152944
0.228638106670122
-0.013984951118198
-0.163826804262268
-0.108460833287377
0.105408601910972
0.271829335296531
0.107349291543611
-0.395479993694187
-0.958485916668680
-1.122038263277104
-1.555860433207923
-2.181741655193683
-2.962618316102322
-3.389001741877654
-3.504616640080949
-3.683642127869209
-3.984650673275846
-4.245435882103531
-4.411487838659799
-4.439734265166864
-4.234802260492348
-3.859335578206032
-3.685769255329967
-3.622746311435270
-3.483601500650300
-3.226463143920796
-3.041570435022951
-2.624876424427241
-1.961408369324654
-1.257409272747499
-0.781437747423170
-0.305410311232354
-0.177929139446983
0.148489100849174
0.643644727547028
1.139104872511970
1.385658671162452
1.800233958449638
2.050274727742685
2.010629730592570
1.893071004992936
1.999744603019559
2.074064562743991
1.855678263928419
1.696299306752033
1.594806478640176
1.484246713183852
1.383297457961213
1.511290383757996
1.699468376331169
2.111615270614583
2.443809806836394
2.813882224050146
2.898285737952141
3.083463672498778
3.147855571024900
2.922937408679383
2.758102073380424
2.935554508074035
2.768321496195594
2.730297216496781
2.589595653629074
2.574046457067659
2.511538879918804
2.200938838175736
1.896232383030083
1.577726217644167
1.315700099464532
1.166790029267451
1.002380534785234
0.915911721287501
0.749900013345670
0.676372115320959
0.784350210130621
1.193560169000573
1.582634038575768
1.710792991224971
2.039004816276919
2.138132478820626
2.275000869944101
1.934912081514085
2.338850335644642
2.519933221733613
2.941784166967682
3.090328428000774
2.873893725990921
2.729028211579848
2.886941014690591
2.802159822833752
2.950488064873878
3.079980031950624
2.783106596518258
2.672269814355441
2.561187395026593
2.474426740049906
2.185658311386383
1.565346068620566
1.248672707842861
0.936882501174774
0.543302949628353
0.397958227498280
0.135613335275377
0.037750453819412
0.321263291053559
0.391343476500597
0.403965662485124
0.144198697999737
-0.349140068821102
-0.750857456326492
-1.059282688906145
-1.519322188995654
-2.219161803058632
-2.825953341483773
-3.342927809443088
-3.844660868324859
-3.834862263429109
-3.863277303595439
-3.985908044133227
-4.354950649362305
-4.578478384781190
-4.603685773552931
-4.245685387802399
-4.049365141955326
-3.928081827442222
-3.679621667314402
-3.178224096849008
-2.894962362009820
-2.624436823147168
-1.945554235826749
-1.391037116508864
-0.857188142216160
-0.410204551827299
-0.156982290928386
0.095579420069727
0.571849337886128
1.057552105088656
1.374133296766122
1.712419681129469
1.923619145764177
1.859900746398879
1.891331928520697
1.972844882641943
1.970593335462513
1.865376305126976
1.811375122387147
1.686057288555605
1.581843434442201
1.375411251343002
1.395460610799224
1.750300389345229
2.014319327324706
2.496771109206171
3.020580483409679
3.172485046071799
3.350784810388449
3.326157064593437
2.956056504597137
2.697336847216684
2.620671212246975
2.561297256479875
2.443483599091254
2.343116676755616
2.441233181825221
2.323607215496675
2.163368118697468
1.896175308729394
1.499530974764569
1.299061455965276
1.184998378115651
1.243622179374773
1.199514868859159
0.863064508658217
0.707235487172624
0.971511448551901
1.029135273630837
1.424711182113358
1.795454137512756
2.051666881107960
2.216560935267563
2.386898416852909
2.279128449602393
2.825513247196111
2.854051256653110
3.007243984834366
2.964140213655958
2.600351183279340
2.417679491584472
2.433451348167663
2.259726395990708
2.285572468889192
2.413612966190103
2.639880561876097
2.434304765387211
2.274988091178705
2.247610559447757
1.958250554423677
1.567785396356891
1.299333777413434
1.004284082578216
0.522350805586779
0.159601564945065
-0.074295467329664
0.061247511762149
0.485455193040611
0.492558297690427
0.341959285788633
0.038858780338288
-0.485937628045164
-0.896127227839350
-1.225185240526991
-1.664971778020764
-2.425734212348508
-2.779532578476207
-3.306999314386330
-3.874638841911544
-4.089253757470079
-4.152599252425250
-4.153727455679967
-4.315343434982334
-4.523245473530863
-4.591212394894401
-4.407635980328114
-4.079333561734491
-3.915726167608252
-3.670770899389228
-3.109518049998936
-2.571793091513012
-2.442014341533719
-1.963889911582803
-1.452806288829378
-0.972289148699589
-0.516827667285723
-0.031772547579597
0.136542579329688
0.623362600057808
0.971002157809959
1.195126323399666
1.524298627282715
1.835328547154239
1.852746251485847
1.807811426530056
1.759217098909692
1.702649921722849
1.748256101929309
1.855287872054355
1.733897304510563
1.518243320143198
1.421333846269872
1.470476311833076
1.736840267982191
1.970872295870708
2.428820526286934
2.910676133661443
3.228694381675863
3.447696525204768
3.277120485352299
2.940664645330951
2.548326921922927
2.271786755934905
2.206730849036122
1.909259987307704
1.740415102927469
1.970325752695696
2.012714790975129
2.020483242957954
1.791601330368883
1.498317142209261
1.240075215712840
1.387160206044284
1.573247244669478
1.530175241893432
1.295224063292629
1.056102258509973
1.107700505697381
1.321123461198890
1.551684719967225
1.827742345672618
2.085228936243303
2.271171294379915
2.366794522788823
2.650971275691431
2.899166582145944
2.786842362021093
2.847218685070629
2.619792928372417
2.312489278539574
1.919151241470229
1.731018849746054
1.628620299079764
1.551896375423544
1.906739865612109
2.089058841103740
2.008078807692112
1.959204373348474
2.009583767628601
1.812541966006778
1.647033144493736
1.462281816501043
1.047013510712747
0.413175525581364
-0.094922998971379
-0.328067071078619
0.028139303639561
0.336716251938669
0.463548240047564
0.380715521980061
0.086675697566983
-0.687703326246747
-1.203137829065349
-1.465899321560789
-1.963954156538504
-2.627636119775444
-2.993891631842845
-3.567100025629493
-4.054357657745136
-4.246385164063954
-4.307985591424511
-4.290287772644957
-4.123845401632927
-4.124573579095459
-4.276935914109146
-4.111893076030566
-4.053645970627002
-3.895129570697056
-3.505728111076142
-3.072984364168217
-2.468321484773835
-2.271185856656332
-1.967143188376634
-1.510670163791387
-0.962783725077826
-0.591948983296162
0.015180914716614
0.439148303726171
0.699992018029686
0.862875724062315
1.016348747559273
1.365660635960909
1.666462066456847
1.882489785460641
1.922443053577237
1.662696706957275
1.430124430139485
1.567491540054447
1.709778982209111
1.688399527129060
1.553986453298172
1.481747333427083
1.541825909073503
1.684606192227993
1.781412811951107
2.260191577266383
2.765758398428655
3.010858694373481
3.199185439226695
3.205754908667321
2.969056066021728
2.541345298506118
2.141657721873379
1.812250180468262
1.397374376678081
1.387804171770741
1.621869217393527
1.745006889473853
1.993343801471310
1.776579600631313
1.478395479449559
1.290182946423508
1.411271329837532
1.662683437277188
1.783397844176980
1.706687536380244
1.512138567892018
1.526518407836553
1.667508842368218
1.783705093303476
2.153865480211166
2.168659441212448
2.322402477553457
2.386385373136940
2.677242169712108
2.501993193870159
2.504164704355473
2.364686482287349
2.107971614931207
1.744579639765218
1.316161177623253
1.118856278802882
1.308072293463029
1.446722555826471
1.661121900766238
1.776685473078127
1.809640564527649
1.738487298606165
1.732166924523285
1.761249922052817
1.475580754935205
1.260256079492401
0.740514012600719
0.046121125557010
-0.339593483238754
-0.405384681844598
-0.132661654270197
-0.013846828215346
0.066725342243670
-0.084198854449434
-0.468798210737015
-1.068667837583299
-1.487732830279243
-1.899623935290555
-2.205212250091102
-2.846737511952844
-3.545605178320200
-3.996623457069370
-4.266305401606964
-4.373961449467652
-4.296368230121208
-4.230770507339484
-4.099092269028612
-4.100217307429774
-4.271578337239421
-4.058608484133372
-3.965146394932974
-3.693286018778529
-3.290241088999787
-2.910297095988156
-2.450528387708843
-2.109599010596166
-2.064902745987496
-1.610831650620500
-1.011550823402374
-0.699301598620715
-0.241083819984244
0.342238967076631
0.714190389434170
0.842231674062671
1.092901047971454
1.571686913612700
1.636717686464862
1.935580723026540
1.722872756499589
1.344207730410803
1.171042449396042
1.248398042580440
1.394124796198174
1.436899336015905
1.411809590629979
1.401372796473157
1.392894613709344
1.695356358789906
1.952995659062832
2.082462993165834
2.480004467671139
2.892889152070600
2.902442530101676
3.128488340270214
2.992603781956248
2.587733533864158
2.047301972356383
1.631222867737673
1.343540308671290
1.499789432436559
1.483441227746934
1.619319969048362
1.725975698851139
1.561233651702050
1.430148047424061
1.396928537755344
1.336860808134062
1.695928564637847
1.996818088514749
1.990231712469594
1.841407108680152
1.766708310243587
1.689646983659808
1.701844338647468
1.859199124157097
2.092594714895350
2.181268821733467
2.364989445726687
2.401196968110421
1.861610914822854
1.777191402661023
1.595869291727297
1.324938158330404
0.978174498210132
0.789705791268160
0.859342010592343
1.139886630676059
1.225092647076313
1.200979097541009
1.450029694891580
1.434689037592374
1.533815449895035
1.677570717142148
1.434009886398208
1.267912234780174
0.837894851013597
0.250527280328933
-0.301291785240327
-0.548328177624339
-0.506441079360070
-0.427611622178743
-0.510050854329227
-0.525250252917355
-0.647487982552444
-1.067564609344952
-1.511329991268132
-1.983137932274298
-2.224760645969622
-2.739723583802483
-3.405251716457620
-4.112396946104823
-4.464679810899927
-4.487517832904651
-4.508871487004113
-4.414742674442988
-4.356852457832390
-4.240502021009497
-4.033996247409069
-4.087751856075704
-4.040880601035480
-3.798105334554334
-3.435241289869016
-3.053882757254690
-2.738538093908077
-2.292317810876730
-2.097599346109106
-2.120622679916361
-2.030189213060758
-1.566752243849709
-0.984761989514038
-0.519633827225673
0.067824220003558
0.531636773573201
0.928334135932935
1.216797892210209
1.643738880945790
1.878108401666072
1.896860590171731
1.812310274210296
1.555049341853652
1.182061456069457
1.099073142232769
1.141146877458615
1.280612883333589
1.397266802984108
1.358883441407642
1.547892807399672
1.916709932578607
2.108546623725462
2.455413006738397
2.559405066532945
2.839144919888444
2.986435580184262
2.992369625936619
2.901895635568652
2.512228089137922
1.959205753599329
1.536751878323720
1.555467162252164
1.597156985633970
1.733801080449200
1.776838759857635
1.704885029060136
1.543166445804738
1.409551165796488
1.317504278353872
1.367026075112487
1.598060874196179
2.050453008758383
2.061873252477947
2.017116758582981
1.935432520542134
1.853211702040571
1.645868723499092
1.405976060770253
1.738088055904211
1.919101924346751
2.051696397223185
1.886096704540766
1.049896241856459
1.133819718804581
1.009529728895308
0.769387924851587
0.370948806592528
0.424755102014752
0.543725203248531
0.676258995886402
0.728690727036576
0.645397428260022
0.695325771224659
0.762280016846866
1.161353705273265
1.363478688967007
1.107106381577105
0.889517330084105
0.562054720940019
-0.073491112206368
-0.539872443242129
-0.757460334194072
-0.780358098666370
-0.979773053367573
-1.052409999515778
-1.030242616188505
-1.241783492464998
-1.644772081942131
-2.016702598134331
-2.423465185066028
-2.818925258955739
-3.532367792047733
-4.096873317232525
-4.581033780202703
-4.871486568767401
-4.864013315205757
-5.007341003562209
-4.962312513293371
-4.463802215904215
-4.109660108057339
-3.841711653863455
-3.728356096223280
-3.746681216499770
-3.385887247976069
-3.036226449021872
-2.684878653496598
-2.325204157535118
-2.062997695979816
-2.177378232063072
-2.082037648846026
-1.882570274501476
-1.568359606193352
-0.953608829566047
-0.456226541560107
0.288102101388043
0.802794947804566
1.521503645963997
1.655818512955838
1.940153759640987
1.937649585712675
1.734804290565386
1.727007138387799
1.501076789381275
1.033681373160132
0.940963602619104
1.147509083710024
1.420052587530522
1.738601000325886
1.841519131363782
1.804981611369664
1.971222134944730
2.032200336552560
2.518932564839683
2.699515235592293
2.942737765656266
3.047708099577923
3.103628020506874
3.036585372729322
2.630251983970320
2.034206016700717
1.741279411116119
1.789883820879802
1.820110352247286
2.192054772989199
2.010058817007337
1.673108387106167
1.453001479129850
1.399031283090309
1.430721793345294
1.617767012958653
1.697016083784822
1.998660197350351
2.103960562924751
2.074656959321652
2.023404864240564
1.799695437154203
1.557121622584784
1.470332127208792
1.602952292347155
1.566196297530416
1.647448752428121
1.205373095044148
0.527942483828032
0.514901886440979
0.311381432287637
0.041859525035118
0.029432939015771
0.139590733566981
0.159249200588890
0.252684967175414
0.593646505825709
0.681900307093424
0.599172592208355
0.466347335238480
0.596719780327760
0.704755712782439
0.797434805958599
0.704522131756802
0.299260032397686
-0.313781016917460
-1.061501620325921
-1.336605016882922
-1.325475054939706
-1.282707033235235
-1.506182420215685
-1.502654005775633
-1.812353278874891
-2.170539258524780
-2.625576653782571
-3.023954379200496
-3.423912319470028
-3.835210875855619
-4.397155571595715
-4.828712229223537
-5.202617030593519
-5.322878135963011
-5.304743411155641
-5.180657927954044
-4.582862171253903
-4.066811093191991
-3.918830307628439
-3.695282553516720
-3.471909664334067
-3.183241899894993
-2.848821304162290
-2.579376700485196
-2.268169248729668
-2.186705350457288
-2.165787951832724
-1.975004769678174
-1.899565330798265
-1.621615131542112
-0.787779091176929
-0.000563439308997
0.604075714762840
1.146223815676737
1.614772184160282
1.905505292733047
2.135900451696367
1.785096036661578
1.681075711871484
1.703121844599581
1.383567553976108
1.052212562289176
1.067737270962043
1.117414763703526
1.378012219096697
1.735165099151039
2.092394017050567
2.087063621741614
2.062987433671796
2.097081805262297
2.373611852752402
2.732538509847128
3.118712130105508
3.254201451855125
3.315076677569919
3.187437370399459
2.860136984618375
2.251433436144787
2.029117935328228
1.948406869700907
2.061855074662739
2.256279885301932
1.926893064439199
1.563808363260226
1.515575530418189
1.519952888427363
1.734338696323622
1.898350880570177
1.951296051093316
2.112605176563269
2.273636744589179
2.071463877407268
1.719200458641966
1.437004793489032
1.360416074631903
1.183369411087984
1.170225180471288
1.167719148559183
1.190590449425507
0.836119740913393
0.105844584665294
-0.019971864127751
-0.091468026604416
-0.404030283772150
-0.212416697407120
-0.035251479658130
-0.004526166538743
0.218139191563427
0.455349858880181
0.571575893412811
0.537592371172841
0.289059414832098
-0.121967585549912
-0.124287222831358
0.116667837868037
0.154175856110115
-0.202789323191916
-0.575729299990118
-1.105933121913826
-1.512077431542378
-1.967616322417904
-2.037063308429029
-2.162343758542014
-2.106545234148941
-2.149587460873799
-2.580566690561604
-3.019654862400291
-3.321472630526157
-3.813203151193838
-4.281862003397841
-4.571466518031600
-4.728885631818819
-5.218600447469976
-5.534618593036607
-5.554465704432430
-5.234233391200983
-4.562482637908599
-4.149192356134057
-3.748892901357396
-3.369873524734734
-3.200710220833953
-3.195650990363729
-2.793789117593399
-2.382431953598873
-2.108363537781809
-1.963316704148337
-1.897584381536427
-1.758366207999108
-1.772027849432915
-1.281081307422330
-0.437983904429398
0.265875135713560
0.685596744754695
1.092942075860703
1.537661462706660
1.988841322455610
2.051391449452135
1.754605257703668
1.801406621528001
1.836158409391547
1.480768174626964
1.376860749406911
1.344460172106917
1.303960606232145
1.721633925276016
1.888484461544421
2.108629981945556
2.149246610635430
2.134807251918125
2.232734364114894
2.339911334636494
2.575392648493476
3.033780072693583
3.204089368712933
3.231690385290009
3.372797956127283
3.036933592346380
2.504180553919406
2.178864220500935
1.952527695923314
1.952533626041543
1.997606663001483
1.765564363439825
1.597787777899820
1.540413703192014
1.686027095827009
1.880198860540964
2.312365128204612
2.384709970602676
2.369830620478056
2.143876265087616
1.859610961536430
1.741905782351525
1.187753490562770
1.057453402503478
0.804896428706739
0.803898905319594
0.945242463332218
0.817533445273275
0.523245975557627
-0.060407218242220
-0.119388209167663
-0.108614974903830
-0.381131020444895
-0.330344621433013
-0.346093821319763
-0.325250779928197
-0.116477821951287
0.253065017465152
0.391987875212451
0.356372419219424
0.075211846658138
-0.514035026988359
-0.734108720461056
-0.679865007873465
-0.751584834129881
-1.000550330694192
-1.084122046498740
-1.350974900173864
-1.792843861729851
-2.171678404005517
-2.586933763549150
-2.811250629860059
-2.677965951361502
-2.778572372826135
-2.846789754486529
-3.076396277096477
-3.448872077694726
-4.055606187410272
-4.395384569125208
-4.589468482006929
-4.725894452243086
-5.010645216639701
-5.418539580632252
-5.489051436939010
-5.339792967791764
-4.637414676690669
-3.929028174318264
-3.531654945082535
-3.098412139573933
-2.949910426632627
-2.974294891229702
-2.586162707182612
-1.985926023890775
-1.766628333591833
-1.507053412097631
-1.280083685617803
-1.393284433559844
-1.277885247997715
-0.807389299724064
-0.193836561373271
0.463091630400125
0.722164191137373
1.057874707004417
1.640255264595466
2.064419054641141
2.272617278062583
2.003063905396923
1.924639620851581
1.993126832022063
1.776756156192497
1.737533546406301
1.536726788512808
1.484378976304523
1.909794644282911
2.009857744983042
2.167154842461617
2.323996252954891
2.391320727801089
2.533756643346701
2.537873852152730
2.641185660948746
3.047555437423653
3.158966847116675
3.007533418884131
3.060992067455186
3.037776095980972
2.552717079026189
2.195944815475792
1.763854958505661
1.550609898847849
1.579825477000107
1.601153538892692
1.396449261041663
1.460602552637239
1.724375355936522
1.933219977156202
2.415363701242769
2.520490115340178
2.332237023655575
1.919181846465416
1.513781024261520
1.417367640409811
1.158346288381826
0.805519264804464
0.678838434445007
0.745200163040437
0.896529600128458
0.845644642164053
0.385079196416421
0.082065959206425
0.015637824796326
-0.200430345107188
-0.265495372971440
-0.565309340897255
-0.724354945900327
-0.813320821318943
-0.605922802613585
-0.187086900333210
0.075222104928335
-0.006294686993847
-0.222362130854286
-0.519395789573995
-0.982528105652523
-1.175762759533814
-1.391757089602693
-1.401249879219675
-1.391597140567469
-1.532012172212817
-2.014227194309829
-2.588189615680188
-3.109496124674529
-3.416958680687725
-3.233512386318877
-3.269288907471361
-3.112132747282757
-3.140708591949271
-3.579970640161899
-4.107648426194084
-4.250195324057835
-4.563035792510668
-4.631852857253095
-4.891457994580676
-5.215907930373207
-5.174832110268428
-4.988450589233818
-4.684984022001737
-3.920353380779087
-3.386229549039045
-3.073003890907831
-2.887724130402180
-2.772935008528316
-1.984489428953106
-1.551767208976924
-1.362426154857731
-1.115631968460169
-0.994579962279097
-1.075917835275971
-1.011113082164973
-0.744200933029243
-0.214237150796321
0.490341765267316
0.817458212983471
1.096175099632163
1.624143043391661
1.969443481998098
2.259647605412574
2.057000034030240
2.042015980389199
2.322527400384235
2.323011721273495
2.075221245912144
1.961705735417411
1.931863798130332
2.246086834667760
2.259049760108481
2.272923699617802
2.318927275274571
2.498455422035495
2.726022062958034
2.651557915514069
2.682330156135563
2.964291596183628
2.980800084738121
2.833826927974860
2.675136467261623
2.779913318461315
2.542903031566014
2.284335636122606
1.851261755769654
1.418057598819306
1.382293379934145
1.439802704884463
1.391740130349340
1.514437812009313
1.715972678866416
1.842210823656691
2.161608043810626
2.272127837209648
2.151290612274049
1.634880719125020
1.019220857161211
0.892334892553796
0.803698452520857
0.674634275482481
0.597282562367335
0.626116042492642
0.556192685144964
0.503751482801582
0.327255875842238
-0.008967916067195
-0.107046823638637
-0.312380709105375
-0.430790016915441
-0.780816539568796
-0.882701979770577
-1.170015272217678
-1.131475826502961
-0.740683096614612
-0.265441752694395
-0.212878998188588
-0.398269743786103
-0.833501903785630
-1.328678999853746
-1.530288391106826
-1.590860520350654
-1.639733625647563
-1.789460803272225
-1.944601702451253
-2.366920586603285
-2.947578927350556
-3.407170558934821
-3.706491346719373
-3.831683854664210
-3.760714204596853
-3.720005023407509
-3.476762584288180
-3.499229859763405
-3.796939829092547
-4.063718307013832
-4.441864233935501
-4.552679347915691
-4.696264144629977
-5.127077545283612
-5.062153490755656
-4.681760152723172
-4.410573611131206
-3.938223081690930
-3.327709918711311
-2.905099432082090
-2.670198511564645
-2.443101925952377
-1.779064518438212
-1.429472483202130
-0.934346811554107
-0.730651671747067
-0.812967580268671
-0.820016192924862
-0.914429622443627
-0.777822755326140
-0.495643452120891
0.171541168556205
0.775198738898871
1.285032325626938
1.661226227121106
2.091797906696632
2.117495913310539
2.257453100308564
2.443072660517835
2.755419929098661
2.860222144721323
2.640628254565228
2.574402256207831
2.400342119443422
2.559284638503700
2.384500676465252
2.272860900382194
2.346083530102710
2.504806869327047
2.510838595269539
2.513956286111971
2.616635874510935
2.683026759326738
2.829081926136789
2.818789722946660
2.601275863822735
2.550020357710408
2.466113646262527
2.255953257650994
1.959616054867499
1.525932518152023
1.378049526646566
1.402980230356100
1.362497235204651
1.605745742721892
1.750935492119260
1.671753259403030
1.867506598265265
2.050765330110024
1.880995996844812
1.494336716163391
1.000352061823283
0.589744859096636
0.458402272736118
0.396678829362975
0.377877344750143
0.383339718453389
0.266452198243426
0.215120986053276
0.107082944955019
-0.178817216335277
-0.294128528874260
-0.440557458853062
-0.747586059689492
-0.805365475466035
-0.777167602330876
-1.069589576848651
-1.314687776097185
-1.173137722058392
-0.675966695050546
-0.530545386711609
-0.672920215823986
-0.861082250495234
-1.315893783614970
-1.487845124278287
-1.589679907163663
-1.791783940469868
-2.111920094042551
-2.309501370169107
-2.539242998178613
-3.057491278694381
-3.367257755095124
-3.699829550615108
-3.991951872880490
-4.140936843191800
-3.956068059660396
-3.816580873389085
-3.599580110284522
-3.652642385072228
-3.964679684359321
-4.248421528669860
-4.476929215127561
-4.681998274331000
-4.912512391975585
-4.846488410780905
-4.572602994131207
-4.049665450961427
-3.607494469427980
-3.097937128464911
-2.587795481989274
-2.621861106281626
-2.195553796304369
-1.505896653718345
-1.181511855096218
-0.656777115653336
-0.227019575634085
-0.457905209505978
-0.683394196873750
-0.878103196547616
-0.818011250829104
-0.494797171573646
0.075159632618011
0.750510761555310
1.314708010128889
1.834726438150157
2.353593447961367
2.369645645874066
2.645247145887021
2.845500279136998
3.079229168839090
3.012486859560498
3.176130706138937
3.039278841290143
2.696436067591081
2.621061567034268
2.584835977746350
2.459799111124594
2.592862128354874
2.478857975705662
2.521883683200017
2.655667603403059
2.791514285110646
2.799044305347143
2.959315147371116
2.776122036100658
2.469736122921562
2.295712539899084
2.298478627750096
2.151206436555313
1.931040873627743
1.574233730260288
1.531619046978982
1.653735631000904
1.759430343299238
1.811844922466714
1.955870018610102
1.779074171137752
1.795571332288842
2.031790530827348
2.017785983663873
1.465203403443295
1.150385919357200
0.665666838665287
0.314555310018553
0.275316886420271
0.284966650857891
0.148975046968834
0.313869532635617
0.251091467156154
-0.064641206306043
-0.272164157116566
-0.510432610934390
-0.764654929210855
-0.735942485018439
-0.726671502030076
-0.763159939744390
-1.252548541533891
-1.495003386118282
-1.343468678558204
-0.977982479520087
-0.917662711381996
-0.797022663651038
-0.675535971005752
-0.932289559873475
-1.149548694411523
-1.343252443256722
-1.726937153426819
-2.150602523297007
-2.345446422835897
-2.573222047412687
-3.046551353949622
-3.273169152156715
-3.637996256316615
-3.946310020227395
-4.246387902093631
-4.237815181722793
-4.120316593089939
-3.877888949486024
-3.863748783950089
-4.160791099464628
-4.300444513603707
-4.186563753559549
-4.233703246034973
-4.374583564142154
-4.480452274003502
-4.265622603802063
-3.629687216006936
-3.183951986400051
-2.844392648599864
-2.390395745602726
-2.107208593396066
-1.839360345986920
-1.379427405066852
-1.084600796140760
-0.682452541387840
-0.424961841921484
-0.187920853026928
-0.389204579863525
-0.519795732440724
-0.549708045380888
-0.431284082188172
0.046023969896128
0.647205143837576
1.120471417565094
1.845916022581838
2.350707731938725
2.629893530797619
2.886996364793917
2.923976439020175
3.083740574462833
3.432173581692917
3.609865513489004
3.270818526474503
2.860767607157149
2.925266404549848
2.724759176551978
2.710215624561564
2.654262697500766
2.603531026512421
2.536258991380515
2.644049293086445
2.749995662627278
2.858975944856243
3.054963643561762
2.735799636632341
2.359796931150218
1.995969774266927
1.812775733716131
1.904688831316598
2.000189514897550
1.649972378296135
1.612620072952524
1.782036994554975
1.847939742317481
1.817672701634959
2.069869805856865
1.842652499993831
1.649686097687924
2.099945362328906
2.037861998758195
1.575133951050795
1.148839744758906
0.487553521949598
0.035450629046810
0.123092798161405
0.169006929611185
0.273827068498503
0.427440392471740
0.273061656986850
-0.052848746099426
-0.352603175290633
-0.515312073146907
-0.643306742441793
-0.570285267423669
-0.678365666649399
-0.963839829000830
-1.317653571058751
-1.468905999947752
-1.351233128626524
-1.214417035149738
-0.992436354753527
-0.951107616647253
-0.897062247042057
-0.891815934796993
-1.126602653614535
-1.356028458845103
-1.588407927264734
-2.099910107331707
-2.331701929292028
-2.536529835342542
-2.796764516410847
-3.110622947046986
-3.487053710046234
-3.991400937170054
-4.216660812028099
-4.125409012183291
-4.047568696867488
-3.998606308312997
-3.831496904191974
-3.959499039073155
-4.182728584260026
-4.008822373493542
-3.826379964507644
-3.634217154945404
-3.865586594756790
-3.638700143503263
-3.261701697518084
-3.123731653281904
-3.071445116387207
-2.563677254420589
-2.032138092681469
-1.884314328496975
-1.686330433685836
-1.122041793511557
-0.670724792892398
-0.236616034099416
-0.102517753812189
-0.166870360077646
-0.142536957775253
-0.123897859227752
-0.100481899983901
0.103811273037026
0.718725198822613
1.213698805314201
1.899759335484225
2.479533231879810
2.856990894437442
3.072526945164141
3.225758616317680
3.568313528775067
3.844502446057889
3.913497697079344
3.716615991899097
3.142196541329637
2.827542098706987
2.661191665669350
2.724668308177657
2.702067011283537
2.668539641373728
2.674961431508563
2.661161898850660
2.679304170972252
2.695476322603219
2.671834830844723
2.470405138291029
2.088028891549179
1.752989900406748
1.480654746871248
1.682456620234824
1.856390095717777
1.687817026200327
1.610108165359825
1.763165725224922
1.871953525145807
1.797300875775355
1.709980360517533
1.544502851599915
1.723752594090594
2.138838564012671
1.907380685872160
1.475225286315544
1.017809097713850
0.417074972923350
0.084759223177686
0.011585019493964
0.228838347137995
0.140250350901643
0.162799407434744
0.011156808991615
-0.253315285993319
-0.363727881337879
-0.410296748633844
-0.431369363579045
-0.478800888697820
-0.572055446972455
-0.593041235294761
-0.868579596241201
-1.062633288760176
-1.092478072386118
-1.114426933013095
-1.081811260115965
-1.075508997879042
-1.052178139077114
-1.126840908847239
-1.109050575774817
-1.033447999285530
-1.189107975546851
-1.636378734875763
-2.018098143057542
-2.417090603662371
-2.691520140304960
-2.952931893199373
-3.348352522390048
-3.705498676782973
-3.925402027021646
-3.914211801700255
-3.830045313251595
-3.862307624069693
-3.703543626437376
-3.900892577717427
-3.955348954772299
-3.753213307423614
-3.615745567763087
-3.186471423657649
-3.120263997432106
-3.151854507739114
-3.083694596706983
-3.013632619566195
-3.177527566133566
-2.737435860077627
-2.448505441485072
-2.198882664887507
-1.821955054208742
-1.236408486365899
-0.697246407544642
-0.143476028180942
-0.182671321359081
-0.118045889874360
0.064806153998168
0.147173531665800
0.142236873618038
0.281865862444600
0.998846432653522
1.470433856121159
2.132844478094079
2.581157712871679
3.275338444658296
3.522958558671715
3.710277508452999
3.918547728831820
4.031664966254431
3.927354145657259
3.668750951906774
3.352800544198090
3.173556604298621
2.769594074450676
2.505190503706156
2.581646470589850
2.577413678564930
2.741699337171413
2.722001288512050
2.690379819047362
2.593554977769685
2.407442490783875
2.320417226719980
2.192564280560827
1.805932726198812
1.575733688719746
1.648987003816168
1.628530783024276
1.659614621454359
1.684290032814350
1.602592439869269
1.705634382432734
1.777878985227457
1.548590849927354
1.574158453476150
1.945258188205139
1.961973469240606
1.583338334024077
1.201673909007195
1.053353657791615
0.531989965708782
0.190188847995056
0.115261460294258
0.136893867581887
-0.025438815874811
-0.028089016892457
-0.141102181868462
-0.212842438269619
-0.178798338286664
-0.119415112951143
-0.262911368138402
-0.284496220091967
-0.137046833540380
-0.262240043041611
-0.538115421573453
-0.610092730603407
-0.876692283065363
-0.936491779675286
-0.787890693752374
-0.902158836796454
-0.917044964953576
-0.832640270062657
-0.825611207337950
-0.751226504963171
-0.828869292811524
-1.349750442135222
-1.707780562278462
-1.984129594741936
-2.462110382473896
-2.698042097432844
-2.867250528384515
-3.360419028861742
-3.569352889549225
-3.651715580536264
-3.713219642113934
-3.718421464893766
-3.656864801380523
-3.883041409779919
-3.840175085328493
-3.709899960303165
-3.262393444639633
-2.926641407518197
-2.894601011996205
-3.009152205982348
-3.017453097272392
-2.818660084015086
-2.837849458572140
-2.867573119234058
-2.660456395234907
-2.257313269500184
-1.874155374275004
-1.331379585642180
-0.667558790859696
-0.436387341016958
-0.211484489194092
-0.059219925575044
0.073270289432619
0.383056993128866
0.410711668451971
0.681257575157809
1.316996159314932
1.975930608917009
2.452782250485458
2.968377424078283
3.457493450440266
3.570750982800461
3.643956039107764
3.850156908279883
3.993803477301893
3.916433454228682
3.623411006101771
3.497166869185595
3.484186872598957
2.952751908737556
2.520369872565143
2.593344593161506
2.619943485123779
2.535704538849706
2.479614543038716
2.379461821813362
2.418545847925976
2.387456547625953
2.266347007092655
2.175863242298671
1.747298352691698
1.537169082418248
1.508000103343250
1.440512253014371
1.387915288851248
1.470620625411650
1.485981067567161
1.583204288505843
1.735914857874539
1.682558410309809
1.663743180504446
1.645424753846149
1.632126161425557
1.360519685073724
0.884517376670185
0.579927548781786
0.276232591342447
0.183210085698246
0.053785436910821
0.030721965591324
0.042194561726547
0.039637167174329
0.082478345558825
-0.010377956005372
-0.070360519251447
-0.089114737861723
0.059283837840656
0.127239468711552
0.054145172734526
-0.007546345191504
-0.202968429751562
-0.311503962239052
-0.582380622580019
-0.666610031083862
-0.631182873910710
-0.616165874248765
-0.716990495286640
-0.531114008300391
-0.424805052029997
-0.654310036078959
-0.836251692673294
-1.154938609165035
-1.510910469675038
-1.746261381638424
-2.086197554919397
-2.268575903999968
-2.459290818463816
-2.954891233148903
-3.166475373101627
-3.509322145862010
-3.769757530900576
-3.658565172636261
-3.565317835343128
-3.646083985284027
-3.699396512530587
-3.520306285792921
-3.260287099894878
-3.022658885251175
-3.014903852390976
-3.067686938933731
-3.037958926480670
-2.668659620278700
-2.556076320781676
-2.607082462799872
-2.586326971869342
-2.357587062286164
-1.716060263804635
-1.312018770555724
-0.641660619167648
-0.398547820684608
-0.055562301129794
0.038587097712459
0.156015209388096
0.434519175254246
0.661892712516140
1.112446726077131
1.527586888785976
2.332320445952849
2.903142543059466
3.190913634799343
3.532566566909782
3.499513254633710
3.521721020144347
3.732755287266969
3.997806274747915
3.792765992439173
3.729523081787753
3.783251547792673
3.585484795804155
3.246433336921962
2.876737143598620
2.778542775368037
2.723390480284826
2.302726769355836
2.207927041006640
2.083360850102548
2.128691241066855
2.187479089631604
2.035288755857065
1.702137186268714
1.628468672315819
1.524051498265799
1.481477543457052
1.363069397405126
1.307857825357129
1.262182415918424
1.465962147256271
1.612777529102266
1.717762674016549
1.703881048842176
1.575182130198711
1.269409819278496
1.223531359157339
1.204184879655731
0.726113488136413
0.314428134380812
0.159143705859371
0.003336941836210
-0.215125443285799
-0.061367946716788
0.030178549165504
0.124202698251771
0.173956078171402
0.101293057170073
-0.079802835210847
-0.125795266128883
0.041257698744015
0.436172466515123
0.300784417456687
0.222598957310556
0.094111695205875
-0.097540668214201
-0.229116226050063
-0.255754607635810
-0.396320329992082
-0.792101642238285
-0.625965660414482
-0.588619131304466
-0.386103872004251
-0.614331402977111
-0.748858763010936
-1.138031066357790
-1.489606490016648
-1.530713613938753
-1.673682391910465
-2.029987541476574
-2.285576796797303
-2.538850963385986
-2.854737058319038
-3.308650625015229
-3.457175813036134
-3.355046985944981
-3.287901222472895
-3.329942125927610
-3.554966181412866
-3.480719026442000
-3.354239984701913
-3.159426952275415
-3.266223665283842
-3.340095647853339
-3.071795508814410
-2.708486250289925
-2.484601798851460
-2.487134290427392
-2.557331895369995
-2.175153647265553
-1.708063510996039
-1.366582253943967
-0.755075584181169
-0.316606677058390
-0.040565570270561
0.194213275324867
0.452914962729634
0.676242700873325
0.916562916997880
1.579468040947309
2.038141866534256
2.627755284954098
2.999818904873947
3.217835282979512
3.364456899226501
3.509931878164356
3.532404829652810
3.636194849919467
3.690493785622343
3.514228103731862
3.654277457500302
3.706095263518427
3.335166567782318
3.089871928678692
2.921775836575876
2.830058600443133
2.656491192456880
2.207637103066551
2.102995307475156
1.938377320068416
1.773074928150435
1.794292788382890
1.861277910412589
1.914296193000861
1.719317734881938
1.468145515574244
1.491925339385805
1.405220598389684
1.327457647847299
1.230927691826607
1.258049392004191
1.338675932529562
1.456522069672852
1.581142484106339
1.552006320423152
1.132957618560946
1.029299559486888
1.054396356656533
0.658537502659005
0.381056332644858
0.270321505347965
0.026916631366465
-0.176925636698196
-0.108074180005294
-0.023516962973612
0.081601107300256
0.103399666863413
0.093841347537292
0.302343613180693
0.069647851747507
0.243528059469488
0.629174918192644
0.798598260916487
0.660646774562114
0.549580718224888
0.352942492410920
0.132950166833523
-0.061949026053107
-0.241230986520498
-0.484084677039951
-0.515910718280388
-0.641149568911177
-0.690749515628814
-0.615090899116461
-0.715075028533873
-1.093728481127364
-1.444270198388958
-1.573754761015036
-1.477372209224985
-1.799667790948787
-2.041751074741992
-2.144941636419699
-2.586093346586911
-3.020801869521017
-3.116332065729293
-3.001337252521359
-2.851800170357538
-3.059462996283060
-3.193467720741286
-3.116894246843764
-3.090457473080576
-3.010854689695021
-3.095080386700252
-3.266657567701265
-3.103720936405690
-2.766375960327136
-2.606598692986349
-2.579901222589193
-2.511127708509251
-1.970799014685325
-1.675681746876418
-1.462950551145529
-0.877160598097104
-0.219767142610673
-0.043999143803211
0.333244439755333
0.894471496934783
1.009278336608664
1.030430424842982
1.625763978079880
2.187125897520720
2.641665197741299
2.868675999280193
3.042427552702193
3.175621970095538
3.298436996937235
3.429172092300369
3.648082198166956
3.544960326321440
3.203251021205398
3.282002630959949
3.154270394101942
2.894856802968541
2.748967234808854
2.768588041332488
2.563945357991387
2.305092021704880
2.162516989152059
1.959133804251648
1.854008542251822
1.703241014994274
1.539762614046152
1.412715018424767
1.518246298426395
1.476279984948807
1.651621908618870
1.767409730386766
1.525453300301116
1.317130963617329
1.265975026118653
1.185384818515611
1.254198568635760
1.345948414475473
1.428202490313214
1.388368535450338
1.055439163643022
0.885628895709612
0.663594640475926
0.437146809232634
0.298556777734707
0.402556077466996
0.112690682921923
-0.050599013722346
-0.247733878297657
-0.393844389158116
-0.306319780036369
-0.096555225113163
0.235052290159327
0.527756007139861
0.549379843263982
0.651995798875264
0.726029460865826
0.874116126812970
0.850299032015877
0.935460255319575
0.754417893013529
0.444746905665657
0.153914188822331
-0.055320524779665
-0.271913170677287
-0.334331646816040
-0.543183145193500
-0.786051767775200
-0.737962700965153
-0.830993147415011
-1.084476135783110
-1.341529859331553
-1.513010498204098
-1.427139703054533
-1.722185225786091
-2.072208131385781
-2.181707280338788
-2.492928839655583
-2.732847244738079
-2.653679187451951
-2.650754829785521
-2.745437232951739
-2.698399456651855
-2.623043461076704
-2.605102224908456
-2.439103221216233
-2.370681307655051
-2.524978554835960
-2.697009692759048
-2.605031939505356
-2.409633330933728
-2.251682679249528
-2.184144005409334
-1.976521595141052
-1.827452833175592
-1.613014782376037
-1.320057401136664
-0.786013550609120
-0.094696050851077
0.260557995238853
0.503560594413459
0.861704126737439
0.850266488472407
0.960698710409115
1.347702265490583
2.016381600102457
2.546868125479532
2.835940446058400
2.983620325774220
3.042377645675753
3.427873449003559
3.419738455975009
3.429139807678385
3.435462008509403
3.117137871358798
2.766836320488234
2.774908284203750
2.822758648388700
2.700079433518164
2.490032377357926
2.106690414757886
1.812795641486486
1.761195285990460
1.766752686896155
1.384188585811983
1.047599567047570
0.974621576418520
0.797448088392962
0.886875636603230
1.317555038835234
1.639400704841160
1.605003234495354
1.577855305665769
1.388961086085325
1.150380773340812
0.982319999085375
1.189357825001747
1.286505611533591
1.129273103645783
0.863484652513508
0.723364085342702
0.790938487626937
0.621381701231274
0.439220108434040
0.377155129075198
0.369908583780073
0.064758952925820
0.046387393545791
-0.176024534614294
-0.372746275977800
-0.441963295373185
-0.120898559943288
0.259087927998426
