1.595122462234248
1.483466483370155
-1.358445131131170
-0.828252235561069
-0.919216847038637
-0.549330565532041
1.612821825831513
-3.383646690669942
1.108417550202619
3.064823614809873
3.634142395334127
-0.337993199315663
-0.705044832230474
-5.770167299945994
0.368640455319700
0.002742743736883
-1.787805867301298
-1.252151264169903
-2.045374594521409
0.598260848751047
-1.271788734504572
1.923662109923440
1.116155208759150
3.086800023463123
-1.709394108420452
3.053950468454381
-0.501320686580154
0.546052283874344
3.407892566767538
-1.818888205131333
-4.412992361954806
-3.005656086769948
-5.792888807456321
-1.232243859645970
-4.801745756732449
-1.214306324973656
-1.046580298871610
4.109708225544813
-10.727741171041705
-5.543237195841535
-5.338134190206658
-3.437980238999522
4.976707387782682
5.130844485810253
4.067037899268498
0.432690681672526
-1.482432705980910
-3.590404601575975
-5.012562213390630
-2.319371434285301
-4.239554629938975
-1.061653096282406
1.761793629706533
1.189972873907191
-3.553470084100113
1.505796181772750
-3.049474458384304
-8.104014380202052
3.126632963544287
-1.701436486312410
0.872424126528864
-3.639769753013013
-1.285267054336007
3.274057188662415
-2.644031351496788
-0.521123891948717
-1.405545934168848
2.789033696291085
-2.195877627222131
1.820843628331501
-1.466156157876268
-2.905966249875970
-4.622878239300447
3.721331117149894
0.046543282801000
1.044837968835138
2.220435028495654
1.196678826124023
0.597898344594683
4.445985028804465
3.835086956619025
-2.027442016023838
-1.271677054516845
2.292160563964309
-0.949906944864199
-1.748328670803648
3.159029752645071
-2.799146816000247
-1.777199998122424
1.512165389707038
4.216541807217392
-0.882519549529593
2.292089112491495
-0.132955103868269
-4.999830207926207
5.222050745909339
-3.103428013141708
-2.525200553320917
3.797747633787218
-1.534773171692890
1.476306054948424
-1.150285364983149
4.742116202371919
3.210471453193590
-0.200950834709129
5.503329592235342
1.787664671620659
0.140508459146302
-1.635331946734848
-0.039189667088886
0.504038412211768
4.687874124024755
1.225479129504352
-1.840736039158940
1.858435718551747
-0.626160715232020
-0.558056684331797
5.211593961365533
9.591971944417034
-3.414085411467509
3.426059436935556
2.798480848429891
3.078452488393457
4.840141004185981
-2.412844896378461
0.678106016273369
0.016933378456358
-3.866006012645920
-0.628061970057125
4.562711546525444
-1.135613341555694
-1.537520566587106
-0.831093633113140
-1.525421194820051
-0.865777284785208
-6.854113188925812
-3.042046979377182
-4.143395488913773
0.696999092951483
3.263939965366206
0.106404178321010
5.531475134970385
-1.642141756036064
-2.961961215173515
0.029192581842045
-1.676839519518390
2.185075411415756
1.727082072852784
1.099401770233820
-0.862141111070520
4.011210485380700
-0.114835415342630
0.489501455744246
0.506780637229476
-1.830307916072256
0.929507159926815
-0.533148756299802
0.883135513944512
0.345519572735756
2.608607962757941
3.399367486610774
-1.249002085532991
1.998383244873273
-4.537264093580985
-2.902186144564864
1.082263276418231
5.370526993780534
-4.185942858599311
1.414251219395097
2.093370361192455
-3.865217481138168
-3.307309305839108
2.986108250700525
2.302850249837193
-0.949573601937093
-8.488042113440583
-1.686659287063863
-2.506786953302218
-1.119723442739622
-1.272550605366022
3.925906605097225
0.900471292428406
-2.337249171332345
6.574801004798222
1.376048391030664
8.093877731763074
-4.471388920501727
-2.785006460088935
1.625578431995286
-1.129459894525964
0.040264362817951
-1.149249824039070
-0.391847244443988
3.338743745019601
4.062071760734790
-3.990475137759279
1.914326762461504
5.625292908113491
-2.221849918186388
4.443159618462247
-1.157620665257279
3.643742598836287
4.649741005045766
5.478231125439351
5.741456146511038
-0.887277677467406
1.338130723853927
-4.659782768678634
1.226799831074919
-3.663693128120088
-6.752534134430055
2.394744292216148
5.165122366382749
0.379548499999049
1.917721337959269
-1.374064572990628
0.736397380151977
4.382891404146302
-0.500907396269835
1.049210357364501
3.916802069087098
4.290535202371296
1.578680646643615
-3.525865744847531
5.649829339935641
-1.532621553550721
-0.579936950665633
2.464480375931807
-2.803506761963107
-1.879537734851725
8.436925568539433
1.930401640042658
-3.134877255832115
0.001065932817117
-0.828954778973211
-3.133784229446981
-2.070172386122398
-2.432166199109213
6.456351324912694
2.616232856947773
-1.338623089735737
3.013889919602136
1.667802072517713
1.888369074890575
-0.780358931182136
1.794166719959112
1.123308273239349
-2.175334591083772
-2.439783424350936
-1.914999245410532
1.734167720254270
-2.612470934873549
-0.773442338893454
-2.445326449560089
1.266868376307648
-1.136004098451332
-0.318409062528813
-1.218247394773604
-4.306129234312333
2.831632894911978
-3.869467338399449
-3.892111420584173
-0.199971901170493
0.566783812799419
-2.159568295492127
-5.940212740303338
-2.309983669785181
-1.243364273107985
3.085408589834738
1.310142733550227
-4.108420672046071
0.854881864389896
-1.637796161061072
1.073748118183215
-0.782281150868877
-4.169702252291428
4.201807069472612
0.942515887146693
2.348444070158685
0.156741183488997
-2.446340812627215
3.946047704529287
2.172773661698662
3.302899836443160
2.240360549791394
-7.098074732365333
-3.319041823309282
-3.649696185256562
-3.657396852552864
-3.523025207383664
-2.671789448583049
3.518267552270747
-2.493162475129879
2.066036000632335
-2.741203377846684
-4.529432369885425
-1.233484691793122
1.126117235722041
2.916155997803474
-0.230577480916648
3.020974226280638
1.615352858254976
2.357248069623273
-3.456195568043923
-2.022013408506044
-4.652393965418289
-4.465425773050200
-1.113858901156716
-0.089618073870577
0.675046351491281
-1.896556503211495
-0.848924930155389
-1.263524608212595
-3.413130819588297
2.281707710882884
-1.601065521097244
5.711097133557724
-0.914043877506231
-0.886578351054008
1.059827951387375
-4.847523176256511
3.206380594297664
1.039241540377103
0.216477185117332
-2.489272967436097
3.071628178654841
1.101688591888370
-3.841184594196349
1.960762989534736
-5.299010755491898
3.957757712088192
-8.850989701153042
0.861052414450790
-1.672110770937822
-4.849125421391040
4.229531284973942
-2.314693088726201
3.656747855863593
3.449029462242480
4.791352287614629
-7.711484082920133
5.014671287770171
-2.208560705188757
-2.989191605789380
-0.744691362189740
-1.886200756063150
-0.244707132840387
-1.311666524940365
-1.717215175545952
0.283707191567414
2.715744005808148
-1.411539132714315
1.033708566512212
-3.040337203069924
-6.854280834054110
-1.460078840870680
4.634845737833498
-2.453983111872441
-3.172733525878652
2.832123821445184
-5.696767790452080
-0.819603905036780
-1.170157321035613
3.327857088496740
1.977717402164761
5.335211084232281
-4.236355649217771
5.672746218410612
-1.206247858975855
-2.099496995667670
2.732662841230060
0.658693457509510
6.428855024238564
0.368997100781596
3.158682763043406
-1.482416099077444
3.091201434427487
5.419726535133716
-4.344233616477379
-2.764004866894664
0.412955253129259
4.388125693946941
-0.609482065698536
-1.400310545247661
-2.612015265006466
-2.721324571791649
-0.600865857615706
-4.050397426974214
-0.171276736777238
-1.014774864798278
1.300774215665836
3.478062529975357
2.534032689232964
-0.472001574472173
-1.732611909648973
3.468417811055253
1.592496751490611
1.690978112330176
5.666846190412726
1.744159912806249
2.759497281250883
0.661292701875395
6.092675606550881
-1.184619273566635
0.940379025019057
0.550594498266848
7.069762587177558
3.803333038849256
6.130965515615681
0.765745951687641
1.612130700044561
-1.920493685321246
1.106018251919437
5.710831120831013
-1.459456470064294
1.453865201452466
6.480379151335301
-3.288074196421867
-0.881449938674208
-1.173328098974501
3.817783918505021
-1.829324360813486
6.662007817302843
4.125713045395724
-4.528437363054188
0.708083628430356
-0.180765405519900
2.583169563518535
3.951719101084254
2.288443898130555
3.865951188342338
4.157266274496602
-5.755570994995302
-1.922343566001488
-2.640595405957758
-2.414747554119927
4.641643604138639
0.897770932090881
-2.731364558727986
-3.910472723855782
0.361954029411830
4.827330673674607
-0.197141679207107
1.010783397771265
0.132424227563544
-2.510162402797931
-5.406595651118407
0.784992153983572
2.320621657520507
-4.269956788552578
-4.907469344186921
2.619878470553253
-0.761575139312770
-4.557796932945094
2.556392285516262
-3.019886692436938
-1.727791299620066
-0.945666899195478
1.665653590783153
-1.821158432081127
-1.112851745078597
-4.347654834450788
-0.546342773590511
1.617387369546943
-2.758268490032400
2.467233076880820
2.859793187174902
-3.762982869605767
-1.970472669305274
-1.307417254653126
0.862702694334042
0.786366356368415
-0.400577082276364
1.174114505477793
-2.031971508842615
-4.505568337479323
0.988438528830989
5.975427718334594
0.630570835965383
2.043382456265798
-2.362250004300623
-1.654243169413553
0.533418795272217
0.236055988933132
-0.210579957906510
-0.743614717777769
4.449140606121834
1.977833572201153
-1.071793939323248
-5.106150035977543
-1.190244725972843
3.487981211690845
-4.605952833735362
-0.607501377899171
2.646818331149819
1.424760901365476
-1.347042080360202
-4.376492908116902
-0.189124945228090
0.574799079715453
2.173176893214975
1.465468952235723
2.995773125849561
-2.561455820659920
1.664341082941756
-2.371275187785035
0.178489113582458
-2.779894977514486
-3.412991465136811
-2.753674247540202
-2.677392934517353
3.592152456971688
-4.370556322768903
4.032455345804413
-2.085614126093362
1.940133386072905
-1.958428478372327
-6.857945819395051
-6.275746778248775
-0.609932334824229
4.826938223196506
0.649079455768266
3.527314766108562
-3.614757054304177
2.401271028331303
3.740528614947944
-0.838787025517352
-0.646762409925336
-2.028642799811021
-0.016196365137628
-1.562715713243044
-1.968106454197296
-1.541846045741235
4.415398832120324
2.269686186092001
2.257101487550059
1.462274554439546
-2.512413468294782
-5.711478486542563
5.406502386247951
-1.176655424821361
5.107206880361707
2.376432054861132
6.579656166264105
-3.576195270765458
-0.228456571820978
-4.683466949451630
-2.567023587788724
0.543881399530470
-4.573415821073071
3.364135729882785
-3.617209244905947
-3.814237357508051
-5.236402833446639
0.200224986749360
3.972260990149935
-1.487219304187174
0.174538141321530
-1.619761188508988
-2.826498085686961
0.002407992963470
0.469810538553477
2.654790997452950
3.682136775269180
-5.445750392540389
0.503230120420373
-3.029094407456733
-2.912056602234103
2.677691663497336
5.098547938963552
-2.035335849420168
-1.458160869136789
-2.315467804117621
-0.580089159612738
1.190398388801814
-1.595655074576829
2.945225730869952
-0.771514508801681
1.381381669153857
-3.105196978540627
-0.985510775923112
1.323162805332270
2.211718012515147
2.166868027344132
1.797895614927375
3.199533366628543
0.249870127629893
1.196844439415950
1.634478240459958
1.195078200474173
-0.707104836524704
-1.651219956899123
-4.073025400669310
-0.278049034615009
-0.757812499261288
-1.973650733221695
-2.916087034390061
-6.243594206566900
0.890736694565155
1.593705466739108
7.239739572549368
-3.463605490956878
-4.134230428152578
-3.086112085111850
-5.064364806838918
5.242706040657826
1.374704668837318
-0.498748686146865
0.780283661496398
-4.351687282368056
1.754128831762207
0.423367107850347
1.436103816802559
4.703906981651223
-0.235382767131296
-1.341999179995945
-1.631820851707918
-1.822802756963905
-0.551141207639186
3.809566583970841
-1.265333744094315
3.222233915556740
4.455148502448748
0.682558812618608
5.819553820293177
2.643383412168291
3.820517089977729
3.984537949386189
1.056530688921911
-5.441581576182959
-2.082870880704347
-0.397909540408203
1.897369070484468
-2.672777326157786
-1.334399190671807
0.879286903458771
-2.354904422996167
-3.472980128486210
1.632515914305816
1.265947880080509
-3.459493954286222
-2.802096612990609
2.185585643364147
-0.710202437722768
2.276327823159638
-1.960957392477993
4.504650600663898
0.536506817840470
-1.534041405746948
4.181259977364938
0.094969556892623
-4.335980946942271
-3.387956972693441
-2.915679892875834
-2.016418857427705
-1.929068921308742
0.485539389648348
0.044919646669080
-0.580740296765815
4.122410912972121
-2.801088237133858
3.124389028979468
-0.186447941606521
0.854877356325638
4.743795061713320
-5.996926358480895
-3.696513807118895
-0.629664442989882
-0.187372983634862
1.559930859801770
-2.286141686572213
-1.031516895848057
-4.350442345161031
2.536258356387568
2.104808821082676
1.482168331000480
4.219242087261016
-2.222306498246753
2.865285343711998
1.053423091408310
-1.973385423397316
-3.563967226362410
5.598531241092339
0.269728844294588
5.520599303780267
3.824483419995087
-4.310120479917141
0.679611036148743
5.897375065127576
-0.681666499474377
-0.939899946926364
-3.033415857392190
0.209723099181749
0.732851776542484
0.891140922732650
6.123796647758009
2.989204887774305
3.589891015692127
-1.797875169757343
2.252730782340603
-4.177655955387569
-2.753996699250917
3.444468196616489
-0.727387060302556
-4.113283630853968
-5.587154982793203
-0.671477147283356
1.351592161509329
-0.286016136685454
-1.260444456678900
4.531940572121705
0.514769953604619
-2.051228284191299
-3.032157726071512
-1.324893424344918
-8.627727867098230
1.369705854765518
-2.470716734433418
-2.492424352276580
3.196582337819768
3.750962725329815
1.512196985462191
1.362858893506867
-1.617939178962089
-0.017731695846180
-2.177965516480286
-0.898827576153072
0.639714787659463
-2.940435779009319
-2.347871733724723
-6.354548810220215
2.781438979476313
-5.129384606109586
-0.662556417107246
5.221359707627183
0.154450652709887
0.547802659220372
5.204989872077685
6.626836692092943
2.463836861312598
-3.587242778281241
-1.318626366208931
4.307677340475459
2.961213568544034
1.723230122748604
-1.794198137449660
0.428256999787051
-2.360808548894276
3.557006336344062
2.523004770241168
-6.846495629223481
-6.617393090496308
1.308316903322335
2.337122625281811
3.718644512852899
1.574127632893386
0.777688058884503
1.774611850248804
0.244446138507800
-0.662085132342050
-1.704321033361454
-1.294820381784658
-3.491800208705015
-1.587918327547536
0.813457648118137
0.112869504544884
0.307141857247395
-3.347280999516766
4.234870487528254
1.147488742578119
-4.983626133046704
4.574368090399877
1.301209815921502
1.803698182582531
-6.105607100145044
-0.320183798530044
1.287776082815510
-1.025262518258981
-3.488931007913212
3.282005523614950
2.771146237904274
-2.180269501582153
-1.462875886456297
-0.225548630137128
2.245685527808739
-2.081297179073679
0.699790594494343
-4.962169322636094
-4.326631693152493
1.240327137169689
-0.452155369125575
-3.018915977102766
-4.586285974865252
2.738901905969207
1.000471373119580
-0.547587229745051
1.101088311789184
3.230396113875271
-1.954725475944892
1.509553865452125
-6.442787810168791
2.112614526538924
-1.679698515637605
-4.386111265995052
2.597914541180464
2.569459194304811
-3.873520963552434
-2.821842543759727
4.127358376513098
-2.032869945209761
4.568490816328621
2.813890882434871
0.254938525413427
2.666264393294925
0.146910065419291
-1.812888935257177
6.379199592503092
1.442209878056447
1.190121109419865
-1.637499780954537
-0.894143885879505
2.333557058755874
0.219528425212451
-0.747843682802430
3.521212145940030
-3.373963305522274
-0.614202003017964
-6.989899867460776
1.541953904695946
5.095422256984642
2.005964034480407
0.059577055846761
-4.391704994369117
4.170718974639848
5.527604078074428
-5.003887514182833
-2.526702854637433
-3.390644024140062
-1.655176052817120
-8.501776723487437
-2.796019252012290
-1.131070981403023
1.235017551841338
3.434942630256624
3.335951558826378
4.901444627191506
1.598857079827782
8.732316431040633
-1.137884150943385
-1.569505454705030
1.205047949672414
0.514345212509215
2.020398512103087
4.452507560195551
3.038929407355319
-3.142122357373315
0.927207961660420
3.530522403707067
5.289801969707965
3.715264746110687
-0.374619627139937
4.986054974099859
5.976363901702985
1.788508381773261
-3.235813200089101
-1.678640990644411
2.350831497771042
0.615194244043548
2.070302884489093
1.908935455969853
-1.171937063798380
-2.422534099362494
-0.807784710041733
-0.174241157951609
-2.852219742813847
4.418917135277521
2.009247011093412
6.635080141809786
-0.524976603535359
2.729139689626539
2.453063633119037
0.917812196198672
-1.216129445568023
-0.698104504895184
0.436601752893104
0.753024342349189
-1.512019024145969
1.027777629908250
-1.336119365630894
4.214086038003578
2.151566639549033
-2.036876819407035
0.613262932992247
-0.943930992983420
2.748349815439817
0.862479126255108
2.513018862706789
-0.708050313533689
-0.881986096179711
-5.776134804873134
0.853047200668113
0.370160912341347
0.060528602173013
-1.000284705433867
1.000772512829871
-2.079683218364594
3.043723224903982
-3.054157525829826
0.255240582547103
1.977225819280338
-1.564022478061772
-4.006103998150338
1.691324984997318
2.168820599438004
4.066695498199988
-5.279056819237179
3.614796245357589
-5.151710017043170
2.844634608374175
-2.802776986389735
5.556172827377179
4.135006803692664
-0.236260053484057
-2.843451437991480
-1.930664476648849
-2.154854022418521
-1.666786858318224
-0.247497063393171
2.780094863316653
-0.166078943339903
-1.357832276283058
4.166817259221895
-0.012376271762945
1.214213346839172
-1.507574868246898
-2.468944835548555
1.724383029395583
7.030610456205977
5.816591171136484
0.879381887178242
-5.308332709871375
-4.575476794074017
-4.707369679026064
-1.419131662870815
-2.857225775849040
2.780897527130259
1.615674178344963
8.544031495759727
-2.365193995202887
-6.252414936884576
1.327834008369859
-2.270231584545556
-2.230942875076050
4.754700234393288
3.683458533191498
0.378461587625669
-5.805933867886070
-1.827354839160537
1.337128640246741
-0.439729616423984
-0.260543879607466
-1.296767869702632
-2.056084681615499
-2.826821939280896
-5.547546081106005
0.338419049287175
2.478035473955781
-2.787453305112795
-1.517789945093708
2.902218125927179
-4.269246288609544
-0.513417975219314
0.895925319414164
5.560096540028557
3.446626723781332
0.537306519607483
-0.955137819994823
-5.118639070179469
1.142380994976818
-2.041662084644431
0.450418266703553
-0.609541542630312
-3.482769556285034
-2.818858791164600
3.493672105566182
-0.704291509837489
2.209867905042514
-4.381326264332233
-2.261265248783203
-3.481511692220751
5.685696646427758
0.032014919141496
-0.970401086141039
-3.217723150006827
-2.237760605262545
0.141066268517936
11.056997654803419
-2.004798340252827
-2.947026770299108
0.281653753372356
-0.896299881397973
5.671559553623760
4.241199589802586
-3.380658541803553
-4.453969658583159
-1.045798732236036
-1.505324331568109
2.258553944977750
0.207664038194209
2.736368420383605
-2.723606133494242
5.789790017016887
2.618119666321118
-3.622762268965227
-0.923363265767357
-1.848694091378071
-0.788313904020502
0.482771484857794
-3.670977623938969
0.840810096981863
-1.693322986687869
4.382212206354394
-1.648526794730809
-5.783666204715485
0.275811593756359
-3.942273954772117
1.055262654963012
-2.777131338881284
-2.024044600730388
-1.325796901172840
3.180013071078192
-0.189902751727908
-2.223407717201644
1.859710770770854
2.412970213327319
4.403418932394693
3.806825686924785
3.066576456917017
-1.940601853176360
-0.356727214584839
1.637705117727460
3.817242758016829
2.617582930687304
1.009736679322884
1.683302049748128
-2.327117036253600
0.812082866732017
-1.619911550396134
-1.261167677420987
1.323576912472367
-2.496442006479136
2.728452707701248
2.120478525927059
1.868954490293349
-4.223782161636633
0.386775693811255
2.276228497989078
0.164742767694964
-2.133223014873969
-0.932512908761305
-3.036572908653129
2.069678652612214
-9.590322795804276
-0.557560539662882
4.028343202992051
1.608672946259293
2.907198113108040
-0.303018159023128
0.252046884177209
-3.436167380468136
-2.272280890179571
-0.933842896748965
5.390040744481630
4.662498763193674
1.273654653383602
4.787734610017881
-0.548252991977333
0.996728715584455
-2.093139721738221
-1.146907025349878
2.978779278828283
-2.160938307455369
-0.799597282379830
-0.773408175231973
-7.700118635871895
5.467897334301396
1.968214947325858
3.311841527957065
0.455710025175341
-1.059168545378193
-4.852916601326930
-1.249479123524412
6.383889484763055
-3.393932210077415
1.733138670690601
-7.905321371224252
-0.806909952399718
-0.235363696150928
-2.541635955187125
-1.734261417145903
-2.782358062427709
-0.991242711740362
5.535404264240037
-3.558060957989148
3.322753858586723
2.085688116203697
4.045050477774932
-4.207528658701636
-10.548821040551850
0.532260579734985
-1.253837467934679
7.635308980474432
-1.026567324335319
-4.418844943354065
-4.504326915752958
-3.782804378153211
-1.515109066230286
-2.661324629633130
1.413410280227980
1.679035233683791
-2.433468210640584
-2.454451482302170
-0.254302286552993
-0.458427677730967
-3.958613719248532
-3.617103060789121
0.134639792198710
-0.005803719337743
2.484790479311887
1.146693242718636
-0.476041998516214
8.737610586400692
6.507694233213499
-4.540109445409505
-5.909938767258900
2.261886904350069
0.987001459592970
5.443661072349431
2.236562621882700
0.218801709827552
3.089471210958568
-2.552955792845268
1.493764231253396
-1.116526303814448
3.112700985531260
-0.251038229752244
-7.651792781972864
0.104486952045339
-1.757870122037070
3.477833936056159
6.383511615887682
0.587937176338807
-2.935139025300641
-0.866540317881309
1.511306634036875
1.486735332011576
-1.123567990093814
2.301360047044413
3.184406180284522
-1.736171300767516
1.728079897228043
-1.793704623368616
-3.003093705319654
-0.435253266566731
-2.507761837209827
0.956062760129533
1.483292449580298
-0.719475942663952
-0.081572821011544
-2.427021028188375
-4.122232148393304
1.390744146305002
-0.840143576696629
3.630572446763404
0.879970143379303
4.694918237357919
-1.832203930436448
-3.021782803921578
-4.335206970810166
3.353349616205577
3.290937668168006
-6.367108935179216
0.554385818724698
-2.951036610992023
1.861772384972258
-1.987919557659087
-3.635107389641756
0.175070396968119
0.513421260902969
-0.168787813975709
1.965265296960785
-0.911588064337968
-1.436738243423077
0.116553281566476
-0.916861746979415
0.118100622873177
-1.958603493848202
-3.970930071727060
-0.361591755407121
0.311892614738801
-3.388289199469005
-0.625731996386576
-2.707712929890874
-0.021943799437017
2.042279267453579
-3.960071044594767
-0.671758873445892
2.825792267573933
4.041562347873050
-2.641948403328270
-1.155061495453134
-1.130174760099317
-2.562278937652924
-2.056464973169784
2.620969452098123
6.312647329723046
6.112625665919022
2.339745039862231
2.287617801146587
0.443383884509039
0.186567015517402
4.348306621713199
-6.661278099135488
3.805663916530771
-1.119276698717705
-5.460677710450550
0.169040383277507
-1.072619186110091
0.305068473634940
0.377196005713527
1.138659991911912
-1.605323059039072
0.956034442957815
1.429195676679119
0.423026428232858
-2.260280104746464
1.549977258686488
-2.691562452946719
2.393118001393135
3.045877772975123
1.122371341634539
4.753733211441426
4.463552793820690
2.186243846341796
-0.097180533035491
6.790822404710967
1.379515103623802
0.408775446631686
1.109577416901560
-3.279643075708898
-4.152393501931212
0.661578499957912
2.353316567968032
0.892385298014559
-5.388175988278549
0.612883854044725
1.542372528882118
-1.134623365632356
1.857637828208686
-3.353241936537606
3.627113381703656
3.202037178611223
0.303931221407230
4.953255289371107
-2.224628309066063
-2.035152095309372
1.886616641386086
-5.048001297482019
2.411966317115367
5.805591906699430
-0.122814093106243
-0.731133483729074
-2.567219655127158
2.617261282051490
3.070946888616449
-1.052604159809474
-3.525338130464473
-0.603207299187237
-2.518901667630440
-1.387466146343538
-2.167299572232819
-1.510651972400863
2.018565588416019
0.500235647758307
0.997557483046200
4.024550344882218
3.816869263206517
-3.456437677015351
-2.872378659839719
-1.325878289767690
0.015995739804570
3.257775086449420
0.597710800060415
6.565818879885242
-0.491028010919463
-4.829082089380967
-1.498321992011379
0.684801615644750
-2.148133431072698
3.882441802942628
-2.584480671868638
1.948510786976590
1.857752592362389
-2.468458258981398
-0.453957505591030
1.041217209729312
4.984721484088310
-5.119802973575800
1.993121112560314
-4.691898836848063
-0.969569592813057
-1.482931281737353
6.037177752740163
-1.471151725378606
3.664773169626081
-5.536123173849621
-2.822044510393043
0.060866038751110
0.996694668552384
-0.497655226895261
-1.154827789396732
-4.783822496567503
5.349731427272120
-1.107209318607930
0.869286074614573
6.006155330386640
2.394211461118744
-3.282539743003043
1.514771357084352
5.144350948921611
-1.273733117130272
-4.726817040428327
0.496197497896873
-0.031877851193306
5.560724136678204
0.930587021006416
-1.137106743331397
-2.130209468658782
-1.864901613887659
-2.735726233688426
3.460122393290728
-4.063419711419940
0.768631715641464
-0.260091909529968
-3.989295873597368
-5.871647670782001
-1.908531970057089
-1.708422374240667
0.510963038526091
-3.161709753215860
-3.017601089819680
-1.014039415683088
1.182766346251272
-6.248619097998398
2.867086624872374
-0.063107117774165
-3.834548570888866
7.868724601355535
2.111460200417145
1.438198063355914
-1.197498340241488
1.266841406608873
2.607970598571061
1.177208230548975
0.898135187900404
-1.266166956707919
1.846766917035695
-1.221751665250106
-0.427198011800253
-2.119150396652191
4.158131290754207
-0.535907775996825
-0.787231189055882
4.398428282398288
-1.935339502466911
2.616644550291602
-0.355900010005705
0.929834078585724
2.903811464357786
-1.789632550639145
0.808048544172340
2.545552928789008
0.344520076527312
2.515982499797269
0.453293862067798
-1.135421345708078
-2.347708612205787
3.877412350187220
8.319034848129718
1.906257712019747
1.427410817643943
6.349644990472480
-6.543180450398500
-1.690091532791936
4.296624171039190
4.695490825610544
0.300507379450694
4.510417869523779
-1.191562244201413
-4.597743919827826
-3.405585005636610
0.209779088411485
3.166996006177386
0.261797275172952
-7.262994026488192
-0.680916571709887
-2.862778455537565
-2.960238292975791
-0.967109707813287
-2.114002023881879
6.706010260353103
-0.978594016462458
-2.234283103825777
-1.242346114242912
-0.854550246274322
-7.599386445862369
1.120846474524517
1.730751578831856
-2.464852626566283
-1.548953227321874
-1.315223891885443
8.786111680644300
1.776077213640292
5.542580372769543
0.805744498508263
0.600291143561905
0.249377315395924
-3.639382284262907
-1.572093323417085
-0.587596663619799
-0.178583981808894
1.433309769443296
-2.060964493728783
-0.003826622876233
1.835759283501105
1.985215389900368
0.649287551696779
-3.375128496021613
3.277778494568691
2.911048674294452
0.721640009616856
-4.342321876484458
-5.126803249228010
-1.195230662399487
-3.012598681974909
0.014666152460435
1.518196377093857
-3.978829236170178
-1.255320470311285
-1.930412841898506
-0.505808497588680
1.254730984076079
1.830648145108511
-1.444139848888526
0.766175216550698
-0.995013921764888
-2.000404575320051
7.487783244059017
-3.720920975812292
-5.632757500769848
3.418408928537668
-0.560159597620097
-0.069366663164117
-0.772007828915485
2.152458047068263
1.331085192937203
-1.512115059255468
-1.282484356065539
-6.067600645443184
2.873961842506847
-2.559935316663935
1.749781227770618
4.218691412565618
-1.049708866845518
-0.580118918985648
3.073691621307282
-2.097314549401632
-1.050368102971912
-6.321846456481716
-1.707174307784314
-5.709879740289103
0.517988940598094
0.267351246595337
-1.024802753100966
-0.301389563926626
1.452407886878740
2.829593177805803
-2.905542369572697
2.368741107879230
-0.574690502094006
5.306464122290174
-0.443508732856243
2.769813735109811
2.862135300237995
-1.175352465796882
-0.539491591571987
-3.648301937057465
-3.504916212150065
-1.405344743588242
0.955094588761864
0.054891446320451
0.248830657684811
-1.736751108808288
0.354190415818337
-0.670874269338804
-6.142475040179342
-2.254961346364826
2.708747327617309
-0.136332287203965
0.272750518694360
-6.042177488901622
-5.229211083824580
3.039176511200661
1.366434297713756
-1.166513689012441
0.997465011355127
-0.356235278071832
2.429357151220711
-0.563811633634544
2.667529471238998
-0.665037825717674
-2.699817646219052
-3.534218950457586
-1.397874562840793
2.707376824890410
2.692476900689054
-2.997224086518175
0.335504589657328
2.398667097528677
-2.436129056136599
-3.436107201123499
0.853978100371964
0.312129972365145
-6.141026584502164
-2.235824455803022
4.746281219418692
-0.288943256357663
4.856377842877744
1.732024545696845
3.774044495688991
-2.480545657475044
-3.520916866250922
-3.531375015744693
5.593444443556640
-2.036697177675387
3.988119923715697
-0.810800675679772
0.243715562642272
2.308481284572548
2.496942707965679
2.970108747053669
-0.428972049323312
3.534460930318726
2.314259647945963
1.127975762820673
0.555787163843948
-2.371740630598743
-0.187628992860807
1.934274124999555
0.319780524566549
2.431351108182719
3.862080283873356
4.945395321315130
3.546550173882358
0.967594682357941
-3.957111233401567
-1.816640879457515
-3.724018108867119
-2.362328462433215
0.639564748721064
1.309971828594551
-2.430731382084653
-2.641289210870633
1.007188774449578
-2.277527124056877
-0.786356207048327
1.646676856049561
0.386026981302760
-2.816980839965484
1.908593468943767
-1.266632857698727
-5.297872827880688
-1.046638970750407
2.778345525409577
2.605168684696964
-5.727480971509070
-5.124365864170183
0.483840064540482
-1.112526864245429
5.462113146948430
0.586249368534606
1.859412154752601
6.028710066134384
-1.265857320218093
2.333753629292906
5.374820358783468
2.530349342544027
-0.978205102439527
1.652507951863932
-2.432501314412837
4.689905794855598
-2.100434840060181
3.971738399372403
-2.175588338786555
7.396738016196196
-0.157641967979823
2.470169955959729
-2.614239254342349
3.543373504648507
2.198542316097928
-0.852262273199944
1.845704058423199
-3.368728472701010
-5.517720686047154
-1.701629435314786
-2.498900124793965
-2.422155619556163
-2.851160148675427
-1.305399403721529
4.330295478312131
-2.195424385219017
-1.415373606953928
2.106237747776851
1.270655474164752
-4.368301758663140
1.646783463648081
-4.814371389522484
2.902214358524819
3.921929834760133
2.225788126271193
3.537408252421530
3.235015969644379
1.243145774647710
-3.131720690364982
-2.559510250874674
9.246615209902084
1.191586946355743
-1.134424441026405
4.149941177819014
1.626338642824582
-7.576760905396656
-0.074217030668230
5.643793705988213
4.462860084513346
-1.620298872485064
-1.340303406702103
0.142170227723228
-4.935775182503953
3.564056218372889
-1.509722542649728
0.932458562624724
-3.808434975557520
1.872139711740918
2.734634081117928
-4.546227070465359
8.153184641340994
1.441105899373781
5.014898761389932
1.612324908204100
-3.303992726139388
-2.862466883981774
1.364303192185303
2.731705537580017
-1.808384167144785
4.100035457570733
-0.914143385594157
0.902092767547675
-5.428085299938517
-4.754018077382022
-2.025385552390179
-0.237103904115780
-1.688838829761013
-2.664656897274452
-0.740077361358464
3.046003231161214
-1.375269407389481
-4.008658601337721
-3.360742440458322
-2.668421882836978
1.261746715185939
2.649195172223522
-0.511909721856033
-1.261298633568324
-1.032067200690823
0.490904658782413
1.130355383078653
2.098873078880797
0.917053415193412
-1.064938927594618
-2.631997064518438
-0.366693571112437
-0.927832183022692
1.410605083556453
2.536268057647133
8.739083901824088
-4.896259295743038
2.214114201776154
-2.056827915585922
1.019521523498859
1.825226580784720
0.660588883269571
0.328914619339752
2.003094059236811
2.399821941792901
3.303994127036047
-0.334445629242271
-7.256643344253450
-0.277300388266185
-4.096334202225695
-4.977417636157766
2.955914495061874
-3.156459623850010
2.230549709454390
-2.429203651169118
-1.558282928635106
-0.197193863946533
3.632605764561172
4.908300261618734
1.675829281799396
-0.475319588469026
-7.274039862920903
3.169579253432869
-3.316762939336520
-1.521510686950025
2.854023479915786
0.947594281908908
-4.025432137746765
0.498139169363246
-2.805414601324675
1.299068465744123
0.364387313682362
-3.652988463772358
0.619942078368194
-3.725984171148529
2.718935404995682
0.883853831638108
0.155265059031856
1.775958292858619
5.380996271777253
-1.573389636497446
0.734933575364203
5.489229930839773
2.965999083297717
2.992181920429525
-2.471808495417413
0.142860716892977
0.202861386137990
-0.284958864915108
2.872193435686021
-1.791104072141062
-4.096618454577718
0.077254400602804
-5.795041043399388
-0.994258175729011
-0.940022224968499
-0.855378773965175
-3.145905342828496
0.589950427832545
5.330905184294497
-0.365821352370403
3.206914435751122
0.205626672276371
3.842250996824029
0.759937549990658
-3.701378218126735
0.137036568748504
-0.319676763131640
-1.963289785499423
4.556131968041162
2.265404770062085
3.815162513948306
0.871544419956423
-0.772214879795964
-2.841670770532088
5.536493125413269
-3.546858180930255
-0.975114365867782
1.803740117796117
-1.533847705991509
0.199167823684593
-0.269545864620085
-1.616570705473298
-3.179345436242712
-1.281833466377228
2.814414090420424
-3.047811146137216
-0.942193664070615
0.042892709830856
1.122682154025723
-4.093957132794651
1.144367439462599
1.467816504353346
-5.073809227761410
-1.034381069805874
1.488221277042855
-1.864775989031505
-0.442041769138243
3.119787073547483
6.715962145753884
-5.025716071580497
0.304277300515119
-2.813088012277763
3.366602074992489
-2.742977340724131
-0.073159570690696
1.154879023918977
-1.608749979245738
7.094445194606681
2.113582084790211
0.791097652111104
-4.004527238534625
-2.409232237251837
0.897213949668997
-1.308374056126268
-1.360347931828729
-1.187004781637612
-0.011570370764907
0.226413045191478
-5.050513877511210
3.846201479501080
-2.156288909361313
-1.160696043118477
-4.696282325570778
-0.948074902015322
-1.120426949811695
-0.099406001206532
-3.354088318680185
2.376127067905575
1.220187937246063
-2.487104620270095
-0.309254075060541
-2.213631145689283
3.726721358077329
4.278169835727218
2.760199191554236
3.401283058782518
-0.022818032625253
-1.626380614294860
2.198230647519190
1.893918615225285
1.945788791780600
-5.088311681810170
-4.848927944639039
0.445509070817580
2.818008192446826
3.092606546987632
2.885984300898747
-1.747507724229758
-6.897002930853581
-3.034313608042206
-8.105077251435919
2.032420189320591
-0.450495024177736
3.187012689689264
0.672946916942310
-5.646614393279488
-1.042129519720125
-6.765040744185277
1.351868413458627
1.074720461668700
2.845932885215528
0.511373217740308
1.299543609241768
0.096329119778190
-0.092151805164963
-4.669252685981256
-2.875730806578691
2.261193756753656
0.022633706686061
5.124216387068390
1.020857531224031
5.326357545671950
-1.884908218934285
-1.426943363294647
0.270680628211504
6.634989458093774
-7.317530531274409
1.578935150352090
-2.394107881705749
4.952957220662815
-1.957603297911043
1.107902985649755
-2.318820343225771
-4.964605668429946
-2.445572300446398
-2.087249063996526
2.976817342782955
0.095848661540650
-4.005227961153854
3.328948855669276
-1.678194712556849
1.088130036869486
-2.200175311376981
-3.794150200698143
-1.395831877025515
-1.325124065390034
5.397813458813196
0.630578996848881
-1.340444097492122
-3.285606177717112
-2.609506337940235
1.665430047679052
4.034409123065892
-3.982693945644337
1.677791930432210
0.474794640266890
3.449871806926669
-0.995784243841136
-7.524804111533541
1.259805922886341
-1.856909427422545
1.716191652337288
2.367708799929135
-4.674391423814384
-1.471081342372788
4.131887627143608
1.999859581632916
3.672469657848130
5.641906683073919
-3.160287510626104
0.185529756288111
0.967240950386920
-0.841071085413067
0.839271553200229
1.187774012204126
1.980006609473921
0.958697075976307
4.493637367076099
-0.715328751747762
3.544525733499346
-5.575803858486950
1.695136724615606
2.163894697124873
-2.585404067219498
1.515609508284150
-0.928103984914163
0.829046861329703
4.884808249542155
-1.751994592737420
5.889077527763573
0.993049307203614
0.002669849238534
-1.076959202286906
-4.320608571686578
-7.404957406040189
-7.013439859113375
1.272930958220921
4.819817531769486
-1.685820934853439
-0.207250757081240
0.261859730446781
-3.593236816778880
-1.989536446883241
0.741559544611432
-1.494607034435334
-2.120961802112268
1.125875663447815
-4.730700032945872
1.536041697579837
-3.147662781632369
-2.389783941545152
5.306362006920011
7.068630949105940
-1.626679481550789
0.772949724745360
-1.966982779253573
2.514605557812736
0.524859512739050
-0.624937730801659
-6.283871560877548
-4.631868970164285
-6.629976547289391
-1.298665563433852
1.178488310202188
4.719706046242092
-2.076852025450878
3.054125955448048
1.375809097840542
1.243920466395457
1.640351552193571
2.930981204999232
2.937057393148997
-4.522221602649421
-0.002798690415388
3.876942402715021
-2.431628247766362
0.381208719688498
3.620252804137783
4.978918433032819
2.042327258256682
0.723643779934412
-2.894247249439053
3.745914512627708
2.304791165407162
-3.046932477087024
-2.864792512712858
6.440196217800373
2.099743366561307
2.987862289383286
-2.612257158667668
-1.707904241754079
-0.331018202627043
-1.456764556150029
-2.194737316643264
1.019328930643424
-4.436401618540365
-2.885356422350072
-1.464528037399074
-2.347544259073689
2.983001613462855
0.056383213614146
3.333209186142543
-4.416749246623199
3.385537600587926
0.303297426590213
-0.529894814938874
-4.045501265907009
2.806480539630298
7.578410435613860
-0.441445731870686
-0.500447461351461
3.729301038941503
2.155701977273008
-0.473073380744724
-0.366423299806689
1.540241374205414
-5.824043156473588
3.019554867708612
-0.019360615160437
-1.524637724697361
-0.123970088625206
2.238528297685235
-1.329785926436251
-4.842859333399568
-1.610753968566924
2.583648320186030
1.817032749382475
0.157040080156793
3.022762795487237
4.935332999878121
-0.903494796819923
-0.828712599147602
4.834931852805936
-3.958758835505920
-1.829409834506684
-1.057427863694119
-1.492128140499653
4.271449551671869
4.877845722243844
-2.513435567052991
-0.299315119414712
-1.265996968973820
-3.470819892790555
-4.326330271327713
2.124501066748491
1.008696251900699
1.064212802248220
1.384105604472121
-1.535912346952278
-1.154108820371031
0.520305198688107
-4.310576720113657
4.060823106728780
-0.512616728850975
-1.080819867212608
-0.064543197885555
1.140960073464259
3.716738540194535
-0.409888622253496
-3.740808426988283
-4.286123373725751
-3.288423764206833
-0.064419644652139
1.086331478410133
0.669402678506015
-2.387464281805897
-0.743401626620432
2.477042799813369
-1.177689695165423
-1.122462846766889
-0.099817397052939
2.821508349250220
2.008702843311351
-0.433130351112226
2.619817482602698
-3.050349587255192
1.383740206343723
2.102474079100052
-2.393154447506354
3.767119583791278
3.577940768211274
-1.176768282070135
-2.284587982754114
4.701126867178109
-0.653242079647795
-4.266242158319461
3.677914456472588
0.573725922224974
-3.786715767956868
-4.527824716189641
-1.928139626434295
0.064337065055183
1.078607627259060
-5.330299823612940
3.591571038809925
-0.794989888422212
-2.314739537027965
2.959026906603933
1.960014215293027
-0.042673299778336
0.061400722245092
1.353198352341476
-2.606349306773411
1.613567408018019
0.449335819212783
4.033486781398862
3.979989947517920
-0.256550829741373
2.144371850615299
-3.312091573870182
0.927617367493350
-1.270428149406749
-0.908302674228034
2.894174203013566
1.387844520453056
-6.048091867739299
1.614381782813688
-1.399146541775485
1.067054289483446
-0.617491829522115
3.423125276204531
3.951898917098554
-1.806685736127324
3.073921692496416
3.793504456407300
0.040099391881093
-3.456217762700321
-4.134797772953457
-1.003897585407513
1.457118598022004
-0.604919471252271
-4.469388257203257
3.535540129483106
-2.290826642797545
4.235854553137264
1.118875577164548
5.921851074715414
2.775118093865449
1.540360628165444
2.283196710090784
-0.195473228558499
2.479229903762023
0.211560317427357
-1.342033994610806
1.729962554971550
4.193530470066154
-2.060155149718221
1.464394681262930
-4.038075590996725
10.506733628386643
2.257776422233977
4.309432925809368
-0.268423043086709
0.743749302092773
-1.382790775826621
3.061541182221975
3.481101338391412
1.597851106637751
-0.241558578691184
-2.424285088577623
0.847968365725320
-2.778403071004360
-1.655946108382935
0.347728566619042
-2.961120654428726
-1.790866890547849
-2.840289010878803
-5.314134329301688
0.875522813007103
0.116284792624565
0.247549730185329
5.619723692962584
-2.133745168159290
-1.472219477790353
3.820111119529066
-3.396931226084473
0.570846781747786
-2.054775602317489
0.923572214194164
-2.267947988426894
-4.416627455580108
-4.453163303275936
-0.625963600507165
-0.285809950070603
2.013611646440058
-2.701632765359079
4.563340167681286
-0.871972795122955
-0.915293792112546
-1.355931437113294
-6.469211549622447
0.765206776910449
7.170781888871044
-3.282782992346678
0.357661326581333
1.798862044538086
6.234723797749138
0.455998916461546
3.633027586771446
-1.405900817320717
0.045256766148279
-0.812763054188432
1.100578030441641
-1.478175154875605
-0.721538266770539
1.921470524978113
-2.486788340128312
1.397428612272500
2.073028058045515
-3.016983543946925
-0.855245566224605
3.496802115121053
-5.594139130127021
-4.660423105911311
-2.786688342331627
-1.274706772230766
-0.526862870421422
1.308364320304179
3.293062855314759
1.710657774104993
-5.228539486362434
2.003823359772543
-5.372058259478139
-0.461679171830546
6.310051777737660
4.173794114147380
-1.068728608180182
-2.054641739595701
-4.649625066404637
-1.401872010653510
-3.505389846036517
1.121934808044708
-8.817216785520449
-1.989053445584836
0.356578745761290
-1.470548274983108
-3.115482151259140
1.074812733337305
-3.836398750885164
-2.281283490870132
-1.140011619378740
-8.135226795791299
-3.899519840894970
-1.453710510083787
0.132688179379321
4.221738715414542
2.438835557239087
-3.633643132593828
-2.305961875270289
-2.135303616546175
2.257893940636630
1.279744393862410
-3.929306468382933
-0.423062773636668
-2.781815247387657
-5.488860728826015
3.514713618111593
-2.485097116303754
2.708821528090458
-1.261520138313290
-0.006057008277937
4.493920011508724
2.740956148225760
0.552554944004381
1.303881609441489
3.552102812280573
-1.343173890723023
-1.920797393255006
0.834244511696054
-1.936018949953616
4.190066656950933
2.293004925005580
1.686928979405646
-0.350483041125748
0.948637751035488
-0.989088933206432
-2.005084823056171
1.557020975937788
-2.479928473268480
2.415614907814762
0.995050963668153
0.732574136661907
1.044137481810752
-1.481152891691359
0.247584930402647
5.258643857077984
-0.447168467814221
0.306147374448359
-0.328724359141591
-1.182677587335138
3.445686528234018
2.962050264533442
-2.929390724767627
3.652577743398182
-0.922281141583737
-3.574425570709287
-0.063564230820823
0.318197365487717
-2.499112372286658
3.791967712471391
0.862940646772210
-0.955602730665389
-0.091356615547841
3.660485765665458
0.819596773495172
-1.512252617000319
0.897075503994294
-5.126993283509382
-3.427982255646207
-4.756149655981223
1.360526391764497
-3.585399125596179
4.363459353164769
-2.979691852855214
-1.809333173230615
-5.824956802660142
6.611504658682929
-1.457565415221083
2.782757442074530
1.950410643435033
-0.796631174943732
3.308171676010849
-0.320688107440959
-4.194919258431634
-2.749999947993382
-2.912270055878786
4.252403399000120
-4.784571775959480
-0.133190117921517
-1.470991964512141
2.686797562972800
7.143473654319944
-1.638634172227791
0.732409840729784
-1.901319164727631
3.882972260888335
-2.649592132013290
-2.259660011689044
0.493561483285568
-3.499044451797626
0.901822254410823
1.416839094840318
2.153641844099950
-0.651583507388940
2.315146550979852
4.486490925399763
-1.387446278565494
1.976507526432883
2.612519117954793
-4.121838963591454
-1.040494951701025
2.001545806674374
3.761174022098048
2.039372907049724
-1.961644659686963
-4.363889115730673
-2.438560436419219
2.055688895229064
-1.539321775237312
-2.480177408909384
1.074180951741352
-0.524128407138391
-2.181329888781273
8.420316616553770
4.190912571210077
0.488056919587907
-1.920019978098230
-2.224104283179349
6.146380717135919
-2.310946557822782
0.687986862786585
-2.514736387710507
-0.567984847406713
-6.812950277430140
1.751684423128099
-0.515956089759715
2.548870070365836
-0.993851634567962
-3.765376618849233
6.376596817652155
1.911739634965377
-5.673563065979861
3.025690382488009
2.843869790201555
1.435463945455665
-2.888228875389774
-1.325849795365339
-0.437614005304759
2.974319866458346
7.022121619673444
-3.837581089750967
0.351845458613959
-1.830514343222678
-1.103606956753550
6.345823394687081
-0.816347004829215
0.564347990479390
2.840062423129750
-1.472621149524400
-2.767174315502801
-0.690243636901744
0.240965575950379
-5.427552556132810
0.835762064633099
-1.335200567335368
-0.500365479565816
-0.983651825870128
-0.751636560214585
1.308983630878199
-2.761347957523944
1.916067884441311
-0.496987566170149
-3.680989894818239
-3.780473906731589
-4.850585520311986
1.848528503213768
3.670351705662124
0.904187581365413
0.099463133491947
-0.607058194466772
1.122979632753291
0.851081656741877
3.641815773649102
5.286846170672009
3.790096838554505
-0.040305118123234
-0.878819696791265
-0.206054796068933
0.917608600252594
-0.264146477008481
-6.291078048671852
-1.589734202789034
-0.535444832154550
-6.326076638553224
4.736591294459341
0.435504341879852
-4.152427299895338
1.789753628557513
0.739579048326994
-5.175386872724786
-0.337433378551548
2.788555548362029
1.540250765816895
1.758967814997637
-1.023403703982208
-2.084766894352827
-3.232789670225590
3.466079706131827
-1.537306290383480
1.294559203724925
0.204819311311470
-2.535919077702420
-3.258775655588677
4.281269595455345
-3.788860122786483
-5.661668931705949
2.940516467578408
3.311246735276710
1.032446812334779
2.271860697016935
0.093140523218474
0.589996532608187
1.167895696851979
1.280762634078723
3.532451342280544
-1.147855173477861
3.174563327957298
4.580548178800058
-1.942416854562984
0.987738656675455
-1.710471277603177
1.063822841282781
2.905634164628881
2.686458894710650
-0.986927289254648
-1.703609463304005
-0.873083737037997
2.246899263917946
-0.817535574644993
-1.250774288214641
-0.293190450809667
1.063238029059555
1.521736873471820
1.323380673741480
-3.457750125737818
0.104627044675193
-0.445366183068743
-0.485897082676404
-5.631661403496665
-3.327274765641441
-0.468140633953474
0.862626436880235
8.532480122832654
-4.359379087989129
0.057541575125473
-2.412098364750040
-1.639051873119962
-6.905402879498339
1.562602712146470
-3.139562256552552
-5.574197642975033
-2.748665637672564
-5.413922220305928
4.712775594786009
-0.745961332943893
2.849804548535333
0.355908182545374
-3.868032797431884
1.526211314185933
0.260642339780335
-1.335064262766906
-0.689424063541652
4.305299664357246
-2.502500460522389
4.611161481745294
-1.959139754360250
3.663173886318432
-2.066618662273479
0.249367127143958
0.743775095369179
5.739608098994617
2.555832775104520
2.347811011085499
2.232490756853673
0.665150562680476
3.709353144957108
-3.922296631681960
3.469026568268009
1.991040110803614
-2.161145532326296
0.822027365404995
-1.355307976252716
1.516314863145957
-0.152264002664517
2.697621746821962
-0.048588106782935
5.043797510627804
-4.385607574179851
3.204282647632406
1.033184083363651
-9.921753388558308
-1.624828477300917
1.909587664228736
4.191932627921081
-3.369357771519208
-3.716956171943357
1.755742269700777
1.064543195356283
-2.231639771989474
1.502224503772552
-1.667906153799779
0.296237857106614
3.903682610127252
-1.063743839858183
1.535537051827567
-4.753355299787464
-3.450383759409747
-2.027771794725115
-3.464437205727140
1.305864110803382
-2.862193573592234
3.171544040071992
-3.122197573482608
1.643304392608440
3.848684717406163
0.422498012708304
-4.132899442900341
-6.382450702631291
1.989260190012638
1.774796477660780
-3.773031327070129
-1.079184006755822
-3.625303922007815
4.710058709314986
-0.721298244973788
-0.953555878303825
0.950731887335415
0.674075747732308
-1.137092054591061
-2.373883351212093
-1.314365030598297
5.965681346733843
-0.817650114509207
-6.023200327729653
-1.369795866516735
-1.929407718329940
-1.298972279426142
1.211852594419493
1.722114953422487
1.363465676839484
6.703927064638159
-6.041729334645756
-1.023768353665991
-4.359959187080968
4.957931876847264
-2.060590390479503
-1.471286314672200
3.779368234024327
2.440631713180825
-2.212249239766515
-5.091048616488063
2.756187518051573
3.194429702028727
0.775654486072264
1.914809497016301
-0.533637454712392
-2.907719374788273
3.127076672858347
-2.197238994312588
-0.070731477565582
0.052143659305728
0.669374082802682
2.256338431102686
5.191151798346216
0.459336917346058
1.958264467318628
-1.819789890856400
2.283011001080731
2.096007552183559
0.930508536461525
-4.389733464207359
-5.210865691870827
0.299352453364060
-2.544613578245610
0.276018441121607
-2.460333965791607
2.503147116931590
-4.025188726958432
0.192869833934482
0.739379467300320
-0.686310777820374
7.028559607886009
0.880722991427493
-3.005902361102825
4.247918472705253
0.675157284606389
-5.370490365206659
-0.619326251588074
-2.698109866973148
2.514792703128634
1.069240828431907
-0.261890019301512
0.052960869295177
-0.845335444795297
-0.698806178548566
3.424547197768815
-5.147023007145812
-4.711601328541217
-0.534408538517135
-0.667198165787592
5.715057399705175
1.366609921330090
1.144053998513626
0.386252646980901
3.642239498389749
-0.874063310068260
1.561617917821089
-3.748388817201283
1.123984858148760
-3.472449851852444
3.446834945633757
-2.905315247594423
-2.163892334563608
-5.486178964842587
-2.884355913806194
1.469443929371700
0.316972476501295
2.474175119335215
-0.870662933544474
-3.055838655417111
-3.725288075404475
1.217978348942839
2.552726603394222
-4.690945197630699
0.356681221926931
1.111583168947678
-2.500365896000587
-2.947353250363740
2.835408611386610
3.149169313131393
-0.053092304105123
2.780700600488041
-1.337266926655183
1.497632664172984
-2.488186517699131
-2.683072576965045
-6.605737126474158
0.201725048303895
-2.051148273645297
7.425205795976468
-2.157349706653417
-4.749508857095663
2.016077488518194
0.331591921654357
-1.699496615709981
-1.035854965251652
-1.450097168350041
-1.976008120799611
-2.151876005039113
1.440682654401467
2.388115176814902
0.630245698417368
5.239461966255531
4.618654312698641
0.033395911475174
-2.225031222371868
-0.845498765874514
0.209521887670876
-6.512625277037555
3.994946281837355
3.009169357321987
5.631907343494323
-1.042421316647154
0.649736889509210
-4.508950004913142
0.821918153867140
-6.324622220614053
1.884948688698936
7.216974273734066
-0.986821371081807
4.075886716323088
2.754469732738141
1.350516104279994
3.098497079523265
-1.637921043463373
-3.582724514396710
5.475784376114348
-0.705991734374067
-6.333611768854063
1.284650024035028
0.877862340550907
1.299983755372522
-5.784195846822802
-0.057276681523488
-2.885555635132285
3.760094532477950
-1.313750601722300
-4.245646700581254
-2.394116251948426
-5.531418674556556
-0.039975336502240
-0.126380434351044
-2.013387341680770
3.271021779881460
-2.193080590198543
1.059209515357606
5.916255400211799
0.952172669988482
-0.369031183803761
1.361565521024221
-0.192590311068624
0.886437688603597
-5.657963637818605
-1.849418442404691
-4.594545386072181
-5.217422592140356
1.370040815216331
1.485178609425280
1.316172198899900
2.791172099738763
-0.966293387773532
5.918847184558274
-1.488152248770362
-0.290852615053623
1.819212923527543
-0.910560279606684
-2.554920211605279
3.259448977577885
1.361364533338393
3.813146625061028
4.975243579661218
4.844543767114942
-2.422649058269915
3.151289795622140
-4.481534844612305
1.542196244351314
0.816726237656332
8.511273381772638
-4.574741196650274
0.636706950438961
-1.544464504312610
0.722583355106876
2.661263704012355
1.402709976215550
-0.761314649890169
-6.549659881133047
-0.905007043816353
2.121495957144980
-2.416791802864982
7.303138703739669
-0.470687048028042
-2.849119236918383
-2.508013971440789
-5.953504072623112
-1.598195645970527
1.968094709865979
4.241884050160767
0.624396416078232
2.044649625843244
3.298513070076236
-1.474022889111079
-1.789002765762577
-5.581678818712342
-3.969966650535773
-2.721002341200432
-5.125609237476301
-1.214128376211882
0.341444527753849
9.839771966352435
2.995836714913579
0.785441914955840
2.845399272471183
4.713390147396540
-1.861537678423528
0.510816761553548
-0.086941693273513
-2.472288407507817
1.708508894184600
-0.690906083530371
-0.660899330090492
6.231423059360844
5.571165833401687
2.200098931380266
-0.370578726677819
-4.573991961021047
-0.722295216902382
-0.862353792712111
1.701304830752433
-2.694506489842479
0.002621088887150
-1.118630672155573
3.902735553034420
-0.708721075923379
0.843956285692187
-1.963984014249148
4.988692888493313
-3.416805494821552
2.202632916317660
1.475225152774320
-2.736559675673375
1.748517163023724
-2.469152640962957
0.888274281774217
1.236902362971509
1.233428872026707
3.360382359241880
-0.144112633534971
-1.469831148100755
-0.970904900365944
-4.996817403413959
1.313884432978331
4.437132150591586
1.495055777203454
0.527708953765193
2.306409292918218
7.140026017972790
0.527374148301166
-5.554283342962772
6.067979080175090
0.139063410529637
2.059246081369860
-0.751475767394021
-3.280933469599625
1.017454038760021
1.308927135383224
-2.154111265694414
3.582286335849777
2.463529625448091
4.846972327217082
1.467789823743757
-6.982530575563063
-2.277686842651033
-1.432180043168331
0.978351043010087
-0.040119584871658
2.477848510319016
-2.474965790536010
0.572428877315923
0.858331766724949
-2.032355070083604
-0.821415019281761
-0.306428107769522
3.958478395750683
4.570298226444068
-6.167580735813604
5.629211934660471
-0.958092495837218
0.585105878094180
-0.590535384381682
-1.326267801506127
-1.851912813096465
-0.955615068220110
1.105941682229374
1.736629228928713
2.908783527868369
-0.466260993256477
-2.528300128664737
-0.336289736789012
-0.258324005690450
3.226185332009359
-3.422418627277759
-2.004037343700678
-3.736242182632061
2.622427160847252
1.463987692791205
4.231851442834800
1.361089067409026
-1.152348166698607
1.084882027245513
-0.640111618197137
0.612617403133221
1.061055783395304
-5.588676712918323
-5.387108730746188
0.446935059920469
3.161601017672503
1.042994687195690
3.350328589577902
-9.507948421249015
-1.269169461012316
-2.044257615421585
1.611360154366158
1.963622633572070
-1.081526685720473
-2.652867570524006
-1.038311033463959
1.357820730394261
-0.802544470457267
2.427485360835620
-0.717323985444577
-6.041854785260990
-3.436583831818576
0.766454259472852
1.699378264326076
0.265983304357019
-3.324564970271028
0.657464768647374
-1.233541238615671
0.226262176468519
-4.024305783000337
3.995545657264996
1.835636931415049
1.625139563091308
-1.017370290543741
-0.825289001802438
-2.223417387270525
-0.782295031034116
2.433608161510678
-5.383608934982175
4.495849255527896
1.076168341294746
-0.357717208286253
-4.210850821969866
-1.033236086287355
-1.112489350887435
-4.054190119337517
0.919150297752333
-2.038780014038352
4.821970068959187
2.194683452004695
0.086102079910516
-0.422314258350354
1.765714123289706
1.816526131167355
-3.045982378074833
2.103387005705590
-2.624641820077700
0.154330203740279
1.531179729525120
0.525528562292513
-0.038272003255669
2.241908976581217
-0.052975406923739
7.779614991440454
-2.225135171451658
-0.730264231333578
1.758617708854987
0.221774854726691
-4.414017054017275
1.994491280267089
-1.010719757240852
0.466885853581392
-0.106818092532738
-0.517422582681909
2.645902945807061
-1.628738557945282
-8.363635738861170
0.593538943561613
-1.876380500830427
-0.195913476952268
-1.573844669882538
6.203897012857913
4.051332569158322
-2.642166687431532
-1.527608150882243
0.480884567677508
-1.241525117909852
0.329644811425743
-2.620920899178119
2.203404882504166
0.197284201362926
10.052073862504749
-1.496107766277052
-0.187101235353275
-0.555359853612644
-5.350621340336111
2.441148572504683
-1.041022044805799
-2.687237675953793
2.493788818257618
-2.266058744563030
-2.684741386858590
-3.012510536816277
-2.390901389449014
6.511216350087681
0.546320012950619
4.776053072255026
0.136465891063399
4.512854664977011
-1.565275324811892
-0.081633309030277
0.854713224291812
0.106540107810270
-1.424734523402228
4.477694279406661
2.283447102034122
-2.105987932095426
4.481841022570321
1.007222340724514
-2.450902676882610
3.054467697455721
1.305065499073702
4.179330086261895
2.703496991585860
-1.156027558948525
0.216259933918642
2.767798190271994
0.645999361085769
-2.097376427040353
-1.471586928286066
0.447186872362278
1.406453788120647
-1.149709440843906
-4.237953874725450
5.575180375351627
-0.375756077136232
-1.213037332864601
2.975938786898046
2.883109172483775
-0.710346703534643
-0.056003572592448
1.392720014319757
1.393667502707937
-4.228218673606936
0.133633236699715
-4.234756945083371
0.042792222361896
2.798533040477019
0.303572507641200
1.590255641629326
-4.719110373967537
-1.584284486569474
0.984151121491630
-4.895964801423704
-2.292015186300824
-1.202833126356462
-0.656826914673172
0.893314164771332
0.584637682010384
-5.686769115891605
-3.315605861119206
0.395328164596226
4.063609699373637
-4.752721077541393
-4.819232594684952
-0.997534565379327
1.952601191300549
2.215531524325821
-0.936846759015666
0.185965193511578
3.252551604799383
-1.555819537810936
-0.334972875518575
-0.215197581759037
0.886456504834102
2.116092124951654
-1.411328687443525
0.900342560700676
-0.165227540626798
1.332410402379946
-3.086541443472682
-3.285870708967733
1.805891720528510
1.073323714767088
-0.760840119391809
1.047791407920793
2.765277550406930
-1.058225973407043
-0.555255961521734
-2.722729427549459
-1.357903010763557
-1.382719725163843
-1.604876638823816
0.245606478316542
-1.975365510069030
-0.581869354804247
-2.399004664047235
-1.013587884636441
-1.055623535070974
-2.865931350412953
2.296538247418914
-0.659557464389772
-3.378691143481908
7.709193995962302
2.629256136238771
0.970338478937573
4.611632933807710
-4.134621776042742
1.799583932143163
-2.402886699427886
-6.522442220149313
-2.277936179011876
3.217577477701137
-1.305585147872430
1.237689433584605
-1.328700606270468
3.240047511758296
-0.825745363959524
-2.243705404283374
5.869940582477425
-1.486539572467359
3.970315764282793
-2.703244246692022
-2.675397078694718
-0.430985294991361
-2.598332581662445
-3.366317736823159
-3.754708634995394
-2.437803835267808
-4.483606345395945
6.204113129026522
2.771250844800609
-0.824442084334368
-2.484866493126551
-0.575946104648428
-1.371602894720782
4.490702659987051
-2.106997116498541
0.098658227693214
5.001519533108970
1.201116799756561
0.087752846306937
0.327299485795407
-3.907936502247354
7.687476237295394
0.140575718829243
-4.125085919268956
-3.041266626614879
-4.073509426039696
-0.081011649147585
-1.215285465024989
-2.118446176340016
2.480566778527763
4.412029217458911
2.875976247435930
-2.821632190913715
-0.233183223878987
0.288460471222172
2.769988737887362
-0.734815450357805
1.082205340070417
6.225923572368393
0.404924287999039
1.918394628806836
0.627052649296946
1.619340403172683
0.680531086787218
-5.232538140438119
-3.127991517757654
4.741104949310047
0.275157932998140
2.004562647710564
-9.581378855241415
-4.321626065110055
-3.344315202322271
-7.472308945106368
-1.774677901975906
-2.315694735982085
1.050346142125756
-3.472106151841247
4.763561672262032
1.743510904118471
-1.162167992699557
1.501923601631334
-0.465126054723931
1.185135963282488
-4.969227215832341
-4.143243112287299
6.381877116702467
2.282925997762666
-0.302103349936089
-7.046446493497764
3.691702981980411
3.275792509952970
1.316547494725387
2.623237269287678
-1.281131185347159
-1.077916636806103
3.599700486167905
4.703360705912990
0.642077549887827
-0.461647145564855
0.325485140510370
1.619547477003947
0.915115081341285
5.666429283526520
-3.201604637753196
-2.801128927481296
0.228327188584355
1.769135658904916
2.718290502330930
-4.558410799161211
-1.958565224874183
4.680438810235863
1.237846286019271
-0.793337187145188
-2.303155870907185
-2.139851599829820
-4.119951425596215
5.139407227314794
0.892947107766535
-0.591580277619762
1.555267374506490
-1.512410814831809
5.052475973273789
-1.456111798471274
1.924598657708039
1.780716745791676
-4.479907963213211
3.597717727686244
2.025938731076417
-1.436799781360943
-2.125858886032820
2.186319960831625
3.813792229831177
0.710351612540637
3.449940831339413
-1.130344565647349
-2.161748221636952
0.714888067930876
0.532593464795511
-6.905767450563842
0.084960751440501
2.763580914532336
-4.869487635693445
-2.439172365252940
-1.905286083049880
-5.263921749034652
-5.250825834766086
-2.219600558460576
0.973290625076697
-4.536287341583494
3.147480567177110
-2.113448346366013
5.144428060371240
-1.370590619813011
-2.043911975303574
4.365320478562071
0.135543626981536
3.933508779646240
0.683460488608092
5.225929531718563
2.927442356616521
2.503585983687542
-2.422145427253823
3.602730045451460
6.237325737918630
-3.048107786425849
5.753786557719820
5.932236783489259
3.703594542398178
6.121927512694106
-1.568733372451605
2.259770068015894
4.339371370953230
5.226068711740536
-2.379027910990137
-4.985487582093489
1.182041781297952
3.328417768328547
3.787771974084771
1.357177677522136
-0.317269584255809
0.487975219936577
-2.205566317394869
2.922756683153456
1.334429853009734
-0.438543783709067
3.297684154593179
-0.776947766974547
-2.517622830776912
-2.985431220264909
-0.380476657657345
-3.323815865687790
-2.369613333990787
1.823697375491567
-0.324407109185645
0.445836963609089
-0.839291979653032
1.219224157571892
4.103924016753365
-0.162894142244798
0.245100317552855
-1.247402549292398
-1.660183008067176
1.171957370369852
1.390573930899812
-2.736444600403394
0.131813149408831
-5.733635564510176
0.422492263252991
-2.528955404119346
-0.168013048125785
-2.097419210540131
-3.833328064407451
1.468521781290703
6.146594115707590
-3.090337637159893
-1.466990087689832
-1.878569931675598
-0.958820127234576
-3.569762588371906
1.329021894780633
4.115012489394508
-2.604812115471807
0.171974383197830
1.445168377329757
4.432051024432834
-2.133448588295998
-1.133916466752054
0.007962801516419
-0.797782906594284
4.350595512494725
1.902086141987609
-1.247457831072950
0.933972766188908
-5.085574403899796
-4.236554417829291
-1.226942803328650
2.924910276268747
0.204867265298717
0.386005457991184
1.010005356244390
-6.008955986574832
0.077813066975140
1.892539641603336
-3.176361787050374
-0.654373960855955
-1.073937588679442
3.844572915381567
-4.828452451117764
-1.841834467386542
2.085514847771420
-0.285837834927840
-3.718020963048631
-5.020451444319915
4.477413996736419
-1.346846270525483
2.534851445641495
-3.968137193780266
-0.478428237042429
2.680726302966027
-1.654786517569984
-3.470173867744337
-7.368060191889149
5.416460663968558
6.842936849933611
-2.496294400569119
-0.213345115058325
-3.693144034428057
4.981762764685135
-0.313124833381626
0.993388023898407
1.330261005359234
0.102441616456639
-2.319401821460971
1.574458313243565
-3.737609460363494
2.844446414148602
-3.704905378755108
2.996944706317718
-1.056195136924774
-1.644719117924322
0.404681218322851
-3.602592339920653
2.322699536672437
-0.275087031891064
-0.533418796898954
0.064963911554136
-6.420089947638631
0.583629555430136
2.627112193954866
0.259979633518038
1.281139621893713
0.414212422376988
1.444438399466750
-1.036017400167053
0.241720119175454
-2.896523407310911
-2.230950993818546
3.299993000547868
1.207022304046115
1.180574183721341
2.030025624107137
-2.885838340571536
-1.509518210617592
-2.621505903806830
2.848484464985705
-1.348337223752865
-1.874897839671416
1.053000459486944
1.004559529519580
-1.577931683573855
-0.537475509823028
1.580905418165135
2.302079092670484
6.232767247598939
-2.539375456347878
0.325631399482178
2.352602822377290
1.588579759454773
-3.148115193408459
1.240285426024226
-5.326720712791859
0.011371495310260
3.527155019218793
6.078516815322529
-3.627524513294781
-2.546165337714536
-3.050735787313299
2.857772253501197
-2.831900333581441
-5.840379207078167
-4.937796871712558
-0.284600988303965
1.229552593330777
1.186493601884385
-0.537204170821669
2.360409607177408
-2.634470239420570
4.899857277923022
3.727276761030074
0.698600807630122
-1.632870330513400
-5.025627649191020
0.022920345632823
2.546003159993083
4.080281285345702
0.374312724200737
-2.189180756119088
-3.680648107591572
-4.848420732971644
-6.356981846466437
0.423693599953192
1.352281222002515
0.585541493251163
-3.271110783830116
0.486399834628809
1.880964654216897
-4.991203508216805
1.061117494792996
1.180502102587177
-1.061995016619524
-4.927801000931187
-0.926280131946030
-3.063096215314884
0.408361998499746
2.650286823410818
-1.429455450988672
4.011936590662906
3.104957348239154
-1.951203062082228
-0.247641364153654
-0.234109694829942
-2.400569110486154
-0.761203987388083
-1.139330833749814
0.678944699063452
1.469743172498310
-2.144500945643441
1.078322993548553
0.581524714388024
-0.959456015515705
-1.160720985122735
1.221326004526988
6.300387291326694
4.668786631876841
2.476707708309308
1.889169782691145
-2.480977958119056
-2.640118240076804
-8.013413833262565
3.678108135665283
1.052711312096658
-3.497427104736115
6.340361597768013
3.050823276482767
0.092183572906236
5.616888215884169
-4.436629347117987
0.999190864307795
2.310844614940949
2.452980405469815
3.192047628309449
-0.137379616223271
-3.867061595357343
-1.582443231683198
-4.067849030801866
-1.175418570223601
-0.851111364686791
-2.907983537745404
-4.404689102921944
-2.835648881307627
0.051031890260861
-1.539238141648760
-0.578502419924658
2.209100259378574
-4.679245752163477
-3.078045316700614
3.590716250811437
-3.108618871699108
2.830991642397548
-3.490112481021623
-4.327199408425373
-0.290620216694180
1.172348821065625
0.248376253749473
-8.287883262108096
-2.168548411387735
0.345885819145783
-1.421795321358029
6.146164655077559
0.242160837986025
4.191960562788244
-3.291971717954726
-2.766382047771591
2.902822080674696
1.507839971238033
-2.539804889078647
-0.472506437704752
-4.342297745506038
-5.427758330544449
-4.260369534635909
-0.047533198613613
-0.707425274231003
-3.569701035678990
-0.689205354903148
-0.392124962286637
2.835531267579044
1.064810722534303
0.916359422846087
0.366339741083577
-1.154031285702176
-2.055199161700989
-1.676804306448456
5.528474348326548
-0.555944107576695
-1.177043574258888
-3.968461726349233
1.837681838524327
-2.442303179512908
1.333422318462904
-2.697350313686450
0.911719746696335
-6.294727330098191
2.784928593023391
-0.694206261389960
-2.607726186266437
-2.141806592664824
5.416877968929928
2.572339750913152
2.497385005641378
-4.515749937604501
-4.946083037290149
3.607099068945441
4.854779448291848
5.011923709624878
-4.377051182149128
-3.425177163869073
2.837416266600627
-0.444177646504987
-4.008449003186132
4.352862994404378
-3.604463141356488
0.745434849256126
0.286396384436099
4.073540094787970
-3.474848151790262
4.899361748167140
-1.841800649071685
-1.417230384975477
3.507365992207548
-3.296946976857641
-0.723603041051963
0.628563691684796
0.684168423270527
1.876237746245743
-3.319205563275364
-1.988884108561048
3.992225301209355
0.157713856490139
5.646474385366027
2.470366821655962
2.352121293315546
0.980308142938592
2.976230054606450
0.111404718029329
5.453624473268532
7.080641513092965
-0.292548040259715
-2.578108387158967
-1.989386157203757
1.836421707340807
2.496619037647123
-1.411560876578486
-0.888567305334877
4.416840597695800
4.510722395367349
-1.291639779137946
-3.772862151264448
0.289935547020488
-2.310967235378020
1.478236639287380
1.882184413436137
3.082556280093105
0.622798775743276
2.162968040950563
0.156409606002608
-3.360767365295529
-0.168821271047691
1.694488976026328
-6.623801595887054
3.119335366134579
-0.971843984751511
0.281821364695191
2.538855955571822
-0.107874694147518
-1.820401882550761
2.808418335626443
-0.289659095372669
-0.443864240853096
-1.206506509618175
1.455577485778042
2.627759632391968
0.711776075019966
0.366493630374742
-2.750742373994802
-4.766413964082066
1.896589027011745
-1.785028563863495
6.835822171008334
-1.910927344168700
1.394679074577882
2.865602679650204
0.781263060448058
0.259311177938898
-2.900225600310546
7.472929129523831
3.274084949885635
0.792978015854540
0.869002834858125
0.556417343828440
-0.685243941680083
-4.374114414767614
1.210660694314944
-3.161207326795899
7.334877027326260
-4.522601414957896
0.475527601606028
-1.909917790095861
4.171193236619890
0.017804467671796
0.537037738083674
2.372414456721919
0.488305349585076
-0.231214926072474
-0.978322837131778
0.920062037933614
2.931007032198703
-6.551632527830337
-1.957676876799553
-4.249798729659341
7.978117697939502
3.027541876413920
-2.239963765906093
-4.139067750615218
-2.121505993258209
-2.650352231941134
-1.768657154094695
-4.070244753118789
1.916805917751695
-1.281291259330619
0.308452276668346
2.183242020314861
-3.064346686770458
2.163519246776298
2.889805484586391
0.551492944085423
-0.103007438996478
-0.250640126537032
-0.661292416648569
-4.013238143546332
-0.413352272149959
2.355026167585055
-2.153843167220995
-4.659801989580691
3.603636272987130
-1.253114067708559
0.163572058038633
-1.154739115212437
7.359444790918729
0.025588513782523
-1.086874300443769
-2.291205436256686
1.336117403642967
-2.107253589192307
-2.557315314435076
0.392513454260318
-0.168351910335640
2.032944778831567
5.787831868397638
0.686914599381799
0.124500394470929
7.277069773397052
-3.616073342605760
-3.359469517993253
2.949890125799483
2.790423600048141
-0.818352029128143
4.640528479977443
4.094538171893469
-1.287598795226596
3.786807531049087
4.637992198413876
-3.402102091074157
1.945803773960205
-0.205637514021290
1.168772270617033
3.016881248301062
0.694291164753439
2.208171264077110
0.885623040520348
-2.491554563991000
-0.423707748077055
0.303296971468258
1.460611158986684
2.026563349491048
-1.490043927915627
2.729068265935291
0.763772491572814
-0.443262940779353
-3.876918693619199
-4.014175194644241
0.069113833433757
-1.282274603961053
1.814121715298704
-3.943852928632977
2.400502101230167
-4.897378494717654
-1.172812752394256
2.327653893272677
-1.322480766905487
2.727139434658772
-4.264520882295399
-6.970841163040762
-2.706652107395602
-0.601976220687201
2.743491997711256
5.228897269197245
4.087198180337668
2.629726227460249
-3.433668154547951
-2.119783694496342
0.639440786277306
-2.853471995837288
-1.289708731016606
2.483006173110967
-3.859390150739900
0.616756661883323
-0.761316455746047
-0.065367331258952
-2.848361535101849
-1.787528003595914
3.611977215006539
-6.894409474252971
-2.426818851817627
1.158330602383740
3.955149177016312
-3.415325679128657
-2.157390506082073
1.543660240135943
-1.080093023582465
5.932796428319802
-1.342053471055983
-4.475207432875923
0.122200118653349
-0.416248488898854
-3.159911955586559
-2.737529531659597
1.933659265983728
-0.584900193624525
-2.007842476697781
-1.881785685038429
-3.459216793723610
4.868829883448378
-1.289006194717936
-3.633216851019123
1.415260850631542
2.683193017196905
0.826039561979725
3.940512490788866
2.987686692178760
-2.609180142209390
-0.884749031326415
-2.164010069030005
-0.423022092793536
-1.042028432478829
-1.289742425715979
0.321207837528420
-1.683459445448255
-1.829041563333732
-1.141428436020649
0.579846982098714
0.732465303672655
2.289708782913316
-0.324146544932539
1.962934360821817
-3.222299051579784
1.751126943455041
5.389247957543375
-3.490716845932607
-4.635786783260599
-2.669249014302597
-4.819572695607324
-2.629776072957101
4.816842249785548
1.033495229326800
0.876090889870388
0.413180974867689
1.516064074182546
0.944616036306803
2.174898422748829
-1.119241170804506
1.262591078825263
-6.530597358347806
-0.844203441029634
2.511223617140284
3.861186534571277
-0.203955104039552
-4.062162145468922
0.329925153913654
-0.692999517386449
3.060853647409069
-0.166623101982867
-2.006196265161052
1.214766310281416
6.699750485247526
-0.148105146077135
2.160498175859852
1.348723311885814
-2.366059218619256
-6.425656432542000
-1.459750173218234
1.116233783756525
3.257394221260958
1.891263623000378
2.461296185347164
-1.691334715963328
-3.370990450725000
-1.757052800472183
-3.198799391763782
-4.213635893212140
1.513298462004960
-4.103168355649657
0.576086819370392
0.173488840806915
-2.526253354947723
0.914295186068556
-2.624587471301373
2.939242907857165
-0.835170803180192
-4.005074522343222
-0.755888303333767
3.761919450318809
-7.918855934081296
-0.826217254621336
-1.915058972732536
-2.158584835710168
-3.726195034500430
0.649160223671435
-1.678867577572826
-4.739236602540632
-1.322364822324086
2.242247346811414
-3.760892284024452
3.208615377842523
-0.791950476177612
-5.454836238828511
1.545325035678585
1.949459873447630
0.161780911108008
-0.943890081493118
-1.523169411094407
0.442862546583619
5.703145485500971
0.558274905464223
4.344148551304001
4.677008392656693
-0.100713772805455
-0.140780239719972
-4.778731157784184
3.859528969742795
-2.218172288802156
1.467982135557976
2.620526509175202
3.575233706274699
3.915898229724680
0.250450428144377
-3.396290767261350
-1.358648906521268
-0.251312875434198
2.616043884433395
-7.208207387864880
0.189389781177260
2.637586773604017
3.151695860892341
4.119981956889361
0.901301402848599
-4.091955940466502
0.868066529375291
-1.162160607487755
-0.124496952395026
-1.836858053561388
1.538329148495146
4.077654904164643
-0.237769134723127
6.065963673125386
3.108795246150978
4.154197417280383
3.006433138329619
-1.315813509112129
5.025886552634633
-0.261418566300785
-0.185006044638391
-0.710654898471364
0.634497832314299
-5.660316358434046
-0.486196895498201
-1.579393479924863
-0.822923476760490
0.260572885222698
2.498319082034668
-1.130432650450014
0.171901106252605
0.602302923271725
-3.261222965213586
-3.267364158801954
2.292963933550994
-4.966376047999170
-3.362732036542712
0.803120980035899
2.168927859912695
3.596118676417311
-0.939281537904718
2.814610840807406
1.154289010686065
0.339483886834647
0.434645066362510
3.582648852622869
0.643082972356795
2.486655146719122
4.342364666875056
-2.998527594293830
6.302096556575818
2.715621907117224
5.365194283114318
1.724809049238545
-1.109232634825034
5.517743066958157
6.700478011841724
1.987047637071842
-0.461524892600174
0.082670499637808
4.771244058862193
2.151504822047580
0.267470153125155
-1.581744146771689
-2.289401499822254
-3.472299777080456
-0.049751110708134
2.765069056852821
2.587370728827854
-3.858355577773144
3.886427274618662
2.636637853076138
2.724799713018124
-0.267253262180279
1.002032610983922
-1.269030953708739
-2.867435510160965
0.555750228669122
-2.906949060341885
5.836752051991973
2.416773765043854
5.934135814567370
4.445015574370579
-5.422539656991537
-1.889984324621602
-1.289918655749587
1.463470964162547
-1.211125217301310
-1.068466211571564
2.792813367379738
0.152893378621545
1.363347236822851
-6.047325852947399
5.474169174141380
7.052705194997373
-4.709275562072626
6.985426084321230
-0.720770932509896
7.812484035780739
6.988179256621501
-6.910707577988803
-3.947408946985661
0.691158070836035
-1.864963528145741
-0.668703001230119
1.229401828669683
2.457135488590257
-0.382475066339179
-0.478152527413061
-0.023772191458319
3.059872147849629
0.673396887102600
5.359642976907605
-2.063614931588211
2.759081939338659
-2.614333851315402
0.107021793401583
5.450679781240758
-0.334850957029133
-0.299933740420403
0.627743998807036
-3.146045042865128
-2.512700974356954
-1.369328940249411
-3.660697056656464
1.272777846550238
1.373330601046729
1.837260278330463
-2.152722680095985
-0.283322028096115
3.145734089382519
-3.403177745009622
1.048276947620247
-3.973679496282812
3.371853050072211
0.308510077681909
-0.245822006140673
-1.608412570708801
1.716621667248430
6.268830652689415
-1.864148435763229
-2.680371205059780
2.180434380422650
0.807177077494950
-0.156010608999235
-2.576219011116848
2.539779899245493
-0.690897866890653
-2.053903569449092
-3.163897620654847
-1.547148315207924
-1.594894772500422
1.956100692643123
0.567527511066694
3.711209189389586
-0.855972222137686
-0.449552100368949
-2.577430874647422
-0.448103806564136
-2.065846342702610
-0.207919718664714
3.080413755056530
-7.576200843358009
0.850536730760542
0.774116788800648
0.168584237481299
-1.558002144241472
1.680793342182700
6.285586009977230
2.508324096751039
2.732770080072831
3.553571454680124
-3.870332182520453
1.033028564767819
2.825531536256105
0.926030620692485
-1.429442785028502
-4.002593516919427
-0.272481422442074
3.777038102240570
3.019926279991096
1.817020190209491
-0.086650481100383
-1.978377477675719
-2.033557605042288
-3.104968092654849
-0.984041294052959
4.131426995784735
-2.173358994252441
-0.292922514660778
0.037285711665113
3.488127149613552
-6.026998908130021
-1.726796392889974
0.069335661217920
-2.177922612782911
-8.022915902467949
-0.549043343429916
0.871337136667853
1.674740799898154
-5.477977620252334
-2.027320525279102
-3.570980484325966
4.984661064454288
1.393061301242289
-0.745778388192482
0.435594854699803
-0.653822320403720
6.186114552365155
-4.142214013375144
0.534922283375220
2.384638206136558
-0.962002220559449
-2.796965720068896
2.113269966177261
7.065895154511256
6.392368102918649
2.330559269364616
-2.396837792293811
0.910903487884094
1.655055443004259
-1.637480747102701
-3.789235240714066
-0.781491847587702
-4.440236197102186
4.362813199518706
1.248348243702967
2.622519200442917
1.310169824785489
-0.335634682270730
-0.605755318595771
-1.471348896783943
-1.688383792817422
-4.089126352933488
1.381432060889918
-0.351045450699638
-5.069315762324398
-4.855170041207243
2.320409347065131
-2.467062812641988
-2.961999680601919
-3.606555116047850
-0.629968942783049
-0.867743766537881
-6.140376137201023
1.831252235108719
-4.405955433865429
0.390747329957048
-3.539393908405541
-3.092907983243006
0.136844227038001
-0.682623780446781
-1.304518900443205
1.251144532885492
-4.400591559029274
3.124979161601036
-4.132240427939527
-2.390466311463415
2.403948105280203
-2.172702394544950
3.358011188982998
-4.951352906992709
-5.982163989929841
1.025525551382332
3.879486713517536
4.979760745959590
-6.309650015225635
3.303622234128358
-0.662731164286237
-3.429983023522179
-1.745800595582283
-1.175873708859021
3.174426490881564
-0.920257017570940
10.211202226171817
1.739354456521677
-1.676259347490276
2.448994936634880
-2.832260449011825
-0.778668875482947
-0.744318869840093
3.794765730279917
-3.617104003153044
4.715613207652869
0.904435513376300
0.157346838336918
-0.199626450103620
4.313662921239787
-5.276943524162115
0.998154304989733
-5.427556035455302
-5.472739177087290
-4.241697831362512
2.466723041638966
1.111814251188899
-0.519995050409544
-5.023694054734609
5.600970791148842
-9.537540552177791
2.472182928629266
0.747893946140472
6.471243576746756
3.363006906155010
0.551564088318611
-0.407183693229314
-3.133047409694297
0.231709735142216
3.313770878957275
1.147797621668181
2.014036179144916
1.318091006691498
-3.598484754271700
-0.538639787682739
4.040410486435762
2.000989923661899
-7.200928562133904
2.556093160337699
-6.098750760534864
-4.588446966439583
-4.196772434354638
-1.607466507667161
-0.373910307689960
-4.920844669471847
0.875092504404169
-1.751932038550213
-0.178879474199439
-1.485171191556038
-3.698158797282667
-2.085416382010947
-4.097132227498482
-1.521074896567177
0.001092680147439
2.686082860870471
-2.279393111708865
0.938178255448379
1.136637203869538
1.021502185187241
0.829612612722632
-1.549773815143050
2.960201420336254
-0.152273566628013
-0.456791458452754
-5.023108233293526
-0.169923460106955
2.077752692484837
-1.751639189387820
-2.006773285265846
1.501669251944486
-2.371922048546512
1.777930701722044
-2.090517205157826
-5.884881841332482
-1.484895109076715
3.349316735482542
-0.808486642933845
1.567266199338239
5.350725592401977
0.019079717621124
-0.454680242285930
-8.334691170243135
0.289425031354416
-0.232539105978887
0.205155115781679
-5.902617455087404
0.544884001092872
-4.560288067818030
1.126876135253802
2.216203786535424
-1.261770651312087
1.826185869970485
0.271509144015091
-0.728350575821604
1.648934867946261
0.320294967348519
-0.795505431542932
-2.832082855534676
4.070434343164207
2.317085061337194
-1.982097537473766
2.110573710107276
0.430906900119638
0.685835748706257
4.081406905576094
-0.732776529992971
-1.809556836553653
-1.551877031857805
-0.643401704338393
0.664827825790262
-2.423284045327789
-0.925333080048851
-0.890667828428161
2.722057286403355
-1.379991781261499
-3.484304664590735
-2.258718711821421
-1.085257707254716
1.074867598425150
-1.403647867057654
5.029303221561186
3.503782223909009
-0.102997552588585
1.384397354426789
-1.826738022851453
-0.888629460945108
0.035968018234577
2.150814783019065
3.599912675048289
2.024519337966988
4.319533663996705
-0.625156116511880
-2.158793647074044
1.131341540055694
4.650347746238697
-1.634829472746503
-0.938532403488552
1.094263484127990
1.718190316436165
-3.904653655943866
-1.521910054748042
0.901492253179443
-1.046560855632529
-1.992045875926244
6.885180063546745
-0.853746632326270
-5.353292010546020
0.610040045495018
-2.700205311412303
2.490544735663191
2.334092079474039
-2.153718360959204
2.846811122162203
0.673273090493988
-3.219868970630559
3.292405216165889
0.549891826834644
2.432232102356731
0.080135111038000
-2.516660617170301
-0.579921763977510
-0.246697425482179
3.997902014889161
2.458268356172807
-1.112659661701320
2.572973618058688
-0.209585327892997
-1.741546312441254
0.751177428338880
1.350739878116532
6.381406330679241
1.903281046937840
-6.262930186423934
6.834393728884399
6.219090860003610
0.207412570700186
1.503058181024425
-1.332582797013620
0.748354820350760
5.034299251602511
-3.477730147337938
-3.689812669938207
0.331513044827120
-3.295585137199221
1.268068270022364
2.831142729033590
-1.905180588886059
2.843132813286391
-0.223120047776596
2.519979591443873
-1.298851441111473
2.025160402935590
0.032704970789129
-0.881062443108792
-1.781052189904829
-5.672418372392468
-1.498037946339260
5.033024374512212
-5.579578057217952
0.541473884625934
-0.556251716260157
0.977767166873343
0.693284383309355
-3.033226155074968
1.412293808053204
3.685890802206581
-5.110017092077154
0.890323589260017
1.925550327762493
3.732190802405082
2.206933588794054
-3.221961043965519
0.595476561486251
2.320306477093607
2.855446129720519
2.465137205028438
-2.734424025837069
-3.260765613274346
0.839331370732094
1.878764004772626
-3.883216088441455
4.062830016285146
-3.482957094620516
1.140822000334133
-0.262233783300319
0.206095979524265
6.954077043847563
-4.387142359982535
-3.131354020827042
-3.183385377781813
-2.707855238086353
3.811044122828199
0.309857416691942
-1.860503085261137
-0.407532119931962
5.400596385014710
-4.009644021546605
1.314214366689266
-3.545290353188157
-1.553961022912940
4.483228631850154
4.192891330556241
-2.375231871574697
-0.503533039495406
3.054834629821271
-1.399474994430934
-5.666247884055744
3.410461000515301
0.335074323220921
3.193895482827664
3.754758819226047
-1.309255678947813
2.748144664590042
-5.250081399084062
-0.936158727586013
-4.912360330414662
-1.265690456374484
3.439567159178889
-0.060357275817835
1.832647249778647
-0.613144289537568
1.703293005037392
2.869406425904097
1.302299657847255
1.963051578302799
-1.589878238704438
1.252170095809348
5.470762168555748
-1.214810292474283
-0.545982208577502
5.479812337721088
2.553273997270296
-2.976135597148017
1.916689190851120
-3.292799565769549
4.395921325308292
3.691737832689434
-4.251980522417280
0.048926180019667
-5.561227421351204
1.511392361180190
2.635507228586663
0.118991425090169
-0.773125520776156
0.462179092581154
-1.219736833620803
-1.244927900612548
1.350375519323269
-4.931093123655402
-5.597064253216356
2.986940627753363
-0.673961495067427
-4.611881534743002
-0.640537983619882
-0.953779729292946
0.604052781470979
-1.831161997891218
-1.319414694503577
8.046985529066655
-1.058235012086607
-0.404948059845224
2.741157522794606
-2.919609479359647
0.118486948572549
3.769165995146611
-8.490993798976312
-0.826139993546177
3.936977387226390
-1.564183509618271
-0.190033206517295
1.310285931130429
-0.038678844387499
0.008742333871611
-0.435738568637486
4.154468816788934
0.221999628812148
0.264040826617327
1.949572764732429
-1.921028819281574
-0.127931755404123
-2.568398108973942
3.896116017214196
-1.043707218084644
0.268777439561311
-1.079396806268426
3.782455647956359
2.458606865625215
1.911044063988294
-1.150990744460476
-0.365946041156617
2.782456038626965
0.984315701300114
2.785435623652217
3.929749626720904
1.218353569149662
1.117620971425736
-2.345517790468760
0.720721226586958
3.127637974479690
0.381699765636748
-0.929961765340909
-0.196597346030077
-0.718441197631708
2.266018741775835
1.136352991342659
-0.619254070042287
5.673412104609242
3.898792792276675
4.695415672441019
2.461453408203363
0.214983719770137
0.329784158324566
3.376468046192028
6.342372913809264
2.975879367601295
-1.023274100183859
1.628720414459351
1.131137032370049
2.458103609148097
-0.715171806051785
3.883823862841249
-1.535901611052054
-4.444382510772436
-0.762041927972003
-3.362109287115449
1.267533743097871
-4.171390029947131
1.979846650883772
5.656405998541506
0.264645132207436
0.393333959748343
2.785640006206034
2.990587460971241
-0.958862945808803
0.631209424415619
4.240567758534723
-0.087385073134701
-1.073416297130911
1.238822532217694
2.272768015178643
1.108038284486390
-3.088445376549462
-0.489412895220286
-1.407500549320168
-4.374880859148533
4.396969187672701
-5.381272886907034
-4.603752405842549
0.549552719016861
-4.515523066731011
2.351963307418432
1.732311708310712
-5.602450306137362
-0.927100012109667
-0.782310626485111
-0.108408999480213
-1.113615921177840
-2.505902165486295
5.693251734061775
-1.941131885809237
-0.945747674814736
-4.980783861329073
-0.800239204033106
-5.051901427238208
7.465920782123872
5.210763824428063
1.951422772340876
0.758577695033971
-3.952502868852158
2.916946047499197
-5.289022298869880
2.155897347452879
0.683598755436699
0.043771746778228
-2.478013313801197
-3.075482753185133
-3.337598755108703
-0.910626201100832
0.572341351359694
-9.187181308266597
-1.946997753998565
-2.800113110951077
4.629875212645695
-5.660422980233747
1.167907730018577
-2.249855606013206
1.911599990982427
-0.795578859743785
-5.090325206781585
0.097161970412044
-1.563227208647911
-2.077793097059537
-0.602341339433761
-3.556293923217418
-0.778589701408315
-0.010965764348479
1.346483967842253
2.060824281690816
0.803615064373069
-2.827472019003774
-3.792993311096782
1.020221317472795
-0.871435187293983
-2.365722319875957
-3.132659484448810
-2.699395692071472
5.991944389102339
2.217003424310292
1.967480831532167
-1.775980308307954
-4.166019902738369
0.527869144645030
3.707691390931728
5.211414379141957
-1.945989168001380
1.498464435976667
0.025376695299931
-4.404284938553038
-2.281523424906132
5.548808968108599
2.443169196247420
0.981995853958539
-2.324244900383359
2.154773527643612
0.627768125607830
-1.598519767435949
-0.138313970811826
3.172094999344727
6.398815895958122
0.087388786222179
-7.616299416732330
-0.223376730567624
0.248926334598120
3.454664126070723
3.887174574116587
2.740001455490550
-2.499062020471939
-1.560529229671426
3.897500729659059
-4.827567582645411
0.059882095504879
-4.054726939197676
-1.808026042262937
-3.022787031122003
-4.938164397562550
-0.237299618618375
0.431248410292757
-4.139241273808210
-3.028397060582746
-4.931368536851182
-3.695081208704706
-5.453811853811225
4.596664412613356
0.015284067708190
2.100954169125664
3.421728527041902
2.221565688494312
0.941607242466330
0.629670657428151
-3.593112525240137
4.278583842781939
3.654064567485960
-6.471526308879240
-1.159148003141233
-3.675551154003170
3.329430839608004
-4.631657636823768
2.808631440998573
-1.109672893858882
-6.634649225485186
0.782981995566603
-0.380993002666157
-0.631007293081070
-4.108457635381639
4.362636833748167
0.417163309988662
6.708290561513676
3.354749624606362
-4.580217802866245
0.333568242008304
0.061208101618990
-0.812084171179303
-1.790841081417279
1.145684996937738
0.568123612479978
-3.360873450103666
-2.338403309605846
1.985300509007811
-0.817417156820294
2.932775934089923
-2.726616211222573
-0.278570753226482
1.575602141735481
-5.282579217910426
3.153912757784258
0.228055444809804
0.494972863432616
-1.471319883093998
-2.605727807745434
3.290990886546244
0.393981276835128
-1.574908662301335
-3.475748324744226
-1.893967705605446
1.200042297088460
0.849897599003535
-5.947675697390662
-1.115231470453294
2.698855103692116
-7.797814601627606
2.204707648296431
-6.624639979206209
2.160653029316181
-1.469614660619598
-0.607924773491940
2.676582817582698
1.058109836570900
3.663909804606808
-3.239546017728863
-0.450441687022335
2.120890930054649
-1.373265223609635
-2.872366588974172
1.956679353719732
3.277496385084476
-1.113109809883187
1.806381918955231
2.444909199633663
-2.657143675954272
-4.573282126703117
-2.244307797949890
0.823345328271766
1.467926629573445
3.634894380764633
5.221737945526867
-3.571285340861222
3.701552736993342
-7.314777061600471
0.067256402698543
-2.345251228917661
-6.773135759280585
0.233548203570533
0.374936557994249
-0.104474741812325
5.199328542665160
-4.170467313687165
5.103988595073647
2.621990989578005
-1.968517567179607
0.407630330733501
-0.592156492124644
3.720544325445938
-3.656148079434007
2.471727099193664
0.916784468674512
-0.732568446472009
0.372223451918624
1.471688954754885
3.230124982182197
-6.501654728216640
-1.534817674658831
-0.444418161946147
1.988760515052082
-1.652725657664613
-2.756094521941908
0.804034600531570
-2.010485837636379
-1.989155260819989
0.536747538534340
-2.717971148715082
-3.435613217528915
2.343286586859343
3.957957219740185
1.029580774969981
-3.933690594351228
0.294253965225243
0.092031333517129
-4.144636991653642
0.372655747291552
3.420155378406919
0.535884651790109
2.785289138827132
-0.615656049875449
-7.355788951379070
-2.728608305566103
1.559655097104157
-0.130395378919183
-9.923721495925793
2.157603502709368
5.713145479890576
-2.174807128215082
-4.268137725573111
5.972806849912893
2.577113526577439
-3.309954112643380
2.394006332932267
-1.340863572246660
5.134059411512744
5.580720919665442
2.414150125518544
-5.615188679743301
2.965182654696532
-4.439332049784480
0.021666172535050
-0.344118270961788
0.075533816808598
-3.514490689896764
-6.781920468008483
0.531142237743752
-3.922381602792091
-4.840641763384284
0.437659158460998
3.777461360279159
6.179566667465271
-1.985935919564041
2.151669620787066
-3.849582447105595
-5.851619953298135
5.630621719602011
-6.027262087765214
-3.025964281246002
-5.788505551227835
-1.775444861878419
-1.969226208085199
1.901283767695109
6.797656674664881
-0.570173105427955
1.177514384334303
-1.891527853037873
-0.166889251208808
-3.139610309761745
3.286294402092494
-3.238391658292641
2.381370834937553
2.552899451271581
-3.527404376723284
0.868125679398101
1.813666084802541
-1.372154150920211
-0.878188453826859
-4.933214303205440
5.166729218931373
0.469417282927606
1.163035499372302
-0.689173089248063
1.899592185237109
1.244240483845531
-5.461737284339411
5.113312439153157
-1.758101685248236
6.041505742746376
-3.106305350888702
-5.609006366183413
1.335169682195770
-0.918968606203842
3.484311441447418
-1.421506505917844
4.853392319290701
-0.598166285903047
5.057892931517817
4.859272757469455
-2.007627299998319
2.437400777446661
1.764321134339822
-3.018429076042206
3.589862946940441
-1.708360072585626
-1.065946414735197
0.186992058012692
0.465953020473448
5.061442996649358
3.358817266060264
2.103046775755237
1.184712550297755
2.344635183932673
-1.591035466350164
-0.417359552333580
1.194870581566711
0.086251250171406
2.479869694830872
1.140461496658639
1.541471040652107
-5.037973362071538
-3.732199402996061
-5.263540369970032
2.554996198731565
2.334968013147951
-1.156695735524323
-1.991161222074473
4.988513722208520
0.387974462577086
-3.095996360484564
-0.159791958269317
4.522869754948820
2.511663324209272
0.228104529453202
1.146782039760473
3.334779103430673
1.652674597133042
3.502688125730678
-3.718355913161095
-0.796449323215405
2.097168442421507
-1.315285996898018
4.312538257561409
-4.522158591969609
-3.694246558190962
-5.880621444027074
-0.610959146721123
-0.081014057420416
3.011208880763242
2.415038130607813
4.116453671997036
-2.832361186867158
2.511308568250438
3.910728980786997
3.457121474124548
-0.875660838790789
-1.611011770925778
2.073869421405462
-0.872973532878260
4.612939571997233
-0.475505732712421
-3.261130106396276
-6.103726544130016
0.581348770281355
-1.551153347903031
0.253448352122896
1.799733985899340
4.468097084960840
3.987064931056216
-0.971271110545712
1.894325727694269
1.710319513687610
-3.177159526019566
2.790314190261075
0.245082230161958
-4.646326314374089
3.951174577034423
-8.193951094130140
0.389587257006350
-1.733477112070722
2.577242412902769
-2.954890831834525
-6.846259587017769
-4.513339692368215
3.482716090571027
-0.409326402270529
2.760997215924713
-2.700808888723843
1.711398795922419
-6.681842353323704
-1.249639340663076
-0.962641975353968
-0.770104469073201
-0.164780789333860
-3.683191294617190
-4.134953099182413
-2.188255795227158
-3.872917418228090
0.692748684985551
7.257712366970209
1.454288579401710
-0.402939835018400
-1.192456560556592
-3.196724249540108
-0.088076916298948
3.611985466131197
1.388264116174901
-3.033043644952701
4.698853492683595
1.178922491419529
-1.270693278187756
-3.181822879392652
3.212020611235001
3.094859277925459
-1.350256598391646
-0.580080011752338
-6.117411940027782
-1.139100821953073
2.263832568771476
-1.875287234284540
2.981239635643274
0.384929565354152
-1.509033766031552
2.530813049950321
-2.148413534765654
-0.453970724079616
5.495633123471331
0.390625043773720
-3.900666299784438
-2.406072400940516
-3.551836516666520
-3.299271698873242
1.196320582230116
-4.340650114233388
0.634954372295122
0.832931917653862
4.596189689083499
3.359560157662003
1.806778232128518
-0.295579731207540
3.541559130599556
-1.246368841498886
0.608540298239210
2.595738562047447
3.771695416284741
-1.748626712966355
3.059434500170485
-4.019097717051531
-1.566159043395696
4.466261829237912
-1.175565171753638
1.750140170798486
1.122146023715669
-1.176441276341023
-0.549047630793598
3.615173479900283
-2.416341095435413
1.308660851483230
4.239935374184427
2.088508558606122
5.899288900098183
-0.913127969187336
-2.181652816825864
-1.463928857342597
-0.292850981735764
0.290698578372658
-2.349558254612739
-0.556903515852206
4.525426136971808
0.022963955736241
-0.760061339619236
-1.898061492875479
-0.409430706198965
-1.125012622798380
1.037474188579544
-6.107206694220215
-2.501579437865904
-4.362652545427395
1.348341328128565
-4.491547926271997
0.668144173970375
0.121318212307430
-3.308038250192753
-1.992750516644965
0.309565758755911
0.870911067465772
0.907440854863329
-2.554048548667257
-0.959953636076405
2.269559742414604
7.268330287497505
4.587979176776061
-3.850290303484907
-0.138343450697864
0.495003111116630
0.865758764683981
-1.331772975436996
-7.346206958864942
-1.580806031261955
2.759002645484159
-0.123186987453215
-1.602722503077598
-3.306117705798234
1.735635556262675
-1.651721269712903
-3.045221157126549
-3.000694112678103
-2.399456779131035
2.337407943066425
1.651071985744938
-0.676545187305477
-0.686338144590054
3.176432319876122
-3.050335010178711
0.577352039462995
-0.708270332154114
1.907728808118698
-2.085597883208173
-0.998817072657488
-1.812585934805141
-0.915888110672462
-2.492897704841414
-0.966478956688579
0.512836238279477
1.880557206955192
-5.892907658435519
-0.915397486076652
-3.123964898510743
-1.177858903406882
-4.019463502026447
3.807557878259046
-1.410262595398531
1.545730526544835
1.424612081316566
-2.146599911746185
-4.256979098306092
-3.796100662259377
-3.870047295063286
0.236380722201442
-3.425212502454834
1.303663367032637
4.101966206311653
-3.995434847990731
1.644928812901684
3.171435840238869
-1.806371723839431
5.411936013009790
-3.969494611929303
-1.506471123911073
0.674471977394327
-3.315185891552747
-3.460922249976550
-4.855759154356877
1.492999180224208
1.006085292299021
3.415247154948358
1.493651551308167
-1.221602537956900
-2.223441480711676
3.480074796622711
1.181511159026646
-1.790588088864871
-4.788889652877203
-2.404730447483617
1.796129674824682
1.059416050177550
-0.047866067655365
-6.116725746127148
0.819100957447669
1.620962178091148
2.873415536585604
0.596012103244981
-0.332632418191366
-0.970039089360296
3.944657659033779
-1.118256331147614
1.930301449874471
-1.462968078714329
2.104929298163508
2.434541468759451
-3.375630001130362
2.138980440460935
0.372998412336055
0.326052523418407
-4.473148506223914
1.851232360820295
-5.948388276228682
2.867375832202818
0.746905386978185
0.510317817983829
-3.096191774827098
-4.512973639469524
1.567645985872927
4.374849544848967
-0.030277612548680
5.688597399559415
0.671754248035961
2.288841507421064
-4.055891522621445
-0.281457825185518
-4.417943667882491
-0.828761868559200
5.058637523440467
-1.660122336213737
1.419920310384455
-0.325227245349440
-1.643383759541438
-2.749370987303962
1.265489602471658
-5.048779478931338
-4.192501667111344
1.600080327583826
-3.320722804742203
-1.541130339219776
-0.351442130533420
-1.350183888128977
-2.525860541256295
-4.071553308411000
4.451069787120670
5.179808068232324
1.458344005497822
5.492146533046943
-6.019655666665463
1.930665290803915
-0.048574115872893
2.833293537579225
5.428073714624055
0.357501626206650
-1.201745624922765
6.358540560683498
-3.084484419693948
-0.349582488657671
3.800267812777335
-5.063384495241530
1.496930816491645
0.458886112316999
2.675888341581063
-1.641607710521359
-3.684530271407662
-0.145307445723916
0.888345300722863
1.499580695715651
-1.292028250007943
1.608788466838644
-1.463684529059497
0.133779691786632
-4.166573410805548
2.301533486998022
-0.381332309668224
-1.410828042046373
-5.162413055726167
0.504723771022770
-1.762741803592903
0.629076216782068
-2.170498232262321
3.540077596573022
3.394559695359482
-2.345079140826004
-2.249111702682719
-1.927518130077196
0.144554505345626
-0.873762037014484
1.325828465685408
-4.536008776081388
1.663555279424542
-2.482930835586974
-1.266146297168173
-0.844439051988017
0.061512195071044
0.561831929996971
-2.850251164397476
6.641734522554988
-0.772625473067466
-2.153162818221625
1.398256090181188
-0.933775711852216
-2.194808315915240
3.484085355865766
2.518976901459844
0.454283664118581
1.065283871935516
-1.785613190541530
-1.095797335786046
-0.286321393333730
-0.294921390799364
5.698177370919976
2.576920532008853
-1.407795590776631
-5.369921492059917
2.015095694488335
1.821505516134359
-1.784950121259710
3.542721128999490
-4.839580588956444
4.814252606351521
2.899842037161227
-0.526227097293129
-1.447080112745218
-0.500003300045146
-4.775877878737773
3.529082087592329
1.265998288670471
-5.973287327544135
2.567572647637322
2.432510059253497
-2.952325057516243
-3.727901643713685
-3.191187565470750
2.338922776020770
-0.285390249589165
1.950323765508399
-2.649510393027549
2.513449534342252
4.581654833692106
1.069516293981255
0.456949050395231
1.030273223817350
4.115614877591034
1.169113920108957
0.839213036253392
-4.828558557155906
1.678156869082787
-1.901060443078560
-3.062065419119359
0.810512767045201
-2.782796100579141
0.365842741180018
-1.032088062943698
0.480795663344456
4.273315039511714
-1.721122191876282
-3.166708607449662
0.765854282973722
0.791827540006607
-0.124198805379618
0.815183865823712
0.508892208694575
-4.256004135620874
1.248602699409520
-0.629273406330704
-3.339360511050526
5.735229737544137
-0.790273075452219
0.535769558760913
2.526994684832517
-1.674731651641191
-0.277920240511519
-1.513784603459971
-2.069791258315369
-1.980273076977480
4.548540866521346
-4.216981652937742
-2.726147929947643
1.643504063196324
3.698441653496583
4.241787453459486
0.184965083170241
-3.371530416677031
-0.036037689101085
0.056313320960222
-0.328187582840406
-6.320240484380606
-2.286808697808447
-2.548512314646522
-7.118412413793611
-2.007987917378830
2.768000664267699
-3.237512925442592
0.527157591451292
4.028235256312607
-0.731357240275156
-5.204435168686222
6.308708008971382
-2.704444755130086
0.598515767674503
1.343183578475625
-1.780608337662881
3.605890894776862
-1.246166041566410
-1.484909051091943
-0.031451985972009
-1.194337298786990
0.664066133992045
1.105347002420747
3.904214631988551
-1.301804886842108
2.441884180250687
1.223820933300739
2.335470167675669
-2.777054957895735
3.724095505228914
0.968170650771399
-3.013567158633673
-1.336789126733168
1.658073362560627
-2.819585274348277
-1.394983671139196
-2.691069549683110
2.599866622636476
1.909087825902023
-0.228738389485891
2.017734677725966
3.177277538953573
-1.228087029330640
-0.874279336525292
-1.866888277128512
-2.280666115941658
3.295513395594427
-0.448171918352266
0.474030791887915
-3.957684255102710
-0.522324828172128
-1.696842819596586
3.117807517873977
3.260031689778998
1.122313532468978
-4.312035758063501
4.346036110235576
-5.519988011986121
-1.187727737223992
-0.033622468255561
-1.403721432673324
-4.906603368534347
2.507385571382700
1.616991846882031
-5.100420666672763
1.446476932788318
3.985941647070533
-0.430199077537865
-1.540726589040964
1.017411133092159
5.197017828644279
1.037282691425158
5.528147963913403
2.787423788489651
-2.817833412991287
2.657948182823842
4.881381449646738
-1.615668467583047
1.341122691262949
-5.074548812103649
-7.276401086186622
-4.872460609427334
-0.236389943661199
2.443422012662622
9.095019480553811
4.987015276965423
-3.868994529661997
0.891289699945937
-1.419320668661635
-2.257491336801085
2.970023696319034
1.806608353529390
0.596216808335573
2.195146977532874
-1.896336587983602
-3.378693897546539
-3.071622504745970
2.408259715754169
0.308473967961504
-2.695264441207150
7.059862288276492
-3.009188180326972
7.553379007029454
-4.629322197870316
-1.362019171041242
-4.546821954575540
-3.361237610173814
0.635022475542358
2.854641620677893
1.363629320501700
-0.765334061787675
-1.702836975845755
-3.917668237014329
-3.039578414033183
-3.854737234862139
-0.121077067899106
-2.389888903384654
0.870938929805056
3.911296481948396
-2.869953500958171
-3.067075926514837
-1.273925813100151
-1.734174742170877
2.355268896901458
2.144852071864436
1.704078635901183
2.648420941121211
7.010113029568465
-2.372726867819361
-0.155264850017610
-2.038444317622509
-4.827714633527891
0.698632035017458
-0.229742304465988
-4.019093565169188
6.310821296490250
-3.172354564722908
-0.698436481312224
3.398307525585406
2.311244207314430
0.512696138306643
8.774805625972684
4.749727696844863
-0.782188806053535
-0.574375712912125
-1.042245130046058
4.714702935238641
-1.015764553856878
-1.534180933891260
1.435698301694609
-2.975713488565418
1.080535463623898
-2.742487318194832
3.814522696642638
0.038002318105788
3.919418375255456
3.757626153035644
-2.158351485370350
6.066257778851818
5.455507763149250
0.870647591073179
3.359114445242262
0.551225948719581
3.092069983164404
3.852239313275141
3.544764138318409
2.176637061343757
-2.469096993241453
4.105742024682320
0.382493719479676
2.469099068583469
-2.746473149598985
-3.179857335118006
0.180152158047785
3.344232291656029
-0.107919059397259
-1.472809661319482
0.244209462883091
0.701880326704219
-2.139262595889406
-2.797690917127964
-4.054947902987462
0.657623019100216
-4.097766833303169
4.259726708922679
1.008219782537503
1.576935792884951
-1.320972088861944
-0.819689030505808
-0.024670811215165
4.660128577115289
-4.721743192744780
0.555643455938784
1.246121038362410
-3.186660644363950
-1.312929278041162
0.935373772819484
2.360936731300329
-1.043412379817684
3.311195185515195
-4.814386511283219
-1.650247701194110
-1.899872681470243
-1.766969861881690
-6.462030276072920
0.422505748010737
0.326821255524305
-2.584364157293459
-0.440883848560485
-2.212940170945280
-0.421047818950520
-2.608660514368678
-3.294001016509248
-3.481046195559671
3.293293969521383
-0.240632902724885
1.667735701690810
-2.197783523418322
1.882691938971113
0.072035920581995
5.582860809214679
-2.545765126978100
0.250453878820735
-0.908637979431693
2.226639392785548
4.638311253563447
-2.825246716586479
2.326482631870007
-1.818476360074578
1.100873812681914
-1.371729439229876
1.609590969538283
-1.407011918028917
0.071250395339144
1.131486520036133
-0.318848429094987
0.483183637370833
-2.122407708510726
-1.954001738006771
4.883716475447066
-5.331471604239177
1.003954481523287
-3.570135208594247
3.830824832284813
-0.804897880436751
-1.351615498139287
1.963555496918565
-1.942732850765672
4.638142299155081
-0.152327024424332
0.202068401132298
2.217095187185308
-0.517276645686090
-2.892873437271194
0.207453688967005
2.129526651092464
6.425376927699389
3.142490491698345
-3.130391084525103
3.390170179978125
-1.316629899307248
3.490658440343971
-1.718587445748937
-1.864142139269086
7.045907568598194
-1.111635401090992
-4.998596892711889
-3.401293279824804
1.893762736456381
-3.311771829858281
0.811519256951187
0.268679178501939
-0.751516586561978
3.629135957108648
-4.713454176575134
-4.279707173782642
0.484758805303582
-3.543570110675535
-0.657486205066622
0.464419497292590
0.098504291180161
-7.334675525051499
-3.591646176487148
-1.674903754146110
0.970010459951908
1.597074899784914
-4.869893436075316
-2.958663185259228
-2.806766110488412
1.517132914445011
-4.190872696194278
-0.881350675494124
2.737450401169142
-1.720337605674096
-1.169763914236069
-0.847227658071545
1.403218546603225
-0.361338990618271
2.583676066189878
-6.703855167890010
6.128053294542815
-5.140343054401105
-0.967525169694048
1.911602959621582
1.626446043104641
-2.273310526823325
-4.580335574234622
-2.025110805655526
2.663400920431566
-0.318700303324325
4.338053114073009
-1.462967399517712
-4.573601571594927
1.991774070987073
0.897538986126170
2.184873305159331
-2.577482882365570
-0.239167127075053
1.473179116049725
2.245073557428003
5.827538871737016
2.618041291890614
-0.927861253304608
4.509834790506180
0.038143950937293
3.762441993664414
0.604090799142478
-0.089405735945201
-1.624498790264498
-0.797271236114865
1.015701418865133
2.321314846328848
5.146454877746586
1.194309815078200
-1.560122068353772
1.546718187813239
-2.724291307744365
3.530603030229366
-2.364027730275438
0.054314690438129
-0.236290238426308
-0.649968246824653
-5.254737004564087
4.780790931044381
-0.794310581547977
-2.300793480933893
1.560550341757545
3.779780337458049
3.726977647185938
0.183373482148252
3.923387269226088
3.668609587372629
-0.147615377077401
-1.175622124099319
-2.110484462009469
1.452721012122006
1.952624054055404
0.398066045294863
-1.798232732787836
-0.244176385099193
-2.704457546922324
1.725729862276710
-2.940385454980837
4.249744551452101
-2.485338273977787
-2.031547905146527
5.560225012430634
0.388436590649849
0.107322049111297
0.664676803318086
1.401854649756312
2.557732760298107
0.189926123683048
0.154394917874468
2.058054555376827
-4.515609507447047
0.405409227715451
4.357061629128722
-1.000614906306342
-5.342902624223747
0.661927696103912
1.962296247745813
2.547024409816050
0.683698267524799
0.076321737241010
3.793975600917008
2.831042476570627
0.049376799694543
-5.263504972812181
2.361773099059873
3.810124160270433
3.012136548308234
-0.112910605665311
-1.459868670947975
3.010053460752903
-6.880196677815723
-0.951579061332691
0.670954463119329
4.954549663830554
3.536811747622865
0.834317002427357
2.092517018260210
-2.549380783578755
-1.389667146186578
-2.537037386090779
-1.878092666054888
-1.188800180024290
1.142184293683107
-2.369059544471364
-7.675964363065853
0.782249411328742
-2.639713607411510
-1.994688721324492
-0.254340330221162
3.946066370706749
7.567508212600380
0.481976143920135
0.585206018148732
-3.582656641602438
4.625575492990234
-1.493557646173899
2.655173246871689
-5.922956033883596
-5.948800156403470
2.167394097540953
2.100759585017141
1.044504856330851
2.318403842949448
-3.202616923648167
-0.697575773992438
-0.433837679233876
4.752826231576675
0.338947620574701
0.022540830854717
-0.583860554048922
2.765126380597992
2.118171492950032
1.201099063151064
2.617998551595479
0.123611431860355
3.605420568892789
0.475435422559317
0.998327821205999
2.742970532160933
7.097430199827879
1.050312720581722
1.779475629872212
-1.420775781378225
-1.667522872325675
0.193121372277552
-0.051149700025077
4.686621093460765
-2.655952411585780
0.373077773688393
-4.564931721898216
-3.126391737398250
-0.165036327523085
-2.584818872390396
0.023710956807117
-1.053168852284146
0.602824958953444
-0.919511493358465
-4.323455578429199
1.921219016286607
-1.976402232731329
3.440322153504072
4.873540758084766
-2.596342941889421
-0.935357347986906
-0.649881577230882
-4.708522825629701
4.773173325725004
3.686341083636038
-3.063714838661427
-2.768219463222937
-0.898607111578240
1.365567352098283
-4.534890916432871
-0.538844787592822
-0.052533083988453
2.615973476191445
-0.189067860277355
4.403473384368573
1.669112525014926
0.421379785036917
1.517886116075328
1.117481916604937
0.214748185776317
0.118719924481428
2.869237005070072
2.558086571556541
-0.107595431323111
-0.239950965653060
-0.810657475619842
-3.799629804405297
3.836809943928694
-0.728395640443635
1.740439986112468
-1.207736050478169
2.083793315629259
0.484728038084592
0.733029745553176
1.827100193090879
2.123403496909456
-2.199284082523990
-0.734580372541855
-2.814689564646483
2.663463894863897
2.228522381144086
-0.261491277626140
1.146025162505278
-1.395206648905721
-1.766703981454370
-3.874401757299830
0.802937996989155
4.648576315045339
-3.142129411121185
0.759675058125792
-0.358510097287125
-0.684745984718350
3.165767504028454
-2.142746974899762
2.100044206159424
1.634148395361388
-3.004148215277289
-2.762713219891914
1.442227419348517
7.115652625102141
-5.083433000837833
2.743969030478714
-5.057011439695855
1.881328628328139
0.033037270814241
-0.387211668678221
-1.469054676168297
-2.082628700435279
-3.854166667544015
0.723788647339517
2.244279607832715
1.348267097740584
-2.459610484066520
1.047575452369134
1.750668476945553
0.082435338788191
-1.902192154048098
-0.322402325482729
3.750626971677536
-5.358577270980581
-1.559243739012468
3.519392722249234
-0.119130437890991
-0.285106024636996
0.292700896235463
5.294524367317705
-5.344451602017647
-0.105847672947823
0.578938551242937
3.721522425837157
0.778005990397321
-1.701899923743108
0.595775538565366
3.492881380399362
0.002146640624057
-0.215804100307882
-2.649512453303541
0.182674906191162
1.333512487692813
-0.450459346673337
1.834862820977599
-3.686473906599006
1.141367894244558
0.259577139244468
1.400240323911990
0.708030345519335
-4.499262669560699
2.434048234309225
-1.282367581223794
3.141620947842854
2.517887135412333
0.500651964517850
0.461205075528576
0.567023824148166
-3.392808071475556
4.348959915892020
-1.626466850194795
1.572296976230175
-3.203835577451544
0.198774356550479
-5.446018413901546
-4.584424640144416
3.228889118284018
2.093922781803800
0.092366062142119
-1.741641149145209
3.113510875399512
-2.311342434454765
2.420513975428753
-0.694723863273096
2.551356296843713
5.972312794296219
-3.072362120115531
-1.410258109307064
0.007548084849439
-0.377597029980905
-3.958819121080295
0.579039176145305
-0.428992178539860
-3.461822943239460
-3.879380314751431
2.483857646913896
-0.860496322774191
-4.976848107218922
2.322055477238578
4.947035781490286
3.571210405503007
-3.207951996717739
-3.527724072061276
-1.571560867454894
-0.916019512237328
-0.048897918596582
2.266831096034602
0.661602630410776
-0.690128295582764
-0.803324876513336
-1.724011559114123
0.638766739583300
-2.056906499668970
0.587545694545296
-2.064266652419041
4.900579192763444
4.754658480706210
-0.603754449302758
0.063131633489171
-0.699551932949326
-2.961509491448225
-0.362585660823200
0.833909572592881
2.908886153111021
1.478936651712345
-2.106906894563968
4.160067795593143
-1.725880173166015
-3.939935592310749
-4.080022352063725
2.173565244383262
-2.672355214323328
-2.107727133010849
-1.140458995530440
0.319558799966260
1.997116836998158
1.669812994317754
-1.576069892315363
0.482913200738663
3.690349890615280
1.802258976658639
2.499247875098268
0.833198491668645
1.251723178787352
2.025553118698814
-1.192915771831795
1.693758354152149
-1.594674221216738
4.147316941148458
3.580207883599130
-4.762655788519495
4.791360755732041
3.194756188038177
-3.501817677456672
-1.092837230809040
-3.336133959158648
-0.236407787518861
1.565315195129829
3.570797943155501
0.705934425741281
-2.352837381064938
1.214680064039318
-0.278724956786721
0.518081702575009
2.147003922558255
-1.026061378649087
4.932515646470523
2.437798420141544
-2.504728648077880
3.085480140242801
0.655944560792300
-2.946427268572901
-0.354561082135559
-4.273378264635462
2.040706581499964
3.307139409216561
-1.124759273779322
5.086051194214972
4.174263907409856
-3.604587174678787
2.724830985244285
1.627959080651124
0.479597081403756
-0.276365313905834
-2.915757779994912
-4.181075753487524
0.021936372939859
0.248436008713860
4.465697411284707
-1.788588846451758
5.503820444242481
-1.548650721100701
2.427445267498982
1.711018982575780
-0.297784800693459
0.188466825809064
0.095941786750941
2.675352890542745
-2.486781104205395
-2.093662555298815
1.276642787092635
-1.669061009830584
5.072928804614985
4.255583351194849
-0.415297280152448
-2.035091421307564
3.149187736851484
-3.400782657358668
-0.943350539942329
-4.005903413620881
-3.890018842653110
-2.921025861393088
-4.480680106242064
-3.109113441470743
4.586850180304439
-2.064748665360896
-0.013445052472141
-2.218451209490022
0.470103268900843
-1.376237126534974
0.472717027469992
0.864212540867302
3.094370888944913
0.892181802526953
-2.653446072445423
0.256210444937266
5.338411021845793
-3.760411305721789
-1.506536428741236
0.775817096341251
-0.528212650550702
-4.851712002717968
0.413425413213950
-1.805891909253973
-2.489173652556464
-5.457106906744214
-2.237257999561000
0.479892652305281
0.472626439066799
-3.976815188560921
0.637233953303229
2.343755432931101
-1.183955950971330
-0.356874877679458
0.412710749632376
-3.590569758768414
-2.110588148142284
-2.492644124457804
-1.313934997699045
3.300645422883913
0.217309566191238
-3.518575138580796
-2.182355199975671
2.206876866575898
-0.994945621109361
0.711337874014324
-2.106228081640958
2.187827663824198
2.376371439882962
-0.338538280277773
0.097364223356931
-0.006644889332498
4.652167997694348
1.718920654309724
-2.719449100188625
1.409876917760402
4.688742569219686
0.434956368031768
2.396951408543857
-3.753245913692865
-1.429974651271290
6.186340538365338
-0.347894132000546
0.453889698077720
1.584048762722049
-1.921355350811536
-0.721595400478142
-0.960695550740682
-3.386635318114315
-5.001212450538876
-0.390812423864212
1.273947819362218
-3.340548255196905
1.457528161308594
1.020443963756379
-7.394595218674704
1.080875153677280
2.220136255577801
1.112506703769621
-3.676415873823852
1.703556062721084
3.886717095629343
0.139681632184588
-0.647183576238175
-3.759655270121942
4.505056393992209
0.285534888535178
-2.239393282752757
0.325992329467637
-1.340279369113379
-3.123395229940682
1.139592405949097
-1.078681382208129
-5.439737257063169
-2.882240946371609
-0.373183482325075
-5.049454104014863
4.744579445463985
1.223475718727440
2.983735588263233
4.235902689352586
-1.732825299335065
-5.176782456178277
0.034059766605307
0.112763919211968
-0.248069185538532
-6.416575188906782
-4.882485409572023
0.061022764758116
0.591216778988448
6.817662406741897
4.193517157744209
-4.309323278423181
1.893137370805933
-1.324227691658667
0.582663816736375
-0.525792663893086
-3.485548023242671
-1.014963465160828
-2.242168510878516
-2.545601239403461
0.286087596654685
3.102959073904303
-1.763028866990676
-2.322759078045872
0.124396366455757
-1.654859510249931
0.445237467306951
3.795208076778209
-2.556951096013694
-6.036252611361220
-0.477279883705570
2.537079329939188
5.377724804301493
2.895910985973752
-0.560838474045612
0.530718910116737
10.036781945725373
0.116259867292789
-0.934646636127586
-1.534756783960183
1.668604042617075
-0.520395152938605
0.397173798709765
3.162648785957034
-1.676990160142661
-0.730033372082580
-0.714397793369608
0.469184783374724
2.819682811665461
1.137669884540996
2.172800387402211
-3.302031425577250
-2.175693746510639
-1.404667577273111
2.086156974385278
1.145978731690806
-0.692226886581715
4.282566060281372
-0.681614114772044
9.136716233777012
2.156231709524679
-1.220706896504714
-2.454468358240467
1.754852341742043
-0.434063092689896
0.278710307629915
1.818423383315596
-1.514809349479108
2.977917179288908
0.829418351914409
0.925625740141209
-1.646779413521246
-2.138711818239708
1.977184202367408
3.231953510197135
-2.561747441772374
-0.288995545281595
-1.030144600480604
1.160600107121268
-0.779016087612994
2.233245804333332
-0.823208416435819
0.570380112373435
-1.421690869612129
0.189989684107108
0.104811842245670
-3.010608630614600
0.553905136259655
1.655429582706498
1.389496566334125
-0.886552356140584
1.249474597709686
2.276277380456941
0.856544975312579
-0.315907001041366
2.601696316288720
-0.735346113405299
-1.785131532345178
-2.067302543691896
1.887060119192851
0.758375642655357
0.569808915227939
-0.023882203272172
-1.203606644602035
1.092983869558576
-1.751476986251010
-3.221196513093870
-1.847243751128986
-5.130726700571023
-1.619631864185488
0.115516613428662
1.397628960156464
-1.452133046179521
-0.891070748031470
0.701953856077475
-1.917709120252387
1.335738763372478
1.103435481062683
1.645121836404170
-2.538647416007259
1.660443146496631
6.075550096878127
-4.441976208797914
-4.511021437470296
-1.941998050039410
-0.786708611263723
2.550453303216635
0.565230381219754
-2.082117472901361
-3.852279961325735
5.659330692183747
4.172781460855473
2.933929807389558
-1.939247677356106
-2.696600279929512
-0.616092590647102
1.944669383448228
4.383855721232019
1.004069163917445
5.620324490924788
-1.947062743500202
-1.395980114244817
-2.021669026098344
3.152747392888822
-3.942543994107222
-2.066100005754053
-4.260286333034211
-1.196644239378020
-3.502667818524496
-0.913970465228088
-0.601271280200280
3.783730587297150
-3.484796348841903
0.788697514527506
-0.140513381558166
9.627387508558519
0.567373217155539
1.161202162459693
0.238510212594814
1.842573923691870
-2.007482487494257
-5.627838652865795
0.485740817339857
5.300029055362949
0.954294139870194
-0.592688223272706
4.218970018740958
5.351219653113573
-1.840772275636898
-3.859996747190216
-1.895299596887840
-3.086639139641131
-4.487207433278392
0.392707094988120
-2.371322780591818
-0.619269474175234
2.987829948627013
-1.405137251592399
0.378589047121501
-2.041102898337078
4.696660552576051
-0.810870339305230
-2.828586382346710
2.849799407320861
2.633077314641859
0.316217835020576
1.798272122225340
-1.889685438824776
-0.673990441723293
-3.379461666558296
-0.590591392360659
0.320101261666198
-1.234597635026040
1.219280849784038
2.286480543180291
-1.302110944602079
4.762560685491494
-0.239896439761710
-1.917138340746911
-1.114040351921952
-6.244144404698433
2.702560101163014
5.161225457840062
-1.067868936889378
0.982485667253893
3.801355400150598
2.615824379748676
6.222721791883225
-2.593629793013244
4.856139336141712
-1.669416531093334
2.496980351236712
-0.913830749360578
-3.500587599764171
-2.246630103823132
4.319482953930324
-1.054571431570060
-4.545975187348491
-2.779986061416713
0.516472553615123
-4.606229066139020
-0.085499169767158
-2.730082312065235
-2.827259107138211
2.609504256951163
-2.135602461418950
-2.100750592395904
-1.444866779404730
0.489015343721560
-3.600495592366102
-0.736092992876125
0.988135578827394
-6.712643520816866
0.275737790109592
-4.328263714892360
0.938380310713521
0.270895692851235
0.087291609702419
4.188168316825739
-3.409174427727024
-1.575166941272613
1.820378928701236
1.959176362119271
0.000158486511247
-5.647513792466150
2.492721808479102
1.814650447381331
-0.244101077483641
6.489909061239505
-2.825804152112416
-1.989825045342606
-1.321477219666456
1.645499354980552
-0.263171512467350
1.738252872221920
3.582517305281768
5.132437764506095
1.144272828057338
-0.756958518722799
-1.567986286606772
-2.168603496703201
4.696331283541650
-4.336000799198365
3.406228730073840
-4.271028246176404
0.201278308484955
2.527235804359270
3.072898850159619
1.073999489359316
0.979276177406275
-0.564588543131599
-2.322761873679722
-2.528743367610970
-0.908320324778100
4.016701801974195
3.250755066806785
2.417409346639978
0.407401857839793
1.843545283382492
-2.380463642337606
-4.326259625466517
-0.239950203862158
-0.539458750536419
1.450175954959583
0.471164912608937
1.779540376522339
1.732397552093220
-3.242765729456427
-2.067125046885089
0.291400198618648
-7.442191522274721
-1.535977972720550
-0.321539005981878
0.774611466022522
3.904396695536845
7.075693480044124
1.793858469727684
3.417537276970460
1.281491700211462
-4.642846862747617
5.894965655079943
2.225831160865350
1.142934182443524
2.075372299240388
0.997434786884861
4.016721472628040
-0.103622612371184
0.282658032279401
-1.386369281509630
-0.671233833062736
2.653487085007488
0.894367408941960
-2.164109178593419
0.453961061895339
3.613285741190714
-0.111227925066462
0.878990494295003
3.684295067536233
1.144365847055529
3.285897758614501
-3.729403697172732
3.720885341919649
-1.169038297064487
-2.750776065047747
1.167565211089284
-3.753654357891650
-0.929313517144916
-4.427415241470239
3.391353335595228
6.883395608283056
-2.317414311204403
-3.016845438129196
2.081932381971981
-1.439619380747708
1.332467320311408
-4.128133617843231
-5.362276337083466
2.519180418387802
3.896791142871519
-0.377343442814212
-0.171536688733504
1.351795045466580
0.389176163123729
-2.838727667957481
2.665287154260422
1.058051121127325
0.179909361026387
-1.493293466372119
1.961162991616648
0.115612441138006
-3.039553975476302
-0.800558229931533
0.470905883636559
-1.947199594523617
-3.831829370824217
6.390699468158330
5.581585798271683
0.320276639345043
-3.096500232322217
-0.303941646680322
-6.803691669264172
-1.011351354634195
3.265372459176779
-0.518508338698983
-0.798625472955927
2.106716221932049
-2.378017855661979
3.981685482650268
-3.600655088372831
-0.519072736846113
-1.886911319892671
1.221153808975955
-3.987865775865975
1.523992002210186
2.802730675385752
2.497516807161511
3.858576020358565
6.030155231081167
5.086840589525962
2.079903277439441
1.331080989770155
-1.668843497837186
3.513272324013856
0.357620250097480
0.431144513154646
2.564580091844952
0.079466283367024
0.028115775627956
-1.993272200664358
1.719185457074092
3.350498594457594
1.522822128846812
0.814664728974124
0.028626079599141
0.548409879877407
0.003891220029388
-0.997499795061158
3.425926129851640
-2.025266440951272
-0.281126368286003
-0.052543693742972
0.123432552810092
4.737288703886997
2.652701645513916
-7.096878281127600
0.152448572753792
1.099622568116620
1.954540394171240
-4.761364517551630
2.479371390639547
-2.408053645324096
3.827866476806123
4.080802282421668
1.110947591627217
-2.636502390765039
-3.130173311574366
-2.331769152856726
2.149537367978294
-2.547058706239343
-0.044453518802549
2.178707651074195
-1.183944528554803
1.697437126725664
2.019960422768701
8.639230707044513
-4.628573488232689
-2.510654747069391
3.003393954353544
1.668439692329272
-2.192267702663393
2.721434509748828
-4.205575572516808
-2.117882384987669
-2.003837298956809
-0.810315076965716
0.952152134631139
-0.805549942406228
-0.224600775160174
3.284236659842919
-1.385663209365127
2.666587140963508
-0.182165201150204
-0.214479358762804
-0.283563516461791
0.709252376851856
-0.505207905696834
2.091514347459985
7.025963193359664
5.153047482162714
-1.156113178183869
4.224673745174267
-0.714798780956325
7.414737497662236
3.184626636156128
0.021473995477200
-0.417803800946499
0.451078016922647
-2.441399914957195
-2.717606964454086
0.434222842852892
0.606715466521072
0.974717895871375
2.843909529572602
0.939150824442706
-2.559978059909392
-2.515540319124066
1.953071283334435
2.387801332849839
3.110697678679884
-1.590339776663152
-0.108587171218957
-0.009041318539281
-1.319469955298166
4.926144724819882
-1.056850186651515
3.078957728636066
3.841870531767488
-0.482089644264969
-2.579405060576766
0.944932579828367
3.911859599569424
0.463244796735427
2.560101232950887
-6.112118697320627
2.750628608998268
-1.882001793188251
5.294596731813447
0.994965972402673
1.667555670737201
-7.559230995633749
1.432257913027510
1.496884253121271
-6.360773994567948
1.532207593215865
-2.187609075102845
1.865611913520831
0.327523485259669
0.850202240054569
-0.266585056895138
-5.283484029271398
-1.003467977217368
1.689687935627708
0.307540338914591
0.286345189441970
-1.627579016436438
-0.565579429098475
0.483036183507419
-1.922616708273977
2.138507950307666
-1.487500092787713
-5.318778142325944
-3.282485054103829
3.026819660714808
-4.574939008944613
-2.962781400776567
1.111310399586425
-2.324016479529774
0.592307125337998
0.279514587674231
-3.381826222753821
4.518107792824015
4.193097902771541
1.919544106863195
-3.314431801541159
-2.885142397217850
-5.098530506967100
-3.270599290531487
-1.161979122336846
2.495382906716199
-2.470639639721297
2.751933742619589
-0.833294176011964
1.256971481718260
0.134784252515708
3.121836203020883
-2.609121058147054
-2.524667571680084
2.123297899329470
-4.102480445881122
-0.874344532231623
5.394506906618522
-3.241464033934214
-6.137405664639240
-0.515064177932046
-0.030712041671263
0.204614563596129
2.995420873808763
2.957377200337062
3.365753242211806
-0.828811978429254
-0.877447935830889
-1.080844652558220
5.106697030753019
-0.731930044179166
3.988720954015646
0.397189378540359
-1.174962834476802
-1.831837667013160
3.144849743646896
4.847211380661979
2.342037157071554
-3.355949626411755
-2.298001671669216
2.701508983934615
-4.837400528172149
-5.635544324687541
0.049449803382619
-1.835534787137290
3.495686660134154
2.734220293993205
-1.942539297338482
-2.345977370223722
-1.158022768926253
-0.641877352226438
0.068324724364835
-2.207595154268667
-1.750355130084311
1.675193177823326
-0.364529145812054
-1.123451642155600
2.429551678380420
-5.301239478527645
0.368546753745408
4.007509006567465
-1.076358781674442
-1.554869652525881
1.996561509695993
-0.281761130081072
-5.365786497827829
2.344689326272873
0.207763727992216
0.066467986340347
5.054605195366025
-1.082397968123899
0.314709838136621
0.650081691546031
-5.077550414328486
0.305915246017298
2.062043747134310
-0.056362111290074
2.175995176206845
4.209779118890093
-0.305314545993613
0.789605094975065
2.776748527353459
-1.724998738131644
-0.900482037568691
-0.691832263152260
-1.367875079447805
-0.320268298230148
1.883634591694124
-3.846626495991926
0.706805626303574
3.647780852982541
1.165114744207290
-1.137483952877954
-1.857976320202257
4.670667981780480
-0.999326465015386
0.599191090013916
-1.084761129038203
-1.618087325475916
3.947666444793291
-3.990604091869995
1.997077979354371
-1.255412035872951
-1.535043334485075
2.371635071861839
4.902266786467567
-3.401215220208780
-1.030050599739645
-0.500802463585218
1.847168189375458
5.505231747006781
-5.065193623457332
2.683793001719946
4.054878484972424
-1.404405718454371
0.476352959062432
-0.939755346960118
-2.027885857337899
-1.456734096151336
-1.105386300059914
3.416516197167172
-0.343288716605631
-1.912706807284871
1.351844542118636
3.884194124501237
0.808200030953601
0.813656781494099
-1.162498750773301
2.439376606175121
-0.274413697399186
-3.542368702654788
3.724386020754965
5.967196852283504
4.194742756126548
-1.534151849111124
-0.043497639800533
1.505394118390896
-1.226654471415765
-3.753235663906268
6.327353778823311
-1.863083599348657
3.282039893491702
-4.024431699768715
2.071682826288387
2.068012355652708
-1.634829350683160
2.190699219859483
-2.071886835002275
1.772304674483178
-0.428378848892203
-0.267776202789422
0.566585831246133
-5.589835733785970
1.115560801600694
-2.841730915491903
-5.031718727186862
-0.447749959126279
0.135734214403384
-4.015639529230916
0.649021585440705
0.095162954481955
-0.560778983914700
-0.492029652432100
-0.441921581174611
4.201314618056512
1.815116683477054
-4.395522895197447
2.445670108132002
1.008311979291366
2.339415450105188
0.488884723058086
2.556131092541945
3.411478843229138
-0.003343637747740
2.698620721937577
-1.032055694013807
7.283288820767922
-4.132767919148661
-0.218334218367697
6.608289868601274
-3.063846513746477
0.580096451164022
4.867704359469580
-2.223966247933551
-0.937264122910320
1.664091055276561
-1.060359813708131
-5.308568995159318
-4.170991991455296
-2.516618802458449
1.527571764022221
-4.125411473007685
3.805095446356314
0.979075473112744
0.699582491675307
3.134399529450400
1.328976036101945
-1.973239433118716
-1.015515644459049
-1.491086015986570
1.405013721487871
1.765650935785742
-0.231013302109666
4.247205884856645
-4.610351959156787
-3.051398029911792
0.463011047313547
2.697475189780746
0.755257964327089
2.786667337399040
2.083150804677159
-2.531506129380392
-3.366913430062227
1.515147718667943
-2.742520186503952
1.624286788951938
1.127667842777915
1.362677539056045
-0.109266875043519
2.731658843368235
3.331436128439931
-1.939320720464661
3.398688429854106
3.875561793086258
-3.765620264567701
-3.454918119559244
-0.514106528765239
1.264528934318464
-0.766453783358889
-3.490923826767203
-0.090681955604863
-2.012630663199122
-5.026021528105158
0.964614508086177
0.034974663816751
-8.542701712673505
0.372002877104637
-1.178598149997919
-0.585223647721591
1.150584813711018
-0.808878901017348
-4.339824365157065
-0.954713288874535
-0.441735570236317
-3.134471135273691
0.883630217326330
-1.722163217792231
0.931054481909913
4.987853635160836
-0.039409859859072
5.293507412727582
3.046458297730093
-0.702631273991834
2.474262681612923
0.628836977660318
1.713493099396061
-0.765859581836862
-1.399201608904322
-2.718753268007325
-3.323687641954801
1.755864728931525
2.200994221396698
1.249647564989200
-3.154193964764856
-4.132363786797882
-4.827968061311691
-0.388132877123731
4.286670954413402
1.792460807812140
1.934715076672517
-3.327921795906095
2.522036124350762
-2.528244042337012
-5.621321077422443
-3.042810219195889
5.054064612012616
0.586606070551973
0.247436304797179
0.978722097202579
-3.770515451084329
-0.126624268765785
-1.537172118836546
-4.263348931854576
0.776706661093106
-3.944948273481996
-1.053116962411744
4.778140875240557
-0.368547463192828
4.087152382130599
-0.998372708987290
1.605706190567502
-0.764748124223941
-1.537054882576379
3.430936290103553
3.059030087911392
0.480271891982943
0.925338579075992
-1.807327453639618
7.585355622637221
-3.400376000550716
-7.116498328188550
0.820946792754715
5.260037115482031
7.679192766551232
3.083251855931120
2.121867204943156
-1.768397876718413
2.599851897050799
-1.599078271307638
1.276977379090603
1.672514859195021
6.889323077800425
-2.158871739833542
-0.810247034935204
7.669776696696204
-1.533367707614902
4.146356114612868
-1.874942073874446
2.888100567303661
0.385078786430709
1.226007564774293
0.184992797600767
0.753964949782541
0.882662917048187
1.482990358936700
-3.372733181115000
-1.174995325353382
2.391197345334387
-3.875107342289757
1.324346488498198
1.976832679759699
1.709090590523030
0.023498986388886
-2.463527166662179
-1.235537990604862
0.436297499322163
-0.104661340429450
4.744880653015205
2.457941849284568
0.847262495170728
4.152830668629908
-0.489814037637006
2.970722162692893
-2.408607012649631
4.708738830298742
-5.647379888864692
-0.060658834153188
-0.973190303092922
0.354796813294091
0.154922283885302
-4.831508642811128
-1.937156142923709
-5.577638478397097
0.426632462415320
6.011568910966826
-5.824400287511014
-4.697036475336670
2.468193409240747
-5.546852585437001
-7.388270619110374
-3.101024015353152
0.238382476900090
-2.005549467237657
1.592707818288741
-1.613191079966317
3.027251901187893
1.150921767332112
3.605667273287683
-3.818316289482731
-1.718834691819008
2.732944661574700
-0.790636740579692
0.154210724371452
0.343815514873820
-1.979848042645997
4.700509329747992
-4.814654744820570
2.675153758029275
3.887669647828770
6.962464574211656
5.872038876023238
-0.979225927984811
1.541065141230004
2.884861289063393
1.610752949433799
-0.181354812721712
-5.674000036889944
1.598825250439344
1.428784087972983
0.294645591701464
-2.998296533801683
1.817660889434970
-3.425623173511541
0.940059444890191
-3.030573870905137
-4.229383716775557
-0.096847893091963
-0.282828902128760
-0.153395901857082
6.562469544827285
-0.156951249074233
1.608945102462099
0.220643177152571
2.000767766833525
-2.096830264035219
1.306181685399094
-1.623332320196269
-2.658895934925407
2.914058708317782
0.454153544398260
2.632110255274433
-4.871655431969628
-2.841174973446426
-1.385120948584744
4.122919148060155
-3.453613693418048
-0.906164231046845
0.031933666482464
0.704134676671573
2.624519327828523
3.271598819079204
-2.314527293403958
1.275710117279884
1.003939746884991
2.417742531564363
2.292493632817755
-5.575966911706940
-3.526834315215221
1.123590555779557
2.556201393640305
0.453120044523586
1.729584041737959
2.932597890779111
-2.815352940638043
0.680820506648738
0.624286872119337
3.316652301065708
1.920493552817166
0.091671232776612
-1.279638913595488
8.658397275372822
5.930869339021493
-1.948829864699636
3.129328967088140
3.218188628265047
-3.092147594378647
3.444472441212076
3.210296779576390
-2.645829749609240
-0.598163951991904
-5.954519318392883
2.165627521950851
0.548731450424699
1.354714725518024
-2.583480112271523
-7.092119803080061
-2.392257294260035
-1.360823514407622
-2.015423881928117
-1.403697992658437
-1.982168639526372
-2.905047958085084
-0.406589175166455
1.946363773998155
-5.069091923831767
-2.201213867291948
-2.206005944288389
1.419177593410538
1.834768926562463
6.513285419427524
-1.378217086158361
-3.364475276731274
3.043752075958642
3.400118731456006
-0.118806506872850
-4.282526763146944
0.048534934955719
-2.692207143530965
0.505347663128835
1.431349178326427
1.867564080958044
-1.622997491726164
5.237187756647566
-0.176260292415182
1.086732677297711
1.669601547656234
-1.948777157165844
6.231418687555042
-1.527332543822961
1.633699691117285
4.239622177068072
2.163407531826359
0.898245012068898
2.650116288224344
7.157874255435315
2.430338806149180
-1.532070348259128
1.663194247853081
2.468783367635067
-0.954728146134267
2.283673090334189
2.397041321866280
-1.597055814179165
-3.504498825911810
4.823152188510802
-0.616143995033472
-3.010425202195139
-1.286691584506783
0.137877253778279
2.213819828643340
1.978570573178187
-4.813303488769114
-2.401526765637066
-0.720205010538189
2.523197815968476
3.065693836104292
2.977725963003111
2.772307038725934
2.606330853211411
-1.108394893649784
1.501188054455356
-0.627534805718778
0.287791904745430
0.208094553648286
-2.045770659296289
5.320384876616423
-2.459011552689262
-0.481766231307032
2.000638371067408
0.390716639936292
1.213608182331517
-3.184875861249330
-6.992674607629718
-2.851311455153801
2.387235658740815
-5.280223502931846
1.536747197067090
0.272865635616949
-1.314848559339393
-3.232171243296313
1.371735753877212
-3.143133052565138
0.700124907577972
0.162280012501213
-6.514902542600253
0.017408686250781
1.062630847390368
-0.100265015479468
-0.217977511493615
-2.003621103486178
1.560589020125695
2.774396074218712
6.054025220829884
1.476841889349342
6.928072270010063
4.186584212261056
-0.003072012858768
-1.345394552489637
-0.825145741763015
-2.396358085077987
2.462940307109051
-0.684591700442404
5.026836799516844
6.997365513164622
1.763682592832337
-1.692503878717376
1.104348467798170
2.794088221305191
2.093356222538521
-1.199488305792261
-0.791447575173977
0.007521517402084
3.040662407455397
2.140619896955685
-3.885149554527616
8.766566984415368
-3.878215957395790
2.164133553959609
-0.130991604113866
-0.661367631050307
-0.059485103189648
0.212125848354442
1.543355994624403
-3.573874912851029
6.587039480832233
-0.423612173209382
-1.498120218160336
1.513073158829418
0.804690191292198
1.729358405933410
1.795886443015440
-4.137823528605395
-0.602224164459094
3.099480307160652
-1.937068035804489
-0.931745932540409
-1.360799634102116
1.534187533538163
4.002169360241725
-0.719750208101972
0.573822039916018
-6.059941193699691
1.316650042174058
1.213408387213120
-0.534783009025219
-0.814962299554450
1.881978594576133
0.250162824914526
7.553653677673150
4.778622286773150
2.060367932509649
-0.796222558087156
1.570156460400613
-3.400510461803115
2.315140531173423
-0.349942780206692
-3.702056905300393
-3.102329318225281
-1.970994094044545
-3.343909922005347
0.365408705442795
-4.857691815113771
0.177538432721838
-1.352139896919434
-6.486570082790127
0.452016789590173
4.456939027544279
-1.343080270947673
3.349472773004549
-7.318990249187131
-3.565231551329684
-6.866997250893548
-2.463453309079636
0.124466747840158
0.363061801860089
-1.880760810429768
-0.554175379995831
3.078431960316184
-1.991089179135299
-5.349829486625094
1.072825032779885
0.139086326675076
-4.135079108687353
-2.394636294901747
0.978543470425748
1.097859948624362
-4.272505299148898
-6.672289821824149
1.326605675723185
-0.475227577590629
-0.992786489313920
-4.842783172213422
5.569047963508389
4.030005553125481
-0.940075646943644
1.581254731580708
-1.648164463312398
6.008512479591062
1.237748533488269
-0.326069257248810
1.462621652483916
-0.730502606882406
1.430253946836818
-1.037060852606550
2.344344533803789
-1.527631341863047
1.147769778115245
-5.561653283354794
3.757771073108905
-3.615787371329982
0.546252999280234
-1.251087086512949
-2.953399125918317
-5.349637952725693
2.321566968990734
6.597765778363657
1.468815994554625
-1.278961576428121
-2.321071552544274
-1.630545994381392
-2.851087343467318
2.113647778079636
0.060223506517443
1.364313829766834
5.301728409350433
-7.938039399720134
3.480233533931402
-3.156497152079967
-5.073051813200711
-3.264608353321126
-2.378176043736124
2.604019736659930
-3.932640097778735
3.029780362781642
-1.024336027148373
-3.571932247823678
-6.098376876070960
0.783947312340114
-1.394538349175519
-1.776715335225614
-1.541016299133304
1.181079447887957
-0.214033257480066
-0.885624643980673
-1.247952472818950
7.892001173954814
0.818403332932805
3.145314806314524
3.029876126267344
-8.063080003875220
2.313987638112998
-5.641933563503567
-1.988819722146117
3.250122004285394
-0.409486791306360
1.115508723032305
-0.556838173277167
-1.279894058791433
-1.148280762259650
-0.480922849881528
0.023732385556735
3.636685219768883
0.034780719169247
2.033178096415307
2.724344997215161
7.307130436125173
0.085032357819507
-1.927368304479138
-1.455630515586126
0.581929686080183
-0.490958503923066
-2.433267296714486
4.433799100335349
1.382766724632400
4.611306869008859
-0.517652693839091
7.569826300152479
2.548317944102628
-0.502594885857160
-4.330201244416457
-0.147841187462648
4.886027367582835
1.186618108384267
3.707276988293139
-2.268149671181404
3.289763400242633
-0.698729797206110
4.239003569223835
3.961697719055620
-0.079864878696875
3.372739535446018
-4.317928021498370
3.732290401015511
4.324841145783395
-3.133099846666444
-1.406873222313888
0.277776348499414
-0.098634009611411
0.957480199972287
-2.030726944123475
4.369400378325349
-4.465364520801268
-0.105193121898644
-1.463689934856005
-1.524668729100748
2.194728970285692
-1.085006275863312
8.416525573006487
0.189455356533288
1.398422482776108
-1.009328270097938
0.714423525533243
1.940481428825196
-0.066897166584899
-0.151155705951230
-2.453101117328551
-1.170132564593910
-3.029851098228475
0.005396096655646
2.022496065822780
-0.020365104287338
0.199166726289990
4.133804126152381
-1.151646871069633
3.622015688492612
-2.147806372743831
1.659388282823106
1.558880104747451
-5.598003819894984
0.252915906274412
-0.299921780530559
-2.975956426149615
2.296568645959314
2.293210465037823
1.326517201501835
-1.258156311482179
-2.506519713709299
4.784684688801269
-0.265023185098661
1.743156784929899
-2.461014367426457
-0.694934558024874
2.997860794543279
-2.155014416123072
-1.152733552315026
1.641272932830564
-1.942609655046645
2.120581110281464
-0.819631384225225
-1.146570510272111
-2.375126129373699
0.805404520135038
-4.043242315063107
3.641981643125411
3.043650869444884
0.873684741287826
-0.116191478214680
-3.800720500742609
1.393011845942000
-2.010006820407893
4.228962791823212
-0.678746494753445
-3.393427839896419
-4.259804517413962
-2.383997387538101
2.013406145122399
-5.294411908881783
3.684732591476001
-1.823079704967896
1.004652686089944
0.915464222028529
-0.154290883501280
-4.336600639365293
-0.598100962848712
3.193856621767903
2.857659116781010
4.404405695396477
-0.692036753408993
-1.400733637687727
-0.913411218777077
-1.378698427945738
7.303330073018314
-0.207516781707629
-1.799379686217935
0.920271153537545
2.540857988620033
2.433004838731326
1.570185150779936
0.239271193928599
-0.510647656023313
2.722670306945673
0.340449562579922
4.763842194786364
3.867663920758791
0.516785770227199
-4.222845959953261
-1.200537766775897
3.053909332143202
1.515254373264800
3.674076664747789
-0.171898479919729
-1.084444543139392
-5.326904777071347
-1.355828461208551
3.537873136457605
-1.751435630795093
1.218859234529660
1.011118196621466
-0.234202334765346
3.264977314606290
1.735783111094229
-2.174452299721016
2.316213018063830
5.866074441762492
1.750533394113931
-5.648862463847453
3.835021777354473
0.797726768733107
-2.177912566570173
-1.782161739351881
-2.686585715621737
0.025056099137253
-3.913730778283375
3.178792581480062
2.098065040667485
-4.252132973826760
1.040478413319103
-4.079395619323077
1.293300411780103
2.059918611110257
7.006329134577854
2.758456125381280
5.315960358737587
-0.755741944025924
-2.303482193582038
-2.733953282205541
3.498120340201883
3.025946796710507
0.694212628196181
2.425499115792674
4.751091041357640
-6.130542090265648
-1.476173076956154
2.906441329628587
3.241780841399625
-0.338719453787692
2.624564982490342
-0.536335795288251
1.761793179637320
-4.729919516825873
2.724006736841707
-2.057887990418812
-2.773752408917290
-0.442301865893527
-3.812498743684937
-5.483355522098612
2.288398250590091
-7.467446741634107
-2.512820998099038
-0.739670167245118
-1.789850356139796
1.301150142703170
0.746172884481864
3.766670276661133
2.513858530822766
-1.739752742111437
-1.374858248509347
0.753558551277369
-0.991777173193073
-5.913247795241995
-1.578464022634525
-1.115430943011110
3.443224915405847
-2.924555935069426
4.363775995461546
1.148025764410684
5.831774701919221
2.326704386147876
1.283109417421430
-3.206427827363015
-2.628893767945746
3.030804907907533
-3.062511820788588
-4.359738526993521
2.372567743183087
-2.526395006721924
2.206339783091483
-2.672198716045459
0.237568037211959
6.352759889336467
1.934203782924565
0.972832845653638
-3.401483496808260
0.537403524825563
-2.848211361077295
-1.152021073686124
-0.354853603849298
4.388647510390041
5.343879521646462
-4.504050774851747
-0.234373760299818
-0.733244816821560
0.484722411476376
5.004914192422937
-1.823968321734075
-1.295605362081029
-4.926710647205494
-0.587309637462221
6.192757211599302
-1.896891931940146
-3.801505614775052
-0.490949212160605
-4.830351690221796
2.654253365505741
-0.185088717595989
2.333373151860325
0.212746871621603
1.181046220617887
0.426113381169142
0.765938326891622
1.522250696497720
-1.417283183053888
-1.550570764584929
4.212388211637177
-3.787055381150926
3.037734017074657
-1.391998212751924
1.702956667914773
-5.737355989201891
-2.316795891800670
0.644835990572463
0.719148853102145
3.564329543516261
1.082745840793118
3.787751082703541
-0.424452440101429
-5.428143072640109
-2.475527065037250
3.242090234111929
2.336393970409013
-1.098473844730521
-4.997491714135275
-2.257581210917882
-5.275271515942860
-2.456172671719312
1.675838144415307
3.296153643252119
-0.200866992064462
7.314259573815177
-4.010033983303445
0.576346470685938
-2.209546638524255
0.065384905131028
0.327752021838224
3.668232935419270
-2.147677702913915
3.083588295204027
2.647246147917239
0.288539281084179
1.586363854664113
5.969937737472231
-1.117789062175770
-0.428674145477691
0.851750390379368
-2.869534724304666
5.265850325829023
-3.053622893950912
-2.746515858759900
-2.318364140082029
-2.313847619387623
-1.557022988674869
-3.141676859417869
5.009681442775441
-0.096832444159154
0.929869189282330
6.726691292956981
-3.952684666621181
0.482695718601922
1.236807056403294
3.321024295465501
3.871028152956704
1.686993535323780
-0.236176897594996
-2.852047835711555
2.369178673691739
-1.189187162863168
3.887015741766235
-0.297965932671284
5.240628794641551
4.031921601738349
-0.935893156875342
0.755495160535601
0.651160603956653
3.350225626270978
-2.566310542019618
2.102591478471992
-1.956530365216996
-4.304545912187407
0.754670642759370
0.361115946761602
-3.825606942509995
0.575689313749336
-1.834849853060825
0.258326838726260
-4.262319616529634
-4.002249752336339
2.632250967141378
-6.134907666582993
0.024103764817670
-4.326070534200486
-4.340238558375435
-2.432435118673515
6.475704518048594
2.064452868143861
-3.755380112559158
-1.259527425777546
1.737197157634543
-0.166779117368333
-5.394343240124897
4.138058443592589
-1.315385879054039
-3.528476981813393
-2.586274111902325
3.265347942997412
3.681286032128286
4.909472154368955
5.444510299449833
1.504560435508618
-2.838417703309415
-0.758737717036301
-3.400008629686457
0.699951100001373
-3.342877328682975
1.127458068213818
-4.435914285674285
-6.573602864135319
-6.379352672334169
-0.940979741554323
-1.656132170873994
-5.720912349266375
-6.555226777448329
-4.586414229899709
-0.967169950423983
2.653105490213369
-2.373397148249714
-0.543072739054719
-6.710273480678942
-1.351036597768306
-1.728441106743544
2.021694282458994
-3.208313297005816
0.359495964796017
0.531918369049039
2.917289832675528
-4.113457079917621
-0.957893591033442
2.642550232230898
-3.126492709522497
4.334251695151020
0.847298784188089
-1.715281367579235
-0.262808811672500
-2.076803833838574
0.713787022982408
1.924795847818083
1.473870738259579
2.215522295964462
2.741186330202684
3.622861721627374
-1.892863434882675
1.481971916055160
4.163977143372810
-3.577974383961084
0.510292473313946
2.991924183178877
1.440877829206759
2.673370528240139
0.152413509590570
-2.504142763997123
-0.297418995999952
-5.020828032819328
3.243197626485304
2.137851628036533
-6.077815347641185
0.818529608207172
2.151127585452140
4.024550374652708
5.256307661345572
0.691986423409991
4.091110453797274
-0.901713927575191
-0.278510952387612
2.517436709736216
-2.614008802327087
0.231543611764468
0.612683571002393
2.993422566269975
-0.024529357015327
1.968190064210188
-1.870458381646820
5.019571650349591
-2.965509112809296
-2.312846801210218
-2.719630078190097
-1.114627069108034
2.849673256830680
-4.384335252587974
-1.193863651825233
-1.169970776011460
1.225410136361563
3.347362187765811
-0.055450309293024
-0.781524863030989
-0.159669597965606
-0.039236605683721
1.710101443334293
-0.585319997283688
-1.333889093594954
-0.460708376455304
0.921985385628167
-2.963508347955646
3.260270509597769
3.664713001881269
1.067157544403629
0.022261649770370
3.878302463653034
1.134620224105662
-3.549786134124495
-0.693504805908575
0.157254101803111
1.424607238348591
1.237008256614703
-2.374130638751192
-3.575982068821340
4.892398549355281
2.213777812344049
2.036997122556290
2.235586027469590
-1.319014630427729
0.074640238052681
-3.138133140105470
6.000149503678982
2.375895267629150
-1.313296963917807
-4.989747809561647
-1.647156199771766
-0.894538237355532
-1.846632667966396
-3.182455076215603
4.245798509091582
-0.673298631442247
1.686222362871125
1.610365661709484
5.118254160746907
-2.510947032326065
-4.285926888820075
-0.115559038309330
-1.554014262899461
2.214765077266010
1.404811772548241
-1.033752229422676
4.948979237664356
5.627117287258492
0.127378790930873
6.220154419082283
-1.266553192569295
2.581380806747442
-1.168506122728928
-3.123947156416854
0.129132643864725
-2.502022535938837
6.235699262115940
0.680267449152870
-4.966145574362135
3.202140421823056
-2.765714829772795
-0.178260610293679
2.335701651187300
2.599351920633119
-3.603988708244552
5.458708171640132
1.107149277535191
-0.849695741445684
0.682302759779896
2.585782298186589
-2.913847973802778
-0.475037096650014
-1.780025381709528
-1.231792771741877
6.068753557961060
-2.070513467117744
-1.220722156991199
0.859161708506403
0.467149679819193
-1.726948303359400
2.404568720192395
-0.161931876565762
0.603992266229012
0.286180857021879
-0.597175790618937
-4.970981265171694
-5.633447570083929
4.749705745635971
6.402745114850424
-1.698540194483004
-5.116832808992676
-6.304562017483102
-1.374521235572480
4.974531913071440
1.490317024846808
-4.039440717458971
-0.082697637123877
-1.155512119145758
-3.753592702262861
-0.606274763163966
-3.225860256408100
-0.786702101118402
-0.864387415171319
-2.703735298147805
0.171200750235075
-4.028722710331954
3.240872328256879
-3.367718198925841
-3.332740833697303
-2.931229405480884
-3.291298849612418
1.142158337661954
-5.156765995505146
-0.700431647717050
-3.536397378228616
1.069290694338204
-2.667994013961957
-3.085556267111170
-0.323976463306556
-5.001039543312358
-0.804339240959272
0.618232166168713
-1.588674655776018
1.005768920506569
-2.439141159211315
1.128293581787852
-2.395037139145900
-0.435007033499348
-1.225891879446853
-1.216925726012876
1.974126048026534
1.909511444402383
4.329819448638101
-2.750895936978705
2.680632123282473
-4.533338051213824
2.692197597216129
0.656966952120030
-3.941645113673827
6.844246496402588
-4.569956092440985
-8.288895010399495
-5.775220461912397
-0.597345334027443
-0.685133490307899
-1.637407351260996
-1.415099150665697
2.230971423217463
-0.606829836507628
-1.356440405068563
-1.134954599883789
4.294762643602075
-7.507566785207262
0.919604531581238
-1.059204279471353
0.853528998948302
4.253709975811530
-2.051349403221858
2.922901848136453
3.657629077539002
1.301196712617768
-0.518238718106181
-2.123239441843960
2.013626810221639
7.536218792787019
-2.384354613257330
-3.985713230099991
2.904449019098017
3.897509974814735
-1.004355371255401
4.779202020071931
-2.295497502472206
-0.607536837366858
-1.170961993085375
-7.168243632915726
3.752350669325448
5.907353478054385
4.740997077795104
2.524015019632554
-1.419058923829668
-5.241844808332696
1.589938092990234
-0.572448663210193
-0.260885190623402
3.079604364922751
0.507018741885338
-1.381499110966537
2.510351784437213
-0.539613610161676
-3.109821130204656
-3.576386563018562
4.884962647416873
1.346830001924454
2.210925052239088
-2.466920052051963
9.115611001108867
8.059171505544754
-4.287592217883182
-3.045810773955942
-2.416686826892797
-1.386652916302166
-5.437341918635945
-2.241077062667120
1.124587437685785
0.744399090912897
1.234032781228409
-3.525103951631172
-1.440927899664055
-2.330640081353671
-2.163060942766933
0.564007623408761
2.281776126065931
0.609309579020077
0.314546994722234
1.445330264809829
6.583901786768588
3.344225827929801
1.092704455490978
3.297296547230933
0.039202995422555
-3.352387646036364
-0.027677539968747
-2.136546061885548
-0.569689062534100
6.615987861964253
0.517629818292321
-2.631888733158498
4.320982225349720
1.669188331377243
-0.908905629017576
-0.464052016118011
-1.551638829041926
-1.560558334494786
2.985773955037568
2.084918878856518
0.252243815501491
7.140207089251615
-0.999562306374185
-3.831148470552987
-5.303938450359921
1.318139923885626
-1.651122420644873
-0.687195833735390
1.272003155433361
-4.082343233483050
-2.009215924964664
3.161107123184089
4.340610817967086
-0.301236940188409
-1.456350684653117
3.529186054548011
0.951002261640312
-0.758709221372453
3.296683640626934
2.251890532789647
-2.056029534098987
3.515931057404001
3.085011535521608
4.929937829754111
2.949504636727443
2.697344772717239
-2.015897628768520
2.035390599617008
1.962103558183514
-1.449107572165874
5.562933234106260
3.597912184713253
1.495903822770444
4.211898122799605
-4.096493994363085
0.586340078344092
2.274445107197787
0.022923551414863
-2.104711015625650
-4.251095305614794
4.264485656505615
-3.979119466970704
4.813109313142074
-1.171806177367456
-0.585617415698823
1.848369949723098
2.814846506207475
1.736081619699188
-4.241773728044536
-1.759181345041478
-2.688541082890271
-0.694245280216876
0.607726046332522
-5.952852902160420
0.546322895195086
2.083205472600311
-0.816411219448035
-3.026164856393438
2.155340815125461
2.055203955691937
-0.463479791232999
0.789140849488787
-1.944100900034572
-1.678531474211795
5.844026721780267
-2.312976690041746
-4.698250993025899
3.526548010925914
-3.381077377423316
2.115076568075241
1.947832734034517
-0.383951797061569
-1.306289387728334
0.299296560592740
-0.495789254573923
-4.385714802756797
0.353871880153784
3.699508318658003
1.145431116653874
0.730813421081078
-1.859544926525826
0.967533812262829
-0.725110159870257
1.320770630544284
-7.661273939012913
-0.803204750678500
-3.623992086347409
2.126848545131020
1.303720112093019
-0.479956052971618
1.172754563501635
-2.314844886113439
-2.903928746138460
0.038134457170957
-1.260359492654690
2.283006781156683
-1.905910507947866
1.174151388706669
1.574824005242182
-2.297633581314924
-2.253738179281052
-1.241202990689917
1.285109919130487
-0.832431635317554
2.614560866796274
0.105040802729639
-0.848778856567924
-6.811385316969404
-4.105446805710106
-0.227476390730256
-0.530233008008523
-0.619239969266632
2.134696331842481
3.347378681240813
-2.841386587387630
-0.541525417856326
7.936071844955774
3.345866495247952
-2.406611795011192
-4.965254642885530
6.720936594073226
-6.016811027419715
-1.807894749623796
-3.758841100715080
-2.821293636883970
5.152282087693551
-2.436689198509043
-0.360501700341891
-1.817953364339306
0.443694867396782
-5.762661501475922
-5.285030380260736
0.427027148522612
0.820055669099135
4.054424122107922
-3.941387365414182
2.098508747650055
3.110385959089440
-6.373418909318605
1.145742943767971
-3.941826698071546
4.911637578160702
-0.821804888280269
-4.372123609394135
6.511476994609597
0.653407247210219
3.371755004725472
-0.667464600215301
0.981753050006681
-1.396061747390056
-3.106264182304232
-1.543677907671814
-1.852566412217945
2.038511048205391
-1.221772977529505
-0.367065896913659
0.615537916661039
5.508096815913598
2.429199686995049
-3.427294325747160
-1.097697615350183
2.100014143026894
-0.850526762251401
-1.319626648477077
-3.806581179726625
0.002280240245100
2.294191278947755
-0.609717989916397
-2.588109714038564
-3.730397516326789
0.245777430349785
-0.002112210410713
-6.035580475978684
-6.938837221572820
1.574503272847342
3.822862068427150
-0.112692877598186
2.639515940944942
-1.107746592085695
-0.695985095059022
0.548916520780236
-1.085619699094671
1.032288240107050
-4.970858871632660
1.077432778968847
0.933144292565730
-0.121212638648373
2.798253020529428
-0.093541650803248
2.244251644695274
1.120487888913883
0.526124370517827
-1.683527054925740
-3.312097864615089
2.008139383325911
1.739807380463236
1.883705022778206
2.256464159733916
0.861103030744791
-5.284557441918689
3.038892931046528
-3.522134403804703
1.979627616926518
-2.428222311416251
-0.322575574143345
1.213567980838939
-0.967153302434278
2.550156277841441
1.030499122637016
1.107370374519273
5.602886334919778
5.475658787877637
-4.058933868624679
0.789612465580180
-2.871632485187484
0.376186395244826
0.007385932342657
-6.410603561490805
1.400708270396645
2.773790030152499
-4.296771743244950
1.135277133952363
-2.444196976093419
4.000846813361063
-7.326317190865574
4.176502932969019
-3.259736963265976
2.073614317362245
6.505871203445975
5.592014338070751
-0.610970412553372
-1.495953683033253
-0.232807756596065
1.250411157203432
-2.131505601969441
-1.148549754750915
-0.817893478841222
-4.577686357681133
7.657917754196034
-1.164394410802332
-1.886520328130612
-5.683558738234617
3.011202041789034
-7.636295502258043
4.033982720563937
1.698184822219418
1.454825819409401
4.540005303541777
3.245687008427951
1.291302787794522
-1.085952879002477
0.625428072608810
1.866222353711478
-0.491476246022011
1.510991794542201
-1.765898755853910
-5.794303464938180
0.006914440244832
1.570017314408918
1.656953561824560
1.669908515807010
-2.569180917792748
-3.523503639723791
3.680469196626817
-0.462246087105705
-4.558566453439732
2.785698751120235
-2.142515773967789
-3.771784059089542
-2.901085883265627
4.171574091331007
-0.644896382270334
0.530197071304853
-2.650850937037752
0.230000117014323
-0.221386732953176
-2.904664079262359
-2.298137269956439
3.269827510957896
3.309108481119891
-0.783770856426955
-2.778248743996255
0.670085615523283
-0.694247405669049
-8.309742620692962
-0.869700410132173
-0.826300414563960
-4.492423673003084
-5.272928262874131
3.731584431418954
-2.212286938217137
-3.011950023572486
-1.947246062445483
6.840667665251837
4.783656556579670
-2.401898157856747
-1.680209843399650
-1.812960047516236
-0.831746526908516
3.674700655337477
7.516347141278313
-1.079224562648692
4.100848363019717
-2.012347778487144
-0.552761758975750
0.330012775103997
-2.628582699887454
-2.359764797510730
-1.223810042383139
0.878614737231187
-1.823459442550099
2.139618713173271
-2.690770799704011
-2.657403073425310
0.324947799080862
-2.538282853462967
2.528049065087776
2.295775995377127
-2.477469049608529
-3.229013916804480
-3.288207623763672
-0.953768906118574
-0.290112400937352
0.196542722449602
0.169855916312867
-2.314265502688990
-3.091550922209584
-2.079387076080113
5.445296460195713
4.241420137933620
1.386287711833426
10.388898336223802
3.731390143119198
1.237693728115052
-1.257333427058879
-0.924945123607398
0.574853260631159
0.963316149952284
-1.740630208152795
3.597424291379486
4.656531723505393
-2.498110587501823
-1.112806038051809
2.501447944051090
5.210804305852450
1.761692481543208
-0.644058356979768
2.362262750295193
-0.352935776574631
4.000623416212891
2.472471296395401
-0.546397443934822
-0.233679465084299
-3.941690439643915
2.196823303720353
-0.144099036273974
-1.196673476218286
1.529111249749469
-4.832891253308587
1.290280794965473
1.998634594527392
3.333865617529597
-2.788390301049280
1.174556461896477
-4.087570590423282
-0.023548981934829
1.775570973223475
-1.174123648996798
1.358276564218441
3.471662508346304
0.537045079672797
0.854104265341442
0.622784596654754
-2.455254111340277
-2.409271475675774
-0.110572117703996
-1.996914642935723
2.398417117219942
2.885207439283959
-1.460519043568016
-7.718654523439838
-0.244528742866200
0.609768190618348
3.699771068066966
3.626983799495054
-3.210474742777534
3.040552377696016
4.111549761606283
-1.760305321702555
-1.804591992969577
-1.557044392085502
5.951693979140884
-2.302218882221386
-5.136696441261430
4.037527458117927
3.372256538269164
-0.731017449703756
-3.203210018384235
-0.056416444375630
-0.561054718189269
-0.644531751727241
2.695133912202371
1.951377706291615
2.152657495285172
-1.247588744351646
-2.026554929584724
-0.954886862637055
-1.239653808237606
-0.915809283125945
-0.025786945593207
2.731225318459976
-3.154099701801368
-9.963656411666490
-2.631010187096216
2.029802731468201
-0.358350350274424
2.839361522391596
-2.157196353192250
0.550032491318937
-2.739883990955297
-0.669921044057477
1.024112356028096
0.847953593171906
0.799616628663298
0.557953448354157
2.346279683895911
-8.803204340648589
-1.708315472371012
1.344851587433584
0.018889623310777
-3.396037816104985
-2.238469718232502
5.113875426177961
-2.030003760992389
2.443976419411315
-2.955328533972336
-3.289997745319259
2.401256511515665
-0.805227675810009
1.817383725128878
3.150287916278270
-7.666030322888798
-0.378192329331436
1.173001098586359
-0.267626895885183
-0.226884591039938
-1.628517990121289
-2.615210015185276
3.743362753910453
1.769483786353562
0.932189105767087
1.765689571343537
3.949911157809942
1.114858817884113
1.115701076270446
0.484346976759226
5.516537345103457
4.395400498112731
-1.390219226724390
-2.712018717296723
-2.180285060386174
-3.870779756911223
-2.070727962396567
-6.369448040848400
-2.438511478624952
-0.641001171490418
-1.731192435418819
0.005552445550230
-1.187585886266754
-2.837729516750077
4.220358839980105
0.224466835205547
1.285006799448611
-1.942619993316887
-2.667830370237303
4.204782857276658
-0.984633131905409
4.960370253888879
0.008392472823794
-2.112518612823696
1.705816443973539
4.418000229616496
-1.388229617465382
-1.594390264238783
2.116023569374469
-5.189457986921155
-2.731664965896685
-2.987377575580771
-4.430202135462385
-4.290311529188700
7.364031672288218
4.542953862786014
1.479079881572136
-1.967089764294639
-2.125826696662584
-3.884702928494984
0.651094427538799
4.433509175954591
-0.469196093798229
1.462377107565809
4.990650852922685
-3.101009333903992
2.493343687010914
-1.828024607041788
3.567600986037665
-2.162171022232109
4.634271407392332
6.029629198702760
-1.487719544889689
0.747915908093567
2.038555601055607
-3.651399377877556
-5.219396859889391
0.600622655458567
3.846636606854175
2.432767972100555
-0.773020656713406
-1.148454962528447
1.684265992363069
2.705068585243945
5.097216300439123
1.634509835957439
0.879763821304346
4.820014638579819
0.144744587174527
5.912815176395010
4.197723928824889
3.077127730764337
3.820069359787706
2.173547453755619
-1.695065003402742
2.086553551446269
-2.236501552231648
-4.059224408918997
-1.932898495950325
1.732083669834230
3.731663462832366
-0.316823689534340
-0.189610651763254
0.014508515838181
5.521143346286272
-0.870173769008789
-4.566554346297679
2.307317079670390
1.776536308929189
-0.792017546352950
3.140329877560282
-6.623258585834170
2.538731766584520
1.546785668121995
2.978380660513210
0.890107397765589
1.045669551949023
-0.243831829244497
-1.481428812738919
1.943766734568674
-1.069827180585063
-4.760380613788286
-0.524621806461842
-0.847304154705427
0.338590148602176
-1.302099891928070
-1.216795834156186
6.145657708287327
-0.472710724392630
0.346417299349033
0.785722830820331
5.170935212237088
-4.249854549495803
2.298216836610807
4.279935869970643
-3.080722788481558
-1.637284394564939
1.520097851922077
1.211520650410929
-1.019882002040633
-8.814563058099775
-2.179640450336267
1.473456845763849
-3.007913517507341
0.438555482189030
3.301188984867358
-0.542939743093146
1.815129891277246
6.142527289172500
-3.007533282936732
0.397884025934135
0.326839284176142
-5.627361601248126
0.159627190201091
5.530583360529458
-0.325811759171162
-1.345043174621516
-0.792229668611384
3.682512386439085
-0.758451551242757
-5.728456752752859
5.453357410525743
0.500956174988163
-4.074111463276865
-2.095223891731612
-1.072017160845682
2.323209820796219
4.838155972179630
-1.826595574208407
-2.235668635428694
0.293958125929748
-4.263045006086417
-0.273332970741651
-1.400266372119644
-2.300682619781599
2.250534587593559
-4.520706812874460
2.131485781457084
-1.874095518002147
-0.405036850306224
-0.157600776209259
5.850970702258819
4.007309652898284
4.060999845681739
-1.305835881806415
-1.039572612706983
0.617246389909888
-0.314433012950405
-6.229845518367097
0.570371357240099
0.890979869202168
-1.993704392630997
-0.999609974357938
3.075973796143120
0.185036492809773
-0.136361039140636
-2.864233062763892
0.554375913779352
-1.611602837970721
1.139168498028815
1.646237034030205
1.346443677187952
-1.137514539394401
5.006044166657347
3.175498330250472
6.520384438876684
2.559683982063909
0.579740557891877
1.720474379210519
3.371098404078174
-1.245278327630920
-2.164886340376383
-3.267695931322807
1.247639896924408
-4.677617077035714
1.574850515507176
-4.979404459024320
2.841480651886413
1.523769229259531
-1.610314351278999
-1.033289681537139
3.676319808306056
0.961009523816521
0.858658647394387
0.427993447633325
-2.473272562501153
0.864926977161015
-0.166103549363226
-3.843689177463722
-3.394997383125688
-1.097361881779913
-1.900779252961835
-2.750789883382236
3.107583942079888
4.111152849986345
-0.619128285752779
0.182429617669992
1.968407260167642
5.474797269171840
2.405162449077971
0.803214182750803
-2.794262673817058
0.968471637550892
2.869224771657787
-1.255055876147892
4.746946246656856
0.240776610795713
-3.237545740986725
1.009394647301548
3.013134378325921
-1.209842266347073
-0.980424613177841
0.962143581029371
3.157819521674464
2.310075840902759
1.900049799581166
-5.689677663803995
-2.817978301072763
2.046521704248180
2.338019029996250
-0.831075612535031
0.585634925914269
-4.420448006270100
-1.657050896160309
-0.305368303026080
-1.862355327133309
-1.236206325949598
3.424852974997474
-3.426167497219929
0.656139380093799
2.051673773624187
-1.238503537997083
-0.291223911555846
0.367084918147823
-4.244205702197370
2.842196390548833
3.953351172134135
-0.415753651065432
-0.636185707099623
-0.165943005869766
-3.312472599172594
5.666570338589153
1.833589960906604
-0.994840642334087
-6.331318463490486
-1.814155697742396
-2.354751698382240
-2.631304221577617
1.213435782772536
-2.154323301377921
2.714549728202070
-1.945622892192604
-3.023048071930532
3.181236925439454
-1.665841883762709
3.330736863924258
2.768711633312180
-2.181575450444663
1.744262808606193
4.970356314989499
-1.525017784994344
1.760500091181895
0.814168642694267
-2.643732785592857
-4.862684226988548
-3.181925966122709
-1.389034691117822
-2.317094563723217
2.215522321167279
-2.895535574180725
5.186331304141237
-1.788775742580413
-0.448545116775341
0.023555381349955
1.383484657668872
-1.635516778317330
1.109697113170851
-2.833105933274191
-2.623187138335156
-1.587647789343136
0.029973727900713
-0.417147260077304
4.947477019863379
-2.663638163212926
-1.216294348892704
3.052230539501893
4.740738185540483
0.953276652308986
-4.136227223543934
-1.845117270513391
0.931294289023264
2.249722249931837
-5.357881059752512
2.980118329125538
-0.497237763768833
-0.214766577371864
-1.038088682586301
-0.422225297855403
-2.573643518116828
-4.283319615450059
-4.230226032010615
1.747249204226374
3.276866599474979
-5.076090399097075
-1.391844872194182
-1.780063368058785
-0.273778019955306
-1.645446918410389
-1.002228599115164
-2.017380915584533
2.142010026150490
2.444275089801108
2.551779044989914
1.856707336019639
0.625912445410523
-4.219249062271280
-4.569128204760078
-2.789182160160291
-2.137495607510639
0.317214695256377
-2.019662989478240
-0.159710933802805
-0.660582124418624
2.103210402554248
1.535492314416118
0.530581476238210
-1.166127853767440
0.059156969112930
2.890948534098845
-0.388327978829753
2.899249828114259
-2.195214652477174
3.788720515878891
-2.431811684795594
-0.578009586225101
4.859095328096013
-0.308854719321620
-1.909395602574392
-0.529265375575239
1.695403561842433
-1.766857206311611
0.534176718283855
2.601606287019799
0.012330236981211
-1.454760325471436
2.254551598624546
-0.541349752144847
2.252242331526408
0.603804208417699
-5.996725703523555
-3.966540842649941
3.825701673353745
2.397702585672791
8.329880611641920
-2.600794544050294
2.991821494396865
-0.004730268842233
-2.017473544118250
4.672200740984914
-5.713711739368311
3.579932744533258
-0.574166000869902
-2.358995409187087
3.385392564356047
-0.799518689922937
-0.996593981128954
1.440658919466433
1.661800637316727
2.550621412626779
0.883786350910588
-0.221290007253530
-1.492206526091622
-1.489722645709035
-1.160099894587311
1.196350058951590
-4.014670834164979
-0.564709974467131
-0.615019312220447
-4.079566702106641
0.460951557693660
-4.243812744218186
0.923760382030365
1.760509026713208
-7.367941561535673
2.437855620634927
-3.085844069495511
-0.423499280996132
-2.101346438953301
3.374918552484272
6.696117496336203
3.619518521846752
-2.431435223051219
-1.304717450892299
2.870823371736206
-3.667326230479845
0.992537711714210
-0.408811058761173
3.525052560921716
-2.814687473252074
-0.271553901551616
-3.969271657893739
-4.494878635730722
0.357025029719502
-3.294000201212495
0.369326644852965
-0.029262325353255
8.072327419481260
3.602941520999627
-2.285967427767033
3.293216480025650
4.221992039311258
0.259320686913506
5.607476049204070
-2.914791146242770
1.840598885022179
1.312648696474881
-0.712660033647304
1.076760890480416
1.676287080095445
-3.817528735465593
0.225449226395978
-2.076873690543917
-2.164330513186131
0.831129852546055
-1.046568916053343
3.204002187147621
-1.630350831691333
-2.609202733724462
2.055972967744122
-1.367453850602040
2.892704544984205
-1.294742533976563
0.459721126817922
-3.152352129718682
-0.313941212753946
1.593604232237273
-1.865699316668118
0.155020694101325
-5.578496568982233
1.856894224194801
0.710159231293791
1.734303501738072
-2.068599680136666
3.525601548722236
-2.028860069624991
0.212879367565023
-0.607171508040740
-1.841461788018902
-2.796839343080048
0.499633567652758
1.387262360070102
-1.440863642654560
-1.138015534403750
0.091533611901342
-3.005323706968134
-0.636622584965648
-0.772995417777222
-3.265816443987662
-2.332357472417800
0.390448856117349
-0.299348812899562
-5.140276410587186
-1.949418186907933
1.143580514036049
1.388380371080993
0.988483421429002
0.919108517056844
4.384177806472060
-0.202355729641672
-1.989748700232428
-6.152353028489610
-3.641889562735485
0.459509697513424
1.271802298045000
0.801739086041753
2.397913784209443
1.029354312822811
-0.462281800028608
-0.959267173239004
-1.917503142583360
-0.857573724320896
2.213986982153732
2.908372415663883
-3.237570127607540
-0.402700055041290
-2.195455935034764
-3.837674947704230
3.910519126353921
5.132297503867303
4.650427784344806
4.042487289669958
-1.183847001136960
0.444923390034962
3.181045926988497
-0.520639683744296
8.917644944581030
-1.209107406110062
1.070043866484658
-3.275892560508371
-0.567032407706852
-0.580520264424154
1.616288594938724
2.607099085610725
3.665530899000739
-3.105111756090607
2.386419073635285
-2.564830033726686
0.021635509864771
-0.372552008445371
-1.077770317535554
-4.840105259735446
1.521321518890582
9.342624810550319
2.217736306023760
0.395665400330974
-0.056772251366180
-3.485371910874843
-3.711202550142874
-3.248654501941477
1.262086705522004
-5.455687559755875
1.217294291237673
-0.144261226704095
3.153079970733799
0.293493320358820
-1.628550367497555
-1.275619459757630
5.454977372899327
0.949131662856190
-1.186346576747070
-0.082443677923175
-3.090587447674675
2.497043946108362
2.960140955337381
-0.451056061414092
-1.458758920695124
-4.394518997470396
-6.059467972648132
1.034565200049649
2.034826563284253
-1.407398123714301
0.473953436777167
-2.531128832206437
4.841957433555450
2.755120692700063
-2.949680819147550
-0.217133900539761
0.392797634492338
-0.356654289217390
-1.458396489157440
0.846044843065329
-3.459531867936209
4.309789032783818
1.959814498318220
1.883692053553511
-1.832949144970015
-0.300801751048233
2.214653581193241
-6.638633210789901
-3.220725641813433
-3.063783953067452
1.044788464064814
-3.825735435256460
1.558447704081881
1.242496502894590
5.544434555123413
1.027806345893613
-1.969197109694359
3.508511209030835
-1.869293398067132
-3.062244340498518
1.563172344842984
-3.671334102141117
-1.242002084432942
-2.209796731101505
-5.543594263578157
0.714732230604134
-9.721103385032313
-4.390080168617155
2.656387466828279
3.641562915692285
0.076247529839444
0.364039572066196
2.704589378172206
-0.948403303120306
1.690600492885950
0.789086471005380
1.541579140303712
1.870984253377972
-0.451405293155730
-6.364521816754794
1.571799378185567
-1.065243875348121
1.706685377593190
0.440038892604971
0.457384105105797
0.555488130962824
1.507797175516041
-5.030903305511421
-0.847514831734581
0.555306976844245
-2.733460262182696
2.446237647104883
3.070778268117567
0.596314903335266
-3.573600684611362
-5.349319725695021
1.574791343780347
10.300138134403618
2.303913332969132
-2.381517091126799
-3.956554581713646
6.241482893327611
-1.944530677753620
-3.357717989679257
0.625267497361509
-2.954548983271181
4.051397975119069
-0.267785076414645
1.883627456166701
-4.411149529348456
1.489198948542181
-4.115826718787514
1.430932790130434
4.862934658087928
-5.203270110551717
-5.518239965563652
-3.558948773644716
-6.202240609692688
-0.321484184150809
-3.793761876010236
-1.467766298201885
-2.119367766033181
-0.764465700803876
-3.579164971108974
-5.098882868648648
-3.542438238660524
1.919446182971263
-0.686609722791778
4.429671624763087
-0.646803160803242
3.775248785074124
-1.311771773257363
2.342636540109621
-4.703740190381883
-1.880783343848523
-0.477854703750859
0.350898141472456
-2.176811824981148
-0.252107914078685
1.550507383215233
-4.258791607427710
-0.090886251947894
2.195372674628511
2.245546183781690
-1.220484123956585
2.125083013339104
3.320418021105351
0.295590506975431
0.046332551072580
-2.866597593193722
7.977910200735534
-3.274035070431481
3.794336086752980
0.089450224891002
1.534547940309498
2.616935793600615
-3.815353702968521
1.144372745263915
3.319840494809104
2.435548816945434
3.962621541461633
-2.388702012621923
-2.154345909154722
4.890537676478020
0.416871412419130
-5.420434516828307
1.553900182946110
-2.990649271075230
1.353432234169942
-0.295893024979376
2.831786600226706
-3.382473899789650
0.840738614598885
2.620661486297515
2.587426016833704
4.051622680979855
1.018189042673009
0.550695622015665
-1.183669024589634
-1.743881568686339
2.515683684644981
1.996467827237786
2.148660764875256
0.801153809909066
-0.785720107576052
-1.133793921936544
0.981997679229201
0.640957817827988
0.069321860330547
3.572284339715958
5.352339033942070
5.055309379652273
3.818519573332908
-0.176541358912013
1.479158082241259
0.343011911329635
-2.237049174281959
2.371228343458893
-2.406079262285562
-5.420115587567667
0.623251029856292
-0.430891226135056
-0.442930501089709
-1.715073704470921
-1.402053087198397
0.689065526500994
3.171399869788748
1.943567206864315
2.382450462937467
-3.343676898860469
1.067288416381331
-1.509282894392116
-1.396469131569878
-1.475459999265495
2.520680268891086
7.007755166368316
-2.917715814776589
0.585101855743710
1.202977448321378
-0.244649353150728
-2.180852573992048
-0.219517248777705
-5.308941327323369
-2.744858888144172
-3.713789202717431
1.904580316660115
7.413713949627761
1.091068012792604
1.203364910679376
2.295044271608649
4.060891406783112
-1.833083569026657
0.014535547592959
-3.800561609540165
2.584433673694138
0.399514790864383
-6.694245833583948
3.677645453298635
1.631176604620797
-0.519147141872614
-2.075744562723496
-3.740381459001874
-2.912401603843358
6.957573603442765
-2.455215830735217
3.659700605964971
4.271560994171033
2.718686942080181
0.506785872956998
2.949472081401625
-1.512830576337210
-0.352814236088216
0.466887864325945
-2.470763863355737
1.093020005107619
-2.283863458509049
-3.853677365238339
-0.481322313959695
8.403706537127407
3.783174342437408
2.752853507522895
-1.162844172147905
0.065321733092886
3.670792421985860
-0.528605960823628
-1.311575428626782
2.365186376079889
5.346147948395950
-3.560736987193670
-1.270789076712634
3.528902733648826
-3.560928724029859
6.522129859881106
-0.191187534854906
-2.668535470956787
-8.290788167108772
-2.642428099534414
-0.957882855784611
0.688578650217897
-1.524065563554892
-3.504614589464879
-0.845389959476438
2.409389734141659
-2.315334371663702
-1.120205863143475
-2.468781326793485
-1.532032110935946
-2.291046567429676
9.994718162637716
-2.007486072034174
1.487663417251682
-3.050853523270477
-1.596187899590817
0.259288787564896
-3.307677961836957
-2.302009294135169
-4.322774634080251
-1.616129139902555
1.669710172402724
-3.864734720032692
-7.983970259109673
1.863743433168452
2.640118839778792
2.384626246612247
-2.303863673819817
1.186627383040682
-0.032970923896006
0.988361256050748
6.067686760465048
-5.536539802836113
2.408512927602859
5.708729102676268
-1.877831752252268
1.583865891020911
-1.492429280857234
1.733416089662468
1.192041360493201
1.342383589583766
-3.390004777624524
-4.128031965295987
6.133908879604482
-8.268380039273035
-4.294737206180903
0.936962335042181
-2.276960613876811
-0.854768044423586
2.160617788737976
0.207582931139837
-0.582895079251020
-2.540100848031154
-2.854506820454723
-5.893424708978914
-2.810820936799423
1.785622200354602
-1.088565854436719
-5.649567847564972
-1.088463043856232
3.930821565790019
2.540488031615222
-2.471673225636581
0.912518076609860
2.661825091863709
-2.950615796992831
-2.443215654970146
-0.544089950819283
0.693451048037336
2.440653834242603
2.566840977615201
-0.372314005386268
-1.561413369051282
-1.150003526031062
2.362742209207195
1.749813512921604
-1.394608496160793
-0.471076488454450
0.510617387669781
2.082368165941582
2.790840936605213
2.504345644205745
2.009254558810003
-0.711283474621677
-4.862612535504886
-2.996902621352696
-2.499683131718615
-3.472653848565331
-3.911906333354819
-2.141404033453163
-3.892646719756097
-2.069294292319698
-1.763841150646663
3.477417958715578
4.361960881146788
0.747431925870821
-3.768354113519667
-1.130314592170544
-3.046098396940455
-2.558203693136574
-1.483017024586232
-2.829229910146525
0.506444985848610
2.770917114077141
-4.501244176317847
-0.332449422209726
0.612689983765203
3.918151334572381
1.676648260093045
0.584797563524399
7.740118783958965
-1.793461967136253
1.668884621831246
-2.965727960352717
-1.333214894776995
-2.008765850005795
5.400180702129833
-0.103484570046988
-3.463604348505237
3.023118154497025
-1.019493084841885
6.885261156360732
3.309028205262602
0.126526856491091
-0.400953383142825
-3.142337266622094
3.806473653804093
2.185219985502176
0.858197457209651
-2.381486926244782
0.899656475230513
3.131767000499447
1.351065430087951
-3.247766116792077
-0.830586930674920
3.718359302860755
-1.374138070242431
-4.188905613473245
-0.855620283097914
2.530700990018862
1.797538410137479
-2.311941045895386
1.667462746975496
-0.608594281795112
-2.229989794902003
-0.431146729548844
-3.507818714072146
5.123174496642591
-2.273173398105918
1.304346234776069
-2.487734900280340
-4.813387665906929
6.660844045919301
-0.312685169398735
2.828551113839810
0.102969643068230
0.571942388752563
1.800156480574801
0.001184065075743
-3.477328881471698
-0.726881090291414
4.967597678356744
2.152003859085308
-4.367931496395999
3.834034190404527
1.360668837354559
-3.172631858312189
6.816438064414891
-0.277583738499635
-1.081664265388784
-1.620843794769997
2.609713753876433
2.384826593590618
-5.155575421159360
5.136641577966460
3.210739890260574
-2.804298569996591
1.294356488544299
2.204070721715114
2.229510838419339
1.160182072626185
-0.823968297699761
3.863312415665995
-1.067057956029683
-3.280933641240385
2.800522304023536
-2.328943240129115
4.997696874059455
5.682793945247969
-2.046886178861524
4.012951469111361
-5.589002522838792
4.697675824290060
1.320261646826583
0.196290718378463
1.123959590452171
9.605888875080307
-2.536161334220168
3.586197211026975
-0.882510399776962
0.260119933423956
-2.457158073210055
-2.738167987679503
-2.790957718339271
-0.743079573370111
2.159856294251343
-2.079823108116221
-3.615041362515220
2.684885641881144
-1.494692886674639
-3.187528180980382
-3.292671062015066
0.244441448758641
2.409967654648131
-1.281051897515889
5.281503029225346
-7.033570872654604
-0.730419690737758
2.232866529009863
-0.876075096932975
2.093998587169025
-0.912939910967033
-2.003919463804638
-3.597671657646759
2.515755622316592
1.254965375283504
0.785502374673788
3.061308647194476
1.941995917243370
2.323057359369023
7.187096201439561
-1.852393495270827
-0.822321544029141
0.323134681893224
-1.430011942234194
-10.492006542384145
-1.193184391654297
-1.215155651838829
5.598383759723441
1.941484147971728
-0.755328731454574
2.676753971211377
-1.592155936820758
-3.219945969181781
3.146225620230869
0.914624929375453
-3.479332013378801
4.044599921751781
1.643046727466604
-1.920661403882419
3.612248063195386
-0.824280726234065
-1.524897358511507
-2.136820075805227
-4.973902972120965
-4.646270852571543
4.237312072324323
4.911557892853957
-0.311297406253912
-6.802044198900271
-1.460114134994903
-3.039635224470427
-2.594255859954191
1.613310978199970
-2.717193303113437
-0.486499549306755
5.164614462158742
-0.105717277298141
4.742141947187471
5.362319510482175
-0.004648975945002
-0.592980909653007
-1.282362681617681
0.873877797520653
3.648884886615290
3.918498301743608
0.504975607235662
-2.459028726191370
-1.296191864474101
1.200389740974243
-2.414000114997357
0.702625091328438
0.751488316123897
-0.006949423817802
-3.411187907229575
-3.877461559892812
-0.651056022806733
0.694665874636450
-0.866523159756845
1.943888058019586
-0.410572558782828
0.572949013690574
1.472716770216753
-1.444361264620172
-0.761778536594332
1.456660934981804
-0.336091073874805
-2.551529171124094
-0.575300175213188
1.646252252303205
2.652274901354760
1.896469208103371
-1.318121584853427
0.853618216116656
2.512022708243557
-1.193498883876237
1.235498813922211
-0.034581508522848
-3.284936552954172
0.981750645378941
2.962543158556899
-0.750175922583145
9.573413931511254
-1.044037292596045
1.887171969077832
-3.557732170429745
-2.693907805036433
-1.393733388402244
1.776486215015613
6.059689564409466
1.351954139848604
-3.571456924045567
7.649440190444651
1.911940776621064
-1.075626267356773
1.613086450888813
4.975059893047065
3.829732044361644
0.158749717628505
-2.288919237411220
-1.949290575823131
-1.433626857226491
-1.106021424430583
-0.401254045849697
0.778539802135624
-1.776205612221939
3.910367916613496
0.814674235450814
0.867607673052244
0.951114131382914
5.122244130447297
3.694352231111463
2.044956623861770
2.251476138700832
-1.662216248839477
-1.674844627176139
-3.241471764298986
3.146951345056678
0.961984345296058
-0.262114926128210
3.123571857843809
1.208113523313598
-0.445085948891645
0.509993108113133
-4.889578536932318
4.171576371790604
1.063537974590264
2.803559971039817
0.094099330724843
0.719156416778659
-0.997598699481861
-4.378116708926706
-4.020225180435252
-6.618758344886326
1.292078910907531
-3.440702840214760
-2.192428540514763
-0.072484672206819
-2.314351794278115
2.533634599955172
-0.692192576070452
-0.212632771649121
1.384420228246886
0.364196568126813
1.277989903891292
-0.916295628556295
1.569332825539330
0.077471140876513
-1.401580355961482
3.894023330347558
3.015828188121179
0.238446366539326
-0.069363708712298
-1.275633524976441
5.911019050299416
2.804523976095039
-4.118148927557892
5.732309023169313
3.463690645593684
-2.619111086818175
0.044520024280408
-4.823731184942479
-5.753523834572888
0.422211325114186
-0.003875635886763
-0.818392410936862
1.858049097267500
-9.583698092958437
-4.155945535786365
-1.223594016484808
1.731029874564932
2.875850499918506
-2.142610726173413
2.371943743687378
2.062858735898026
-0.276934297728568
-2.775318372702229
1.251152393844070
4.827069840785087
1.777655964691187
4.580959394390302
2.762936813796627
5.178846926863848
-4.711379413980803
2.867899730284497
3.386210629714632
2.803781964820043
-4.902631765979429
3.869369331626390
2.014584026777440
0.243537335368739
4.486447934056888
-6.465733575552455
-2.204288582173922
6.892660769134719
-2.131238085615077
-1.100073074058434
4.722506261566292
-1.229597498546105
-4.117509354954989
3.672007384239102
-2.385221552721646
0.127307438284489
-3.240335035887001
-1.685549629062545
-8.128974081672460
-3.056252381503303
4.025168361366060
-1.502515473250994
5.704001824424858
-3.841519490162389
3.053817946892304
-5.931802445577448
-0.226935156701882
2.990796342002436
1.452020706166242
-4.981434557318725
-3.212156365513519
-2.149347223819848
-8.046979978885272
-0.649946490938624
0.519106659710100
-0.808651696256084
-2.243357769601602
2.367976625925810
-1.403787813185980
0.292706956056959
-4.410417738258667
-4.608091550566406
1.571097429177052
-0.345007545028651
-1.630181254426393
3.211570608474923
1.518026338575931
2.900291087912459
-2.861806021502517
-0.989684671034956
0.394947855437332
2.132573214333262
-2.842702424289329
-1.117800070704890
1.281167865892121
-3.165739889104484
-0.961504888512955
-1.052686968960876
-3.172561214073729
-1.228844650877808
-4.141108679186251
-4.176654893002795
0.688059221804584
-0.397900972931255
0.713855205469354
1.763888115546890
-2.200549995995320
-1.524076016551064
3.168312466936357
-2.778316515722586
4.225658900770084
-5.383373552401006
-4.213310050477451
2.384400265143485
-0.333667971502629
-0.679704498978945
-1.308382650762637
5.046862087073503
0.981314316198387
1.931316863921158
1.313976685786759
-2.138932874257045
-3.697975537164491
1.659522737283068
-0.956113355667111
0.329927873265395
-1.180374126106456
3.372320274631601
-2.650845349036270
-1.689656457494680
0.808399218202394
-2.451482057687021
0.447639207142095
-0.280536387418816
-0.715973468813774
-0.203888638298097
1.281090127078175
0.320044925389680
-3.672841235394905
-4.342334564471120
5.453272359597935
-0.101625231870703
6.400821728051262
1.760184056315782
1.353795192665209
-2.630120240753353
-5.124010082600472
-2.452272712712926
-8.757315564541862
3.361733801084132
-5.971543862558002
-1.909257299573464
4.095032574498011
-2.906086213225211
0.533221276702726
-1.351949169473302
0.104387237245085
-0.607470208380113
0.499566654210438
-5.294257694103893
-5.388780522647353
0.242271857901104
-2.334086210753442
0.077622463632233
0.956635181191660
0.135189157197381
0.099060634013813
-1.631095077690497
-5.685254370529689
-4.037318379426321
-1.141268944174999
-2.623807957222111
2.786398536953661
0.967829816569903
-0.009566219612738
-5.055997975280476
-3.898491688655216
0.768572950629014
-2.010623518160048
-5.561254378105308
2.531345563911764
-3.444894286110379
-3.715457253896055
-0.894283762618426
2.447168729644572
0.414913011951872
-2.149102147320034
-2.616840754488730
-4.153516059163634
-2.250034654781761
-0.077693511947766
3.183736946051356
1.640444333945556
1.000237991891175
1.871199051393316
-0.818501281419152
1.631339406232581
-7.357380370062102
0.949070208942404
-0.154515067050314
-5.536995425038933
2.282658705370894
-0.994695919528977
-3.229682579080292
-5.243318391965611
5.304705009322881
-1.734814788812754
-0.442352228961335
2.042970220971132
-0.665125725007907
4.738799600518349
-1.025229097930551
1.737989699989541
0.460645202202983
-5.109855517128435
1.435200874505673
5.015785927250961
