1.525720106582201
-1.150226495831231
0.701824672259411
-1.132503239275148
-1.475735059018672
0.190164088256231
-0.323575137020052
0.949108001380619
-0.174222952894773
1.103435278996082
0.713171367775697
-0.150789300139389
-1.038395664537522
0.594391486450755
-0.252945150162979
1.465675628782291
0.517209036985578
0.549394568603696
-1.196746577792749
0.956289217391608
0.701466911126997
-0.997522808903786
-1.294797574137709
-0.272879218754423
0.461190749812850
-1.426649513838305
-0.395779706752995
-0.301160548009617
0.889045239935523
0.521587398156236
0.260284169385048
-2.128848096189175
1.293200427779472
-0.271976439258337
0.734359389357038
0.593252997053099
0.258370417070719
-0.484839642889018
-0.205092632549296
0.624171862369972
0.597299617442971
0.239295117420618
-0.820354048100536
0.277880907728760
0.746021279399424
-0.040739719049580
0.757292858842732
-0.632938303417094
-0.080079795952612
-0.590834710991884
-1.478197522659168
1.696910251026783
-0.903244110085146
-0.416790572272462
-0.179477412916578
-1.303661206820746
0.296150962094926
-0.758528094721646
0.931071846758431
-0.966222816852278
1.374409188609512
-1.540793302334903
-1.482400001384554
-0.311897932074234
0.043624531148309
-2.279798321340656
0.578833921171405
-1.617736821792656
-0.792008752931738
1.136965947537199
-0.849116933421918
-1.899063458001972
-1.566314899224802
0.848514205983392
-0.326011425718783
0.588908711823437
1.114813496560899
-0.771754723536562
-0.266729883495211
0.126023084131962
1.238250960590398
-0.406197414319956
1.190715662734242
-0.427789866675881
-1.419086663451224
-0.843964287896030
0.897325425511854
2.316905868537050
-0.122030026351339
0.024105699130380
-0.164919878822486
0.012920341914700
-1.121011012070888
-0.692164097911038
-0.410857673478883
-0.036073975416640
-1.513560805813045
-0.724923279912379
0.518035465146143
-0.672264264148668
0.534152784054409
1.784256022160493
1.105448199665188
-3.556537577975754
0.723443955942306
-0.523429321017848
0.330627746070627
1.679861427475360
0.141619829146649
-0.118228737307531
-0.091774919679411
1.496905529167968
-0.106216512668457
0.983382409236771
-0.382393569170136
-1.355838772134681
-1.224049931755907
-1.290554976283818
-0.037468947568022
-0.693201708097984
-2.110526657243920
-0.651496518257653
-0.621907221471000
-0.304702641607007
1.402033057529543
1.606587480418037
0.817171309674802
-1.583342333214194
-1.743374226232192
0.910829668890396
-0.592719635009345
-0.148796710021429
0.755943786995157
-0.316616235675057
0.344036091572589
-0.352798218826283
0.818566530735995
0.073013272896884
-0.460725271426484
-0.761308263175457
-0.943718873121612
0.203064220232428
-2.371471263085007
-0.331096600450163
1.276143141268361
-1.550341307099078
-0.391213512403974
0.432180807475361
0.208770896958991
-1.541018230488957
-1.341074413552497
0.838146550997172
-0.299065087733473
0.837861011383963
-1.217102794491514
-0.930241952640056
1.539296000406507
1.947399577723927
0.834976182546754
1.420087501232223
0.295105172426537
1.531876203830481
0.705412746641885
0.471518364589790
-1.407655931821230
1.444215519925033
2.752168879829640
1.917835849440844
0.033549214283023
-0.205711035394588
0.075743938433301
1.350387494684106
-0.625637862753790
1.278450786428270
1.659613764454981
0.707508647784816
-1.511344471676656
0.705690106090729
0.364250358675834
-1.562100453052175
-0.148303567862885
0.390864884262177
-0.130585828756847
-0.535795649837981
1.306612100155972
-0.050787080748749
1.295823653826593
-0.686109670927258
1.543699141835859
1.030924765627073
0.784067648616313
-1.765090524816242
-0.077065806301983
-0.338284264932941
-0.365613596766724
1.741598344469688
0.070977552677774
-0.019883067477781
-0.719441829038831
2.273252309069470
1.862410047742775
-1.023312902023312
-0.992753914825435
0.283803518555547
-1.411355201169060
0.228944939909370
0.251187469324429
-1.574845590435727
-0.833430468037065
-1.148108718687523
-0.481631093006957
-1.003590925174561
-1.995090011568726
-1.137256024457389
-0.963785836338487
-1.095343759057507
-0.874212975640713
-0.106851510838782
-1.012083883367348
-0.655926657172067
0.898469343836205
1.648569902578900
1.109938340020146
-0.881272208034381
0.844606091219701
0.745572433282326
-1.119245779270677
-0.003093478725801
0.112922459983011
0.407602620959216
-0.978106863067111
-1.695824609055413
-0.494256716762141
-2.401743337781947
2.537539663657613
-0.015706667850398
-1.003539608973390
1.094532792036072
-0.707863973173697
1.256291856979600
0.726104238435013
0.520637248554388
0.079565423754913
-2.158264043849493
-0.273601077063876
-0.242599193967758
1.175189095214627
0.535114392001091
-3.768839216775318
2.241945107718848
-1.369570262566714
0.364317701582273
1.687342673887472
3.050518202147902
0.681546859094085
-1.046482094239397
-0.542792243730245
0.296030697299743
-2.326952787656374
0.043107499463297
-0.111783580544433
1.572145339372305
1.477675862485281
-0.082624372843121
0.927723682008720
0.749723896139434
-0.155072571445005
-0.497639820336575
0.773708904205738
-1.372817940816208
-0.927450749969099
-0.649351252907747
1.294919079772876
-0.564037225343607
-0.111685038736835
-0.675554889186071
-0.096218933423396
-1.070305186435289
0.062924521282044
-0.831131039444549
1.206216802105212
-0.854381214233529
0.501111002891566
-0.560447592694392
-1.572970994217084
-0.952978074417601
-0.730811527205792
1.560213522763227
-1.175786156619731
-0.906139068393925
-0.562635886686773
1.328148447782035
-1.376414500543393
-0.179806225293029
-0.226363897880374
-0.223793362293330
-0.104406701609662
0.000608771594855
1.213332334645996
0.310313270948531
-0.739082747664713
0.797660850161503
1.628360146866138
1.310084202453152
-0.329903531168117
-1.122940254926949
-0.723405135777780
0.980746907417126
-0.465873925655475
-0.230410477051239
1.529894826570717
0.259998714683918
0.009063787320177
-0.042066245784868
0.912468093909849
-0.033306967772391
0.716588355881824
0.176849188168002
0.920794884008465
-0.720621336183587
0.485782214172824
0.466148381089265
-0.403963671110220
-1.319592760960940
0.857097663257270
0.370148120173228
-0.821603286769085
-1.039069589440932
0.201374184326608
-0.005698340621949
0.684356757020297
-0.716891605154478
-0.096699403947479
-0.750126200822046
0.381034204943574
0.050406627511690
-1.667752762009455
2.576986412638384
-0.882052303485784
-0.351560471833341
-0.459439441766923
0.336839880167033
-1.369037019185430
-0.206252609787187
1.440948914871753
1.538135149557061
-0.175233017685921
1.242892646041732
1.450716761865718
-1.551625299274606
0.592475736707456
-1.837930552092837
1.279685093343855
0.180418889775474
-0.419485549525968
2.420370944961372
1.415243622210505
-2.092054256328519
0.170007801692088
0.042050796578360
0.040823389436967
-1.961641755526580
-2.829850361329578
1.106843703499995
0.725732232207544
-0.777795343349783
1.642973845096068
0.111557151166003
0.176552814373326
0.354400148810610
-0.800302937415466
-1.798607358339988
0.419350497115967
-0.024372819010226
-0.525245686871873
1.246412753254888
0.579362682988720
0.845823578742176
-0.500591216635153
-1.208737065284722
-1.082260586398637
-0.458473686866603
1.153918358473603
-1.329595634820060
-1.444254487106109
-0.552392033131933
-0.817810812728903
0.243749058140878
0.281953510185270
0.973392439520543
-1.089450912608165
0.798966040676911
0.103433294337945
1.203998116178393
-0.755733380165119
-0.820875887452110
-0.200588307480823
0.039592543639887
0.304379650742447
-1.359745828594118
1.379425401281821
0.971715163248947
1.056098524214108
0.530918692177447
0.060170001209003
0.927575471174170
-0.987417205900824
-1.106308528132149
-1.467197127004824
0.686124695667987
-1.843602688193848
0.074623393958215
0.181932081264244
0.561572988400946
1.008753177022712
-0.569115969748956
-0.454063373980951
0.345111477318428
-0.892428368104177
0.311500178205605
-0.527087482873583
0.213713086109132
-1.209361570174184
1.795107557809678
0.109284729419872
0.132397886514397
-0.011389193926782
-0.109303298553010
-1.975524130244143
-0.500297156490818
-1.981515041521628
1.664691585395041
-0.685272720388981
-0.392075331693466
-0.271175719897087
0.982755212654133
1.561341450932210
0.268614044855184
1.192982944396587
0.489655711782689
0.352239681899883
-1.360657681440402
-0.499637033526809
-0.948843641603832
1.121850428288228
-0.264043394849838
1.574233767285647
0.830344590176160
-1.753196799563948
-1.337486839453850
-1.731069226974563
-1.020473732277987
0.509012952195014
-0.054715534803093
-1.373471482909619
0.021411670554520
1.394832306876283
1.395482240948266
-1.669627373997984
-0.302175620986205
-2.100118256149739
0.314926963930262
0.559178304163044
-0.565543494039921
-0.735323851480315
-0.076440177203365
2.465707262107957
-0.357207772485181
-0.442594982727283
1.014869333109201
1.221777180311451
0.119922684677962
0.836465011536488
0.613502828186057
-1.956861702576815
-0.279392135862395
0.930456052159924
1.157209065197223
0.230123516163628
-1.020087008837241
0.486291658764722
0.371596840197153
0.025291584793789
-0.731282642683418
0.557892701420487
0.110148241420279
0.113287186054493
-0.281103865579385
1.474101535621001
0.353291927972826
0.083296395176347
-0.259295125529718
-1.094614018982910
1.402770252338341
0.575558514590910
-1.467213900287277
-1.129019831908842
-0.363891037307328
-0.090810494500928
0.468660640294563
-2.294864607564111
-1.938817215423078
0.710242746474961
1.646509102606399
0.019181847262073
0.195784972493636
-0.942833905618233
-0.821978768969222
0.064945169624269
0.758132662010345
0.325919496305261
-0.053690928997803
-0.328860047251662
0.812872218362761
0.040267509925044
-0.115983081357688
0.002938920605006
-0.247951548735357
-0.298690791610891
-0.059450859304629
-0.154334571478050
-0.124642636806118
0.394570689637339
0.885463364336156
-0.078560570826214
0.879082731125945
-1.405836760790173
0.967291353017814
-0.513258108661770
-0.493661169797639
-2.094213954840373
0.991685163400489
0.515336875451370
0.958269071132292
0.221572474030977
-2.262017716608967
-0.927521891414743
1.073452119130540
0.052044993059476
1.512929991558495
-0.601815882259251
0.898794459037956
1.253024064306672
-0.345796651097307
0.370381751880734
-0.577391022958596
-1.251798691210868
0.047954417457768
1.221422630348565
0.570187818061169
-1.075668724315287
-0.597502673903060
0.367214623359328
0.564755865631888
-0.260174884910674
-1.445684042863790
-0.848375246591746
1.311873968729514
-1.374800438282983
-2.437606536539516
0.309589685143453
0.168070922510227
-1.123065470443183
-2.411702747093835
0.246141511133979
0.320174585969276
-1.578679664224335
0.407839666164741
0.930521224631923
-0.567098567127896
1.235514024770562
0.882394972724833
-0.407895693984080
-0.402961743819492
0.987664992872799
0.304397180953217
3.158422855575766
0.951690953512014
0.472689973538597
2.073616388832360
2.030360435586962
-0.328205064124407
0.984718967000286
-1.330923541040116
1.211506350909485
0.031599491005465
0.369648725707944
1.456457863440866
-0.950414848058343
-1.071353240897230
1.326548870554127
0.264606396993561
0.218323861898382
0.053568674086267
1.162544114969832
0.076996383225761
0.341102205069917
-0.728146802029289
0.419981233314567
-0.380291478358817
-0.107910753978153
0.412565218429614
-0.149284722138958
-0.475759729781734
1.111162423792171
-1.079696103307283
-1.015632958768539
0.307086126314010
0.312884860903814
-1.052688767316709
-0.146954652394175
0.143742016516871
1.041088129592767
-0.896435992382801
-0.244930957585651
-1.031550132951670
-0.840759678754515
0.422628656284317
0.621972431920044
0.292187011644314
-1.071329844776610
-0.413672237221758
1.248137837158777
-1.595172688336465
0.081763525046061
1.016752397133385
-0.102152096164542
1.093155766064830
2.074058143721736
0.600498801686486
-1.714279161295854
-0.564612244368487
0.623679328498892
0.381655507567337
-0.522880414988315
0.570152341031825
-1.188904203068645
0.255590099832460
0.237926829954247
0.177184109056446
-1.359586672624433
-1.571491939156360
-0.265702007951603
-1.202227158248560
-0.102406423933935
-0.243404844775398
-0.601929819779143
0.926509907641731
-0.316799110753606
0.295618223263384
1.547799057894268
-0.191183558173585
-0.942546343605352
0.132155275526622
-1.161483959409836
-1.080099148931230
-0.378243349051741
-1.490344049578315
0.530676363024423
0.056844110527349
-0.487099901925040
1.248252221436030
0.823035411491898
0.934323500314250
-0.949290153297532
1.208294408152454
-0.000462310157293
-0.341885433681337
-1.532789715716098
1.231064976341684
0.708828861827471
-0.264586046327513
-0.697076587072658
-0.702243306836853
-0.406191343667726
-0.279202332273451
1.317285298329625
-0.962622075899610
-0.374625802457160
0.049195508916404
0.005304868612890
1.040206002493747
0.742370486855685
0.474587989455611
0.471132152674826
1.673529052070151
-1.753572536215519
0.730147107471172
0.407420036852882
-0.636061005907328
-0.776535716048222
-0.950284398526874
-0.171763107042736
1.245362873056037
-0.817370092861410
-0.409376340524946
1.631760242917702
-1.349842376974720
-1.429791815541359
-0.309888571363367
-0.394181576700795
-0.634877846148565
-0.622174341577126
-0.079480078325103
0.485532541930821
0.189706670683146
0.511255253429605
0.684838365258376
-1.118853808392634
1.456007308710308
-0.918315539557727
-0.785983336893278
2.428394818571771
0.039136989504194
0.027598842072093
-0.494889074548284
-1.101298552077442
0.192387469705775
-2.283531993513921
-0.722345950640855
0.577712700112971
-0.098426545978892
0.423349298020379
1.028699132110146
-1.592472965414275
-0.763623423801430
0.107645020548459
0.753871702704143
0.156161335680374
-0.047667171010534
0.688350372499753
-0.582856234199284
0.213823855820619
1.924356913767446
2.103522464618938
0.673372744291566
0.247038436212265
-0.017898764179572
-0.706998576844042
0.741584036333175
-1.061473437063926
0.248581210563871
-0.990995980797708
1.979176071117227
-0.726526217979654
1.340017253783176
1.010569555862314
-0.090227197040980
1.924970129036833
0.840825492290935
-0.134172590513332
-0.732882891654829
1.400217952534832
1.406465005287357
1.741969086808449
1.335704250923078
0.278438344004501
0.042101461997941
-1.337796710266545
-0.351152905767089
-0.415122167262946
0.181291900532025
0.374467697948324
-0.285414851437390
0.703079758729984
0.227882458641608
0.438542660641683
-1.807396563989169
1.381284216423785
1.737760403207597
-0.615080577402154
1.471731387903397
0.065155414621271
0.360063118745208
0.464612188610461
0.199920687661842
-1.057865081637331
-1.086190182071189
-0.437895920673414
0.577374892964178
0.362930854806981
-0.966137214959581
-0.488903579316360
-2.358081376039081
1.100652932808252
0.105512790666177
-1.241698753008507
-1.516141582013120
-0.236178461879891
0.474298673486261
-0.467608074621762
0.033147844622119
0.208716279851742
0.365736262963067
0.113525423639493
-0.420209709229258
-0.219829129574210
0.072999163340688
0.249770260909595
-0.863604640225422
-0.649715156806267
0.545597097116478
-0.070189497375890
-0.916479997308155
0.888923453188079
0.314387248836363
-0.600970556026467
0.828845435070477
-0.127670134166439
-0.122430892185439
1.558892908176344
-0.070027889836678
0.544571207586257
0.368175911061721
0.879310304469230
-1.075897318458712
1.305238513477329
-1.340002097379208
0.552903974558716
0.956527753559791
-0.975792619349935
0.646052211947860
1.544510085150677
0.441453411714749
1.123499444241734
0.332917135355108
2.205681485271869
-0.032897885202983
1.068376722089911
-0.638696774258867
-0.024765873962125
-0.394534248740331
-0.769093132561040
0.635064573452550
0.454658100469749
-1.186329966483575
-1.373335674892344
1.378342648364854
-0.248626510349828
0.384125854993079
0.099342915009305
-0.086210516676739
0.398362054386514
-1.919321847975828
-0.543563378313524
0.334078939835023
0.036647409722559
-1.514026687087094
0.179811545011861
0.396333437673128
-0.619951535821458
-0.199989541687927
0.839908310802412
-0.377153359192465
0.170299296968024
0.559445206408513
-0.085518645824595
0.174187776771644
-0.090877549084645
0.941577135891239
-0.059192289881477
0.985876882397276
-1.385575049576941
-1.473961089396565
1.438392843290417
-0.850975525157354
-1.087836319665235
-2.043475421786239
-0.246043863065195
-0.334349423588251
-1.247076320065368
0.254694855275218
0.632821461284776
0.528531392398553
0.642044796840810
-0.767796770970517
0.836342074158346
-1.325481868713294
0.300962395061775
1.351558228611881
-0.668397024704535
1.607610493903953
-0.834203143514815
-1.453153569914561
-1.263643912787791
0.259185864353973
0.849199639817379
-0.227377119136807
0.219844790436218
-1.173000519666604
1.512210435034580
-0.097026371308543
-0.205260960379539
-0.177873505460492
0.749947260684052
-0.037411218852039
1.102135417483490
-2.073602724686551
-0.685596652640918
-0.548784702392299
0.481062664757211
-1.751098600411143
0.244724521929800
0.637169621778066
0.058639555076049
-0.115606756286998
2.133926158007438
0.606001664917552
-1.722131742013099
-1.239262887031174
0.272515483660589
1.525328855705653
-2.088448783560106
0.771739915095479
-0.381745989396197
-1.339855085522131
0.159826482287433
-0.011438745529358
-0.033223331113277
-0.778596461605071
0.270507366614205
0.515086477605970
-0.053047909860373
0.242954206522326
-0.828510247762742
-1.972655431328090
-1.910974555734136
-0.825606062043894
-0.318346992245346
0.485237440163029
-1.797220122744857
-1.043894425945383
0.154110310568524
0.012529698006957
0.601253496206953
1.627252319796571
-0.215115520606848
0.776836777784134
-0.211232323563323
1.023477990580373
-1.379485973350085
0.097533494491685
-0.357520542647757
0.238985997052550
0.774344791114174
-1.463381084365054
-0.044290487384111
-0.442687981980961
0.072865182222093
-0.116913012538219
-0.642968600284196
-0.903608707619008
-0.130352769292703
0.697563880686268
0.270384705239903
-0.158510237371927
-0.192248954214496
0.228739499569645
0.025012737260892
1.819630535151339
-1.030548445992777
-0.846376352612889
-0.924387923217630
-0.412601560201560
-0.719070137573039
-0.003992185088204
0.489335134614843
0.661778392132322
0.432095004466783
0.079448083328888
0.073692911234803
0.536450279624219
0.138706748769795
-2.015615808129927
-0.714355817244149
-1.163335476489154
-0.110583861920186
-1.409348687103609
0.259911263372355
-0.404850450746987
0.673300939391072
-0.108715069997086
-0.493146410681630
0.174230723200791
0.052662248675344
0.873736160099497
-0.340817070546720
1.464237890865294
0.548601966461301
1.260804935193104
-0.053305869422530
0.739803186660691
-0.354534788430423
-1.215436789090173
-1.236281572418283
0.175788490739131
-1.051892803839837
-1.456038822384351
2.089008739220584
1.724669596944183
1.052759795022906
-0.819206540213031
1.547814133733479
-0.046884545464709
-0.204876726238722
2.209478464080466
-1.123453494892763
0.246194556481780
0.115298858420300
-1.636887374932343
-1.186251963971815
-0.717488262809500
-0.180300703766338
-1.214596338631835
-0.152473355662797
1.273133840578827
1.096669182354316
-0.485831666366811
-0.304914272672083
0.700534531732997
-0.419255675701395
-0.582954643386272
-1.725838059185647
-2.031146259872581
0.601013329803657
0.385888043753504
-1.131252015943421
0.113801776411113
1.184543588986964
1.131515915614401
-0.644205473978056
0.335968268835570
-1.939005207889807
0.005611328251444
-1.466795501516572
1.312518698800647
-0.574192951456139
0.950379801467913
-0.918525167723513
-1.092317558926021
1.622700955213114
-0.764690047096360
-1.336381408487180
-0.748120374565896
-0.998572768390825
-0.597553678724476
-0.487822587560274
0.360946057062544
0.345345438117837
0.676879627485360
-0.091626086066606
0.899422578190460
-0.318042881503905
-0.212544075092324
1.799897931483886
0.739199145679988
-0.228107811612049
1.242277151864272
-0.479676564360333
-0.967035383092929
0.166962453511610
0.130157213956570
-1.236416290345464
0.021021631457510
-0.486917244528943
-0.669231005354802
0.073458881379279
-1.022909110029013
-1.010338910810713
-0.797525225868999
-0.350902869418420
0.656238889492774
0.819988494560694
-0.392740785728188
-0.181663617266098
-0.701355854912249
0.425403344796364
0.172122869844000
-1.043265120753243
-1.095332442669904
0.435026834028828
-0.641567338219720
0.920361163821930
-0.392078610316440
-0.193062897944517
-1.229560259934170
1.565630049580174
0.261206125689191
0.683750651305414
0.081151062316627
0.506872799701818
-0.931543382668043
0.279327594972771
1.164053666675997
-1.161404578009388
-0.054530326592429
-0.080443723184272
0.282633397583447
0.465967964833079
0.384449845763895
0.088758218513425
-0.288623797714119
-0.009048026821660
-1.182294629229082
-1.688431480470855
-0.435128026990074
0.396746603807273
0.633931954990122
0.474436846806663
0.027041289082166
0.568503385915492
0.092449093791159
0.114925831823275
-0.924677802533656
-0.030841063758353
-1.363768909044048
0.233184038760039
-0.807999688217336
-0.223508606487738
0.113195822748560
-1.166480567449141
1.314022245909418
-0.286154528122096
-0.000969565648259
-0.570110884635911
0.707211494906345
-0.839461666774300
-0.085301119697063
-0.534890295332652
0.769526877198908
1.181058829350254
0.981283823537875
1.445318815683307
0.003560867251021
-0.009390524171076
-0.240393494929395
-1.292310540926705
-0.273855872928922
0.688377083551228
0.605064979710530
0.025847270687550
-0.975669818500493
1.164465267024442
0.354135515701210
-0.592985453368468
-0.208956369981960
-0.224993387961896
0.255127458120229
-1.224763542685260
-0.368878757343391
-0.262138967969707
0.419101285312861
-0.914880178406273
-0.142904127691414
-0.370698119286589
1.151830127221084
0.203657958084170
0.509888622339134
1.055632083705337
-0.691905915030209
0.394061928256043
-0.585271151850800
1.046450123755679
-0.212309408321141
0.262131454894563
-1.486449331405543
1.235268157082737
-1.322958071135607
1.298265998030060
1.179681217480613
-0.176630853681937
-0.435850646866090
1.233851373086444
0.969164640893722
-0.670576474573261
0.714879569627958
-0.810621874788695
0.714703827276214
-0.650488651246195
0.145454389060553
1.243841496682094
-0.308016524134960
-0.315860071374213
0.706675856354799
0.756086914980065
-0.039595786422614
0.095629329425418
-2.049541051089971
-0.463895591416459
1.796242954201033
-1.359315780883116
0.138354235455492
-0.410895802250246
-1.633558146700876
0.840570099040982
-0.892577499352251
-0.974665265871058
-0.541112391175915
0.834116354399781
1.117028274222689
-2.681241526909928
0.999079062325410
1.194478622111081
-0.351529238234146
0.548930140047723
-0.959786636336522
0.623528688601445
-0.402406284081496
-0.402736497137411
-0.457314614505378
-0.906383273259941
-0.305312798104254
2.033969986572182
-1.374063067882076
0.750223865831829
-1.568059373336613
0.147563887622597
0.649868444977073
-1.190733449465517
0.788974029885220
-1.317711670782008
-0.560994977149299
0.190821776434541
-0.267950730506680
-0.542273422611425
-2.377660160766287
-1.534054177387413
0.158884978681310
1.081772507605328
0.346769904577373
2.036993402151811
1.730173924696188
-0.160014184210102
-0.414566831315639
-0.470206486998223
0.606507756263685
0.765461953109237
-0.128298779960356
0.014752689645953
-0.388584709254277
-0.169934265177340
0.512706538397832
0.306230535231183
-0.263443839577368
-0.517638459601347
0.315933663510215
1.124451036955230
0.005724269997881
-2.177755610414154
-1.561551543732319
-0.130034300676687
-0.149078584509384
0.926748850480813
-1.319250385829311
-1.956657328834248
0.179818235366892
1.161662071404590
-1.325495250439168
0.468910508383337
-1.202047160180133
-0.484726064283436
0.540302753892981
-1.104244251130080
1.278167604992264
-0.199633501022533
-0.577216245141389
-0.940728731202313
0.287301347231056
-1.560121680617894
1.082351174619342
0.608766938254665
0.145282503039916
0.417291948802534
-1.342225759363199
-0.230285984925920
-1.425429650301950
-0.026340600729259
0.242590799318786
-0.366769190655724
-0.626985005763198
0.224651871270824
0.451268048796507
-0.110208201793043
1.197958029889922
-1.935565778004494
-0.826398949461816
-1.881859426101291
0.659648604011122
2.445751030286291
0.439253877461385
-0.640265573922892
-1.572611331199781
1.947693504357025
0.239256398459035
0.255263388728473
0.597561495680758
1.671287308680556
0.017889525595016
0.235053072345547
-0.249751324986504
-1.758192147050046
0.332474737716957
0.202742320939210
1.173018315217711
1.795469099494025
0.042600001413078
-1.926524214439616
0.838783392667254
-1.374727020377168
0.051662766271039
0.615106360158196
-1.335891015025300
-2.378075231232641
0.326401760197865
0.216261474468077
1.402534367010177
1.939192384177873
-0.299661248499983
-1.446020490510736
0.906160631407563
2.332151300766094
0.341188716875856
-0.751338714167147
0.389660403593023
-1.184001955761216
-0.620456564891941
-0.693124484117144
-1.642414386707140
-2.140357157980948
-0.921148182548306
-1.336385902693030
-1.088304615819615
0.209326453159632
-0.910098782340864
0.699425458697910
-0.637414661601133
-0.510356115386897
-0.224889280390884
-0.869114623826403
-0.988860196315989
0.200751295850556
-1.169427447925214
1.359778068539317
1.622157935995158
0.345688184085319
-0.739484749010082
0.070908115095933
1.401873435621567
-1.195752911189443
0.337645096215014
1.839950974988276
-1.151799007677503
-0.597129203012787
0.119041096716048
-0.865003943104661
0.030460193052458
0.927715210040121
1.202755382609767
2.780502649217468
0.708380730772999
1.394102067576480
-0.003696821060161
-0.944751899945405
-0.587942489224325
-0.100359575146725
0.855518392319591
-1.621949855616762
0.293573597497939
-1.816634374331328
-0.779092198250150
1.463830488363041
-1.229534781067874
-0.920265722664651
-1.581892291279496
-1.055802410856198
-1.111730620261064
0.629902885482374
0.197182730889062
-1.359822146392586
0.429019108505588
0.997339681006530
-0.155099766188860
-1.836371455127186
0.229467325291652
-0.707550177402565
0.923995744332890
-0.370683063383937
-0.180458766965651
0.236354150626165
1.580141395179560
-0.884255614897375
1.443748889201145
1.339615084366423
-2.419316032543062
2.795204963027735
0.082392186784429
0.776317980659240
-0.812673892070690
0.666027500839372
0.319119769745342
1.092515965326401
-0.564864005632584
0.329974330650348
0.926558420996290
-0.772478299796969
-0.204729168704847
-0.601655499205702
0.147181441096956
0.287596783300138
-0.465085658685590
-1.049918418430286
-1.254505013691439
0.851231767823194
-0.702596506718330
-0.767031783440731
1.076357274381892
1.305921529373561
0.415146737454522
0.772562370133544
0.938567300684863
0.056396281609765
1.498126916348544
-1.015646304272704
-1.926700715710382
1.480430127387401
1.634826577142072
-0.051323869287861
-1.918525784202035
-0.422173714859346
1.404617130277923
1.800947769125377
-1.160362104545703
-0.361677959820006
-1.097200864176690
1.520987174404103
-0.046415046278610
-0.796957515558871
-0.488447515313837
-1.732723531728078
-0.366578170745118
0.818404077660614
-0.142996755303307
1.949093135032993
-0.786447077591300
0.669906253108555
1.044942763092887
1.908423111947661
-0.721500196668282
0.772756117489666
-0.205020265871387
2.120391707730001
-0.046520325810614
1.364428615481795
0.584087702975481
-1.584487137716311
0.896246856621315
0.857001894979608
-0.288870251806135
-1.041350229802453
0.194573921530888
-1.073602790186758
1.578402156412697
-0.103694159026986
-0.011085237452811
0.131836453579730
1.202843829537157
0.183335908148868
-0.148101379474478
-0.575468603373333
0.790944767370121
-1.591486155883653
-0.595982183591535
0.252477029197251
0.182521192079338
1.169603888126113
-0.677836105626258
1.215101090992730
0.285976360457712
0.686368163502043
-0.974022616964931
-0.473109315729736
-3.931572052020672
-0.437464364989954
0.782275915405697
0.513492705827046
-0.037135286976590
-0.885924622602695
1.550938003486964
0.586519273244020
0.457787622296164
-0.755197479508002
-0.150902970512333
0.291835454170773
0.055247216302964
-0.066915850621043
0.816763244963680
0.191556037384198
-1.728740443369154
0.077771268563216
-0.703259569002821
-0.108652307232416
-0.616473061549202
0.580923849804834
0.346247744742306
0.014797741142382
1.734113406881695
0.697479291033297
-0.846690606026135
0.000155928097378
0.054587002564808
1.251042624067463
-0.706918410909781
1.594137368319929
-0.397814048399668
0.971110662817249
1.501538497995257
-0.597628560119142
2.090873272452567
-0.955995383572045
-0.093669034183310
-0.692709890927672
-0.669602178863599
1.612492984172221
-0.085620995534296
0.894964598774479
-0.551165633071793
-0.819029431936368
0.481372442779787
0.964772892766676
-0.059193149425134
-0.929247186564034
-0.687942252298261
0.754380109905118
-1.847485856837937
-0.762274759916987
0.373494672603679
-0.022861996579438
0.984271550454530
1.548772727110626
0.908241132222593
0.781734373116876
0.491027124544977
0.180375888148656
-1.075588920578568
-2.709374819610173
0.740319556031884
1.481360119236479
0.794221253441503
-0.331577792438016
-0.728330139819690
-1.620125139448466
-0.340435618004946
-0.222108743532609
1.059667806304467
-0.236729263694784
-0.059190406143892
-0.816631656886681
0.328722131424644
0.580334697794748
-0.924704205118268
0.478244667368971
-0.280829636923788
-0.760767693705125
-0.847443573250671
-0.303155640991852
-1.215037909998143
0.432727194519762
-0.422467221052721
-0.601394687543495
0.534554014424150
0.864959697696537
-0.817230171956798
-0.679561308180533
0.524213441583331
-0.257105582681291
-0.013342822690187
1.045823012182701
-0.080990506398832
1.116958250680888
0.010175961768776
-0.212695193366015
0.284978897875660
-0.909806089080308
-1.297011138036806
-0.202168385707751
0.469696653592075
0.095623196377496
0.041265231667155
-0.546281594086692
1.075066726508580
0.681919664020754
0.565030518360314
0.058089462397784
-1.545654136669005
0.730810951084377
0.079713962060306
-0.737623050710541
0.777210952364815
0.442323080269500
-0.078981122232363
0.713560403162654
-0.433494708482049
1.742912812475684
0.331459945689469
-0.308663356334303
-0.362276735553470
-0.698008839648932
1.390310958598546
-1.187274171187147
-1.068434067654498
-0.868531314604888
0.209345515281045
-0.815252178494979
-1.049684470015680
-0.609693255656211
-1.005733692084861
-1.825990071941732
0.940146094967133
0.735529143087737
-0.359812950182678
0.360098315767382
0.621855575217302
-1.016231803778299
-0.210086132346532
0.230694765514571
1.945298697798776
1.195310936034153
-0.519601429816321
-1.431116468414117
0.187344553375778
0.559093610636256
-0.798032225804831
-1.436363219778502
-2.521490255105700
-2.396690417373076
-1.239224743474846
0.411936400263504
1.517269803624784
0.597971949082812
0.659906512366708
0.641187639013327
-0.918827178785457
1.217456140838889
1.332331332468914
-2.041089827243572
0.350030872754411
-1.930859228538897
1.842963923511464
0.061488937257483
0.455836620881874
1.459318558838643
1.135585603990777
1.529773258507851
0.374285662583696
-1.427178423681681
-0.518295143751860
0.485509154639931
1.799754394163910
0.210799080609386
-1.032255248590967
-3.302260457422896
-1.624246378224318
1.127730616199866
0.701626599679687
-0.384422415232552
0.170529389020357
-0.731977637106388
-0.271022077530398
0.728888207522314
-0.397925685974428
-0.012493047670412
-0.060509531702778
0.136490586391725
0.334382057015465
0.427147234567041
1.849242666333602
-0.749486664857788
0.628684840343445
0.499991529741425
-1.805679572766153
-0.967256644067237
-0.673290861337241
0.265763898151074
-1.295391011309066
-2.338257592688363
0.739389121271778
-0.726223276470347
-1.162882325968956
-0.189452175966934
-0.428745810076509
1.030044732046744
0.067807404635033
0.907786409450586
-1.334374180402357
0.652854158654497
-0.012530974676720
0.132150823391970
0.411214943947311
0.794393846159220
-2.090704768219691
-0.002697708778678
0.059959975998318
2.302965284202872
-2.170202224933611
0.476640113388693
-1.636530461436710
0.146041215186715
1.304984660616072
-1.889337222341419
0.866441696488364
0.195804562547517
0.153751180873706
0.234569699863731
-0.161719886951178
1.906959607788736
1.846120088394716
0.636167455658940
0.207669996106446
-0.123141527526840
-1.203012068026500
2.428523023387571
-1.072032324316179
0.378218263533852
-0.146619151985168
0.914525817976817
-0.762810262443978
-0.258882603006697
0.519506620611031
0.726240649371292
-0.576447789207166
0.321615255587623
0.716201391757245
-1.001668282576460
0.222617039112235
0.128308231377073
1.495541749222576
-1.418920069197336
0.884417475953613
0.018645417500514
2.087639191962024
-2.041301644293140
0.828887447988389
-0.668312940325916
-1.539252493610481
-0.232637749716134
-0.548356303523186
-1.000563007583734
-0.094150929549658
0.126064241295352
0.505346583591687
0.066310040345955
0.815612969400721
-0.195337617287797
-0.893253893727129
1.333522770155003
-0.425365602999219
-1.069642211856966
-1.220206044798450
-0.808978137259059
0.899302717569886
-0.416276576803745
-0.280915543960131
1.211543725791620
0.354162314694281
-2.011380700113926
0.209218072096809
0.532895595131829
0.712463710339479
-0.117286722566448
0.254982736932519
-0.278411785458648
0.240766535332049
0.761956373474492
0.389258258863251
-1.636695826412294
0.258147808878650
0.339167742432800
0.581465445051384
-0.728674779191441
1.907044948519127
-0.372186217643541
1.546436498836898
0.531188862579272
0.274864868929791
-0.012777339093515
0.302507937136433
-0.660977871330504
-0.384466502173667
0.503995541650148
-0.347421590888403
-1.337212893598624
-1.019056542833417
0.669866019331614
0.651744322408012
-0.367177495043169
0.594952174831826
-0.572454073009527
-0.364022369647027
0.232138774100224
-0.425601722218765
0.893939236299925
1.035273442241601
1.336307284317841
0.021808345338080
1.024239451920294
-0.567027985224298
-0.051940103112601
-0.336593972138529
0.691239422534491
1.363760565497270
-1.695092146582310
-0.679659752883283
0.641724806387974
1.521377019412071
0.369079775866207
-1.539638388841314
1.212149223936320
0.641940825305129
-2.891945995023995
-0.833756118702447
-1.225439140635755
0.513688754668829
0.581887112601874
-1.537792428662203
0.146977083441376
0.475955460791407
-0.380229375106274
1.573602579215944
-0.291052656613594
-0.416610587943723
-0.401976187415920
0.451963828067503
-0.833707037996329
-0.369009170197134
1.576834653078478
-0.559067962706648
-1.263710067958913
-0.746310542098287
0.198287984522904
0.335300859355574
-1.230047203431599
1.812463541047794
-0.127607303021832
-1.037113959374033
0.977788388661139
1.706373289516030
-0.190666928994608
-1.980222819544469
0.286272349549511
0.791890135631812
-1.038366436893347
-0.967246125737751
1.127804604985065
-0.267349522837755
0.495428553489155
1.082112489151150
-1.300146794657409
0.643241591116379
1.283659497197944
-0.082492451402166
-0.146355257885442
-0.203529779236625
0.557296141781035
0.823543432109354
-0.895424715319612
-1.039702335536322
-0.531519538791208
1.201358301675926
0.421184894111347
-0.063538480984337
1.088949590464515
0.783952167173013
-0.459791131314336
-1.371236366977959
1.237245493060491
0.632091407956220
0.000454778350457
-0.765815582103787
0.347614406188347
0.313388341068790
-0.308573295890933
-0.471901339380363
-0.280622758185343
0.347059723892403
0.103075736337200
1.847376962439174
0.537041564880358
0.221484761455957
-0.491174299019271
0.769474978811942
0.100407836143999
0.318782560207375
-0.744682549935205
0.010160924988577
-0.828457381756823
1.931635238929052
-1.004334316908603
1.902210951629530
1.446988504598901
-0.465190131986892
-0.138725249258870
0.850950160796198
-0.322352558631766
1.799499802413445
-0.274357336314665
1.666920352951644
-0.887848870694032
0.558629500318959
-0.051111931727694
0.517259729410008
-0.174771169612596
0.443626876785806
0.733608766897893
0.469210082351134
-0.776371404314390
0.106567539264530
0.119564344588314
1.010904052333015
0.316099731229469
-0.282695943899485
0.062568917213447
-1.457303292223063
0.489351000488448
2.116432585749327
1.635621391262131
1.744638244499536
0.908666290682629
-1.623035943090639
-0.067823604088278
2.810646968877102
-0.207298604926762
-0.579966464214520
0.334559828225565
-0.121473358112170
0.689705478359979
0.912212700490000
0.981689341391111
0.044840363655024
-0.525462680306883
-0.885077568140970
-1.575050782350272
-0.900048630085206
-0.026939291489347
0.378134822043860
-0.801468172273030
-0.344275031498564
0.012830591211217
-0.036796092310351
-0.080798666388599
0.332577453717705
0.734298464359721
-0.073936518993497
-0.027587523135477
0.152061489668014
0.226354110674817
0.313916284249134
-1.110325943885184
-0.524348687454238
1.348239143602931
0.879163813319622
-1.387377350425777
0.355021489975255
0.986018192853405
-0.125780308634527
0.794153015558891
0.084668183115576
-1.363375761517110
0.699760715546071
-0.163480214738536
2.507168069250240
1.393640723671557
-0.020202244756755
-0.450716893521603
1.473039928149303
-1.332067046325161
0.708760415121377
0.132081451773914
-1.677726299513319
-2.180256316293374
0.169130651064328
-0.647215708468468
-0.104241802843323
-0.935566889880316
0.595208701551087
2.346555245715516
-1.395419443420356
-1.690884418937461
1.269127159933886
-1.541159390197834
0.913399397672686
-0.022306579673708
-1.500145535115205
1.079436340389671
0.087362431184376
0.608381718611845
0.147226316432770
0.812932562467897
-0.337282201287682
-1.033968305165085
0.310852326568703
1.373047832660507
-0.273894863491378
1.128481882562796
0.196291479631624
2.379958751596179
1.397827088806789
-1.898718252934593
-0.245618779016819
-0.168011018506859
-1.159548317308266
0.482634231784682
1.451752677153624
1.075754525685125
-2.216845538337120
-0.078516050554536
0.774724446340693
-1.049341401716410
-2.457031539819049
2.655479982724156
0.419282446831751
-1.267898209683085
-0.991544166822289
0.651233809831494
-0.759812638041530
1.203246001997374
1.132173074754482
0.269543992165525
1.053921172782646
0.634692205158958
-0.618701216631060
1.211443203888414
-2.447184593537437
-1.334501323835094
-0.612216050104796
-0.048911284115383
1.878877026180442
-0.140626183269583
0.345844891364273
-1.514598858290026
-0.602663885180984
-0.288794802924423
0.542851100294878
1.020493175331582
-0.074398100297123
-0.708055839778733
0.749451904724249
0.042911680298767
0.287756374385108
-1.427668102982653
0.455557866866909
0.812606112716092
0.485378339797615
0.168366525175312
-1.704014012560567
-0.249725031694355
0.425550806789808
1.011169727526736
0.534748050471547
1.428215046270745
-1.349800873838058
-1.192574261562865
0.299284096476650
-1.390688658023177
0.196690914905930
-0.963374067828097
-0.064563474219055
-0.843246679157539
-0.218500344688432
1.078915908325079
0.257795620788805
-0.760777320684054
-0.474540781388697
-1.052760704422253
0.377958203448132
-1.052996340738830
-0.142739807937164
0.773640723983202
-0.969429874848138
1.548870723585277
-0.770306476124858
-0.517211823105367
1.257919547832318
-0.360641065480373
-1.096721635893031
0.084403430061669
-0.371825536737570
-1.252936299867641
0.661101219110466
-0.425529361234961
-0.318034677433846
-0.550434685587773
-0.422406410733282
-1.938733654521092
0.299208982102111
1.638820403451248
0.418154215839979
1.072989623260148
-1.106428549241684
0.023665617879317
0.659120012678514
-3.314359502198026
-0.169725293188847
0.989948703523400
-0.257196629024963
0.923170045791464
0.898813869870101
-0.308945884429112
1.074941622546185
0.349439424253755
1.185550033308979
0.504851168274426
0.514252206355652
0.081458887474201
-1.535187708026051
-0.930988818304554
0.679712008788943
-1.125107968944543
-1.108671548541940
-2.007549915732474
0.398959130589405
-1.513642851164194
0.636608561572009
0.966947128871629
0.431330453542923
-1.768897335922794
0.832572002629844
1.333055543419244
-0.813576104081501
0.068045457640271
0.263365449633359
-0.128379960534302
-0.209908591457219
-0.706536186628175
-0.342651963522828
-0.716808134306421
-0.096080366462997
-0.664073537942151
1.522453483354591
0.023706213472128
-0.065240671250552
-0.202561243518083
-0.980627102947597
-0.151542659482192
-1.965732526317222
0.127505203668265
3.129168974520936
0.725057353211493
0.419611928121996
-0.562461356734531
-0.155516466079088
0.681803918538557
-0.637009686397525
-0.012385796059490
0.560431865875722
-0.506095326431414
-0.959845265961776
0.739229835541076
-1.002406600461500
0.561459702838111
0.852210886804571
-0.408358458175290
0.326262234266081
0.297254510635534
1.381739779280579
0.384588583952469
0.711593290555794
-1.351617339949782
-0.804717736299420
-0.647319265176745
-0.636603171560164
1.332123959209875
-0.683286957186404
-0.235745819217571
-0.633936501712140
1.892832342923109
-0.672802195125674
1.008699972892816
0.266156507738073
-0.025401611475441
0.106600575121038
1.611566614212898
-1.235218529897247
2.988799933778061
0.847427005801084
-1.522671382098426
0.371877520965849
-0.290218324165209
0.202699491926262
0.646772504206503
-1.606438857460225
0.952579919340259
1.246007147402459
0.994964473935131
0.473510704361442
0.758066216474926
-0.918457458528338
-1.701699660085674
-0.330053271753350
-0.325980207111182
-1.619854275717237
0.171660467718135
-0.247918204701382
0.579607098694067
-0.680540828152827
1.031949475664780
0.835915406583256
1.042055421727995
0.113117542189292
-0.860108015940055
-0.603922124233055
-1.416922814097375
-0.776450426388212
0.969076647164092
-1.203801497283421
0.074210747357704
1.313667772680605
-0.032939935197898
-1.334821053782933
0.601092537042124
-0.390155686434473
-0.187926345410657
-0.864049990538705
-0.806393937953545
-0.365861066333482
-0.754676272628272
0.894845092796908
0.588859601999851
-0.118626024312245
-0.760359383780926
1.509751504723974
0.849784698687243
1.031104210516725
0.418525860832810
-0.981790096799804
-0.126432205349966
-0.569792943892496
0.386505656885796
-0.770885525486130
2.125035623827965
1.051037699426486
-0.238812362199432
0.494892116733776
-0.665460827842861
0.646012777438480
-1.797560843250670
-0.276657584882229
-0.784002001271944
2.204244744782893
-0.373022470003068
0.415839213387436
-1.582427352051732
-0.318424872259143
-0.284355898850064
-0.098108938551844
0.282382805585590
0.034331222672457
0.270921531642640
-1.115849735264744
-0.047433482270533
-0.810098504826546
-0.935631022199386
-0.430459620651875
0.439237199029967
-0.596307749881260
-0.701811599365049
0.637949884261398
0.380021791270832
-0.437723795532111
0.895757553800171
0.315516650954004
0.252886355979913
-0.187084423867648
0.714548067954051
-0.456213559431624
1.549062001048599
0.496515083743886
0.714111989618928
0.248153054854302
1.686652320215907
0.374053041617000
0.425691141061548
-0.622992350180929
-0.485345348017608
-1.161527219618785
0.821480835971779
1.335156548161502
1.793432980592126
0.695031208300887
0.389543594160928
0.237634939165333
0.180327461824186
-0.018075028021617
-0.459128063842100
-0.429866845717758
0.419350220835314
0.125270271023098
-0.147147297443245
-0.747630121201770
-0.775792514507430
-1.388502135326018
0.210350316529930
0.059362842124463
-0.010021095060575
0.588148161642317
0.206777623016380
0.860648491861002
-0.893007491385666
0.050471876365758
-1.240615968753188
-2.073792463167344
0.753773969363284
-0.027192085966427
-1.728946820886149
-0.265530431454441
0.255076758653451
2.438030895773689
-1.160282128495150
-1.168119127233581
-1.785007255994958
0.655188042016212
-0.423565254251888
0.350841364765496
-0.590343538171790
0.621645380918275
1.226997209119263
0.375707245139270
-0.374814402117231
1.891706618569321
-1.831758083636275
-0.731375411980799
-0.038390972337734
1.445852597119618
-3.169179602979915
-0.494385585770419
0.479736128573549
0.717082839891508
0.493653564036822
-0.663601909597374
-1.429452195879773
0.668826106690785
0.418662618990090
0.833565896770749
-1.465583058186830
-0.867749078337991
0.494354000351531
0.445685246769160
-1.161733865158909
0.775190424875610
-0.798824132684665
1.894816556791602
0.098530882910027
-0.966346160004413
1.786525831543625
1.402187018540081
0.529255593053221
-0.266459028930659
-1.015793542626712
-0.247400934511486
-1.176233732378606
0.800372371203930
0.168728886734928
0.092363834332683
0.348270116690462
0.069376226003345
0.461771639627256
0.017175875841349
0.604206077773832
-0.553255153603946
-0.029404085751047
1.316038401677666
-0.561567063331250
1.019049662931306
-1.090933322784702
0.715610353801975
-0.634585157199134
-0.442714478242418
0.309096465345346
-0.491250927893436
0.644239897539764
-0.158840074107890
0.407380485357909
1.020734520123470
-0.320118531227834
1.118527137079189
1.016516072307274
1.014752660638382
-0.601147121260056
-0.288631204767239
-1.753931227434512
0.856719465361953
-1.678517172859464
0.397116925957252
-0.726169922903294
0.308921472362473
-0.201631967230123
-0.083938401276512
-1.633440030099228
2.573823178448796
1.674284260702557
0.737962281296969
0.047998875628997
0.169246851842915
0.686170564860114
0.854908809197564
-0.009579120937511
-1.654594254641344
0.181654250389776
0.217170549961923
1.674419549177982
1.134456649833991
0.160142390503941
0.515462804640186
0.444576994483951
-0.515301933105876
-1.588061468081238
-0.464507225757117
0.606505369166305
0.932778610107381
1.964837804495322
0.203149076541920
-0.302224102315805
-1.024665287692592
-0.905105247300678
1.301957818189347
0.472099703695623
-0.404538226983588
-1.165583983898697
0.920730074107914
0.318406600774528
-0.713336628088827
-1.787394652862625
0.363257313085525
-0.683851055960761
-0.187830243369132
-0.196780875637332
0.342162890366246
-0.732238763655226
1.973344078069607
0.259612090125826
-1.447116487371089
0.348741589970745
1.424008948496736
1.092443409343928
0.687177673256120
0.479632572025734
0.086176692001074
0.245468065934975
1.113238339485245
0.059504526362716
0.463308681632466
0.449178084624864
-2.122825429096530
-0.836780916825936
1.097916873729675
0.096734523619295
1.041102378126945
-0.869087452972494
-1.328825234160011
0.441682237211207
0.038478557719826
-1.167725040959096
0.411330889966197
-1.763898746395955
0.518538106264018
-1.246404663278488
1.743258527348588
0.699095649132487
-0.334108923162512
-1.725764150453695
-0.654905730261317
-2.996926468467925
-1.304892216602440
0.688900149227010
0.202095055565234
-0.470056445389612
0.456904927972208
-0.870374756965465
-0.174162903864434
-0.816477169059597
-0.927693880485907
1.461456898727476
0.813200677600085
-1.576532177137580
0.409366826218173
-1.051878442356016
-0.925610702425838
0.154718492313013
0.344994193553512
0.958041629862852
0.940325131687205
0.040435668023155
-2.375168870595316
-0.423255220512294
0.321618283386992
-1.312103408666337
-0.181547912018534
-0.991043442780320
-1.625632135366164
-0.272183826531881
1.189149382952235
0.293207213649411
1.206823900767446
0.119874507032848
0.671110810541546
0.196921553534456
1.168058132831296
-0.305965908963026
-0.290897667708606
-1.880622149047298
0.599591601836146
0.507476509075632
-1.133918233139460
0.018745413512095
1.379620571553310
-0.639342570643582
-0.801087851234849
-0.611837024250311
0.370923640260240
0.630423094387541
0.425632350903496
0.883716330714727
0.104999707939010
0.054020755273189
0.625265039342051
0.386384555469809
-0.823268528504162
-1.434842025158016
1.502818613460427
0.117003436065298
-0.367119687592865
-1.157272322191824
0.944251531012951
0.199227616348238
-0.693201178316916
0.510710381315002
-0.771890000979969
-1.157764721155260
0.000548381388751
-1.014507357621242
0.168713163648798
0.368108417916904
-1.133958280113020
-1.387982206311445
1.093505985112212
0.447118333569421
-0.405287396383619
0.887470337749450
1.338410434865285
2.488448017060598
0.986764277883391
1.274678843979020
-0.131959120070637
1.091951065895623
0.426970298400013
2.037833560541470
0.749889257722318
-0.294510499665035
0.384428171803330
-1.679413646987265
-0.110064134989430
-1.127313404191075
-1.017452758116662
0.669791876625953
0.563809722922066
0.756960000190285
-0.917916607331539
-0.052848160459496
0.470435482922619
1.405227208791667
-1.345724134550749
0.747050518505116
0.903071067858951
0.658862860275128
-1.354002650310843
0.830784226461813
1.409688193089255
0.142396267160872
1.940327374996501
0.300651491395381
-0.071108028244016
-0.230849581043031
-0.615677330385957
-0.081924335412842
-0.207588927395980
-1.153126155607451
1.236141291021085
-0.514799331669843
1.734243450426535
0.831856091597001
-0.100539938300421
-0.163933218366813
-0.165114271999723
2.434013221718655
-1.902995809707910
0.509424713931059
-0.422090262030567
0.146352720671081
0.520273421729364
-1.882991794493126
-0.276796346807283
-0.889857488541011
-0.231011807259066
0.289776261747243
-3.269543644701272
-0.216663154951309
-0.290007305154518
0.954968633888051
0.083376270274360
1.488388677035521
0.532031822301106
-0.843619578828982
-1.484484264163460
0.780629096027288
-0.494251454592371
0.324682558646747
0.590530444285275
-1.613271434527507
-1.215887445839646
-0.921886178322304
-0.133762333455892
-0.146642216453232
0.607905295734850
-1.061339324083455
2.758463430688089
-0.683462601373249
-0.533615830538679
-1.034766411704151
-0.480337115409967
2.263490791198716
-0.579351418616319
-1.174709581031163
1.819386902138765
-1.210632190933173
-1.029301279678502
-0.000497084192898
-0.444688710525925
-1.316902044468686
1.037960733691558
1.105972837537194
-0.089771455817559
0.865629113173411
-0.492077270432727
0.046912218026382
0.113292686718444
-1.376095255933627
-0.560210571924691
1.302491449683415
-1.102869580364969
0.286972664231160
-0.812827748030738
-0.390255274125821
-0.814757396605741
1.407401489009240
-0.331967224618912
1.158859121667856
-1.379681427592843
-0.462925373689940
0.693603566681000
-0.627122144505646
-1.643953649828225
-1.300103299837194
-0.442115813093457
1.128054043890728
-1.268302880437456
-0.488980723816684
-0.892693489335803
0.611967073204792
0.411174957780235
-1.740283074520394
-0.378217598111221
0.963657742144005
1.297984373612016
1.098284029491577
0.295523375583314
0.098443741794123
-0.063807934525907
1.023485627113779
0.923237855096708
0.707668061880040
-0.054340542526408
0.797554013801226
1.707035999212229
1.640528635709729
0.324690994157333
0.865932878873604
-1.146567171217871
-0.914622946696319
1.268631595538130
1.601282357568080
-1.193870061502377
1.071171452798823
0.108119720739396
-1.646124883052598
-1.787479742490754
-0.638285399027301
1.547892824763754
1.675238016299877
2.456414618128393
-1.102895976470877
-0.402302337659894
1.880548424191607
0.036396453551429
-0.421992326872459
0.913517277022368
-0.356353620119733
0.316542522032499
-0.138854265365165
0.755141317673812
2.312909457531639
-0.915969891821655
0.054916838155124
0.258808269470400
-0.117401053267587
1.660248349208273
0.559284519594401
0.495446469973186
-0.259198390170260
-0.841330798028765
0.236332820762870
-1.018025863655728
-1.136957609868233
-0.605302168588183
0.651169201511880
-1.848223092901328
2.103443844692171
-0.396916567559761
0.517325054254490
0.174348141517715
-2.194513950782672
0.192911453856317
-0.193088854767458
-0.298244316872559
2.127202788171476
-1.121761664533523
0.534314914730329
-0.235212625158333
1.219395114064566
0.553310864009960
-0.213464896241398
0.206179822831460
0.365100989059521
0.130134135424105
-0.310630066724614
-0.485184498970700
0.378750476593043
-0.219718236413229
-1.362422090140995
-0.691407915018380
-0.126943647651308
-0.647286496879240
-0.106786263862466
-0.325803875703688
0.896545949541448
0.087389167462555
0.953720444901904
0.914378660510997
-0.710047497889325
-0.596571694619832
1.216701159936524
1.415948556702409
-0.702765622600939
-0.758286794741699
0.223155615770828
0.007230729189925
-0.552636658220133
0.766797881153424
-1.103672959987572
0.123091525423430
0.954050779126000
0.581638036859501
0.409456149270819
0.859839049664432
1.424597014873503
0.435324292087461
-0.833420255286362
0.616444109202542
-1.328770205533689
0.316010194781291
-0.992754427171598
-0.998460693964137
1.577568154219537
1.257804525986082
-0.192999734132497
-0.194789599103649
2.607345059664238
1.003861853579783
-0.257267623708489
1.125169370412169
-0.630860049380887
-0.946010246155089
0.382181278725438
-0.383774923373817
-1.051219165625467
-1.438170554796894
-1.092523427399162
-1.741914245190616
0.142820299025299
1.007398450382819
1.086702234858959
-0.574803353303336
-1.176655171808820
3.354881276250835
0.661055606018701
0.339502659943411
-1.833342971736058
0.997324523581157
-0.441832291432859
2.297502549485975
-1.291942441405250
0.136369730282652
-0.916671418840222
0.307995986721937
0.188711855028872
0.280269162398645
1.397441838595698
-0.163018313295745
-2.116336613739352
-0.350392897268123
-0.342670821185330
2.452789326332983
-0.729475318434235
-0.223108238867258
-0.364736911900744
-1.183345246047780
0.967863996579896
0.257853768588168
0.696522428797272
0.400980156572429
-1.387486441240127
-1.432561431290615
0.811833954555844
0.204467600934046
0.079207938416317
0.541182222830340
-1.877288819153806
-1.367759821584335
0.051829917573169
-0.764806515515839
0.091499392888202
-0.126004166046284
-0.597006855623968
-0.205124966487988
-0.763550115571090
-0.795445449757069
2.481289314593798
2.003040314810485
1.125121216522851
-0.459411178572227
-0.538092121640891
1.965062590487770
-0.394904687259214
-0.738881375381692
-0.088477042438440
0.212726253575773
0.322161069148756
-2.262733161468040
-0.121149824321561
1.071207420151541
0.182752061679182
-0.456681664567286
0.558637899776862
-0.267765094460936
-2.295296133809916
2.057656285939077
-2.140845903963211
-0.543035035825153
-0.352035834507249
0.978049037884304
0.491808273563712
1.958849563302763
0.610257342348094
-0.299863202277484
0.630893363905851
0.337470589681486
-0.253759702443278
0.697533396528367
-0.546725156185277
1.082600360102824
-0.394429724858193
0.432492938411939
0.693307756661803
-0.101377732262031
0.523740422591254
1.093026068054233
1.172804864261033
-1.203703666636925
0.890752931060142
0.087047824375915
-1.178041905755566
-0.755560302263977
0.107717488908025
-0.961452812819280
-1.689091003697208
-0.986146795690780
-0.785408122964233
0.468012051876539
0.922238695243808
0.583322962350802
1.725442639774108
1.820936524224080
-0.218749498385406
1.205134289298429
-2.049911785866095
0.728090641963848
0.676435481046833
-1.086521088503059
0.982444077607448
-0.198889611198243
-1.137381258088904
-0.283272917514579
0.567346471157030
1.698753706738522
0.824668715644205
-0.474862778962137
-1.704377734075173
0.050105350330743
-1.248638672747966
2.003829559492429
0.302595424338061
-0.665483726752969
0.450527924060584
1.386090865245535
0.434584668938490
-0.807447850916345
-0.970990555858670
-0.411119265591776
1.000700118022154
-0.904933724137593
-0.044679626404809
1.317242072410725
-1.582561246940549
1.462031839589371
1.070230887696634
0.357441250139034
-0.722192034779303
-0.116888363392290
0.326409416609514
-0.692903687184872
1.736283510846908
0.191460370358344
0.977527525010385
-0.911231020790443
0.943484469610981
0.183779943928456
-0.280314111202133
1.340546954249012
1.290161422124331
0.105772111584669
-0.666567530596056
1.133524673931718
0.558971135893175
0.091654212869282
-1.856285975339298
0.083531540602705
-1.445723410227527
0.077655989520901
0.375333620607664
-0.309544826438640
-0.929982472897021
-0.391199975600448
0.100723972731466
1.320440243176075
-0.942091356753341
-1.563074906761151
-0.057428936748492
0.366682914729745
-0.957898392627668
-0.772946044591666
-0.689182437261888
0.244270152371521
0.788326836560607
-2.560423077599217
1.592227961081132
-0.361872740977314
-0.288886438264675
0.522493102174529
-0.474554640198088
-0.576397862103255
-0.537373636543004
-0.665626291495201
-0.364282047899688
0.263293612494691
-0.301457550582781
0.389681380538394
-1.346096518474844
-0.352972620010672
0.382070171927488
0.231912920281562
0.160814144223186
-1.808519069535731
0.518647381304775
-0.252241032087142
-0.529442000074518
-0.397370658048973
-0.023793885199656
-0.370700389888339
0.070830814523975
0.305539331879591
-1.197506776211446
-0.869515799666494
2.260058827228863
1.692542236474538
0.075591024845801
0.342071833925137
-0.925635610209398
-0.453142613365273
-0.451992346834277
-0.620374982194538
-0.569884674877722
-0.158434633432302
0.409323957757076
0.257723711835194
-1.270722805512876
-0.370398920170500
1.043742632217233
1.332004049041147
0.050153504069262
0.667276186956134
-1.657309783277945
-1.545871530292871
-0.490806345672539
1.605166909466366
-0.241442076658808
-0.192319603933997
0.211157902917910
-0.247049452753580
0.278795798332733
0.169151434815700
-1.188621398376394
-0.126118216262669
1.897543803836000
0.350603951144137
-0.613494781830513
0.090480675334850
0.471609078555702
-0.588797313023610
-1.155289727656302
2.013470482263333
0.755305081356057
-0.983590543385545
0.521839284439861
0.947590968467474
-0.306952855626792
-0.715154117119564
0.013974508448836
-0.516120376605325
0.353822069019569
0.536858468753316
1.584525623400308
0.764303961720458
0.543311290674745
-0.014610525054900
-0.318579900632120
1.561106714954747
-0.497321376858000
-1.294234532741214
-0.038873409961889
-0.241173729037109
0.740587098927280
-1.160045285021993
0.983068889501554
1.537138201126469
-0.232592161224869
-1.065275827410933
-1.182156573250159
1.802368573927546
0.775530650615444
-0.406056150026878
1.429055207901813
1.168092985860555
-0.393162564712056
0.903457080688613
-0.167775798067793
-0.811982027109705
-0.438278699813512
-0.068380595793774
-0.560859235382865
-1.105762580556238
-0.240011406449292
0.578232573076729
-0.265397464757483
0.721924022912269
0.258593270942958
1.306071870718480
0.570445965846884
-0.695013796428646
0.340497050519047
0.187770786827607
-0.014429371013940
-0.952837467027504
-0.348517953436709
0.111117337875865
-0.282175265442940
-0.007874301497507
0.399961548778320
0.925848858064849
-0.584113357704061
0.445226792694098
2.151326587226354
-0.768656598488852
-0.560085906750566
-0.307054155722261
0.812453361334198
-0.984140418613256
1.082290851595577
-0.604049338618073
-1.287591899119991
-0.360066332720352
-1.487805273063624
0.085855380764688
-0.602024874662865
-0.967524105985158
0.726749881378511
-1.499484537489332
0.834209280236177
-0.402822891165322
-0.138985941102785
-1.340114904290825
1.146296766081190
-1.992083970927147
0.734810311763626
-0.148244361416104
-0.362544056563368
0.969588823346459
1.839324521176676
-0.070373481569442
1.014696846960140
-0.548193280057940
0.051562615827071
1.597514712467036
0.695136136916015
2.165865142664450
0.921345295337777
0.537595934666257
1.172125041838971
-0.264801341816674
0.228522674738257
0.385924902478144
-1.805296170083699
0.657724608169561
1.383344527696827
0.419263512334851
0.127527855214822
1.905687502381057
-0.931224835618629
-0.146585857710914
-0.070908744632556
0.284670783060738
-0.386922010976556
-1.187383392776610
1.111968661741344
-0.101578006711744
-0.484829624273304
-1.073923844979976
-1.557517935137388
-2.201915024995115
-0.488256384740239
0.908255650081913
-0.089131591739113
-0.470245281125687
-0.084266034460660
0.677965466222035
-0.550790050103728
-0.982013108390574
0.161891750584890
-0.074480726055966
0.227763703686211
1.029187965507401
0.094414746962934
-0.957935232569521
-0.167028671583297
0.035954455637728
-0.105066571546251
-0.179479356789325
-0.733519286443027
-0.426595590090587
0.221157861167512
1.552377360921839
1.671497759980772
2.025500648423109
-0.664970593197822
-1.417958477061240
0.378413290528872
-1.152977682835441
-0.522681759251062
-0.746759806880536
-0.073380249384152
-0.549683650741114
1.189077988255389
1.353274946004241
2.417600519271772
0.156751199221404
0.538496369953636
-0.234830517353319
0.413671914670958
0.509100220990605
1.474865969322454
1.194953429220867
-1.118336921759422
-0.851895455114345
0.012480671068238
-0.181014630018732
0.881149010284651
-1.123353890530828
-0.212832289748808
0.486475518415918
-2.478505779386459
-0.471000384335215
-0.257475257097848
-0.093692767053238
0.617681850945024
-0.686061877097919
-0.655993430765226
0.238323438788259
1.364929635956807
1.410565064820180
0.272841810787230
-0.704075909853289
0.630227895462648
-0.088545580932107
-0.601699720595857
0.629165285973714
0.925774069831248
-1.308748350994545
0.433636519814510
0.206118105081176
0.084523829380903
-0.428432457606087
0.657891104434424
0.955416663144067
-0.486363279509739
0.830111158172037
0.374824397006188
0.542167600752164
0.610974814289148
0.528977595425755
-0.224580224361943
0.328287689287604
0.246707293797668
1.211296485115124
-0.757167670190585
0.690312733124445
0.806349983712045
-0.015696964652093
0.182758682857338
0.001508028889426
0.056938400972609
0.007081991715109
0.663415459295601
-0.411045873094203
0.330893927936752
0.386787308377673
0.324372206472642
-0.701097492334724
-1.511205885460371
0.280473875870853
-0.213767099014149
0.839539304637636
0.988930005114841
1.055077181891569
0.488767572949678
2.394968860006642
1.191413939619529
-0.027080819034435
0.384799047688566
-0.049667431836687
-0.685342197475979
0.665852584605456
0.277612862943909
-1.135148082045123
-1.088195204557408
1.567823818792366
-0.116952768128797
-0.623237089569865
-0.348068104939251
0.068343984486916
0.251192254870687
-1.194184066890289
0.960587433138301
0.914919201074139
0.640709889114336
0.279008521143088
0.412546212937789
0.531184628211956
-1.634923798704610
-0.108280765569004
1.161399926472606
-0.086248744839966
0.198518847102775
-0.778616944558284
-0.226633853418921
-0.681909080670154
-0.227464409806571
0.920413252300246
0.362413310701084
0.446900544761610
-1.005829401599588
1.317575843247137
0.805040279037350
2.209360724006900
-0.400543603251874
1.301538889417995
0.016945353213841
0.228002667969515
0.171934270614648
-1.999289558041011
-1.463666571591403
1.395871964503082
-0.233404205925979
0.039771212693854
0.371092400123592
-0.591089802389777
-2.135059563361868
-0.812277283129721
0.537936950063272
0.548985354996640
2.279404232100456
-0.611902725239471
-0.064343407520239
-0.084609418322792
0.878660625407486
-1.026651526910402
-0.017290802851469
-0.818631930821845
0.282852344853462
-0.289867347271681
-0.520452806414106
-0.867207441460155
-0.348806007173353
-0.087328689837688
-0.980919271375366
-0.194383964896829
0.206446574789935
-0.891656292740854
-1.713846644928514
0.255294801722880
1.667078553443679
-0.146614502443424
0.689334274295343
-0.787483756168815
-1.384984736213958
-0.451970376082563
0.043898854255559
1.064808637088332
0.474965256126984
-1.134358124427936
-1.104616632766883
-0.821191159514661
0.155021408867780
1.363440056021138
-0.792853686571654
-0.287655005653253
0.290880173873377
0.166988246932618
2.164423034980644
-0.058299863099458
-2.336089021309333
0.740652026156605
0.904897031330556
1.088831094426533
-1.262820458135507
0.813652605840591
-0.196546501633303
-1.077846359100891
-0.394523287441506
2.183174412511273
-0.932795797249361
1.730838097024658
-0.330491609382644
-0.947735217649023
-0.939368623726810
0.241156489173821
-1.245998920245289
0.262154892484374
0.894146959888406
-1.505116381073306
-0.470465524931526
-2.964925952557514
-1.594239904968417
-0.737543540954882
0.229073515657447
-1.833302523040624
1.773144004107294
0.701921910224559
0.041379028438547
0.755551560666592
0.981737203209186
-1.577103362349474
0.619414877583603
1.916833801601811
0.609769466623251
-1.073957939925682
-1.941354353478377
-0.012820898592176
0.747228597046509
-1.337226755222698
-0.289468861049262
-1.220568300164071
-0.012804940709114
-0.015195992093232
-1.226190853537586
0.434223204776825
0.612761059639403
0.836474673435202
-0.421258482950762
1.538098832782707
-0.237073550964055
-0.264000270642629
0.611761477977482
1.527629747222745
0.062865437240217
0.282073045192821
0.717081741065447
1.050094982105300
-0.403379156920273
-0.550026486223274
0.104374889985747
-0.577807427698950
0.088580920131912
1.221581166695646
1.026862860078869
-0.862598568182623
2.030998207520401
1.255607487491164
1.098602498950947
1.297353071098410
-1.531567212079148
0.299684798680698
0.591228648705286
0.650127829011505
0.442278015069558
-0.144834570696702
0.470456762528924
1.373410783281451
-1.126182938183100
0.308795641662272
-0.865062204143932
-0.095711589910767
-0.807467465456758
1.589187908545814
0.519837518559547
-1.004278681021686
0.039115616182241
2.062118001380911
-1.337606324920024
2.385514240587883
-1.043322385940498
-1.460753650800318
2.218457428708657
2.172116479534481
-0.487324767084161
-0.468658533732609
0.572883267330641
1.546045040483756
-0.918018880666193
-0.375686182424078
-0.074555906509297
-0.009640401664174
-0.710375876594240
-1.925787265293933
-0.116882995641226
0.486143247714681
1.323029974416027
0.849860441319027
0.304000219048832
0.462940020885711
1.275942168974524
0.125658297920081
-0.067584653091984
1.174061079559110
-0.003670499023431
0.728962979457206
0.187588386759214
-0.479449159315762
2.553545627081897
0.273108690434163
0.381984702570945
1.682844666096542
1.828235043226009
-1.316011097698472
-0.065988982222948
-0.924162069673122
0.391419878694843
-0.911077764381842
-0.066331368652930
-1.414982777320540
0.071966797735340
-0.455712565931271
0.763348170955121
1.242881898663200
1.303691372596623
-1.282313931056905
0.761335492429375
0.612826113551191
-0.869447515324137
1.579281478355414
0.554297138734162
0.648529793713896
0.858726218451589
-0.906526336211975
-1.115335387244930
-0.434038434968663
-0.744299554428991
0.538687576981964
1.027413108300040
2.082606355231502
-1.641908371906409
-0.853353825819661
0.056192756271333
-0.186686452241485
-0.163527051034601
1.101451011397180
1.161492605463655
-2.862734083616649
1.203501597064397
0.330824064845820
-0.103641751654442
1.368183718739546
2.595814187993910
-0.554606414641279
-0.244286206012089
-0.571178812225888
2.508403982819287
1.768988358747179
-1.700471117205414
-1.335438790712457
-0.475748247188679
-0.438557101379999
0.808908401700725
0.828031754243759
-0.048024628135355
0.590437339803050
-0.832899734917485
-0.053644203928183
0.466987447163587
-1.414210637045033
0.891798459450601
0.499343025338446
-0.967698092836890
0.131391700429755
0.082217716405960
0.761267580649998
-0.029121677917791
0.304055445751780
1.025603061968654
-1.945052299324420
-0.171142793319173
-0.881644138626102
-1.372785988700552
-0.271437089936283
0.497325908143251
-1.090328234461023
0.461540232032865
-1.753720190284315
-0.804420789674195
0.177905196814947
-1.642794265682986
1.104267464849704
0.881167892030851
-0.153535143840026
0.609845920959594
-1.022564902212769
0.729727385368180
-0.786397420963629
0.436819166940372
-0.251034644793800
-1.678082657118914
-0.544172646027821
-1.541038995136687
0.464820315942141
0.575349200863976
0.518282819390479
-0.290256269736256
1.274115811991817
-1.742903300438726
-1.257790700959098
-1.468589665000518
0.950639847390889
1.441192432571318
-1.174236498424547
-1.704331886439303
-0.791759565907156
0.088988867423617
-0.330528377751322
-0.624246457411312
-0.335830066749712
-0.958690562630490
0.262575024790440
-0.374471382312330
1.262201459247268
-0.495837811085280
0.438148349665734
2.119436898661788
-0.220435280402921
1.729624056840790
-1.194131024053941
1.530946287157071
0.160473377508415
1.885951170094599
1.025882511406651
-0.187356712073334
0.557660792349740
-0.050085120436591
-0.173225979916766
0.893594556427492
-0.421998928779165
-0.839466163421896
0.708868532409401
-0.984764812715538
0.046668379967419
-0.025620076445028
0.479509013215660
-0.246781370018886
-0.467532757644789
-0.062590167508639
-0.130199776833471
0.668770151612054
-1.427382689234586
0.051554119180815
0.977180831981011
-1.426181735277495
0.030541938383673
0.795795083036426
-2.187673984646866
-1.089793612839552
0.351811052529332
-0.269821712202807
0.441277497724610
-0.175083852124649
0.506031463364684
-1.079116073649607
1.306523597585324
-0.359095480215258
0.422378760979295
-0.504046133803806
-0.235251097681480
0.335471574594657
-0.559041599967645
-1.271897065893015
0.164209881912808
-0.782826169084625
2.013067480015862
-2.174375989988337
1.390415659802188
-0.058754778422999
-0.368449074339584
-0.647941407719847
0.722580702552863
-1.091020978314403
0.586005543975877
-0.257826164647222
0.917643817966490
0.379252077427280
-0.101299881768516
0.443818789406277
-0.832790400746616
-0.332435999614953
-0.138681493928372
-0.937669564419776
0.426149145287988
-0.555432705364847
-0.359573801948139
1.725858393100426
-1.053490017428600
0.679776853070894
-2.005178567419689
0.018969499688137
-0.005135746411517
1.324721865880764
1.034440571058013
-1.320371241049100
1.161069244261868
0.634336157748324
0.092812502415545
-0.552979815238006
0.843013774825572
1.178497363879156
1.068359670605341
0.929106618073325
1.069179450075619
0.873279727698495
-0.922025182393177
0.348506452695162
-0.329948188039118
0.147645677593516
-2.648516056862687
-0.108289731698912
0.447019606664248
-0.202951764459268
1.575010420069431
-0.095277872968600
1.226239875859413
-0.553420675709741
0.961636867067129
-1.255063530566847
0.051661183023438
-0.470256494656186
-2.425172612960615
-0.915198115164920
-0.079253366895378
1.575530325770317
-1.069794723993961
2.807477988781829
0.399251310486936
0.259482786599054
-0.398166875836176
1.479059979170098
-0.462957636716210
-0.856274748716930
0.039819323454992
-0.854774686946569
-0.149268263366293
1.021343456805962
1.980113737928744
-0.872552405046667
-0.435319990375995
1.205062065625362
0.145421935973926
0.436680596268245
-0.660419356440841
1.394553160441799
0.310837479286179
-0.854481760383718
-1.996533167615717
-2.346070199219252
-0.110278272289595
0.262616825540128
-0.087552743098400
-0.665199010836633
0.069936623591568
-0.182359629061719
-1.130844461234145
0.856190021365298
-1.998988417770749
0.422330642661848
0.595736605254523
0.166933429912616
-1.711439657129729
-1.941437702385536
0.641437241995553
-1.230001988666312
0.780833282184803
-1.628779702293236
-0.940800427480200
1.146175709770225
-1.737332569616938
1.626309396799265
-0.068964374500979
-0.355406840439930
-0.568777506728995
-0.552363940212674
0.504881794300953
-0.394123100936495
-0.481462983279213
0.839478614834589
-0.026840920064461
-1.391601418582224
-0.746714357647739
-1.222243152372521
0.474721147630324
-0.780408651807474
0.625452372032600
-1.885922571786819
0.879612511083856
1.137825450083567
-0.092843923571890
0.663164547888724
-0.490091568602473
0.205512897526133
1.132494144173522
0.137836115207049
0.309855613023724
-0.958145676282605
-1.498847264164674
-1.441346545773521
0.301921788073491
0.684978721662410
0.207024312511276
-0.963149280913184
-0.714994669172330
0.227856248629248
-1.253890587391506
0.023027170973484
-0.264338784182061
-0.295912061605043
0.421521054166136
0.508124909672853
2.362361742046397
-0.105388969534890
-0.433839666523205
-1.408845796410370
-1.416331819521658
-0.160029723909437
-0.293056320054002
0.323595986981364
0.563966119927003
-0.760740215088958
0.258684330911022
0.884647072427151
1.193760135747870
0.501581857526929
0.075505568822889
-1.354090019633923
-0.121441027471111
-0.973526016786345
-1.408239883857827
0.708333948080820
-1.587086164583629
-0.957536409207695
0.419685731757193
2.432748899170462
-0.008022881617834
-1.247475899716888
-0.313438110788761
0.032879866427738
1.412603689837756
-2.178964705951018
-0.255909915522487
0.498076948209600
-0.313126082480038
-0.226337846629618
-0.000510579043605
-0.376613210347558
0.025083947595682
0.331891164675294
-0.365389383886955
-0.178483754446610
-0.362401499849138
0.308377916182725
1.151904838451377
0.187707090205051
0.301315029094657
0.806195843960921
0.027359844643007
-0.468968817514168
0.035953824930220
-0.033849456267904
0.576805405375357
0.393594878580923
-1.845868228562644
-0.749516316190416
0.340234741810946
0.609198819517207
0.601991652126501
-0.255950228582953
0.336364735293870
-0.895197132526991
-1.332673310611607
0.743436941181889
2.482959276890008
-0.306171563081294
0.668510954385118
-0.776892403132487
1.131403378462403
-0.482819594389467
-1.429823066316193
0.015150389809941
0.345666455394520
-0.412829987833288
-0.097091650439915
0.705934639580879
-0.215709666665278
0.216902925801928
-0.694181490657799
0.161282208035952
1.351984058999876
-2.050453785077020
0.569462255051672
1.726669036185363
1.306987794998579
-1.140470415025895
-0.765202490274361
-0.509908295065580
1.174431920041715
1.686993679422377
0.493293157132255
0.780162344226846
-1.153860600151122
-2.021678536866484
0.769991640878399
0.600676726347794
-1.691764233632321
-0.264035416888111
-1.684078808968585
-0.100248169270843
-1.268162287173675
-0.451628777415374
0.357395345143760
0.554534494215709
1.564191016743807
1.003741905917507
0.226308547290057
-1.586304618610885
-0.271241797477790
0.083168305381085
-0.756902082279923
0.479911470060027
0.354296410266619
-1.203832858246430
-1.137780481461616
0.523878164811724
-1.489152143190856
-0.160958288989496
-0.083528162368298
1.700703413072296
-0.209232686259784
-1.792023788079881
-0.291646237083119
0.140492803699632
-1.014663282633698
-0.632885542063520
1.352852183350179
-0.208621472249614
-0.283283198616074
-0.068823800343060
0.448308223635967
3.209771927244307
1.467646335851162
-0.492571585452175
0.739580666073374
1.672253950189619
-1.082461097605501
-0.635042917871671
0.515303061877266
1.141791692511787
2.482913465389262
-1.235563523354283
-0.367377411650979
-1.002518181004221
0.252219536975413
0.623487939179996
1.532936048920478
-0.574312370511107
0.378917258921284
1.164860768638343
0.012764701802518
-0.657945430578885
-0.623675461087022
2.195984989391115
0.752465374743745
-1.237300157299543
-1.883835770390081
-0.837464030965638
0.163939428944367
1.797415684692340
-1.309163422427199
0.231013613592988
-0.282388628983704
-0.321681074242955
0.857684048930946
-0.801302197757808
1.131357423289322
0.261462896750902
-1.696560923356031
0.621923923900562
1.201009845357074
-1.435318730284470
-0.623508605968975
-0.012014395758226
-1.180982264876717
1.172308307238662
2.371515279095571
0.700055115580055
0.275564084486418
0.736378453203650
-3.077376664252804
-0.983998308202702
1.701616038139627
1.006630889938622
0.650619326270381
-1.742802507660467
1.229684693841263
2.141247249217319
0.000455656479334
-0.316643427279176
-1.560832509455364
-0.496278084521133
0.230411864079978
-0.746051001266281
0.574542382706213
1.364020626518144
-0.034570995814132
-0.291908160567345
1.823734724214277
1.646832130904348
-0.593727788584533
-1.551554237635723
-0.109119070288518
-1.044395994893461
0.843446851564768
0.175767743350886
-0.346169738745028
-2.036818897755804
-1.084829753437017
0.385551658601998
-0.893825030102978
1.645637100470624
-0.360440475882903
-0.331971000770643
-1.405625541443239
-0.378154133625555
0.100527516124951
-0.388882354718698
-0.434691938814660
0.756977993262930
1.261486209539014
0.380730731808076
-1.859501554431184
0.683063723596594
-0.373561902662482
1.521420208735667
-0.185539268315465
-0.525677660351763
0.183968024149458
1.814371394934466
0.883308562297374
-0.100419777894299
-0.292196096304449
0.529151766430786
-0.491475625884450
-0.142753680057262
0.431167749038235
0.976608054071928
0.919814798600939
-1.037301202897542
-0.457664448014235
0.543668434717251
1.927970133248728
-0.804627974792087
1.385746116859035
0.373364890707415
1.932461344961296
-0.128802342825557
-2.235012084665445
-0.796344051399969
-0.751926415710447
-0.306527883918973
0.715413921624420
-0.880308556993738
-0.302980618296192
0.108284243022415
-1.417816472462378
0.256144298486909
-1.198573726440310
0.780900306331398
-0.492411474443318
-0.407577290018655
-0.448417571115494
-0.080877279095904
0.832891305797640
0.882663346710678
-1.133472492951082
-0.423669510844756
-0.559852691478086
-0.502795543302474
-0.574291949825247
0.195183442406378
0.578338279274769
1.007393276114173
1.343213640568915
0.872603317492878
0.958088899329036
-2.076004603125152
0.124791147061025
-0.880821524998547
-0.479169388386892
-1.412218630642918
-0.176288997030570
2.283899586773108
-0.058937499533592
0.182603724547175
0.078867438063121
1.467234086977694
-1.683273474581258
-2.982604336850040
-1.148054379072514
0.778121317430068
-0.077777003627329
0.118924563860864
-1.187387212950904
1.020490825157506
0.028494189750237
0.923532879941838
1.836597652533232
2.990678725007042
0.903188921640539
-1.350813646514138
0.698267656747260
1.167295444012457
0.700931265427888
0.520354809596406
0.154574969913021
0.109766907094442
0.600153572290443
-0.477188119661739
0.467206184825184
1.373186620570239
0.412434770895365
1.015111820052933
-1.444627619510833
0.843671839899347
-1.526006653108626
0.125734132343649
0.576096811299445
0.171630564771803
-2.270148865088341
1.079174084927691
-1.531124846029068
-0.171785769050221
-0.026120688735162
1.445285794741228
1.065948341828979
-1.909474325598143
-1.460995217518415
-0.380091090888562
0.593823403563790
1.126868488041060
-0.206099000631620
3.005069267917202
-0.980482957704625
1.710890477049441
0.978643451783159
0.494891926791081
-0.417639936648478
1.530839998476692
1.302680149717605
0.279958823791670
0.361299495610557
-0.347026484799768
-0.530978827686534
0.134080714743673
0.660798559960577
-1.312400986121100
-1.015829093140712
0.551573992059381
1.342889399166226
0.166108563739254
0.194633387032872
-1.211652312728495
-1.240976322230556
-0.601838288347270
0.956868681967655
0.059950458476933
-1.541843785045913
-0.246688551191868
-0.250563660830495
-1.224917088287266
-0.235721194944729
-0.737144264263886
1.304755922516260
1.126972382904606
-1.226614661134260
-0.321522265165572
0.604988591006502
-2.082742191306880
0.102685585453468
-0.445677781245882
-0.980663016069244
-1.062083902038462
-0.757605579565745
0.780989000004958
0.276177943002238
-1.887563767549772
2.143773224201381
-0.621488409309838
-0.032204074589942
-1.272894217762143
-1.063985097620015
0.678960352004799
0.603026643154101
-0.298514624558815
-0.571091794901963
-0.970182788606197
-0.904002197662424
-1.425868342069992
0.639429962971589
-1.368663250993134
0.666564389346188
1.212306109354956
-0.718410409844152
-1.945646326557814
-0.240655953230583
-0.682589785016907
-0.681574014867906
-0.091919500469889
-0.600053885194436
-1.351726308861355
0.576444002966556
0.166110634320601
-0.618998536923354
0.022576104383899
0.272663004617187
-0.669485397285508
0.059724710945539
-0.309435469632126
0.415670053677378
-1.110596148058153
-0.708395847293029
0.499350303315553
0.183764594334190
0.317736155580572
-0.152816385415813
0.788637750490479
-0.648064673357086
1.195954180350199
1.572037706445753
0.986117078974352
-0.451324867708812
-1.339340962474235
0.391055674127656
0.228700524723964
-0.213881364693065
1.342141382707709
-0.661148159575463
0.292508185554524
0.395442813025767
-1.335626635074119
-0.637014413679792
-1.079709833224645
0.961404404090701
1.837661122448806
0.559157564140520
0.771950715500207
0.566360723165163
-1.596130993503785
1.081220213452234
1.597937714787419
0.654090835234902
-2.508573761330183
-0.542578116415405
0.283238776969094
-0.142520194680286
0.482056214541095
0.600660628391519
-0.615648771968637
-0.552520946742194
-0.444065690148206
2.367167014660187
1.505251279947384
0.080052707038830
1.150367274124816
0.339906008211667
0.163664274811552
0.053919192498056
1.554354628019389
-2.597538700846327
-1.397338243896684
1.557344614198678
-1.566806202170067
-0.335998008967674
0.664968062803523
0.288873277441308
-0.186788562625838
2.593992594397781
0.119886640705719
-0.370110660914071
0.544076391875755
1.162081743750093
-1.615951154917566
-1.613008457795702
-1.076652416712042
-0.136570846069434
0.685203192875841
-0.471487556653659
-0.417205197840433
0.299624397444353
0.854745057204898
1.502014153526126
-0.049815535799386
0.562483458056138
-0.328647409161544
-0.500410214391505
-0.013130915939832
-0.450245093328649
1.987611311031898
-1.330724792327170
-0.436321759983042
2.808565725204122
0.653075024385729
0.642164698849040
0.545737783339324
-2.827654971307214
-0.482871775748965
0.098083304372977
0.115500678315523
1.113960383318461
-0.107658992421072
-1.577000884966736
-1.017332412072053
0.654380592602974
0.044505930048168
0.311199974743860
-0.585291797788904
-0.064143166836755
2.106316220854576
0.476205019420249
-1.465331040879096
1.960338821556846
1.583414154633834
-1.069651284109127
1.287324255217526
-0.916613316285638
0.255878113442356
-0.867045198945714
0.693610392398892
-0.602315025035769
0.079911201124481
0.394873738712530
1.103690136803753
0.177657966351305
-1.814921661751243
0.214470301400701
0.209740425820218
0.646951485997092
-1.987697684146525
-0.480068918549409
-0.117015423663373
-1.254676076184104
1.001549196780269
-0.796391427385756
0.506002158900030
-0.129028701033969
-1.516113517758948
-0.783763155052942
-0.162980475249537
0.142285176597856
1.117406261010677
-0.217674951984576
1.457904236816048
-0.838974476862081
0.423682357759630
1.002377904398562
-0.494942366462560
-0.623079062653730
-0.674011352832796
-0.401915471471265
0.737229232764437
-1.008199523219687
0.400522566794979
-0.223679947266730
-0.381540415812285
0.218786382378631
-0.085221992554815
-0.633034513386260
-1.127472736419398
-0.109050550814566
0.747037561804627
0.484415213621291
1.013083048760058
0.558188138625670
2.046099071218595
-0.179990479240240
-0.727413753270597
0.955935254447423
-0.105104673434793
0.814857338495160
1.454089521235244
0.398138554985710
0.220324157616097
-0.401091203126132
-0.990177610807168
-0.881326822220118
0.139581721660845
0.123430442083589
0.565964426251576
1.256571706183823
-0.487927242628989
0.246020032585423
0.461165780302755
-1.212970673341995
-1.083936900335996
-0.904240631612318
-1.223955761022778
0.892196727497017
1.382358418280841
0.147151477273202
0.497598483335443
-1.009769246589792
-0.371647107101975
1.469586948574317
1.167970132609996
0.471155400048225
1.773119906948968
0.981538257457986
-0.096880406329661
1.137280505022335
-0.382315193980873
0.060526150037597
0.493173673476711
-2.091923805315535
-1.274025509861854
1.259017425224216
-0.903331501257439
-0.851002340359723
-0.833392863452087
-0.601513203814377
0.150396295567097
-0.608337598347432
0.249201635677067
1.850977415534723
1.821948105267001
-0.816737111237848
1.044369765248668
-1.003025995031767
1.220299461395648
1.481816597449954
0.826461687384790
0.928008415072480
1.627726178009279
-0.045958250831360
1.808460988544074
0.756472251235119
0.454541228295540
-0.380555944597592
-1.997288021562689
1.456854292307044
0.644475953966681
-0.882548749961582
0.051208681288923
-0.846218353985466
-2.334841039504213
1.616475808711967
1.088982413467160
1.020584549273299
0.138462742249633
-0.862175776081664
0.223318203107448
-1.741239247856904
-1.171823028577950
-0.407144788381462
0.572329682434629
0.672606309475538
-0.285585858435479
0.328274004910705
0.603747693461676
-0.456084921575165
-0.174971668735493
-0.128207082423187
-1.095128336733238
0.663391770991762
-1.315776968539607
0.556266176224964
-1.613589804316735
0.059202980504815
0.162738605550570
0.763596731274074
0.778193727914267
0.552400733899903
-1.032986700759360
-0.032420173118371
-0.216119944103223
-0.725407442802936
-0.441433640527286
0.539165470268357
-0.485556398649793
-1.686216663515757
0.007475399301934
0.029820699931419
-0.183210977539456
-0.030839365417419
0.850209382706744
-1.637360942680235
1.039656366868820
-0.073497584990475
-0.808323010007601
-0.779664644169085
-1.303439205001237
-2.737481083777398
0.966782246524711
-1.532194289648218
0.817141943660971
0.710790432297940
-2.255027846607009
1.995679535188673
1.033747684133487
-1.065737089166580
1.372319419804167
0.876124382402959
0.044681666702831
0.873907828760068
0.031634093502234
-0.245495049862816
-1.474852220423411
-0.618918339763943
-0.824299337613620
-0.646683083773409
-1.354613085887325
0.104211188991130
-0.450541569963535
-1.091568815192648
1.640399847092086
-1.074771753217368
-0.006367349693476
0.108636812267624
0.723338606136322
1.586814406653700
0.453220197382118
1.739684231867094
0.006952601005045
-0.974792355963803
-0.584770458181291
0.619447654407938
0.758843805204933
-1.897855702052245
0.922910490157425
1.526429097474863
1.437381017694221
-0.748078763642589
0.924784001696213
-0.583782222434928
1.765768219406422
0.498182207718751
0.673929140925910
-0.771074410784224
-1.176397068159575
-0.327266704234645
0.264952519868319
0.252963466722451
0.272389231176172
-1.183679813205549
-0.106861520883582
-0.191475722678867
0.760244824063473
-0.095180059443256
1.457449280982798
0.444476693906671
-1.037950699204921
1.270615814682451
0.231010053032907
-2.593987919303016
0.326405434787929
-0.030262829957405
0.281298273463414
-1.395260676185763
0.866891357634383
0.210585191756668
-0.292109966631143
0.701326663546116
0.309183493499906
-0.273259130076457
-1.572450151098081
-1.082963926815509
-2.021073066900954
0.281258060618877
0.002018912335240
0.417519291481107
0.150450040278076
0.505970222591038
-0.407133219155136
1.254491033116413
-1.109214274266757
-1.212713078344263
1.491985368128265
1.772313175544840
0.152311201043985
1.411026417298304
-0.388264962600079
0.353843670701040
-1.534293522837780
0.305312457348896
0.458956152805275
0.204962674268701
0.469443662853741
-0.200207552068501
-1.473500351988051
-0.477833435281526
-0.745882482224837
1.786672122175156
1.383808197655302
-0.562375603763230
-0.404566081711045
-0.812391978184832
0.696723272394186
-0.129469090870138
0.852893746584747
-0.745770162961956
1.267264088081855
-0.672198711545698
-0.262844486201348
0.115930740876698
2.183299668002374
0.374242995869220
1.612111217349023
-2.549798579103243
-0.761454556766495
-1.010376697928578
0.204150637304716
-0.726487082921552
-0.308757157924938
1.948503279270213
0.376652409065998
-0.773427660136927
0.624783516512883
-0.962002605693762
1.920874216927232
1.288911648932795
0.509432695776562
-0.776430340363044
-1.914052024184146
1.024163769224937
-2.083459807464974
0.376188306862466
-0.340717928055640
1.098690697184854
-0.191697833200827
-0.196728133146914
1.512233110834022
-1.178309974106944
1.809640931525351
0.466685426751698
0.254785858926261
0.158854680168744
0.018092033790330
0.237603129980778
-0.410502116770680
-0.421769740068652
0.160041826156968
3.004786737134692
-0.004895407314497
1.278008123129266
-0.324048229656578
0.791750848639173
0.234656758766239
1.140435329342314
0.436456904271626
-1.044001050299253
-0.147746515267782
1.438632386986705
-1.092618664494847
-0.073322592354057
0.271034515841633
0.334225822134903
0.633406435580936
-0.296204102600996
-0.281917889295272
-2.963026640615880
-0.633418764992530
-0.621494949040716
-0.362947652587292
-0.048638849125143
-0.656887281054200
-0.547303403010114
-0.026953426034449
-0.247954944153907
0.277168936970352
-0.531124428687019
-0.551578872092242
0.200437609754379
-0.391252043001023
-0.259549595107939
0.011121863104328
-0.516275861994305
-0.284903124388977
-0.730687908798355
0.846078146189115
0.106360209963757
0.103978359499968
0.345379564827042
0.225982677820696
0.049307481197325
-0.563324991592427
0.333102795296471
0.800412943829347
-0.135973740776482
2.036919240264177
-0.540295884870532
-1.391092800099769
-0.639394080363774
0.108962963462257
0.478790107905176
0.539308337397041
1.891880963129918
-0.842902664978299
-0.235921088466965
-1.040277615202429
-0.418253955675006
0.542739458838443
-0.539951384092162
0.294840563543243
0.370195231886009
-0.219133444796780
-0.343748881584329
-0.184843564474266
-0.747011964268454
1.276000506094435
0.286793233338459
-0.654947970940480
-1.136524689402088
0.315972450961073
-0.471670091296548
-0.707036568672298
1.011746678233861
-0.553844235352397
0.582434232228567
0.917924389054371
1.176778669580029
0.753995833560477
-2.525139398747643
-0.666822287906817
0.881400410005184
0.876398999334074
-0.061505803779082
1.216092144651686
-0.786485754125848
-2.028313625969461
-1.266877148548079
1.226746040427521
-1.011763319218940
-0.947317114970609
0.704119341792148
1.435758215708268
1.997278031345228
0.640927343573710
-0.075744492094508
0.383702353400581
-0.935628977308921
-0.619271692344598
-0.878879818843589
-0.406415775950206
0.820784206804619
0.366006568504561
-1.597854698614846
0.770155388627642
-0.646126527244043
-2.430531929164638
1.930705823933530
1.277400002080160
-0.360860043885037
0.104965103037232
2.070572257541071
1.518483828942986
0.994632164770538
0.611417981348811
0.903113810404648
-0.708037620234057
-2.364529513155792
-0.053772966593941
-1.936308300824044
-0.097483745944564
0.917396345059566
0.036967957499835
0.411265711991422
0.099846042080304
1.281414603064386
-0.192799490045244
-1.836289280676070
0.571727857854991
0.217405612435711
0.616050870848315
-0.581333113343551
-1.608884759264808
0.416196258585478
-0.875374098254930
0.102639546071904
-1.100976045166585
0.754868731090834
0.092816423389433
1.229350324094370
0.209010328278552
1.847433222002188
-0.971385922609940
0.432457687415818
-0.075060359770849
1.130923398638170
-0.305559547195979
0.353186648168532
-0.462834123904734
-1.784928071785271
-1.868419734023040
1.265736970469319
-0.712852310529724
-1.536451298450677
-0.632822739342625
1.068580250293923
-0.358755381989090
-0.239790975125167
-0.521994380883591
2.503607661841060
-1.922716589383640
1.222545634175155
-0.653397311315432
-0.505777440906799
-0.122959299959905
0.334589970644513
1.244011197837362
0.183093958637547
-0.661163443284505
-0.001630099829239
0.211050563020764
-0.145991813640938
-1.056764489490066
-1.560609147378760
-0.083269693923783
-0.732138095789874
0.340133789121019
-0.304111139118361
-0.135728980384420
0.081615424100709
-0.606942081202260
-0.379607131190039
-1.573541791687668
-0.111485321775289
0.284864488724776
2.196015485092879
-0.410985780671730
0.461624281975862
1.514253952298554
0.346423855835364
-0.585234822218186
0.220640697597987
-0.536412263412079
-0.223802289520258
-0.821960759293209
1.119440954271638
0.180763070545075
0.841045889788421
0.754293792623746
-0.393736081277009
1.373186718134931
-0.941050392921945
-0.848913884120339
-0.480267525884337
1.215231687050298
-1.175527611137582
0.212409412628003
-1.877730864128227
-0.593534215488088
0.186043737533845
-1.089821920575995
-0.046740792636531
1.112247496350326
-0.672446525248287
-0.325159976520887
0.292388323434643
-0.322881398352942
-1.941877996336963
-0.130382593364157
-0.880133647578287
0.233320949379031
-1.329282483536603
-0.499051161422561
-0.218861763951298
-0.260617079076471
0.022709963774598
0.669671260355869
1.554427354394208
-0.116469407131501
-1.299333885357525
-1.924731953101729
0.783303377500408
1.370472445781278
1.681136689231264
2.192972911757952
0.884374750118723
-0.683025128658820
-1.622773361897275
0.039824144765009
0.470483446017753
0.023202331745232
-0.070071088301848
-2.132461467466363
1.287233341035485
-0.143232826970340
0.378210655572691
0.971470276471091
-1.333795948881629
-1.427500021303596
-0.107707011040021
0.052169748191005
0.230345323181728
-0.088810874305502
0.210413660045535
0.042528061773152
-0.601810474712646
-0.300534070883177
0.937208034350448
0.616648481022573
0.868723827569076
2.478636046681894
0.026152029129125
-1.168504368274216
-1.456319773836770
0.779465932602202
-0.697338627001148
0.143019811978036
-1.048721948202211
-0.567202381393284
1.095125092738661
-0.597994980785240
-0.524736095117085
0.151635478607526
-0.086912403754586
-0.444760925194689
0.472858936663284
-0.078228388613052
3.148791952784447
-2.140944544317587
0.871695507236625
0.508627680571073
0.277680311440412
0.551077712608060
0.342455139650074
0.803263702538659
-0.232668938092236
0.599185030087209
0.611973853237014
0.692228995207660
0.335023016628117
2.547231374358907
-0.932451579185005
1.502637257827816
-1.424487483757069
-1.989771964508628
-0.273513467984917
1.652780123028629
2.199505731536448
-0.705348850890908
0.947417850937543
-0.426413363421593
0.031457993601963
-0.850966080616878
0.392637584853693
-0.493770117441729
0.981608113992933
-0.089341121383762
1.267922487440720
1.072552308365661
0.159901196821359
-0.441390364713476
0.256105685900925
-0.477626186817969
-0.485852611306665
-0.632185710244566
0.789005941068490
-0.024196529155903
-1.030661981649970
-0.978858432830529
-0.631723419234431
0.228653804977377
0.826595879540834
-0.330241405616362
-1.548827268742255
-1.258890319001947
0.532839624194100
-1.369620958081052
0.496116044399608
1.366365426311926
-1.902614432212703
-0.054600014220925
-0.059090769862970
-0.802646567757025
0.551284960163787
-0.272734085135097
1.442051153177038
0.164606472529388
-2.866981896605376
1.438318076709268
1.305042580326971
-0.255610275967723
1.360075725506795
1.825788463856705
-0.614417461639873
-0.161692523268532
0.425599919931190
-2.330528701491205
0.063473526879392
0.284915005919349
-0.243185722762001
0.873069732594234
2.843057922360659
-0.790754660244780
0.101654579393470
-1.143908128789708
0.354838211482708
1.391544457521411
1.155328806819673
0.088689759527853
0.678245131725022
1.129211936818792
0.149952436080766
0.418578766397580
-0.916796883535512
-0.689128561096913
-0.455673985695339
0.211604462555338
0.565132818978987
0.190245766164132
0.383318385377664
0.043965005315927
0.308530688460228
-1.938416558499357
0.418790682815531
-1.200638089474835
0.278327238197928
0.652056842663054
0.213614357022332
-1.658833934684578
0.077349491520224
1.099909619560982
0.274473314893759
0.128575997359607
-0.997163084349430
0.083057334202481
-1.449667376187645
0.008272715145624
0.253050708195487
-0.470617493595742
0.343626372385961
-0.405882754373681
1.277856765433690
0.054754618623192
0.027351267598439
2.284961375759797
0.023036847344011
1.052834909773479
0.070543982009458
1.508568705290473
0.347410904507513
3.062733208398059
0.731900270765676
0.231106888038684
1.073206481200100
-0.393861345921155
-0.205507076390158
0.402134024815591
-0.686730029300785
1.037980596583172
-0.500753656183447
0.432398106245937
-0.512950899148827
0.121410947023161
-0.277084521508817
-0.722145268982974
0.917638801189563
-0.085168359588010
-2.531325876821429
1.738942292947184
0.011740889197756
-0.211485980013528
-0.090952159422801
-0.971686222585336
-0.003958537388011
0.856465869378027
1.168760887140111
0.792807751828992
0.165923180711353
-0.569586290241758
-0.173927374903681
-0.998097383015786
0.182747864626778
1.153168166818371
-1.148109302594711
1.251303780577164
1.183203195331376
-0.675393447138675
0.642930680653110
-0.676741426283226
2.162621070527325
-0.482054025986386
0.757161117820819
0.537316064004479
0.751328447349048
0.672776291710362
-0.945717516799150
-0.966688050605865
1.449060004974773
-0.681418848697336
0.305508028515996
-1.308005755082613
-0.639263489816796
0.139595648546266
1.666399362694819
-0.614840226024039
0.098652079062230
1.039081116183502
-0.471269788322916
-1.077679544542764
0.497301686903577
-1.433196791194408
1.003707952279675
1.064077849233875
-0.026635114092492
-1.340208612339590
-0.204547812496390
-0.357211987447932
0.013640791663391
0.983604345194721
1.960012451059500
-1.552639837559133
1.077875303994741
0.692559366802379
-1.550623389215267
-0.559231780903331
-1.854823659067673
0.604677015651602
-3.043847826608870
1.361847195638623
-1.099327975663446
-0.933369102842915
-0.452667745244245
1.728839522559815
-0.446663436460200
-0.526187566454742
-0.344804683754628
0.912371229780393
0.371221090553503
2.793843776063467
-0.601210690510223
0.236375015891455
0.079543484575335
-0.984575271791849
1.327351604719764
0.042907085358084
-0.130635145097615
-2.432663379709002
-1.258294924535639
-0.801462347014971
-0.143548035315984
0.738611611870407
-1.679879835769653
0.123562934111218
0.855205396848299
0.298048158306560
0.170211686534607
0.211071845633416
0.842933992370468
1.007746927310536
-1.232093464698232
-0.298934044886663
-1.372615033731284
1.979575044513152
-1.046957018949335
-1.030728245652199
-0.092490135016187
-0.437299352334771
-0.790926744422232
0.894990059751803
-0.828025808599683
-1.130281797972131
0.229656265642218
0.214682350499853
0.108158845655814
-0.010041117428671
0.189004820981783
0.159580856050827
1.284766846960038
0.322158309975821
-0.416972877127037
1.332021136162215
-0.874190812843501
-0.218745349846621
0.079951126133011
0.070664249032094
1.081698449817863
0.077539325968157
-0.110658289652646
-1.157464323665245
-1.434170744502782
0.899732857742279
-0.840070751758384
-0.317179850161954
-0.063014456034130
-0.387335871646052
-1.348605553840189
1.079188671517896
1.756907805124189
-0.277830013029641
1.024440862689264
0.552884020555547
-0.235653947764799
-0.254445048166965
-0.958503457090080
-2.066865841008823
0.666059344934290
-0.325088538826810
-0.786402626927474
1.079895459462364
1.838708198362923
1.166214990615056
0.907288453008514
0.456373416863522
-1.874741737940750
-0.897453412673020
0.258051235108682
-0.226225266526522
0.888927351390325
0.589439108172985
0.647447678866759
0.674939141665216
0.421654712944503
-0.429738861197871
-1.125101510381810
1.656650012497580
0.727784678046769
-1.457521753480110
-0.614993735985523
-0.033077078282259
0.022488931074766
0.105572080719216
-0.216575318769451
0.234795815173421
0.394915965837634
-0.531663127139576
-1.321344766422394
-1.508081529006264
0.021137105631530
-0.226136902127649
1.832358792714554
-0.748163025301643
-1.107943214111910
-0.274136481254767
0.534567304260689
-0.495410459576705
0.604320450687368
-0.943509456283454
1.075724324353856
0.654163714470932
-0.236861010222415
-0.124441609514065
0.546221345705314
-1.069285512300524
0.706801805834368
0.070737702503657
0.312120091676260
0.607658385457200
-0.459194773835874
1.639685004526810
0.755869770962386
-0.736550706938416
-0.622525119150440
1.011901288414873
1.843473683856354
1.226151709208037
-0.305145931022224
-0.085591174819668
0.034919106963179
0.786273853216518
-0.961837107344328
0.521189087067456
-0.561179826635013
2.483840711744540
0.952106228957815
-0.515723695832061
0.268861691785832
-0.272913856395874
-0.628079932857237
-1.643924472734873
0.824165958860503
-0.242153762042196
-1.029239057120620
1.366509287816426
-0.522884555785410
-0.577940841399521
0.660352692863456
-0.921221309774608
1.065678005560583
-0.364802380786973
-0.142627264441398
0.748107973833738
-0.183107016792038
1.057203903993108
0.063021619688820
0.981717521876674
0.193154920192655
0.452341202512893
1.146547631737069
0.047607112692420
0.429523562682041
1.302380699369847
-0.864795812384431
0.727331963928328
0.730329383978441
-0.852023508029801
1.359223807559772
-1.108950796931729
0.034399185568745
-0.478813553883548
-0.954017213354241
-0.313501555805737
0.009040867425101
1.141851959209411
1.671928682020243
0.069505449034530
-0.013087796362642
0.132986516719323
0.123238584907252
-1.425760707036578
-0.566816743352699
0.679002757835094
0.746132459836999
-0.908202925959407
-0.260643863986345
-0.769885759187115
-0.545866586629573
-0.880014393035007
-0.335669979585796
-0.199549965511784
0.210562398502368
0.100992347131708
-0.977607181837509
-0.840639562262858
-0.345551520482418
1.113661043799491
-0.207786970779361
-0.104392469701858
0.645271966542143
-1.519729184477286
0.079174104755771
-0.919741679438531
-0.163275981736289
0.464190439957076
-0.111285726570462
-0.551171058829036
-1.258137889001630
-0.072582795941644
0.181541952096718
-0.731584139534562
0.250093395964524
0.006940836182615
-0.154341696074104
0.758124580547658
0.704613581116461
-0.235049310955840
-1.568249732954282
0.054308292743709
0.489437208335307
-0.630036597972004
-1.241766974583454
-0.096793924341386
1.105728689577880
-0.693983441551408
1.058325339342421
-0.589293743265769
0.694110368628299
1.232007802109722
0.515120474018097
-1.030581006902912
1.565247038190955
-1.183381957316779
-0.809748274567681
0.671261997271091
-1.295121762173457
0.702271799913044
-1.930593446610185
0.318057983411802
0.355745574262033
-0.110081612094522
-0.353456773224514
1.917132043650861
0.634366804431937
1.964245826201496
-1.638507751713397
1.547743674687779
-0.107004280048848
0.662142035233206
0.913114151506479
-0.791548578507700
0.810937099646202
-1.134209636922431
-0.240356149760220
1.356856121177782
-0.970152853588912
-0.132361457812757
-1.050969749129506
2.084660347168940
-1.739916876552520
0.052334873743322
-0.095135174484688
-0.960360127160149
-0.057107782228133
2.060995236924168
0.179402110428416
-0.571052069302558
0.212076115886218
0.694161626180657
-0.560540971026788
0.109130853466080
-1.169495914063060
1.441009514209174
-1.041054606214457
-1.437400912719254
1.785272601237275
-0.048555395719866
0.374846429097550
1.218427519616405
-0.162022107001859
-0.600690629768857
-0.752813793390402
0.585078124349447
1.470953702632112
-1.176416510545863
0.056628810264484
-0.416485483655078
1.116615181952839
-0.238214464791562
1.711488262075408
-1.666273877174945
1.214502524487478
-0.055471071058990
-1.485697764165782
0.370507097576593
0.666418289678905
-0.433479624998686
0.399238220781217
-0.361054580706971
1.472789789431789
-1.698369809659117
0.445355845707911
0.495273399123132
0.991609725457719
-1.202834311778731
1.512669757487019
0.533953580912239
0.185007817674165
0.172595387168382
-1.007661421736220
0.016770120296738
-0.719355790631684
0.078471288135779
1.352461791329472
-0.490674049678609
-0.522715478388690
-0.252004388457078
-0.463722912630569
-0.475589748622844
-0.378115788436610
1.511656879859867
1.843761901336997
-1.314520033105565
-0.791494356920755
0.353876734279470
0.864173928404607
-0.599818922298820
-0.224910164649839
-1.691908910168590
-0.561607731978461
1.038342593664888
-2.189026048980564
-1.012386984002008
-1.256975565893855
0.506937014691369
0.104945875957032
-0.210908966086007
1.692511158225380
-1.619059062961817
0.248958444853009
0.583028300033039
0.480479026824161
0.567210663475487
1.434721874294805
-0.466710511308225
-0.377911607239915
-0.578594396729257
0.534116912857195
-0.707236662238785
-0.108898855592558
0.533756750566684
0.108778976470113
-0.265129086765465
-3.321818787775392
1.219963438024432
-1.301146809515562
-0.814687917755950
-1.653497046212231
-0.031451054997486
0.318124108038659
-2.726640234178794
0.573069780583626
-0.381737254632558
0.097903691153503
-0.303242487392317
1.507369380146238
0.794383792535491
1.538655827635799
-1.325506756906117
1.432478489764949
-1.421900886257001
-1.509011966799041
-0.816554164898480
0.653283281047359
-1.180402019893401
-0.244603860334371
-1.392380457322327
0.632824734263561
0.990820073051861
0.160719614083753
-1.305703112697946
-0.850711441282626
0.406760121872091
1.417531407627252
1.323476364854914
-0.838843136236552
-1.299619355415258
-1.625301765940829
-0.200973517046447
-1.782039977187317
-0.220932475542349
1.660917287963731
-2.242147229250588
-0.834828294136686
-0.785031671825340
2.400177232255265
0.295301151950384
-0.515054920185104
0.548325435807267
-0.557048621112740
1.427104822414456
0.794871325478790
1.147070404843678
1.365299902287534
-0.356187388721316
0.488136554147255
-0.108991637221750
0.835444441124068
-1.096194369459262
0.243955841242464
1.171354854335773
-1.295959345606754
-0.011286211378701
-0.887589060159648
-1.105936352362542
-1.651792747703629
0.041520587987804
0.092782145939504
-0.730302205676277
-0.582475665144803
1.340086959333451
0.408213030951617
-1.601308632662544
0.070290578762630
-1.540383887753481
0.770364467595504
0.433452440125570
-0.043163174412051
-0.078734597981267
-0.307828480839649
0.526434460590976
-0.342884526903049
0.394085039548181
1.032509403832456
-0.119794235148558
0.514582779390533
-1.039166255327333
-1.250582196773900
-0.074640712985421
0.565712150153924
-0.604594787161985
-0.126153794595612
0.155827120280246
-0.701929184389388
1.071552899785662
0.038609807826884
-0.408927628735147
-0.376855275303159
0.193610149999345
0.585377969502030
0.401329843708492
-0.920415889918179
-1.789540978073805
0.393002837679694
-0.535435766923005
-1.248825209236784
-0.301491456870611
-1.547424610429169
-0.524815955057723
-0.560465926937749
-0.673901353262224
1.070268772576444
3.734693247564219
-0.396333544078574
-0.392788843939183
-1.279841406210028
0.051349867770698
0.075168824002313
-1.079585158043166
-0.920461833267040
1.249620735632998
-1.289190819452124
-1.065628472452839
0.168061072585973
1.870138343014428
0.739804755895075
-0.799575202157987
0.248006085979425
1.003813421609240
0.448538621526980
0.453022581932103
-0.087242321727402
-1.459997047245022
-0.263035700144309
-3.299075127866362
1.553473192045916
1.080786261121201
2.665255001091352
-2.121845858343723
0.379468612976252
-0.389419150821736
0.090142798043861
-0.724623801552046
-1.897010044035994
-0.505806568408811
-0.953932015035008
0.428855170209565
0.200841597204024
-0.277751502213414
0.933373238471308
-1.059191887570972
2.529410699585553
-0.255014643973376
-0.773268560217896
0.323224005092941
-0.679690131431932
-0.234584364185501
0.365775076088243
0.521435214879848
-2.282973177703882
-0.897977441255852
0.528385573006104
-0.375845570578615
0.772749985255583
-0.063705837846474
-0.552173121702638
0.304996955106503
-0.281010737095115
0.554688510461732
0.344660448042903
-0.169146535705580
-2.245409570254425
1.260660816247919
-0.131365583808355
-0.104978450396110
-0.549838226129725
-0.724567372556825
-1.097323062670281
0.484422159189311
0.000793556444974
-1.229598214633108
0.473992530098458
0.093551881064177
-0.950842808178387
-0.009994384260866
0.414528132578040
-0.671948513257340
-0.370845476701679
-1.362723713491676
0.637514300839678
0.732684730913727
0.827978877498983
0.023024688597593
-0.832211736935672
-0.424903845980978
-0.143564639172456
1.580059765020761
-2.022363759760302
-0.186272094556005
-0.920195714032813
0.542297322820689
-1.748248171757121
0.590011746971624
-1.963140442872803
0.469908501719399
-1.331262753783513
-0.623775994158086
0.758123502184159
-1.193332959277837
-1.551674556681806
1.122770639738434
0.513964419036181
0.312762977245374
0.955828245841875
-1.227303261366303
-1.082149315723180
0.631596652200561
0.749509594921081
0.063079548518317
0.077935958892885
-2.107588665100178
-0.160655199261024
-0.294643282420456
0.268163517193048
0.925196240788026
-0.223215989868928
0.077197465640213
-1.210799196799535
1.650657692789435
1.872726548027414
-1.048810272003891
0.646438946483609
0.456953876368034
-2.641705904340450
-0.257606960705946
-0.482011094772711
-0.700576290829089
-0.834998345958483
-0.535266671198496
1.889860003085096
0.167619094078833
-0.544641484213312
-1.166126734001827
0.305817263892906
1.739615743984862
0.038351578104943
-0.908639659238259
1.277526685403679
-0.448762106123424
-0.686668111231326
-1.762193000498782
-1.028231148456009
0.880669615714315
1.021010974924626
-0.169784834699561
0.948959541056192
-0.485133279200729
0.496834965327268
-0.998556860634035
0.570775901356164
-1.491118115698274
-0.821897863003947
0.059495765040414
-0.754768533204202
-0.225427752590242
-1.478354780589755
1.303853584515091
0.163726275116812
-1.997654643556471
0.200280904341653
1.254681165911766
0.252758599972520
-0.319462329208817
-0.721399498223763
1.673608835306282
0.264560125607866
-0.750782034294862
-0.133632171350627
1.536447875480307
-0.255570137264709
1.789000289489370
-0.114051548517196
-0.190801104169180
-0.698559823237810
0.033478546426405
2.447033761635629
0.521093584662852
-0.344330837408935
1.049283371987319
-0.726351649834439
0.216721788564417
-1.664971409647363
-1.024314264244539
1.013866731105906
1.438924782115350
-0.774691483970063
1.405861016360797
-0.690821779521069
1.575234562070265
0.031868161686694
1.398322480693515
-0.297020319852376
0.567490659795053
-0.287691319972497
-0.678480221799861
-0.739964499629170
1.318149658660710
-1.569163563679077
-0.832564973165220
0.835101500387588
1.908402293843024
-0.488159129337998
-0.321594177939414
-0.149106578865306
-1.129748536857474
-0.306917120685541
0.363432625369485
0.222908771563502
-1.568849956249089
-0.799078662815547
0.553289122233738
-1.102218007865619
-1.007001646651283
0.604018686762584
1.037449033175503
-0.377726508994290
-0.731966692512819
1.321640117296633
-1.113831679286412
0.188958079401887
-0.962236195848987
-1.133715352776761
0.084389493771234
0.475370619801238
0.353605043421305
-1.796269641669306
-0.313125653137836
1.267926312386667
-0.998395788101873
0.368823753814322
0.181381772357913
-0.162637769887533
0.565274849156929
1.250119123587840
1.085316501693308
0.937464219155436
0.114825054906834
-1.289489999471012
0.217995204046624
-0.593785456301179
0.013222253886950
0.786433218525300
-2.131977640371978
0.001137331653613
-0.532704825603965
0.997053059011567
1.751182119482167
0.062588574400503
-0.465414755730745
-0.386429033895173
-2.111486700531254
-1.497784727411852
1.454549982449091
-0.501954603598370
0.317645245317321
-0.832800344161963
1.003997256448400
-0.521496031193678
-0.911396695849549
-0.702387566042691
2.149512422721733
-0.530681790975488
-0.041669799792674
-1.071153746149006
-0.749290112772629
-1.229691623351861
-0.078400285079013
-0.193633965419064
-0.060486264483498
-0.862140685412363
0.530937243704449
0.185767391241272
-1.054424521049750
1.491869807610649
0.678820591814006
-0.419027227348616
-0.727451826823314
0.653988033993449
0.240052510199862
-1.152852603394347
-1.081371826675421
0.039024826793526
1.652556741968239
0.076375597777302
-0.192598465111490
0.173565498638347
-0.079012460388376
0.689205434482638
1.127354090078101
-0.585125079629906
0.325394840391624
0.166618822666349
0.232517342977869
0.533481510511379
-0.502839937379854
-1.490832769565278
0.616616908763935
0.598570782420864
-0.118052773293947
-1.563641237087840
0.324246892485721
-0.861533544636761
0.211708104754812
-0.447833559909509
0.164026611900798
1.079793272258337
0.270686176306471
0.388355529344142
-1.312149296870979
-0.813474517163840
-1.200225895859317
0.092291199164672
-1.779186882017480
-1.130056622045321
0.477339766531510
-0.352971148315762
0.584303867268648
-0.264832814210956
-0.363298899002438
2.100250157915303
1.604542449528573
-0.424549876194159
0.326159861503602
-0.814853422828938
1.247833298048650
1.267635365945096
-1.413873693873313
1.651822486010327
-0.177203826749249
0.337622838258244
0.935241783324076
-1.014074597174355
0.918008235150470
0.308878062345147
0.306437841362802
1.113435946184947
-0.505042185398322
1.773634836048286
0.094632852376602
0.287601519536759
-0.147451676528771
-0.045235376390259
0.188686371411929
-0.149974024580984
1.277567956264425
-0.254484994160689
2.543389124655240
0.490781083031200
-0.500572277200863
-2.717003716226281
-0.719350095832995
0.280018568024890
-0.135568814598410
0.971134810027621
0.301589109989049
-0.884028568503388
1.340566926228993
0.215653929111626
-1.054869917056847
-2.159634382742466
-1.176137840758988
0.226539616673547
-0.267673541121232
1.883591765011341
0.010589288537013
0.840529774853338
1.040384258209527
-0.221618682170509
-0.169259730353121
0.362440165369766
-0.597626671070870
-0.383693990731168
-2.844440742870809
-0.229875251334274
1.538197249994466
0.043121896215516
0.723404987091715
0.814092674774862
-0.313317580990792
-0.452459970937485
-0.225646922199093
-1.137676732759110
0.186434198071722
-0.546826994458225
-0.849681261433835
-0.840200107484340
-0.816022515031509
-0.204907160044987
0.917382913897610
-1.691436425294357
0.141517344926289
1.825746499336040
-0.893556153024968
2.976726102110592
-0.849175517836463
1.128911434361741
0.172146624794835
2.647190365941348
-0.628318110158416
-0.700153210947301
-1.843870534247685
-0.615550067443763
0.595104703111873
0.740527098903904
1.145937590923442
-0.194895099078640
-1.596456927141444
-0.291220359236078
-0.547287863806591
-1.183531668758039
0.107363405416296
0.514208512890936
0.098897475203025
0.327196567714764
0.655227307507042
-0.380760181301380
-1.107010069795369
0.535660990387294
0.181499143299708
0.122473420953484
-0.172333811577026
2.833078141013940
0.140820898548533
-0.603568420242520
1.206408435909338
0.973169599430660
0.591272780445217
0.993447953586700
-1.254923276710030
-0.388849327265422
1.594550549123972
-0.022528080870651
-0.389811320681742
0.385354220999465
0.418322101885163
-0.540967617441394
1.024872820362373
-0.302368906728151
1.123877779849733
1.525037460451532
0.090088938355425
-0.654007523157435
-0.380844833468846
-0.198304930450594
-0.584245194309234
-1.784210271103394
1.742584480669006
1.204300350332015
1.609179217073005
0.656510567878779
1.760060448030149
-0.084491063980280
0.710797852312958
-0.218818029575641
-0.162779008649352
0.944399177204051
0.441719709527672
0.632563156330871
0.381924406346294
0.568148510939183
-1.326953871209768
-1.584394214604500
0.401009616797819
-0.853551492806565
-1.104736811334443
1.266268255386828
-1.022383079515531
-1.531695106656507
-0.153993920883802
0.499119869885558
0.177729290857083
0.337342788102365
-0.197206689577819
-0.079251752870806
0.198945161240462
-1.044198739263361
1.368319769391559
1.369238680794501
2.086861386761832
0.258538984540489
0.657047042536557
-0.867645968320476
-0.273683289305429
0.426100535343195
-0.472677673835688
0.984147639599418
-1.097321640974819
-0.627361598827734
-0.187833066836262
0.028707508097379
0.034099964829936
-0.137422304735235
1.477772333176262
0.027881693840786
1.424572734000094
0.103627919735014
-0.479643589826469
-0.113610298996960
0.426411963859915
0.829795547536840
0.022569800585953
0.328554411324082
0.491906759642761
-1.492272042821395
0.790181692440304
0.905845878323355
-0.501758594376176
1.985228927384222
0.807785790654193
1.689424741625533
1.544952240950541
0.918700306397600
-2.583596065914641
-0.512413305481694
0.119898585478422
0.878748098610835
0.186188773916706
0.436462552351862
0.700868520790772
0.014830048866984
0.809900589640649
0.747778667074380
-2.961525342332568
-0.210509682623752
-1.118781942787541
0.888489577256303
0.887161402056133
1.041409259630973
1.080999195608158
1.110197800810354
0.111724957045831
-0.773523198678871
0.805691862284599
0.509777319595966
-0.722267934048401
-0.591804577918559
1.189632258876711
-0.403472924942561
-0.842682562745339
0.262254371881789
-0.616719995751573
-0.471298250921524
0.643987683989745
-0.691277190850849
-1.535860718075166
1.745835386433567
0.731156260582957
-2.256661219652004
1.974328030837663
1.200365074614220
-0.478808949860600
0.599038600058852
-3.052073463394582
1.492556333964022
-2.968795032077471
-0.243483344767692
0.042741349698751
0.595289780498741
-0.552512259336932
1.509864502584575
-0.688324986799158
0.888222525235637
-0.625264058134657
-1.091216628970113
0.603673432417177
-0.806880765958447
-0.796353485011440
-0.992441904373956
0.829587854463728
-3.060889838253490
1.253073196491202
0.122216277453736
-0.678042102942727
1.725318242424658
-1.072958222983259
1.956983985551759
-1.471681872945422
0.704863484043110
-0.073334584852654
0.259089503493305
-0.687514308979846
-0.450671089203903
-1.819899260901362
1.257966687528627
0.303889444513875
2.131540053983357
-0.112769320142637
-1.561208556301541
-0.133981004324156
-0.300269006223565
-0.786334556870527
2.283173284239916
-0.332325367591171
1.116122882272836
0.543322961507533
1.158314464125445
-1.316322390374946
-1.842324113059552
0.216178438481947
1.747572399484894
0.464975809375621
-0.076953850419639
-0.623358274019263
-1.748840661675919
-1.545101757082086
-0.649983532138304
-0.484675248309971
0.521127679803922
-1.794363124247508
-0.183915657551296
1.130488387664379
0.765555325113695
-1.382185864369441
-0.621595280960558
0.553626304470043
0.848523587791482
-0.401782164884405
-0.114137607138913
0.004505561382272
-0.143509465986792
2.178780157002649
1.120526974521463
-0.621601928350454
0.025949150103834
-1.382479652219164
-0.403490488872394
-0.645705682834895
0.029560994698469
-0.335738307131760
-0.570282231748705
0.053140638156192
-0.665601852508213
-0.987884242147852
-0.504265532103334
0.419054266126343
-2.020164045636695
1.540930801913727
-1.848573497598036
-0.299201680245539
0.145848939835551
1.125581372756695
0.946425280229705
-0.968770815800221
0.570260204823655
2.389067989806319
-0.286528390525436
0.199615928433383
1.265589846721954
-1.074688227048515
0.834521677876787
-0.109601725572318
-1.161223222674597
-2.202899465762464
-0.455104233514630
1.411113142804079
0.544665820449076
-0.242569996534184
0.301203283684075
0.500818226172008
0.032497274132436
0.687294976102982
0.863541343179006
-0.050453983562401
1.275089345564983
-0.104928610394534
0.232500475473988
-0.515292182780679
-0.759568185804637
0.285104120366889
-0.519628657695071
-0.718304586765231
-0.687343825862591
0.555561354326417
-1.228612713110277
0.759888627949661
0.526394442957747
-0.990144549059112
0.474607107036832
-0.376928807646171
1.027948271512124
1.501697779851696
-0.141853782611329
-0.899756558058321
0.270903963298765
-0.427458643559365
-2.019762178810780
0.808826744626392
-0.260443391092022
1.050524832491005
-2.160342969908449
-0.840490993020030
-0.383375164624871
-0.262601778884090
-0.512942519731512
-0.366739935508660
0.290283208956190
-0.673842205229124
0.719963618981789
0.326140189407284
0.114158578565728
1.495407168232068
1.490318926266869
-2.414250842017459
0.170638309044051
-0.563222108345768
-1.290754550175468
0.869633847037536
-0.775244439919509
1.590455287829720
-0.113295543526449
-0.142094901542910
0.572788696561795
0.066908280742926
0.996766277518972
0.809516556575904
-1.370882635994743
0.134162797815027
0.483982416964265
0.991473605706741
0.215486087324481
0.265811330821486
-1.153572044856905
-1.119845840331749
-0.283909845364255
-0.195677645323404
0.979302593353533
-0.357143383193833
1.255753004968248
0.522031639626616
-0.366978726837842
1.359892398223646
-1.825961173025827
0.940931421346772
0.941205192269038
0.504864809746509
-0.655303285405661
0.977521260575702
-0.833624066026487
-0.319207861080883
-0.144045899859623
1.555080746361629
0.057137036342865
0.445792063611590
-2.229634016351482
0.183112331567025
0.284648655318404
-0.031565647469482
-1.023065343933750
0.178375545714147
-0.368962644929439
-1.452498593360208
-2.153301404235451
-0.158223089515140
-0.192092511113584
0.446419518217574
0.494218367102648
0.408972172517993
-0.038495304293582
0.400325518510686
-0.889572956824732
0.317217340299403
0.320263359005776
0.813647256460217
0.964335129019344
1.534930751500038
0.433766796839933
0.527994624712698
1.898168478020416
-1.396384137693655
0.182166243583000
1.351063154665006
0.656086069648897
-0.234643151151886
-0.019565281353181
0.723559860155101
-0.233577518771506
1.155376991151575
0.281145535671447
-1.281539122744878
-0.387786003668140
0.366718850051710
2.383331921366487
0.380608238455409
0.526579944560355
0.543652733485118
-1.111648802398407
-0.751491048178417
-1.490068880581037
2.568817559289473
1.305391557696120
-3.009078837272065
-0.011548790271416
0.861669117420102
-0.315343035657854
-0.738394293866601
-0.501178667243301
-0.008911456525864
1.096848558444773
1.430841917641753
0.088349027196742
1.518787624197972
0.981503532331902
-1.081823666500305
1.601912205518402
-0.797172177246690
0.843663591361969
-1.341693100773638
-0.397242006804998
1.528123308116006
0.004801063181330
1.767134655363213
1.264242943946828
0.663281135510117
-0.945760271137803
1.630736641698554
1.235835680395481
0.318929369379168
-1.251976124199152
0.500028079336071
1.487425541021445
1.572496232903511
1.101538701923926
0.470959560914802
0.510040849804065
0.141417752274285
-0.021057604956906
-0.356584028840055
-0.395887610907062
0.001195780273414
-1.119234767265862
0.283356283616399
-0.174473613506860
-1.973182410118041
-0.208189167697302
-1.004984807947066
-0.201755011827983
-1.191407812549661
0.890659510439992
1.211847716769600
-0.281139919345511
-0.578295235953449
-1.019776007433298
-0.458163614185654
1.774753420751306
0.978111452441414
-1.382193749469985
-0.772466995631952
-0.442197402503166
-0.236867903740955
-0.863675797744346
1.711173959591154
-0.583812475319927
0.647434265953109
2.105590172675083
-0.515705880961006
-0.185065923469834
-0.007643196453602
-0.041744608504258
1.532764484543184
1.176468670121331
-0.035445822288734
1.442706661395112
0.038513208866583
-0.093332629995160
-0.384793075273708
-1.191171071532191
-0.255362313559581
0.789907630835764
-0.533829959136562
1.111446318790543
-1.727489305302391
-1.533759672109617
1.113225095454720
-0.414520486306760
-1.280507962161124
0.179007543655496
0.265691789971356
-1.353138321550923
1.564030958643752
0.892043028670483
1.101060934222322
-0.075998468352207
0.447274691796920
0.454887876005951
2.942653188437263
1.336006530459195
-0.458255555330568
1.153209058321568
-0.080906866359084
-0.263509383585698
0.176496677969087
0.002491688404522
0.906868379455125
1.033425915444739
1.358991429633772
-0.179436007083356
0.962974150028102
-1.768452668418099
0.887675444325302
2.866237812166158
0.171279200154694
-0.130309038028059
1.277342260390137
-2.121680795684346
0.255374974700708
-0.783732499649310
-0.914734581688628
0.429126433930002
-0.496342539201404
-1.821115022894737
1.931432782501592
0.274879507004385
-0.592959992910780
0.973913493856380
0.576889288195701
-0.630630253640975
-2.283851057599396
-0.673661240762694
0.672843436642438
-0.288111178521023
1.477262792156857
-0.976730410729914
-0.525549730675286
-0.310264576112306
-0.511245707661581
0.942113382221553
1.572531138921674
0.971702727744566
-1.485674511983389
1.255577728116324
-1.681538580046908
0.641189511957769
0.532465250688016
-0.323918160915799
0.346093082957254
-1.634598935566373
-0.221534689505653
-0.532438991382139
-0.929425089562234
0.727786543285819
1.681747079530379
-0.508657083475781
1.373417943720922
-1.837899598014465
-1.189690828541053
-0.197018399083872
-0.477176600140910
-0.045094866715493
1.638417160249920
-0.842986857317464
-1.349711520166830
-2.556250691198458
0.164914752973341
-0.931336364356917
0.794304539894768
0.304707899542052
-0.940138240593869
0.581306813671186
1.130692943064397
0.680461199387185
-1.250180702322446
1.827081424379003
1.668795345852319
1.382248854660040
0.249658681068515
-1.323865433519155
-0.419873558703556
1.737470922619492
-0.045318807659870
-0.146662059550808
1.134606052488892
-0.069097273256472
1.053237737820038
-0.804524827690528
-0.404063988880312
0.935473574908576
0.169300579477302
-0.399220627451388
-1.361239323202313
-0.254052880811616
0.542695363862020
1.297057894047093
1.380716508063088
0.011845277672112
-0.046229874579184
-2.505915996712385
-0.982456801883878
-1.450906318339790
0.736590587409194
-1.267592816461704
-0.288099079618430
-0.966187797485917
-2.453201922795850
1.046708595747992
-0.272883708103714
-0.727007898201370
0.581312589619079
-0.105454642132100
-0.594858131061641
0.256159747750570
0.127572651783774
-0.563406823403826
-1.602674902425353
0.204137425232132
2.262328934670199
0.372763738076126
-1.740352402091133
-1.302877286754051
-0.092920564667356
-0.844292846008287
-0.411775640508213
0.770058927574143
-0.166452451458695
-0.134083576811986
0.287801456808776
-0.948144882655328
0.616774540749921
-1.167724735671979
0.501602259037918
0.351562687062560
-1.952332101436464
-0.717573298447732
-0.445726816433539
-0.027660890461586
-1.215197857287905
-0.530585489071330
0.831764030699881
1.259883095921465
1.384838920941908
-0.207187710771275
0.196025074907130
0.209414946008184
-1.147970168105877
-0.862064787557891
0.312596597439329
-0.257227626857868
-1.962933860783093
-0.401824738500157
-0.070726144252296
0.057387596525040
1.609805358049194
0.402296551013108
-0.100452985388468
-0.653695344867822
0.729084062471152
0.153583852470980
1.274828247030182
-0.020553112798244
-1.464734965024711
-0.824975855843411
0.560269282620507
0.400427004620689
-1.374035210694636
-0.122330813953907
-0.680733569131500
1.360217751972921
-2.184307826739498
0.956779596936833
0.776271367697151
0.029752676463293
-1.179240444658577
-0.744552217523755
-1.739585315890733
-0.099012821041082
-0.098538406893694
-0.222388077019052
-0.858204569483980
1.686963435505868
-0.704581654471273
-1.693036850683314
2.257413779684954
1.376889405039429
-1.191569384489006
-0.528229493981498
-0.128490318045547
1.104784637692978
1.153208789954467
0.675602373918698
-0.565331081110864
-0.020751574856672
-0.423892725862736
0.463568994940834
1.245874633839646
-0.737280206644188
0.428680680239121
-0.559274307294138
0.811070898475485
-0.695899730511990
-1.188809831861152
-0.846834752280995
0.616497419524637
0.649015672285883
-0.243851830503808
-0.388435373883669
1.650693041297998
-0.524493937925297
1.200545724930621
0.574442955375970
0.249408619761173
0.054496144926403
-0.784423989508373
1.465767242600208
0.136766267816451
0.947250590564248
-0.185945602523313
1.513447348499447
-0.392047665885936
-0.282082534197210
-0.653422119227169
-1.094346717132229
-0.587739011826954
1.927848043910240
0.624705951608637
-0.050269549474303
-0.263728889422073
-0.072718578087745
0.829732573514838
0.584736501736434
0.314822849028234
1.128372176169104
0.203197765453141
0.751610620721307
0.207054321705697
0.754922659334587
0.553601959757094
1.049886713893468
0.774810332724357
0.138121342099736
-0.964068728942695
1.740767571580789
0.031710213048535
1.604811816416005
-1.445502251264840
-0.302595331221813
-0.579925533095299
1.338273845591926
-0.448048157259420
-0.822593144336159
-0.262623394923770
0.853326289029639
-1.072860909111822
1.689498923715505
0.107246023694252
-0.654671092504497
-0.210103545745975
-1.062931644223144
-0.354004915475330
-0.180680157582869
-0.307678687396283
-0.293114453711440
0.702050964698713
0.893157399770237
1.418271725878314
0.675443293651648
-0.543749288028355
1.589093941540263
-1.048422861659500
0.071497104280984
-1.642430008521293
-1.528259243221606
0.613720882004914
-0.573356106896015
-0.740629683117981
0.746552633742528
-0.337693643597464
-0.061294341498850
0.187248359571984
-1.094511006206870
1.801647150339521
-1.822397558896297
-1.126046240684698
-0.215435500901656
0.326697533201021
-0.486052499065543
-0.646373286983734
1.253266298213186
0.662394041393984
-0.124087556573679
-2.196223564004794
-0.031259117491918
1.306790790727701
-0.289505803206142
0.486505148831969
-1.113049462806300
0.614313652558573
0.277208628685040
-1.850696334406973
-0.920241817215841
-1.389270877721581
0.312564363789640
0.716956379082553
-0.611280242119242
-0.131266807179358
-1.376756955846316
0.721794523365640
-0.164984195666365
-0.464758567793481
1.525030936547641
0.542629247504357
-0.904673149915668
-1.151984649287620
0.578611304727636
-1.725317434896171
0.298729166536311
0.928490010917823
-1.208119090947347
-0.685314836516444
0.072683546899000
1.664773893187349
0.867539202867138
-0.053975867427489
-0.412466021188701
0.732339853055835
0.909447264816118
0.654554434635901
-0.755086456368464
-0.482472375688009
-0.422997691503667
-0.999201054042879
0.515106299559468
-0.610575485062945
-0.679344969059353
0.730897212551788
1.951089479958694
-0.732079604005762
-1.253781692601582
0.231526783598349
2.025161560652335
-0.436456917767178
-0.588255647729848
-2.171267824645520
0.077221819103824
1.001608086157952
-1.145048852887996
-0.207971799278670
1.155093207084976
0.873618989037035
0.747638359630269
0.034368996071796
0.377867762540990
-1.110975095853592
0.437790063819989
0.505725506879449
0.816784454818833
1.401778796375244
-0.832383488643612
1.233651597335191
-2.716363554987480
0.230972009125918
-0.317447763958805
2.183906766005729
-1.813622399127662
0.122708125072817
-1.323314717711251
0.052924605924199
0.362870552572712
-0.599509227719223
-0.591564271140938
0.085048665046541
-0.464523621884679
0.333758495953677
-0.003738614337605
-0.923826352606827
0.812278265525816
-0.021202685697221
1.218159967103154
-1.096616285605244
0.530806319068646
-1.049487672209455
-0.793735920737809
0.302656947455217
0.335059340653535
-0.295718618764459
-0.155660530883498
-0.396912389040402
1.037571968089159
-0.094360322770610
-0.152445391072461
-1.087356463867632
0.779895705185632
-0.211530936146182
1.495823284436240
-0.846015038835557
0.954003993618634
-0.209217054012684
-0.008635646835292
-2.528486850726968
-0.564644482843695
1.883798986769038
0.706411403360429
-0.532693295716634
0.986414737011933
0.130578126162274
-1.677947168219084
-0.194254836349368
0.392454302961329
-1.312728489294720
-0.229038257553191
0.395907653335338
-0.565273253723026
0.794323123579507
0.009725049973077
0.112946695405068
-1.145370700760423
-0.134015656003785
-0.220678318894489
-0.086578460309943
0.205931206882606
0.502224179866399
-0.679459189087136
-0.032130221368821
-0.470163883598511
-0.613407235419343
0.817440999728885
0.370851605229133
-0.386372707173201
-0.181555037435976
0.720290170116310
0.662137951908608
0.251991475381341
-1.705708037414083
-0.516464987567680
-0.455659278387828
-1.100019192452965
-0.145078956674661
-0.698731776145511
-1.110339519283119
1.354634277326036
0.185310519539897
1.684688859760312
0.902907549643923
4.104333853859067
1.126445767014094
-0.596048008448642
0.510748215520313
-1.351128163523257
-0.097264687015533
-1.599365607131277
0.913579465709247
2.388163791021918
-0.972805141632603
1.269957437342579
0.144000520733498
-0.530041005078800
-0.833246493797293
1.755713416530263
0.510861143560829
0.522018021656387
-0.077852249328093
-0.977633153463140
-0.499137537334030
1.292626488336603
0.904354676967575
-0.263740179508321
0.404929558443329
1.975268639143082
-1.020615206274698
-0.323718800127720
-1.050927226231377
-0.053888130884393
0.478643377145615
1.418292639290901
-1.325948423416011
1.032918526810611
-0.467373414820501
2.162844225645054
0.207422812214459
-0.058743458087398
0.276090435628066
0.321113428604932
-1.406440520321296
0.870271157447123
-0.252728415547506
0.079688354001585
-0.612174633304625
0.345449792560271
-1.795253067841929
-1.300620709501607
-0.626404660322648
-0.383249180380314
-1.398858665730121
0.536598315235954
-0.231504006031067
0.161541607499679
-0.609420049364195
-0.636579502568952
2.385878856246098
0.199915654508581
-1.710929375077796
0.067933281408651
0.888902250233877
0.247971016515295
-0.947574553659019
-0.487798258531044
-0.808948177521524
0.106680033678524
1.194288371771413
2.206220640223970
0.011634747609649
0.321729658291895
-1.577983815698139
-0.023575130892309
0.634376503477788
-0.917358538297265
0.782251168102708
-0.033598322774865
2.091476731348107
0.886595159076812
1.318246023067378
1.236204434682927
-0.520223975491515
-1.084642593084982
-0.645033000496054
0.778937362385622
0.155207670035514
-0.504975256365813
1.230997097000391
-2.140319371181755
-1.111170847643491
-0.649687828788623
-0.551346230259919
-0.053392135644585
-0.623307044554941
1.168017492020363
2.029358697887001
-1.078098612628521
-0.572482027774496
0.736128868362180
-1.455096849044384
0.941331101835725
-0.857503873277374
-0.382070171079671
-0.391892266559696
-0.879863199336654
-0.904330167315748
-1.608807205741772
-0.715063353103656
-0.230023057119447
0.534000060885467
-1.484861303093334
-0.709455140686740
-0.557955817010500
0.881847535620950
-2.019996093341415
-0.540133342892010
0.264034733712479
0.050089946671832
0.023986543985262
0.228277361604798
1.381613426645250
1.551369569799841
-0.600229370661169
0.517319420677636
-0.219602405457603
-0.849428112081658
-1.458095237756772
0.874395664856322
-1.017096754841879
-1.836298479276896
-0.814430133296660
0.426372962005341
-1.225810784705542
0.294469861329533
2.220532454293094
-1.475119713243582
-0.141902976572505
1.425321106437583
0.678441023007786
-0.859635930013589
0.933140242718261
2.015037286274133
0.324129573650171
-0.925979072985651
-0.319006734807620
-0.803269871171500
-0.703236741799892
0.720259930278661
-2.271811209931862
-0.080107863786168
-0.177748215683030
0.745116804783941
0.015160327171873
-0.893430004640075
-1.627727830119908
0.456195595166291
-0.505605099319806
-0.478248718277118
0.190808627798963
-0.890183929734923
1.130645345353318
-0.543367071001955
-0.677682733677564
-0.021375572433656
0.659793949204233
1.516967230346914
-1.966989700341218
-0.989193672184694
-0.575819076108749
-0.397358075751713
0.264427966252950
-0.069977669998338
-0.230722103936517
-0.330915927864008
0.424512638133989
0.553509685256416
0.197736157516686
2.590879331802476
-0.255150486004303
-0.463976846950136
-0.159859812228707
0.090392117732283
-0.546119654869035
0.922694393636252
-0.136227674985962
0.075130565577717
-0.001812296741445
0.360711966377100
1.229728852209732
-0.531574341945196
0.095726740572613
1.557994435897767
-0.174234698996607
1.153457715183234
-1.127811560926342
1.030152510233124
-0.058355063885180
0.815798199943787
-0.911755856559722
-0.320042667354448
0.504624155481145
0.486284926180393
-0.078171860133100
-1.306246281973325
1.400958741184497
-1.333245324306653
1.307695723927112
-1.524120393755281
0.124968704576059
0.605406222813496
0.532955962838090
0.387364228905819
0.647546058364327
0.444708442975876
0.405881878515239
1.427277960450415
2.432806802600601
1.268561907709743
-0.365457339377925
-0.951052445042118
-0.387374766210062
0.882271964460291
-0.782258275577254
-0.369056604283612
0.860539598981264
0.141973876653216
0.889422138010337
1.278269318081313
-3.105452133496331
-1.602248301396827
-0.190867008378752
1.606550283823655
0.317393460432732
1.137757993429259
0.708257242306110
0.000663978504046
1.012415810445914
0.702439076649126
1.428477993707564
1.213160998245911
1.096675610904965
1.905405941137025
1.109287706554287
-0.501432841908891
-0.011977624831738
-1.049413422719185
-1.395222488465639
-0.557912268977210
-2.544424869121592
1.153471086698321
-0.161112980186865
2.486782661392548
-0.060537664910777
1.286159924091455
-0.485012955132488
-0.388909203654425
0.094983673220150
-1.523756299107252
-0.481823049494957
0.505313560965947
-1.105217841722960
-0.503327003387971
0.145333158114106
1.151992433441337
-1.166557366335638
0.223622128456673
-0.751020417337398
0.860585667587552
-1.371041616269989
1.285809091771649
-0.530410854596727
1.863556053883788
-1.054349739380813
0.743883865097937
1.212261306733032
0.391227735854511
-1.217492197255883
0.094585525366962
-0.292908017092018
1.244566359560736
0.397878418748305
0.092815571058432
0.789590039261284
1.711301562347644
0.567283012718947
0.311429374726352
-0.392683935381507
-0.124953840182923
-0.051055007089649
-1.227441243375839
-0.961626333327502
-0.284781936044730
-1.396874122606773
-0.482892290974042
0.768420858980057
1.317260303460732
-0.411828975430737
0.220555363187561
0.552702609462370
-0.957172853055416
1.005488705912446
1.974090988032752
1.432744685478742
0.692214658458084
0.570074498812685
-0.569121825976381
-0.566173823410804
0.789374210025298
0.881414643928448
-0.820004043472855
-0.779454454061392
-0.580248518561026
0.667482635713398
1.396248462708345
-0.254233643207115
-1.242861536342314
-0.673175139499094
1.328617093961265
-0.896973798870626
0.641264581799121
-0.452928687661088
-0.312765053020582
1.543920679300754
-1.400042500266271
0.567653001202108
1.760114862978316
-0.636625614834961
1.162586483016801
-0.170092484198178
0.183632816325301
-1.336636051368794
0.423154215309890
-0.291964431729443
-1.123809060364284
1.400827569122608
1.345459001692390
1.090318787532399
-0.649180515656336
-0.657832672470830
-0.731387600503488
2.271463571046843
-1.605804179910727
1.143000929460404
0.457337978764295
2.363277791290844
1.591915371126551
0.839203732574924
-1.030599433386569
-1.205506114899984
-2.037315650892787
1.041328175789406
2.550220332667172
-0.441631567360034
-1.980877726620434
-1.631604962977970
-0.607247704541279
-0.101568004438493
1.041033380756428
-1.683541187041860
-0.353378209093202
-0.593582132670756
-0.511702097744340
0.204305277603879
0.168477508233485
-1.042176645734310
1.203734303987856
-0.665369345584611
0.900814588697016
-2.447359212658629
-1.442712510105959
-0.869495514806508
1.531370372274580
-0.158537058548930
-1.136367817423909
-0.640694753950862
-1.074845178538384
-0.414800258624462
-1.099812658731743
-0.313882006454688
-0.545452508459048
0.320346416175442
-0.145654508170753
0.101973100505087
0.065085225190406
-1.218940320781547
-0.537397708346135
-2.782976201956258
0.933268684355809
2.063580183556750
-2.176043987239438
0.622555455464421
-1.102311628844684
0.125170380568506
0.126556812986269
-1.443163125936173
0.648269379980069
0.814895439702689
0.065363501769375
-0.075259791986872
-2.052585938740330
0.817049423920136
-0.547154540262609
1.629958759903412
-1.962000097718876
0.570443387129163
0.690745171479297
0.906036163195841
-0.096774808295162
-1.315479623098641
1.262556334264559
0.593908941783245
0.126532869319229
0.457738064798278
1.209179706904858
-1.589272856072492
-1.636285692078805
0.302093752033513
-0.662774172594157
-1.034330197064252
0.693869560284358
-1.533264110883087
-1.535162792654408
-1.127930375979265
0.198894707867827
-0.496978911278932
-1.549636967074919
-0.236702648524695
-1.321857472809249
-1.714285554561574
-0.733308130104331
0.040390811546929
0.680440998979118
-0.727050397699590
-0.512204674687886
-0.785336767953593
-1.238613185269282
0.867362952058858
1.870333525953929
-0.837055523064790
1.704114697117619
1.687808228443090
0.010059946653528
0.203509209577664
-1.108049654313815
0.642796565140430
-0.506815160648002
-0.062890331246088
1.045641988313328
1.654268600560725
0.478222992433181
0.174053525248411
1.270601705214387
0.044330323790241
-0.081679452748873
-0.518560243700857
-0.641542279839603
0.111022531695000
-0.294527045092447
-1.785285362161552
0.841649836636244
3.016871714689185
1.304775130286219
0.658897773034516
-0.938887302587759
1.106830581717429
-0.766358322742843
0.799444213508098
-0.701967207436149
1.105953379886671
0.470293217152680
0.764506943898519
0.467676380567313
-1.394655473461797
0.273781449796624
-1.032041794231895
0.668952205888603
2.015369919604089
-1.343823393487209
1.225377155659304
0.726893716464219
-0.077052176580034
0.167753743539258
-0.679056993341604
-0.598831980723831
-0.221541446661591
-0.247171325207072
-0.547662619052052
-2.036055251599841
1.221174142470278
-1.590568998046457
0.533904486114637
0.167760359796962
0.794915817145867
1.453099381473778
-0.133898691886199
0.412511205423882
0.181899456553919
1.105113616665455
0.435249038614160
-0.648624498674919
1.700000737697226
-0.096842807108334
0.714635966033267
-1.509433823975983
-1.387199025434786
-1.242381690647367
0.941100553611498
-0.344095642358019
-0.428519179235148
-0.527082405674673
-0.384145597635704
1.430004900711916
-0.278616537703262
-0.205446303859852
-1.141601371007808
1.846769480411494
-1.161598081452557
1.286372095848979
-0.753831693782043
-0.568243584596749
0.903897177520630
-0.947246371529949
-0.381467567192413
0.994384049077393
-0.187633498799669
-0.091501952530811
-0.743185385528017
-0.765434600954719
0.766191497346803
0.692370853829292
0.074228756181764
-0.549140108219692
0.404396710178724
-1.225570588101272
0.687445618603909
-1.567380535626891
-1.175005459232716
-0.012761470586504
0.517125777873097
1.337952482545072
-0.850330127740326
-0.575019850626114
-0.178605064437387
2.065661820936055
-1.392997164816365
-0.239105965675976
-2.166346985703591
0.538610458385280
0.400419759889418
-0.127901578115265
-1.512460386123230
0.088237892254655
-0.794124311137329
-0.435641678475565
-0.327623773311521
0.606887813215557
-0.043349029801182
-0.103679457530944
-0.948175261337160
-1.007447393684194
-1.695623528153739
-0.248025869653626
-1.250575358512587
-0.385187340155986
-0.326900279200831
-0.756067064820644
0.451071537538776
0.787356413546514
-0.511264218001151
0.421356839309514
0.896334926553612
-1.494952906819681
1.796944621482215
-0.466210218875652
0.118675665393863
1.286292257181891
-0.100723226270355
0.780311762655037
-1.941593729180584
1.376772067735312
0.806920336144807
0.116468933561378
1.681510557138354
-0.305869661866540
0.996846558021910
0.088194915311136
0.482280446103693
0.157915063759374
0.192802356820372
-1.211020831095223
0.330256763284629
0.257865311342039
-0.932149651284978
1.280704732296550
-0.489070176499625
1.336509428548840
0.362711954393422
0.662805800105861
0.105026552697857
1.214571600959946
-0.102509911125059
1.587217137466245
-0.358419654700143
1.137163397284412
1.659644052624582
-0.924724992336719
-0.574873903367062
-0.381494958850744
-1.084852797422687
-0.798103090608844
-0.022610578019053
1.285298365851025
0.037902335010983
1.850254970733786
-0.261456933064459
0.602903123092188
0.293626175209625
0.442629918137364
0.401128594027985
-0.277202746191334
0.686619148767613
-0.361705209497759
0.006992390541454
-1.232127497667428
-0.099606145523436
0.813655395630657
-0.697717399890778
-0.708682363339626
1.204571439473870
-0.265264852945390
-0.354976491808095
1.225390072097612
-0.551261640625882
0.496279971294670
-0.574694860456588
-0.307896849233217
1.402327345579862
0.388236038634603
2.450190003750531
-0.167292174719933
-1.312157972513077
0.668837732832112
0.648445324644785
-1.628920973986116
1.558619856428425
0.027433690882110
-0.050407005107480
0.744925119280020
0.404931051016370
-0.485055486076616
-1.133618183009415
0.544468732139506
0.146092804937507
0.893488558475599
-0.386782658563847
0.826980045385390
0.145356060356591
1.216774508128666
0.537648818624293
0.940827097931009
0.358774827183468
-0.574715981306811
-0.609658303045904
-0.616376208226230
1.597005642171333
0.616029861159623
-0.776627545105546
2.641231657435076
0.716618575515087
-1.354840909004204
-0.374944455336157
-0.552654606510555
0.257806594962703
-0.278865609728652
-0.242960874131777
1.854185080062940
0.836566620288519
-0.787865907873463
1.589911263330682
0.814384472585547
-0.269404096972451
0.734176336932711
0.235568967740326
-1.117576379437686
0.653787341093286
-1.180616281748964
-2.849492861413867
-0.082721530669210
0.078507092252792
0.755144718585824
-0.387922520592401
-0.462931337908744
-1.142844544522770
-0.176105015452038
-0.513379847713122
-1.585441258346195
-0.218595780314912
1.468050491630188
0.832746242750428
0.678397169540400
1.099826495943886
0.619713237178537
-0.737710259117874
-0.812699849420460
-0.585856269770335
-3.045271990539144
1.207886908733677
-0.956838494064916
0.025418416338297
1.320598956690490
-0.875136558120992
-0.506882562137880
0.212683562250498
1.397479130623692
1.170334532030164
0.369696133946446
1.298434064274519
-0.204787729869848
-1.618808934217778
-0.360588947394634
0.915615149484637
0.931855517326350
0.782889208820035
1.045597618833865
0.159976556145477
0.877036256340347
-1.335544240848712
0.251745814358186
0.264761471647884
0.627008940026792
-0.260659262613649
-0.097591368029094
0.103287733082819
0.302339212366359
-0.118702757195468
0.041445475938825
1.804461813607422
-1.016790220825336
-2.234378053711906
1.047942243748281
-0.902198565766062
-0.367254447955635
-1.395099737220815
0.676557570849982
1.574516090362056
1.043593166291638
0.061378489898846
0.084128026081197
1.782607867997849
0.301365772072588
0.246250067887992
0.629725915411008
0.333418710306493
-0.784863056280509
1.921882573076615
0.479510159781940
0.022608433091469
0.824518207860538
0.826679099305969
0.348331306649157
0.443036485659635
-1.128193564914150
-0.210304015391015
0.004202898946500
-0.049287202311916
0.275616641183296
-0.664422676325451
0.713050126513361
0.054803854961069
-0.277636620518583
-0.395887903046051
0.973670587892714
-0.288198679616996
-2.521809975291902
1.436733497227230
0.340846930909976
0.736054678590628
-0.956356461379973
-1.149941503370971
0.007930121207123
-0.543593483639057
-0.464951823246014
1.680876196674801
-0.584883635793256
0.974790589241044
1.006651375442393
-0.150434242945327
0.103331593374203
0.302737260050730
-0.505379103976326
0.501550671841195
0.793828727319851
-0.286968038044208
0.629891693405480
-0.255292365280416
0.323184258207161
-0.727881763976622
-1.064364596306092
-0.754530818856641
0.851177528365621
-0.792847696198726
-0.089845854782594
-0.352284657195940
0.273419613823051
-1.154206477010887
1.811330437613514
-0.150444744584844
0.224962859518301
-0.570477182317593
-0.466014865232689
0.081511145960589
-0.566007252465952
0.523215570232233
-2.102077562668053
0.318697609139101
1.607486188895592
-1.203164161128903
1.404141106463691
1.088621652775550
0.584424255209084
-0.572468963387858
-0.290714689633958
-0.008289479613781
-0.310148334507394
-0.310239455293261
-2.238790361830115
-0.684083996016936
-0.189359195860922
-0.168230693590963
0.336975281269978
2.186711738264209
0.917323610280715
0.676451866487812
-0.483060764987399
1.753313340736270
0.275118644624155
2.311770891385602
1.274550077956018
2.451030467668875
-0.904166214033382
-0.554021143346889
2.657349155191575
-1.451655398612651
-0.284453873386337
1.943898984745555
-0.787902388571605
0.400825520307268
0.059222865854659
0.801012659383622
0.491122395603356
-0.011004021475957
0.020771837139760
-1.307001850862864
0.376027041518384
-0.598732057738671
-1.149739526059431
0.503046045882035
-0.174783163520657
-1.799708925838381
-0.904886366480359
0.522484390068554
-0.741458493490432
0.724942600828133
0.247344602936142
0.196972511977873
0.429076263038131
-0.963063383425222
0.446857446670529
-1.702503097769364
-1.219527009893373
-0.192020251305099
-0.559866396888569
0.401936187544146
-0.181934398746509
0.286651018699799
0.047337128052240
-0.201899027352808
0.681618651217341
1.107151575135888
1.430541142741304
-0.159355862170540
-2.333958639172077
1.620669907222316
0.431247840351985
0.364120966357408
1.818012718304633
1.183922362507158
-0.397614451254570
-1.286080827551417
1.963234352576216
-1.742271152111919
-1.505910903722909
1.269911142482453
1.004838921145346
-0.096927217939713
-0.183191268506067
-2.256973782906553
1.295898428245579
-0.358618049976945
1.453559830544815
0.196439415207030
1.040631661597774
0.976572636235452
0.559605030401768
-0.607527845718401
-0.539156829220845
-0.336409306217515
0.640686530979094
-1.422114729805428
0.805540611632702
0.185057192851540
1.036546631072644
-0.226872423172166
0.056437568882209
-1.001451596631143
-1.185929181558713
-1.238499298984383
-0.175549727627455
0.255749760503013
0.317049540511911
0.213560595185796
-0.293003319466889
-1.051432227701408
0.837037342675090
0.323309333332121
1.763624079304637
1.719415129181412
-0.652212228247887
0.701002148660295
1.035004519453225
0.202836663744607
0.108736258252729
0.868694647000499
0.828104281683022
-0.188587189923989
0.625322702448243
-0.572621451200619
-0.377757861493714
0.467962367165794
-1.383253730003041
0.528134946083282
0.650866578917587
-1.119332492468892
-1.472007835643016
0.187667195952360
0.126929970367748
-0.572529900667720
-0.981510212164527
-0.924768523383471
-0.043709779563339
-1.206180115591991
-0.619142331666986
0.574344624455852
-0.562129028587787
-0.094336613779061
-1.284562950202001
-0.878615363446401
-0.150063900508794
-0.358222110299838
-0.244717818567579
0.743266724667993
0.584884349982502
-1.526376225333252
0.579900322713411
-1.674960764694958
0.497454341810645
0.259701899685783
-1.205977107526776
-0.045728703140149
-1.276867992921787
1.690732826233196
-0.739350313373402
0.192838510083514
1.175065306974303
-0.419809718984727
-0.567013462620773
0.433422754792357
0.943792836983125
0.849656407599026
-0.575739599221695
-0.182508700747903
0.608546672891265
0.877458733323312
0.212461274877559
-1.457799137765437
-0.986806656190381
-0.178823367933317
1.123626012944748
0.972881198990392
-0.429710890518560
-1.679363653740390
-0.029246837367629
-0.761274688122503
1.173627149647306
0.833549427051852
-0.378921507734510
0.097937676372136
-0.407147357926869
1.866490688968948
1.403413710441586
0.215838049140146
0.240755557000742
-0.247906598194125
-0.774414483725764
-1.380910180872051
-0.493996877916505
0.673760843305542
-0.290733367977545
0.378119345483144
-1.247751247159629
-0.460359831511609
-0.127638807612261
-0.188429870852068
-0.544131176949845
2.226675227074795
-0.994549622893780
-0.317560848155364
-0.280833777154693
-0.232531344289483
-1.354265713795703
-1.762145964402900
0.274132653271993
1.654198134496194
-0.678249993333200
-0.547656718480964
-0.158135768130082
1.350799485626826
1.686359506061373
1.286764955331698
-0.345745710774551
0.772155016888881
0.810255635795594
-1.604019781293976
0.233132716951235
-0.816280335513596
-0.584517696784255
-0.571635462093394
-0.901252932618214
0.542972581878652
0.531116740912519
-0.283134009074819
0.669860767849916
-2.730676534863341
-1.598742345622155
-2.159122338861924
1.935255904899633
-0.687690725422716
1.571518054419004
-0.510405679674525
2.542321316352816
-0.738388339871814
0.895016534193484
0.048663456498397
0.971167882795724
0.449164459279134
0.603206113232345
1.545792873887990
-0.901166838129921
-0.309041048961714
0.647867607754486
-1.965856024275680
2.089143490082467
0.979992392107278
0.837887856343772
-1.865902696448726
-0.386700873249590
-0.216228212639905
0.018042979399265
-1.425691254461325
-0.635545988565679
0.332084706486960
-0.900616893285224
2.563953549775151
-0.180811240027229
0.574992811114797
0.121227384508510
0.699881995914269
2.146845089773243
-0.954394915371234
2.288514036581633
1.715242112625606
0.328991306843331
-0.347793361420648
-0.715733967087428
-0.497878142408294
-0.966551532147029
1.044664310527296
0.533441990487794
-1.639575914909462
-0.760553106892084
0.476469742287174
0.995148269081753
-0.907141934068533
-0.980765237193351
2.829004885839621
1.634376695572223
0.401142272706849
-0.174436872827035
-0.450319980358438
-0.258088338958322
1.228953599198954
-1.460152911402207
0.158630375834611
-0.375719477531216
-0.453163178456301
0.141041392171084
-0.738399543946354
1.040329260308144
1.598349306787397
0.867132364436637
-0.443865352139753
-0.338281206489662
-0.078877657472989
1.639977016227693
-0.208818195589294
-0.769133832891424
-1.501637812151722
-0.482281496293101
1.161794640041716
0.221766001490147
-0.705153221720325
-0.783783565736790
0.822761803470441
0.927876864640062
-1.524216977109857
1.442222526302696
1.362105670981975
0.348438673295600
-2.007242144187869
-1.449320469288254
-0.370993139782338
-0.575101408179396
-0.641544521867382
-0.266828223598079
0.935894693365588
0.303232939798250
1.884179527012767
-0.343737196166418
0.827817748170928
-0.359435523194226
0.824928265773404
1.121303201646356
1.503163319082090
-1.046365193961638
-1.419817429593958
1.647665259059566
0.073087466088145
-0.034229535091648
1.778538103161778
3.537694942772812
0.367075593466309
0.411745928574228
0.137020502588426
0.390144704328765
-0.081163202648315
1.743733594554352
-0.076844003626367
0.352485008843029
-0.360447660057987
-0.110811461840103
-0.056306018270499
-0.146436716923394
-0.460928263062219
-0.399935465238574
-0.538675224440113
-0.746424445977332
0.586254369137283
1.477118191967057
-1.040084995359168
1.229051488736511
1.749536277442804
-1.127413664693362
1.475869012196684
-0.260476981996780
-0.246321777415793
0.728892224992896
0.916388327623777
-0.358664007231183
-0.595868002479231
1.193151312555988
-0.677766652465232
0.345552001093098
-0.201701788435952
-0.833443341224541
-0.040707198425454
0.964538081906219
1.154761329739625
0.434844204603102
0.990049692025235
1.065800492587897
-0.998278365597379
-1.043573873963521
-0.710055865834727
0.282783567777343
-0.646312950716353
0.186833203866059
-0.093125114200919
0.062790369826263
0.266343403093712
-0.077515093888997
0.543157714911549
0.878026380500411
0.624308366636909
-0.994676430520175
-0.965769159146002
0.199889914557508
0.754271422319292
-2.032416412628133
0.298266042388343
-0.896670240344148
1.352035664072804
0.572110978263134
-1.500076480122281
0.566955897344182
0.633632734887358
0.991574270362569
-1.269781516228944
0.068344946857990
-0.255818313887795
0.098354954115919
0.959572335839787
0.289150036647225
0.323536434747582
-0.240656876283510
-0.163063147970123
1.224319521976622
-1.368029084742551
0.133246756883910
1.521936100800282
-0.527950846700123
1.121311065131406
-1.897582376470496
-0.376090730921354
0.914961467808863
-0.919829993447920
0.362095234609173
0.398928270533871
-0.246473755362150
-0.705114813360126
-0.400424566256213
0.554694850775948
-1.806496862573546
0.482750849562499
1.190159305395134
-0.437666906054665
-1.391059809233631
-2.566246272623173
-0.626553643532302
-0.909536437981457
1.023135840333874
-0.872823525025310
0.183167504413511
0.831886643286663
-0.682603546510868
0.907263444862370
-1.182676230655141
1.073248948266383
1.562536699987698
0.882824350470429
-0.640376247001004
0.703502046505185
0.320241571174245
1.415693567461882
-1.151599920994635
-0.428641681840600
-0.389527537334759
-1.107891364203701
-0.290759158684438
0.505903415174744
-0.994243431938749
0.170696253271473
0.066690020216852
0.818269331692578
0.419754495710654
0.936025896238732
1.837683729030562
-0.177096839103739
-0.252971588292153
-1.554422013837786
-1.228673136419542
-0.267965753161912
0.168287950962252
0.182854221298602
0.698682195564842
-1.238525531271907
0.587647470434387
0.225094100353838
1.135023738856651
0.815050484153049
-0.798038575602294
1.689016694246871
1.301571505096278
-0.380635429683107
1.577226024268798
-0.255138950998227
0.489231734326585
-0.321475556390089
1.550322080156506
1.965782269948107
-3.010408811605989
1.095741633747768
-0.206540578493221
-1.676089761103436
-1.278296870614943
0.294859135665288
1.283175810318052
-0.793345784180682
0.896132445784603
-0.157029387282186
-1.284544987783938
0.687614935833348
-0.081485491238957
-0.261484388668486
-0.556775534782026
-2.085928655429701
0.045577066326155
-0.099506197335299
-1.658929554024434
-0.191233456621206
-0.737424820649836
0.839491733811415
-2.396977670290120
-0.643574259673901
-1.170036908196140
0.505157907654989
-0.359099230444464
0.079551029533459
-0.434990930739418
-0.493498323062089
-0.305220883475151
0.065953630487177
-1.147603003846551
0.604178436901643
2.216521467324207
0.859656168748949
0.037992235838106
-1.365589867892923
-1.356559479189084
0.826072071608512
-0.813150396841157
-0.667651456306466
-0.315336455412346
0.713031620419422
0.553145062185638
-0.046266338576443
1.749811354918177
-1.928427624982763
-0.566480138488807
-0.468002498497785
-1.019982316889803
-2.217782502873948
-1.074254910888983
-0.883954668144799
-0.327780721934655
-0.468413461839194
0.120419750290582
-0.472759309577442
-2.255622722140573
-0.547243198076043
1.007642337532635
-0.811749070628026
-1.769749474300211
-0.224911143643285
2.127820883807145
-0.674487954998031
0.271107740397330
1.096797808250908
0.778019822162063
-1.554380966372380
-1.092722600258218
-0.757944151343908
-0.076140151067728
0.499112230207145
-1.577160246066116
-0.527110492690964
0.961609611349247
-0.614573419729814
-1.466753211459107
0.171855280663268
0.765420083664493
-0.135632306001009
0.741093245986233
0.763075614359735
0.599057691469420
0.534308707906746
-0.343092002798880
-1.198136064833747
1.293219743821412
0.554023912823820
-2.690727057769654
-1.315551253378396
1.258167035269710
-1.207897252415304
1.182104788668195
-0.532075666375575
0.204932003782244
0.415354802409320
0.782368180726741
-0.698612179230322
-1.076566073333320
-0.645351960523756
1.018737562111004
-0.606002879589792
0.764873198476131
-1.320904731967528
0.741032310597271
0.192600532005539
0.524180345830263
0.315529979997441
0.790362616557897
-1.301077204594920
1.887015028383177
-0.498686716024127
-1.094414525730668
-1.466709474087347
-0.260977110736569
0.927963217418771
0.443758623853326
-0.552768636763110
0.451398784008163
0.315188012961798
-2.164917467549369
0.300063457095618
1.669949762647869
-0.222847611458998
1.061159531102976
-2.025302204201455
-1.628892553133082
0.768284781301914
2.176588056641472
0.210603427270830
-0.382061570953206
-0.219234398018884
-0.406960465277756
-0.834599217010235
-2.088048553977925
-0.232597889355724
0.074126957780491
0.507278283925451
0.463483504157047
2.635842959848480
0.101541029158399
0.186729852223958
1.044052407401050
-0.326263687107923
-1.763000990212805
-0.474816595940564
-0.718894127244793
0.636386286048827
-2.185528159148350
0.539771203339127
-2.017767278679296
1.579484839876352
0.849341059367067
0.899445313982086
1.580198073827533
0.575254484539233
0.298913267921758
-0.639254859323618
-2.071636829842333
1.418898944082587
-0.411956837215652
0.673432114979777
0.968916319437494
-1.558121366290766
-1.904041151644247
1.923399283518199
0.611674360677079
-0.574156459538015
1.655390044077220
1.132920682241701
-1.390550704804256
0.621842410273486
1.547158086578055
0.255048113061602
-0.475595808064587
-0.024354393145941
0.353244414934019
-0.534087955518128
-0.454199071550858
-0.839970376965777
-0.972315125340651
0.084431134192736
-0.871488506156811
0.055095605638334
-0.970402419794225
0.833859179195168
-1.129852379490462
-1.831837846963057
-3.304192277817681
-0.540989485412386
0.227231999630011
0.832705956659125
-0.771743880719576
1.328496190929990
1.375691959072812
-0.203757618889796
-0.123060895315548
-0.542372126714354
-1.131364789697597
0.913011011199456
0.001906212833346
1.840615936553333
1.408458117627170
2.496989335939025
-0.354177177844071
-1.478511395636473
-0.352623069285086
-0.238795647761898
-0.266523637216888
0.548524011873259
-0.528656275402541
0.034228209104377
-0.767111898096741
1.420278819661698
-0.735953478088425
-1.668846743167724
-0.902487152947025
-0.284090343752776
-0.462603007896440
0.234516994827655
-1.045123486381469
-0.759322203208590
-0.438736751183213
-0.753294140609833
0.266437937932619
-0.427339933591488
0.832064364019205
-0.166511695459412
-1.797178856080607
-0.917980349482338
-1.298433295209010
-0.238144608408877
-0.686190881338612
-0.987954938063674
-0.512016186189592
-0.265017505252597
0.789261364561853
-0.874772914891290
-0.304868764167685
-0.123797803903668
0.110844219727292
0.249105180332129
-1.540741809847463
-2.656714763942662
1.433561610870727
0.137171689045334
-1.086679819540035
0.245336794366801
0.345333167293936
-1.086591143222912
-0.259514772010611
1.218254761955142
-2.132628347185291
-0.790737494196504
-0.811654055265815
-0.446002337376549
-1.241500614469088
1.785391158740669
0.190832294124722
2.442044572011759
0.543927106822661
-0.381891357077100
0.039191140879276
-1.352288357306380
0.161691881378415
1.298653505585528
0.172318687158519
-0.618758216311804
1.649997623189587
-1.098401724787555
0.507932674824470
-0.874327023747259
0.241383673581659
-2.249657037785310
0.589925966050895
-1.014551999743032
0.181271854646308
0.024390421741762
0.905599774049615
-1.380350294793895
0.528024962102901
-0.079755766590988
0.250339217704973
-0.102812988465347
-1.296416920242814
1.336120720919310
0.354147059803136
-0.147180571051854
-0.777660539090297
0.348723545964279
1.333634961585453
-0.426662690445640
-0.341168909116916
-1.734034553990069
0.989019830307233
0.359473855543587
-0.009500442232258
0.365869109915324
0.732566493709367
-0.126917939504320
-0.825126969394735
-1.052476051750486
-1.536347960254794
0.445867945583486
0.620653663760931
-0.599880140249120
-1.281186015324789
-2.210932064006023
-1.049030922793961
0.779018871013139
-0.244155612759035
1.421425292560855
0.325288209327970
-0.327152430810155
0.139994872845083
-0.273934318072871
-0.601071005458002
-1.464693320004692
1.997504850048064
-1.367607152784273
1.588381042143517
-0.183840916959299
-0.784000070321114
1.625781681073514
-1.343253566721721
0.148164031973287
-0.343176622130308
0.117416228099690
1.694825856806176
-0.624272931995153
0.201600044075126
1.072786888060635
1.101590791719214
0.769383365296545
-0.311763614397148
-1.642088058574843
0.428131659020379
1.210256156653531
0.383207163640941
-0.796774699680208
-0.815779019344510
-1.693461492829584
0.708289817132634
-0.708417728835863
1.385421643583954
0.710595999893995
0.378424193785421
-0.989575892234847
0.869546590090561
0.419159508097237
-1.232672660194814
-0.869942401916969
-1.238349520480652
0.866261874784693
-0.133031862880976
-0.381882814428186
-0.011433357586353
0.310938200804049
-1.084130141968915
0.345338400756906
-0.069771007877482
-1.243612663821400
-0.988783079979944
0.638594010047843
-2.185043994129899
1.365094540494567
-1.033089655710426
-0.534105365680018
2.495944524980366
-0.423959486400174
0.907852456112334
0.799767189780100
0.014696639248922
1.198865152907686
-2.097338227208343
0.226748419715470
0.285594577116459
0.057129680495491
0.816041348134948
-2.247736046204523
0.195329733171500
-0.278534922435966
1.664324588155806
1.437238616834829
0.996227451817100
0.947735767770488
-0.562955142819319
-0.754040801052940
0.423623973511719
-0.660191321060015
-1.081253710286961
-0.944877160791575
0.130734577542656
1.047810375974970
-1.517028622723907
-0.149447912116244
-0.208564511361803
-0.657372622347668
-1.116109219231565
2.369346617908429
-0.199883365571875
-0.165420360469158
0.663283913451023
-0.995234502368203
-0.444282426455649
-0.414061106921053
1.475656637279131
0.056664434285510
-0.808571907899257
0.552729656111317
0.964009081235362
-1.732997800882367
0.150245554860640
0.294178681013922
-0.020777415064089
0.495424319867659
0.747215993255643
1.080610652513101
1.369326453650658
-1.059189415990053
-0.203059309344014
-0.194557509671936
0.469875452306232
1.443775729187399
-0.515182644548728
-0.505714398695252
1.562306865386544
1.402525451903571
-0.560091011487938
-1.098520903544891
0.026100081215873
-2.169727608369252
-0.188573493666126
-0.651036605040116
0.248893449725296
-0.046993443429972
0.832085803006010
1.026561305150259
-0.555652511635045
0.950870157403513
-2.476473463839519
-0.316043342207563
-0.171461364414512
-0.758160438699608
-0.486057799484063
2.024618864313635
1.145311284456356
-1.529497061648324
-0.392926407049869
1.068849287428856
0.270043884275458
0.329944481141808
0.358725570878018
-0.561318533861840
0.717578815760516
1.148578713536740
-0.075302016994426
-0.084273801135374
1.089908355214380
-0.176556480951047
-0.980958587779378
-0.039773242153901
1.504111704613436
-0.908603947669001
0.133694708073714
-0.879778291925317
1.882307921253726
0.391334612493184
1.214084406448786
-1.440986805069632
-0.325675611504914
0.613514913907271
0.205563892807263
0.326291876669486
1.836438440826894
1.813283101655439
-0.074824268441297
1.234822043761676
0.140632849269629
0.203276966285140
1.115868253155503
0.807741908639717
-1.212381598409546
-1.133482942665635
0.884732625345261
-0.175469471676601
0.630559639169830
0.469182199582381
0.250949409619005
-0.426555088049792
0.152977084899824
-0.423595474523391
-2.429344376792271
-0.726846562388898
-0.763122140355975
-0.902426292346914
-0.892516634071481
-0.394771035613177
-1.284139977748057
-0.706073231888597
-2.788269925234925
1.353409018387772
-1.157007883020232
-0.190949895287942
0.294505099569221
-0.230498241397140
-0.120334477726996
-0.438664778090070
-1.582996527493531
-0.295080848048435
-0.045774533686652
-0.366123531199026
-0.829951067276290
-1.735306370949973
-1.396502133769692
-0.578064415738230
1.551798261599036
0.930929317495252
0.045356617653874
0.589851174346540
-0.747565380086756
-0.068651895617831
0.435605279067275
0.168754733151089
-0.898642856126080
-0.279953257254525
0.408038209520616
-1.811277951521557
1.548654755345014
-1.359442347050658
-0.767201590207060
-0.010225406324969
0.942777244728320
0.477623516721453
0.128622566357959
-0.804834735644460
1.011333454207867
-0.813223385929901
-1.218176729677624
0.123617129355580
-0.554084144210371
0.822481719318127
0.476649715235448
1.670822231965073
1.452357615994772
0.913490885903375
-1.293618866676278
2.310157176374922
-0.018848273235946
0.358647819846960
-0.122950451688271
-1.362610663784621
0.112964194430714
0.020721449498205
0.768893513600316
-0.392050362883805
-1.175529840134342
-0.232424940303046
-0.570487878299319
-0.303030497674759
0.755737400315667
0.705116871349785
1.915821999108198
1.465523702718855
0.551146527266405
0.589450497015510
-0.642780106114884
0.449235126835228
-0.007667805279511
0.227756767206780
1.136142870724901
0.955460114335185
2.044342019356777
-0.464136795337482
0.202299250085190
-0.803954475191413
-0.203843430366651
-0.105594066465086
-1.176866924935759
0.657844112647855
0.116907780227717
-2.233736276339381
-2.160507434635234
1.932232195490073
0.235473912937382
1.252558437280618
0.285108587990912
1.953951055504861
1.649022898262666
0.713536882253980
-0.132957926857452
-0.137274206443029
0.933324963843936
-0.603053007766423
0.724655034832858
-0.441214937455975
1.478087426500079
0.555456145811511
-0.319439108594385
0.515315405294932
-2.293009201122072
1.044829690206897
0.061260164856990
-1.465505014171578
0.838210810151772
0.077521087599273
0.785384614997940
-0.965423731776499
0.297478082385054
-0.162010018044634
-0.596525537721963
1.317261771347745
0.068204295368633
0.362892850645244
-0.604946782520380
-0.351765000741880
-1.356831294190957
0.306647103198363
-2.355918604941289
0.911311610885319
-0.046528411152020
0.405758211435184
0.870683548918649
0.282706068349581
0.831651036096478
-2.002060934173758
1.112576832447473
-0.381454172198432
-0.036237769392734
-0.487766663406743
-0.924735268432318
-0.383992247891362
0.826074886307518
-1.226027668454315
-0.994974958403052
0.106302548555289
-0.010595164154303
0.751545712765566
0.236272971754614
-0.807447678185404
-0.815603060788671
1.931260386281334
1.473453794146069
0.489356049231130
0.360777897151680
0.274046145701325
1.342057703339922
-0.641139618607587
-1.167665697721043
-0.017816703068324
1.172819677546536
-1.034495359518274
0.457497300056854
-1.307610072565390
-0.316457875654501
0.102442313587773
0.401099908948636
1.176037897456551
0.168910192221001
-0.022713027619208
-1.201690308486597
0.012284289300344
-0.546485716238576
1.153553781009850
1.137642369600492
-0.062245130810231
1.783455432332892
-1.601866772551531
0.875097358189347
-1.796911272198209
1.148843846079263
0.741487294834970
0.629462652661035
-1.266386791042619
0.518479305191409
-0.471902672237976
-0.348796037755820
0.791522304856090
0.926222027291981
0.856401433215366
2.231601070662762
0.568522634535712
-2.022168209988638
-0.459565832385005
0.156718786200663
0.696749910584148
2.210086789725659
0.582104012447080
-1.209797877389124
0.594218611112884
1.553012730393418
-0.346970131121512
-0.283413553711284
-0.624572737535733
-1.080128571044386
2.444396428248808
0.556418870431868
-0.418466162411727
0.974002356722863
1.124073245039487
0.298611196897576
-0.177899223556512
-0.288347928334314
1.397024326125439
1.362838163462397
-2.856316500461312
0.611250735187053
-1.403745983069030
-0.078768838577700
-0.689298200352575
-1.472869599886963
0.266860351775439
-0.065915438244078
0.185614737345104
0.409730732487817
-0.961229320444651
-1.491025226810740
-1.296376113068996
-1.428056179946016
-1.132337734230929
1.834604421483664
-2.044775032310105
-0.244384028625278
0.281985117366741
-0.815936662846567
-1.446231434129057
0.176939915779721
-0.761618744552974
-0.082395802331087
1.078853735865069
1.104635528416334
0.969029474166027
-0.220298002969306
-1.854492899553060
-0.707523312585492
-1.536273445170834
-0.532239251496719
1.606308118659226
0.877611105135681
0.475238030591942
0.181117205826034
1.997996387827081
1.081719003852873
1.539741407832354
1.445189660111935
-0.618837069980942
-1.695683215216691
-1.185378348171021
1.790535594352662
-0.078442692168262
-0.071837533735336
0.863610530680074
0.337254576118142
1.083708822639287
-0.136985763055172
0.437471758955658
-2.088311410017565
0.780631334583644
1.122105895575229
1.731341019055220
-0.803618083843976
0.316191992943546
0.085264161623562
0.849486681108390
-0.088794850154884
0.132436405310950
-0.991596698725032
0.514175745519019
0.451270213307993
0.646908229140732
0.097624168600442
0.583302134699540
1.343918702694977
-0.394611428708633
0.955972046348265
0.393133582671004
-1.892674436424358
-0.478536392340960
0.685751548700319
-0.752744703511156
-0.464591742957095
-2.282736150414952
-0.435393318953771
0.059916028899240
0.468149567949524
-2.892780308064898
-0.729933547444460
0.162662118188151
-0.314717962050947
-1.417900698198882
1.016256461396775
1.209521673451970
-1.852985888796932
0.449282382600798
-1.085752075110164
-0.795934156176079
-0.215048547293537
-0.717890247265857
-1.663391077178168
0.372901589806985
-0.008498243362396
-2.408216447281516
0.701997810133981
0.559307967894336
1.748436909867803
-0.210192326443865
-0.991290034421320
-0.330414943108913
-0.729287037994294
-2.005032026843383
-2.568511275227670
2.549638190096269
-1.374246354626087
-0.314604159512309
0.211311676060937
0.407598898287865
0.972594750456491
-0.612498493588238
0.217351648020414
-2.079817392356889
2.113335952465396
1.483023226268234
-1.450500916115089
0.422297905746460
0.694435168294983
-2.080315356519151
-0.496969658206102
-0.133968442286544
-0.874146899873293
0.811772090987598
-1.578770052017188
-1.180365759170648
0.654121802368222
0.171209722903248
-0.046144928668006
0.012260039767099
1.471207302964046
-0.158337266928790
0.824780738917110
0.467563482317187
-2.241842242093145
-1.851025441432949
-1.713821779682589
-0.742814961555217
0.492694272705250
0.743968525496352
-0.770957841417803
-1.465746789954091
-1.336394031791545
1.837471120077912
0.199832019172719
0.099528343736096
0.111656463429001
0.671745103630607
-1.680585687911730
0.585855577076606
1.098631957464011
-0.531308951647192
0.488275564534361
-2.125893763236000
-1.170575582365016
-1.259335886564176
0.610399055973573
-1.057392729737771
-0.785163191801221
0.772633340200017
0.786633105760472
-1.012187677913335
-0.362754812959853
-0.617491097154437
-1.256697879314047
0.434291218407591
1.922819915555539
0.996754197238093
1.993105113517969
0.284770118883051
-0.366212786752221
0.463507088435095
0.280116631272200
-0.132723292137008
-1.022778401286113
-0.824243852239170
-0.764037867234571
-0.628185611672580
-1.266662976542286
-0.664001819714771
-0.080133072106713
-0.968206469468203
0.049999409679918
-0.726231806432172
0.972687455508040
0.207207220126043
-0.751306547026077
-0.635167495513766
0.991291530597666
1.816541728315232
0.310473147296359
0.310343798724542
-2.818089042461772
-1.351711128814003
-0.215052965442804
-0.704640477144369
-0.623864769891807
0.275815610829417
0.093005576360884
0.083086363747795
0.662195988897481
-1.173400754438573
0.567085136636197
-0.847605807788812
2.240037501396764
0.934540596506639
1.448427692715066
0.952489438292508
-0.754769340283981
0.539543181320864
0.507040407250799
-0.353807759713567
0.779511471110166
-1.081816055630284
1.708940321915819
0.199892075256255
-0.277519848139924
1.034420398685848
-0.263746783279984
-1.069414048175325
-1.184291672140036
-1.003868637837091
-0.210774250603385
-0.146902797393970
-0.799729618600247
-0.027341545195657
0.811204475843330
0.779012192430964
0.937806886889122
0.657753622233337
-0.565343261252223
1.166968303765836
0.280407550425401
-0.279855846840008
0.489797539970110
-1.151877712312798
0.378246832317157
-0.545888934191856
0.153794645888985
-1.476860666361796
-0.475080155400172
-2.306457189841345
0.685755584298809
0.349268075561181
1.607910162957092
0.661309959658464
1.280648343325835
-0.627345256492425
-0.807853936941607
-0.339466633501982
-0.021730984746296
0.179468123684942
-0.498677087912237
-0.720519624455360
0.732817600760716
-1.376188551224707
0.033150467110669
0.718927060326468
0.038084406451697
0.424649696323636
0.018058008707388
-0.136451356267221
0.597100202206437
-0.643211998733433
-0.078082837797947
0.121804197976904
0.780463802058953
-0.740089257726443
2.047908820225770
-0.327886633695360
0.503482518902371
0.434373198171178
-0.379627127631864
1.116152744636658
-0.006886483036488
-0.363080431331924
0.392780075008027
-1.125759307228123
2.279701887058170
0.549113528915697
0.467216770040712
-0.744422307009285
0.603675770624592
-1.378935699666784
-1.538600007806556
-1.438703992457983
-0.452571744432966
0.359829819212434
0.927045155610881
0.635545547749055
0.505702540958854
0.861220127941876
0.538999991868395
-1.387819141793359
-0.721208264955777
-0.585042985432992
-0.106577860753434
0.632230273890747
-0.941723467393465
-0.547561391681756
-1.711835453425661
-0.769023267326636
0.160644501710242
0.318546659976528
0.753237047165025
0.597782830724985
-0.346314881310539
1.445759397686228
1.928136369852012
0.905923674116663
-0.641999593290846
-1.052309933049878
0.395847781833989
-2.894272947517732
1.492578977292918
0.400587170418004
0.986274114983718
-2.567983192436925
-1.909047320931147
-1.159171563334610
0.044365406893586
0.057518944563087
0.304910380149769
1.148686881960624
-0.127138870443171
-0.300484206287685
-0.547687098868576
0.471956566732129
0.638288893431741
-0.615918031471563
-0.061997361103227
0.124086969709645
-0.625559825034467
0.321047520414421
1.059613427827205
1.052223013150189
-0.171222934529925
-1.720590604252327
-0.591134413284902
-0.614850418093232
0.883133668970520
-1.165989097856890
-1.126900838979142
0.379435750412296
-0.381240438748210
0.087926764628435
0.377314779691320
-2.741504741735505
-0.115642591613201
0.160639323526904
-1.032908075564356
0.933825148448873
-0.470596784672143
-0.334880843229880
0.232270415947170
0.639209314623077
-0.418893070400862
0.566796648043826
-0.030122875850675
-0.875664878740351
0.209642753652416
0.600379956446116
-1.201980697964934
-1.118525299573422
0.113590232532995
-1.103607521182626
0.479651870970026
0.016086950818413
0.514253884089680
0.249800187530548
-0.486466076902904
1.041301043224390
-1.968545600854106
1.828952003786557
-1.233710519045707
1.374540815969572
1.598794305519927
-0.048325161200392
-2.338924423990589
0.897418427011681
-0.652624460385754
0.699256209774125
-1.551356107345581
-1.042767225644345
1.258870910142156
-1.256066836325381
0.154660243363062
0.600770662498470
0.550915515192984
0.262120733395131
2.061279904767098
1.307737297731052
-0.629338171771764
1.218610454264127
-0.039037342633437
0.490752255471221
1.356854948926567
3.109072784338878
-0.085757352035434
-0.435693999917680
0.804973585972003
1.960774291843014
-1.523252740240223
2.146498969796643
1.200423272320591
-2.025771300524585
-0.804254755957234
0.503131744302639
0.821798301105582
-0.277807543079244
0.063501266621499
-1.243905964277355
-1.059544029261662
1.099660479287273
0.031114344508864
-0.118331484191232
0.375591421067740
0.544849810207328
-1.622732120802919
0.910623510680185
-0.065405201901896
0.175210272803105
0.451672355709282
-1.531590719934059
-0.766234519214342
-1.185322110994780
0.306894288900781
-0.118224774971948
0.902895525952291
-1.241453719537912
0.710784529209227
2.078259099753692
-0.038043566783208
-0.130135633322696
0.484167868019057
-0.371904615357966
0.099556641056690
-0.879851442410507
-0.599716974851059
-1.571329355230900
0.370210583196515
0.741700065068102
-0.330893778506300
-0.769775431485847
1.464505387543284
0.438146851070672
0.248168143716016
0.651548608259411
2.251647074794814
-0.890791852317133
0.172730050224832
-0.470497119678868
1.040101291023580
1.321757865193076
0.032884375166745
1.368663451353441
-0.300715070959247
-0.183890867643374
-0.889204533341141
-1.741512253642104
-0.345620394823291
-1.408661565448609
-1.352151648786436
-0.245078580154115
0.898878647079550
1.281933365118887
-0.744575656302680
-0.919927944154006
1.407874155967278
-0.118764771644490
0.527546703884227
0.731908974668713
0.832015325171774
1.628939039881924
-1.884649868447792
-1.205470867075533
0.171761887481810
2.644492447333690
-0.291632700310662
-0.929095912896511
-0.329239701270956
-0.746225285782822
-0.889652083161943
1.130560044420380
-2.671828416030217
0.498309441356854
0.176930757009600
0.718474189982121
-1.003021785330136
-0.270486575729488
0.884817047867804
1.123441830998199
0.627822590358925
-1.562308510664089
0.145675302323854
-0.132797912862351
-0.363330174954493
1.581736817659632
0.714700822068339
0.352901675139253
2.526230830977076
-0.893706348563998
0.142334895361215
0.998158407335409
0.365710749850159
1.129614028372972
-1.228708168247472
-1.304995875652240
0.665083503256470
1.502092508313412
0.949503639409823
-0.586041954567903
-0.638171360326857
1.568292246554342
0.652314650185968
-0.723760387059038
-2.224504524250134
-0.600378734955501
0.998564402834538
1.365854576570454
-0.642625785587455
0.079733887252497
-0.499305550484983
-1.249720922759100
1.508489371005493
-0.338272139711871
-0.444585672626477
-0.177417179895791
-2.438118638625827
0.699472671420858
-0.041264074283455
-0.250262845019689
0.210063567920448
-1.031585601843457
-0.226101537735536
-0.217313389681954
1.027260485755981
-0.244618249622243
0.208833536184772
0.876963238253308
-0.911583009801836
-1.105038888051410
0.098243353944602
0.642996078188912
0.674517303855550
0.791482908847003
-1.889367441843667
0.638663778099238
0.636208542877840
0.315010951872751
0.214029241647165
0.367907216752850
0.651579226458691
-0.029565735874921
0.414277534829880
-0.717585979976048
0.063148468926377
-0.355617726209352
0.920587580991626
-0.685572517406191
-2.279212897678790
-0.344331596194471
-1.675616841242412
0.527391769909901
-1.335106378541471
0.745952751580490
-1.069948370004247
-0.144093498370484
0.257498447571674
-0.274825282483861
1.110899294018761
0.084830069625026
1.383678421804490
-0.004572935537268
-0.588793622265805
-0.092330840398417
-0.536994504482976
-1.600384811145717
0.530361781469954
1.804256590776099
-0.557234994437601
-0.559756170215150
-0.137067463323478
0.964757342273194
2.512428831206579
0.231424655157058
3.056315652350313
-0.325417153832597
0.256006654106346
-0.199454024429812
1.434695076959108
0.833917811104825
0.428112765400014
0.216889342116788
0.750738725651681
0.622861663276667
0.186681895195282
0.328269395304335
0.608483236248704
0.484708759144845
-0.703142379864709
-0.248145734620961
-1.656676056732270
0.764383284851466
1.689742086439921
-0.773202697790631
-0.800954345605763
-0.096242348325920
-0.565123637236385
0.642723257150408
-0.139539340319349
-1.649431399717614
0.360641870110966
1.285952355251760
-0.508267823931138
0.543462092021800
-0.429703397715731
0.334644639606579
-0.005210177692061
1.023954124730869
0.035902298517939
0.944479769892258
0.312790257350170
-0.359386489544273
1.367155715066577
-0.565239865835297
-0.027637152378419
0.360893785571035
2.559302761806942
1.743735674990135
-0.446219039784346
0.560853582430549
1.612863982715437
0.640500171113459
-0.618252751129627
0.203990835394557
-0.172565491954395
1.691175632499119
0.491431765075402
0.513108445175163
-0.028905688853715
-1.076722318898441
1.126024967007158
-1.763703547131708
-1.263527200814442
-2.276475452805947
-0.641517290108826
-0.420870555232777
0.915263421421864
0.311106400780412
0.522115382523185
-0.122582114406446
-0.436855306716461
-1.454263421067298
2.389550381906405
0.080016811487466
-1.907874926394325
1.206125294665931
-1.216182260818732
-0.648510313347283
0.143242981923146
0.048664163989207
-0.306166445099133
1.472549432256387
-0.978494337845708
0.348030009436843
-0.741176857125931
0.110373959264070
0.197451620268312
0.275899094069335
-0.632864378671013
-1.249377840584301
1.105428991515213
0.937559839701407
2.052395309821669
-1.102535825571729
-1.391937164052414
-0.151321316530802
1.257618177271721
-0.378436619610226
0.574564055087564
-0.963048301972205
-0.806216319089534
-0.529000294999246
-1.519733394105012
0.054698419419272
-0.953989863362333
0.920692583686847
0.003577069323615
-0.324614469719689
0.189931234925466
1.452353498253852
0.272783462543469
-0.004849283285327
-0.963464465265847
0.929927269443995
-0.299933144596314
-0.731004630809102
0.645490487457405
-0.478448930578789
-1.195758564381889
-1.233425384116600
1.273784061650804
0.928283394412344
-0.541408067937469
1.134495658231417
-0.819325685305353
-1.943055469380928
-0.118369676108314
-1.349124527854921
-0.608484492602770
-0.092335862741023
0.105770501297232
-0.510695140030083
-0.498565790878137
0.021014200651953
0.442627817551049
0.060715074430534
-0.534800786744194
0.834931053605569
0.259564411129377
0.272566403387019
-0.433354380307004
-0.914263333872650
-0.886427820350358
-0.930246369261940
1.312669921480496
0.476548120580558
1.492779085092462
-0.261227400804404
-0.179017897692411
1.082210832387302
-1.188703159460509
-0.393488578310946
1.882454307844361
-0.266498321616436
-0.198303563291361
1.860771979572881
0.783143223443452
-0.842281875832044
-1.137388525447706
-2.285397311256226
1.411070747101339
-0.350594252200178
0.591916257647009
1.720133110064916
0.874463865840634
0.158582844632855
-0.043329397000987
-1.901204791424779
1.214758138131730
0.649565152527904
-2.224582143372594
-1.243633755768517
-2.393951316087697
1.127721245573779
-1.452473982098322
0.653105404539894
0.035751390897750
-0.411706267320761
0.363519863488502
-2.058095890308141
0.967775716068848
-0.277508952827119
0.351693671229594
0.232982630759810
-1.073385065783341
-0.492314073077440
-0.124099763233435
1.566948463696174
0.006575276774732
-0.516125472803231
-0.319316827069587
1.264990092700618
1.328690145432862
2.190155195571656
-2.989560857667311
0.456348304956127
-1.670224509369409
0.411586498477084
-0.442911277328924
-0.255707424541482
-0.842138501341163
-0.182589063368496
-0.950759674457685
0.132339949720140
-1.090172330117183
-1.932010511086963
-1.766683524735994
1.820988495937262
-0.090233013947388
0.363410415243951
-2.291389098352392
2.038146573212820
-0.821550625178097
-0.173472568154643
-0.965484412490972
-2.831590919589237
-0.766758737753369
0.434694833557932
2.162693473101715
-0.501850836232347
0.350060838816902
0.348470107663237
-1.048464149591640
1.233857228738956
0.110826693051434
1.054803858171918
0.474648612671044
0.375210782577323
-0.209824352501769
-1.959316212341198
0.136010713828538
0.638452634614440
0.616325760452966
0.226451701835818
1.309109920172939
0.520167483617974
0.632962760499660
-0.784522350093310
1.229276267414441
1.169215843508874
-0.348404692555778
0.261987638903947
-0.644136281258976
0.334020994216422
-1.932124233207244
-0.303403226959622
0.826943845138571
1.104305430285825
-0.883503419620600
-0.423619594016204
0.480955675085062
1.608442266970181
-0.390674188515427
-0.310442414704954
-1.014059018045525
-0.627087157755108
0.312293879969422
0.551485822242595
0.049804864670333
-0.814917495930465
0.877171108391203
0.736929906866787
1.736451986515283
0.261414106762680
1.295817629899439
2.090474881819370
0.396468690099634
0.481382279476508
0.514557781305810
1.015304850489371
0.527272111670509
-0.328672820953949
0.133914475127199
0.713290594917694
1.149164281506566
-1.623941367460931
-0.087262543147453
0.562912999489280
-1.748407437955767
-0.020717999049537
0.746746040578813
0.379740217685406
-0.268273200419579
2.259488214433929
-2.800220593664962
-0.482326698493914
-0.398471871232645
1.307892708540048
-0.818576441114087
-1.055009540788142
-1.056877481227383
-0.727378016253449
-0.686652480948277
1.241829436131052
-1.080430331809034
0.139500387355741
-1.565306014019945
-0.884560695696240
0.425635887732990
-0.599742319359047
-2.109072176076145
-0.916867138163237
0.714529819208961
-0.984598097093551
-1.633086927871801
1.371736345108241
-1.190014378439389
-0.058977181160168
-0.205069239401254
-0.692415962749041
0.363952818269281
-1.145950638288385
-0.770214463964957
-1.691179046219457
-0.326024666275913
0.579008653386737
-1.287849313263873
1.270339821385230
1.104374727226169
-0.143952351538799
0.006701743143856
-0.680626061880752
0.225171077813206
-2.117087251053382
0.082248694328859
0.344689277125925
0.313079205456571
-0.116792595856992
1.425245981260765
-0.285441864897578
-0.772747012499056
-0.515332092082488
-0.044682837297931
0.118282106182460
0.409469879281256
0.315832458620408
-0.424333348060186
-0.476801281657873
-0.353692023524819
-0.370785930509033
-1.161953559537645
0.068532007103231
-0.380386308467243
1.710771142483642
1.518701759502102
-0.686632434940476
-0.056830186253454
-0.386234930108084
0.429842937357867
0.480065829395520
0.489032525607321
1.159251904834008
-0.113275156658569
0.202327051883625
-0.378079888058586
-0.544939919875039
-1.355007654999063
-0.012873391869547
0.074782541224777
-0.536132469263354
0.483765746613879
-0.404992790632100
2.415704421687060
1.005974248325378
1.349022524352883
-0.231422155857726
0.126697429037341
0.707680868672792
-0.583940752023979
-0.260161862580860
-1.050402573853463
-1.146780896760743
0.110501926632412
0.375668073227158
-0.020112139110338
0.548561834270335
0.749305566164380
-0.941277389242406
0.031716605324560
2.688659418784039
0.295667815911907
-0.913525053195485
-1.170932866896228
-0.743372807048814
-2.289795373383553
0.878587119395169
0.394446857685635
0.735387170352306
-0.945200182677414
-0.578630781937268
-0.160161634644921
1.859540625557605
-1.148367251082555
0.795832167515723
-0.724338076660104
0.031233462588929
1.085877971389098
0.870024729997439
-1.137214281130354
-1.472082937811975
-0.215007335748269
-1.673972867812261
0.494723613951634
1.591340126432912
0.347866050898687
1.977323695069901
-0.237947262067863
-0.024161625272560
-1.053956608104027
0.151488088480163
-0.016638410093474
0.841086605755585
0.154749663859994
-0.034749012027178
-0.889953147969423
1.219973112717820
0.582372070253978
0.347031921962634
-0.291213681899034
-1.302051980147468
-0.452424263775474
-0.359193561197198
-1.097935279209123
-0.619966682495828
-2.145306655741392
0.758988765593674
-0.042889773170831
0.621969723922206
-0.197768389053410
-0.893338323998615
-1.633524027580191
0.343012088623245
1.278509125015741
1.290163639669693
-0.224363389862680
0.379213087517358
-0.637075424921509
2.816424881252106
-1.622340783664461
-1.889267522687782
0.012076099284150
0.540717192939801
-0.678215353671381
0.627961728229710
0.337191014871992
-1.758787433926479
-0.854815338554995
-0.022566589207792
-0.535179596966084
-0.250691974679833
-0.987584691821935
-0.321031903642083
0.325783195153122
0.248686995152027
-0.490143782667056
-0.433237915227881
-0.517390820287401
0.949961223785394
1.046628077584384
0.349432358728807
-0.755043034239258
-0.367560867303698
-0.053373702855691
0.731849938447294
0.331996823396999
-0.492694720444284
-0.035722534898169
0.343121732201986
-0.895690550635499
-1.416382963740311
1.867046102182425
0.210103906173246
0.450039019486576
-1.205983007321077
-0.062032163398722
-1.023351605856804
-0.228598679112824
-0.127173675149907
0.444849906853208
0.851734571461916
0.054860765672723
-0.251526293015473
-0.305524057343378
-0.529102339008219
0.155906768140332
-0.784420419062092
0.042287242717132
0.698153616014151
0.598784588317458
0.365684335102970
0.826053175320849
0.617618218264157
-0.294445818835025
0.596591345627363
-0.006949556016301
-1.876233695206734
-0.386908336958689
-1.561945547092243
1.678029606935172
1.271174392601995
0.162420523797036
-1.478613811481655
0.165527978988097
-0.845593515377457
0.764874513441047
1.005843095528567
0.121848955367117
0.226643947552015
0.750981042798204
2.333232028910548
-0.241819166343185
-0.647224659596926
1.611722880834194
-1.407431391308990
-0.139526283178045
2.212287510964726
