1.833318680122310
2.084863758964042
2.146277672842454
2.381587312371538
2.975397549050091
3.293566048329874
3.201445386968448
3.270690183570462
3.174175623616653
3.312573893570792
3.051335180779212
2.456378480842933
1.893027739395567
1.734496645890730
1.561315443102357
1.394162146008114
1.228597191719862
0.966060843652613
0.620974096765013
0.420340659853316
0.049411283197640
-0.164508599766380
-0.450759926896011
-0.762154514482295
-0.708826213284714
-0.737971849867188
-0.777363715869407
-1.052405319834895
-1.407104452235090
-1.889797665940478
-2.282575852327277
-2.687052273292724
-2.888094423606493
-2.993756441278983
-2.819492457893330
-2.479517139517005
-2.276141155679151
-2.166570466035115
-1.997232032607082
-1.706517959691892
-1.799316706781736
-2.295936597472715
-2.439397176187510
-2.696111106584001
-2.827034568718157
-2.867635188870804
-2.967437262290169
-2.749225717784284
-2.439616794574638
-2.182356352332274
-1.957160339538077
-1.865722843817617
-1.689625012635456
-1.663442540086183
-1.751149999832421
-1.704807506296869
-1.903065797826619
-2.437409384730808
-2.638546152783791
-2.684002645537466
-2.862651658036251
-3.245859559476384
-3.817438235958616
-3.960138600689120
-3.965527165531197
-4.202761065358648
-4.192274648960017
-4.234599479298605
-4.234404739920015
-4.152858038172842
-4.244330187860592
-4.263869770551133
-4.014824491244851
-3.950962431743633
-3.867818956924034
-3.958449606669794
-3.998439155046787
-3.688770796195336
-3.208982650919044
-2.848964573161931
-2.384951922496529
-2.160164092861554
-2.063045348636719
-1.742583113824332
-1.388456717252138
-1.140458876366408
-1.022098475772852
-0.799082674954485
-0.546150175452460
-0.373789417774585
-0.438110742160388
-0.075844222959708
0.219879888620496
0.663478408302938
0.900797064006967
1.073714106806609
1.387793563124142
1.427009943885523
1.382187384264922
1.492891704740706
1.441062788350341
1.763997581734848
2.076910670854309
2.452917840260641
2.879063408226438
3.055482876564302
3.049676967447845
2.964012988370395
2.862498152050997
2.996313733825105
2.941107221540843
2.370615761650316
1.971018630360579
1.818941993700519
1.687615346530647
1.465976200494495
1.353745148228677
1.106864235863558
1.043364491591487
0.752545296595913
0.246853099860096
-0.221777243385116
-0.504023533917750
-0.540683962724317
-0.835657590200505
-0.664984057785096
-0.471164276471287
-0.973844450232462
-1.408526863796995
-1.850696437694958
-2.138836770663472
-2.543693909068009
-2.637838670945211
-2.564622132350702
-2.556004903595369
-2.524331343413759
-2.388385197507640
-2.146999059826582
-1.737660422765222
-1.379328155744471
-1.433276726100726
-1.865103748366134
-2.056651863051552
-2.375350663534755
-2.631760433238254
-2.648050702403407
-2.721464385825992
-2.650759995996061
-2.351142778173756
-1.985087268639220
-1.775817553925800
-1.686490989087422
-1.651516892475118
-1.579393419361815
-1.476132359872227
-1.548688903349581
-1.796290211556818
-2.171815235191933
-2.385784470590174
-2.484802936950663
-2.809262369367634
-3.247911351947935
-3.670767193672140
-3.847203630951037
-3.732233867820010
-3.765932097940575
-3.852317037129035
-3.767146300999919
-3.639526546064284
-3.811456423852079
-3.905422970078331
-3.938639396525466
-3.771644443618056
-3.552569757363299
-3.631443236023057
-3.635609795957752
-3.592591330458327
-3.434760881396351
-3.133385332506566
-2.686613439208234
-2.488598948012863
-2.106610602357426
-2.033245254262480
-1.841015608430488
-1.450720562229031
-1.239683200526901
-0.942697776003969
-0.562213629499720
-0.336627411384076
-0.226575816563585
-0.378690105879317
-0.136402535981433
0.346932175059600
0.749722782238051
0.890740574048802
0.930329623044219
1.164241464646024
1.300493710037627
1.225885897766114
1.148901142688689
1.377506858536798
1.687914306226225
2.058092060711858
2.434750162844526
2.639449312074489
2.883708331486230
3.039529217020459
2.994046854178617
2.935600984240291
2.930643423088199
2.859467300443648
2.488515507852126
2.020317750657918
1.814822236530993
1.588801238700197
1.500188866163296
1.420756392576970
1.233896581313888
1.259601872272443
1.080602831452342
0.594716484805130
0.109997088799969
-0.152839835317897
-0.330352089846486
-0.447322176785527
-0.423171934091344
-0.494298109198792
-0.755561991158835
-1.160047797429512
-1.472861202177173
-1.683793741235674
-2.227877693643928
-2.337540644961811
-2.085971674723760
-2.176836734780608
-2.334692573165005
-2.246902563236313
-1.943878766152172
-1.466500913696070
-1.075398665080790
-0.960219473559761
-1.252691311638880
-1.769582316374082
-2.178332932282240
-2.390946967388726
-2.526625315393181
-2.533264978274700
-2.458782224673619
-2.172912284152298
-1.832890773971738
-1.777473026550280
-1.685593834343562
-1.627393068958586
-1.514305840385814
-1.355418410489238
-1.592126272795032
-1.757960408736216
-1.825558140603289
-2.091583335384813
-2.385076056240131
-2.894831626101677
-3.477274509994849
-3.643940542355186
-3.662905416141503
-3.502912243419309
-3.451194676837588
-3.542700103881838
-3.534624561917493
-3.160981320391354
-3.326038448806458
-3.537371590512828
-3.489667125513424
-3.281710007716483
-3.082393993487044
-3.006917643599827
-3.053462952244273
-3.065667652022770
-3.118343083053739
-2.951278422416615
-2.655967079933387
-2.268139117106138
-1.839722548163811
-1.616240634373004
-1.663293922552863
-1.545027074638758
-1.379859098072980
-1.198797471013713
-0.687600142638994
-0.405894621982648
-0.286189847022123
-0.165283182909219
0.005272375276179
0.422436546231490
0.938282698506896
1.113382094846843
1.140100019045739
1.249879707566331
1.292257441489533
1.111433825359279
1.040125909616022
1.309411168706567
1.363654759465466
1.832347561823386
2.338955298891662
2.566600541507377
2.815672250902451
2.878973750412575
2.921709976431227
2.781561359003550
2.700573430824858
2.717239273023413
2.358116709743176
1.994275758820281
1.490816750648363
1.315605062915129
1.387793746274749
1.214058462957221
1.066297975279278
1.112175590510649
1.095967068015276
0.918696593469561
0.505418571224818
0.339870843643763
0.135092348393074
0.169110000169013
-0.086873363877746
-0.296684254923437
-0.477570968170738
-0.770218673220028
-0.931888641353740
-1.187579670795308
-1.567665991659125
-1.978727326637867
-2.017898556746421
-2.077135119386674
-2.018036256520530
-1.946409353247885
-1.705862260179090
-1.400840122384083
-1.093677748331168
-1.081649993932822
-1.278980461956127
-1.581449651060103
-2.150308733824772
-2.458425781460677
-2.364990532604817
-2.271262278548118
-2.062998185964644
-1.871758422891618
-1.760551280841560
-1.691898506275076
-1.698543108987217
-1.709416533838273
-1.597522279778330
-1.503248600177632
-1.655319351144835
-1.733772005197969
-1.865959541484448
-1.993288284266167
-2.271889245683889
-2.872299601685411
-3.340176500396936
-3.389641867575619
-3.355587295514030
-3.309155663196139
-3.115597946527270
-3.124113938462298
-3.257319062103143
-3.002503353448760
-3.083456857315716
-3.197248703949308
-3.125153777043373
-3.005300644386674
-2.762549077615712
-2.459646544709048
-2.384784365423455
-2.655599839206481
-2.856575131383074
-2.657245153842951
-2.285329595880106
-1.986466791748247
-1.564174342345207
-1.352936162313829
-1.379602247758406
-1.470308699543562
-1.301098216052219
-1.271031558914361
-0.977925591093048
-0.551550753325288
-0.257576062289775
-0.197413449770422
-0.042003494906017
0.425322217133832
1.063432374458909
1.369286505953393
1.398920923043333
1.423527620818668
1.330695574829121
1.150771381379782
1.196995196023246
1.256412209765928
1.315307043084124
1.711851138639078
2.109606577444821
2.448152221518446
2.607592935150785
2.652999263314955
2.649623156842186
2.458644593995791
2.386510126593636
2.249968662483114
2.132087583993523
1.971545637976012
1.426628871492612
1.169669229442131
1.106266332585585
0.968991443948129
0.872862715689369
0.900587025753651
0.994048798380850
0.903538238599366
0.684614967698002
0.670507246046093
0.605051019146509
0.466885047537286
0.379339322255133
0.180449863313813
-0.018725258520246
-0.336493867320692
-0.479004223727320
-0.694474450501459
-1.044629952852842
-1.442592300843097
-1.596360915068253
-1.975738643123664
-1.992461128197000
-1.757061117994288
-1.781672040666379
-1.583038509726634
-1.305332376703044
-1.164843377159766
-1.276316809164348
-1.612556693777745
-2.069671164480556
-2.278888655567747
-2.040469882572884
-1.871096672184154
-1.772623270881211
-1.743735870231187
-1.514006706565383
-1.312117572465685
-1.404796846268664
-1.572102538146372
-1.592564255290799
-1.561067203174524
-1.652267144809477
-1.756261659491340
-1.966444781670789
-2.102379815915869
-2.118329796068400
-2.729199993164504
-3.192980629969996
-3.287311804168848
-3.301560229729933
-3.018799167983605
-2.822600499985829
-2.820884684960060
-2.777650919881314
-2.591431493252832
-2.639097256525192
-2.822008625411369
-2.819322664813810
-2.770950272351689
-2.507032840817565
-2.209509163047163
-2.069932130545630
-2.329604572081829
-2.536041920110609
-2.450618375607658
-2.060146010869457
-1.676072485562487
-1.294276205400564
-1.259039755536592
-1.228158718783410
-1.107978288728367
-1.139966266587056
-1.175538738887793
-1.105082647857626
-0.841692991255995
-0.334031753559470
-0.120010069634761
0.090163765675036
0.368417480464558
0.813564750254908
1.364181483754084
1.549705116202017
1.550030698994139
1.443301253167854
1.195970564707740
1.200263729513505
1.281868684616610
1.305115676152628
1.568590488596010
1.872847071496934
2.232998000412830
2.451753079014593
2.461895751189235
2.218025264325662
2.076072902946836
2.076417683115965
1.954082869528705
1.823007667741952
1.786729665452602
1.574973698003773
1.430835588807749
1.227533968285088
1.000072406190840
0.854015081769773
0.703393684121666
0.843482327824748
0.981019330012237
0.946035601823885
0.908888719031012
0.836662057467458
0.855314406497639
0.695056718849707
0.532930596135934
0.360361698245519
0.301834987698959
-0.066569269873525
-0.367066937505078
-0.665453221776897
-0.806574139540096
-1.142572543321135
-1.580795284459721
-1.815619021618639
-1.793326485859857
-1.889099154968231
-1.653184093613606
-1.502310245421855
-1.214322054735846
-1.218858175640216
-1.533847264683584
-1.810890266398753
-1.794817383659768
-1.692054805849012
-1.609411345373134
-1.597753902605929
-1.612103329748604
-1.473194949400194
-1.280346482993008
-1.304888062617353
-1.502210535181602
-1.517123233366005
-1.520381675762743
-1.711364412321929
-1.825026683900351
-1.816661019464953
-1.945767892735981
-2.125592006254864
-2.527693420500674
-2.717505841470010
-2.876212084397139
-2.970946378079933
-2.757603723681794
-2.605066011144469
-2.433739007108260
-2.256374925434048
-2.206615209860519
-2.365548692606347
-2.494458367910611
-2.548643510444417
-2.449930000897128
-2.122424027682897
-1.908843912851378
-1.808463599058395
-1.984024651129052
-1.977832240489254
-1.864329138129537
-1.665751266926983
-1.320922702883108
-1.180648064466197
-1.255508944464478
-1.222709065158768
-1.021820006681747
-1.028203705363040
-1.117532472415330
-1.232468762031352
-0.890070898272293
-0.476663906891675
-0.089594428524184
0.077756536061201
0.269654481332136
0.823941177934383
1.258778021923789
1.403971378183122
1.316145203560463
1.316859307194073
1.064768476118198
1.051978595447939
0.801398074346701
1.017237449465730
1.551792093794516
1.970246914548846
2.189159033147335
2.455426027410328
2.453491252458815
2.242240069015629
2.024152364489461
1.901452394521161
1.979548080095166
1.942463657127221
1.729316130745477
1.694241000593022
1.641626755667051
1.384809875004644
1.263545409572606
1.109114512054604
1.032740783584754
1.097982781793904
1.167423145789674
1.254373079775455
1.060338229700736
1.087330643569553
1.224154590544228
1.089631711681068
0.995725275395155
0.727540262444990
0.425064344371330
0.120884720060760
-0.208902155740646
-0.357885603408208
-0.642659893611321
-0.943899042552011
-1.231554406031317
-1.503251119356612
-1.705468023041266
-1.918145743145397
-1.898785302251207
-1.646430735565545
-1.455312019156818
-1.441495711386745
-1.720108598170138
-1.859284443499111
-1.759999340311149
-1.600960447850940
-1.365964718910453
-1.287721946304832
-1.621383571154279
-1.770949504066297
-1.641782466183018
-1.379365444342742
-1.378237143608213
-1.374648707416509
-1.555464019288817
-1.813263555045075
-1.839200148782021
-1.791555649893564
-1.847084417921795
-1.939487130541312
-2.218891479304069
-2.361256218518560
-2.465014309351358
-2.569545392891706
-2.387387128367212
-2.310803971018695
-2.180076885348361
-2.117870950710434
-2.057448977569365
-2.045802401010534
-2.202094031937135
-2.157531179811406
-2.090815790304739
-1.763889259746159
-1.685492072919400
-1.675657820745382
-1.726924914534330
-1.648142841604323
-1.410927971749154
-1.216734682960388
-1.202962185833069
-1.209692039865205
-1.088998400888295
-1.051417282469283
-1.024454139529477
-0.862031959329884
-0.925543148883529
-0.960261294417649
-0.734053488394309
-0.370880170276799
-0.047408657225323
0.070516577580486
0.362102019726859
0.918615750054194
1.219553916497174
1.117592613974816
0.993893541943646
0.957611490332031
0.524811032246872
0.629729544675835
0.623888927455968
1.010534970583808
1.282971566757559
1.894677532476464
2.167918598921181
2.367753562279054
2.433272856362564
2.322629063348157
2.178932525808971
1.873527396086413
1.757983088997985
1.680031894851271
1.661116415366225
1.664255848231268
1.867374606883252
1.939373062804955
1.910739901036468
1.576144821080488
1.483913050169464
1.488108688048737
1.559486841013747
1.529985692900712
1.373111434649214
1.290173761082708
1.307057227027085
1.172996289367526
1.058523618808656
0.729592600074062
0.421506068165391
0.078615510850872
-0.116408016669882
-0.264675111439213
-0.569666652722448
-0.870958474905101
-1.061412208407239
-1.313774887838585
-1.743631914862604
-1.779412639491958
-1.793433955383258
-1.735751011870549
-1.647592855186414
-1.506490558734414
-1.593483312313573
-1.728506424187136
-1.762540210238285
-1.714647000028514
-1.409814713819166
-1.370200316230013
-1.675861768027382
-2.138313198537904
-2.078373181330164
-1.862141736276897
-1.606284568153441
-1.474371455074684
-1.525058141737528
-1.800014129814991
-1.901779163144545
-1.816024449774482
-1.797980970919522
-1.797003410012904
-1.973692614732510
-2.226223637489523
-2.475566510002001
-2.250185888079694
-2.072189500596638
-2.181783905492455
-2.131020748619072
-2.055007357116131
-1.844191890633890
-1.715502623332482
-1.583886068539029
-1.536802337904810
-1.668716382166595
-1.629568415759626
-1.493824265591257
-1.411624110075061
-1.549263141495564
-1.400939526971434
-1.128305365346588
-0.861276108824820
-0.956597277518817
-1.179654090071000
-0.987560974992940
-0.808663156462865
-0.752809935103661
-0.591902306161612
-0.557939701994844
-0.431022757880432
-0.422387487212344
-0.382458084401732
-0.126166243754469
0.120240122350370
0.215239796904013
0.638295640168187
0.960119162496986
0.859278175983522
0.673593419803553
0.603366944993171
0.358939329407942
0.355999536851254
0.776321980709124
1.274149924157778
1.310816171163079
1.669877320942925
2.026241689478630
2.189200134718977
2.290436714289619
2.189001124943011
2.082018398025510
1.861181915674305
1.620975827696307
1.619414360077061
1.833846039654415
1.925736764258861
2.060826160011484
2.288321853313429
2.115180722281719
2.130645692149221
2.044969181464745
1.866775342437914
1.928061466456970
1.775787166250243
1.743622314032473
1.462876804973650
1.394265667981616
1.456355573293828
1.328920513972113
1.070462542243501
0.731177920190833
0.275053781476477
-0.009317156890792
-0.167843159417163
-0.602850536969822
-1.041272349380060
-1.189880882505590
-1.244666561814909
-1.525639635327350
-1.569231694959382
-1.484479466845645
-1.672227098018103
-1.680665044684364
-1.601031365747080
-1.588994231264797
-1.748222393577551
-1.723430385288748
-1.656626380599159
-1.554033489428072
-1.430326220333817
-1.665029765506989
-2.089913695674987
-2.251904969868420
-2.186727698454741
-2.010205469480889
-1.749929327306589
-1.554614060875004
-1.646663274846920
-1.771181417714598
-1.732396940978951
-1.729460521851924
-1.792680850027039
-1.951721358690404
-2.215236752314770
-2.246908178544124
-2.089413780894748
-1.932034268449193
-1.914446021385318
-1.933389131294890
-1.711839326121173
-1.383562714060537
-1.396723969120905
-1.311946500747546
-1.250184287642750
-1.368793343915586
-1.300180777825100
-1.165134726482183
-1.244835757757785
-1.343610013439264
-1.149976679581645
-0.774296680632415
-0.586231586005032
-0.756231884543981
-0.859605678591343
-0.803784682281520
-0.638607212898950
-0.465663816344637
-0.480820577287084
-0.367385142681826
0.001112374879174
-0.049039451084497
-0.207491167824450
-0.159946219226442
-0.098413332196158
0.053535387064804
0.380161842884719
0.779544139533098
0.857731121845592
0.631275668219130
0.616598061839419
0.386798288814524
0.402707664125058
0.968019587933207
1.145078415334429
1.370035977839063
1.668363476890490
2.065740925055562
2.299254408266881
2.239498906733121
2.092726317882627
1.939085181162963
1.780491891676224
1.672124873740291
1.596273446455295
1.793850394061544
2.100084752267978
2.335163716819065
2.362133908068377
2.293612060685101
2.397658717053602
2.499000953011576
2.294461321923796
2.291674674861156
2.153192736800263
2.121781821495854
1.901381735320953
1.729960165776651
1.616573008298118
1.454119916127110
1.071646170806154
0.738831513445402
0.393285238567249
0.069521867018523
-0.092595144085010
-0.435115879142128
-0.963274735823171
-1.252690146148542
-1.262872991314108
-1.269749801485171
-1.310010708195504
-1.413639451694719
-1.577269529221487
-1.718610900294306
-1.750311553439138
-1.813205541489278
-1.733462108665130
-1.525669138165728
-1.521031614843679
-1.506373456062614
-1.506747947060491
-1.716171490534843
-2.019967753573351
-2.337579035372526
-2.408642102358650
-2.327862286884274
-2.024105410284459
-1.704246002878953
-1.663902665964235
-1.641597499508556
-1.660308515706077
-1.814983536197308
-1.600041461266646
-1.630313517035909
-1.707925251519496
-1.629818861341830
-1.802826943552965
-1.656004417093549
-1.515817096136555
-1.644384308959159
-1.606313202221586
-1.333468547164061
-1.195640435711254
-1.035000338795883
-1.059096147177887
-1.006676631382246
-0.817917614214147
-0.742334406200553
-0.965871384626324
-1.049788788260387
-0.757784506855557
-0.317456308286121
-0.201380569044549
-0.194327199440676
-0.339787179740804
-0.329986694907105
-0.369378878646327
-0.332283735647202
-0.319254648253532
0.019740803570762
0.063018773608666
-0.071069685037274
-0.063228947846195
-0.121723332278447
-0.085388900965591
-0.097423882485779
0.089899306212322
0.489753621806703
0.726898333319480
0.868715969758288
0.776988091305648
0.631756921656312
0.738950712118315
1.035768012128957
1.196794885016504
1.578713833153315
1.779690766490995
2.021995076993698
2.393321444542974
2.185417484307083
2.163143069969182
1.996575452792669
1.944255734977316
1.839563461317504
1.645356104001428
1.859756098457795
2.231778369616535
2.276638227922657
2.324129321119711
2.294264767564728
2.654682399499846
2.901077609535946
2.581448727597622
2.407900486330140
2.348070520640672
2.242159097727832
2.182643832608325
1.945131482323305
1.680762180374757
1.370812211668210
1.030906106194338
0.647339011148174
0.443408644435704
0.190822887447505
-0.080706555637169
-0.456549104194953
-0.900157853132168
-1.126343850485637
-1.252816868745923
-1.083996059453887
-1.125420098529612
-1.254010854464245
-1.479865990538768
-1.646012374373004
-1.711485877894894
-1.859737369886127
-1.738164562140993
-1.627786516962223
-1.578796931281206
-1.537282894638386
-1.684077760463125
-1.983904859800072
-2.284393371544144
-2.482462772395647
-2.417611128820963
-2.401096995497186
-2.254538916989434
-2.053442667093561
-1.860771816236932
-1.651268656052089
-1.556624470678028
-1.578817634354738
-1.551162239954157
-1.224908579212872
-1.014582503037264
-1.188523429783328
-1.361317724234695
-1.063261600221043
-1.195015626507586
-1.327596553617286
-1.306815561758788
-1.144391949745978
-0.917895670951086
-0.597189188327547
-0.784925460262444
-0.706492919746576
-0.528576748945255
-0.431519282957743
-0.573580604759749
-0.569978443016297
-0.336316350022118
0.076856726216603
0.223300077702300
0.249691086935868
0.166564555930546
-0.043853431319580
-0.157553190792022
-0.283811912168023
-0.323870242395062
0.074630816967176
0.030524929002444
0.098436396038728
0.134841267224406
-0.013736707687685
-0.219400719012671
-0.161500606204622
-0.011440589683960
0.218728951667544
0.604726661073762
0.809183856734346
0.910916794429103
0.829709261001220
0.793238064447873
1.118540587778603
1.388571911850118
1.581398037257828
1.666743964150205
1.952147139275466
2.317357494979954
2.335610241432602
2.452853624487452
2.375651411700017
2.267577925727974
2.130833956220713
1.796604954663309
1.773147913650940
1.974650668906543
2.143330097674941
2.226504827037787
2.435435088543733
2.884991017121888
3.066240022334663
2.961495547108645
2.791280223439547
2.359931164513480
2.314331502160926
2.289189302680851
1.873334080559900
1.504646413948128
1.209880249536054
1.030025082459533
0.671589033955825
0.420396401285556
0.246648738511505
-0.096766838183855
-0.685846953217955
-0.942848011105897
-1.227134889194419
-1.377850483926920
-1.185620313197898
-1.143218509844151
-1.219243589937430
-1.404399801617866
-1.693566083324256
-1.730862309225513
-1.744377204072161
-1.798766049930585
-1.871807283764896
-1.821480679870891
-1.892735641558474
-2.152613814269866
-2.357174134314914
-2.533484341931921
-2.462178171896805
-2.265534406820202
-2.380906101998365
-2.276407498297462
-2.202617541206485
-2.005568221803161
-1.637481978908257
-1.471090179210107
-1.268379724998294
-1.177514997506010
-0.937424106742530
-0.650290578092919
-0.705426912497127
-0.902478945090550
-0.843109879753209
-0.837619003480826
-1.043885011062381
-0.985918650003504
-0.824846234457104
-0.696917251658358
-0.426320549688267
-0.392880143467809
-0.471278479125208
-0.538022274294292
-0.316913793953205
-0.365560709746426
-0.308878439150507
0.035636048524846
0.379324690668248
0.358157297574190
0.710263957786707
0.590527134945244
0.242185082711999
-0.177850630713852
-0.243602238692337
-0.220130024963393
-0.034637607237080
0.239361763902979
0.448119134360219
0.402756963796713
0.175037349854704
-0.137525524306047
-0.037723875044227
0.159376122842461
0.263609676933639
0.296130317299509
0.448453468866215
0.486697753591580
0.501128954097421
0.885342737924227
1.232190991226429
1.534218353302800
1.759792496749601
1.907215642831444
2.222602747425150
2.434902523096401
2.668971158501125
2.865645858373556
2.721926456996823
2.594057750137703
2.331787948764591
2.070133641909917
1.974834704320594
2.035348724759009
2.179939505918020
2.247102946511676
2.639428273009761
2.958053164833211
3.193076054560497
3.188060074801007
2.899995749935723
2.454931320165892
2.262461134718668
2.112265790951887
1.692945811944690
1.222185800198996
0.858202088370995
0.564867765546034
0.397068847975500
0.065038546458174
0.012510190738924
-0.272036327856193
-0.768754318111689
-0.966953563852778
-1.238383466876244
-1.466005518870593
-1.353293443927483
-1.169382333016983
-1.349683017412439
-1.390509987027906
-1.744950101851194
-1.768121500203993
-1.694282869829644
-1.866248781016659
-1.861587606842599
-1.805992098527722
-2.066886328518146
-2.454036399412062
-2.544932447751739
-2.626015032986758
-2.577664853223448
-2.255662176182147
-2.265534475726063
-2.261916842656799
-2.052650767732874
-2.074031123944959
-1.776126904811438
-1.350100486814387
-1.274148567035214
-0.982882473626980
-0.814233002071832
-0.611045027072382
-0.587850566082941
-0.555023679001952
-0.572234102416947
-0.768013429645252
-0.828476658227465
-0.856276493955511
-0.777496567346088
-0.713480720763790
-0.514692201544663
-0.283473927612180
-0.319355142854000
-0.378185656290734
-0.203657567643789
-0.236657022501555
-0.141985889076462
0.170714353231845
0.496828694706852
0.553938070387888
0.931596022809860
0.791859043968747
0.698784464358941
0.222467185672420
-0.226568716566522
-0.228898990969982
-0.044779736292684
0.479889641279197
0.793639518709498
0.700852979340633
0.614150320825685
0.448361128388224
0.253355122899689
0.379121793833782
0.412129841141932
0.271848685851941
0.309610348437063
0.218836919917440
0.424475926385527
0.952729311443238
1.469714769504987
1.701204486608583
1.818677677625307
2.130131414365459
2.341044591734592
2.587451259934015
3.039235089713125
3.302200623893649
3.083221578467237
2.999983809471515
2.842660390892191
2.491877452333934
2.244509783213846
2.301273139134421
2.357453305575004
2.485523519624202
2.943214630926387
3.065944144849242
3.269264294328310
3.008024892294532
2.676918275481696
2.460810839232200
2.223550463067231
1.999589913038341
1.519131645352756
0.921911137441038
0.341321095646538
-0.031330948574145
-0.204373174158405
-0.312764506595889
-0.253324235222164
-0.324906368052936
-0.747566087936000
-0.886207848792863
-1.102692299248916
-1.248301767010463
-1.280235743993071
-1.141457338701882
-1.001397097930540
-1.200385176798515
-1.632781052859458
-1.685950061323160
-1.618806720060246
-1.871124583775260
-1.920530052703252
-1.836778557279765
-2.057450732557564
-2.472740415250409
-2.541288254675778
-2.661394638384602
-2.796435976669265
-2.421155724328212
-2.196423141590379
-2.015423018303753
-1.818210017197022
-1.586765493805630
-1.424869512777530
-1.203431841639776
-1.133009323303748
-1.118034377863000
-1.076026708712652
-0.745735156491810
-0.560997663248777
-0.364307317652787
-0.182169754172225
-0.399120741469085
-0.354114771485527
-0.566258865349777
-0.648362124021004
-0.674039859917267
-0.382739356395512
-0.086176227897899
0.114755586447266
-0.028847076468814
-0.224758058707244
-0.090713733114299
0.249771982862495
0.608482724782527
0.596665484985631
0.483740106640636
0.539183206990074
0.793130347138101
0.960402870420048
0.426263935375759
-0.183823450148123
-0.246092273503673
0.028014736597080
0.695343815212091
1.101908260713008
1.133989834084478
1.009206453929399
0.986905155417395
0.730147001226944
0.716520733336257
0.554880654631858
0.375686591302957
0.296954132265045
0.268698572525960
0.578954141542768
1.083506376948223
1.436085959871785
1.599639942044889
1.867011398023198
2.193391252443564
2.449667400032183
3.076941361236378
3.443403201607093
3.478294394663725
3.478979285028533
3.537005168155960
3.314003808922215
2.845136054034802
2.610479685880047
2.581433280058823
2.733619003248257
2.898467527398055
3.109658532518634
3.259316158957128
3.210566950605046
3.003967330428226
2.882542595746410
2.650602146093370
2.179824999147534
1.984679245269670
1.453778460610619
0.600197149007352
-0.053384696952642
-0.421680098528453
-0.533745546099578
-0.649690521163666
-0.580523297392990
-0.463314172214250
-0.583963478310863
-0.804788800676425
-0.919747052064215
-1.032201589602402
-1.132699252734517
-1.003842901476759
-0.841810894519280
-0.810835596157421
-1.176931236490002
-1.611663357755568
-1.599608212683583
-1.713177359900198
-2.028905936393314
-2.008392632429128
-1.984730728297267
-2.320293693139369
-2.586936576119287
-2.715294923559456
-2.851924594208307
-2.539344977730372
-2.059603272219444
-1.861497744263160
-1.740243707870547
-1.444283646539547
-1.280234228465190
-1.057068602404224
-1.101086908884827
-1.156516198738982
-0.834382339506195
-0.719950135445527
-0.566920631279293
-0.367235616505724
-0.262537684768565
-0.323367070140675
-0.244986331757425
-0.067618900913441
-0.199657810931076
-0.206576996285399
-0.166937192402934
-0.022427648145213
0.036519259674498
-0.083460677075298
-0.239524821521806
-0.081250767663586
0.303438838188386
0.508353325723263
0.392335530984270
0.286509379200134
0.684113533483702
0.751622049676712
0.950350012169500
0.487651436557075
-0.194080585137962
-0.094448532620277
0.246577642188379
0.807362827986353
1.321613680637813
1.423333054389103
1.412691970244663
1.404380065219766
1.250841248443692
1.080792036519923
0.774097834469535
0.551751500090600
0.625785281809754
0.554087375444183
0.733550842590654
1.244444259689337
1.513855153066442
1.667420204961427
2.080644559357204
2.613916353371676
2.894280791332077
3.344319557055639
3.592932776153639
3.768518847230508
3.896459222169640
4.004894583753336
3.856228223538545
3.334967722446682
2.962669243206098
2.977261919029013
3.022701163858496
2.991845598454177
3.108535322296229
3.248013032364448
3.212021284954945
3.122475042650779
3.090806083409389
2.730170757608813
2.216584220224991
1.980244575354307
1.439605665265481
0.717862699371691
0.091674856956214
-0.383180616484396
-0.697817701882919
-0.871735188330993
-0.784725711973818
-0.461730571375428
-0.471127326313409
-0.701396265232796
-0.731126241639595
-0.961911391443252
-1.038230490648580
-1.068987816502979
-0.869762097513019
-0.758101530485265
-0.886038569843080
-1.148566016486286
-1.260538179922351
-1.608513769379360
-1.794971675454729
-1.882541382195262
-1.923495258478470
-2.267861408855365
-2.484837932352226
-2.545402499284824
-2.533046141658890
-2.435980651514597
-2.112425302713509
-1.641711276091754
-1.612765099006494
-1.390668886617821
-1.105726713427624
-1.003259960646559
-1.074721188890021
-1.041650913756899
-0.860160208768458
-0.751536530293083
-0.529348657841127
-0.503517367978145
-0.642710874847464
-0.628061496470737
-0.207918284619567
0.146136620928546
0.057437494980461
-0.066226538025778
-0.197311972465043
-0.126769400150696
-0.185985580037640
-0.413885035078996
-0.540272540257903
-0.301077003169324
-0.031353568284239
0.154388528772840
0.298436891584905
0.232666293037193
0.670397908431307
0.931342868585317
1.030122861723924
0.844071815141081
0.399749980389141
0.394917488954896
0.770038132661790
1.107351456865863
1.511947872156618
1.592544101664776
1.499866375679902
1.560864844720195
1.409769228444238
1.350843360954497
0.970744116441737
0.757634480196701
0.927067779252297
0.997811869259518
1.223618009972382
1.412286663642407
2.075133389474392
2.312809290323109
2.638469500745582
3.267791894438660
3.266223380893582
3.667377599108424
3.951462853902117
4.090594598970816
4.099821438934085
4.063344888394139
3.873657492950426
3.491001231643520
3.154134311043583
3.026916376404918
3.176021373250202
3.173953421390659
2.917021425938057
2.906704316532060
3.004227817013636
3.116867103264798
3.168784842501425
2.833267027217640
2.327903347190230
1.775847727641206
1.427921589635541
0.952251163091160
0.283802904484183
-0.155734212806383
-0.466767657771027
-0.585926110056544
-0.556103193545217
-0.429360398864820
-0.442399490100827
-0.555928044208462
-0.711609422108129
-0.825854260021544
-0.904841594478229
-0.908565659350975
-0.745133667362961
-0.642018047217024
-0.670716003746383
-0.900756139014188
-1.033335917935515
-1.282654788546375
-1.545388868869305
-1.722343634429220
-1.953876688824437
-2.196637473759313
-2.543463209627012
-2.579572003634008
-2.321300495231704
-2.263440147262403
-2.016541662830283
-1.622017556103846
-1.528104956081382
-1.498515292761581
-1.394402452424291
-1.288014116436652
-1.183779783646888
-1.104214793980091
-1.090914973582855
-0.969164752816312
-0.876836160427005
-0.716932279071335
-0.739925219525942
-0.543663784630160
-0.004568693866766
0.147364631397083
0.034651611168551
-0.291568570667658
-0.381361136818725
-0.271448015977388
-0.431321731414589
-0.764241129717994
-0.781297567905697
-0.603649011266212
-0.195089375370476
0.156992632364340
0.278239791882042
0.243588554374420
0.770432775712848
1.211881058020267
1.233614384297199
0.901431603938144
0.853320031362376
0.998228378354661
1.314017675781436
1.425514180087779
1.553692239923415
1.563030660487983
1.480915743389280
1.510118175160935
1.672074990229100
1.608522668752253
1.205020578696440
1.074739135550957
1.337034915998956
1.424267347569890
1.731373144888099
1.910988024790202
2.695695295063597
3.066487342487931
3.432296330300589
3.814339263798301
3.769160509562698
3.861576511030679
4.247887733159809
4.232785028321472
4.114363641693390
3.950336825150486
3.767265675897079
3.581829340733055
3.435209122900444
3.387760165992394
3.170652350807153
3.099594849139208
2.952319147701432
2.831487700843073
3.034732950737403
3.074972063874147
2.991244206983646
2.650373466352665
2.153656074615174
1.645989477258500
1.299607408476242
1.019518994522843
0.473719384606447
-0.065159985404287
-0.179745651877774
-0.158778450868612
-0.209591610733518
-0.093918806637960
-0.433736533274469
-0.514157179414203
-0.406597243620031
-0.566427810169300
-0.639953627171369
-0.461707442746103
-0.392727764565776
-0.257046140938977
-0.298899240053061
-0.602064047171404
-0.837325223540606
-1.077065007710293
-1.278638880054096
-1.628606122186286
-1.884929052152440
-2.116482553726518
-2.363033522101293
-2.333306154236760
-2.199596146364506
-2.113186512366537
-2.009212250442780
-1.780481518740115
-1.531835681543062
-1.606485830417556
-1.829201627582167
-1.664656301631911
-1.370889539106352
-1.220182659715340
-1.104996434758000
-1.012448279750812
-1.103053977909915
-0.970574238552815
-0.648551618518014
-0.366670907101324
0.160256420621229
0.282067489081311
0.002495804718922
-0.220025562144612
-0.235028703709993
-0.462870791144601
-0.794611529196850
-0.897654941840583
-0.772504092076527
-0.732703111904480
-0.467253696525415
-0.036526029183776
0.324755000366132
0.580914254006631
0.927797137004504
1.214127424757176
1.303226671166016
1.213095540728852
1.334107107167489
1.451961768944942
1.539115431994557
1.679086342170362
1.579102699522539
1.482106969785101
1.436210032250355
1.618834562419782
1.751561154760041
1.769708808760408
1.477932413043684
1.526526341284066
1.754196925794910
1.976627273767890
2.191893638999493
2.390298882590555
3.276718633075315
3.653478846095299
3.983703907617869
4.271090410014404
4.121050107577271
4.384882318097787
4.591478494473953
4.620723226119183
4.367017680406214
4.136755439669790
3.881110769841397
3.670502689831233
3.638992218878714
3.558091874217208
3.053455105634188
2.960410515061564
2.902785751242116
3.014121953294415
3.174123031169625
3.087258091142643
2.843713898238953
2.655619299110634
2.160555077338925
1.863739808142407
1.451888536855483
1.083835467288786
0.724996003217084
0.477828639382279
0.201616522243123
0.180673363426570
0.248452953301321
0.374847241378919
-0.131733621149328
-0.295507504001647
-0.277683774024497
-0.313081243998715
-0.455060094892972
-0.226767183943797
0.116528997499944
0.221829073936079
0.112096092237352
-0.132053544516488
-0.502682723757699
-0.737080947976944
-0.830339769423002
-1.156131676972102
-1.589260468416303
-1.974761141854565
-2.170720459992745
-2.333607048795849
-2.290260650780715
-2.231741946032686
-2.115663746764686
-1.772719670739596
-1.717290616144342
-1.909632278380027
-2.021022290623073
-1.795061351126735
-1.424502467021461
-1.405644105242451
-1.328638787900496
-1.127349509165592
-1.037679257371331
-0.832863214922345
-0.384467326391627
-0.194402020642187
0.039003778331392
0.303006099651906
0.208329464472822
-0.243888958842620
-0.284594790279407
-0.514605121403786
-0.798202047640231
-0.895771351796263
-0.853772483356657
-0.727411607085485
-0.489385373044960
-0.221128379750603
0.168816865361006
0.538129838320970
0.918823155069953
1.233735563162715
1.302485149859762
1.535029611226763
1.740226961102882
1.830615703737814
1.887456912005644
2.132709868977706
2.045553623903591
1.875111931008708
1.706466009707551
1.788541507630079
2.063415007755570
2.196080900651178
2.097746183937739
1.992661899671110
2.082500340569661
2.335863721098643
2.505430290028407
2.793610227526687
3.768669395059448
4.025138717454699
4.375488854392104
4.599637221313493
4.601012394600623
4.900207861086827
5.141436636017634
5.153163784680559
4.657865684581369
4.193355552419154
3.693134577046456
3.788977235042106
3.908122844742969
3.590997312000345
3.290242885112235
3.017879251977044
2.983487800058532
3.200067563356660
3.225193381855493
3.023793813083749
2.986184420838801
2.760589938782703
2.418056780346155
2.230593021856885
1.674526053286952
1.317028440115353
1.039314432463729
0.784639420943691
0.478914492159301
0.640144746355110
0.663260268972991
0.538054800194352
0.223997628871890
-0.019477228338706
-0.024931878617943
0.108532422303857
0.051605716388271
0.250068423817446
0.508230924364070
0.628371846298879
0.719542667178121
0.337312600912009
-0.170073839325712
-0.427406029330346
-0.499389067492938
-0.692643423683401
-1.070449996771819
-1.529854205951519
-1.911757745243005
-2.152110607690876
-2.328101050931638
-2.384164510140168
-2.122535233220338
-1.901591582047185
-2.058382304784037
-2.105344618043867
-1.956016801723520
-1.708291848571106
-1.502189787653470
-1.343265774722326
-1.300517488988893
-1.020965017778872
-0.775693878155531
-0.447554939370686
-0.174891340195416
-0.105150854512383
0.050004835929832
0.194910874821296
0.188636212936226
-0.187339245734092
-0.429858264250822
-0.518413168476549
-0.719966700519291
-0.892181721254718
-0.826204412450341
-0.730693784018630
-0.550597414641144
-0.375951876687378
0.120639398515533
0.653562975990080
1.190296382958645
1.523040539361414
1.553313691558387
1.767819702122629
2.103364803132374
2.347054672893733
2.272219780702123
2.566830786433421
2.574990589239426
2.488024105442733
2.246907479925337
1.986504390483734
2.367030737805270
2.750242091336708
2.736989784519975
2.547477837188637
2.586002664446898
2.641770639497921
2.947742437404337
3.195340010301400
4.152112270296439
4.369403728375002
4.698356642571850
4.870549610652615
4.900550999279695
5.199940462353904
5.530375796655467
5.399036085115794
4.768938721537647
4.082391646937617
3.732521895593225
3.774812359546712
3.924087313240097
3.671671661112580
3.415641849301725
3.259950713873329
3.122006051473084
3.186619786213563
3.154135681890656
2.996265027769714
3.044169163337410
3.061506225199786
2.660751208728025
2.387746614252626
1.934482170591715
1.536694533384934
1.271272402633542
1.192322209622549
1.094065833653585
1.155356883207126
1.077526904697163
0.737698495605986
0.545832046443309
0.278521389667570
0.303569531904323
0.485248842197828
0.550731001757159
0.743712647178170
0.830733307196486
1.029633982000643
0.972561249614516
0.465606994692270
0.169724353303432
-0.107329569057299
-0.396936008589796
-0.412062778872526
-0.724578384557496
-1.110324051281583
-1.409866061653860
-1.527741693943458
-1.859466629481254
-1.882488707040851
-1.903969280325167
-2.020847828906786
-2.217923087350190
-2.215351528597207
-2.086795771990198
-1.811812865827399
-1.582353011249232
-1.193568215157353
-1.103071032190750
-0.959428222630244
-0.723656396200820
-0.326989918338183
-0.137970457579355
0.193255266909757
0.167415167896329
0.121356114801967
-0.011226628362847
-0.233172591284264
-0.518500312173941
-0.374656846012697
-0.439263884751876
-0.649771366941165
-0.586775772053462
-0.625521463195205
-0.689204169653710
-0.199661495645136
0.227161183761477
0.723429723019271
1.186273100335053
1.523758026658894
1.580302977106164
1.790790772664360
2.043753150870378
2.148167271065611
2.352180266620806
2.555659803789040
2.590921281713220
2.548424798415338
2.571974213283120
2.432651574916789
2.566842112440900
2.981446445052435
3.021981671539267
2.850362289649644
2.863905975366115
2.900798879376298
3.362649786020443
3.758387475227631
4.404265425855403
4.519662675770129
4.922677487947128
4.961321347890287
5.146657363989957
5.627435857535933
5.817727848583933
5.440545086370443
4.805016456161953
4.208195251074033
3.789063245479858
3.746284687437301
3.934609067412836
3.688512923484172
3.350268495742781
3.347618109934208
3.363692958314436
3.362765876831818
3.236875851971978
3.523096186446534
3.703654494782923
3.495522138637875
3.041159701639880
2.608433361489987
2.278189351169102
1.882037236597401
1.731775055445629
1.563061677581686
1.425775467742294
1.302952403100729
1.125487222727662
0.912957608142777
0.842316827663060
0.677649406928052
0.654034828479926
0.945519953109339
1.037760030498758
1.015104941135411
1.069547309696177
1.160434091039926
1.084749439340475
0.601090184500471
0.252132501327499
-0.073652296043618
-0.115924301797530
-0.356992107889301
-0.502157256273216
-0.720945246674358
-1.131267469167741
-1.220811047068398
-1.407403995238884
-1.542568682026264
-1.748727907889200
-1.836598762946794
-1.957170167326116
-2.102010349089739
-2.071812007330883
-1.893955437801808
-1.685530369114467
-1.377722379193627
-1.097268763976832
-1.083010499012255
-0.977476121943738
-0.569550119046564
-0.262128327272184
0.134993319914670
0.187578790540227
0.068194979730063
0.186495917977966
0.072660378742482
-0.236248485629051
-0.334076153574930
-0.423275226656204
-0.488615326716246
-0.361076952371987
-0.473827606274426
-0.424756959634420
-0.022997207696961
0.393401044990542
0.683502938989142
1.085988385262344
1.265068366218245
1.556300155169099
1.714759886202588
1.945421080003640
2.222892135148570
2.293381098832401
2.401362036695263
2.432430084113906
2.583039461167700
2.882262449552684
2.840133752071666
2.952465303929265
3.084122517225601
3.108635679198980
3.204034353892880
3.278197139928753
3.315186715029329
3.903877255258479
4.227785384237592
4.546972212349270
4.715042851487572
5.055777033897209
5.172582956028242
5.455011608038467
5.884401705941861
5.992704709971364
5.549180386638461
5.054383631238302
4.737502669185297
4.305630787418372
3.928457346497960
3.804938951832495
3.475683752942002
3.373486077576382
3.504520882343407
3.586559449881038
3.605256668806295
3.768156916793407
3.992729047194849
3.832863380774007
3.675524309451547
3.258182083071563
2.770067558715896
2.537370924695709
2.347399596556664
2.223789029796553
2.121374906738316
1.781835716283367
1.482081894998942
1.375153353489573
1.263727142296944
1.236427750552382
1.043444800803498
0.965420940745336
1.101225752182876
1.126573617134796
1.202448702623570
1.133732490083897
1.237999821548728
1.091115385943878
0.659803923185278
0.448814534917234
0.060157852351262
-0.154790812984028
-0.206401292478367
-0.127606612165734
-0.362344608400839
-0.819455046686179
-0.920329418968990
-1.130474806437677
-1.526727374337048
-1.684463370337571
-1.565851200248470
-1.668162322351465
-1.803416601968942
-1.828785071245108
-1.764448896215044
-1.699320691266703
-1.361928663806978
-1.239730049123953
-1.273587451028629
-1.139383408283696
-0.597591996906175
-0.122184557900312
0.030462099354426
0.219743097493287
0.261895179548049
0.484106692612735
0.577312345800885
0.350243087084710
-0.026247833529121
-0.288477267276611
-0.298917219709257
-0.220376720792101
-0.252026916073214
-0.049365495710753
0.314438674023281
0.500683167752697
0.709701968259001
0.927709008039792
1.241191038933001
1.587003049857875
1.668859511036270
1.857655543337649
2.076577144334012
2.158512583388613
2.211911631977648
2.326964830604562
2.808100629757388
3.269302487499330
3.081127121767798
2.944888248035889
3.050994562579080
3.356766539939094
3.428861698353381
3.546214964639143
3.587458913331794
3.980603032306782
4.373355050541063
4.690544446127671
5.108592573390749
5.513007289987456
5.593736253240904
5.872721117715233
5.912578758406559
5.910407065532239
5.681296251018685
5.413194190681861
4.998019585965679
4.516254379850528
4.189685721596255
3.833566729474149
3.580310531245014
3.507931256912622
3.632455304179867
3.691943661311417
3.842283222349939
4.113968221879925
4.185076520425755
3.866164185351317
3.498677842093391
3.189508292548359
2.839529406608684
2.734375509050602
2.586419477759215
2.492993717936272
2.542525299641898
2.128015855895199
1.845762936220394
1.751131595509857
1.761468263726071
1.825123087145528
1.563814487113403
1.324441359587377
1.126445476138275
1.084201405441641
1.137591329768730
1.106680691116285
1.182593285792624
1.116657440770830
0.800374134163345
0.531561175390978
0.123578608314452
0.084075621796399
0.076053291469268
0.129883849757894
-0.163477875075916
-0.413131113143668
-0.478495789054583
-0.998262575954095
-1.223626387741541
-1.442611752289294
-1.225556011754398
-1.342957093829924
-1.503429657769682
-1.447974358575719
-1.350600110287920
-1.197209556580491
-1.072614594577190
-1.229638918646617
-1.322253249628846
-0.999104647169290
-0.362936137919680
0.190787832825065
0.285781084274538
0.582624461229668
0.674789948559269
0.764569748132405
1.069422807127855
0.805837143310826
0.383390304791077
0.083377579229865
-0.012458447138466
-0.128231108503230
-0.003356420248048
0.217739193154519
0.636279767652004
0.831548808752683
0.961225019159884
1.063004734009169
1.395003323678923
1.659667510280838
1.745984073388070
1.791198391827835
1.974154350038614
2.086282461713918
2.191282329361923
2.581704166622461
2.960521713838224
3.257076781703502
3.185304028535150
3.003249790842283
3.292810157590915
3.504855558156848
3.719989112104482
3.824117634103798
3.848911910062102
4.099201230735560
4.461025014770301
5.045416169336636
5.396585827199841
5.670070111032547
5.924663717558159
6.115072283481378
5.852248120930493
5.861469813594203
5.750424068589599
5.258477321009776
4.871604555950163
4.545897792602036
4.348505645672954
4.087000638874422
3.978737235443366
3.750507661268057
3.762217900637783
3.772686969043704
3.892801914540844
3.951481018668119
3.923023995569493
3.740852920808727
3.320456796745443
2.882644127141455
2.825233809339570
2.803082645103196
2.670895608879416
2.560660592878026
2.406560583832901
2.098270817267246
1.969660415001285
1.948526066569472
1.919410105275159
2.054282837390577
1.700082892255130
1.281474637290716
1.065485115627326
0.900624901579790
1.026056781656852
1.027428040499210
1.148461332689345
1.070013945470492
0.673734140749020
0.310294443881951
0.293905953063420
0.237930999847029
0.264364901373396
0.361756424689513
0.276200515620668
0.040148941870999
-0.318694272052956
-0.865483843859174
-1.066456517505754
-1.005552751434672
-0.975156157521500
-1.060194179388142
-1.156853458318237
-1.163281382117084
-0.907146106841473
-0.593520697802493
-0.554944016297186
-0.872032600490042
-0.938976719599559
-0.487199186311882
0.075317548450373
0.551554936470009
0.509641875902382
0.614012671818714
0.818791698099062
1.105293377402460
1.361897025031228
1.014745403792383
0.554466322641695
0.342848364585883
0.285697864326357
0.211422021775290
0.170429212905391
0.321144080823282
0.619341405585221
0.959321589696765
1.261052128063281
1.347524141602426
1.436254132844954
1.635584609478113
1.676366441962462
1.683945959964768
1.930137093972673
2.045087246152236
2.301899788469500
2.721710142039361
2.947901559089879
3.375909142010836
3.569254628186425
3.319579227314429
3.568118484786949
3.893288272144035
4.044559546864313
4.127606152905923
4.312875807777924
4.325495650796496
4.740420452159033
5.297910932521707
5.779129323691052
5.767822557380062
5.955875608786314
6.037535212550641
6.017233130952566
6.062764574953662
5.803357564333086
5.388437637143816
5.076018791892285
4.849811877301653
4.532457599468104
4.404699318173845
4.315135842314058
3.954296755250621
3.954414005669818
4.011238534962636
3.903964238956361
3.705948781054142
3.484500346315483
3.562831561644920
3.167003141670946
2.910483267731655
2.701739694874161
2.806855661652687
2.712877720892330
2.410757660408328
2.239360337973277
2.016142482227105
1.953418154875845
2.000392488525281
1.893544283866301
1.941829767000690
1.597435381768525
1.172712159427942
0.924828451353549
0.588227610344046
0.661385637106000
0.872132678921691
0.915377116586821
0.875693399870113
0.559206212257103
0.350694266986979
0.345687490477507
0.383498710691795
0.450569793250910
0.352643392508691
0.301246831592096
0.394490269631794
0.167251832272197
-0.348438237325632
-0.617285819107222
-0.534471543903538
-0.663150321970857
-0.867241854811679
-1.021404463132019
-0.994466194899455
-0.693947030818039
-0.310221310914784
0.079120781679366
-0.093205971865167
-0.110547729221916
0.137072698900019
0.422747857529435
0.684875475759459
0.684616211352791
0.799213115213747
0.936865048024256
1.515852660631036
1.697897699262664
1.480181671572016
1.072434603967537
0.635781624120331
0.331181724167336
0.173993927420164
0.410337206771339
0.641790411752767
0.772184916848789
1.112617139607376
1.224678884845412
1.277495054790283
1.246453092855102
1.457187539696947
1.333232937330199
1.469133266007727
1.782691685984362
2.082020584279796
2.531079666962353
2.919399825448236
3.483153969768479
3.788402666054265
3.733439146016185
3.544754887202977
3.751083135300462
4.117672261773371
4.364547362248381
4.375994883051328
4.453866497902533
4.615922300197155
4.699130328723800
5.667090463035262
5.938336875006510
5.980817535643485
6.013920409954548
6.142489084869461
6.101680663530657
6.175877362126467
5.932296875816327
5.623688859172179
5.274957416571472
5.039355903866839
4.554670737425449
4.312850075901730
4.141987267608336
4.087304766269416
3.903108271143583
3.868567879916386
3.685955352930208
3.353518354752445
3.287418094337621
3.524016188934392
3.344121598558901
2.954628822923245
2.771753286977317
2.743800925133420
2.647914406570989
2.414021753581861
2.071097499345485
1.817956930687738
1.741337795584058
1.744808899090763
1.836658386071166
1.767014298675784
1.425782223254955
0.974539926765811
0.742667178667245
0.636482911984746
0.565868979403141
0.756570600503759
0.850159664738295
0.865778693335704
0.593372087327228
0.287412855709153
0.165172849161992
0.203476216392291
0.221375920269166
0.282618970349131
0.306851658652848
0.441944104457913
0.394967862020432
-0.048965663922110
-0.499459325993971
-0.530822554917315
-0.567977808623993
-0.760078752400047
-0.997319029502431
-0.823423549706765
-0.484603305543866
0.003311185247363
0.494449116869983
0.597111627710952
0.502077547724007
0.591454848949054
0.683400742240485
0.892070588360045
0.855074476260194
0.748880445966685
1.067472857960365
1.582558222999879
1.821017918572698
1.666917593169015
1.140751520154669
0.714248896781654
0.348161806181483
0.342460203343278
0.433246904449175
0.605102209393065
0.728518509195824
0.952280729847028
1.003278409852388
1.115273537350394
0.891894303255399
0.982447075761346
1.125136013184623
1.392516494324550
1.666531743783090
2.141406910398181
2.719697656242671
3.214891426554448
3.823305679417591
4.195891809932014
4.053248980560673
3.821980197097426
3.889783849169095
4.040426530975569
4.123285952059104
4.121487615282709
4.358109205869145
4.522855590646204
4.999094245698411
5.631546395960878
5.796445199204881
5.905233863414733
5.964824071105991
6.136744112949641
6.154990368242060
6.198236205811713
6.007753229979508
5.833683357712538
5.418031570667568
4.919002319488296
4.576114058660079
4.211147080107526
4.101310200323564
3.976958760245621
3.769134286953806
3.636198805116261
3.427014610860399
3.422255268200888
3.408791606530208
3.492190381655627
3.406370921616281
3.061760669438955
2.836672563596970
2.673173836953447
2.586900051504173
2.210261059912671
1.932766174814901
1.521044472163821
1.304928641311187
1.231686433208986
1.394548533497716
1.508115272567011
1.188191499187153
0.805828563511230
0.659853179046535
0.454045624392298
0.474945393663580
0.799839466236727
0.962317179891622
0.859701399720644
0.483650019787619
0.105832620978598
0.097870321389596
0.141091696144550
0.235081727810605
0.375363266484278
0.333503400696247
0.159722922806764
0.091542710850316
0.017594970140551
-0.321219578919104
-0.485439535695536
-0.338563479130848
-0.293194363343099
-0.576716419586541
-0.556255757649940
-0.139451647886941
0.267249559439307
0.624422715008389
0.771514867219033
0.778697960222114
0.758072595273954
0.838784655204469
0.926291172205363
0.689587536299707
0.677637216672823
1.021654339508221
1.469521582687960
1.638562986567567
1.505221938281643
1.066221782920186
0.643722568406079
0.554858235599258
0.518182339509126
0.466222510881949
0.517367152299983
0.452110045888425
0.652584978322914
0.768913368849412
0.813312004111734
0.644788919322174
0.652454413392133
0.965469757985706
1.381814170180221
1.625941118281955
2.137718208394580
2.720062467425356
3.217819837190875
3.748443428421863
4.150957790614651
4.186709965553812
3.966932207423737
3.824196761535676
3.699790522033634
3.887406617909007
4.114788752977327
4.435211016707354
4.831305196137886
5.213734885522958
5.318371020285878
5.524404578022660
5.704483626962217
5.750493557605421
5.929383883667603
6.131171011086806
6.051143201594105
5.669945610503894
5.674856907372273
5.207078595185748
4.815852783683884
4.602835063934647
4.179471077345632
4.025395021505573
3.799754425806899
3.738166267677149
3.728534785872458
3.431753314964515
3.451026235684897
3.383424893111566
3.285629816178776
3.165411689469203
3.053161848039139
2.967385752000444
2.719647865313014
2.384635293872329
2.177462088663905
1.900479890016686
1.370517469005634
1.029179846620828
0.762186381606075
0.871341889241741
0.953868217670418
0.829686444880394
0.682199162443646
0.411088331535799
0.427538475582924
0.598472391431984
0.822687398375112
0.904015843870896
0.783865659104918
0.595197800938019
0.410305509933092
0.292854227868310
0.260825050861844
0.366721881962092
0.315431649687092
0.311480795627174
0.140373830252818
0.006595771602463
-0.071670101026438
-0.180635475953866
-0.278929842835139
-0.115877880251158
-0.084994989584311
0.068501344008066
-0.034653982474595
0.136697442362188
0.665777168675845
0.643475611259261
0.505136620101134
0.696393485619628
0.916857760340999
0.970350952738469
0.836322270175197
0.625573029679960
0.544186193981660
0.703317401481561
1.337492269758340
1.449689971692947
1.326325743614651
1.108878584355848
0.842086280734309
0.660412715445867
0.551377039698582
0.564143043614409
0.409516599315417
0.264687135473588
0.613930593348682
0.541654888828615
0.568560581940749
0.647273977135999
0.586274756045598
0.903564027830372
1.391909615597190
1.885055694581175
2.379809290943220
2.696338733417003
3.243406417899658
3.683803467996361
4.083488864847180
4.005795784984988
3.813597633918391
3.815218853214328
3.662304994598019
3.829015890718728
4.022851271409737
4.510455767646132
4.829828548619666
5.153815128519270
5.105016107862191
5.071416924662055
5.287185378796361
5.444132436502046
5.562888440914791
5.707437969796861
5.627307013327521
5.400964696271658
5.295337131521189
5.015768412608431
4.848619361113021
4.694701015601406
4.360362291459420
4.104733346011567
3.903541591893475
3.886396930007925
3.933507073533085
3.686393200978193
3.569808118689945
3.505099515842739
3.321951248480561
3.137845646660067
3.089899341366176
2.852248231965353
2.623265910203813
2.209281310373318
1.963169401886278
1.866527797571268
1.447992740200829
0.926794923378664
0.738137807507782
0.613720956139595
0.610552983373996
0.653050601425956
0.751638576824558
0.624573961634603
0.620217645510655
0.724790534697356
0.919085365575100
0.917976473125829
0.793914369104936
0.532877064951334
0.363436425239765
0.262483772531104
0.238986100292878
0.272860714647874
0.255918823556273
0.269292904210226
0.126904918096485
0.100348041084621
0.088624665453584
-0.113999663293094
-0.041852051906727
0.060503866305470
0.081413126182074
0.346388629363653
0.311276808142803
0.458867451235734
0.727573019157201
0.693979356967004
0.618107123811565
0.592447088570949
0.910877449411059
0.855830089617676
0.689678642437446
0.436276684916435
0.261580991751205
0.372780298391866
0.765642916266636
1.064811107674734
1.250229579095696
1.086635104370413
0.830697647214497
0.563939499169792
0.598748748685264
0.539605430336970
0.519393018031035
0.447491449873007
0.585905816750754
0.783320403036094
0.743476837727064
0.557655860152108
0.451796731714803
0.872570813391202
1.511164560884539
2.078796726707441
2.513212546912335
2.730159701705034
3.208936472323091
3.687752201097152
3.997323070054419
3.965352341304356
3.919543300909244
3.798442602354620
3.680198474350526
3.701902821860469
3.708699542665376
4.191604027550325
4.741960974767229
5.049992683796910
4.964477341470145
4.823047068743962
4.862036151069177
4.990922590882796
5.132271933181795
5.278442285403340
5.257025819172650
5.213949464694394
5.033900134611809
4.810043931392618
4.728533141266025
4.447535713275356
4.359765729163513
4.190588995671411
3.918666544708437
3.979047868273781
3.872088551849697
3.791864670578420
3.591400102816320
3.723119931554609
3.552626769591314
3.214336355373717
3.038534921499639
2.817597216544981
2.770910632599400
2.428461467406736
2.005647901390438
2.004044201014434
1.716651316933504
1.090983326890551
0.765341995088195
0.702743713800051
0.675717908248865
0.892310938516558
0.963460633922015
0.971200347429593
0.912152243835040
0.982284717371244
0.920523508732625
0.779717937776234
0.614583181719215
0.319497875757484
0.252008625623023
0.240538841242105
0.258653666139072
0.139418411327805
0.313114117482076
0.378502413018463
0.530874672534944
0.387449948965200
0.213115846074122
0.032989141125258
0.184036170779961
0.486365449180332
0.476710543832138
0.525061728197716
0.604896671468404
0.742117769821264
0.997505560915777
0.948104552560510
0.711110207020656
0.600733379350635
0.636260101905336
0.637734216485647
0.482872410762237
0.320150916929320
0.528760043808973
0.599230359838603
0.851307591204115
1.064838321401031
1.044061591587742
0.924178514377478
0.600435357848155
0.522661202145907
0.678961341727902
0.613016615467235
0.541274888871265
0.525968690094065
0.490756131475306
0.629340122452029
0.635753269138168
0.475296178962790
0.611821106689848
0.936968566107450
1.470891279370987
2.071321221679496
2.397220489324695
2.709260810706629
2.981054469956033
3.578117712702102
3.819860845446166
4.023311126958456
4.189546108676372
4.031138365930175
3.616666141695702
3.600191255220751
3.701760001905562
4.008445694727644
4.499169775193701
4.872769859887661
4.835117742306140
4.593997360377544
4.397887448970298
4.373063991068840
4.411536897631271
4.482327713203987
4.530749576591565
4.647413713874109
4.539547968308489
4.526973888797653
4.521640744000324
4.300866334862201
4.112519303109245
4.100696138645127
4.011793076917805
3.925012946452605
3.796083060967819
3.823921208332963
3.688550100337704
3.639312489781590
3.408139103454181
3.142273700724417
3.032957349212148
2.925833842301789
2.748263762044765
2.525137265469191
2.279163244537667
2.356339537069201
2.141450561494736
1.391507766569832
0.988898806992339
0.971047511503954
0.880628861238041
0.942410029195864
1.037324952211509
1.179794143358755
1.244453196921249
1.184931329284219
0.836924690868280
0.440885117087804
0.226250260623515
0.095292028163153
-0.005969090416471
0.056888857209297
0.200250557958006
0.101600890555643
0.389663099793116
0.672969569271616
0.719852730675757
0.532571187400212
0.363433829499894
0.251815366027366
0.446380629328260
0.568024870781438
0.739156855518405
0.816090985116995
0.707966039915590
0.925946011590021
1.297640817426384
1.238277824037671
0.895655573972230
0.726844716290313
0.655271836976655
0.771320298904111
0.737509939917897
0.681696616739818
0.799836140793217
0.749955186462916
0.879411606097375
1.064688885271341
0.945207730554031
0.945137199301672
0.729270241270940
0.657882285774837
0.600238033044704
0.481694086841438
0.695069677439470
0.702754130360028
0.613789412933119
0.462159982038382
0.473028625021314
0.581986195477698
0.788813319672616
1.238789805314196
1.491979989021486
1.975723816746237
2.424669424631714
2.713638535392731
2.981436793621144
3.274470464741158
3.627303160196197
3.995359877663209
3.920391610517890
3.904468357373373
3.661329043098331
3.693770122344002
3.957477586988731
4.196551781962933
4.382468647339685
4.753678103101005
4.639245378403013
4.399295715482012
4.110967011711716
4.015544426569070
4.041068107041598
3.977145752596687
4.113389408608196
4.277143281678458
4.215030447927615
4.237471280884683
4.365996724905209
4.300787182422273
4.033942674131310
4.046597323547259
4.094519697055481
3.944400786586652
3.650621788877126
3.718525644067749
3.699514889000385
3.363949949602668
3.156841218353699
3.051451505662753
3.101986360678700
3.017021249333151
2.634083330856940
2.479260765408166
2.577568187209395
2.558667416157881
2.221590841415383
1.441741010940659
0.948617988963442
0.951623205708255
0.920397780080076
1.001596392470363
1.120556857563630
1.095277911498810
1.066471861243145
1.051215982968997
0.720163172817679
0.199052985028893
-0.057947547565655
-0.068286328440997
0.024542137776934
0.038091391265021
-0.006025566486521
0.296431954194964
0.447259214967697
0.633714706800756
0.786892322510784
0.876421110159677
0.868696026588086
0.655174866740995
0.526628485851288
0.650434785790750
0.762663246821585
0.928441595752330
0.959514266383483
1.117453598499722
1.421815336089786
1.532057752769209
1.152441218024664
0.955016693542504
0.878709756059613
0.905572970806440
0.980504193239000
1.061729497149259
1.105056530548022
0.755475383270703
0.788869461568269
0.996042971727282
0.934727746918685
0.858958093017357
0.701464433063925
0.657360364749087
0.520398567254800
0.560606450653800
0.649444843296926
0.609055524666770
0.673280868267881
0.715370408874551
0.631115832988742
0.624757612228855
0.865262053892116
1.425782856759326
1.687003886157846
2.048383546268937
2.270097825093582
2.674356929999028
2.916454272487681
3.143269239627960
3.502424587193461
3.722678672963051
3.610465680126603
3.517457383407222
3.486607332237062
3.787251321725009
4.185534463252487
4.435712669425148
4.462654541947308
4.783416595494518
4.616949128263182
4.366907356851187
3.903571126714656
3.697690438504888
3.931687415313525
3.863735148316310
3.863212225347864
4.109567173338094
4.220288113941428
4.245884010717011
4.325729814865170
4.398399506633949
4.258618189539547
4.215388701772182
4.246056289664340
4.099715239776416
3.842820070843624
3.773781761783628
3.593284912923961
3.344678139509793
3.292621626243543
3.285724590843385
3.167040181944148
2.981726277389172
2.629288452621391
2.283367204426956
2.366211361075376
2.488788208127520
2.084683317275760
1.720950911489051
1.268625897282720
1.054830927142520
1.111854028856434
1.067780633799250
1.263077816790498
1.275363202838102
1.033140714100917
0.819731668725117
0.477850749170714
0.079683941426339
-0.099425956357757
-0.243583437035774
-0.164457812319633
-0.019528397326958
0.056959418466193
0.518331295828167
0.729287986400900
0.980771600760217
1.020671379239301
0.940478314910475
1.025472512656597
0.798031756243330
0.750345085904118
0.753021078481080
0.747974814049492
0.935303603997450
1.156909845420659
1.302212975825153
1.537548603807124
1.636535910777033
1.337843905351081
1.152912188803019
1.022405696701845
1.220695298455641
1.300092056345196
1.271719826311711
1.024526838253496
0.849716487793099
1.056760731757799
0.983493013059957
0.924527957610124
0.931003422821499
0.939247960192937
0.866591205145261
0.579445087751911
0.534840429980419
0.639899128551742
0.725857708155187
1.021606042690521
0.985808477809339
0.733174169619433
0.817770374336091
1.145593429037139
1.551965215894186
1.884994883251362
2.153340471273844
2.360957516046635
2.648137914321820
2.773623051624255
3.058151759674025
3.430854466883260
3.559946656331115
3.477155603020565
3.466710342611831
3.392352169889996
3.782305466875902
4.311053488043821
4.534956378060765
4.664531027300351
4.789067442633332
4.704031013505855
4.359836380359505
3.833390233694465
3.559724677669367
3.666721574957939
3.665883139290139
3.722963191246757
3.863535471047818
4.103112448264621
4.296493317382425
4.379706492465823
4.434777064610133
4.454707776254689
4.206658994006344
4.202913057083871
4.182486175076398
4.002202203400868
3.993873003644160
3.846306446865054
3.734498772645334
3.607665043538293
3.442716814832490
3.223298008128341
2.909495338970508
2.749522106808679
2.519080539431729
2.223386780041416
2.374890021046327
1.986965493953746
1.710956859862216
1.628802386970778
1.581468593820885
1.530699501656080
1.168614413869218
1.168175666847109
1.271346287865064
1.014220086220735
0.631656848774040
0.286339327288673
0.059004992380822
-0.510028598887911
-0.661841465664443
-0.472125454367132
-0.152965059685995
0.113895409655061
0.755730693952617
1.065056541353616
1.127412732751210
1.089474652659443
0.925887994284814
1.012673047761115
0.891347420671260
0.872919754979296
0.965677757701399
0.891288827827723
0.998438936250966
1.436913145913612
1.640176101993112
1.732369557715768
1.750551498033099
1.652402117025858
1.588868681460642
1.436392176971615
1.656676265296634
1.438996607631681
1.213288400021666
0.955327110885644
0.908462678249520
1.031104028201021
1.087870437164207
1.061920146668154
0.940120954801666
0.852462776357480
0.961563449757729
0.890708111278066
0.695190877595439
0.750016352445959
1.036830188121075
1.368054606763177
1.312709247208740
1.155211999664873
1.126976828970107
1.402397456714830
1.660841522568033
1.824424624046019
2.082952239247613
2.433805645700785
2.650037271778388
2.926056166996749
3.266095531168058
3.559714177405509
3.565344433392402
3.440083199274055
3.476630870478524
3.567653701668418
3.952485533566314
4.392082930133066
4.500651021283150
4.777551246060458
4.931832549633817
4.681365933403113
4.282638862361491
3.701901575322748
3.285608466513827
3.439096173344823
3.474874010896290
3.356074897332257
3.409624656941067
3.863681232238632
4.241736460567183
4.317026263681346
4.315614816433835
4.413523048801555
4.189107355164458
4.095485510180895
4.154858530282221
4.144982249488813
4.237274211684737
4.163740127825771
3.947301490257730
3.884073046121677
3.576595305219989
3.282726569065331
2.958763601021194
2.809647201161280
2.717851657463921
2.487564842122501
2.257382407168403
2.029344586764620
1.824472532357047
1.943273349072389
1.841282660641878
1.692488453692986
1.297365846056528
1.088097908318713
1.092589922478794
0.893018517743151
0.460640263780146
0.212159384719825
0.013965285960967
-0.509286424374221
-0.743014389536479
-0.505536445318205
-0.102922380734480
0.171345034806643
0.789370065301175
1.230156644862197
1.267969244500159
1.210997980961573
0.972639203240176
0.867209992361261
0.919108238119382
0.873129221583413
1.012596369498537
1.041728278227484
1.156964165901494
1.649839238351052
1.867638995557429
1.961520930840546
2.012021741979829
1.886398335472863
1.748644691628839
1.732218962321938
1.657680582320542
1.254027454989093
1.102909671889323
0.962771057605316
0.770735582931445
0.791942882000194
0.906393261184119
0.759886166569341
0.667542929951962
0.747869258720376
1.000369637200389
1.261091526700930
1.092853821073567
1.223151789975160
1.366223502102379
1.471900684254927
1.455371544477966
1.534827568592099
1.409422499216430
1.254655622756513
1.414808736002011
1.638181014405979
1.973302229582895
2.360766650096351
2.677988676629270
3.110721674644874
3.403489135712797
3.501283053377215
3.396865900158917
3.498833809162343
3.700316409435303
3.777976343703203
4.047725457734034
4.406128662044046
4.650291873823301
4.727390785025410
4.839359414301122
4.672166095859134
4.323806870999028
3.646461462981091
3.154870614414758
3.087285233128511
3.091081479881562
2.998659009605665
3.061701516724352
3.483502579483527
3.987552520408262
4.112115113041253
4.223014290838567
4.414621875206037
4.360362529185002
4.206762336013634
4.353340909866578
4.370708909733003
4.362041467395314
4.187432271076477
4.095081757269583
4.049390774885326
3.784149988395481
3.433997113930700
3.343180581069068
2.986499888457083
2.822726548281303
2.724957060969113
2.432946682249458
2.305644050066396
2.220541200469894
2.157831308091965
1.994181064469969
1.883753683979758
1.466791128748549
1.234000543150801
1.105986706897009
0.891977859022018
0.482373062760662
0.026027555248071
-0.240000973715365
-0.511357969235499
-0.681162410751904
-0.414654215781251
-0.142100227367382
0.204139738012065
0.858349693817304
1.379323584389603
1.394614068990423
1.420772678955086
1.170255470588083
1.024507009712728
0.862253717412449
0.803860608002070
0.868071367714523
1.173891838932072
1.349477241936672
1.621863329998015
1.875800181402728
1.973612677936014
1.987440243615866
2.006222500940442
1.722695220768512
1.847219680522937
1.763534579601563
1.423520786161080
1.268560539886185
1.071141423801818
0.787302063529723
0.809017988478277
0.789412590407030
0.700770066393074
0.680476438864114
0.831774990151389
1.218584434857044
1.457581691009995
1.589527978555610
1.713455512365346
1.765945355138348
1.993515561295427
1.762157141631337
1.611264677905141
1.446473158395471
1.321915553741319
1.449220300212631
1.583124757191613
1.988652420837694
2.346367967288587
2.686702965883810
2.981663285743957
3.326101480172226
3.418229694220960
3.339662151317776
3.458100380812660
3.676421938438906
3.749620729636967
4.051685223892460
4.445627637641824
4.658817620432563
4.716955837179157
4.784757030305545
4.443189720276731
3.943210939757468
3.503024994672781
3.102379627814076
2.922555491635673
2.826606903526108
2.828002889332536
3.089233700062995
3.380238967422326
3.629776186501049
3.793101367199122
4.071641577679735
4.451420101796471
4.381516491123918
4.274771395914587
4.230719169137789
4.211430328003810
4.092943024634930
4.180601302790276
4.239376118043220
4.008361044669591
3.964023187296692
3.827808406128657
3.514227492845110
3.166465825073181
3.013073297225960
2.855603676369066
2.417187636730193
2.216525915119391
2.323926541621712
2.402003995086917
2.173209197237490
2.022427941201273
1.726477151859620
1.341297450304324
1.040130616923335
1.141039988169267
0.706268961409303
0.094843955435665
-0.225937960602740
-0.506749839590066
-0.352024554001300
-0.003407433732908
0.291346706940621
0.491707372075869
0.980407091470615
1.434743972872339
1.390484111780484
1.375607222964409
1.173711665886306
0.987314909429169
0.914920398572749
0.908426214721477
0.782918980744426
0.872909986833209
1.112813890383211
1.531962828690169
1.897287083521392
1.913630132235184
1.796586541471964
1.954737354588108
1.970036061370465
2.150313211724184
2.148133464718335
1.963443383475562
1.718125904110700
1.214237487230035
0.794053019927697
0.873689022044347
1.037408732896428
1.046336806582966
1.078324478787361
1.126571054545598
1.562184627747225
1.766452711553098
1.964183553065006
2.187436841385761
2.368012943773751
2.603629079801886
2.254139814821920
1.909428967691615
1.690663013944853
1.487330694657423
1.599583166101237
1.751610856860884
2.160335299934370
2.464897630310948
2.788636999768192
2.928472252956719
3.290817636781139
3.327014191688600
3.166156076895478
3.372133619147679
3.683483655865726
3.978285344825315
4.221578241305699
4.321386821320191
4.280878036928412
4.498697373112129
4.496076933178603
4.101308379186707
3.564151515129263
3.389926606484253
3.067577428599244
2.793753218756787
2.697388778762271
2.919522652347702
3.081184492409122
3.280810248072983
3.398076165262964
3.640624272755863
3.964812481543069
4.128035953369872
4.119064404648638
4.106533135766052
4.133423122715919
4.101710258465356
4.097966178763880
4.244442907885165
4.135014289803657
4.015166661867100
3.904830068936645
3.911788930667587
3.781620736768874
3.610912066945510
3.264854075675417
2.930335334531128
2.451091359386512
2.426943602575169
2.459628409721766
2.436826245507326
2.381054164515712
2.306218375673541
2.059865146462748
1.403223699944070
0.887519187011902
0.998890300903418
0.681088364214141
0.041035155902168
-0.379897187105572
-0.253326638533657
-0.049647969746810
0.213206479043850
0.472236145996565
0.722206465993635
1.027407238482529
1.291534145560982
1.395578084853526
1.331737189872716
1.096302160831304
0.868188320668380
0.817131130269909
0.795983805882036
0.619468351247414
0.592377718986663
0.834850762705195
1.235329132023063
1.461939285372012
1.689091984781675
1.835850791747748
1.979005546100040
2.112918518121612
2.304242235191609
2.389101482001367
2.349675483337065
1.783975639244068
1.204612779023446
0.963409988707762
1.002489707439497
1.147107518035012
1.198171761435816
1.232383662347692
1.306237182935284
1.395692380201474
1.750285264434488
2.167596135654744
2.370226777512003
2.684372985271072
2.756605221924759
2.422017838804143
1.999616251499442
1.694102454624186
1.448843905940837
1.510921073629769
1.677025832921344
2.031093738492084
2.646809317940161
3.030084659602277
3.077523426104140
3.144248028556648
2.983420168119733
2.913743037535109
3.543252709104685
3.920622510615263
4.052805840805798
3.960130477538415
3.817299167245740
3.929786636675233
4.216051918253627
4.291572060602667
3.775991604598198
3.475428433565899
3.329284347136313
3.058300733397177
2.781749061308657
2.749062825315443
2.959549978433305
3.285145436489608
3.472588964921393
3.514855089958923
3.638275762664741
3.902815955221715
4.031832688518343
3.792698515980081
3.810085599540646
4.044710891585989
4.317335268452398
4.290637077448138
4.188325667793690
4.146555011000149
3.895979178782641
3.649324973179206
3.647753960994712
3.888969237358039
3.795478162027773
3.703409398861761
3.458240981204332
3.049122419513214
2.837726062273739
2.798924727239105
2.733236729733441
2.687502325456161
2.549675827864594
2.149668080222355
1.537707972907433
1.027721452101793
0.821693103829449
0.557784508200998
-0.043572378264069
-0.293045943808972
-0.205455536592189
-0.001120523072467
0.285634842952742
0.673666736898314
1.127016189293779
1.221330743677107
1.168511816597312
1.175031065314694
1.090943611615274
1.028660297974079
0.689080446257755
0.487328416355293
0.560710090250507
0.467421992285552
0.423096724235805
0.700728161315738
1.013425060394336
1.133775091546268
1.424649924668331
1.546350135689692
1.556221650792417
1.987111034368471
2.263631759675159
2.271992533946384
2.014755258821789
1.347177740992684
0.984345084428809
0.910877166293271
0.956920839663779
0.997554991509948
1.071117660823439
0.984582600541292
1.053302367257673
1.321082088746319
1.521650263353443
1.989496212034040
2.155971960658868
2.365080186984071
2.586236284557446
2.482179449376434
1.963349170943341
1.843312161019067
1.792485743070731
1.678056366159546
1.810504102656155
2.128847360154190
2.662708993289278
3.063716614705867
3.111502498898796
2.905661295489414
2.766169567060417
2.782951909661284
3.231153499018476
3.620493529520476
3.808415627287803
3.732244901325420
3.579168206703159
3.645905299475885
3.824282185611209
3.919074810029630
3.261645728650933
3.160716508118044
3.206757928018739
3.206747868223549
3.159600019567100
3.117779318629860
3.157713899726831
3.258806249309026
3.420536359066432
3.491847558026995
3.535944222417072
3.719770794763745
3.896808170179305
3.933171527703689
3.926301071394763
4.032091816851564
4.353738920688425
4.308205433896505
3.995332261669364
3.974385027983929
3.667681064717932
3.481058306125951
3.603010392750627
3.778623896356421
3.777923948782234
3.896357126946526
3.770287032895377
3.528568322819074
3.403829039241046
3.294384547476112
3.160098959060869
2.696943695352282
2.648369056613234
2.337831688777254
1.877103710011220
1.355240995977716
0.931479323174773
0.635956617053058
0.123476053285953
-0.022295125756238
0.012487523760496
0.130554525704815
0.499004204202321
0.741436681413374
1.310415626231684
1.401732899573557
1.223900178497579
1.030848660834354
0.883245807016149
0.931504384487919
0.804827837029861
0.413938776287444
0.458494556878669
0.580612522962996
0.550740226482482
0.648236084309679
0.823052340578190
0.919076064266020
0.997805890164354
1.249394560069396
1.614134798392035
2.017216865038260
2.263740261051346
2.063991306593197
1.778489504098295
1.328217204244299
0.969061539284829
0.847891276347977
0.660822143245474
0.728999188769164
0.848201174287659
0.713197823247412
0.867956509522687
0.917817180435107
1.259990329334425
1.702999999188959
1.882192429893840
2.062151317719725
2.216796345336042
2.258227408173688
2.164228297144426
2.101200608400718
2.012158807471345
2.052912463907714
2.219981058207326
2.405511646188968
2.777465488211821
3.131416223046705
3.291726804570735
2.957843361899988
2.750853218427335
2.701278560901651
2.826990168777656
3.135929062029128
3.343895119900166
3.226092968080934
3.270875908039450
3.541390195572253
3.739907221190411
3.624778228767836
2.997608884227668
3.013624978913353
3.185258681258718
3.180967794112032
3.381395768745444
3.538184601114269
3.372028939298224
3.425691840305814
3.517946447161045
3.577109575090626
3.635834266497997
3.479205561044676
3.778502541195879
4.012451541758615
3.964922838068697
3.996280859275914
4.209824109130266
4.112494881772241
3.860418503212595
4.013393944877487
3.767209207533973
3.561048430884846
3.615362423573487
3.695523451049830
3.794396210342381
3.652812578456363
3.664613920189051
3.745318622717791
3.532671264206585
3.378787049128414
3.062118732311444
2.855178956945626
2.829139224706836
2.593124545362234
1.922141263767689
1.495140835183884
1.074240291550773
0.683968602064883
0.385047262874284
0.463548947051551
0.379510092905811
0.315066771798927
0.744899429895322
0.965453939826334
1.028322233422658
1.152994959557575
1.079097981791608
0.793432312184579
0.707372073823084
0.760373780232827
0.805832451313494
0.580541485111493
0.592510507004501
0.704517071040291
0.647109378135232
0.671916711106287
0.702623360477990
0.897176325376142
1.036436435154614
1.347456519413035
1.885865593424951
2.142295172759269
2.107328544108068
1.911316182863307
1.919860641966268
1.459533855946193
1.171958198915865
0.905007818607845
0.531615726400134
0.515416500841473
0.580985632303556
0.552366605804694
0.530175925076233
0.706351543046844
0.985791729971393
1.467015078929677
1.838393873878927
1.999337032487627
2.052743505018033
1.938850507100388
2.037873788703414
2.137224467829107
2.226052616286959
2.237043903952577
2.416544520989482
2.606851299731170
2.625441153827420
2.960373155179488
3.112082061593886
2.904828270318326
2.570326049660774
2.415555936854710
2.549819526044816
2.873758218007401
3.063782159914750
2.985678333294637
3.030072091562383
3.436975755601568
3.477697896892355
3.283834779367115
3.010224062420587
3.053147045138592
3.453612067293235
3.535095081330519
3.669399337377777
3.891980164377977
3.635675167756137
3.666553835725765
3.770330805370764
3.819355839608983
3.778820438620811
3.620014894175712
3.764176456610490
3.962304215724158
4.014747957261813
3.891291322736030
3.922265164490671
3.927161357487213
4.018899807631033
4.064920754155053
3.802557972256039
3.731030587518147
3.740960027394502
3.887853423690782
3.998316068581315
3.759009193067167
3.830892272788914
3.792149486124220
3.676172354987551
3.351357965712411
2.995959477311012
2.833757799145503
2.706415973871025
2.356397456939726
1.849459453905939
1.407391797089961
1.141214117391425
0.673038048312676
0.318859813994088
0.271565856525826
0.283739442167101
0.313679074570223
0.707559058803319
0.876979744724959
0.629136361813685
0.709997096635236
0.810514431090113
0.686910713902902
0.870973110017373
1.041772670334790
1.033668854743666
0.974855439769109
0.911977515934023
0.780998306136093
0.682261162849147
0.706325507261096
0.751945007266039
1.027073289766791
1.226784638307612
1.450823109374019
1.679458788821940
1.886885691554964
2.015134462344331
1.965647884932259
1.882008823856995
1.574604127512694
1.181291630523459
0.938219356152513
0.545733633153556
0.430065349420252
0.481525344063558
0.522379794343409
0.620948054318116
0.981508726905379
1.096038635959558
1.502899469350276
1.820434354025188
2.034339097337234
2.061106888514751
1.840373912849864
1.915290291114869
2.089399302046477
2.142350438268191
2.144810162345692
2.447017421779409
2.570691224097210
2.598624016902856
2.812849595559643
2.763531758376999
2.702946138860883
2.432325081162022
2.261886417518420
2.199601795079650
2.410335445364987
2.706902949545559
2.978190691304661
3.109649022471332
3.167652353045756
3.156343094789303
3.163357092943617
3.201592565128887
3.366802064724685
3.661649982825726
3.873044048078493
4.029477367436148
4.052774707352843
3.941576053964319
3.949464899336172
3.955034084611594
4.121853392373616
4.025051902248173
3.968168754712295
3.930545056396755
3.926536161754168
3.830304336760786
3.724759567999352
3.614646818836339
3.685940048334352
3.996778363746007
4.135573848451433
4.039421091246241
3.956676811456305
3.912309070182323
3.993119042300637
4.030850522039092
3.864620935194790
3.770486147539421
3.833538502274231
3.931402607958685
3.357713902935159
3.030674657381691
2.706076535472513
2.547422791423550
2.083354659827274
1.716958957701364
1.351165649319363
1.073863841247540
0.662282265404928
0.256795569625912
0.248572292603156
0.496793280162166
0.366124357983827
0.475121167220245
0.658034172359546
0.452878864871726
0.679481795588237
0.818354914586363
0.679948121592571
1.012735124376355
1.008195402154425
1.060415691908368
1.030212110873722
1.199575083064938
1.011974077828276
0.742549248363388
0.690709636311313
0.689915852446044
0.844426485229170
1.104601282812136
1.217641614711301
1.331839799635391
1.554162376491742
1.839796525795855
1.871161986752926
1.853982990253165
1.478861937134760
1.123636720659027
0.862640646458717
0.437559639319087
0.537378890716693
0.602828153110698
0.672578494265129
0.831123408762677
1.069820661437584
1.420391456154069
1.854294918112107
1.954077499804666
2.025168854159317
1.956944035200431
1.913378170632290
1.821474188446259
1.856704609470581
1.953746070789066
2.018477169447053
2.155970897856021
2.289898729036293
2.445477125239930
2.612904249493824
2.467355481204819
2.428841366632593
2.309036462824400
2.173371132911811
2.313952954506166
2.262487201416973
2.600265086555922
3.012595882481871
3.126333275887829
3.132418312072922
3.186672208365779
3.200192595461330
3.352431989002755
3.578016931641375
3.920494569041837
4.111322595110003
4.053838753158437
3.947894068585941
4.041777238448973
4.116930184393818
4.233447598787484
4.521348746287798
4.351225217631180
4.313982712198733
4.277375412237642
3.936590454495385
3.709813710171375
3.686083419266029
3.567389509470731
3.870567499696482
4.210034101844026
4.370013613786778
4.375675495416166
4.263178580183271
4.226307677076425
4.137086127394547
4.098728861310481
3.721354329120305
3.625848815510936
3.757649495505762
3.753135169047237
3.421906051818365
3.051733003534392
2.631617542230869
2.405493208024468
1.931554867497617
1.539999382603592
1.185542009230959
0.912474999316806
0.788877424146135
0.436946811637662
0.559077030486865
0.562089882561941
0.383326166046137
0.486138911234190
0.472566243529420
0.486187194616563
0.667358866956344
0.673271804338871
0.725792937603613
1.033403408567298
0.977036898419118
0.945756745601395
0.953221001048031
0.987680481928582
1.051279487056162
0.839188565319182
0.612770194561940
0.554233823122303
0.736794170599846
0.795558086056233
0.839615114905535
0.930864959929613
1.223283248170665
1.529790199386337
1.657430388953301
1.692485667810652
1.525451570325612
1.149651967165778
0.909431618763060
0.476180022196352
0.486096639914429
0.687797421941068
0.657784579083736
0.891720247126189
1.206772040944711
1.795681187085201
1.987016086929725
2.009814250727645
1.999222011968274
1.864394140897595
1.745285397673125
1.529361630732742
1.649339943543197
1.832201749942897
1.969086430237359
2.116516741922612
2.142066945560785
2.428616614784707
2.430498956578506
2.200212317570796
2.219242801002860
2.174556163354331
2.331827114578323
2.445194555364606
2.463360927641514
2.739694203068960
2.896930203351360
3.043652080839321
3.058498654425807
3.262459421852544
3.351354901359136
3.688892551016446
3.718235990398377
4.007518737728621
4.011964919368618
3.909752895743770
4.012695414669874
4.274997290036858
4.480169109219078
4.548979415122503
4.624135643195667
4.622414246285551
4.630180697679810
4.499171198918066
4.081857357853488
3.826144239234315
3.879620102083371
3.879958250053718
4.042549860717621
4.380234344144753
4.538681908254119
4.674528717661573
4.567125853370724
4.406530985920580
4.285177602423881
4.043326807056931
3.750236896948882
3.772873792266427
3.959084427092911
3.647060093258337
3.319418624771683
2.907284663489430
2.555659375287370
2.238479673214556
1.858566097506050
1.445713303178243
1.023453456949472
0.753762506696884
0.815314220865377
0.628625997271116
0.626494588845465
0.469865491640863
0.344503535280918
0.612107135653199
0.677796920105496
0.607789633510908
0.404942072457492
0.704605999932222
0.799971786761826
0.859673708612425
0.867187031433545
0.791523154593494
0.842938915554902
0.972893567373662
0.804184006140972
0.700498184470861
0.510848415176736
0.601108873231176
0.700514951058754
0.735088944599269
0.567567794540306
0.523450171184272
0.780097353586192
1.228884312888143
1.299920831318845
1.427478929054480
1.427262424191001
1.071221424106756
0.957664558729755
0.734135238385079
0.651449455864828
0.721695691698024
0.712292010212990
0.926198748733414
1.479605715114316
1.776125302375803
1.738944243532994
1.788023874754905
1.706602493110702
1.552112157384651
1.455047354509302
1.625062534911400
1.793792407251677
1.967227137156881
2.071731209065863
2.233147209329942
2.449974238720816
2.466991040088281
2.312307426242948
2.356050228973114
2.389374243546577
2.410306098126072
2.353614370316714
2.394906451235494
2.543715046268176
2.983468083512543
3.242568655830851
3.473873807833296
3.566052736432851
3.577380170498144
3.618301060243029
3.943963917344318
4.042079506042120
4.078899048122200
4.104202128539834
4.007967647246282
4.087547599027594
4.538272837312839
4.629566906598551
4.583278841160769
4.629472414192798
4.832916361759086
4.789537105191098
4.299399177492553
3.880771369462836
3.857597998781222
4.014185425027869
4.013269233748889
4.121996201259812
4.158291270164124
4.426121146329707
4.652092672819452
4.569736766978694
4.509211006181470
4.601649240323379
4.335314980728858
3.968592126071353
3.967158723842795
3.744218352739493
3.545761976757618
3.121744880373256
2.755784130749550
2.582732281468148
2.184725286100500
1.910663826480292
1.608270266016988
1.127892513933526
0.698697425505181
0.619179487607318
0.666034672933045
0.723410304706102
0.402634134266857
0.328743237679179
0.567616784175845
0.968505436539911
0.842911680610281
0.525062450671514
0.582655862713480
0.808570863150377
0.915657620666675
0.804935937356769
0.717511789791218
0.752206217499683
0.873618579491827
0.746397093828748
0.495425520802733
0.477576198026146
0.671163066544795
0.661881342411325
0.534062513479266
0.540517791789325
0.513317931667475
0.610512260891464
0.827639545701595
0.803036643157865
0.931032749653110
1.155366600315224
1.007947338616763
0.919905859304861
0.901971816303676
0.673229333557215
0.501331457780989
0.440404932737565
1.033103689591800
1.510584824520492
1.521278932826817
1.556657773388693
1.761356026454967
1.778295759826458
1.536373916259407
1.520168141761229
1.594821591140037
1.832914141860505
2.225712389983892
2.185552151142166
2.151137724748198
2.332155631661454
2.307659582859361
2.066037412597114
2.310561724101864
2.261824416744325
2.324937456219177
2.598161346538504
2.845443230224440
3.143500599875480
3.582609986226467
3.686675368007768
3.732463575278790
3.776255720382470
3.884649711844486
3.872935054573355
4.352077143273705
4.324851025102263
4.269180872679351
4.285440745345298
4.354583691174399
4.376602814337986
4.831512680375772
5.037937313773768
5.117321969482052
5.003793430701492
4.952887881758612
4.800743771197181
4.201525661323399
3.904017052489684
3.824278378095675
3.785573057542865
3.833906159592089
3.963605731422476
4.239107984016702
4.429758258899774
4.528653760006946
4.412103542030954
4.308667904892271
4.488171304363335
4.476638957889517
4.120542954609816
3.831492828655229
3.498461366442659
3.427845759550392
3.128896955193243
2.552729634982869
2.354828074114187
1.973636722785407
1.647118514872090
1.525335987352961
1.112665550288823
0.540559576327753
0.446570671761439
0.496599476511498
0.539425708052764
0.427559359377013
0.581011556612152
0.553358644010392
0.697849701738946
0.704048112452210
0.560610286986420
0.598554170059023
0.976400206661571
1.116037672378623
0.935271904870584
0.936331889971991
0.774164303339069
0.886950379574008
0.610767806969242
0.320919623730499
0.230189283865738
0.203556899659902
0.403555900876071
0.392862015522553
0.523155844439910
0.592959674505028
0.528442244076324
0.585099868748954
0.656815248229184
0.767843683463478
0.718955145583815
0.772735750340957
0.763299885065952
0.807101056176102
0.521039650845331
0.332396525047327
0.316397071721711
0.748498505694859
1.190815686304016
1.273969398508842
1.430610461738389
1.718909513953014
1.724070312250457
1.592424542007690
1.653376486135601
1.734354114052853
2.059134286484083
2.059040231566818
1.930018845663126
2.044582358069670
2.040815353950302
1.934961989165963
1.856171014466624
2.111172137101342
2.401274509284311
2.688651219988738
2.905374129503355
3.302711816913634
3.665066990057200
3.888410788745666
4.070270146084102
4.049223531402508
3.975092488575259
4.170740933895232
4.152361234664236
4.274988637084261
4.369631815569226
4.403676198748033
4.521463760758754
4.816840195932356
4.991547137330516
5.351064663533585
5.490496699565678
5.542540221408315
5.320780210728482
5.189049773096353
4.842486490261521
4.358889292281349
3.982401818670262
3.899642696425515
3.593732269876314
3.815530709059622
3.859448272427887
4.238615352396251
4.498679251045260
4.575230201920001
4.502596773451586
4.317027042672220
4.555054332539704
4.454913525964266
3.984679032696419
3.577158746483608
3.320191132665584
3.166082546312112
2.977764806550578
2.379094662538144
2.028704980962226
1.562517293339171
1.215241994812240
1.111518118604071
0.545123016123319
0.022120632888142
0.026406079461004
0.233024622026853
0.330887077772848
0.553607041278833
0.690141110970518
0.413059952902250
0.332527046049729
0.564913157622234
0.678017974075540
0.670999374223959
0.969631035387799
1.145610154846305
1.007350144087034
1.019568652834821
0.846213364220698
0.710233570613407
0.361604382799892
0.199647774704672
0.225543338456608
0.213779893836208
0.187666895268999
0.238967166306926
0.301246419221745
0.398291767005217
0.361726590281532
0.139286311111167
0.148226530865800
0.243923101173055
0.430063222013110
0.464157136509835
0.503720214598520
0.364176617865628
0.253341744314047
0.170007177181194
0.156287500957863
0.466682929949511
0.684243481326721
0.892190765068313
1.003549732153688
1.392061568325933
1.349789832058570
1.319400701614405
1.413853156252304
1.697334358559446
1.787173927109705
1.729114978507866
1.555775413299736
1.596313004943963
1.648938107199047
1.558587301087073
1.601548997129419
2.001696266481267
2.412663390669018
2.949473479332363
3.433165438645858
3.745788100002271
4.154276342043190
4.228055340924159
4.362057388746149
4.309926770874663
4.107813827792739
4.228120444384479
4.129464666918023
3.948032545524832
4.118057182263369
4.513511350658975
4.804210419517348
5.117027585301234
5.411059308047318
5.543523925686554
5.770209795008400
5.869811449850769
5.527194013803845
5.386897951775474
5.037769775724082
4.678643059184717
4.158356006124158
4.008926671447579
3.833490793074692
3.834178787741016
3.894025884291838
4.193024425356485
4.385211221025296
4.456377707075609
4.441025212801610
4.377564009632270
4.492390012296810
4.376022614283428
3.807858751156544
3.393968291060714
3.013035312559981
2.823077105534984
2.555209815834694
2.177264989156915
1.676723923172062
1.251169640112156
1.085919984811916
0.759657839149340
0.190349225139355
-0.210980861176035
-0.165966920982323
0.067212433583989
0.185882590009041
0.358304638763397
0.320247557329939
0.100835017714707
0.001664336474100
0.237520487760361
0.508636823838686
0.607462064900330
0.731657536959783
0.852029449817060
0.884616138936889
0.937122582574230
0.580869258335250
0.387228902352796
0.195523332727584
0.021384233599068
-0.139851395292256
-0.096452267504790
-0.201735971889301
-0.044968555645875
-0.043505717175143
-0.092948725466802
-0.014025344903238
-0.148364759161464
-0.267037883963248
-0.225208309281433
-0.161962425307320
0.106533886585698
0.153772628368679
0.104291596351266
0.134297041902007
0.251177729483982
0.239996038047470
0.209560270748373
0.340003289344300
0.480672830316857
0.449113365424769
0.781010028160276
0.739583527551544
0.808823332517016
1.200759854215084
1.409059064394679
1.394174791729631
1.310440533655056
1.154797768245216
1.184493566782444
1.121864112868706
1.171253648896089
1.417830331386083
1.976925143220001
2.451239963557509
2.845718545287286
3.273972710389164
3.741699714332004
4.351459650712318
4.451682644705779
4.424253574983331
4.479961240561412
4.259112318402202
4.126368474417871
4.125084745569282
3.912022097695599
3.928063335662383
4.533749558601921
4.948639896115138
5.056543951518538
5.241255790979284
5.486537853209390
5.721136243626357
5.851278271992953
5.561314684982268
5.388879907793470
4.963863915430431
4.585474692919625
4.294282080475122
4.106386326436605
4.095174068582200
4.095013527512444
4.266784872128417
4.368795793476481
4.176868696004759
4.103435137073385
4.152444902167471
4.170536244745335
4.028969692586633
3.843820183303813
3.345915627195891
2.803719840465895
2.425714884304375
2.223697113700432
2.232778844037893
2.018298018745176
1.672226384168143
1.285706389142971
0.935923056527364
0.729273157352067
0.365718349318108
-0.110964835941907
-0.276454415524713
-0.137481454874641
-0.190059516812833
-0.250794231170064
-0.133776781965699
-0.174222178247815
-0.253202962372563
-0.180496676634430
0.062727863886371
0.323476419261140
0.338534674127519
0.462618529543293
0.626098212660618
0.563841795813739
0.337171238286480
0.089363614685373
-0.367486889989663
-0.383364311009847
-0.497771589696053
-0.550723833471188
-0.368207226043429
-0.343126514589415
-0.361176072970914
-0.555629615650932
-0.351803686562552
-0.549296639823335
-0.678945392285799
-0.635614428769395
-0.551588959276789
-0.370724702459336
-0.196962790243176
0.155237105313555
0.164565242291287
0.161545297984764
0.257526871737338
0.071099356493996
0.122795338112572
0.104803924875728
-0.009130228105153
0.188070566432095
0.238334440609990
0.478652700489371
0.786003176602956
0.860021621439720
0.963850778974259
0.883520973467283
0.871515257821466
0.843949655270760
0.687199206677637
0.586580593681088
1.038826540824130
1.718124590573893
2.260465784906772
2.800497053717358
3.194108246680960
3.502442948215157
4.195500285368756
4.463438189230389
4.436022094730904
4.460625868994839
4.451916718260363
4.309612489279177
4.255602454864555
4.030579607745355
4.020746307532288
4.207282251167935
4.652228926680662
4.966131365231047
5.201437944047246
5.455663867549755
5.500233670135989
5.532943934493979
5.500802365425734
5.444442377468900
5.043826807142136
4.530640544621757
4.254108948332945
4.194041977618728
4.071317391620039
4.395337942712226
4.571983314096311
4.556477243967234
4.046668641616857
4.103402937130540
4.073549727960356
4.019663987256596
3.773230858683890
3.333468860058338
2.814978119693781
2.099425497824694
1.714669786239633
1.591402307832825
1.726727975231975
1.502161202628617
1.398085019181463
1.220625994312310
0.967250428312776
0.603285813304096
0.206281436271381
-0.204353647357322
-0.404459703299161
-0.464456937180029
-0.681114756515098
-0.980375152816280
-0.694029836887099
-0.674278915657467
-0.551695639744121
-0.479541652352169
-0.403536587535844
-0.265749494491735
-0.224798225537998
0.100820716704681
0.259563190862253
0.270100218722770
0.158514463264928
-0.301920691226586
-0.658800250063352
-0.631522054514791
-0.670984430834540
-0.717294976282637
-0.640302832726832
-0.736149924001222
-0.677322268201415
-0.627034312789354
-0.643795499139729
-0.989181957117175
-1.063241643956025
-0.828652584482251
-0.716968649949530
-0.578589811426100
-0.427074697834404
-0.047045240204455
0.046089458236168
-0.037897327636219
-0.088252193224373
-0.263748660521877
-0.072027245877488
-0.287827440274217
-0.371789422941968
-0.165269171326992
-0.080892393300991
0.197820696497156
0.373698113749552
0.410373601160915
0.431698140717509
0.382867227631137
0.569191813725323
0.566403530178809
0.415658952552899
0.245870431167712
0.711537993032801
1.261217895663103
1.950617855990303
2.613659771697333
3.082581789935020
3.291461101446212
4.051618183717141
4.412196894475497
4.451941106402371
4.469575311807549
4.290241026725429
4.298846576960678
4.213984802881997
4.082610955403688
4.102718996340037
4.208932253920983
4.497347157391826
4.783460006395106
4.970924347877133
5.449867569030934
5.585300209968043
5.489647641207631
5.526449452710091
5.493195137405607
5.114570286518877
4.768219692338215
4.483203555553942
4.249419576469372
4.192023409517133
4.310863728576877
4.518060331184967
4.621278834110355
4.245051372908433
3.957779658389803
3.869197618103540
3.846245513660803
3.583773482291049
3.023870364972596
2.482240999698963
1.813649069761426
1.293245723000933
1.187949524134420
1.267945229763525
0.958510305031701
0.892795138095432
0.818092871274396
0.538988352054954
0.219307523337251
-0.148737364149559
-0.434935997149603
-0.597244490881724
-0.804573766343004
-0.883971668302610
-1.106661042811907
-1.113452852689978
-1.043124350960107
-1.160753628759746
-1.158164222937296
-0.971506481503184
-0.769373766598461
-0.494518623274245
-0.239896493716261
-0.083573851645084
0.026087199086526
-0.025470308138890
-0.386260513465530
-0.695124715486187
-0.704874547839861
-0.992355918678338
-1.221080816691902
-1.128452007289970
-1.094613301372039
-1.030057039619729
-0.791107505712256
-0.720470652502023
-1.119463909296525
-1.200256643381784
-1.044316001329488
-1.209272448513686
-0.871646173222105
-0.704400724923461
-0.438333050325958
-0.370586345108985
-0.406660946196345
-0.484984366385590
-0.495362145090841
-0.454423072659756
-0.609192958199526
-0.622712938794841
-0.526801063527630
-0.447946438552937
-0.322588392670438
-0.222689715340990
0.010047781795348
0.094811661956682
0.200521781455670
0.432385646881737
0.484418109827156
0.305852696693903
0.234264502045331
0.572334199742033
1.144286009672786
1.785759099206924
2.410361732697901
2.928336568976908
3.311040849738166
3.923611944582293
4.463101279407709
4.529826408253276
4.419670621884867
4.214209863219073
4.183895631244061
4.075795938233591
4.299438158877507
4.289452474021537
4.258063213318923
4.461826773795416
4.738653552373399
4.937499311372524
5.495913102118426
5.782703550754911
5.881506453252996
5.899274648518240
5.661877079008733
5.347718202117254
5.041994912078913
4.954584583557551
4.746838416920714
4.446249764437789
4.404331384082921
4.554641456441647
4.577516976125128
4.410936876731505
4.194421195603428
3.955760123899448
3.570318870551099
3.144911031784813
2.682541479493994
2.251708714532042
1.675633425892805
1.328347892178458
1.232986541311316
1.010154862769667
0.633548592459316
0.434465380098985
0.254616384202072
-0.031460678777558
-0.288088947765088
-0.710547347846415
-0.824009188450893
-0.886421494515244
-1.115626586353460
-1.266717572802664
-1.310753526149467
-1.482610066332717
-1.666283437932831
-1.820541265886112
-1.699841339861614
-1.422004963835623
-1.142825090875309
-0.986212712413144
-0.697007656751965
-0.423733045302790
-0.337512182355844
-0.356408140011975
-0.437624697918693
-0.678566586192349
-1.015214848047915
-1.255952631080705
-1.484659738835545
-1.549255687028706
-1.576212509306880
-1.513298570257852
-1.251259168733297
-0.857846013011723
-1.109696989922936
-1.300491585019967
-1.371725642043377
-1.598815461422293
-1.152257252075082
-0.846411950727252
-0.683681956853317
-0.713693462281595
-0.639642683771439
-0.555451168883065
-0.568806741219318
-0.521803678213049
-0.788760807094430
-0.845595861865050
-0.813987387862814
-0.713054982512975
-0.484054601686995
-0.389265559725256
-0.336704361356893
-0.203443084036525
0.200130793729018
0.211900811589926
0.379504251808271
0.473725440390503
0.415490219965887
0.501298761121526
1.196922788686266
1.767664874804351
2.301527724655296
2.856626991961059
3.421914047306357
3.989891233214400
4.359322461510783
4.470172114195955
4.296289037316050
4.075849128817307
4.190014632574559
4.235650050046517
4.246494109217731
4.397959856192596
4.289371490268925
4.435466226124782
4.912217139458578
5.196962320118113
5.594954945400096
6.003144556027563
6.141339522325404
6.029437626687393
5.826674623437893
5.531491572687746
5.166533994231197
5.236850218585023
5.078319164782193
4.659848250181811
4.478633176324659
4.639092455766412
4.584960976990864
4.262929333800090
3.978910098464644
3.733682798290080
3.216090282796898
2.742412015483139
2.255680682121573
1.893439911390810
1.499627132056419
1.151059335192065
1.050623221070554
0.814791050328769
0.534076147367025
0.238241737340975
-0.082942583286772
-0.305416441885835
-0.800601910455669
-1.116526723708441
-1.157725385487380
-1.294694553786309
-1.571529668780640
-1.787439583756055
-1.662965409824603
-1.878910111945350
-2.213785359939952
-2.419111886680914
-2.412234583530859
-2.155886822983453
-1.886908683113267
-1.517480834788584
-1.149731259997815
-0.961206907152568
-0.759588614998622
-0.791491826031324
-0.910980251746060
-1.058783360828788
-1.100916981157253
-1.433973454939210
-1.702879567379742
-1.803408061782201
-2.003760830362571
-1.868608122509516
-1.488851446795227
-1.134955228622011
-1.249888915115585
-1.266973718904968
-1.436885039158939
-1.451845169927126
-1.217777774746793
-1.274805853299219
-1.113549930484254
-0.840215153439064
-0.592834394562603
-0.471855158846914
-0.796447583342210
-0.849747859588073
-0.986968355306763
-0.931161648108525
-0.844656664473720
-0.814947766900362
-0.612345645971059
-0.429680502510963
-0.217803878296170
-0.086754518264387
0.072211094003662
0.197430570019248
0.615458274257827
0.638868437257283
0.578708854917106
0.640096787563828
1.242359050502601
1.873004528368343
2.342231920601050
2.597699183573556
3.132219717182615
3.734658165656893
4.159257209546296
4.387971089916998
4.194698486105372
3.994802234349445
4.257500123230006
4.163732681156820
4.230934635088864
4.334100080276725
4.463255373282611
4.840067155415790
5.378028644271072
5.572823937625211
5.791495897136766
6.114561572278964
6.227479950432518
6.068594952872346
5.881809636179134
5.497043170193026
5.225102354828724
5.286106462532430
5.200933251380777
4.787491992777907
4.532672583872279
4.517546916700005
4.271432299176689
3.802318371135937
3.642616643702780
3.231571111430192
2.911810242229489
2.575326369944093
1.953403158260580
1.515638114462506
1.194110320291283
0.960589876610768
0.749124605629557
0.597059257123913
0.353269178419916
-0.050839030669943
-0.290308424666761
-0.444427182477688
-0.810726023274806
-1.290411134654379
-1.601992997732329
-1.902792337004247
-2.042756742009268
-2.169268064901956
-2.155295459614903
-2.450069767068033
-2.702253743930780
-2.841385231550640
-2.791066134318029
-2.557256928267138
-2.484294686947371
-1.978314949751611
-1.573854099836633
-1.532259562203461
-1.171046505095934
-1.085093173962433
-1.153914885436496
-1.261831304922239
-1.346514056712999
-1.606474315357162
-1.984650126702082
-1.835969195238406
-1.762037695318993
-1.994344318054759
-1.911178670697487
-1.660412629903842
-1.586249657118289
-1.397545098670488
-1.417584125028362
-1.330332475143387
-1.397546196222387
-1.548137496819435
-1.463499485858609
-1.193547501162482
-0.942728649163591
-0.858481400117996
-0.899558467860129
-1.219064022618644
-1.113247706861344
-0.752710572534632
-0.631199796811823
-0.552693285087901
-0.633850534414789
-0.602882935706239
-0.436981669678850
0.016174060709894
0.036753192315453
0.211335507440026
0.550783618435979
0.603915271971887
0.619851366338700
0.803616336287449
1.503303820560021
2.101641975687399
2.287653065485697
2.588905431757501
2.959744509580910
3.398159387282310
3.794808883322916
3.896372255667034
4.011024810386711
4.029334090726667
4.032634349276987
3.982999776157547
4.497077838050800
4.677172283930697
4.859999195551561
5.156837680396877
5.580669208818544
5.825167182087645
5.923547727805764
6.167965407818761
6.405819891239902
6.153873958611793
5.998625343386593
5.766203506597567
5.404013999027295
5.264218747449328
5.043235435373513
4.847998664848381
4.508563763886798
4.153826638462117
3.772438735979907
3.461951507810246
3.293525527223921
3.004310919375703
2.787190434845303
2.561862003378025
1.896726839396680
1.188983951604184
0.899918617206331
0.668651002175530
0.285891441643921
0.197530711904175
-0.066286472609356
-0.418390151921881
-0.517618076187391
-0.678003068184640
-0.995520211605646
-1.585302494215038
-2.065219615440207
-2.572371218635895
-2.647856007754019
-2.693536823740385
-2.855411114708966
-3.101746748121350
-3.349961516391376
-3.198794216824580
-2.997338442440301
-3.066497377226201
-3.044012445965402
-2.547654634318539
-2.045661834195489
-1.786287948732679
-1.557334143626375
-1.418856778289614
-1.521550035817790
-1.559782529858888
-1.556243121536330
-1.812270527801848
-2.101814059564675
-2.156420407934835
-2.155780406351758
-2.229740231293947
-2.167325319105769
-2.095046017391728
-1.842438315120965
-1.697202880057075
-1.530562344567026
-1.461699570526239
-1.702512078628024
-1.723174123919912
-1.719933945405818
-1.551101877570551
-1.493399038571416
-1.344151154269455
-1.262188508382501
-1.382524070824154
-1.151340723627448
-0.813506730130037
-0.709537660732858
-0.759336296438561
-0.729850177308031
-0.914306268868299
-0.840420369585752
-0.451215770278160
-0.163016152680202
-0.158866687489484
0.082728690805815
0.389178909056445
0.567359386595239
0.682890671129807
1.357028014910670
1.822773219857927
1.963613962494709
2.460181893758376
2.835899210507522
3.189040545983412
3.379265253911760
3.609855741620939
3.704513898286482
3.712895946332533
3.753902730871256
4.030609485740045
4.469690315635291
4.818647125789592
5.087460044362235
5.253535271343599
5.626396355573791
5.925572423921574
6.160788433432793
6.464062586867060
6.522708860288821
6.398324456197629
6.183005110647287
5.909222118709746
5.452451338168680
5.210098701089550
4.898079737700540
4.758662085952813
4.373871918980821
3.759108382734656
3.434900440534447
3.342325152722052
3.197976565324116
2.990842344130528
2.662944288219133
2.384861452246939
1.715838679482167
1.018330259593531
0.677949375047951
0.412449230592770
0.089588956401285
-0.236355200854079
-0.629714874737779
-1.044265736170474
-1.054900362675587
-1.257864927381123
-1.580526380856093
-2.026944731179530
-2.614033225312655
-3.005017276418564
-3.230400184296935
-3.545522725257016
-3.613842188724176
-3.697364542976567
-3.864543993957742
-3.738463413661655
-3.699053902197373
-3.569988040083210
-3.529818774933651
-3.094746390813597
-2.560214244925596
-2.192481701073047
-2.100940862122800
-1.983138573880052
-1.958360573829718
-1.953823605041896
-1.884043307732901
-2.096238406994059
-2.253133072730706
-2.526744610147022
-2.807176026337305
-2.561880362314853
-2.366477728334651
-2.348061230841596
-2.072991024786893
-1.893579965496544
-1.687235410004319
-1.771783203654959
-2.083901088717373
-1.974388520305077
-1.848862079672702
-1.590121608346443
-1.631354772341365
-1.635544082970141
-1.449279615107029
-1.379960256751864
-1.136186918911748
-0.860918002152724
-1.031153895820873
-1.038866177127554
-1.023874368508053
-1.188987226821979
-1.116868402258233
-0.780214853590943
-0.507016825413066
-0.319608270436526
-0.284984491931547
0.102110505293465
0.592669833292831
0.946661842854562
1.051586005059426
1.534648166840218
1.780366767163683
2.190891586512608
2.536928259224802
2.708807200098634
3.008054059406131
3.218662454898550
3.380303701834230
3.450052638948996
3.650162170417631
4.015331720355586
3.907931136177854
4.424647407267320
4.656955870035604
5.244655178421429
5.775774448438009
5.857519602224227
6.261359951920802
6.478547699254432
6.622340054858689
6.590357062967101
6.333021526751209
5.836773513162241
5.433754499031540
5.085244385269228
4.582161174754007
4.159215204368621
3.886081295497214
3.506936407011093
3.159039886655648
3.109371830542702
3.057403602879804
2.796830996542651
2.346000692768089
2.085424430672445
1.443754779528939
0.700736252268432
0.333354810379343
0.204568647403432
-0.094113830524580
-0.679729587456968
-1.019066948526616
-1.358990870261426
-1.577155806105546
-1.850409981146912
-2.107467184216937
-2.603399863253149
-3.196465363155270
-3.559158562142016
-4.033097693168441
-4.259584965663887
-4.232977087019941
-4.248327088303721
-4.245676327396975
-4.172191022618817
-4.049395088638541
-3.824952969824484
-3.607580759106002
-3.262447129619267
-3.034453162274601
-2.732338429747898
-2.557439634173690
-2.385908310256402
-2.223940407634719
-2.135584026157995
-2.131330983412355
-2.325634694731423
-2.393989971916586
-2.750639558015749
-2.993054000231863
-2.792343042798918
-2.606253268434356
-2.336276313404474
-2.290758560606903
-2.131433991786885
-1.828410734835208
-1.807855216437386
-2.156982628967560
-2.083776668805043
-1.847427517417279
-1.631392858706869
-1.575699886546920
-1.752415246524759
-1.629951399874615
-1.483201252603327
-0.965363878474884
-0.723438723609076
-1.010643056180229
-1.182733556187370
-1.396173785069524
-1.475981348591906
-1.336322348058086
-1.059509086074350
-0.650157406871014
-0.517205541715766
-0.434680296274376
-0.071465226749694
0.389007223509380
1.084792402834688
1.294647886181997
1.700281017420678
2.063151691125382
2.283172367934127
2.376760575957233
2.480433144381617
2.891267491023789
3.073876545977238
3.191699111119981
3.304623398516182
3.367655953765787
3.459805688618788
3.863015195523774
4.247014123976990
4.498088825392330
5.235431288754310
5.632395515463605
5.895258987802334
6.275722895210269
6.281206182165159
6.272960184551096
6.173567875559173
5.906743193647914
5.425820755887635
5.049301421445030
4.607685455743487
4.210112834418145
3.830429773154699
3.512862716871866
3.250092696218648
2.733108343195271
2.622415331902299
2.574645571962956
2.363738480420190
2.007402413407713
1.622717618540836
1.180078962300892
0.594470178356246
0.121649671055741
-0.103503985134488
-0.257953895042715
-0.861610525062844
-1.234319006224947
-1.583458201971635
-1.900673554157831
-2.429800117260731
-2.780203790797560
-3.066126995686552
-3.529416283614784
-4.185496915191941
-4.535933618628212
-4.654409307829384
-4.542748152743286
-4.368746964793461
-4.588317481686726
-4.350843478798299
-4.042727638810087
-4.022181033517044
-3.929570011753525
-3.550066951221946
-3.308402597781873
-3.120429404768464
-2.877734374939628
-2.695367939624616
-2.481706126556923
-2.284352383147985
-2.238339995981539
-2.433866762377237
-2.592060509907915
-2.795903408465251
-2.983761084375322
-3.122306339203401
-2.983100176870382
-2.529225788926465
-2.430278748754914
-2.313278388847885
-2.053777208965756
-1.998195544368165
-2.251903878652662
-2.179926907821518
-1.933826099646552
-1.583948486919337
-1.527258638051517
-1.801035982512405
-1.824930325956668
-1.438658514072899
-0.997976553379647
-0.819836408350200
-1.085148493994893
-1.402026952812720
-1.628828509297005
-1.809887922020897
-1.786584800009926
-1.598760824808266
-1.140827450402719
-0.747846095883297
-0.503711750078540
-0.272970971101668
0.369377530814277
1.061639708601514
1.656941572595036
2.052605182558283
2.391664342351862
2.410303118809823
2.439495283853682
2.453906685413983
2.672317124510310
2.886137350015194
2.934455064900869
3.082251546802461
3.179149605651158
3.488413452194289
3.816078318407090
4.326137966489374
4.557165819213581
5.065955629575708
5.453276947437062
5.891942530879550
6.109870956978489
6.096730506069184
5.906298907149092
5.723800787392977
5.532487841651722
5.149375955269885
4.844125469447317
4.323967146066959
3.891834910758333
3.464875984118383
3.188418548914839
3.047824584880497
2.786946057039693
2.476871462450972
2.404873088671036
2.100874777141267
1.760129484954484
1.296980077516049
0.951316385111710
0.524727028345492
0.155745981988093
-0.319410845639634
-0.659134358169000
-1.084614036376381
-1.656729493738905
-2.204998188713056
-2.450243942710680
-2.803670677639612
-3.156947471104931
-3.284451252740836
-3.657045843016371
-4.315083797569778
-4.628229198790881
-4.766521027304890
-4.776034473570149
-4.694641638377656
-4.717789760166312
-4.399583397480622
-4.223153059292178
-4.344449595914925
-4.314884126763201
-4.006922917319176
-3.895241681186943
-3.616489565530591
-3.173889810552211
-2.850322543716211
-2.515611556457655
-2.481440748114676
-2.513187411043811
-2.666325069496500
-2.860819856880790
-3.040508118559051
-3.305620108747907
-3.309043333723880
-3.249714945361305
-2.832530591456733
-2.669352847069670
-2.604002457502459
-2.302230988872445
-2.310084711613289
-2.529135107967913
-2.431004440631901
-2.205949087947410
-1.883487307081254
-1.677312900403816
-1.784066431684279
-1.768986121192153
-1.571081100919209
-1.414729350754755
-1.356374987690920
-1.426365388137655
-1.734702439931876
-2.019269231994353
-2.201941242826133
-2.220152621972743
-1.999255054258248
-1.525962061632731
-1.093368546961382
-0.769707476597669
-0.313809360512634
0.403609712251993
1.049319967120467
1.677007390823827
2.010998728300300
2.340942670480449
2.490393504240034
2.436172579409758
2.491909613280006
2.652469665029724
2.951253112037219
2.823490144602954
3.017164325314126
3.183948636409819
3.471351160865908
3.771288506679544
4.349236358755634
4.944970436111770
5.058462934251913
5.294908889291107
5.663804677298312
5.848504969427295
5.791951545352063
5.561650798593275
5.409147611254861
5.253242204230967
4.958826223711359
4.559104337247254
4.171424322274254
3.718421956207524
3.355218836711073
3.307538035748808
3.129581555202959
2.907094095712603
2.539484395059289
2.139521454103275
1.980239660280716
1.780529573604039
1.218438955876384
0.560890970828141
0.216248609148123
-0.137935427496170
-0.289161534458278
-0.622238163939674
-1.106365499511228
-1.894208062917338
-2.335487378577949
-2.662124683867401
-3.290039744870436
-3.558022958376725
-3.670130993596929
-3.925840590194252
-4.212110768803386
-4.443591911480287
-4.623853384658259
-4.735434719770256
-4.781659019341021
-4.861549430670668
-4.867739746075421
-4.740790913126904
-4.809709484236129
-4.690081503488886
-4.368145136262195
-4.291938007646289
-4.023833085476690
-3.470031280587790
-3.038668300475958
-2.774235585813503
-2.712954316312697
-2.637929984390687
-2.707812540418276
-3.060554788382554
-3.289282567375487
-3.551612782086431
-3.602115472941823
-3.536253169958087
-3.177239709458060
-3.085632167979902
-2.947800854228475
-2.759445336724591
-2.703072325280067
-2.447912684473715
-2.489085174478567
-2.419249569231038
-2.091034224583753
-1.970532466576573
-1.932164310318841
-1.887083929169499
-1.913740456981350
-1.997329904765893
-2.072033021321549
-2.038007854360499
-2.265144058531005
-2.471067326175457
-2.385781063327493
-2.322010511233292
-2.124496567594045
-1.646623388279862
-1.287056569740850
-1.027338715272218
-0.268822018884265
0.388680221669157
0.949653002682093
1.596703988752323
1.983774901350881
2.186018480628800
2.344931244939946
2.289628625385233
2.370112613160382
2.399151091541328
2.604078262115503
2.787714076579165
3.047626013260344
3.236038256102147
3.473195351438620
3.726688385250012
4.136009102176656
4.792877623727633
5.041036449420083
5.109899232527234
5.301898103556511
5.594439693205623
5.405231149261928
5.138660377057476
4.960873923017457
4.756211032657490
4.410546019209324
4.190896862593713
4.012245990638721
3.774269385498260
3.547800660608313
3.501476183038013
3.224365088289252
2.999872432549338
2.400458101999453
2.002579758830494
1.720915727682673
1.271660566839742
0.693552062879946
0.110052367251373
-0.265012481478034
-0.515784460212144
-0.841335062030548
-1.110952255481030
-1.308679286000080
-2.019102919913077
-2.532852860278479
-3.055118676991264
-3.547294519299806
-3.737529137130937
-3.769183211078861
-3.955008652999400
-4.217236632770958
-4.325847543271294
-4.439788505946226
-4.638017995954892
-4.951845108855734
-5.151190267002288
-5.170152026897672
-5.098268809233669
-5.031661467479720
-4.818328073364678
-4.592870151796916
-4.413718219050224
-3.977811952103897
-3.488173381267512
-3.306837838460305
-3.210174253073928
-2.973073781402707
-2.831970012620124
-2.887769987867502
-3.077910844547689
-3.374069654768635
-3.608185491333813
-3.673531064536281
-3.638105076073611
-3.570751652742087
-3.247542407016277
-3.084145659735756
-2.973049246907302
-2.873907126157144
-2.525265684619665
-2.501477019902210
-2.487942738367980
-2.344860817254541
-2.214356506578506
-2.258846906169684
-2.243739721082777
-2.230083055710443
-2.526154183801516
-2.583602235729502
-2.524513746576721
-2.680033421128811
-2.687369532813431
-2.513581376989103
-2.176596167381276
-1.880299946938626
-1.396922009240996
-1.115265605931275
-0.787574485619908
-0.009732385257197
0.441997852097602
0.986065553880141
1.501285730869161
1.878322405755049
2.125564707565244
2.083535501311203
2.077706747673341
2.004243347161005
1.994223678189438
2.228374771666649
2.547270794155527
2.967318985609684
3.037992962026558
3.462262570392430
3.675754868799279
4.140200674133393
4.469930809802268
4.765725277348419
4.922317827758026
5.021456615704706
5.209741474305137
5.094566524823559
4.842786873226815
4.406040169175239
4.301173044084025
4.135606492603018
3.933783141232453
3.991747380983536
3.932740343173668
3.819487431582879
3.627855163015199
3.165583715885541
2.752462273056764
2.350015382337292
1.855769525907981
1.507643355378369
1.049594821105754
0.424188702624901
-0.142016389091658
-0.452106121833925
-0.966973350176286
-1.439964478377701
-1.755275250211491
-1.864948082075031
-2.405035978498808
-2.816117816431702
-3.325849496854326
-3.733241102738067
-3.767732755587530
-3.791087569720124
-3.962309862176881
-4.163023552878754
-4.318965489703077
-4.389932557109701
-4.683594275596506
-5.047377702171527
-5.324459938994925
-5.119373075390868
-5.013099073837942
-5.031485631093600
-4.974351334205586
-4.805104722308958
-4.551752212778114
-4.088938034278445
-3.662857716659898
-3.438900831392279
-3.360388297303393
-3.240098259332103
-3.134590139592027
-3.124565473665832
-3.113118922362858
-3.288856622085514
-3.312056480820456
-3.530429130846968
-3.706538837024293
-3.646323561112022
-3.475334267965780
-3.211622832602642
-3.091036327048191
-3.055497965140046
-2.791370514090832
-2.508714774646827
-2.541452203280183
-2.564353825265580
-2.529103775050433
-2.555223473319588
-2.538007372714086
-2.616190103777173
-2.895320697764897
-2.829488994025182
-2.877652929813311
-2.977718641707511
-2.864217779170384
-2.694492983582822
-2.133537188945317
-1.735657808486271
-1.467764955089164
-1.115104126717367
-0.664126466866305
-0.140153893411916
0.403930095813740
1.073182098791716
1.497119645444899
1.985634544409959
2.252491316724848
2.033331794464988
1.876477146545884
1.747921614586085
1.715843399619238
1.975410038650923
2.422310795527927
2.846706242093744
3.021677333349823
3.354250324191186
3.793712786950250
4.267446698235453
4.693868648224165
4.676428711981077
4.760226360410839
4.990756333509772
4.964446823972426
4.829846470080756
4.537193719120033
4.046315801597833
4.016905688100757
4.002591188675773
3.979345035971780
4.002240028636699
3.933724836076841
3.780083831567715
3.529231055142080
3.173993104548661
2.709145667803587
2.105457521422602
1.493721350805867
1.124999121778506
0.629905754940997
0.256417216099165
-0.106919338572208
-0.598843094503461
-1.074862522309455
-1.612948009283501
-1.748114635697588
-1.955242216517737
-2.374015126305255
-2.871211207236742
-3.313548081841828
-3.475704885867379
-3.681482702543286
-3.734346504285516
-3.943583924236231
-4.265103637398055
-4.380677310280931
-4.583127153290811
-4.813963936571891
-5.032366546778884
-5.132653953204422
-4.942828868637745
-4.869136469653836
-5.019850973736333
-4.912318139133406
-4.914541664004968
-4.658369483553495
-4.150465408873446
-3.883944079304013
-3.736593658248956
-3.507532612486681
-3.586376124820045
-3.402123427658190
-3.273853518405071
-3.135539159621185
-2.952287111526063
-3.140503955860537
-3.330328324167342
-3.598137869631334
-3.708590736380920
-3.634407423475172
-3.605993631471420
-3.344634862413635
-3.289521828919178
-2.834729436224982
-2.576254671351021
-2.713343184274542
-2.705122150651935
-2.665063667966093
-2.610656294843804
-2.644728423823627
-2.750517761306131
-3.010159273476274
-3.097856832769924
-3.305660912326307
-3.292089463487044
-3.103826880666038
-2.858997154333075
-2.386477748894078
-2.045544648080361
-1.884072941888087
-1.313041636774827
-0.784593192917879
-0.201257231565149
0.412468458991690
1.051794808759632
1.583622932748658
2.139707026007078
2.136405507234900
2.017284384403894
1.923252635068121
1.717120874485439
1.757587295423209
2.159552618404623
2.524166794146516
2.811300450919368
2.767027294832038
3.282680601958205
3.926835858713525
4.279789972672805
4.603691204402474
4.579118514115131
4.541479351501007
4.571099439345616
4.441431972845697
4.357680543586238
4.173418900919716
3.952329023527679
4.004393387429806
4.218869891285504
4.105729409933301
4.107745268999685
3.954248214170311
3.747509763274358
3.513752199787712
3.133220151400399
2.705183797576995
1.836411750277785
1.103825108244134
0.542220547687110
0.162363920122429
-0.179440555932570
-0.355660573355302
-0.501004151033815
-0.911364432342604
-1.391850221945086
-1.501910161221688
-1.721191636823136
-2.114333944196356
-2.769885255241884
-3.121648236912055
-3.441403338847711
-3.563159495893933
-3.708639325660640
-3.905789528869953
-4.129129803560872
-4.320529422608972
-4.600864280035614
-4.940227964202563
-5.151913653883880
-5.009267353670953
-5.108590962232987
-5.117290267861152
-5.111350856488671
-5.132449759838933
-4.846077106205883
-4.569577310863732
-4.358906213702518
-4.204881579340907
-3.950317045568598
-3.633230515164258
-3.648911164258438
-3.603020725344512
-3.495074427677935
-3.312647200444592
-3.149039738982877
-3.271043021980650
-3.468797341806702
-3.579703642481489
-3.885112457574924
-4.001218669074120
-3.647978506878161
-3.397132899558228
-3.326611479197500
-3.219182977347946
-3.015564844595676
-3.136661507376923
-3.073275063991112
-2.856168933892995
-2.639328641824069
-2.671823201645545
-2.825833118426902
-3.011912794721651
-3.229524673425754
-3.374889866106171
-3.381127554255322
-3.212579753180348
-2.805232956242246
-2.449034994909702
-2.069512388601991
-1.791270510731814
-1.434800331142251
-0.978342161635730
-0.301362364881680
0.319697011126059
0.803863073881709
1.504842604233739
1.988014989516694
1.913942087267977
1.884213076758425
1.999555159377244
1.990360486078314
1.957247978343802
2.179198467745810
2.606212340463389
2.952140763978775
3.147364088627943
3.582624952910277
3.907062383657603
4.100555669464153
4.423170793414259
4.570890107230422
4.420280220877940
4.309750322274375
4.144827148443460
3.900566943263329
3.699341881754724
3.732080301370654
3.936519732537505
4.257828924230761
4.283981310074781
4.150132455823523
4.083460742621745
3.738502022540973
3.359997224161942
2.809015212846933
2.331677264618041
1.769091621219860
0.955644572933873
0.386930684218996
-0.083433011402367
-0.387117280296734
-0.457327498020597
-0.455158154270749
-0.851525008421738
-1.163866851009291
-1.427479383343690
-1.726861867083678
-2.184468485690608
-2.701668910521483
-3.022410599051897
-3.182143310596482
-3.237869900623302
-3.475979787153334
-3.720796494607903
-3.908807465236326
-4.435883696004041
-4.951416207515877
-5.352424823394772
-5.430670124598565
-5.294254580493059
-5.421854743904644
-5.409047518367885
-5.417746078872957
-5.341506419216713
-5.073721425166186
-4.730044716212044
-4.698184726767630
-4.613111956287460
-4.133241979118563
-3.924778040946611
-3.965042077419515
-3.914623088692703
-3.784226068498611
-3.526129907484127
-3.386589621443147
-3.409189159499930
-3.841689943106235
-3.846854706725444
-4.044584773680964
-4.122003925730505
-3.773054542207292
-3.594487360577921
-3.531639116276453
-3.573177928434031
-3.649837396819871
-3.745903590673354
-3.637472835241675
-3.222894474598620
-2.731567553288744
-2.721134040599770
-2.708323160087166
-2.861406454172859
-3.039349539667514
-3.173159881392609
-3.252283353341750
-3.041012551358980
-2.606155506231544
-2.417557621512011
-2.150425881386067
-2.032073591238555
-1.727442158630629
-1.325350213092469
-0.617414622816933
0.107798394420497
0.700227177451658
1.194739789961882
1.655488463355880
1.734577447342694
1.814152517377310
1.827096886169067
2.056766443692768
2.110870913589491
2.262515417242329
2.844742350989143
3.136428220582249
3.488230929913529
3.760050025886605
3.897608100458003
3.937742720259543
4.244786493852052
4.373943229561314
4.309163080513779
4.162061598598292
4.041076660977341
3.781170628996719
3.537686997367059
3.518922709154071
3.626786993064059
3.952184677665903
3.988835683878483
4.091572401391660
3.946355727720195
3.657157541364621
3.228167349827420
2.786777163912538
2.064753551758001
1.532221467033816
0.878298318244873
0.379662658432261
0.083592919700932
-0.205926715006362
-0.339187433136884
-0.384505837207154
-0.721140831698115
-1.005555384906123
-1.249605482371616
-1.698339339356229
-2.233805215717551
-2.706541587936973
-3.143696881493495
-3.088668303347356
-3.183640763341280
-3.464232524585710
-3.772241858362872
-4.105573318641523
-4.808415178241821
-5.327861763124883
-5.686873241760624
-5.824904334202737
-5.767058547321625
-5.837645332804181
-5.746111998076525
-5.702964492962385
-5.456497787158224
-5.230026978315565
-4.985643960163461
-4.793518773090014
-4.818425815624929
-4.387546230982457
-4.362314539530867
-4.232957762371519
-4.035958648322961
-3.755120445664824
-3.694079195958477
-3.766916162765998
-3.756834678187812
-4.022108709558455
-4.206227912667271
-4.283380304139551
-4.329503462803950
-4.120815602999821
-3.951572834484971
-3.866662324331450
-3.888261867700396
-4.023634941985726
-3.934186358149291
-3.904227635949781
-3.491512239168924
-2.961112229190843
-2.856376092038922
-2.777555821504662
-2.656944551146201
-2.711271755634444
-2.920629488854875
-3.100781682725278
-3.004481172103835
-2.650025255411744
-2.486021375356480
-2.419709103851300
-2.364033832050409
-2.276991175713426
-1.940209937871687
-1.059917936859129
-0.318730774837494
0.451908582627258
0.858683321207690
1.141345217039676
1.518795473963561
1.686217157098681
1.713787775667943
1.755400354595084
1.966931385056525
2.223113246000211
2.829618336244663
3.104209283867528
3.440539072821722
3.853692301222619
3.755948000205615
3.581137103489421
3.869914215819077
3.999874033658523
4.056976237551237
3.865611872596209
3.771449679665353
3.702262130140421
3.639271709523748
3.584734785988230
3.707427761773099
3.806977921661578
4.061263189509088
4.119204788342414
3.663022036049790
3.453062750384994
3.239943853806100
2.627342734480383
1.938427387259686
1.359889527734645
0.816407247608790
0.470846040202955
0.238809722184855
0.085858780195127
0.058148461097805
-0.229634622266269
-0.501549145616341
-0.763413738834576
-1.080467881669730
-1.548168198593753
-2.093472645456604
-2.723403885054870
-3.037768604612195
-3.097713994428280
-3.432432505452609
-3.769195978631936
-4.223888680613807
-4.530435166315252
-5.284899675786760
-5.810398905742621
-5.992873364147884
-6.133625441687550
-6.056561434724538
-6.017044014789304
-6.158470382122601
-6.091023983899075
-5.835860869335983
-5.559988827812501
-5.244279064263686
-4.988458516564069
-4.876971269310237
-4.615707630680068
-4.682857367934941
-4.302573047814170
-4.031255307931736
-3.958888904531935
-3.967583508569538
-3.922196621215172
-4.035495206350628
-4.167202157388785
-4.397332214226291
-4.530995361470110
-4.541984147463594
-4.543191222038300
-4.610861739955951
-4.465012605485353
-4.272276922866491
-4.227649620701574
-3.869647877587668
-3.781713919757635
-3.573528295932632
-3.213538226866004
-3.084563544609303
-3.078064139162452
-2.767293523675980
-2.563582009229097
-2.693646909898207
-2.750976934746325
-2.676939686705714
-2.604505744462443
-2.536459996925275
-2.593376548890407
-2.578628164688437
-2.453923147819388
-2.125778063074508
-1.324747553777550
-0.490314291561050
0.318637241534926
0.658121242130365
0.984872566570077
1.338702555677367
1.343144673398151
1.357575008950445
1.605403088562013
1.724280461933399
1.976244077268470
2.295054999809920
2.759597686251361
3.170619141673670
3.682666363217314
3.454694097752794
3.583946679381515
3.751086894028584
3.730575814180984
3.852080390217185
3.691333777644859
3.722517133611591
3.766209826723537
3.880328219673494
3.856185411133647
3.910211767571478
4.026789118460086
4.200077151110970
4.151098169452403
3.830344955575031
3.697711037508393
3.245527010052625
2.689909571521770
1.925705623513824
1.383934164120235
0.823203669329957
0.710899518895392
0.526297613486359
0.404902180227640
0.438621656581493
0.217356515205494
-0.349223751029245
-0.718717718079129
-1.163781804441577
-1.717477569676648
-2.009443731530091
-2.599228922096800
-2.887706221775000
-3.306821564115382
-3.639484526353091
-4.094632147843970
-4.673844240821785
-5.164216338202973
-5.811080931296100
-6.241298298082963
-6.401504993340403
-6.404173718191865
-5.999668827778526
-5.915856368870833
-6.081934129577960
-6.089696236358107
-5.953795269144639
-5.717909015773772
-5.425175995530664
-5.205928282051738
-5.064509438561572
-4.953054571014324
-4.850715240726132
-4.454600460030438
-4.243109143189144
-4.213139366026613
-4.288787726038449
-4.243437752602779
-4.184938212606174
-4.453767058124300
-4.466742321043053
-4.716897423072099
-4.749790078271934
-4.854845236175184
-4.906245966769442
-4.834196544274164
-4.570552016908705
-4.212073321840438
-3.943079654681177
-3.903590922780209
-3.718873571876580
-3.520918643679767
-3.344712043390960
-3.200712476885057
-2.719752083082168
-2.452229134126579
-2.450936890216103
-2.457491265620065
-2.593698885047114
-2.759130879704287
-2.819166490726841
-2.780985255493636
-2.629354705883927
-2.394734669275484
-2.065416973809539
-1.389655025109552
-0.659558057503827
-0.000539354434776
0.534749243861436
0.853400320510765
0.990209191986673
0.986514241815333
1.099926665720535
1.394431351554869
1.678730827401829
1.889805056849664
1.913452391165067
2.403254279958392
3.000383773682432
3.375425748498770
3.342968973899267
3.657412770257885
3.728092972230381
3.761380692242752
3.844705631951835
3.803766146825669
3.835360314911699
4.003217489242805
4.027299122891764
4.119224005725669
4.206091163445653
4.273710968228048
4.307729024945353
4.217142698195087
3.978499853411498
3.704957174000404
3.183626188125864
2.601556618450620
1.948774255803209
1.553703332805931
1.101510737088782
0.984063668929650
0.891111864082539
0.909391736270901
0.766022568045011
0.359963726433483
-0.350100425987024
-0.835996293841106
-1.329876333974891
-1.748857129542730
-2.189182154245962
-2.605403890531088
-3.145232195733584
-3.647658445777571
-3.767911454411074
-4.342893095293407
-5.031957048519378
-5.708910826711032
-6.040862898985435
-6.438059808302280
-6.564685019735974
-6.488862152501944
-6.092057340461350
-5.770527096643071
-5.790116916020597
-5.965953851050747
-5.958710445377587
-5.909635262895014
-5.800039856538950
-5.581322542589658
-5.342874868024795
-5.291107934114173
-4.980821133502703
-4.836539102599342
-4.650006393885345
-4.651965209618401
-4.580026480526762
-4.480143882324029
-4.474416688899517
-4.538408779481027
-4.886197317643796
-5.136802228680379
-5.104995335340387
-5.167471101866012
-5.096789187372593
-4.811538534816344
-4.358024068912222
-4.191695849236641
-3.921604892309308
-4.044363067890678
-3.899414926652590
-3.824064712322714
-3.704674021996818
-3.140609645094459
-2.692629742416992
-2.424293678076795
-2.248949709507311
-2.390024856019341
-2.593161437771590
-2.721138748042161
-2.754169470206258
-2.636883481905385
-2.655448110688213
-2.470399916927077
-2.183846653312867
-1.722439055626910
-1.090964639303295
-0.473233551116457
0.264191723076850
0.558122269299989
0.525978230248716
0.544227704829265
0.935457869007988
1.214178621532973
1.548837784588990
1.738737228186983
1.779532983231157
2.134330542606565
2.724705616445918
3.155148172904926
3.473162786238702
3.806216895295192
3.590598180174368
3.669692444425044
3.833245509908508
3.915551899637999
3.837895739888610
4.077392382320223
4.250135280380484
4.433856126329657
4.256780191381835
4.249564358309926
4.129055003132619
4.114258891476450
4.016667708053800
3.633717915668030
3.276323320198141
2.613101522155347
2.127928534181482
1.721401862466237
1.410293815322786
1.128432050413032
1.007006668574157
1.010562198318073
0.803500774433594
0.190018745884889
-0.333450257812074
-0.836046961569657
-1.410458768659700
-1.876680777131019
-2.307328132751522
-2.809112480940586
-3.278904783532520
-3.940779594288450
-4.350335520973870
-4.649341456733014
-5.233628595465018
-5.814334661085010
-6.333021180765205
-6.780126084059306
-6.849719706170744
-6.634197102867197
-6.264710832272115
-5.934366018298874
-5.848342121735616
-5.959163450678546
-5.988408991699396
-5.964190032881288
-6.017909259621741
-5.681683832518726
-5.516628086779217
-5.459822871110338
-5.227174272466422
-5.027459903518591
-4.744915799673930
-4.630120358096859
-4.642898642997714
-4.562106185449852
-4.570586191336991
-4.815225611811470
-5.322157565112481
-5.463984885074911
-5.427632687546526
-5.406834885011436
-5.228875742790066
-4.811728587259034
-4.204176171949092
-4.042684749759940
-3.992498152821746
-4.240062008097591
-4.174351334588271
-3.933367764420552
-3.610893897991562
-3.088558799617153
-2.771904452976116
-2.539138651036069
-2.418421204019875
-2.507104884036282
-2.642387459316224
-2.618637961624522
-2.654759925848935
-2.701610071495097
-2.552056923324271
-2.563164358401543
-2.493272759574058
-2.097685812684762
-1.554504040364872
-0.736452307519778
-0.181731906871980
0.079998583122155
0.295867085112679
0.584195976508357
0.800680875491605
1.000488760144338
1.236311718961215
1.467339693329266
1.592250654214358
2.048527063703363
2.514963814363476
2.995009289305234
3.470316859192723
3.645212198286133
3.621957212319596
3.664771177554872
3.518284958478377
3.815131514717485
4.013707547629130
4.263277891780864
4.320126173298377
4.131490177773870
3.971350027402245
4.107066708396649
4.097691716033420
3.792158831368741
3.827315537373305
3.544276325095451
3.278265026795317
2.799748356456597
2.482594517784368
1.885927467808135
1.370512196965410
1.127326340542944
0.864623973785675
0.781309606456500
0.508400811298209
0.148058892299382
-0.210769688161895
-0.740745603963375
-1.415980165894626
-1.865297439038997
-2.189024379947170
-2.756255377927733
-3.318469334108858
-4.008916656500324
-4.519640952451399
-4.961649317430927
-5.596894877499684
-5.967843832968113
-6.292238770814336
-6.574866286020839
-6.668830441702012
-6.633082198160677
-6.470487233123580
-6.426117551402437
-6.099188862423516
-6.045020331237437
-6.035152038698025
-6.064530097791296
-5.956190216344162
-5.718741445222314
-5.578218349221039
-5.275122167310300
-5.203464191642238
-5.029355929321984
-4.990593687069473
-4.763132690745164
-4.585206560330598
-4.657903160195787
-4.742339549547382
-4.872759385880697
-5.414720298077176
-5.741192360514559
-5.652100334372732
-5.457683033872009
-5.081646697889855
-4.703609561296411
-4.298305357840174
-4.189246441874048
-4.197073409968715
-4.302171253100233
-4.172757824105458
-3.814407232035700
-3.500153696551269
-3.336930555479132
-3.030643421969398
-2.913315278547304
-2.916444348114414
-2.783781454173203
-2.811842178892940
-2.706496645205551
-2.632973477642403
-2.539812055922379
-2.433058299059975
-2.358790961701166
-2.491468993264561
-2.405530357188191
-1.693307419624859
-1.023230705012026
-0.380471418600825
-0.048194210864435
0.093607036340065
0.388665091544871
0.600974766730797
0.899026907739151
0.946742638527185
1.302420054406912
1.679061049055093
2.059734925954650
2.591523018243347
3.177640105840640
3.242555853049795
3.329433145530072
3.461274816734676
3.414491080468293
3.436076425083399
3.705598641923828
3.954385410739511
3.966737436648113
4.076018744838287
3.793062482931807
3.711770415056382
4.115195817185920
4.167342293496144
3.865066163882323
3.496131499798021
3.343337544763683
3.227555881321271
2.869803811859422
2.227137055359056
1.533479730947941
1.072128452178241
0.577114034632062
0.339654445267317
0.165574675682634
0.079824791570728
-0.103314828040311
-0.519075803880513
-0.955995732956313
-1.341460080808040
-1.880280731912849
-2.382463557572096
-2.890579381106047
-3.456895172427247
-4.100924582713517
-4.573845455047815
-5.040492940005828
-5.562352275474912
-5.918660322129893
-6.092038580961137
-6.350135624299467
-6.459563947813260
-6.481433192337241
-6.461287815232112
-6.577880532841826
-6.382707824525911
-6.083197738634111
-6.020176927972465
-6.127738071338348
-6.104409788330083
-5.879577824231810
-5.657894263100499
-5.434376094663952
-5.321056696186274
-5.244401855708378
-5.330542220259308
-5.202187962824055
-5.007372975944486
-4.881798251494807
-5.001615946813242
-4.983390033431067
-5.420488099837076
-5.857981206878174
-5.694871305807884
-5.388936184358831
-4.894206175958278
-4.579987356491347
-4.329619627376479
-4.212462265449751
-4.293827958921592
-4.315953212707205
-4.214506939842303
-3.744335807038005
-3.680872395725166
-3.626866484052362
-3.567818581349299
-3.279786069121083
-3.177556233497099
-3.114126729200025
-3.080392957856354
-2.699134795796961
-2.636427577069710
-2.539749122988832
-2.568658212290009
-2.439273524636454
-2.447695149434602
-2.489942514092662
-1.780808517527458
-1.074233768446134
-0.534835499771230
-0.305302612297583
-0.161560788358210
0.140018512857629
0.568425304661107
0.996331836692260
1.006997512082501
1.455917460109160
1.894718265171605
2.353475899485160
2.849648724536029
3.127495536463148
3.051035022264696
2.989557296680852
2.946759120611992
2.987397109830915
3.167771781522611
3.296203021568635
3.521651399989934
3.625388953823970
3.881829383700632
3.727210114839340
3.677828438663556
4.040192895010104
4.191453413239566
3.877934458017835
3.436538500741427
3.057831343986070
2.998549420224518
2.519342764278111
1.787212873622747
1.226193593412024
0.768655768346526
0.329721001272188
-0.145969874669203
-0.410302881216750
-0.560092543926038
-0.671515508905056
-0.931380091856908
-1.148168665285977
-1.520507928559373
-2.116427340851618
-2.517753278330461
-2.939676610628085
-3.581284590543242
-4.074588071100804
-4.450539602322370
-4.994284425601209
-5.378699436605189
-5.627796513006279
-5.973481532899652
-6.279425496580255
-6.285296786766059
-6.450591564840773
-6.518781965044006
-6.716682937992985
-6.595291035595940
-6.278178891192553
-6.182427495583992
-6.247861599876168
-6.089607247615558
-5.882378749852284
-5.756046987242303
-5.579654696561560
-5.469197905063993
-5.513668301936647
-5.451885495662920
-5.312006243892202
-5.054522042652229
-5.228662354672023
-5.327954379958426
-5.314066526919444
-5.355802805345470
-5.713604522320164
-5.750104837608710
-5.422455741376528
-4.959079523761603
-4.719871282906849
-4.236851380339465
-4.180496077012409
-4.383102319639860
-4.469139853346377
-4.583419808389751
-4.353068961206704
-4.284251761883723
-4.180866627442676
-3.854010012703126
-3.660665992206643
-3.348606095846928
-3.181897631384184
-2.934271381392249
-2.772884416562289
-2.842160150622866
-2.575575944934607
-2.501405591326689
-2.380086145910560
-2.308760178036761
-2.112053772112242
-1.742142389522834
-1.100467900033963
-0.649292364498103
-0.563708206620723
-0.118516652968253
0.281837806501944
0.818457902003699
1.136074172132720
1.239650131092075
1.373582725758971
1.697874797298094
2.244781971816214
2.656730246589970
2.845392818639954
2.567897999321728
2.430381320000653
2.467636784724734
2.592527748230313
2.664528522365733
2.834142843199821
2.977628697714038
3.368294318339956
3.661719364286888
3.652693118610236
3.934423460860502
4.106701004741984
4.136303126543505
3.893466670492569
3.511602334514974
2.898338728124289
2.781777317724621
2.368785132012680
1.651587825596414
1.070344925497240
0.586146943684573
0.248788232132884
-0.147551358263115
-0.677523869868446
-0.905454914548713
-1.210159680363117
-1.487955693690029
-1.750830159157226
-1.858708630522732
-2.207697889041286
-2.528297864041642
-3.002085993472712
-3.569875762258376
-4.012649604641513
-4.373712642136254
-4.751513899413647
-5.071762630054489
-5.527451610571743
-5.831116106437329
-6.075065500016416
-6.170107640120603
-6.470996983788910
-6.692373455424947
-6.808381045665808
-6.771121893616011
-6.672112570627952
-6.379239097790732
-6.277902341650218
-5.894378924461528
-5.538609259610028
-5.616452823624767
-5.494442397349449
-5.285538979856772
-5.414147775270423
-5.432557018407081
-5.337105851678987
-5.198385258968296
-5.498789111321213
-5.494665728638142
-5.578665700528731
-5.524982138425660
-5.713310884982900
-5.720704655428701
-5.475905767748481
-4.921732321006862
-4.691695728729206
-4.515123900914046
-4.483518010359064
-4.725928553188346
-4.888235912501789
-5.137646720018218
-5.160005524097957
-4.992952076578526
-4.638476462309272
-4.050394722815537
-3.715295578852253
-3.500283213064050
-3.103526490580699
-2.901177582004563
-2.944695225679134
-2.966294598563713
-2.495724401761304
-2.163866526003412
-1.988635886184826
-1.820758203240792
-1.539460230406214
-1.272668185474880
-0.852585682641863
-0.596526564882961
-0.499824522467161
-0.202724540147399
0.559475324586101
1.144156593632547
1.243302589643209
1.277887227045318
1.436382564374041
1.681747037729244
2.118142397696360
2.683891458198683
2.686028422371660
2.242361188704210
2.135683823485473
2.118348279968674
2.183179368135626
2.229391407200767
2.519115728855618
2.633092903561454
2.905169527196793
3.296973431453250
3.645892035520957
3.984955026941996
4.120478677271953
4.175173331373615
4.087027937202193
3.767772918575576
3.044072706280459
2.747337784577337
2.158876522933299
1.667019859705358
1.196130218546810
0.514137077347439
0.035790709016998
-0.424420360400149
-0.848404224051906
-1.224322178021826
-1.615196874490477
-1.615963412075252
-1.912531434433931
-1.937995454828215
-2.150872372086131
-2.489156803772290
-3.052084678464448
-3.716413336709078
-4.141582091689488
-4.279826958949457
-4.381940448049024
-4.680288985251472
-5.377954541889377
-5.658872980152124
-5.791257956735789
-6.049794641881890
-6.455722339331735
-6.733085622829933
-6.819186500892553
-6.815606372270197
-6.886861537084624
-6.480524845555085
-6.224531940336143
-6.028612353866585
-5.708031495498757
-5.619367503725186
-5.545352060329688
-5.248072741137800
-5.310739058569577
-5.463401019011508
-5.443515139435894
-5.370913188224430
-5.586205886510657
-5.503251680971735
-5.431709107753055
-5.527938921074520
-5.503179875160069
-5.322045450383524
-5.179824737519866
-4.853833375782895
-4.712430903463201
-4.787257516000376
-4.865400883825767
-5.086656016873314
-5.278520195068555
-5.542000814018423
-5.458584455267444
-5.147286547256335
-4.703882431401562
-4.376265571912784
-3.903429122867982
-3.538771353199059
-3.218048427320656
-3.058412859953397
-2.882456247712995
-2.746375828666660
-2.630029247402804
-2.237499761193285
-1.832957707913277
-1.703193019449790
-1.351916506622526
-0.925051911520056
-0.581233120840424
-0.228985913306258
-0.166367752802954
0.133360894824937
0.917904542519100
1.392414047211497
1.610539786990140
1.606309907234381
1.760506996496419
1.767016237544877
2.128553811708229
2.597361497680925
2.482791931804072
1.915196530205317
1.700060259187395
1.767604021513520
1.909629403416469
1.880767949350292
2.256086671506229
2.513606570838291
2.563706128465634
3.149655180086028
3.531159657148020
3.907863723595702
4.185936541531402
4.358704276640416
4.143801105824862
3.801864933969201
3.274979740670550
2.690891776002328
2.045413142084070
1.664242706660624
1.366275946841754
0.640301232943624
-0.202759464227616
-0.658389422088302
-1.001313219047734
-1.486083610320333
-1.732372605368425
-1.757581525330879
-2.014480368086601
-2.023998311694166
-2.402109450485067
-2.789503554906246
-3.198118181228041
-3.704129587922017
-4.104277723947998
-4.334209931848032
-4.485250932117652
-4.852113727409948
-5.462075344784121
-5.730778753091135
-5.957070120164913
-6.014759613055540
-6.138775814412270
-6.365161271461262
-6.520029650886488
-6.634934330037569
-6.600133285380458
-6.480282080082070
-6.227428535191496
-6.012007158887216
-5.953087726404316
-5.928451795218633
-5.796262203356601
-5.511715719042581
-5.251771164590650
-5.387887672095133
-5.441317772082302
-5.349481515265449
-5.324536455039509
-5.309792166997689
-5.165812001348081
-5.091021126484169
-4.962525936488770
-4.941758336038553
-5.040684577705467
-4.821737479017727
-4.956654608291922
-5.100500157265689
-5.297236613231496
-5.411119792691203
-5.387216807228315
-5.398576017885213
-5.186412686683818
-4.943356121760617
-4.777535600165423
-4.387145130877983
-4.015571743639788
-3.637896960248638
-3.316848963244974
-3.146318967778424
-3.019591840362994
-2.960920802451708
-2.684686092997449
-2.282101451838358
-2.002999642147061
-1.901714764976817
-1.423115161702244
-0.837446745705327
-0.301661929308789
0.133399736112371
0.250276692094088
0.524970911473652
1.169618991017412
1.716689242063570
2.070590638934911
2.006728874526478
1.972943487712802
1.968959994870328
2.148962854293150
2.183908718236930
2.184225195890271
1.670672019917878
1.774545421488011
1.858510883804103
1.913360384732608
2.031547199402220
2.276753819427533
2.443753363671876
2.784227365838332
3.148113334530923
3.274592341624746
3.714914314229167
4.036850824584037
4.038880177400529
3.877282662256504
3.632812308498246
3.244275046337684
2.751772318192967
2.129644918720881
1.663512162902482
1.202822739496771
0.440134525644197
-0.477956627223737
-1.009458717466182
-1.358592368157498
-1.915193992535192
-2.247014023016226
-2.332422869342882
-2.508024899282264
-2.660762085033388
-2.963920463370564
-3.189697235755227
-3.514687667510945
-3.641201248739934
-4.007962631314405
-4.478760774940308
-4.697134516500509
-5.087348283490889
-5.616360013213329
-6.015648068532141
-6.016630359561594
-5.900791070440988
-5.998291595469274
-6.212189317500084
-6.462448922111101
-6.508375935211599
-6.569072094013169
-6.458113287477392
-6.288663340799360
-5.993687619478835
-5.863245910001476
-5.693567666376587
-5.658906801168253
-5.579049910598419
-5.297129077806499
-5.256555268460437
-5.275719996327846
-5.247445620210430
-5.007029613607304
-5.033551049416450
-5.119601317649429
-4.908089829846965
-4.597398983858573
-4.596366239540035
-4.989436593506292
-4.923065319727471
-5.211616353971197
-5.352646063198422
-5.409663085010409
-5.564758960366354
-5.490111957946294
-5.404545573812842
-5.248776278865225
-4.956934754660236
-4.540822777826254
-4.267776964963863
-4.218279887475328
-4.020795189748224
-3.536995539832425
-3.227231015543231
-3.100447256549369
-3.045297199325115
-2.792203662028253
-2.428044111537084
-2.148422724635786
-1.713476629030627
-1.244287940958732
-0.660707568234090
-0.315229898858709
0.088306225048799
0.346578815631906
0.726425764479698
1.427924231494032
1.944390974728708
2.179427471882713
2.330684806472931
2.258976760463369
2.030323697008561
2.104844955435444
2.244352221006156
2.022062503454915
1.836636945105201
1.849398814729517
1.912036819672738
2.142132326917023
2.318284995829145
2.285099135163175
2.608406353548993
3.118437496830757
3.249341377817985
3.261464536347956
3.425071464736734
3.688962048560648
3.677333420292131
3.599478927916350
3.494215713768211
3.137092750810455
2.641553095279846
1.944198312039003
1.473996838345572
0.847989501199254
0.175738957664764
-0.620096678681169
-1.213910846803560
-1.883902281137360
-2.500415231498125
-2.854029747919864
-2.987949214582003
-3.149861373663224
-3.557769872710688
-3.800068823129787
-3.886064904282064
-3.843608747796137
-3.982160968882743
-4.108428787803308
-4.461527878032050
-4.918313752011419
-5.505631144916831
-6.057700804960726
-6.187847991300621
-6.111395620367523
-6.117521606705409
-6.305565217434145
-6.499587655502486
-6.689273111503703
-6.743828256815964
-6.874455545411732
-6.769675655982901
-6.595554891660813
-6.261540810324241
-5.920015080460692
-5.659425562679805
-5.463651016280788
-5.441711394877945
-5.302395190135740
-5.097753063696634
-5.102275263654325
-5.104946340920016
-4.746877314608946
-4.721929539850494
-4.816586680174185
-4.709724742227282
-4.471945564831564
-4.478581990853061
-4.766983470239150
-5.071811482297775
-5.221358772236412
-5.372092766847296
-5.378022720452585
-5.416523968900701
-5.439981386021177
-5.490116382471022
-5.301442769632921
-4.972535489120864
-4.621658236365171
-4.491795601712695
-4.361142246020064
-4.002973680949485
-3.781290148872779
-3.474234255308139
-3.284926633138524
-3.082943077893800
-2.799578502624160
-2.672331782104004
-2.503567137049595
-1.784609137391743
-1.262036521543967
-0.793278614466117
-0.268960674038161
0.172118613773066
0.652246246288859
0.961174548824547
1.412409659838289
1.912400916504083
1.992353208536636
2.211149837480981
2.157750201446938
2.035321319171953
2.192865485180573
2.312425757972699
2.101300879879038
1.873438563272730
1.744997097920569
1.807020433117654
2.037502694895831
2.137769214724348
2.337152223780417
2.690080328210745
2.989021813028375
2.965098309153072
3.139896159135654
3.193655517131361
3.233235921472428
3.340671621456985
3.395424634157883
3.241684397195639
2.964681768382710
2.489004216733786
1.927375616334800
1.198756115725526
0.547123334740363
-0.101878020129720
-0.843555110842292
-1.528096905763137
-2.128033322730696
-2.758419857719473
-3.117832960939536
-3.356746785402616
-3.772712737303807
-4.160006916494446
-4.223565669789923
-4.010049960803815
-3.905880603492350
-4.119037335825826
-4.226206798183553
-4.375068722257002
-5.041075128732660
-5.782436969143925
-5.954931226698254
-6.116996741531816
-6.157790663258467
-6.173643029435264
-6.538281635890590
-6.728223962776035
-6.933943907477031
-7.022401971207095
-7.137681558688665
-6.989224115286387
-6.727473727316927
-6.412850202420158
-6.129476256833203
-5.829094582694077
-5.495326774729106
-5.273937528548370
-5.170607817036484
-4.917443953455586
-4.939242859949266
-5.001246484120550
-4.865508770188947
-4.770115078479228
-4.680866280925624
-4.568695767120404
-4.346261163373017
-4.341439337508773
-4.616268315715280
-5.034810088736031
-5.130761232075440
-5.246646298302973
-5.268837777663440
-5.390748006845128
-5.302777424180507
-5.271051566268548
-5.227932239282478
-5.072685817816044
-4.756107728238111
-4.727621762605501
-4.568924084026624
-4.044826576051406
-3.903658947137460
-3.756739432950071
-3.618391001872725
-3.459088053543743
-3.107359024481474
-2.829112773750638
-2.616681988734231
-2.047607873660918
-1.573612197917548
-0.940740038531917
-0.235372374311207
0.063397805654991
0.540478786236627
1.018825821289426
1.337525861348233
1.644468662104578
1.772659392846946
1.986937351995969
1.942756595361064
1.898017918691333
2.337473657615620
2.496116790017842
2.164579493528485
1.747545390072286
1.618927786090048
1.702120418376411
1.813540253407676
2.019867373735306
2.301279179189713
2.629636098402001
2.719497567233881
2.636564223358206
2.886386075235339
2.893257591705090
2.963601836939379
3.027197292471679
3.091635280461465
3.224665141620499
2.922283234764209
2.412848018264455
1.736541495271443
0.949678127483984
0.190174322902577
-0.476161898355588
-1.027226328577257
-1.676974102787923
-2.459970154979267
-3.090380720741244
-3.518672982693471
-3.799245870284800
-4.044226228075838
-4.254891504636329
-4.251427714392447
-3.887684795625295
-3.941216661568073
-4.053101129301997
-4.155243022062267
-4.543705654900273
-5.030926447281978
-5.520085889926494
-5.857205210987876
-6.093332476513295
-6.077883201175279
-6.040514544658558
-6.416263945623562
-6.763837126795567
-7.060966715671628
-7.005909354068512
-7.065212064496791
-6.991403105203478
-6.814646780085467
-6.452584828697727
-6.141710587994969
-5.918812928206329
-5.480351882679377
-5.269525673570719
-5.231866106760351
-4.991876971514264
-4.967703732386963
-4.853249780368947
-4.778862554072402
-4.650321541025458
-4.514485521306759
-4.303743495025841
-4.211903957115528
-4.190207608869119
-4.424847908866612
-4.810102262995079
-4.923744716005239
-5.310090479282694
-5.284910390208126
-5.240561398765671
-5.146600995771275
-5.014309854770539
-4.989915076595691
-4.968292324128096
-4.758520521431941
-4.670243293109255
-4.460735540146891
-4.314633084998576
-4.266290955172140
-4.132366728507943
-3.996126822390166
-3.727367864561780
-3.364971205238354
-3.086739591932107
-2.764783682345969
-2.279693759987044
-1.845279746584107
-1.137573365177260
-0.518656005280614
-0.096355251818991
0.322447681543479
0.861723070122336
1.231177779536383
1.419790250442194
1.834120545284643
2.000881794920716
1.810484173349712
1.899181787572066
2.038324934426966
2.154865125366612
2.020949569395208
1.549731141651684
1.504267094184685
1.666205188183258
1.875532306449356
1.986674111162906
2.051088027871822
2.350242675644382
2.394401624140176
2.394152022985167
2.508286521507041
2.501834313476543
2.663195312510522
2.809203827469585
3.000033985710226
3.092173330482817
3.020431538903153
2.373272526145989
1.576865933105551
0.733074229035831
-0.043650520903786
-0.825231163167572
-1.250647228985174
-1.898665696576162
-2.778433961258013
-3.387700416979767
-3.917789295475919
-4.227024142218951
-4.243796495305398
-4.076347954950929
-4.002789804042439
-3.823716129972480
-3.722549197834038
-3.763939601476924
-4.014641941777952
-4.471335989814458
-5.008502075021656
-5.359619823682602
-5.690886785922175
-6.079602207459626
-5.863365296423233
-5.894558899394313
-6.356397402704872
-6.680677711522343
-6.760916576144346
-6.600654404309167
-6.974528180331600
-7.003866101792161
-6.878852043151133
-6.514463632413401
-6.269130016197914
-5.897048405898652
-5.532426708542874
-5.258406473791673
-5.043178835729996
-4.982182129314038
-4.923456259306422
-4.921695803075609
-4.920362446048036
-4.781607414350916
-4.566585210186455
-4.174433988320165
-4.200519998853102
-4.250740323137884
-4.239707898041602
-4.389940688610043
-4.762995491538469
-5.271685550730783
-5.440146448677331
-5.356714302738231
-5.300202934036713
-5.322626452238209
-4.967157140176367
-4.829214413012171
-4.622456774931609
-4.435257391609743
-4.468194131924692
-4.625228681923246
-4.682916519351223
-4.636842444316756
-4.368445980396817
-4.193135471279333
-4.097110259569140
-3.608142287314701
-3.143883842159204
-2.445145105832181
-1.868143462555231
-1.333010842984558
-0.794269229131135
-0.256799738386818
0.306170033417631
0.768163910813162
1.224477425924376
1.479961188232173
1.678576757157651
1.847793056902181
1.772483521405274
1.782816877620006
1.776410771368236
1.860477182933254
1.671724891764510
1.843587288803779
1.836523740597753
1.841737581437307
2.083088529060732
2.178369304995949
2.148425978322418
2.268915774457673
2.275829659890346
2.206326305619882
2.378586660830514
2.297276459054848
2.754490800840182
2.847916620275272
2.821762645137842
2.848377156366040
2.694612655248378
2.354883243679993
1.503410004110179
0.750099977795828
-0.022130597810645
-0.736219423447361
-1.239485576737863
-1.975847725543538
-2.791009320488368
-3.573593538056043
-3.996719626053979
-4.319889200318754
-4.313812265665606
-3.948487855956097
-3.676990358338459
-3.713076991334549
-3.610594197885815
-3.696168021287837
-3.909228205351530
-4.210686740755771
-4.696630851708826
-5.139256940513807
-5.530232994297790
-5.891656940306985
-5.784435629098890
-5.655618600216845
-6.018637459969921
-6.289722274050719
-6.355262224153744
-6.401123573251208
-6.856600439204670
-7.079238148194001
-6.838019618085164
-6.538113023265053
-6.169465513393987
-5.776392836416278
-5.476184834189590
-5.226429943833328
-4.801790799018943
-4.800061879675402
-4.937690109184348
-4.981444315441072
-4.938410291066345
-4.747640445471146
-4.558330195298597
-4.242391195796743
-4.226414692688484
-4.258891064274082
-4.305442908992284
-4.538164647950432
-5.077080456959016
-5.367911478966559
-5.681135760942150
-5.564210570026233
-5.647911414275594
-5.667857461791485
-5.273538365255417
-4.798779637848891
-4.573539758245708
-4.479956453580789
-4.720136582600651
-4.928980274867232
-4.974510372355318
-4.925986379837632
-4.507620973405776
-4.283750663835907
-4.182510371866766
-3.823348983363089
-3.467784792929661
-2.771630944318651
-2.097693973868115
-1.664073289768953
-1.054916388918803
-0.276403689071767
0.425609841008055
0.964235930784435
1.199040336912410
1.366089212870069
1.656221022575328
1.945927796447229
2.132912033578553
1.950436855706639
1.708428974476235
1.935214643428545
1.893034983242823
2.263038600988675
2.204919362887334
2.188944664049145
2.238621723643557
2.294039725638717
2.122706109070804
2.099553888408779
2.169318427309869
2.143910095088476
2.136498588537031
2.249241334015340
2.632783587338887
2.808363408885616
2.740814812364685
2.572480181454871
2.473761391654538
2.234198226493778
1.651085086086596
0.666258902429522
-0.160012859180914
-0.622209283443979
-1.113804612644263
-1.970825563773076
-2.739752071235926
-3.485994373433517
-4.004139503130666
-4.067865393172475
-3.998370571510803
-3.921379513692567
-3.771115585109621
-3.677016760956073
-3.612484687253557
-3.735619845114654
-3.917624063938045
-4.253658436557891
-4.598940542810934
-4.956567991886579
-5.404442314052402
-5.595389031455144
-5.644179256490260
-5.574932665161832
-5.752952289917985
-5.917779228908748
-6.060422919574202
-6.293788724178029
-6.511587952696426
-6.718741952604587
-6.473226631990165
-6.389306147816621
-5.999446849799794
-5.469713525321517
-5.032906753310694
-4.980564489136049
-4.885098926182541
-4.746997256476957
-4.777606695121473
-4.865800507252946
-4.832499069524645
-4.783150244887961
-4.493524029969612
-4.228555958109176
-4.273456016298128
-4.325065642710257
-4.435658288294485
-4.951771704985568
-5.510975822404793
-5.807720595177423
-5.932411166174228
-5.925948504604997
-5.882163456223491
-5.658858330399752
-5.333500864418663
-4.832044061864968
-4.699464866774043
-4.659877541465366
-5.011288167452996
-5.211723426940120
-5.214721239468072
-5.140139564999128
-4.764850216885747
-4.476178029547752
-4.124337326064274
-3.805754193892015
-3.397509241530081
-2.869903937034451
-2.245391087984110
-1.744373585348676
-1.254517275069471
-0.615739482676179
0.130526255097065
0.752633852928798
1.130357617282806
1.535742578812308
1.860372021974469
2.092456996892609
2.165103901126643
2.164070683080035
1.997680014978331
2.022910576487684
2.196636302780051
2.156813683833048
2.267575238008736
2.222346580405252
2.200374260597482
2.168603511484134
2.033559164580044
1.913982452457405
2.028080322615016
2.032967737329705
1.763357558189700
1.854018302846803
2.195261670836267
2.501025660672860
2.633718446352271
2.461521296351796
2.203800633966883
2.062641186117876
1.494158774860326
0.532654848154384
-0.242999652913757
-0.811774042983113
-1.394537337104476
-2.120452315451753
-2.815280326920712
-3.445124410844915
-3.814523916939764
-3.813156310830306
-3.956475976087755
-3.824479560634270
-3.733719542144075
-3.581584722378886
-3.619185182627824
-3.695373006573143
-3.865412577854214
-4.133854475856051
-4.422741849696644
-4.816182479744533
-5.192063825491107
-5.371792689002464
-5.471274164919940
-5.410956342243332
-5.473553623936583
-5.639977536082840
-5.802540636961643
-6.044361235334370
-6.168085113953933
-6.273792069176316
-6.197092954111831
-5.908445650951261
-5.601493576037570
-5.383456644509272
-5.163548729458465
-4.903887280027840
-4.865234473513308
-4.847141369464653
-4.779313686120710
-4.773442237025386
-4.775928092814188
-4.631416875984255
-4.546900484760548
-4.466692097754724
-4.626963604930058
-4.729179955055658
-4.864153864439817
-5.089637029437469
-5.644158400104030
-6.110566757815463
-6.242581844908926
-6.313321007311989
-5.965709162137394
-5.658708423067329
-5.304944976018530
-4.960517637463470
-4.810234591264874
-4.784802742572611
-5.030688872031718
-5.215698436061613
-5.226657600650779
-5.071711462822736
-4.731313860027271
-4.327494837193997
-3.967694776413745
-3.659919535062506
-3.257313208869129
-2.681883788759622
-2.167525816147445
-1.585574657109627
-1.227493493430145
-0.734652499901453
-0.256384707259214
0.584904189862494
1.089767057737547
1.668155670133828
2.090342718906010
2.168336381415920
2.119899567496167
2.043023283132181
2.172800885363392
2.247136651395511
2.190048537667839
2.273889571661863
2.379423799218248
2.244683480235500
2.136603270105403
2.061411301422234
1.927502223166455
1.634721639879939
1.779112197139815
1.749737943004881
1.528817692680056
1.554825493143582
2.047661981377343
2.243569819877723
2.312443679611328
2.237702441861468
1.950954109186446
1.807191349128160
1.292704769958919
0.381984223029373
-0.551543525726657
-1.235631143692888
-1.601475382508525
-2.046265652803027
-2.726368598161307
-3.079274164426689
-3.348136596282465
-3.661241488439688
-3.947010410762409
-3.773160125756043
-3.784313464612967
-3.665449932780060
-3.784615337766402
-3.990652472339364
-4.202249251508916
-4.303293552184351
-4.461129381005405
-4.995505366988118
-5.083315491958502
-4.976149257971194
-5.060225722452854
-5.002935704728304
-5.207043616042736
-5.181235644897190
-5.370604728782070
-5.680419702112117
-5.791477964036348
-5.820958007805891
-5.732514707246951
-5.610934246595602
-5.441039836341965
-5.486462821764388
-5.191626055934426
-4.904975655512799
-4.916180238184272
-4.900378978597931
-4.726312530652300
-4.661488015496752
-4.741316620600004
-4.608550645053461
-4.490215391881867
-4.659073043167606
-4.956154041786753
-5.204525239464647
-5.457965342156298
-5.729996989662927
-6.049942952069891
-6.284432800903000
-6.416724394502238
-6.435902492096267
-6.074409976520684
-5.580184453345087
-5.311765110512087
-5.142878546875348
-4.917596331629772
-4.726221644742383
-5.098927123025589
-5.237314458821275
-5.041326990129671
-4.765326441336070
-4.414838328800565
-4.150359077552513
-3.748333453985917
-3.378864432204298
-2.804673392490886
-2.328333703454531
-2.086876526169406
-1.608769152776112
-1.223331611632727
-0.657268424689075
-0.273143335508427
0.285298501674546
0.988230283447596
1.579779260620884
1.909188906883370
2.156388153061362
2.122807225776000
2.024692259806782
1.994187780774350
2.057767771268420
1.953279730257769
2.351784743612401
2.532312692075625
2.518293427639854
2.361656787386117
2.166334875995874
1.884425358178945
1.594596802483973
1.748017899355059
1.757123967360382
1.584973559020857
1.661075836155482
1.882615268311118
2.083536511421689
1.921526725500613
1.782043982846537
1.620276215653109
1.395261513115817
0.977757319660357
0.378420247867196
-0.516350101650196
-1.210336610107087
-1.575208719915341
-2.021323912913989
-2.485389552629616
-2.679904693392453
-2.927313056184230
-3.448372241727278
-3.669906376918504
-3.743666857913784
-3.862822074132014
-3.937065914142978
-3.866907853322287
-4.079293450877501
-4.160092394428236
-4.572439822634898
-4.758702560337388
-4.943769545412064
-4.936119348708071
-4.683488803118494
-4.656732323163574
-4.619655663547696
-4.710597742807312
-4.845282647230058
-5.013512553147964
-5.195156260972675
-5.268718010757175
-5.257051128552013
-5.313221095302945
-5.239652308233834
-5.207394628931715
-5.274401846282870
-5.121012366698123
-4.967792001900347
-5.036662231426787
-5.051571414833179
-4.790077174524597
-4.550526446519690
-4.462536117971494
-4.388038937878243
-4.367726484636513
-4.603934915458706
-5.136387963758104
-5.526037594084191
-5.822192953296251
-6.052955226816578
-6.225708862678990
-6.292232234103588
-6.262536010926667
-6.262770776538926
-5.935133885731909
-5.673761653238033
-5.305151245910837
-5.277550496730883
-5.143647941201764
-5.033120218239308
-5.105777067517387
-4.934100982919220
-4.805120667745731
-4.411561207741002
-4.199192247878693
-3.799166406782507
-3.258376763147897
-2.930325180074218
-2.400732798579657
-2.023520819121623
-1.803726075250937
-1.488052737780634
-1.049168423152977
-0.688145646693122
-0.310352666305361
0.277376588575743
0.720956241831565
1.187424488315233
1.575756833892261
1.919462543225350
2.005495993070783
2.010967477053053
1.816544605373124
1.886254635664075
1.885609800311005
2.240761351190425
2.589139021453367
2.572478904220576
2.488514491820125
2.252028750480483
2.012442882768130
1.773070043223604
1.750808069855461
1.807453486499141
1.735016600454975
1.550468626117767
1.365345964175748
1.461761147612245
1.439332926700700
1.270053254605320
1.098331042410401
1.012727450233406
0.961777148198284
0.370265447492659
-0.424699922399459
-0.985550166196634
-1.426411651889183
-1.867058676794256
-2.417873300157170
-2.500736414364301
-2.711412352321925
-3.063391559975841
-3.271170817066401
-3.492991850404570
-3.709913411539448
-3.785350931708391
-3.934944224515222
-4.015846990860950
-4.012881114355086
-4.413418717795062
-4.477017041984854
-4.467881859206803
-4.457354544486027
-4.317454829170574
-4.338181447050101
-4.209087520691506
-4.298233959858320
-4.376803131470378
-4.544643542563549
-4.714516118933308
-4.839757445077745
-4.998451842820137
-5.168860509955830
-5.050278516587221
-5.068737792112944
-5.335242628747090
-5.439468470932773
-5.356205549472511
-5.090027933624387
-5.012512411362875
-4.778207984104768
-4.617238116363684
-4.402348436869324
-4.339626745748869
-4.198997438888504
-4.441971049102388
-5.025044922119044
-5.805043329276884
-6.026176080997652
-6.357534480884279
-6.497060486862758
-6.358768538593437
-6.041829336981562
-5.868757699395366
-5.873082354352263
-5.697487404468094
-5.460398666149103
-5.364720275173621
-5.187405089039792
-5.318078792739912
-5.059392279499461
-4.554873017565540
-4.313422799007210
-3.965288372237877
-3.798982873324824
-3.335017253224270
-3.028460929882542
-2.483962561902190
-2.130420459986170
-1.640670691768716
-1.467931637562277
-1.312882930313416
-0.839138997996588
-0.676241630756746
-0.224437197062056
0.164607641580107
0.340834962985045
0.864490443904049
1.162868542615612
1.403312682511291
1.765362355166367
1.738982824887206
1.743868788565795
1.834145076244103
1.756684534695951
2.276388823093493
2.600418762666171
2.672396694839100
2.488671883748576
2.082003734628809
1.836317772502496
1.583472019701369
1.817095828671917
1.953437690673236
1.821573497246169
1.439217166195916
1.116313086934627
0.987837835868272
0.802049444963508
0.673092160030926
0.597666425058849
0.719020443778582
0.821307437005733
0.117715124316217
-0.535719285816716
-0.641797704606198
-1.053723618259864
-1.832841621654738
-2.174576887060557
-2.245390542824848
-2.421930987675899
-2.752562812294815
-2.927580545038763
-3.145075479133538
-3.470094404080108
-3.707086835127995
-3.962232160945385
-3.979356151549291
-3.804430891480309
-4.017869043691266
-4.068418598107555
-4.009417729524872
-3.959501561179102
-4.043645617966366
-4.012311716167185
-3.728299830480196
-3.751842665620183
-3.838006811800817
-3.975786223736860
-4.131392906814073
-4.257186539743526
-4.642415992844990
-4.978609661358286
-4.921842383453916
-5.046038573849166
-5.339043834286828
-5.323947107998017
-5.409108491183857
-5.183498174213928
-4.957683741471430
-4.908675415297033
-4.684248512068928
-4.461471480067035
-4.341002728945303
-4.140293587292330
-4.188024095366178
-4.800726902357067
-5.645527992981460
-5.935532078207018
-6.264937591223555
-6.455433278266615
-6.234183427405613
-5.846799302278136
-5.669085439837866
-5.496933175409978
-5.349482684259421
-5.381654831567995
-5.479183383723421
-5.332438495493416
-5.162895773454902
-4.770770653031491
-4.153788041410755
-3.771630127143309
-3.528114542965779
-3.396944782533541
-2.988647623042691
-2.601067371340555
-2.262171236733388
-1.810956551046056
-1.309007493611462
-0.887178628580966
-0.962140074531556
-0.699352473851037
-0.562790678573302
-0.064718050521608
0.301480754359462
0.410866297604581
0.702305595729013
0.952858352018911
1.300510880605754
1.524451843441452
1.460022540762972
1.423295006063489
1.546837907833452
1.877319877567631
2.336106805544186
2.562390965808483
2.514361569750903
2.195127978625699
1.900281296928471
1.600806669080557
1.458667327476851
1.806854747968580
2.009789884683634
1.982885540097199
1.539951373710414
1.249095510371513
0.892557184937448
0.502003947308685
0.238496256753994
0.200596411569389
0.447464912275107
0.405448292105799
-0.202019601878981
-0.641351700617722
-0.814885090452761
-1.173081870129682
-1.858631976725658
-2.131135521290767
-2.031425935386488
-2.077929768116109
-2.431697025698319
-2.687927429539013
-2.762546766533523
-3.133763219122762
-3.421625608876125
-3.550132134169791
-3.678971881785778
-3.569321004564635
-3.731429150610846
-3.878170937552201
-3.964570922195181
-3.887017758800420
-3.842561896317657
-3.787869646128094
-3.590486416163277
-3.514117162277598
-3.653220137946919
-3.947267976002346
-4.052729378709922
-4.123402322017716
-4.119155859110601
-4.358243078057570
-4.634717803160897
-4.945813802983451
-5.157701272890562
-5.124813417761930
-5.137767212638432
-4.932404970475581
-4.895971856194903
-4.960317977344004
-4.552211069226793
-4.369630757976272
-4.242059938387538
-4.216518402155293
-4.487339592950287
-5.060510111420812
-5.508511566119013
-5.876318353591653
-6.156547034513911
-6.272399078013188
-6.236297294066480
-6.003197000315901
-5.526123295189755
-5.301325271984614
-5.248121634559113
-5.313913148289830
-5.425352828174136
-5.236114516582737
-4.973160804121904
-4.503519321151662
-3.830602002177701
-3.340937959333665
-3.052451830747464
-2.888815627462432
-2.591734731952394
-2.321364892819755
-2.011533149812312
-1.544275333283848
-1.172904917067488
-0.807797431633744
-0.751573324049464
-0.676292334820804
-0.492640318402753
-0.023033550851117
0.274347957213077
0.371419386051270
0.720209976137627
0.907027137235146
1.264750024195639
1.344486510209985
1.367645910216987
1.244415135578780
1.398922354458993
1.986915754464889
2.350449657209140
2.501097241990713
2.250159639182890
1.805644513810797
1.529601299182801
1.563003942478848
1.790079246657749
2.135633580045060
2.352206429463242
2.194777790554490
1.670742459021981
1.096909170525288
0.818308786671020
0.590803254424293
0.289629102387594
0.286191697718335
0.346616216017407
0.097897639104343
-0.295044415174547
-0.634448646406942
-1.025400437539599
-1.328126839393874
-1.828326430452583
-2.150862527945248
-1.867263840368798
-1.954736914193685
-2.128936011973315
-2.208675871570061
-2.361171079054691
-2.738113889403019
-3.042132071688138
-3.280597045000802
-3.368916961503995
-3.306316951493539
-3.385943424310516
-3.687373855418756
-3.970546470133946
-3.834452370822302
-3.663411655600008
-3.493069923096236
-3.399990028722250
-3.295625919364637
-3.464853650084146
-3.696673779699524
-3.829513819323892
-3.863525571247277
-3.859346663800010
-3.966929831714786
-4.275295802635559
-4.610869246965633
-4.816888623488693
-4.709630494764514
-4.785214882378587
-4.762846285447651
-4.643511326394214
-4.766161725301227
-4.566632263882148
-4.383492983070807
-4.467796241871446
-4.590510448520438
-4.944074180767584
-5.429512760880755
-5.847809524077276
-5.984299629095393
-6.223467241799161
-6.279662158824410
-6.168951296070503
-5.927028646060180
-5.570320783995946
-5.354934649861109
-5.315968758877529
-5.549676371433117
-5.402616419458164
-5.254541099404756
-4.867589509521619
-4.531603593700250
-3.988822829119171
-3.292316267396517
-2.827573061000480
-2.821162949921262
-2.698543946542696
-2.242888346418912
-1.685725310958503
-1.355243308625756
-1.126624545900206
-1.114024096422195
-1.123441723876122
-0.975200560468625
-0.714119796658277
-0.367769680471078
-0.017281328539215
0.112932629993409
0.423786161315336
0.800732834421953
0.993827307565614
1.187467485422563
1.368573626502662
1.416563128454805
1.528875835156092
2.004869608645728
2.243417247289454
2.313272887271737
2.112599334900763
1.785345898822817
1.645790322965213
1.848492086093970
2.234230550453487
2.550304464330939
2.770338649927582
2.826920580122787
2.115788318669598
1.294014345337733
0.885436745037030
0.626125715058113
0.426483051280920
0.357673632236385
0.276005980721666
0.061180782010664
-0.261544327087517
-0.821556692516488
-1.296072053533773
-1.524518866237472
-1.791702898003907
-2.031910700511080
-2.299961245723583
-2.106170272810822
-1.934609163271333
-1.904170406102921
-2.144742800029131
-2.398431525047173
-2.798814916080475
-3.098382771750876
-3.097525100968905
-3.074198736936435
-3.062076885508476
-3.170551114526709
-3.470591748125832
-3.439309502790543
-3.192997145599793
-3.023032644465357
-3.051836987240988
-3.175808248410930
-3.084666932622004
-3.175826040246982
-3.565452068580102
-3.803849447166472
-3.770817116569801
-3.843302321896824
-3.959730858823654
-3.930582904540622
-4.141482522521674
-4.175947569262827
-4.141741759930424
-4.289335728417237
-4.435497694104136
-4.623005344533947
-4.512265075507003
-4.469211545425376
-4.574078346945186
-4.778769993667737
-5.301619253762630
-5.762000345505370
-6.087103845394649
-6.180787024237489
-6.052795024067187
-6.051864578438713
-5.958644971283364
-5.740544498364748
-5.555751271708075
-5.567017421143606
-5.590310141109359
-5.607935144089884
-5.492367835082731
-5.403084504798684
-4.913639679190066
-4.462594062133688
-3.997683290735600
-3.457984524156073
-3.126367389817968
-2.748010750777859
-2.506784871077701
-1.981183203398673
-1.571354108533327
-1.468873069449314
-1.513447585897181
-1.534494907671222
-1.493285979842328
-1.268641130822328
-0.863901724742864
-0.659224399757285
-0.477985032613162
-0.254395038522964
0.110347676897857
0.511333395826582
0.747392559666321
0.959362965198763
1.323456056686097
1.539529806958589
1.765018672899081
2.146529855486481
2.371408556874743
2.365144327567904
2.165660205673169
1.925742389988693
2.107469226260159
2.593520337012013
2.868547046545207
3.047770955744543
3.199486382690695
3.168121489520296
2.537688058914838
1.853210252803205
1.293609329063852
1.057776653229578
0.796950189015112
0.635932858533856
0.509211874492623
0.288766161388969
-0.141985919150677
-0.798690209730299
-1.313942244352307
-1.753977612650562
-1.825455353545843
-2.062068123730700
-2.254911664512297
-2.346231771742422
-2.028336758781098
-1.875844076924468
-2.031336741323391
-2.145441751595768
-2.418742897694726
-2.748224151828443
-3.053676528980261
-3.071833314387536
-2.933252259420984
-2.865028198664121
-3.051644429068961
-3.059118093041608
-2.733490904941508
-2.507108444443201
-2.501645697014531
-2.544720688555989
-2.646752305585673
-2.819888664763978
-3.409013957262333
-3.568783814975535
-3.563921146218762
-3.508651330352100
-3.453358264537089
-3.305618455354112
-3.379307316371135
-3.530214343178422
-3.720497345564445
-3.995050479339006
-4.130336501686188
-4.417825523654847
-4.546869924542892
-4.604407204351342
-4.713478690987358
-4.975442792579735
-5.429239570510742
-5.870727829676031
-6.320654533039010
-6.360174387437410
-6.082068091609167
-5.825589150857723
-5.541342209189715
-5.353628429172907
-5.532492078987289
-5.542617297700748
-5.525390599271930
-5.436272142784992
-5.426299273863118
-5.387263397457261
-4.845188821500487
-4.309891995976825
-3.820250946990331
-3.505046834990846
-3.159285207587682
-2.714844779852995
-2.411183392131908
-2.032082698939318
-1.503056112409735
-1.625974448294059
-1.645786700792724
-1.618564441534565
-1.462486631850773
-1.162192322733412
-0.817485726933922
-0.788400674516465
-0.683679334709104
-0.459731147127816
-0.044555207210233
0.339916421978950
0.568656295856109
0.941261873250287
1.447815586473995
1.776028689837581
2.028160267734352
2.263724392961800
2.618096042714930
2.698607456754084
2.533174521131830
2.321340350921824
2.658108448601111
3.262482661591044
3.465924718629475
3.639731875801636
3.605967767924998
3.321873051997047
2.846683077286151
2.294581008935687
1.886912962283162
1.497143049277827
1.182135069545322
0.789574279684361
0.353432432987920
0.130331186020976
-0.167076472796912
-0.802969489933979
-1.213465201165053
-1.683742288055998
-1.771231683832229
-1.907189561746651
-2.080446576027990
-2.234140459741548
-1.978494825771564
-1.641549426414965
-1.810622106908781
-1.980982094434235
-2.210203070964319
-2.513338752042748
-2.905441704005460
-3.063754566749516
-3.026988197262203
-2.882596230114568
-2.828431774566126
-2.773620887772763
-2.320966571035044
-2.062751730233620
-2.032401633603466
-2.194718691288419
-2.457622895394254
-2.857031065430674
-3.279411120378624
-3.387588836230759
-3.082602089789443
-2.924286347119337
-2.926908714536897
-2.936151486077093
-2.994291878339687
-3.187995808749701
-3.402716255175104
-3.656578013208970
-3.908418325604239
-4.211342312522000
-4.378801788538406
-4.600137137889765
-4.909133113448367
-5.116509073488216
-5.613884207810467
-5.890848582400646
-6.095234935663116
-6.027586080761193
-5.867934972711764
-5.513281028524018
-5.392785867153844
-5.340919219961240
-5.378914039029254
-5.335709460152927
-5.300312227632278
-5.378085902677838
-5.437464595193597
-5.222183873507758
-4.793909294996291
-4.166329431249419
-3.623987718858832
-3.226344110245423
-2.870775002054144
-2.700445419424575
-2.300367662459214
-2.014074907054401
-1.614890919911979
-1.476177246258871
-1.634749999444241
-1.567593443468798
-1.324870277859975
-1.043040049363841
-0.781978965914957
-0.602744368933809
-0.353885557596518
-0.283406696321781
-0.057985634855305
0.199456796554402
0.567874823204875
1.076680158685355
1.662242471757326
2.057736366561489
2.150895441616657
2.250572802815262
2.653849188153120
2.764022217466825
2.982372842124291
2.999621638704556
3.248170192834845
3.617855932304123
3.570400538800902
3.783839107075467
3.596385920820942
3.405620425173863
2.956172046748089
2.557889369029861
2.174203985194548
1.633163949103154
1.259690363372888
0.898432772120281
0.436619020821405
0.124249735288514
-0.134061170192030
-0.693247466152458
-1.078848516311513
-1.683177611173428
-1.663721476291418
-1.718905782900967
-1.780076406570301
-1.921908932147677
-1.801273712685222
-1.552696361084886
-1.557922136597568
-1.763063665363158
-2.051270299028165
-2.369399213701120
-2.734883936114697
-2.961670041509131
-3.159967567275833
-2.949796597873643
-2.739912392486950
-2.560841323074476
-2.141275137212182
-2.023037885863940
-1.859177754295340
-1.992574128789787
-2.278031112092398
-2.699084872425052
-2.946921244345030
-2.996135028983330
-2.854745584778179
-2.710067860861406
-2.698696131738347
-2.579408236874829
-2.751080208765032
-2.984915210070005
-3.043462769252562
-3.338208917918405
-3.770156561556160
-4.066150734238226
-4.360826194402959
-4.515807184952448
-4.695827248913194
-4.887320684030182
-5.306640594447126
-5.712822260724489
-5.746387237850097
-5.727711059659065
-5.593142167111449
-5.426815747533635
-5.331793139242081
-5.262678562287386
-5.362912424965111
-5.390659703325507
-5.251429036345537
-5.253183825672357
-5.261387268864078
-5.253310731416398
-4.989463966310085
-4.338244279594368
-3.780943654588559
-3.324290652386921
-2.879135752954041
-2.663968602692042
-2.424821062708689
-2.133134652030584
-1.775590377522513
-1.674052423626478
-1.516938871468099
-1.195681873685229
-1.059767720776139
-0.882519787311796
-0.722512076029654
-0.498953749182158
-0.114876190462820
0.003924132766094
0.224216954141030
0.283153930151076
0.847174171927763
1.333007818378038
1.768773507529999
2.107929010569744
2.261330785563963
2.434824421435054
2.628932868077755
2.898520564883964
2.998523689975369
2.945250186530946
3.245474860402757
3.400191609532000
3.394947766497916
3.472917855168418
3.387977193208965
3.249838338609826
2.971726431451522
2.611826653939632
1.997107477160617
1.767635674598586
1.466346124389512
1.086228803470437
0.556603294338865
0.277723549176834
0.028981446170434
-0.490584148946731
-0.897039519798131
-1.291278216343113
-1.422319906396794
-1.521499726020634
-1.645468445205102
-1.734625511025897
-1.605650769478957
-1.334410377554621
-1.443012786516638
-1.492816680593094
-1.819125153297232
-2.190888033912774
-2.542073565159823
-2.878701661844221
-3.055645991698832
-2.977578655467097
-2.875572723404241
-2.519571818451555
-2.191447420571082
-2.159742152390342
-2.018870063403106
-1.918908672255596
-2.083837836796004
-2.547524353138879
-2.868798497263981
-2.906009537969403
-2.926394776936321
-2.763688824649113
-2.585184870259284
-2.536647202061561
-2.437726653813800
-2.523020974872885
-2.669754103646883
-2.892160236472519
-3.240772176297398
-3.517356747991885
-3.864315328944189
-3.950224530851466
-4.062870745897884
-4.390882538110422
-4.883784011699939
-5.123073317611126
-5.254763732504243
-5.282152064965119
-5.376085488393926
-5.345606995649631
-5.344868042621655
-5.249163645135542
-5.411073898392590
-5.588760664252467
-5.374847255839930
-5.160267055943695
-5.010526434525216
-4.882887572122603
-4.721511089761429
-4.491022014200793
-4.031661092263631
-3.502275374243808
-3.079045755559836
-2.639322784442722
-2.232285518778801
-1.979830613253324
-1.543862694732060
-1.421458058204764
-1.203264436114173
-1.200484575613245
-1.168549691955778
-0.870055119327120
-0.768393191995756
-0.470298997923765
-0.342733344100574
-0.140475245387582
0.319631232201910
0.512779078851542
0.933261616001041
1.319676975374646
1.684123931910185
2.037559190550671
2.292633264089461
2.378798376045971
2.361873742744757
2.847992567317558
2.951045319884102
2.919051347114828
2.949805267130682
3.015784899855668
3.096816416080452
3.047791442196141
3.015060509461997
2.993970780414923
2.880119466073273
2.581400319687480
2.088506344482351
1.898368318043597
1.699653066909773
1.249572078445427
0.823654866656324
0.559820900763510
0.188188284739525
-0.184436609727256
-0.657384739833427
-0.921411910634366
-1.063139674893215
-1.354720146419698
-1.729170965232850
-1.536246573189132
-1.233166065450397
-1.073593424667971
-1.000604517445422
-1.331448343985562
-1.772065890563781
-2.289343278419433
-2.645799667762257
-2.884458096252043
-3.002892008854301
-2.883982046329075
-2.821583011259134
-2.533716697766899
-2.327750031725161
-2.336175209951820
-2.162876241095556
-2.131892302630064
-2.295234693312859
-2.613603015331306
-2.790001997225555
-2.989597565442932
-3.019501915901202
-2.753678918580130
-2.546507579406305
-2.450138728841501
-2.297265564385608
-2.275019294478018
-2.245534600911718
-2.254830403633856
-2.461973077147538
-2.694982493465068
-3.019434211958299
-3.276066959274506
-3.459445199611035
-3.962927088071933
-4.428608886076834
-4.460388988488840
-4.725518001549479
-4.967874053531964
-5.077799342585894
-5.200972187476069
-5.198125446944773
-5.120313901096334
-5.390993193724066
-5.361571105498940
-5.294752896912407
-4.960731526690096
-4.671564819351241
-4.566144447640058
-4.504586132386126
-4.447068177092081
-4.246828923147311
-3.887358370288462
-3.293120843508670
-2.681282867457547
-2.256466209430350
-1.726545372788973
-1.376602415162529
-1.194645348771450
-1.145933322725481
-1.167796562385455
-1.297911392752238
-1.006366543632444
-0.831943990426412
-0.462518210356097
-0.266652888812696
-0.200936321208793
0.239697990417853
0.600064850332755
0.903091768621120
1.193749844031322
1.569833685222852
1.682746923598500
1.871546510035654
2.036164725325233
2.329004966318508
2.887558576409467
3.121706842337052
2.994502436014362
2.974878931709163
2.981302726600067
2.986699700328747
3.043178296067067
2.947855402657978
2.850539825568760
2.948262112263081
2.771732612222168
2.190739616145612
1.817347295185094
1.712686421655501
1.399698614340894
1.133533445503689
0.841015466523627
0.372064141845334
0.076945153727083
-0.183533332980478
-0.439648109328105
-0.700080035762214
-0.973559654358706
-1.361788249820499
-1.384419440346044
-1.200087434306774
-1.049778568931350
-1.141696162112452
-1.547710576273384
-1.836270769691018
-2.333171391956424
-2.837959978806598
-3.012640678135367
-2.879357335254811
-2.671127086632043
-2.498929795767775
-2.402690508243973
-2.323107941471209
-2.092870552263866
-2.087368926098734
-2.500982448668245
-2.620310629538706
-2.770692532386329
-2.866419005856442
-2.904821350147110
-2.840778839328936
-2.522455555028396
-2.465214242532589
-2.394396759461301
-2.277121389684048
-2.235603168955586
-1.929393754894444
-1.772179791422741
-1.818428543935348
-2.079540595728274
-2.359769289130511
-2.837846476253906
-3.127219886818515
-3.388130508819207
-3.728618756394635
-3.975957472910146
-4.282686164579225
-4.587107191024543
-4.741757330685203
-4.964097265616396
-4.891365717964470
-4.769961969265699
-5.011136826664638
-5.017026582515708
-4.982075018670741
-4.706563450947986
-4.560700854108592
-4.492029030902391
-4.326421079717384
-4.383048597686675
-4.295894681991638
-3.996617765226905
-3.532758116364683
-3.081630046836727
-2.517060884120793
-2.011425758077153
-1.700392350413813
-1.489889608005394
-1.261437163699983
-1.047456357818308
-1.098762665336746
-0.976547371591540
-0.848359449319924
-0.479079130624320
-0.216513744930871
-0.044894216823015
0.325861527056110
0.572707427908087
0.965047705710516
1.265446284979520
1.419008934814789
1.405003925842195
1.457651077740849
1.757921951064876
2.013680180191483
2.542866231746446
2.793056731531381
2.766339798953477
2.949835760324676
3.160219402914875
3.172511744948132
3.252855335733339
3.304580647103567
3.204707350974833
2.956326091670666
2.815450362490176
2.148929233836891
1.660774607718263
1.642441826491507
1.611302976009102
1.326365323733854
0.989369210900470
0.528738012457533
0.344071627253333
0.018877175231397
-0.112514140475381
-0.462633569406638
-0.792987898132473
-0.923086064719550
-1.052766323612843
-1.084529674100947
-1.129494292745300
-1.341342410710417
-1.771560618769297
-2.007310014623680
-2.520230875899587
-2.868171353710393
-3.059373304604387
-2.921878241445089
-2.472316934901460
-2.233347024197383
-2.282639253013909
-2.151904017497146
-1.819923404232905
-1.898425782502007
-2.553005371242639
-2.726581320569604
-2.913266009010159
-2.990936023155400
-2.943324486798893
-2.764531401363770
-2.654992267574329
-2.441821838875292
-2.318252241396547
-2.142586705961747
-2.031377779906279
-1.860068975746295
-1.668972832870219
-1.719385121439333
-1.922209330968876
-2.098036462486906
-2.547427646724025
-2.866532032082447
-3.006687097703836
-3.072208819802487
-3.470191608766845
-4.010288141838407
-4.339376602053168
-4.372757565725190
-4.437602273933035
-4.474854331194819
-4.557275592992212
-4.554516315660887
-4.486208000496466
-4.476714408232824
-4.395960565942649
-4.385705626215604
-4.195992711834900
-4.005297377370491
-4.173065345698383
-4.173934237581942
-3.868216121635743
-3.498981574977287
-3.162683502396242
-2.532787664039269
-2.228294899381144
-2.024237755255912
-1.616470274195533
-1.274071010004603
-1.178847719613856
-1.114246552809392
-0.969186805742561
-0.807279065466617
-0.514829872987881
-0.283566860942657
0.084701162918948
0.266644436578730
0.667557570580835
1.087953486298154
1.230702669704885
1.493959616646639
1.572712047966794
1.354342652391714
1.492702297686419
