-0.238625569378359
-0.545483340177267
-2.603565665700685
-1.550927256223500
1.914112522254569
-2.839538397364221
4.590674715353074
-3.994980888565511
-0.102547347865714
-0.362856010717638
-2.012822620197518
4.890015459882615
-2.106359337490550
-3.560061828075769
2.758267360903214
3.428239756535832
-2.760015150818756
2.312282296529015
5.053862919866919
6.246878683959651
-4.613278039274563
2.814391770193472
3.262141358610458
0.424751740218938
3.591602207684264
-0.827604630401090
-0.535541973470173
-3.091510412554305
2.757314500593476
5.455910080289077
0.907814280749722
0.765476467457304
-6.260635086828405
-0.339113938829411
-1.982469209954416
-1.435125222394543
-4.617662923527306
-1.980873925523400
1.452112579004199
-0.399319231744874
-1.070707300218736
2.595349188702448
-2.681338689932733
5.996274923881463
-1.606970653712280
2.933484639207841
-0.548047428503208
3.619936433933829
-0.913226089517099
-1.214156900880928
0.931862451646213
3.857236947423438
5.188557865495413
1.460031070877947
0.810390468865464
0.426916077499622
9.932472260240857
-1.448035470668275
2.275405394446389
-5.906621304852917
-2.207284994765021
1.441333010372056
1.773163912588681
-0.462533563457369
-0.479303151812855
2.048141885897697
0.374543326198511
1.867381672532354
0.106041672990700
1.463720089451401
-1.865479478217709
0.474172055371170
-8.024363062760713
1.708540497379929
1.044735974633874
2.409321566442088
-2.224703542575413
2.140812776464649
1.648789028377943
0.890642402376692
-3.632534265509447
4.186730717602952
-3.014972576745135
0.320102149039078
0.202172851114994
1.304131048915719
-0.088727135085363
-0.244817517380959
2.521999347161139
-4.658204844281657
1.321600589109659
-0.938798717565594
2.683713152659050
-0.347190792559517
2.785234751178210
-1.476768317545448
1.218084490615450
2.450241768184982
0.815023163808558
4.901796300633540
-1.539469659552738
-2.044566995599450
-3.243744763097896
6.465379748425289
-0.258995963227538
0.017792227515969
4.141504416362258
4.184447173450020
1.154175124379577
5.414620872869562
6.598462338235363
3.571512290530610
3.964990214555762
-0.885257158286830
3.539740471921560
3.129802676260056
1.735439932216669
3.594531017769791
0.678184078788173
-4.170790445813316
0.431877234693881
-0.344088017729227
-1.973112935757749
-0.914810575491333
0.380249761506681
-0.890738324929798
1.207344391802231
3.394959371342710
4.795311344426042
-2.571063534697847
0.007178274335315
0.753145293134618
-3.381418058072704
2.399990062811216
1.198135722294361
-2.138677949927508
-1.167434363584446
11.596331319880026
-0.322600198735807
0.958813433651533
0.883676538496213
3.055391723326907
-7.037030603845499
-2.369701164407357
1.118640522271821
0.193820112306144
-2.373549967174798
-0.422965864318571
1.036305556336822
-4.118667464396365
1.627305005468423
-2.096914777929509
-4.312315983482052
-1.237221521023707
-0.646389214036534
-3.146562666560456
0.476983945664208
5.913548071457707
-0.422270023226588
4.614150594711121
-5.333834032882711
4.347477174988426
-4.128565044166230
2.000554599597771
-6.479447110217495
-1.518418984785060
1.214555004976184
-2.341276652374777
0.838377530577057
0.110422811647316
-0.469333162832842
-0.606977557692266
-4.201731843653806
-0.318772730717854
-6.564008762285309
-1.154871872229013
-3.176617174318281
0.346865683525824
-2.857990891438341
0.462654932043679
-4.157367236141318
3.038914635033440
0.316121088235939
0.976608040137502
-0.154617327234754
-5.507506486368798
1.822029818101738
2.569149223685543
-1.433479189374271
2.450186156079210
-0.276306161952783
0.755488314045085
-1.034590485672352
-2.094689468647870
-2.188964176092607
0.261722897545310
0.979552575562167
3.411849626767749
-2.227472337368906
2.771882369620739
3.288405999087235
0.114520115476885
-3.381595624098215
5.738903877272485
-3.343705329891396
-0.463633238538187
1.121040761344608
-0.273246134996253
-2.134249445562090
-2.238121932979028
1.475677099985853
2.905586726836582
0.579872984963920
3.961029914249076
0.325152368392982
0.856587333589861
-0.980994115535049
-2.371964276981191
0.505805841666158
-1.399748390930549
-4.733330371525554
-3.071856002668834
2.082243434254389
-1.754120250795995
3.506628974797787
-0.993183316485580
-0.506876937169967
4.185710075428500
1.267149945016439
0.824132779655167
-4.055826704077191
2.238759464966781
0.312895001771099
1.362637080733159
4.757472137478790
1.521603645237943
2.389715525870223
1.844057784059866
-1.619975286682707
2.164196358410475
-5.336235922319193
-1.054257347964935
-2.400150472208359
-1.708601848908450
3.234050466954255
-2.171795707600976
3.447399599245017
0.951546806010672
-0.513263678347451
-4.587128658475158
-1.076326236356281
5.231900809148088
-3.878254580806179
2.896945506510952
1.741856057560660
4.765047969732050
1.183162592000446
-2.225307968416320
-4.231538015281584
-6.330222558676988
-0.569566875508813
-4.469946871711334
5.565860285767351
-0.237194687326594
-0.780969393443613
-0.458072349082057
7.204855626804811
6.944547642907239
3.814645673401279
2.681560790424293
3.227977766369844
3.705262625316101
0.263526161611576
1.256610263596842
-2.260917620402410
-2.714727761101295
0.318949407054421
2.444093906886409
-0.687416673261473
-1.150766728492642
0.185843272694827
0.320729031760381
-3.648873766768235
2.060568448774768
-3.181030128499294
0.315883642606545
3.466945489292158
-3.803199698774215
-3.178973819698400
-3.247550590621036
-4.282338318557205
0.779877893354041
-4.145483801020361
3.159912908066433
-1.875981338310469
1.590814558025473
4.074273736576641
5.933257472082611
0.767668829347165
-3.127811417188739
-0.384121154668021
1.460162514972623
-3.561821303175008
-6.156026483862401
7.719954019348413
-1.293951483577334
-1.601104206335598
-5.586839315855180
-4.293240551143863
-2.685246708758930
-0.002770052819173
-0.288403992395294
-2.675779208930504
-7.497181444633950
3.904057378692302
4.267910462738087
-0.432995620308876
2.276234540362989
0.598786477954086
1.806595317152198
2.388519355300656
0.776967775136226
-2.263400380585894
2.176843652910577
0.768530387372591
-0.408897198519862
0.872218188536462
5.722870429230617
1.569882966639746
1.518909654925675
-2.166247070889077
0.678151898021617
3.416935757229975
7.425823266539350
-3.154364743961188
-0.320933846979543
-0.104327882665439
1.571470081082129
-1.617788934088453
2.835203271677933
-3.440893392685473
0.262509436265509
-1.255943443023705
-1.843269641372654
8.684718305235684
-3.259837399118676
0.287406231285269
1.059790666318555
1.181957417607045
2.081601753033733
-3.600173098541861
-2.651520569432651
0.449136450725774
0.137345379085782
0.851828225342224
-0.916964010984100
3.510436441555845
-2.259253422901783
-1.337365379700628
-6.211344703076758
-5.214012712562262
-1.408705181809036
0.236780566116946
1.026661387800074
-1.865263030634252
0.451160304421478
-0.260168361034626
-0.216587024197580
-0.963372820410032
-0.319399255521482
0.607631309161632
-0.448046404060851
-0.843028593322331
-3.377781054447388
3.823613111972953
1.778254089108935
2.185008853769483
0.101941708726876
2.677747767362616
3.806842626887898
-0.088512992522448
0.920593716752013
-0.771446830538109
-3.078267989586212
-1.533041791178870
9.035740921693259
-2.858436535692813
2.923116465123273
4.080419571132015
-5.281225225957486
-0.618947267535837
1.495702196238642
0.176888773806618
-0.362322300766748
-0.645749064545698
0.856845361432443
-1.692586053346116
5.183111686282673
-1.755391831770420
2.686755611152310
5.439162475187803
3.232053375813511
-2.087617836103993
-0.711621041604117
-3.451856648910250
-0.687642312845898
2.634874858929714
3.525026476521341
-5.333023584959752
-2.061882673253116
-1.390832972001885
5.695239721006045
0.440030866569518
1.746072314130342
-0.749193834367309
-2.997964575014495
2.121219065383686
-0.497154097372052
1.659745252067000
2.738042182098034
7.805850461158160
-5.048586815887965
-3.520917951320985
1.735650848097114
-0.328597844359459
-4.673224007485500
-4.340184303438257
3.220540575905219
-3.628444675479208
-2.498354151549232
-0.839186696312336
2.508563496274316
-4.010207764416787
-4.715402564211085
0.303655001613622
-4.633200539668189
-1.460593071015061
0.285862107166572
0.982719263345719
-2.810078241443740
-0.124552761272604
-0.522791822670460
1.187482443631118
0.044876825495347
2.732046942551364
-1.619563685140001
-0.914720228322784
1.154398836557560
5.281215290457136
-3.787508647653889
1.493500557202659
-4.242500058807154
1.062228024277571
-0.427682933555411
2.211160374859519
0.933492029722734
2.238344044049398
2.844375406455804
-5.637313135761151
0.081543905771059
0.815533705966205
5.497172203330997
-1.085342685539489
1.044668030544335
1.804946657295159
-3.049980075984790
1.162072371501355
3.548594998119133
1.149062549343244
-5.252323104654718
-5.694109924227142
1.293799876940653
-1.307520112933207
-0.267386991271418
-2.749413999754106
1.802293409967790
4.260497351667466
2.429732139984168
-3.303360770966770
-3.360671884517936
0.106074394700729
-2.858412759605561
1.880524885590722
2.641054798884597
-3.511807422417215
3.429005793917404
-1.397324908380657
4.926069085275414
6.232132250136600
-4.229791117506760
-6.107718182121110
-2.257544592151671
1.475529971082508
-3.554673449673754
-1.604231517971368
-4.146856995918695
0.602545071170400
-4.561999158062897
2.428689798778195
-0.881869838245641
-5.398928002920450
1.438054729702209
1.851854555603146
3.911565308545397
3.836372246880028
-1.139892831227977
2.421697327712011
-2.297895348659833
2.390967146177601
4.852038351702954
-3.181354003183033
1.849709647355313
-0.967550590147182
1.279642560429529
-2.472322692325508
4.046474918573633
2.053141664641485
-0.830472625389962
4.483526842676604
0.930932656797242
1.527912037635280
0.881298112954767
-2.494744907476999
4.007316379068900
1.389773265338988
1.335930208751783
0.067993494924379
5.563221933204854
3.488146758491905
-2.184670086213206
-0.408520395783049
3.509185646580721
5.481267660040215
0.989877860173103
1.809183430779809
-3.301574967568717
2.646884578384418
-5.060310792278330
4.836895592939007
-1.306491043020281
1.932029858244370
-6.286387919003785
-0.628964899459887
3.396328114374435
-0.868309496822635
-1.329747253326773
-2.892209889160511
-2.474507372830586
-1.412698229566602
4.368637715057146
0.236272890093712
-2.310185272060756
-1.118519192516660
1.212094421246708
-2.611552540701426
-0.738667086390732
0.537335564185870
-3.935301937442455
3.633417318626425
3.743699016381206
-0.314428588214240
-2.690587100124043
2.942231698588603
0.130857774400756
-3.768398187784185
0.419935300208144
-0.678995170144868
-1.135701907096335
-0.447055528321217
-0.310313044613675
3.258226031217935
-0.604890017484174
1.729710711810739
-1.452302291521661
2.672580151798027
-1.649540256068743
-1.655125870913995
-1.886123424868521
2.470190133109449
1.767972269779764
-3.779642148978097
-5.529450687547887
0.869237496137272
5.431890265806397
-0.448391425870811
0.324717619001131
-6.654561440091398
-2.089169993234225
1.658899188795108
-2.075978839277017
0.564998035659872
2.633676140778186
2.951831435710639
-4.842324125369363
-2.753370691352039
4.607039452950336
-0.437778720370042
2.456007026655753
-4.447119930488263
-5.440396533962606
3.337188923383274
-0.336287537510807
-0.388695432022398
0.766815335098074
0.734321131393660
4.438556749368198
-2.455976986186979
-3.474022979142316
-6.949415094597240
0.202281998267857
4.928991520435881
-1.056758489157571
3.799817041425074
3.629577025750875
1.382856589554112
3.192600635912807
-0.810882952574975
0.025314573426880
3.329511351094795
0.838240456223132
-4.043502650129739
-3.995810506162436
-1.150945179844550
1.580952695778006
-1.871286398058039
3.769488980302403
6.749500954488830
-2.334024933185177
-3.585273137076325
-2.677019956216225
2.298445266166758
7.764681900037983
-1.311651844298731
-2.286845836958963
2.683192353368693
-0.174994213650988
-2.919973643922070
2.201532492600664
-1.598965881615864
2.343819407698080
3.976785171295357
0.588673273831524
5.468278818169632
2.026829233126695
2.549152770169177
-3.903375863354618
-4.320314991926734
-2.833052586712499
1.391903098114553
-2.920602732801554
5.103252118134088
3.275684445478762
1.899115000997256
0.652470686063089
0.746320235559471
-0.437322802099529
-3.226509745569207
1.437018260227470
4.180578768252387
0.159980273786393
-0.635949855817083
0.869311715341678
-0.584478557719020
-3.602290892532065
1.199080275504309
4.391233407021623
1.287938521387166
-0.487083299850305
-5.602375103802833
-1.571892132696802
3.737565549892011
2.266188506650188
1.003826878474100
1.316060045872226
-0.601579752573123
-4.274721625154584
2.853825651399528
-0.315521896519388
0.175074361481041
1.013753942203353
5.266390549881076
2.786114812150424
0.212670560679255
0.274698208275004
6.145602882636942
5.355798983262829
-1.637254891598697
-1.242578487418691
-7.745407517738114
-1.565066386673760
2.816510897578071
-0.582977120528874
0.015920660529861
-1.377618552504559
2.095784704727570
-1.978748672877560
-1.431122969975491
-1.320599688651711
-4.453199164787474
1.085482625675937
-3.714653197258833
-0.720178578668090
-1.153861333984295
2.265581090118927
4.139773625158192
-3.069602083846457
1.990891295672605
5.345569510791788
0.619848046229346
-0.042844929960825
0.303907234515741
4.361461747950463
4.854124264617953
-3.069316818452085
5.040969162118185
-0.825907569614755
8.111436699423480
-7.314732372620629
-0.961302917587234
-0.569872395750977
-2.777287650801597
1.585740362650541
-2.153639759133192
2.992185568746839
0.894591857184234
-1.514520903136805
4.128468113032767
-1.606889872690781
2.965481233862281
0.343409505291117
-0.765883588519506
-2.098970924612582
1.387377977197117
3.172519381322784
-7.433221508203985
0.859239675016973
0.158050230446458
2.180383121747241
-3.575914054080304
2.693634392175666
0.109182630996099
-8.294737717433144
3.300396714216955
-0.266739924771004
1.848567992317490
2.224946487569289
-1.019836966154499
-5.515695209275071
-2.093708172256107
0.856923849671811
3.318453755128596
3.260588576749520
-1.321527744576712
-2.146335499476498
0.419389717054085
-0.800116666441480
-3.390977238915468
-4.020775457836309
4.715369260999377
-0.103746780170113
0.859318791116732
-3.215949763171897
-0.860507221651496
2.432292186267793
-0.726985088921181
2.282444473175325
-1.482635681925464
-1.965943842490804
0.850375725984513
-5.964005200031986
1.945175515221112
-3.153107422777581
3.997616364646967
7.008225652778981
-4.798586034227671
-1.527693782469126
2.743884612848257
-3.151936063966564
-3.461136923359840
-0.233322738669188
4.454415508221758
1.449418359854335
0.163472174686928
-1.381481768045705
-0.224612774431718
-1.706915484565959
3.887273150129964
2.867593157126103
-4.283268543500583
0.130494726526792
1.670408510181017
-6.427820209145407
1.988965942282410
0.161927853189841
1.541150830478566
-3.931472845623122
-2.500234469487783
-6.051012131468859
-1.263066421642893
-2.693853377473998
1.235618856397003
0.556550187540476
3.879687276332034
-1.104346922274957
-3.029247391530474
-2.087931834031417
-1.568966619946649
0.986564337506586
0.914807059966928
0.947448623911464
2.908264923176837
2.005487264615527
1.629411848704641
0.968066313799593
-4.857939612630991
-0.631459837930269
3.087646308684815
1.540433951203070
-0.602924984418673
0.561084715745388
-0.958765880858649
-1.535417076849923
-5.890992619059788
-1.383365121112799
1.657937720843642
2.554611295418580
0.942874860199626
-4.080006832284749
-2.512721150935773
0.877443731075394
-1.349280326625899
-4.659534656869640
-1.301031209192796
2.784727794215050
1.723891720941903
-4.091998790109907
0.574317881149503
0.616145615432945
0.604887119158281
-0.719903618128587
0.354703853912879
-3.651791859994791
3.506423519478553
3.616197651052143
1.980482396426902
-3.138501007247796
-2.198011088433351
-0.944382222065588
5.815975235088747
2.553866236551427
-1.315548955597658
-1.162232066584876
-6.351602840011171
1.567974953832524
-1.783824871355262
-3.133406159302849
4.197740717319958
1.308020882965527
-1.695589629838158
-3.058079401670036
-2.093030154496077
5.341724493771054
5.802006456366245
-3.056971197197194
5.460841452600536
-1.365119011522538
0.314633570836577
3.150737884297194
2.053273679852107
0.070612908799894
-0.141481709161107
-1.718281391566725
3.312204663282415
-0.481262318105022
-2.300657604099771
3.376287648773874
-1.611580001758715
2.981672906103795
1.870272119280267
0.743620317883862
-0.145258012191531
1.951531464509831
-1.032853799455810
2.621682242629821
-4.755668262881913
-4.215948008954029
-0.445665288705578
-1.362176593949429
-1.459204304980912
7.203475796791581
1.262878991275291
-6.102435038920349
3.183208916240723
0.461590287705733
-1.416366048573895
1.123682250097537
-3.737304011333318
-1.571439658689737
1.524612971403407
-4.672959255101016
-0.727318547593032
-2.955565610925840
-4.250159168534553
5.172562217596701
-0.460259904213855
-1.149471923653854
1.211502060564992
0.385815679375139
2.259191339990291
2.707341666943795
-4.028321382632984
-3.031266089407500
3.643230149252159
-1.367999556393667
-2.022379071260934
2.007426971908572
-4.231071692646223
2.613304931165867
4.733258224338129
5.674685901749709
-2.008828515063909
-4.481044954674775
1.615340489393129
-1.655072989244160
-1.919412334940335
1.320416293209395
-0.702543640219037
0.282799479566536
-4.568051827813850
-3.010564032060122
5.472810751317519
3.859751930253430
-3.983580189984864
4.017305510080293
0.428627634567381
-2.831969378185102
-3.912776688534281
-2.714321251528117
0.614967609980028
-3.768295013439092
1.969526574777584
3.059746906173766
-0.551846101527670
-1.411044756966974
2.658509442330859
-5.103081630419314
6.879850546000370
-1.473925053163924
4.181591235603116
5.138818879533836
2.307233743839231
1.104045501755438
0.505911792397192
3.157389995703492
-2.256792700635225
2.796191145171416
2.896583468669896
5.531024636535006
1.234116907068355
-4.631938984050637
-0.731267891027485
-3.431831977232374
3.923704255654306
2.507858521881728
2.873681660250159
0.009658251572131
-0.477034160992304
1.067753415501901
-6.311605925714219
-0.217584883319798
-3.782987962658308
2.247127748662409
-3.124526458571280
9.488014645125800
2.989440778271068
-0.986971758015667
-0.445475107394788
-3.939362131550554
-5.447785095560851
2.970004092318650
3.627957528385092
1.178059881230062
4.195651071348658
-0.917559948895865
3.948125781227919
-2.418304931011659
-2.567869871834809
5.329821432590108
-0.742927606146117
0.516561745151692
-0.152304349740672
-2.036395618491276
-0.580985046947438
-0.628919515132575
0.081672629345437
-0.080799316278590
-4.331608959450742
1.590145020185579
-1.713031127772663
-1.017954610460928
-6.542669049189077
-4.343769277864996
-3.815892798994756
-3.121714493631988
-1.578250240775869
2.636699965804509
1.945090974467622
6.246715938207254
-3.689062959765666
-1.604459377037733
-2.763035965771294
5.389260555791840
2.963893860177277
-0.646350331924604
-2.996456954305820
1.766431710960394
-3.824953527217496
-3.592423251527990
-1.729641876250419
-3.953160948535696
0.935753141112662
-3.090083484798421
-5.075019870050664
4.227423815369532
-0.183562691152291
2.871654759207360
-2.367373785260827
-6.629487406025550
-0.192781245001089
-0.951030728085402
-1.621057015581543
-1.762455992999390
4.963350396097745
2.835560773367296
-5.895469130538746
1.745696458203137
-4.801667439089718
-3.230483689507994
0.655604917267243
1.239618309861915
0.540674109425424
-1.258765335567017
-2.532800404430588
-1.747489460884636
0.553303905965898
7.147562997384849
4.994807136947603
2.821041967283941
1.047640811843284
0.131402285464433
-2.492593872430403
1.321469825151633
-3.026481181936197
3.980078558619673
3.024760594404211
3.055232103596223
4.479946195145849
0.110411190968863
-2.735408050874971
5.578167926274648
0.707766370153491
0.631236237191548
-0.397184403978188
-2.545805328674784
4.308858694739937
-3.795005852938462
1.958946520985445
5.532227908568808
0.445540383289914
-1.614662083089691
-3.837499390494508
-3.185918245990974
-0.092668718050355
-1.095107533926622
-0.089211560240946
-1.795405867825549
-1.820613868974829
1.010411335757958
-1.698607691922897
1.605031998583929
4.235424362778649
-2.190839252648455
0.118075150032697
3.076932472350842
0.666453314098086
5.031837900689710
0.559868641202412
-0.353243513634458
-3.007868279845036
-1.637187059791311
-3.756300029940841
4.905387582758732
-1.944044665420243
-0.291250267274650
-1.738659311381846
-2.861905168293196
-0.584276289327550
-4.137978315266424
-0.756152909368608
3.730048695955879
1.960935759863113
-2.143002101711998
0.033585468422624
5.587131544955152
-3.996492292578299
0.914000949914915
0.398960374213175
-1.516607254043394
2.235774865086686
3.073394537166109
-1.134329944415470
-2.037377249861449
1.141052875829275
3.046519550195240
3.765918261857731
1.039212481027338
0.725642799746158
3.436948318713203
-2.109511811010812
-0.087506259144276
3.754797669696088
-1.012936509529495
-1.609250305905877
1.245564164998710
0.167910252145447
0.680275868018923
0.008867223055031
-1.564218723685502
-1.063433921287444
-2.409977035821786
5.465209524790566
3.142287365913114
5.532419576377622
2.737389569817827
-4.462793271426468
1.378175364797600
3.260133758968685
-2.309753132155489
-3.031499696981117
0.151724935135309
-0.673734483922048
0.783212155344383
-0.606919088921657
1.073881155700215
-1.342267121511513
1.689527298740433
3.042801295943184
1.271174709737489
0.915812505005126
0.266920229274900
1.160433645883397
-0.576169150366565
1.196791409631265
3.874332587368570
-3.984219028386717
-2.947501811417121
-4.532553678161714
0.172830927479503
2.712436471344470
1.856066774526985
0.825193714712781
-1.015144140393677
-1.089581886761220
-3.186909884550296
0.912947347802394
5.082567583044098
4.006507637684525
1.635938848979003
-3.394607765772449
-4.071085987571013
-1.456557866630844
0.221751337179472
-1.318486504883074
-5.265989757482650
-0.360209804772458
-4.249562088610817
-4.107648499144755
-4.105913769155785
-0.393784173961261
-1.445180021318087
1.697949915901750
0.618757765995114
-0.827300651886449
-0.372006089433106
-2.229428768222988
-6.286447255735673
1.120370083008252
-3.431381458692980
0.781047684612229
-1.518182178547689
2.000218116972237
-2.878099115033227
-0.384117156592104
-4.128586502898815
-0.224885634495546
2.009300439951069
1.372855013604429
-3.261179730882473
5.042386278149776
2.154256632261680
-0.609595020412150
-7.420626999029023
-5.625366407361688
-1.529181726964691
-4.655777287250615
-0.749747911685832
-2.747481174881437
2.821760381986793
-2.252383676598639
2.703052522625329
-0.763645053475143
0.926254766733978
-2.524585034922593
5.857204157745863
5.651810104083024
1.064980782530947
-1.408480099270494
-4.477399883449035
-0.389317862832412
1.535000389801765
1.153815470505757
-2.070908861120146
-3.641458813957652
-7.316961240056706
1.653218891521868
-1.144313382696474
0.527959170686905
0.816577191450191
0.842766746407225
-1.185130262740180
5.329400496303251
2.228112721214007
-1.493278562188417
-1.969745676503892
3.980238448190027
3.429692632567482
-1.788439288304220
3.504534332089304
1.906331876359509
-0.156493264954132
2.173033347353150
-2.004630788416617
-0.575922462287670
-2.183585199365470
-0.288930044568395
3.422247884075526
1.510272628356588
0.844269564062714
0.438632764999349
-0.359959429759677
0.718067371867110
4.041087146970733
-0.186779353752855
1.961486258901335
-1.400790380791744
2.504999316516475
-3.573937690686007
3.315047121220846
2.069035246267119
-4.329067286276187
-2.642167743482494
-3.694095126678881
-3.560075306582535
-0.642744227494904
4.395597690471294
-2.178148585987862
-2.174761028949731
0.122128076304800
1.298071842258300
1.904470998382498
0.423365466988917
-0.207607697357884
-0.625322643882799
-0.780241496767727
-2.654118168572669
-2.917303727382212
-1.178033069816660
-0.455838197426814
0.358613809377162
-1.604775294790342
0.453896115368413
1.822741982624857
1.464535533045325
0.930461552613514
-2.981509155155469
4.336473644508342
1.134694610807180
5.858856849270850
6.812399576650488
-0.984989787546859
-3.356493401319828
-4.070822129601049
0.451416698674078
-0.849413106314787
-0.092099169363676
-2.541188107298209
-0.352688663544734
0.426560515974754
-2.521804815572496
-0.008324066814814
1.832292381103608
1.680748378270702
0.070515618865694
4.206771766235315
-8.568026144428632
-0.623086497183685
2.310620631776498
1.742732638795242
-5.355871360003041
-0.874040382851028
0.763471356190355
-1.033042866165351
2.398346283353879
-2.166833014679213
-1.544195164579288
-0.407602474567923
3.436303664783410
-2.098927226816147
1.372125891016390
2.616989474000490
1.291999963891263
1.331662633577393
1.560423708725362
-0.086260074694829
-4.850927863532871
-1.641873054046296
-0.867209583753750
-3.252801598372898
1.211750794382245
-4.460666281746230
-4.086756561770240
-3.605084682421875
-5.931101418384756
-2.080872812039725
3.471465712902465
2.761550232382644
0.154103960864852
1.331273039136220
-0.795293133288585
1.916263211069893
-2.150193663486454
0.246478339944445
-5.080942837795615
-4.570561301596779
-3.751435896069143
-2.522055517327377
3.438131402549756
2.452485496206953
-1.035254045543852
-1.393194693313975
5.454186369888476
-0.342347359398478
-4.776297965572024
-2.940572305936452
3.336949534293057
-1.206287370111029
1.826314325274373
-0.617860083786650
2.523282120114935
0.101920294354870
3.395069757084126
-4.501940811209130
-0.777407234614206
1.143039136959525
-2.915330141943778
-1.445079641294646
0.179787927458831
-1.432353745646695
4.266892581949514
1.118477966104604
0.471600343272804
1.162749755005031
-1.863055013712773
-6.024016059459252
8.117767393627153
-6.325406312024894
1.476291022270489
0.567121212966999
2.649964123805853
-1.643587813379749
-3.045601594580840
0.372225875841529
-5.691788094329473
-2.744965838118794
-0.253059368359334
5.986534098581977
0.565353501033795
-0.868878540398829
2.943612350059786
-0.726039985656374
4.601977323986841
0.769358448409119
-4.580441366801019
-5.856596008289683
1.284017136040843
1.141121678388717
-0.105907817965364
3.737671939049280
-4.647896180234642
-0.822367738357402
-3.041004506351327
4.633845419498372
0.373627945332884
-2.818829307853279
1.221542875590840
2.835159715678719
-0.372618696681634
1.009691300656792
1.037399840748285
1.780084990654716
5.264037347979398
1.184656674873178
-3.446800677026925
-0.353205375129472
2.420121552349933
0.068788831719597
-0.658507912736938
4.795744076526666
6.326852858198904
2.252343270183782
3.875016746956550
2.015959694660455
0.827710615712395
-0.817208966224059
3.702471685227894
1.784024045744422
0.715909470903761
-0.040789126657999
-1.947797631437283
1.034465249144126
-3.359379953231517
0.332616582518443
-0.386011332714608
4.128618867979886
-0.952193470314196
5.076004889939012
-0.619861905092513
-3.803796835234854
-0.039220274154466
-1.892525858862766
-2.024085234034541
-2.311315396909734
3.231588051484783
-4.658455574875051
-3.645726988120586
2.274078072779584
-4.049281069016192
-4.496301460915679
-1.329256223386990
1.310727604248212
-2.637246537260261
-1.380851091753773
3.414002189224232
-0.206226422369200
0.309058660445192
-2.142992253028931
-1.563305223155591
1.858553682474895
-3.448235496310970
5.067013210139346
-1.055178110795752
2.857068782280622
-0.076620713383453
-0.045854721994890
6.272021667758620
-2.007359208118481
-4.501013543459736
0.066086607952146
-4.693074059436943
0.599335394063331
-0.118145341825294
-0.308588590516832
2.472618277755723
-2.611354566041489
-2.473873228558504
3.766976112871396
0.858764549259395
-2.023944545924842
-1.088203202230644
1.556560833103656
-0.943799497930104
-0.245079710233647
2.820058637913924
0.714990460361973
5.751716176583586
-1.129972111247214
2.271933753901063
2.104483681181909
1.467569250414535
-0.093673675155860
-2.836906323687272
-1.441566704955975
4.122099549564101
-4.399691524977344
-2.472563091850665
3.229703920777618
6.204644878017017
0.104819553661841
3.719788456230022
4.934864178403407
-6.505434341193518
2.346553378784294
-0.845008933077254
0.064039302280773
-0.738962592525371
1.539217844951364
1.182217533603350
-0.099577612261551
1.395359299777418
1.275459810387174
-3.820647582229062
-0.194620611110312
-2.717273734777108
5.630622539006588
-0.935494441976581
2.409986911865538
1.303689663657825
-1.977133004994563
-2.668606111214990
0.164418491422273
-1.154604881482334
0.489492398237949
-3.917847586911960
4.150463320564632
-1.367489700390136
2.058475251165418
2.372795478055799
1.747186163300339
-5.523442797442076
3.910436956048521
-1.048047900859179
-0.868914598588307
-0.887759725483682
0.142813695112355
2.775118008254192
-1.608257034253728
-3.139325880294188
-0.953239118158785
-0.241197631788399
-2.646242855667460
4.389539260630368
3.747569560974646
2.723798350671022
-0.982670986972918
0.984608046590099
0.194195856049767
4.359276871151276
-2.403666644267230
-0.300338180957096
-0.521479037931870
2.513740201073227
-3.742704396139007
1.819224415570855
2.504994828104576
0.593215467052805
-3.929514466286673
4.345115134927141
1.281534270964289
-1.063572892164790
-1.874594402127143
2.644794084120555
2.694714768867042
-4.622538989784649
-3.135991373500715
-1.520209076295647
-3.202269325810791
1.025293604263756
3.440423826248105
3.221166474258206
-0.801490082379799
-2.419880778207554
-2.733400896035874
0.659626640223940
-3.582989935620775
1.127194461710677
1.056647663404019
-2.173894335935783
1.719356661468727
-1.479457216403683
3.287403353543879
-1.737048029709598
-1.571396724678951
7.958988061530492
1.396664645796816
5.265022384323414
-6.654820661605896
-4.133649197647912
4.226985294215178
-3.852459181490330
-0.664663782531222
3.448220914643934
3.915487489195610
-0.068806237775904
3.683256573135818
0.024017137753803
5.487976824083539
2.011391813107574
-3.096812502987021
2.838779876676391
-1.137777464122782
1.089136252239211
-2.962307242732785
0.536736675879291
1.303105062065987
2.259353730403704
-3.040506568559131
-3.342908970300698
-4.332055638420748
2.144453788230525
-3.848051485878839
7.280112502767657
-5.493228904402030
3.196455691663215
-3.974742954143966
-1.619856932190402
1.805281952749897
2.162847290163698
-2.999899361297869
-3.298697591417988
1.404264150037893
0.634578191901305
0.144350417076901
-0.597472146954539
3.020667563320975
1.175258416019301
-4.960771655336293
-0.100318093698878
-0.364645142670846
-0.112549736609677
8.531403476380845
-2.200289981394337
1.290264010750640
-3.245832928854144
5.193279265498568
-3.970994860296251
-1.728271087223926
3.721776912320157
0.588991986193789
1.364113853239926
4.544562844290024
-2.806332797159317
1.701581275896486
1.543188747452078
-4.156746934915520
-2.291682385504186
-3.570559694145985
0.897823899327788
4.374016045030498
0.656800422248863
-3.364254268664494
6.053389595468724
0.776480764077231
2.297332222395734
0.835291868287490
0.783833469308564
-4.537623463214090
-1.462519728241905
4.042062491791408
5.525868036206735
4.949201196844050
-0.970793888703277
2.907266554842394
3.301099358216661
-2.359091557692201
0.778903359335138
1.975645516710822
0.966699120021637
1.309242894546961
-1.042395329664139
-3.818484722665457
-0.676309506949331
-2.794896139288102
1.218678386179982
-1.510859653990821
-0.242953140841581
1.546716877795150
-0.743148889830044
-2.683891271752075
-2.710820432559961
0.341248293502600
2.469091845320222
1.303428338541858
-1.520321926076188
1.698755104089738
-2.710161839662258
-1.451853240769337
0.786793360487063
1.289581123505701
-1.736495486661853
3.792056094898285
-5.870805065065022
1.486167157028780
7.412175017410530
-3.401215049605198
0.949831879050674
1.188097356805256
0.671804422402328
-2.791646594124140
-1.613132430270394
0.468717746415316
2.467388532209477
3.429318021585329
3.520921844710057
-1.953632038537984
-2.169294509500822
-0.326805670413098
0.937382130931161
-1.914573838718305
2.981863687763298
1.613501574941825
4.227996101288682
0.274393039362022
-3.871146689269457
-5.522664134476113
-2.101723382135585
-3.276923050059384
-2.680040203976012
0.345552179772183
6.538371752715768
-2.245770642637009
-1.731523289561332
-0.178945805546693
4.292699393796982
3.880314819476562
2.572707502550257
4.092938454940185
1.462939637691831
0.272100841259097
-1.593673758773215
0.794537480094621
1.681910028522334
2.460388240448648
-4.988194691751070
-2.135745623502600
-0.384924953150310
-4.562415995795554
1.495226815250682
-1.008272703560642
-0.348389592463150
1.722235841725062
1.907326643674444
-1.367341005690009
-1.438601009498006
-4.495490513188671
3.719324120329213
1.785993549278491
2.568522913196637
2.784149433154730
3.884369827326503
-1.529720700978652
-4.917627245297535
1.665904819013881
0.230002357215229
2.844015625451940
-2.368240797290632
2.291744828460657
-1.148012698365351
3.718632774730128
4.251684990072865
2.416878932210345
5.203520325979953
0.239896997207887
0.014362405942011
3.357918093594019
4.246625913918788
-0.596625511755407
0.312006136208234
2.128499162643283
-2.154481529082327
-1.653492419522883
4.553834679426072
0.293890641539512
-3.830269766433368
2.881336032415628
1.480923007664359
-8.827264736645173
1.395716817292700
2.759698125891328
0.251274442968868
1.136750845654316
-2.426449911768963
3.363902741604627
3.397655341110003
-2.975632586686074
0.468973083812677
4.677661783995132
-0.111643055967069
3.807920121800252
-3.016726552342154
-0.860701059436181
4.206156931474597
-1.068209169355998
1.590130639205158
0.152401648979444
-1.731747504006978
-0.577469149040439
1.122860146383251
3.572084570778419
1.893832228548249
1.540513749163972
-2.636807849187235
1.499934789239876
1.450179993290668
6.197662344314364
-1.161104501490526
-8.364487475098754
1.636341928432243
4.894778391817004
2.090631750508395
6.743124730683962
-4.841811531843135
2.945655079312950
3.757832757611511
1.203871684788740
-0.560302505116249
0.047884600744240
6.011231873298430
-3.040217314065210
0.046588004006547
2.700636341832234
2.690348662567531
-1.616023925626755
4.225045841581404
-3.936108478250701
0.609906728078715
2.371578293593243
-2.329323257997340
-0.914230799465890
-5.170608119672861
3.400042439973529
-2.175290789851005
-3.095235123616050
-3.335558030739600
1.048340983890480
-7.206497767840004
-2.431846527502044
4.659662464492958
-2.060126686911184
2.005691165897282
-1.355276641869904
1.335935312663504
1.205150533139553
4.736739917568408
5.264432523492531
-7.006184293499017
-5.882335136659397
-9.973165650004164
0.927884197796366
2.238051933635701
-2.343448844740250
0.682279606594883
2.002651032723466
-3.035314986011466
-3.475813782566115
-1.041712830205410
5.030316476623814
2.569669521930309
3.469096794368921
0.159413900209213
-2.151654669231422
-5.449695479268183
-1.775364657174663
-0.011138272049742
-0.765476711910019
-3.256067927264462
-7.355758729506656
3.259631888247594
-4.243284921511899
-0.236262917730812
-0.024133168713994
1.784317803114771
-0.474785077596015
3.973769937297318
-0.164115608000205
-2.040222289046195
3.555110001759617
4.476301879886339
-1.126844189912066
0.163829868871620
-2.781545179119595
-7.886488581657939
-8.986152482187395
2.454437544236401
-3.112190664090250
0.601636579834121
-1.307406483152250
6.084215305115525
-2.044330140536574
0.904763958044088
1.053375545054800
0.061487650383015
1.194667034767300
2.724620895766740
-5.133156104972269
5.793933654781485
3.271529660064615
-6.696139403011624
2.127148545295372
5.481115628740517
0.053969107539047
-1.066952762468345
-1.720320540531522
-0.870872118130235
-6.476634778276334
7.426596487520518
0.996236374541265
5.429829400299117
2.266719850466648
1.525869551067513
0.080826416926521
1.709200306705830
0.921003676411176
3.936157931491589
-2.247113238282774
0.006293716449504
-1.398982852771262
-4.836615995271429
-1.364352508159560
-5.089233553412877
1.612784160785432
1.224134774280520
-5.086227183909644
2.019018099189943
-1.180239006531336
-6.795702239320790
4.081333441643599
-0.954325697080404
-3.091142234563662
1.402665659063077
-0.943082853981242
-7.073873950605278
4.151798017500012
0.764820192204778
-0.920357487885094
0.561892272565517
1.618555427781595
3.419396818130322
-0.837893702497117
-0.623798444008567
4.002001790470242
2.041849870983463
-2.299758536297467
2.203826303002688
-1.478211822314442
-2.435983913948318
-2.392197515290519
-5.350995494845544
-1.911080925270843
-3.423465831522482
5.341504380313046
-1.354344365912268
-5.859076397571457
1.397983538601524
-0.269905230970396
6.720763833421623
-3.694938411067984
2.485096023398228
-3.415459685876809
-3.776567676956376
-1.837428046828360
1.670700923607222
-4.069627077133165
-0.892092831626798
2.616960585407448
-2.308363218480413
6.108096070841793
-0.184089232011077
-1.986974190190455
-1.517162955936723
1.677400140680732
0.745883850285790
6.786747738150046
-0.900252896421957
-0.427097368443649
1.242185038855300
1.135350268707581
2.011235240918028
1.877756488477964
1.057900727463718
-1.880281124424262
-1.509832593820738
0.778951298173079
1.330279029927927
-4.116210134091535
1.571747359631033
-0.919681095618523
2.318737155865201
-5.910870616093248
-3.431221319985382
-1.512718829505308
6.889543856309120
1.782344181604353
-6.175997370264104
-5.640096367132986
-4.356194217703663
-3.923241001512505
-0.789279554733790
-4.676027898285721
2.118374813895797
-0.167247520464846
0.827098511394733
-0.314919175568553
-2.516537483501616
-2.443184268927377
4.108465722355800
-0.455336783355055
-0.625110352345823
-1.022133459536402
1.055534662799479
-3.862258148464484
0.812259196965489
-2.683902640447991
0.651378359907734
-2.926710933298358
-0.322242080987327
-1.961105732482796
0.610348314482629
0.284219777005181
3.104670256688074
-6.212186673593677
3.066915664590602
1.813076674744912
1.548660009406360
1.531051715172848
2.131160565129951
2.635624173266872
-1.691829743248824
-0.726731367413365
5.004918266143931
2.871518888654711
-2.623752998783861
-1.063942526841682
-0.949513681550166
-0.588174632356221
-2.363846894828384
-0.642390765861068
7.741960170691325
-3.623655937610716
-0.995880221774808
0.805461808951513
1.628883251816770
0.366163842714656
0.570073430432520
2.751837466671370
4.034529573838198
1.991249601558522
2.023230273519473
-2.085856715779717
-6.393091720389979
-0.798275042976752
1.805821076528793
0.356293935860823
-6.060069478945649
-2.788983616471404
1.520782767741334
2.527165028537491
7.509113702473259
1.500839477175475
8.226375128781923
1.113541815432516
0.800452791969791
-0.976230638035537
-1.230191020557390
7.340335260664088
-4.076361322338970
-1.764703954103826
2.388081594347938
2.302466321269715
-1.006674550063537
1.375680970911089
-1.929054887622957
-3.064579512636093
-1.951925352028406
2.681152038007683
5.585918632635535
2.380207348136230
-0.822689870354043
4.133625658726153
-0.006982022836667
2.656091312251358
-3.919438930256117
4.824928837838176
6.077123450105385
3.088811308644912
-0.322917425168198
4.261744312265573
-0.747856061643777
1.666288855957843
5.504180569169989
0.263338500771903
-0.474289456489950
-1.762529939142227
7.148021842916187
-4.712435897258951
1.886686195284880
-1.918198734116823
-1.167266992893447
3.239114468228074
3.894643554442420
2.722619130037278
-2.943227223739466
-1.280263023147831
4.074635439123491
-2.682607342714211
-3.564923463005496
5.123583881418514
-1.054071769216528
1.079679423710321
2.191668031824313
-1.916204262594710
-1.732064233249855
-0.132819025732372
3.426986605217776
-1.865774896931397
3.774689048491572
-1.927106811589040
-2.429013637376556
0.317184623637305
0.843792028826220
-1.360835226370279
-1.987335350029529
-0.097617681673171
0.937512055052174
-7.109622020320336
4.784279670994148
1.099932619104845
1.322195989958038
5.651297971589402
-1.411413744298402
0.522682386345221
-1.159849273415850
2.447525723839676
2.935760304294283
-0.996337497027222
2.226287445684745
-6.088503968284193
-2.723303848473582
3.439040039636002
-6.732790582367296
-0.626425656050842
2.148853845760675
2.231450049724871
4.417860475696883
-1.608293242500548
3.594246112832294
-1.053309815454026
-5.478901047916066
3.945974619851175
1.336794803086585
-0.249287995762314
3.304428354394619
6.006936937665014
3.486667652373835
1.166299079621263
0.368555571597684
-8.540356385077239
1.609988712781722
0.751939373745895
3.035783447112513
0.349214260191227
3.116859835800465
0.279449751638923
1.462033050356794
3.205946844042562
4.649999260728537
3.236784142979476
-1.153351924348365
-4.493123159364838
2.703912903661389
-1.854454985076009
3.982830526322003
-1.875593652987539
2.285936597754626
4.486988371369202
2.389652790734424
-3.167712676329068
2.419963952602787
0.734020914877776
2.527357691299260
-4.858291363003674
-1.296045178433972
0.835029927707956
2.651314736629701
1.058162578254053
0.223183147459008
1.934978414270568
4.315913267108167
1.286467578442790
2.673383168160664
-4.250846521123663
-6.033205917272684
-2.720065737752460
3.657844773219625
3.595252355604580
-2.239914628792383
0.192230085427889
2.579940082194994
0.452805009233911
0.255702844523354
1.435368859495354
-4.902435109771208
2.142090038733099
2.821430010841846
-2.510447452168213
1.881529206560349
-4.485541984981264
-5.029604346842191
4.604827472013222
-3.478278775983686
0.378847279896778
1.503904801723975
5.614874053502238
-1.919351346827916
-1.491401537096520
7.772210151807408
-5.592826257968134
2.627976491977844
-0.877959444802164
-2.561769403489651
6.350168629482192
0.321109175576510
6.277661183146520
-1.233113491490059
2.067355671828200
3.355846254061539
0.324316201135813
-0.928224215259065
-4.504232127429931
0.394677914246317
5.358599143468231
-3.771453556792721
1.874943524605146
1.175227897890322
-0.206847291219743
8.078568528435238
-0.900540824367000
-4.769473683418469
3.002407741398194
2.402798089392664
-1.586608612199405
0.414622037314275
-1.929732233320016
2.262689177191652
2.291201292523897
-1.453785758669369
3.487980758499813
-1.688615370902618
0.135383184733863
3.914120817332077
3.457770938745172
1.025552774890356
-3.014849387487736
-4.023317980545461
-0.384904420139009
-1.720991130849511
2.430356968821119
1.490089318053669
1.238798510709379
-1.957565589688699
0.575891998577778
-0.868965760082916
2.155057921618984
-2.411107426665677
-1.995924509714318
-0.280986706071885
-2.624065056408515
5.623469241667471
0.683258750380018
6.942417622644466
5.474765546747179
-0.666375534835685
2.572352230250082
-0.566181500303784
-2.313474234054009
-2.678091666417841
-4.501858027600371
-1.739393055141261
-9.245401922891281
-1.434653881862679
2.867537579827635
-3.154106804549120
-3.852643883504463
-0.654872965148604
-6.375810250610923
0.820685383510420
4.787836840890742
2.164548814449866
-5.453316347585785
-3.632447288328441
3.693600052203445
1.804044437534981
-1.271852123371485
2.378645123978076
-0.223217953726707
-0.799690479288722
2.449700530842641
4.359141580411115
1.445278951129289
2.157378419654612
1.190215558667471
-0.806226829605458
-1.769975025177405
1.756665522117833
6.726689150495887
2.382496017373490
0.116369130530789
5.151774173209584
3.953698809649229
-1.156836809399491
1.949068749069692
-1.293363926974286
-2.285333934426101
-0.193809537086250
-5.808281621503738
4.222855238731736
3.705288794984871
4.611017993346270
1.763047743962159
1.712511715359477
-2.411711464278140
-2.486717275460605
-6.607851058683245
6.713328164409475
-3.121276033759927
0.600990388882893
-0.127450650458333
-1.846968199120296
-1.704774027090231
1.018345263729185
3.409685747046135
-0.828881840707187
-2.031818876848474
-0.210504175231535
4.790869211556650
-5.122201007648828
-2.332470470693742
3.025068145442268
-0.380047720397763
0.259382628415380
5.982505068160038
-0.194377594528134
-1.259498697189108
0.309697218300672
1.200659058080492
-1.850977612758391
1.133908688292373
2.151612237116959
0.447970595014420
0.170038560262555
-3.975137102835468
0.460732919941827
-5.199418599902968
-0.744091874900706
-1.019464916828333
-5.669746831078394
2.472416362091592
1.892188674046750
-2.822667163162865
4.566887035249247
1.933129626938551
4.404303152711641
-1.612246256767207
-3.536386985624509
2.603339563001556
5.996971977015344
-4.885231977282825
-0.737327643504213
4.325973939071926
6.593470981330722
-5.422966420068510
-1.485124734635292
-1.673237331642463
-2.176953203658145
0.449743720970275
1.182298690094495
1.782235766339900
4.699586000571990
2.878442848206459
-1.453126365780120
0.640083559332539
2.604791492485388
3.271244165583778
5.347992647529646
-2.646028270570643
3.252166565311108
-2.592946822841955
1.989311105286898
-1.215238081677231
-1.773049285322684
-0.841336511580483
-0.463153047916413
-0.888774476793881
0.660379046997317
2.945545170462321
-0.597881159304013
-5.324315844270141
3.866495604540341
0.160280808058754
1.931985448448724
-3.172079241453091
-0.523160837377682
-3.369865310779543
-2.541108468748625
3.008541665718598
-0.593303894545022
-2.532979413232761
1.007812701090322
-1.492236156266479
-0.015191235516583
5.852599652043284
-0.316957823306974
3.429724065700925
-0.983986352769032
1.804663321615776
-2.759564062864390
0.270255829930900
-0.884520229426521
2.898460288822204
-2.222682263561252
-2.174677968548840
-2.722259083786373
6.955430166618093
6.082307251951106
-0.064778066505544
3.282463393100404
5.061521342980114
1.413407738090211
-1.637320928223613
0.292702652472635
0.837486618926500
2.643559466128174
-2.238520094717832
0.577650988654550
-0.418576316370421
-1.389705960703028
2.376860963798631
1.839350189140910
0.139401048830134
-2.845491028919491
0.611139277449459
-0.425042958553522
-2.593144160106992
2.605885050130003
5.029009268857187
-1.509357643791284
-0.148375679704766
-3.019839904181576
0.784195456752172
4.042333175580293
-1.795583496518173
2.365574654743216
-4.649232138037845
-3.866875784285936
0.959384253273831
-5.667303981514783
-4.418775067869656
-1.239329922274395
-2.357312698051118
0.804712510920933
0.010020971587380
4.384536996484830
-3.628402999753483
-1.741585582871382
1.790007551834815
-3.099591305994999
2.370237669068318
-0.439676036900984
-3.231872383412067
2.813196187073838
2.471313890850419
0.471217851009590
-6.293067984657362
-2.714896001495421
4.593728647319059
2.618389261333069
-3.218151167313470
1.588452151281726
-2.108526932605711
-0.052527437154961
1.187621388782545
7.811956835380959
-4.094422480409683
1.530120123397812
-2.079611470647384
-0.422946029154175
-4.131460598086918
-1.525341816082892
6.641349045261374
0.056284597971128
-0.995501048072834
3.251472937459854
-1.546973927192307
2.914043470236773
-1.925147681405724
-0.959825185039305
2.930532119497796
1.853436131702679
6.753639875224779
0.396192243516231
4.197362623468728
-2.739662698765581
-2.948811258000952
4.531655690615039
2.509233224973942
-0.987594527513021
-6.135034301055255
-1.965562408486739
3.147984834440161
-4.553751683615053
1.891622753812525
-2.580124416516120
-2.219881095357900
0.915431873456630
2.094737225081572
4.019282698790429
3.514302561784895
2.727584801825809
-4.729401906370603
2.866701129233462
0.609006502415843
-0.529689573016243
-1.717872191625370
0.396915428558352
3.489037520692725
6.364355927366432
-4.557377239231979
-1.332360414920700
1.597659815476422
4.432236108191130
1.514901919723263
2.916538127654355
-6.242501191583495
2.882618969242099
3.259763274449166
0.318103236405284
-1.560029994012617
-2.440670688795940
1.597345507742007
2.900563497932673
0.557029333139091
0.414710918269271
7.933453990293733
-0.604777380460522
-3.074864482152801
0.460920929536080
2.792230311559999
2.565407400627373
5.184880703880266
0.947898134435848
-1.386756966503046
-2.588794571784896
-0.764199654823211
-1.820340025510817
-2.480220130634543
-0.851187831560295
-1.648640511943428
-2.707592642386711
9.075752478465427
1.503328825123358
-5.118763027613880
0.908573537629892
-1.647682894084514
1.884611143836656
3.165622448390641
-1.444584328043598
-2.628738369913380
0.036440910053820
2.052422441696803
0.554555931563475
0.527409283207649
1.708514289759176
-1.324946430891951
5.159650332871238
3.252806286913193
-5.199703149785260
1.739957095373990
-2.390634587925000
-1.218579891554046
3.107393141607610
-6.652513217519810
0.183890255959026
3.103873316935768
-2.751468785445638
0.395720218090328
3.667292332259931
4.502253011717614
3.821110325184045
-1.560418831589858
3.409896434415328
-2.136214246755476
-5.855156287697900
4.479301353066599
-4.220377418045067
-2.861011345687397
1.245996004653465
3.245935314892036
-0.945779320047848
3.198313956854011
1.943157938201395
0.932657065389981
-2.192374652838860
-2.922181095257999
-3.404151717222575
-6.957144784881742
2.889350725812271
0.197031174043620
-0.874200633901227
1.812060319272070
-1.249765429190304
1.654347258329131
-3.118193038051210
-2.448703506858544
1.592427023021705
-3.141084455266884
-0.728358910177460
-0.390537910902483
-4.948333170188185
2.613148441091395
1.828729228309478
-1.942463694857604
1.246057724946974
5.534645829301207
-1.727236178569770
-1.520828851337844
1.796435116669179
-3.700856248025313
-0.517589902187489
1.584361781937177
-1.549310876822717
-0.428980432204914
-4.416279408613603
-2.554532631524259
1.497297314218638
-4.793098299935715
-2.965432203520198
-0.603457344214278
-4.218605711059871
-1.227997220672593
-2.224070224338672
-2.140928854627073
0.215908996012477
-2.706953821398081
2.526634984136140
2.238982551128849
-4.071044864303800
-0.045494698948651
4.407319433218674
0.261845172584992
0.849426868181222
-1.906054632073910
-5.742346382705158
0.960662457298251
6.844308635686970
2.633533413626787
2.675698044160039
0.123516630206644
0.311042508295223
-4.899435761565073
0.969387139076751
-1.638824482354082
-2.382385533679907
2.892650111884794
-2.710694411292637
2.128292574082386
-1.181830760862923
-0.452564730391277
0.736455679259554
-1.561634077526145
3.640168705272114
1.693862102744779
0.864542751121782
2.931840901136812
-2.174658832928971
4.997933671485659
-1.900307053811298
4.921426456439517
-1.779122584194154
1.170156785732144
2.688432061872938
1.895340141736044
2.843015941546922
-1.627813262722093
-0.323417541672707
-3.767826312722943
-2.952864517975395
-2.952272230110632
2.190445614947531
-2.032421247480438
-0.012935202999690
-1.815725439127109
1.121302017208283
1.010764241489394
0.281874746798007
-0.059633250294524
-1.820641613962606
2.100882570813472
-5.215212011931848
-0.144375950742220
-0.556449497533148
2.329453932493520
2.470847894551876
0.394927095368218
-4.048294101824994
0.244229980374444
-3.474528935441870
1.242146843918363
9.045688716728367
-4.694164848602218
-6.765970519743734
3.283042152018476
-1.047867664316122
-0.697838077341133
-5.053192238200204
-1.486954526088574
0.188072254001364
0.623172927925249
2.608133489083134
3.532547160915986
0.292411988303816
-1.627921729692293
-1.556455365583754
1.793520695470517
-7.372380821658792
0.244742910432615
3.354746734860551
4.577217931424868
-0.318935026841499
-0.695263033070114
1.176125903532589
0.128059310341098
3.765079436207122
0.001365861720232
0.400375476744633
-5.990801020862178
-0.748652903089981
3.504640505283678
-1.584496072886423
2.329925304825069
-7.407316016718204
-1.038669248853983
2.585106976727815
3.228808625574839
1.415371811136680
-3.979965157573750
-2.895177479446069
3.425715954032758
3.934095149045999
2.244645596756263
2.332074554725726
0.618504396625481
0.529230648389149
-0.992236551164320
-1.449424332162864
-2.480873511188933
0.246372487974600
-2.567441196033593
1.152888028429234
1.051191449112180
1.253794517574613
1.014034846225830
2.115575323497406
-1.542995581702045
3.166773971943998
1.057684267999761
-0.739303275402886
1.687815582343599
-1.256062021252621
-4.313194651111298
0.647788403158893
-3.257216786730501
0.127489923821749
1.786354017490611
4.108604435734040
0.715094250766657
-5.309481305817827
-1.575713830396467
0.978262888103160
3.141916016070278
1.236278828945824
-1.158048578354570
3.474386314145302
-1.849531090023690
3.630536361743978
1.836076555477470
1.795207726161782
-2.956624325213729
-4.476748024115905
3.618552158823508
1.805641343363316
4.130973158276560
0.731401205508421
-3.576450412142929
-3.125360540418328
-0.559219267353650
-0.444435936205349
5.075361297105336
-1.529156165940243
0.817181654428216
0.493949818965763
-1.791311634274789
-3.880179070299486
1.039652596417417
-0.483162366198422
-2.617163363097559
-8.610933774330688
-1.108612113005585
3.078497840633743
-3.006521039324551
1.528640637748444
1.040297812454867
2.500085090751937
-1.031643646840910
2.505634056295060
-3.245037189686971
0.806337894624456
5.190130794939220
3.919960759072431
1.382654803969443
-0.566108038606864
-0.433729621103913
-6.084046916924566
1.599429562681190
1.520187936202865
-0.045635176546630
4.345547234012125
2.004743972125044
-3.740055124298623
-0.566012216553693
-4.959537704112181
-1.587755303852157
3.419136825700305
-5.069824222655753
0.355265954643863
1.260062950861174
1.627374243876278
1.397991031049960
-1.080520258088523
1.547014939283178
5.252990667476487
2.953725392242536
3.824001782105018
1.399281679863850
1.789092518475960
-3.191355549488983
-1.193641202675022
2.533649763008557
3.437836154186626
0.317994358728072
1.652318449320195
-0.306339065758354
0.687978535353296
5.356544887884628
-1.096179525700361
3.680898818908357
-1.080345827974537
-2.137270314179636
-0.806996195141181
1.110976767463987
-1.543739942177272
0.001771933911806
2.205860084464994
1.757340761187132
-0.056155460446270
3.713523720818007
2.510289968626140
1.770636641581931
-3.988430766406182
-2.355384744036233
-2.384961505241238
2.028636086046665
-1.817705543877790
1.917816654127388
-0.566532813413798
1.779967485509876
-1.055933050180443
-1.049863139573287
4.532904054845670
-5.566208121206553
1.851385294012176
0.702374230257544
0.067637231670542
-2.159117221573215
-1.454924804583375
2.768230788101213
2.342635077755571
0.913595331263391
-2.205351091053438
1.922699536839426
1.846361365223202
0.947726082500035
3.427932459813714
0.037180241142307
-0.854708081146805
-2.137551664172736
-0.924409164648716
2.128129330628476
2.470231861854811
-0.933846342117172
-0.020559769458433
-1.547476199229780
-2.197503165241318
-1.683530801259206
5.881556245221502
3.677876760401549
3.491329889606522
-2.393761595096449
-3.927166067894808
3.761145614121051
1.340367172758162
0.680676452952518
3.545593863720168
-2.831974014213618
3.399476783913607
3.703337133657338
3.858482188578229
2.352326766121288
0.498770989059596
2.123932322943802
-2.886094855816239
1.320767301594972
0.992711245968254
-4.192923285879520
-4.453342433106859
5.845913002588889
2.030921335731088
-3.534141787474332
-1.204167891482369
-2.637970832472483
-2.135841752084603
1.181784615008628
-3.722320332102669
2.148818115096829
0.954041093123173
0.025725834533842
0.428645516509842
0.415606744632377
1.677161802692009
-1.087988107367698
1.357776723679756
-4.194927982175257
-3.616181339702145
-2.908450223216300
1.065624794760509
-4.840918228523706
-3.625232831397336
0.452916420119820
2.178919150760744
2.905222630587930
-2.722784499674177
3.740000215565960
-0.378867848174069
1.445993534765257
0.577863720886009
-1.779147268581576
2.759695672160303
-2.044180123402500
-3.214789604203970
4.687763016062528
7.193278415202935
0.894613142404342
0.201123330736677
-3.171184786996036
4.972962901211985
1.028622166966688
-5.671568966710969
1.363508213284721
2.458148138343006
3.435428442115556
6.452195347551180
-8.742102663444228
-4.355034799611456
-0.443869674234353
-0.692336018715172
1.623707940148205
-0.936684464537573
-2.153364194288855
-0.231911961671155
2.267213439543870
2.222155752868793
-3.403737481821025
0.985139194229168
-0.049777697268722
-2.257595614331089
1.838214259343444
-2.845919832958248
2.302862187224366
-0.274936482522744
-0.779465236156396
0.806295165889064
-4.404046286399964
-1.361855759722544
1.009113220749662
-1.887863739058316
-1.619956406237837
0.788811759473241
0.639672022478585
-0.842486261140728
-5.975684176688626
-0.766442373495085
-2.473160218333345
-1.316001450941418
2.723524951660140
0.671178099541039
-0.206289534171723
6.365276860132846
0.330234649957071
3.585473275633571
3.355972092071405
-8.862806728309838
-5.411127853809804
-2.883321438850804
3.558442999546390
-3.282688497209540
-0.519079359363856
0.358029946955829
-2.971531029621923
-2.479526847824401
2.765857875300977
-0.388733015759322
-5.383395677381924
-0.818929270943954
-0.466719940288018
-5.752444543605868
-0.203378900084499
-0.433711720522551
-1.048968037837690
0.281783196166385
-1.335351895647106
2.163990633066538
-7.373465481271951
-3.488374123296603
0.520010405774990
-0.824981350948202
6.337726185229498
-3.380102658958467
0.130560104126249
1.048364105361688
3.747999358112217
-0.039846805668682
-1.944701225094598
2.403977514525829
-3.559027087135012
-0.083868340018034
-2.868894032753810
1.204988891288580
-2.205656939208128
0.481673896234630
1.551971904140883
-3.150247779320789
-0.327481309505097
5.953791938071063
-1.093481317438695
-2.042223279408456
-1.689925910445384
5.081009624208240
-0.525757589781562
2.642291379448797
-2.127508321306642
-4.955638095235303
-1.452030769626459
1.091270355360114
1.246315554172153
-1.269863555742860
2.783912129651040
0.377015281337533
-1.022459321506777
-0.754104502652707
-1.510278117265441
1.835995994659968
1.012685094857272
-3.826146610281739
-0.897393434098357
-4.103319898076575
-1.103288129644556
-0.754421179578860
0.198908823114484
0.835089895867199
1.867990903904692
-1.504647373038743
2.072255400614397
-1.337759391873934
-4.165296004865208
2.635872555136647
4.492015429373806
0.052339435039002
0.165078629723518
-1.222424056049148
8.714653111379800
-2.718063703596625
2.397702246001492
2.078388279348469
-6.968409479284231
-2.160445511554927
6.051190062313899
3.413878649577062
-2.926489082800070
-1.402960940159555
-0.034981949672102
3.595121094293019
1.410287019936488
-0.948738741227397
-4.111630735321847
1.380950231687786
3.660368169054403
-5.716059452488986
-2.256931093423516
-1.031670540399243
0.942417720290528
4.055510071752175
1.312025578003950
2.178830070954618
-0.966326692501668
-1.373988026135493
5.367233436855432
1.240703620735183
0.852516755171569
0.843662065362146
1.615038223851578
-4.631234934096103
-2.689391612195056
-0.497794322035555
-4.434579166211855
1.211684790765922
-6.094388859361872
0.073466807030853
2.086581234945057
-1.195375415735406
-0.629341060905713
2.223026147354948
-0.724794358278087
-1.870686184528779
4.145544638581522
3.975432102820766
2.772448873932448
-4.698711305638561
2.911489018727771
2.832586422085546
-3.508917304822361
-0.495588347369257
-0.721461360909857
-3.461712201142074
4.951972348040872
3.451093535775593
3.782447701081489
0.628606274993871
1.032151940250663
0.655998855692538
0.466228073824820
-2.477406812038964
-2.517079102916782
3.671708794087991
0.108540393707107
0.116803522904876
0.481033843727892
-3.566546432586896
-0.433939499374693
1.765178057165459
1.647377664059199
-4.459036618047850
0.901706657684309
0.363362632313374
1.346996546608963
-0.813489426787440
5.778669192171525
-4.355558097641917
-6.096026271393533
0.028375244374544
-0.996492065981344
-3.180785475756990
1.463583237927482
2.715615769530673
4.349522157100739
-3.832856601209235
-4.645438294538854
-2.393324194861706
-6.054982046513871
2.957632476306945
1.456084015573509
-1.228726809896288
-0.359910774853401
0.492864003279320
0.580458072279873
-3.230992175785480
-2.885825396837675
-0.558458268693315
2.037457849769473
-0.058134209918412
-1.455994520348823
4.204599746778881
-1.681450663384823
-4.212789872089987
-0.384232273661981
4.131879618341898
0.483672773960582
-3.754337140651580
-6.391808106703124
-3.109257553097883
3.821292309446262
-2.617558442328694
-1.472449653146806
-5.890222505526709
2.126147620916297
2.349784266645170
3.205622490910994
-1.446772580344996
0.640194095207939
-0.029231748077934
-1.029577827328510
-2.732076716904423
2.267934609218545
-0.448863482805925
-3.590080755022768
3.700806555978539
-1.450597888919243
0.871696281970443
-1.097945858104761
-1.733272477942684
-2.944085243241534
-1.071980017449026
-0.215140656026753
1.511507663821789
1.017646928006788
0.225102636514180
-4.746546177326502
-0.427124245238115
7.480983458246525
-4.247464753357965
-3.321319761378544
0.328343987648770
-0.803261610527567
2.877569317321186
0.983058754608965
-4.776062226029329
1.382576126205957
-5.529157992202616
-3.822325348621945
0.805572734641576
0.718130379612107
-3.421018003337819
0.585072491592984
1.431779143745453
6.172383437191522
3.955446807483203
3.652917906077894
2.864998958155723
6.693310662502845
-0.930078152263632
-1.261350430073830
-3.131447690785406
2.184158502417524
2.329319906892306
1.288670657530137
-0.184816160213476
-0.624515277473299
-1.836997832118017
-1.033194630868037
-3.390614196676874
7.509103267200431
-1.005028069775751
-1.977288134583360
-2.975752352457747
2.563112312098502
2.311262254037517
-1.599065960079260
2.821839051413781
3.613457978755406
-3.946630452672162
-0.598912081356715
-1.725808595918914
-0.150607030321029
-1.929567730297600
-1.878162761984978
0.260104181540734
-4.253249873850179
-2.806618300753544
-3.149559697711733
-0.478536576851038
-3.310576391034617
0.120235129328157
1.269689416245193
0.835200306109513
-3.519424948507155
-4.438309243342979
5.369149171205959
3.286993581178430
-0.502288824364685
4.424847646718522
4.568280189770343
3.464816471821491
-6.757286018160431
-0.246162663713150
5.711017534114352
-0.655144449407283
1.640942473677001
-4.704440039394274
3.993904238628479
0.773522890951272
0.880595600345587
-0.228758101747038
3.556532206574848
-7.642673071598264
4.766496675825853
0.463854978794686
1.250428135410691
0.375180472877171
3.865708545418102
-0.495659064429434
0.980901347737878
0.352317162530448
-0.352626600181813
6.889518105023716
-4.260618455710918
-3.403058584455608
3.680498521554370
-0.836669784984630
-2.815241239786764
-3.900273423329947
-0.386705576979724
3.726436640347329
-2.533984431181331
-3.230556965317998
-0.226503116608026
1.911913252969442
4.108144952005852
4.570967609063382
-2.371500385120917
2.912782425797552
-3.978769027778689
2.650419390532087
-1.289050937681762
-3.688297349518527
-0.023150463890468
-1.658173525658666
-4.577012343128951
1.793532077717075
1.260619241377364
-2.786806153680945
0.422296916424411
1.118853870066617
2.316058576204515
-1.039447119660950
1.673352793642797
-0.749680345167924
-6.295220321469313
2.411248253740592
-4.533399966672452
2.523173856552921
1.663494109749280
-1.140457911474793
-1.597759559155311
-0.018182000839920
2.830670768692669
-3.330949795379870
-0.084144036270104
-3.816892331202954
-5.114382030133295
-2.388060252936520
4.220418382358606
1.442476375693857
3.615354869563534
2.873876711439596
0.761259956447330
-1.193500455152610
0.672985246237929
7.429315834403760
-1.050157223905153
0.930832936064637
-0.692306965752841
-3.447227610709427
-0.447110634347561
4.483948751398642
4.199252248963878
2.147574825517074
2.005289600705408
-0.920930649241073
-3.107331568673556
-5.353998146369690
-3.832612050087975
-1.204337441053745
-4.444866622592892
-3.676494094833435
-1.619327354589994
-3.775794092375498
2.686513524038548
-0.434728810995169
-8.095300243423612
0.469305704247284
5.409081556462284
-0.778579634379852
-3.344995703819342
0.473675102454753
1.888742730546111
1.481251218706096
0.224412929754344
1.327358288770716
0.337818920766383
-1.223862269008114
-1.031868783608280
-2.795807495203843
-1.459409345203059
3.577542491690511
0.804658283166142
-1.581377133223245
0.029642204807176
0.920579955841722
2.207226757623421
-5.165350048504622
-2.423671337075235
0.655730746124593
-1.854421615466225
0.435079573195621
-0.984423013232999
-1.165023377537292
-3.099063381761016
-1.491642204854076
1.414841483417610
-3.647217769713098
-2.268344071251291
-0.569251070388524
-0.542285859701210
-2.824134211138495
-0.125603306415238
0.627619988648913
7.027513131086660
0.329162273657024
0.062995141947703
3.997914907042738
4.380445652828370
-3.651789177232199
1.690257941839666
6.658240291368394
-1.134374157182010
1.391912974556654
2.912050247060783
-0.449273313537737
5.210416008529712
5.435502769781387
-0.228753907465323
-2.607899682670427
-2.735059708041506
-1.307328242281013
1.325464410468328
-4.668146066602156
3.148639741090333
0.132204219182812
6.429751396075324
-4.414799062799101
-5.192490072702179
-0.338720621675574
-6.277476043877116
1.034698687249520
1.299104703172218
1.664672916217563
-3.242769934644906
3.241888692043539
-1.375551226277843
-1.557475489554013
0.940058674141421
-1.752368141073767
-5.947951305815513
2.991497421034850
-0.869650542306517
-3.071369300718051
-1.343659428373588
-5.698833288008164
0.518250243947771
0.332199455367490
-8.227897508883615
5.154846866290713
-3.261879086558971
-0.021808200854933
-3.720560764473612
2.952316641246543
3.693288838670519
-4.503763335969652
-3.706733573093248
2.092434423497589
3.193156942338669
-1.589361379319234
-2.313314779321357
-2.124559985884308
2.440187552444597
4.125922311179362
3.062345380401242
5.300970717633374
-1.781307399658397
1.803111595838884
-0.557321922523086
-2.766782697636802
-4.403792942127761
-2.080744012505134
3.018340985415824
-1.471846559927311
2.055254042430392
-7.471464498413493
-0.953032278760860
3.182649164932287
3.562744721991959
4.912175190252114
1.948982642813504
-1.396813120592935
1.430955616141441
-3.397197928782476
-4.917875114752204
0.257647870863185
-1.950797841172740
-0.184286637183236
-1.110719998984678
1.430176629973292
1.706252458213494
-5.298735079864651
1.533942358911323
2.556486829676010
-0.148211213162592
1.053865549269703
2.030968923696059
-1.693633495734194
-4.899018777162234
3.273092957847868
-2.044062063567591
4.075050198450249
-0.884540357503868
-0.703162615950868
3.891169583453942
-5.753134350783719
-0.659598810949366
-1.863111332423735
-0.972546154591915
0.885081397181709
2.666242739691050
-1.237689208135837
-1.396816250955745
-0.434025057836990
-3.583353618499058
2.344578318539720
5.974191116695160
4.995329449087307
-4.772921305781024
2.080088211673699
1.619014677219996
0.994381505430188
-2.330798245345390
0.064072280004533
-5.250674697056688
-4.065819777028974
1.188370954380374
-1.604736857598907
3.225673511409209
0.834971849936989
-2.752384126794527
-3.032490278909923
0.116208247093679
-2.211495443130575
7.297426512117096
-5.717306640719381
2.486756532756038
-4.390077928324250
-3.194475250464824
-2.818760958154718
1.118068796314115
-3.250234065076378
2.019051232485324
0.556829328593162
-2.758407918014484
4.072247430734410
4.222629718061564
-6.662649306321923
-0.123034540321607
-2.539534722766761
1.954724399658244
1.594010103411839
3.355650103257732
0.059500199074638
-2.730453524232457
-2.215475646115700
1.752789012651410
7.874791540555674
0.353159546476442
-1.226275656682930
1.955739730109143
0.907545188417951
-3.674571559866844
0.861808644640281
-0.212380553898778
-5.072583763176945
1.576151707327643
-2.993497404155410
0.588308085523540
-4.399155816400112
-3.178045269124790
-3.569294067360969
-3.852928560565497
-1.904693158697428
0.973858837378670
-0.380919218125499
4.500989786917551
-4.397328361154980
-1.120172753733264
-1.025472664337536
2.066266228986535
-2.015148209844011
0.193368030865297
1.535420465969393
4.383522333321465
0.926367462781327
0.545551453571234
0.677186158782561
2.630412205029321
-1.090717955109764
1.080304718589276
0.934627087634300
5.328771830509371
-4.696923582188689
0.744667052391324
-4.535177074937232
0.504106482785749
1.010138186969942
-0.652716511540626
-3.712131711988471
-1.286816499500157
2.718072766486810
1.412049704569081
3.825517387293502
-0.437311551405647
-1.976280053664997
-1.929351809005937
3.610740930809525
0.833996760989548
3.283849534502864
-4.034311343858387
0.621080265750327
3.067808075456722
-0.250598623178763
3.783322459947282
0.673094899822878
-1.589591899307135
-0.226747419251513
-1.105700868690499
2.358884610662515
-0.857182191589330
-0.947068650436847
-0.810886288063923
0.876926448749925
1.480684750635978
-2.227588417636849
-1.962992863737515
-2.873464841920131
1.844817176124411
2.837409085388588
2.892598662253931
0.667445786974320
1.792065584844862
0.056307017446306
1.064368654517819
1.958724496452004
3.653733159111114
-1.602385995129526
2.356145026651376
-1.595810821670552
-0.731899654374663
0.583509186011218
1.438919573057838
-3.185186047485077
-2.345233298392574
-6.093177471408880
5.550476585744492
3.347721798763526
0.016615215799329
0.612102353559333
-3.204770661928465
-0.116568278973122
-0.798497120973038
-4.357413274398123
4.571866346258378
0.376084462504665
3.895819210740112
-3.363088278433205
-1.375367849494387
-0.333408718986391
4.932504456027782
-3.982585501182916
-2.828459387954042
-2.053951557949894
-2.018023372246703
-1.077156729601825
-3.323500100161265
-2.784879099563387
-0.488618698642683
0.828779227827441
-0.689050665612421
-5.789863462008356
0.339291617136776
0.731615181989968
2.251630968052959
-2.343272187456801
7.064921660283757
-1.475948751479104
3.587722013371736
-2.003152032571574
-0.492037256086421
-0.848711840345107
-3.242702466166618
-3.344344487093222
4.663497800015364
-0.786723369806801
-5.026063065717881
-0.595369777090894
0.273176519620532
-1.858150322186286
1.005758955716324
1.918849474811713
2.947787346910260
-4.560987947087439
-5.535653509743205
-2.124846277809116
4.175971543522420
-0.803542065475563
3.746868758644277
-1.120542944612921
-5.308516474046572
-0.471841923522838
-1.748574870254021
-0.305451077070724
3.903317924427641
-0.986177498715661
-2.788900109229139
0.153270147656283
-1.256698449968681
-1.581510910062806
-2.023790880858987
0.673820999166828
-3.347983254040654
-1.712340617373071
0.579352125889654
3.749381974085347
-2.043617849021239
-2.894761027632290
1.477577481020416
7.298725359646260
0.124211010387566
0.461501611861106
7.427357577372800
-0.271403995856493
1.412901515668730
-7.126919592863016
-1.804465268222698
0.467066302149957
-6.667657998319509
0.102134384294355
-0.981415270167308
-1.222252345452250
2.719364830454669
0.517169614090871
1.768878196472493
-0.525916864258727
4.003667357425291
-5.083706526151576
2.337544859178408
1.768820322405431
5.022923983518108
-4.790072107685025
0.029148476993126
-3.911273687334521
0.526942211041528
-0.599667143727086
-2.908232541766639
0.931660943113492
-0.023216601136429
-1.792441677204687
1.073900987411943
-1.442649708990634
0.872578691527500
-0.094948235064203
-1.683874890680044
-1.460390584307577
0.514921102893328
-0.784755527136140
-2.378641689687272
4.381628346252400
-3.321206359613903
-3.007724447262771
-1.752022829552903
1.812199956564186
2.567925076941670
4.369321497422732
-7.109468641241605
0.065111448879936
0.900304727983608
1.565513629795188
-3.147968810168481
-7.077389737293190
-8.377114934575978
-3.040525658338310
1.406343242612922
4.750270725447994
1.637419861970975
7.795165391246992
1.219143155235871
0.621139993445231
2.126143269642765
-1.824571282118904
5.039222807279868
3.176953791707840
-2.268506961470216
-1.830350860536792
-0.094478268619545
4.191866670260971
0.569545853145095
-1.302833858417796
1.084124148537527
-0.659353245836559
1.643523945137951
0.392169972979460
5.639062666886005
2.347212168848196
-1.691308348850697
-1.954669436973173
1.700643008288156
-3.524740458189474
-0.539226368152121
7.488872574366750
0.068231882377675
-7.248594962736568
1.447506923694091
-0.817723600959164
1.697854855138088
-8.260219079749680
-2.465554092827654
-2.929161896669839
2.564097392881483
-2.325578915359568
-0.503457597714289
0.942011438960595
-2.186124686060742
-0.123816848361685
2.070108897739238
0.830662255558512
-6.435585757435904
2.443606225559220
-1.660911693590975
-1.314507957304828
1.162953040900886
-2.206406149529120
-0.834522202310524
-1.812218405653324
1.452558265986900
-3.332919675874193
3.240060362285023
-1.285090139281276
-4.163803690621878
-3.859580399501006
0.215764147242995
3.097433716847129
3.612100614282556
3.128350809310329
3.023915986311341
-2.247197331798430
0.062208168247542
0.530852634843255
-0.036358615719021
-2.982965426191532
3.189413493191035
-1.480160844772403
-2.684861111594536
3.352424826826348
0.950115038604201
6.164642645402589
4.103317041989214
1.219329033447455
2.364442129232457
-0.209823412353613
-1.040377474125636
1.041716939448053
1.816554436989770
0.925987024506583
-6.171076567589222
0.381648929211657
2.362036207112484
-2.887738593338613
5.577728592432385
1.040098536316890
4.921073483135633
-1.745272481710394
0.381449039832746
-0.219162307948349
0.829923484344216
-0.534965369403160
-2.076290938620242
-3.893618159299414
-7.952006737846298
-5.279169070309695
1.655937503224381
-3.767968548972546
-5.377791752190286
-1.028600131151869
-2.089410701542260
-1.062095929726180
-3.783673323963316
-1.174090971717147
6.170626874958105
5.301608733057693
4.807629726463126
-1.350173326221138
5.836918223806053
-0.619664932276298
1.383795121966325
1.245493615936333
0.349568053809169
0.570727533916805
3.530314443732219
1.318164431283989
0.449149050504801
4.819621817485825
-5.659174116487772
0.021757804526128
-1.113389459412105
1.248233973709083
-0.016520734279824
2.011849802782379
4.419663574398956
-2.541430060585528
0.044733419346358
3.881056993458634
1.458715535456546
-2.257414870878053
2.690740703074672
-1.759036928215223
2.175932898633615
3.963199984967072
-2.252393928166862
-0.567119147059465
-6.336504909723906
3.389785689474557
-1.562158986230504
1.580104789689633
-3.259074916232025
3.491162497550549
4.355439157684689
4.600222069079510
-0.843452691330012
-0.492640442447466
5.369110446334834
1.319004839162171
2.404607305762182
-1.235029547046661
-7.041556028243042
2.678096361957440
-3.264783477625906
-4.950845745956476
0.875122389037915
-0.671714617095251
-0.724120122048169
-3.527657426749581
6.501320458996068
2.393148902049894
3.329208125376066
0.511089789902795
-1.752111613571506
0.566213978258722
-2.806967881313004
-1.498371869097928
-1.836391445284323
0.876086157179075
-5.449084768686501
2.074807341331153
-0.498055273970563
-1.349592793134287
5.436601800080120
-2.227847373615570
3.252984123976646
-1.804621099681226
-3.235190535594062
0.449808829010690
-5.197661222390472
-0.488440651564573
-3.295779277586943
0.022027618043318
1.411834236827396
-1.807132277731717
-2.187789349943885
2.022417883141389
-1.901171445174096
-0.269859970314666
-0.795940816031576
-0.088897009468854
3.254552716317154
4.737197092009713
2.444974254792236
-0.429219574708883
0.835539631379363
-0.862748374746609
3.108475706049068
0.609949889180419
-9.929396756183447
0.362701146292145
1.369577782569923
0.751243609243941
1.677725276031096
-4.781733135692444
1.293583274888455
0.250363654001990
-1.136608877140854
-7.224067994635963
1.064276759852084
-4.555971090980414
2.308496711169563
-4.332807386404391
5.551647713600037
0.047502956943087
-3.421629703229055
-2.787489435531135
2.292066239189534
-3.325705967575463
-3.685538570076633
-6.201298506254285
-1.179320190862555
-3.377069393227960
-3.048243702933165
-4.046961808128790
4.021117520217579
-2.578577108234172
2.637817890852220
-1.243992620741828
1.161771379412825
0.572770790400256
-1.559822181746029
-0.780898394144514
5.348843476840560
0.025330433598289
-2.672435072664739
-3.062101197718152
-4.073396092999625
-5.709199654740019
-4.249010344842929
-4.038031454283789
-3.249845192641714
2.037259703242040
2.472182843435630
-3.815063608669828
4.082771274834072
1.864624230410590
-1.256932638769238
-1.706723150617293
-1.231115808720518
1.316746874229180
-1.601942290398183
1.785765551336037
-0.753271070702020
-2.209009655837952
-0.470177439539277
-7.159709518283603
4.907467326585096
0.196845619602599
-4.447989308860896
1.354867649230172
-1.586592325706771
1.608910077917417
-4.994257060531503
6.338020438772489
0.508532567844079
5.734872508341486
-1.437110253007060
-3.168356483686422
1.799818845138840
4.368181904294100
1.685605846768478
4.496356333389881
-1.020054828282299
-2.269392873875278
-0.727093905754087
0.408343001232141
1.697262258944031
-0.336884087787720
-0.252313411908234
3.613512326598068
-3.873666304535158
6.201296677992734
2.690618935370696
-5.629486125481498
-4.162749428458415
5.224162272711765
-2.130975134063323
2.254721453251663
-0.790561944965453
0.921006071806768
0.745089228243956
1.371266846646824
4.662660289891664
-1.655708942088318
-1.164250445062710
0.027367375211977
-0.194727345772110
2.186901602081765
3.800961953517213
-3.951550210279327
2.856502099553139
0.824932806834196
-2.026749550340921
-4.142889463648493
-2.094421208987860
-0.320529693076586
0.023037318532543
2.252503953892992
0.546304925449213
0.438890783444076
1.425286933252513
3.826331074882340
-5.247887783913397
2.385781172073537
6.709088271831499
0.227026537826423
0.479259438076042
0.032880785422792
2.981156010904589
-0.057603915013131
-5.937864816705607
1.179425576872085
-0.817553646835685
1.055608982830783
-2.326223697882425
-4.839837859606011
-0.492209342214956
-1.588528767398163
-0.130072857566184
-0.106960977339690
4.060693425547214
0.912967432714618
3.711054555766641
-4.798576628411745
-0.909567608872310
-0.733107549861731
-2.928318427025700
-2.479879175275781
-7.659786039308082
2.595484033140899
4.268838989513456
-2.722742838706981
-7.542440160931177
0.544751831353244
0.982925652385010
-0.713838248418496
-2.731377792743688
-8.638934762584730
1.523358127134334
3.236811560893030
-1.501189812129697
0.500921961200714
-1.147741024650471
-1.831281967258402
-1.185215957140733
3.365790572846985
-0.141214681407307
-4.392091034381937
-0.498558175760187
2.644906946028133
-0.022409972306223
3.197265150465489
-0.478263831210446
2.037234759884394
6.870406103058555
4.199806307663780
4.089071744325214
0.812813830138943
-1.759182370553874
3.437248665140158
-5.361295779940455
-2.739302476808105
4.368384685992165
1.442067549853602
-0.777375060957515
2.404495578252559
-4.383064309462869
-2.259026262986290
1.407157682891907
-5.765657902765116
-1.766880507015760
2.231420251961791
-4.120262674343025
-2.664930335585330
1.591124873515848
1.192021469417085
1.799080530216500
-4.906260670609936
2.492626157510927
-0.100995222759147
-0.179490035020513
-0.286051065169973
6.197249898092339
-3.639367769322827
0.179162312866367
1.318675577131694
-2.340637016014686
1.977956480503928
-3.143926337124459
-2.649041208454587
-1.096008151715484
-0.259395486988200
4.666129074369546
-5.141471887296871
-0.154254301267066
-0.169147202408065
3.249638248454722
-3.302433676592641
2.550630599755692
0.960227607752967
0.293653214641094
-2.226225676258844
-0.655679209775579
-0.364121231789730
-3.695124514599672
-0.330890249496143
-0.878696970034891
2.330699912403229
3.627627068958483
-2.168937221444497
3.356492859563790
-2.965189297947783
1.451715881290867
3.139701662384312
1.189672171596629
-2.669979385043556
3.410348090418207
-3.726198442309275
-0.501118192826529
-6.201585549057303
-0.415968296773967
-1.320190323200937
-4.347046920376126
-0.665261476818445
1.922992988926568
-2.215807212496581
-2.163216711323647
-1.772143843964362
3.745591654339572
0.713628187400101
8.846633448388900
-1.957969406820931
-0.627661916449744
-0.794580414689404
-2.328565147625600
-4.742327288736019
-2.678983016895214
-6.701831519500481
-3.507892566986873
1.272324920102661
-1.465142877897383
-2.619249950452367
0.227841020940714
2.598868536896401
-2.479618956397813
-4.897645313657001
0.097868490043971
-1.494807773759140
0.822863445663804
-4.004750523332399
-1.257545749086082
0.266236458128773
0.747787599479554
-1.616530670950364
5.300692716776800
-3.892696767222489
-3.442316938704538
-1.400231071689755
0.582007306186085
-2.371991962242203
3.717263600396840
0.585900907223086
-3.010611744205060
-0.837717031733379
2.918527434571915
-1.209511484003805
0.561455798390117
0.328635023591166
4.320886718044387
1.791682629989367
0.033237640572904
2.173340048983068
-0.232641874623321
2.935595531120124
2.921593854858445
-1.385404124625220
-0.468895604151618
-3.242568469257172
-1.163223087339360
-0.590859862517295
0.070267324145497
-2.093837652244100
0.987130931644971
-6.501031477408915
1.603819265537163
-2.487683904098871
2.577694935226410
2.175894021893228
-0.277642217197043
4.629086372808463
2.509948480041030
-4.369165528454626
1.294171564324600
3.780542070950750
1.756538428982874
-0.891671515579816
0.512672772564847
2.741509676774994
-0.543200237671439
-2.809718271695849
-1.246245210310625
1.168535128898698
-3.222581589142858
-0.507277428742097
-3.175215657180826
0.955596086286142
-2.753818287749461
-8.102579245609835
0.133703485838446
-1.604869659362604
-2.144935356360941
-3.425950450194134
3.544353556020832
4.443909675116293
-6.969200019995604
1.952502417939095
-0.400856647862709
3.071098362897783
0.743041669032254
1.142326750472539
0.018861446456701
3.212789289860295
4.663099156500492
-2.665881633146835
4.462650743304181
0.065053071998722
4.814614428225470
2.241704487733884
-4.691369042754794
-3.580151382011045
-2.923710854988752
-1.704710959144379
0.570908670160869
0.154113118272756
-2.000706027363965
-1.929547258364757
-2.203989699718290
3.488175930579118
2.919939438710225
-3.198609722392509
0.250722945865746
-1.096204537104718
4.298723832268854
4.563386376769250
-0.397818838340157
0.418343973938904
3.285800600053796
-3.983991471978571
4.744081535673426
-1.014862697101133
0.683495848955701
-3.567033406469954
-0.699668477803687
2.153792258710727
-6.329156796324225
4.717915193773647
0.261127741036971
-3.327283302693384
1.559883532158284
1.675915980554133
-2.274680707894706
-2.121025055525736
1.994551265259824
1.148532994627447
0.271070316881273
1.508029856518075
4.184825452071625
1.965112758952929
-0.482740898132598
-0.747033432116588
-0.014879902104928
2.350730862926155
2.655099602586406
-2.453059214220201
0.565027573529919
-0.916157392976197
-1.887444914388923
5.772503277185475
1.499018697574886
-0.690199709973447
-4.358447393251310
4.676018790520351
1.637652534384474
0.990037411852337
-0.468159220300740
1.287888513964319
-5.274980006621695
1.896919886367350
-0.639377139626264
2.525156539945169
-3.613321798092002
-2.657878397830300
3.502569031224793
4.705576867828684
4.958830856427357
-2.244292242839647
3.453360343710178
-5.172602133004311
0.233863567283946
-0.175378867642647
-0.027715931238460
1.760975688367753
0.154469893903105
3.620268476738127
-0.745771506518311
1.395352573121033
2.546239101296744
-4.208574424067309
-1.336003691415163
-4.677204121490553
1.764851299834655
-2.324467848238226
-3.753172782138539
-6.419480753387849
1.056292492950520
7.381548747616182
3.700455301864403
2.667804593269310
-1.071747325257351
6.459540395910937
-0.354945925702698
-2.146377257394192
2.960499036189582
-1.756248348272891
-0.247373588218916
-4.673851553652365
0.154702396221391
-0.019957402331452
-1.458978908082854
-4.346228425314851
-1.162191841211308
-2.524275988398557
1.918105112930141
4.445333980228594
6.338176773032122
1.801662505201239
-2.151377298704117
-2.868379078160643
-1.180395396368558
3.680778714079701
-1.335537509986734
0.543372704604702
-1.449807379383755
-1.240385708582732
6.025936101293847
1.761325344153373
3.607435519521132
-1.318397835500055
5.456525966321637
-5.271522546682290
-2.424606857576245
-1.128670833820745
1.064361357817754
-7.803573332425815
0.988124099421054
2.557732955922608
1.899286344599850
1.170210123588229
1.265008705558094
-0.796152814390450
-2.582802428269715
-2.777823399167733
2.581037434369976
1.859582883306208
-0.308169892256305
3.139422911121123
-0.675871519766631
0.609845028523252
1.105088253136349
-0.551154281842114
-0.316868676787324
3.711324809300192
-1.672415204985309
1.143808753802774
-1.321698271724327
-0.725769524856101
-0.891895912718096
4.310133618010848
1.063503646146718
-1.648810242632427
-0.146671590368682
-1.576887196798970
2.580314089104936
-1.103639520480556
1.818607002812115
0.352724820894589
1.411952193494723
-0.445251299051593
0.038595590725894
2.903258660299004
1.176998021715122
-2.083500666886863
0.680849657980346
1.382810245617788
2.171297326803014
-0.485444347782303
0.840562714957616
-3.530666904529718
-2.403064324208802
-0.575065832656475
4.352209073673984
5.261515830031353
-1.350920524239886
-3.851141751220183
0.077797337189979
2.012249177812012
1.398868285190997
-1.491631561859961
1.225582681597808
-0.070240721228746
6.793861992626177
3.791652581985542
-1.783188818444021
-1.933285088860075
-7.684351158565918
4.344533540084045
5.798376300362498
-0.210472783579636
-0.753902815536918
1.705650968008416
-0.391976137804130
-0.135808935011273
1.759487037170208
-2.740483129019138
-2.799681221995010
5.326806356212009
-3.622341281295796
3.656276811745535
-2.512064621637829
0.153111624437688
-2.079969700003113
5.896747442112466
4.381303269535735
2.257391332148982
3.193916670485283
1.775039829408108
-3.986396265125622
0.119288130645954
-4.903668293971731
0.921608845853787
-2.182607658920390
-3.451567461601214
5.465152495403681
2.056461910422997
1.336100906316196
2.471311218768569
-1.211200707182283
4.109066089556936
3.018011707143995
1.834808772779375
-0.365742056698748
-1.033672909394471
-2.190063448221362
-0.531113052899629
-4.341158065528310
1.598458346232009
0.304385307607742
-0.828169569898383
-4.413274557123581
3.464983757046333
-1.624836832312870
4.680828749513510
-0.037057269738803
-2.899390323179330
5.280606782843008
-0.742463465224739
4.145269103404298
-2.540331699664275
-2.748319149091350
1.530060220293997
1.094785220457815
-4.577056530422067
0.093529424625622
-3.104573100520096
-6.833210445030047
0.077041708464300
1.387414459712187
6.401012557735922
3.990880338370617
4.118083869435760
-0.729412406591218
4.236450994074390
2.655496342757170
-5.692522471377358
-4.188324639354043
0.328483438666300
-0.779478838362285
2.215810108492003
-1.566440378844730
4.339488745385485
-6.667848954644956
-0.766805232836260
-0.735159227040810
4.236832314447864
1.270102953797792
5.102756664024435
-2.796591830642733
1.044640570530095
-2.353023727259677
-0.878673142789262
-1.643194408310817
-0.696741510928378
1.875151719201039
-3.063349267972159
6.343687893040469
-2.151718852659729
2.510283477139290
3.596405666435168
-2.050602627485561
-0.896241676059834
-2.488758514939814
-1.787285759469539
-0.311035456445844
1.953219762827476
-1.364628007693335
-0.259157544475129
3.049945636946406
-4.361590065553336
-1.542268281931420
-2.839581237221050
-3.456763378575204
6.338724393800400
0.863576402863203
-0.530749011694728
-1.481274795437440
-0.066209671790508
-3.885154601820790
1.776042175650820
-1.394356350603261
-4.975170757448915
1.416067591810370
-2.257605494014558
1.685654952680238
-1.741457142838366
-0.905406379250647
-1.660434436841146
-1.418306569563976
-1.830460733986788
3.247839000017257
-4.043045476469460
-1.521201493233139
-0.192387618318775
-2.665136025466385
3.578608527105154
-0.455184000481832
2.797013772459738
-5.738887046197757
-1.964651474550258
-1.154547028153000
-4.323304526495405
-2.912824590620528
-4.492913277891653
0.257079204501032
-3.177359001649910
-1.413745081954783
0.122136238869007
2.640270875851452
-0.663256665365796
-2.963157076351169
4.078459316831366
1.737030796314077
-5.128921246530172
1.842634064097197
0.589234314487313
-3.401640690380055
0.313912754948037
-0.666707500640758
-1.522523652539989
0.635572762237014
-4.103959062118995
3.525720843288093
4.024500480609642
4.634808502530873
-3.743057248509477
3.900228785667763
-4.661417715918567
5.212295141501335
-2.339759690585447
-0.004748484378267
1.228603752632090
1.223178739799849
5.575471171782372
1.031186413616185
2.807974759664453
-5.428457566718505
-0.932682819292102
3.980813767502733
-0.168446436677200
3.240629313800096
3.314344604410198
0.826370539644706
-1.785622343201973
0.847156511295367
2.134342327392508
-1.309686069240756
1.154600565377248
-2.849952580951387
-4.207894260891928
1.759304853656630
5.435428466978881
-1.368370040868693
-1.727484714763561
0.684999429149037
-0.242696457301769
-2.951985839035907
-1.106930373388911
-1.864917835842608
-0.622737801233397
-0.882547736453820
-0.609782742165467
0.643630861923488
-3.669196404230333
-3.448922775428606
1.638869853645601
0.730294372006694
7.237144509242174
2.215335540627722
1.155339667427191
2.909933085243505
2.418730833407916
2.586201563107036
0.791966211074593
-3.610483384087853
-2.066031607010826
-0.693504731121971
5.281364168811179
-1.575248201119992
-1.422287631254247
-1.194258852285304
-2.616547029033436
0.857867727676331
-6.369276939730764
2.983292822429576
-2.793348629564698
3.516518463141248
2.950525723707961
-2.037560376055291
2.773530587887692
2.368134516820729
-1.008805683364515
3.361648248792189
-0.197880120492267
-0.194905406011074
1.115568760601832
1.002151704775598
5.382448910032285
1.285990343986098
1.874734892096143
-3.102175716594838
0.134183428206290
-5.247742003150157
1.051196945416085
-0.913591329840034
0.828515275969332
-3.243752630374421
2.872876935473694
-1.274349261461879
-6.842956037480938
1.043907826152762
-6.241371239497226
-1.634149723374191
-1.065986523583998
-2.876902830520845
-0.295738218026443
1.989662938680401
-1.022975705633186
0.524407247446533
3.517261338004615
0.311087119481123
0.683302293969096
-1.329067444203424
-0.018943773979394
1.388336384415672
3.182098934118792
-0.663385515026304
-4.253630758282081
0.555707572322749
-1.289164992753770
3.444509787353025
-3.988642610118932
1.870486047391421
-3.029365650139046
3.011160518977896
-9.101559577445666
2.300371664729564
-3.587405836032012
-2.258910009691427
-5.722972889155914
2.598937433868663
-1.399864507194592
-2.187872442423727
3.959617558405111
2.552714648308499
3.693301229260109
-0.872214049591988
-0.814819151600070
3.876111640575422
-0.472855165752924
-2.108549015643704
-3.116291735026170
-5.692936778898902
5.110370064714171
-1.591326413437794
7.288525842001039
-1.459172810603162
3.597340152520078
-3.339190676743541
-1.314840154264288
3.822018046001238
-3.226533811584202
-4.469858898615325
-1.788602219575136
4.212973137576565
-4.844790205016167
-4.622133713844748
3.000954770516984
3.612917805144093
-1.634105086999076
-5.109733514976268
0.741791949231400
-3.625924854352574
0.256953663739888
-4.261126843718706
3.076552185666567
-0.752205583074358
4.029804256916133
0.352277923424197
0.980016844775524
-4.819067114567431
1.748252129661251
-0.330677139132510
-3.084940310928225
2.247612072244675
-1.845714561764386
-1.117376092621654
2.682540424172668
-3.052580438261131
5.579830087452992
1.461115183140191
-5.122022728412186
0.360638188252551
3.664268888664552
3.059843494565973
0.575372703638922
-3.456445619945316
1.985129555133289
0.836932325122235
1.703528652627176
1.479485172529583
1.582686033431879
-1.300879170663874
3.398132192226475
-3.654110462369680
-0.677657930071101
-3.515538870876141
3.652888004987610
-2.224240795539829
2.142649113058244
1.597136898942682
-3.069219296641629
-0.304500893453507
1.059228333638250
5.925949371778718
-1.706025258994943
4.377380245080913
1.043317812024382
1.945485977340226
2.983025824291239
2.638714054897583
-1.301870966104635
1.095403762996763
-1.190541090412947
-4.313787610401790
1.357148551489737
4.311417060087345
-4.999829382430032
2.916226837634118
-4.741803897842265
2.918408630255840
-0.528512974585492
-6.242614933689847
1.056906676545489
3.298260566584361
-2.059240607875493
4.420474400538604
9.033496987875148
1.861366727509656
0.720564168607677
-1.446696378238772
1.247698438517490
-1.747833946774638
-0.869428654341565
-1.725384358726577
0.260081708521570
1.726891053237377
-2.518878289946094
2.772741109302078
2.726555046950105
2.307460795958710
0.276707957651184
2.854195902919024
4.121549832547354
-4.711497613479978
-1.505783176086657
1.020820870405195
-3.517098668620863
-4.492084261880538
0.765687677891963
2.914578911545620
-0.050059285278652
0.286533961008436
2.839122806933324
1.139343702594342
-0.753337633143359
5.279373815496340
-3.041695030097542
-5.070973948562614
0.498704357887920
0.234877974711675
2.928870063185960
4.835392104553802
-0.595111865385767
0.704046646961700
-4.095784155558679
2.507771579046307
-0.275713785237316
3.718885188777483
-2.476989623731187
-0.041733295903420
-1.094438436077871
5.643000660438031
1.468430187088414
0.148097333659367
-3.670203440094900
-1.755309049677494
-2.163191183203542
-0.934419232794157
2.095838163299969
1.029227625238541
-5.298441609691518
-2.824469907621904
6.097233103009641
0.508583271602985
1.913972400628872
-2.050631515810458
3.382451665727972
1.730621953588777
4.662097061103979
3.462971431774850
2.684846718982805
3.285890451364069
-2.351778488586830
2.623894272245248
-2.109007447358842
-0.983221976146512
1.709733279523819
-3.691315954637187
-0.654967573518769
4.600398073231691
4.284723983575117
2.657523383293142
0.509040221523206
2.056920085715357
0.533887627973625
-1.058460124235922
-0.159089097444527
2.967207490736060
2.528860750049561
2.764975536453386
1.684801894898725
-4.983928150871349
1.493878637655983
-4.555128639534767
-3.049164162872832
-1.370696093371562
3.199770040610914
4.102586092671391
-2.787731635192594
0.976636069027183
-2.017775809851333
-4.651160380051286
0.519860241030420
-4.502381638250413
4.560430259009842
-1.790888020905503
1.627488734857498
-0.176788400462866
-2.677669914436718
-3.058273356149917
3.472020720969254
-3.368615687823603
-2.352294272656601
0.834750447529647
-4.121477905550028
1.848904566721274
2.812283895295043
-1.572447768050378
5.918863328750707
0.643504255149362
5.314529563697570
-4.102836004983438
3.904242087555984
-0.459772472469793
-3.152164018952374
-1.804711589428579
3.274780710889083
-5.959163548768337
0.711765541916490
-7.395026922616197
-1.011496631100359
2.008323708289085
-0.268910887900820
-2.959924161397619
-8.593171691002034
2.653758710087534
-0.535634386018986
-1.149261728986837
-2.304859376925575
-3.035098596736608
4.432028562704216
0.840853560218789
-4.093697083560616
-1.738421962788054
4.344252106575194
1.005727026426994
-0.555017411801112
-0.610128141168075
3.619521438672090
-5.369209871594813
0.510412718960465
4.728540229249943
-0.770787109227053
0.036580293147432
1.271347875759442
-3.231045856254341
-2.899089930841668
-0.140819208014246
-0.758139026593225
0.363595199971271
4.320365928934860
0.547520757891030
-0.168722070420585
2.273525896483072
7.171069902635947
4.725507551691316
-6.384053145237798
-0.056459115378010
8.486624123031064
-1.618879811340959
-1.550096727954967
4.260101463629397
-1.074319429056084
0.656073086584860
-1.778903617801506
-3.298142014413941
-1.757653232042627
1.833602401558020
3.695488046106133
-6.037882363829382
-0.285613211859299
4.195949855185682
-1.569644673348971
-2.626476328371463
0.976999741408062
0.622901372761772
1.612363782238265
2.805213392932794
-5.609061502980288
4.150157357705441
2.372135198418045
1.483284342119773
3.618086415219893
1.827560208461611
-4.738149138536708
-1.067047270135566
-0.153309593126293
0.344564786160794
-6.678356772854967
0.359656259794381
1.425320222455827
-1.070578416581397
-5.940863764581719
-2.643762355541126
-3.692301416924451
3.958317896813972
0.961650960595674
-5.955210687979639
0.900650138552831
-6.824519741086423
0.732188631397491
5.739356872304938
2.919812844169102
0.721414936432624
-2.369738117304990
-0.477475916469059
0.493455675225327
3.890149013763641
-3.194233298295572
6.305482537545384
3.518494743506181
0.184714375358645
1.372335680339569
-1.485814173879162
-0.719305929794461
-4.235828634865749
2.286603304407425
-3.178454852796503
2.440528416051631
-3.036921276280526
-3.347820091770930
-4.322418522667158
-6.422583234005041
3.319371946176241
-5.596147074938137
0.215664170323052
2.071777827451890
2.638087383037890
1.219894704493679
-2.532096519310954
-1.051592345458167
-2.605211384495662
-3.166725775734654
1.199857636640570
5.184784504969238
0.021310638956881
1.830749307987225
-0.421705996958176
1.733187152391011
1.128765381924405
2.780371195609273
-1.576291024597451
0.820357152663583
-2.305077214225481
3.415099936750599
-3.160641041957036
-0.689401325535211
2.119796889995917
3.985486721105479
-1.165720223044564
-2.131531015832847
2.805907122218610
-6.873745960218478
2.799578866394679
3.559916460508608
-1.340563850512239
0.498953842180602
-2.310645227521468
-4.241502344494365
-1.671184992855377
4.644706060738782
2.768568275300300
-1.766216494497679
5.145209040891904
0.387726198085874
-2.330161977841114
-0.746911532340036
-0.512553825258183
-2.956611136278441
1.639552919795523
0.603226333126896
-1.507962125536923
3.124469875446503
1.791398848067524
-2.926114660280778
2.801997332389648
-4.046083664331726
-1.043096949658142
-2.165158242386486
-2.796158205490459
-4.691166129097615
-4.975825267837632
2.118856623105954
0.658258520736468
-1.097543778440496
2.411593370104252
-0.264764383680978
-4.583229520983649
-2.962458286673481
-3.367700633653961
2.878625030955977
0.540966089398548
1.545162271851525
-0.117080655413783
4.725202280329616
0.787085660663317
3.017260847859140
-7.925445846636800
-0.842166576500832
-0.913641035574215
-2.043461715361893
0.602547969261955
-3.905787143403596
1.036063204349379
-1.832399584674276
6.222599127355808
5.824790553471706
-1.351188751774205
4.673138289183595
1.300309032198042
4.055263412231790
2.057495211539453
0.102785679527769
4.862568081890968
-1.908678235257802
-3.116619156792682
-0.756488567058114
3.398615313530253
-2.261809031606842
1.423361657675462
-5.047621537661825
-3.892976510433283
-0.592418192416335
0.256011598310916
2.314839515643219
-0.721409747089765
-0.878158058582442
0.202369115323612
0.221609398116133
0.129370381290183
-1.959674471693350
4.229596376271775
3.549147939935205
-0.264453192128578
-0.193144899301814
-1.637745701364345
-0.131396474240645
-1.166881326059910
-0.634556514375600
-0.665680067501991
3.199300405942456
0.857401401392116
-2.290008651714285
1.236697608195825
3.566043341667649
-6.000204002791238
-3.389713529067817
-0.911876721710332
3.345078463567325
-0.546931991947125
8.669966212683915
3.502326646620382
-0.078709911934824
-2.502186442376718
-4.594634448348159
2.996705481453580
4.354022128035427
-4.082940250741268
4.613789087050229
1.144771962482961
2.275862471134450
1.768677334867408
1.414721137011003
0.240691006140094
4.238870182525851
3.529960419412947
3.436445440077753
-1.558911800576436
0.420084308592963
-0.326544334974079
2.568197547990266
-2.386121298904393
2.147025060102332
-0.021221731780776
-3.493282240741908
-1.077526886532700
-1.667503783671374
-0.908703478188479
2.879810290558610
-1.419319859419764
3.334210232278543
4.792706056719376
0.470987173748714
-1.061788109104681
-1.653416195691141
3.824070990608510
0.543013291373852
-2.289642595878116
-4.455073082180625
2.024829245443760
6.213826774906029
-0.807138095436796
3.227492695989555
-6.796230353278802
2.438933574863205
2.749717137886660
-1.605823213044586
-1.265377795187130
3.798031829162892
-2.502178235135400
-0.309383097116300
-1.633642448334972
-3.277955809094167
-0.073425968546223
2.307989397901068
-0.318050839084142
-3.571140879409112
-0.068271109811080
-2.135544444522919
3.876168822422051
1.947803260331191
0.507768188778012
-1.445341832265624
5.301940464612920
-0.189126486293313
-3.036674538163009
-2.528226918754540
-4.341870130713837
-1.275746204313041
2.933629423402184
-4.605824138845517
-2.876104803708097
-4.559033424495320
0.040963389730545
0.087609516301563
-0.745733039452539
-0.022185620934272
-0.638714707882930
-3.444369692449386
-0.594939979433534
-0.309810658027964
-2.465919372158882
-2.739524297651174
-4.021692278218659
-1.280650951592166
2.577259642088519
2.079704330018466
-1.808217735000564
-0.789775190470355
-1.964382722363326
2.143116813235789
0.930848856014762
9.622171063482169
5.146281202520513
-4.477315274698379
1.097664847908765
-3.650042049025585
2.914041761430826
-2.853424540565931
-1.109881291591775
-7.012087743056003
-2.455401971809356
-1.541678709578454
-1.428652620410785
1.741792697908736
3.552547296166515
1.469138981310994
2.338508731590899
1.230129980013220
1.278878071136161
0.611480127525121
-0.567591903746179
-3.071696650331951
1.637801512516369
-0.725822656780498
2.227810074605930
-1.492895457667869
1.332546519210567
1.329777450728361
-1.559591974227600
-0.574944072097772
-0.288982751609480
0.844244456106335
-2.432215588466906
4.346292156802438
-3.619014088728396
4.317798514682107
2.138989422509221
3.348719525628005
2.624719429490928
-7.268090722886154
-3.359715068086489
-0.450429461776126
-0.268183056433747
5.639641293934012
3.847483404148811
-3.970656372662222
-1.857231580465230
2.215264096729366
-0.362402958600370
-4.009120935805820
-8.865530416427756
-0.834260033370726
0.357882589682362
2.611928139979687
-1.172593599923817
-1.561527060962812
1.223705665711549
-0.253115665529402
-2.057899324878112
-2.077036743701898
-2.163200358188217
2.943683794062045
0.502968308811246
-0.958177236601927
1.161174405296881
1.583811096209658
10.364889716073177
-0.665801888312152
-4.023008205966867
1.206344000618481
-0.538718152428911
4.222610889153658
-1.225118125118188
-3.331496583932247
3.262488056896192
0.530117744194401
-2.561453114780635
0.679371354183034
-4.463038851981258
4.287824359543828
-0.005282645376119
-4.102475183203117
5.987458370499523
1.711048240993431
0.964948706430145
-0.844539057439044
-1.031644300167936
-2.418253787074873
-0.748397209603115
1.089134505755613
1.752849288621583
-0.246867513872903
2.261856439038473
0.968925709431132
2.485461068926196
6.116158703563654
1.753279944320157
-0.836491209624797
-3.319587685650495
1.001661610685090
-0.185652134837267
-2.315794537005440
-4.450858695529536
-2.635239740787434
0.050956569190120
-0.214185597862976
-2.315616306120725
1.571043763315299
1.474866373661043
6.646440123277571
-0.417433961048264
-1.176174539815122
2.994056149789958
4.628829805904688
-0.824992376572692
3.183523905680002
0.072722862941196
2.793949779342893
-9.170905741784907
1.471700123748188
6.936585840025231
-1.659924531626459
-3.601499858829599
0.978668183101722
0.276244704451555
-0.638095648537052
-3.338843899639553
0.911907375430309
-4.717184897109418
1.327221887768145
-1.717388324292928
3.475128768436164
-1.016019575921656
-1.814125994940396
-0.047429695374579
-3.490305575488000
-6.130422631975041
-0.896363068383884
1.144262213043072
0.556466769096900
1.585086416426033
1.552300769731951
-2.336882758716851
1.023534011814829
1.105146653323353
2.583003257996141
-1.325724760316600
0.965407788529166
-0.778729498317838
-0.917963998629530
-3.198623282870283
2.527208967283522
-1.142725020454096
4.396136018501503
0.966431442562656
-2.983635842552493
-4.959263877854963
2.549430505773920
-0.111326010196007
-1.680651803434726
-1.878436139758568
0.740203719334246
-0.813310530994619
-0.816545729722566
-1.808187472541271
1.603163961570714
-1.372976018827003
-1.740408664686972
-4.768838260726225
-2.357554547879422
0.463876214353809
-1.365317131724456
-2.495007966068510
0.028281047119467
-0.749078012478353
-2.389775719436267
0.975427779796958
-2.719390765329267
4.631367663508424
6.615688102662735
6.188128913644346
0.290358936666808
3.316628231781719
-1.400450859334970
3.248837241059177
5.889195724595308
-3.117960230273810
3.772581132782564
-6.311534851552350
1.238386640075197
-1.128251187576808
-0.324435280933845
3.902231452682497
3.302970664839262
0.081535380130933
-2.263361507549233
0.204161356690319
-3.503842838188578
0.365338224925539
2.076642269692019
5.082465757577728
4.420860253622055
0.846138350072734
-5.230898700623463
1.573358247238556
-4.633896969696284
-0.987913559377181
-0.785969518184456
2.251459668353295
-1.049437946360045
1.436888274830280
-2.077204490771083
1.001368743908230
1.728904068461400
0.669030336215102
1.829264917643125
-1.543484711412167
-3.180619269497418
5.809593286272729
-3.738526957771442
1.621491841407883
0.753392777300696
-2.319048350810366
1.933244991744739
-2.075723489161476
-4.407744641882930
2.862915598890104
-0.322769667442075
-1.079294254970373
5.223187436707094
-1.609560182050718
0.808697245132800
0.896104708611943
1.292111534911335
-3.012463824528454
-3.142878220559069
3.911486419473413
1.817716826366399
-1.860726851184962
2.500105398748375
0.160583961109154
2.442108623004457
0.402610982366808
-3.845493096122786
-1.444783402394517
-2.224699025056182
0.112346522663357
-2.397097437688652
-1.690992684545585
0.610907950804922
0.601476151419714
3.770524959160489
-0.777455448406978
0.016470062259662
-0.913193672365613
-2.258415161604840
3.409500256959829
2.307243573588226
-4.430390948115116
-0.509002611734437
-0.703398217858445
-3.849895776832764
-1.053811003485398
-0.872978293490453
2.400198187448674
-1.948442998440305
-1.168607914653231
-0.375163663703626
-1.055044033229561
1.626517336511716
-1.547482704293838
-0.315883333249866
0.829441914448822
1.316528372150896
3.906213176923689
3.870396628304955
-3.562994022934427
-2.873738077829096
-1.322225607170915
-7.518402338061578
-1.935235772830028
-0.733508061943828
-2.285985146165377
2.182465957768048
8.606511041102113
-4.793123806458117
0.020122624068523
-1.441508190018990
-1.174528999141469
0.724699239740011
-5.598824986542144
1.560994602024327
0.485525443804180
-0.653022727287924
2.392581553881018
3.620628697294987
0.014961754102492
5.120907977262582
0.337902176221169
-2.327965238489360
0.715189845591683
1.211927884176955
-3.148191957572214
-3.395062548478692
2.282332307707068
-0.976236447306144
0.562384597229899
-3.517957308116145
0.435636482347699
-2.092166026745896
0.369819860612724
0.159005415062085
1.571409018085852
1.067537115721314
0.123813785657354
4.185889837971901
3.171911809399564
5.614943875414665
-4.215266228858782
-3.546778274580483
-3.260585137795649
2.257255929845476
3.779044310440755
5.314017807281852
-6.671231004851202
3.294763107624257
2.348325408411370
-0.536380266814651
-1.776905970761143
-3.540859865043950
3.091829646351651
1.721215142045454
5.280153579202545
1.118510035484251
3.295485323707926
-8.152747023995019
0.461296862278452
1.165700615429524
0.735035268119858
2.104682376815906
2.107180564760711
-5.948622980904377
4.197379224679504
0.157515068119610
1.091638304073220
0.099705299364453
-0.185206179443023
-0.356682776545757
-1.166362699106731
1.698771702651286
1.261457223320845
-0.821156060388101
-0.926375811404565
2.467299741248895
-0.654067775027176
2.119009475587563
-0.575446582739586
-0.302724874954033
2.633388709742983
-5.253401721652368
1.060438806520208
0.342951600551364
-0.489027189224060
2.439383943463752
-1.812683467581023
-2.285537407786097
0.988147368786495
2.441412750034234
0.372422784601372
-2.398584622937018
0.051193026810059
-1.281681993454430
2.583358641734019
6.744733820287302
5.009715229056804
1.106582878521943
1.189851885144703
0.799455861583416
-4.201799268957392
-0.482164533778525
-1.700676010093489
1.274350037692911
4.403888099793855
-3.835270450014343
0.368048035722281
-0.215275673058830
-6.198969449100661
-0.937661600441046
1.592752287778348
-1.472162309198000
3.940226601344686
-0.306948999470607
-1.453365497289643
-4.794610393235740
2.800565512318579
1.836683548292867
3.732828325769295
1.790222783667774
0.068929588773246
2.006713043538884
-0.823276192654750
0.563251616418527
0.615343191297020
-1.083261993363255
1.331954868171517
-4.111862156961780
-2.126402574186787
2.679373447161434
-1.606294412312219
-1.843897468484524
-6.659447191037547
-0.784106451109202
2.339215173590687
-6.523754332265922
0.448108122734929
-0.684390835489689
-0.991619213008448
-4.843374205133828
2.312228646498644
1.831576058432616
-8.797852696519101
-6.354317725284640
-2.154948970850379
-1.410007583896414
1.709422133974088
-0.804168562189594
0.544255558113997
-1.442459922974432
-1.297900383757325
4.564968261765859
0.699258873449975
-4.345508848960276
4.345257524617042
-1.628600521698062
-0.325104715434395
-1.203536501971110
3.043992229815943
-4.013559697468501
3.461621308717346
1.658545593044898
1.399816185480751
-3.241090895751545
3.018703803666452
3.616341284120935
-2.632893836798233
-2.910047283611118
0.405423951384544
1.323193370321182
7.375727443711054
-1.640115530959144
-3.827934893979299
4.753292662066936
-1.272009670086117
-0.314897542068036
-3.544018886026290
-2.708258734187551
0.158614153169748
-5.956084375422585
0.867492263616060
1.177670313850865
1.909528687446952
-3.799861379655126
-0.827004262660666
-2.121885372106862
0.612249564889381
-6.062095016910429
6.906827189318866
-0.464774332806579
-5.212435971923667
1.624247839196223
0.059649084186442
-1.596180188633450
-3.655170516841308
0.286115273240148
-0.900492110275166
-0.902768342100368
0.827823984538696
1.222949627495865
-0.560078749541494
1.815029620587103
2.395334159813796
1.315413691553044
-3.390520612313646
3.417357454413024
1.674818987262156
1.153914887305533
-0.374152898786977
0.695820474132324
-1.777304602486507
-1.539311667919482
1.912998190173906
-4.784379849420314
-0.017010272600809
-1.528588656072500
2.007216759886789
-1.224543519579830
-1.022063282447105
3.323980387196553
-0.474410960902706
-2.063385661223695
-1.398543348807194
3.133719149795053
0.915525721982616
-0.389451476596918
6.520863700437195
-1.731382115713178
-1.676692369756432
-2.339732586227686
-4.485706923390793
1.169439052113380
2.992445021422172
-4.737195538156707
-0.635889778088121
-4.959249962305378
-0.807849749259127
-1.998001387085016
2.956804779633114
-4.915171542847941
0.414976933946797
0.282843513228615
-4.553593272141844
0.932426729969963
0.069825188225052
-0.153493994076275
4.019782149259067
-4.670797400201587
0.729040884871980
-1.905981249255387
-1.817717200688377
3.708677788050565
-9.633674798904574
-0.767055125340152
-4.677749576958542
-0.915061894158506
-0.621187840659112
5.083907580468077
-4.778508332749547
4.890883455422086
-2.175364330551025
-0.605605070514978
-4.151917709717201
-3.417370123418696
3.388214788524363
4.360678102616228
0.779543140313212
1.877973942305830
0.725658572148967
-0.006666750298666
1.025173798763403
0.524945332886475
-2.171442135866910
-0.330848560730237
-4.260699713114534
0.492845011783958
1.978286252554139
3.023792162431156
-4.156771826740317
3.610642075740364
0.788931520438836
1.439124401720792
-0.702671300967743
0.982983344554269
0.929150846825034
0.733194859344482
1.694965584807928
3.417111284001819
-2.218370793348598
-2.781893339249052
-5.915585848320892
-3.428517662291664
-3.390113294263124
4.481373488977759
-2.388602676158991
-1.513750127395730
-5.457712743550970
-1.104929243542548
-0.953324159648392
0.117534715815839
2.297813272331992
6.156773853331778
-1.906389712272363
-3.401903397455016
-0.343350394851248
1.445452124847718
-1.117061924512979
-2.901752434242967
-3.698622269511711
4.243736339392992
-3.037687284116171
3.532564171927381
2.682984311999886
3.680120940705645
-0.829365816208681
-1.336990313745321
1.080055815630484
-2.475829731246535
-1.267298909746304
-3.401168649510093
2.560501009658442
-1.472628455347692
-0.655591921557064
-2.659515491849461
-2.411300904245719
-4.591187913168013
2.203799475397402
4.060852323074426
-4.029937668886963
-0.886517636974226
-1.524658504925323
-0.791017725180248
-0.241149130983934
4.242045744092615
0.862039882975524
-0.302069127369191
1.547861769799723
0.756452650098825
1.705907713815840
-0.892560476028629
-0.197045399745619
-3.271765508547352
-0.771905772057291
2.615611748716178
0.047200374441678
-0.744556886354233
3.744212480414653
4.982209873920028
-3.280127787875920
-0.050747397860585
0.001413318420753
3.278952967087171
-2.476483753556892
-0.187389654381232
3.904114290748653
0.974900424736973
1.046742043462448
2.462121340048347
3.159534165070985
1.133797255085932
-2.124021778764321
-0.933653105850111
2.280406412049919
0.800748947792687
-3.618127690825445
-4.558311224181078
1.107861860206058
0.189447926983259
-3.231024246865900
0.994856659912355
-1.998818003436609
4.296784951328942
1.450809828650682
0.956762175447409
-0.368157175501943
0.265715213448925
1.263120969489767
5.717986361741064
-2.168631999626128
2.078670177722783
1.031293860032165
-3.399760224978980
-1.403459517806229
0.895320067240834
9.087084939811078
-0.590018064039378
0.716291769219586
-1.101034394457277
3.386094564030922
-3.049462577695508
-1.560990857515443
-4.230426213166694
-1.104593434270308
-5.405652888196534
0.879460698150689
-6.220747975961086
0.362920676662769
0.968111841716883
2.569176368376639
-0.681460467446597
-0.879301843039640
4.064387388139500
-2.254211890918960
3.472742009220639
-4.267979034478600
2.148849771492164
-1.106185297632296
2.278937846728533
1.172908852633980
-1.228348972104490
2.855638099069179
-5.300719176936459
1.780817509454515
0.795107028835265
7.577714107589790
-0.419108158104388
-0.115220119501563
0.595604857992015
1.149534010745638
2.916728526429844
-1.881582771851242
5.616469396529388
-2.280550775369926
5.829549158754873
-3.145201299240194
1.341488670976230
1.953645584343252
0.572883800778191
7.545546797420178
-3.555593400460966
-5.050504799820479
1.232672294321564
3.505637911831152
0.623856821944572
-0.713617520065722
0.773393352063611
-1.348340703197824
-4.316913267193708
-0.842049529175625
-0.646011629649083
-1.587658670889585
-1.781607646282412
0.870519618176572
3.780435256338519
-0.996282164002190
1.649275559075149
1.616634372122251
-0.009719255042815
0.784792331819244
-1.562353702667051
2.421863155054400
-0.939805072395713
-2.527200156928908
2.806081929489809
1.827702743683644
-2.236476256534922
2.852690313930335
0.093697061240855
-3.797744643748211
3.285633772332901
-3.135857145265451
-1.363901885202169
0.866298053467658
-1.816328918294016
1.947573184030523
-4.262540797902628
-7.129954935115358
-0.054604048427599
1.744068191561769
1.846170804149510
-5.172895914146276
-1.692086574940760
-2.290896002009659
1.599819274291496
-1.155139975090938
-0.262076926690531
2.983949623398523
2.491093456584278
5.264852017203101
-0.661797794213218
-0.863480680878374
-1.644392044948619
-2.110895793030753
-3.243702535999531
-3.153636777943737
-4.110441389285747
-8.801755950883116
2.915264175594366
2.652707646675680
3.482493636031056
-6.809038472903407
-0.616410899315127
2.855219815113731
1.559055844208006
3.353821504866330
-5.041900981005395
3.490236914776375
-2.946730161297066
0.183769155835625
6.761117444199328
-1.753140832778112
2.491676330253792
-1.206928359348090
1.669601937369506
1.995804565666031
3.723694929622858
-2.527598624733456
4.443313768980737
4.974751420221864
-1.768579959768481
1.376576124079364
-1.310327400512955
2.315022384597977
-8.124381457570712
-2.238799541374575
1.578799205654231
2.229017612076233
0.107770638054379
5.226506562128955
-1.580361585917032
-1.344077444942948
-6.156753760445599
3.065589629750114
1.822599511139261
-2.363650561884598
2.261645031539530
1.767657210704533
-3.282879340653373
5.608442339016781
-3.806947799646600
-1.871438425844668
-3.320188189847801
0.654974734740728
-6.465995656375672
-0.085845212809670
0.354094766529362
4.449925513950174
0.889534191128226
1.472957157906152
1.126195901205358
1.945804946809463
1.613098045743035
1.831288486069509
-2.710352232681863
-2.992069940932630
3.753400345289468
-0.978580787390448
-3.424537900663018
-2.542056851631254
1.451703822701127
0.910187352068540
-0.189781784548225
2.579460301931207
3.422055007271228
4.581420892537381
-3.475105560673059
0.868152376752182
-0.960015674943533
8.089180942918848
-0.645851794672527
-2.443639303674376
-2.101880425384856
0.994162367965621
-1.784216363558498
-6.343134444311601
-0.178440179896696
0.946154002114728
-2.953392352619405
0.937459520939386
4.587590316616007
3.929076871296309
5.148881915980700
0.362686576305390
3.409912477844764
-1.130196453627462
4.084538573125561
-1.364461457626108
1.536928341601472
2.045963097856443
-0.832459817131257
-0.031031053624554
0.086717347003470
1.589681725498968
4.494473027671720
0.105788910084488
-2.778516829639673
-1.811648972959235
0.638782364109554
-1.952661356791898
4.731894809068940
1.797233092410752
-1.618486518546054
1.557324190889380
-4.777874576581349
2.441685775432748
4.928963950400749
-0.266478179542087
-2.311240919524418
-0.478726185811972
6.017799025394243
2.095602713177264
0.679719802746158
-1.934422284685172
2.096862362953732
-4.277172256519109
-2.249054285432343
-0.051879388422397
3.122745980111353
1.089114573810321
-3.459510092981020
-3.168579700725904
0.178479717539921
-1.279613558942333
0.345201495058697
2.494392196616172
1.524067443452974
2.347993919259566
0.952472895767223
0.874087479647522
-2.906730499447855
-3.321681276077191
-5.831643473333617
-5.308638318494770
-1.599507983849453
0.892036249442999
3.853549900976174
5.035500334472807
-2.106740598327729
-5.257537335512884
2.066859162442948
2.079747937258869
-4.338858998566396
4.126783161487209
1.879715656461411
-0.453132642598950
-2.092900169807786
-3.169401591314351
-0.008394067781544
-1.274581009144226
-0.670218996619088
-2.972903308340056
-2.262997447287444
-3.456432600856564
-3.291986966625725
-7.188448606182559
-0.513834819047027
5.734514760299195
0.936039636368206
4.291067790943776
-3.277222129899427
-0.807458567014038
3.439398688461104
-2.615459606285346
-3.919820036295598
1.329571790246372
-0.573858408083311
2.357178374807189
-0.639916035633456
-2.222887517461731
-3.209703340542188
-5.659546536602911
-0.411681441871592
-1.950498410973803
0.267168205797505
5.543986246742770
-3.836470924616412
-0.319525836031160
-5.040564084032995
-1.459035821871078
2.215351201851202
3.991321717321803
3.616984667471193
-3.734735246052574
-0.934810980944890
-2.890484573908895
1.587324956713272
-2.460891745662936
2.423662988087249
-2.257935697406867
3.220872860892589
-2.797052134700493
-2.610546895222469
0.138898039375864
-0.035891089141928
-0.614801868296095
-3.286844995290153
-0.774286117850119
1.116004641545779
3.117107559209704
-0.333385009697381
-0.284862327432020
5.036406623599833
4.715141434289039
-3.585269433224787
0.149965991627223
1.993359988817305
-2.865683595781076
-1.368410009028783
-2.626810833542784
-4.036898198697323
-1.016443079362322
-0.055166033085673
-6.711413494953104
3.372186133650566
-3.447564422337770
-2.606196174957606
4.991800580743452
-1.749487629924254
-5.137751363431518
1.208248374979646
-4.951871968842118
0.026384689453331
0.099767800137221
-0.659423974942893
1.701465931813220
-2.432764035389704
-0.596260696860849
6.454437157749886
-4.579960671444825
-3.286247440669571
-0.020979632141208
-0.309081854526477
2.287391472149090
-2.668080404546938
-1.700944043359035
-0.457749527809116
-2.830757854529816
-4.463771238231028
-3.998080928626619
4.507876120462582
-4.134704343730700
3.589903077068868
-3.122612043874165
-0.608532621404580
-3.620844127276571
0.871342783063207
2.634053484229266
3.381184608786938
0.295803175398547
3.433765847495407
-6.427786779327183
-1.446332706676567
7.969848096344062
0.109171566675435
1.758089928599088
-2.662291345324259
-0.925335806604090
0.025528632651424
8.711172508494316
-0.502683728788153
-2.196951969122139
2.962419110421327
2.530108700171636
-0.832432800773943
2.897865932026080
-1.958708256806639
0.063954041769016
1.627211610871760
-3.455941921238898
2.529900424729089
0.331864274955134
2.275047835134167
2.345017110468465
0.424785912671400
-0.477815985891577
-4.020048971734314
0.793305074405120
-1.896575988698385
-1.849643257353947
2.074056073493200
4.304471712163668
1.340190184203402
-4.481180505912180
1.556106238803855
-2.512313025860824
3.378065560824071
-8.490325224420811
1.991619374119763
1.061251644248067
-4.451179153631043
1.958988241069566
-1.796013628258597
4.941105477411710
1.859192294035760
1.038065338169378
-5.450087675506831
1.406692480153601
1.332396453005201
3.361700838520948
-0.715898138606311
6.351121769925422
-4.079784044156402
-1.633453504743170
-4.544303837500506
0.708526548653489
3.042190657886704
9.468625387985727
-0.807618349926861
1.258071838606339
6.819757649712750
3.076473730166280
2.944762455116687
-0.597784765079558
-2.533199132722317
1.970939700634064
4.198607480073152
0.824271968343489
-2.443124085274212
5.827884165498893
-4.647232479770481
-0.696009424900441
0.852894899104186
-3.680613507449564
2.650460016320705
-0.350045782874253
-0.022433296940798
5.213663640361740
-3.271050203116127
0.046170490511378
3.770613002172470
-2.179399704079431
-1.000744622453812
-0.532980269038707
-0.503946335859909
-0.768873323679428
3.352766226470617
-1.037634929241795
2.156252045806146
4.010088265363512
2.609041261600718
-0.680986945743025
-4.705700766442487
2.722700613787723
-4.828903983832538
-2.672072263978789
-3.418111123678359
-3.761338780200376
3.704950844776399
-2.082926049238474
-2.484648521506044
-0.215849480282934
-2.149887982412002
3.293424500520794
2.335363027517363
-2.186714902885412
-2.091681269110412
3.816731807598349
2.634296558182255
-2.429260149659159
2.186744602368293
1.822408487755329
-2.979428428077437
1.773854425288985
-1.730410944049721
-6.198940507277285
2.646120727351502
0.650810828301001
8.141472551308953
-0.419304519233261
-2.356201198814160
-0.299325146756624
4.413112658279983
3.355430095855079
0.657600734888912
2.666692971463586
-3.181217814107275
-1.249532954880578
-1.311577526990416
-0.177241535441774
2.163481855508854
-0.850517322828143
5.230239458538242
2.053022409279709
1.245735698938133
-2.718348598397798
-1.450287064456818
-0.866588617229783
-3.409112032366777
1.677983659458424
1.210718635651092
-2.828159543109224
-0.502464712754541
-3.519309309616047
-2.521160953076065
2.650774129378038
4.229868727677484
0.788861751560498
-2.024221740855485
-10.247808753701442
3.555986042017647
0.114875842786151
-0.411487260860070
-0.938380323942404
-1.032817744240156
-1.791956145547591
-4.004865385487570
0.789561487493059
-1.573384937856381
1.952830374155766
0.824119341061423
5.144917116234690
-4.388737434720450
-0.619060973013146
-1.348325831895524
0.731577981092800
4.268961732414360
2.642542595766365
1.343767204898138
2.108961427201263
0.424360987551082
-1.534084029553517
2.199077900406032
-2.096831835255271
3.217474650295434
-6.123411641239946
-5.370058199530400
-2.274443330864329
3.208764953861602
-1.606828701443811
-7.610736738988787
2.419988593290985
-1.237364022216220
0.059731885641041
-2.197274848093577
-1.717883221077389
0.447423506921981
-5.509617869187583
-1.428994812450713
5.255377329872859
-1.570511618490668
-3.084425194183941
-3.547424264504619
0.850914462498917
2.535973006933235
-1.656804432729922
-0.635809579923671
-6.569837473705488
-4.047836870196549
2.552993049368206
5.220774806277937
2.818847392329810
1.428480630805862
0.295019243701249
-0.503924314380987
0.830195119005049
4.914348072551138
0.428012198062578
-4.707115708541799
-1.148159130795305
-5.448805779692132
-1.391341815471469
4.631459192705800
0.427223095757194
3.913720195368307
3.894928215494067
2.659995646075485
-1.563680216600199
1.475366224991288
-1.121802115621403
1.589685693718008
3.094848182175268
-1.604262870008734
-3.717918344030662
-6.034566637428266
-2.824350591980405
0.136319703860096
-0.202026533384989
2.237004850249520
-3.348934195118380
-4.468620305139875
-1.038021402714803
-1.156185792857800
-2.511432166145037
1.954473731630086
-2.526336731580304
0.677288426275237
-1.582307619982813
1.498095179597676
-5.322851350659766
0.122496008862409
-5.004938597286281
-0.071290074263798
-3.054964242449377
4.613690429490645
-0.029662585126379
4.930798229917071
-2.603355324110426
-5.698082020504088
-3.805658071620005
2.132906454596057
7.208613571330034
-6.572520498704331
-5.458997702301933
4.810657304393458
1.495668143457564
4.182910657464687
-0.496971635507430
-1.577553392144002
2.285135370845207
1.434678053229140
2.200012737381963
-1.556090906623493
0.995935504699533
3.779687302529741
-3.561332456922874
-1.287295781943860
5.453104903050416
-1.145824607990624
-0.067857809643088
1.013039364865634
-0.956352707455747
-4.057820523124705
4.293816659119874
2.347928189510757
-0.150599579764315
5.297166722139672
7.680151761559919
-0.258194760709268
-1.406525126233475
-2.531916588792152
-3.043580964153154
-0.100559724406644
-0.791707294122824
-6.564372023745008
-1.822213172682215
1.351535165266359
-0.095254876755507
1.320930584161181
0.144061336335066
4.452116517000425
-1.132813011433510
-2.158599189252801
5.433853520291324
0.749083975004239
-1.266018032319882
3.181335043835583
-0.350860788346399
-2.132137048498954
1.497265117004369
-4.594643004968249
-2.800199793004325
-0.738851576268460
4.889710887752183
5.905061537117839
-1.969000232932297
0.710506515916013
0.762335918933529
1.505154878794125
-1.555359387187834
-0.235890871857170
5.135513291874823
-6.090023137910141
1.868066507039397
-5.373827271666844
-1.439182344249963
-0.798411054306911
2.180503897663992
-2.008495841710159
4.550175895478478
1.736104985901983
-2.825024400894792
-0.155576645442094
-4.271244037320312
1.410508020789815
-0.580890718527021
1.119872776337026
-1.689175930689974
-1.710091330211394
-0.033495993469973
3.743777669933912
3.119521107357101
0.335016629877889
-0.696813333522333
5.656800263563778
-4.067738099385792
-0.318701494364996
-1.355901829170261
-2.076741206100891
-0.612890957590418
2.864750569985355
4.526575720361377
1.332698349299969
0.197000949038318
-3.785703765420022
0.411954066202718
-3.909889883855211
-1.371134656140686
5.585758505819785
7.202529353893318
2.827562616210115
-3.543534268670101
4.849408508484967
1.766998076049935
2.860477639908369
1.938460718598858
0.494851758117534
0.585151510575181
-3.331836715656185
1.261282617867897
5.358025176388511
1.205806685515413
-7.997611918567210
1.491739848425788
-0.616581977683455
0.505899641471480
-0.645978953420104
0.551188094275612
5.807647411929087
-1.599690499374257
4.183210902253688
3.186339898436972
0.988027284256915
-3.543997216692570
4.296166952813081
-1.466750326064457
1.464750328266596
-0.590379957512896
3.666097789919367
-0.516448030942492
1.808592846052829
-2.606430626972893
-2.969683129623600
2.098004457110059
-2.080519261861156
-2.312430780158475
-0.076662584411869
2.836722036923419
-4.554864007155839
6.433229229988254
-1.984580228765885
0.327015228928658
1.517524059335131
-0.722854783448141
-5.343101682586449
-0.696339554574542
-1.639086168151517
-3.836598824259544
2.408387430783406
-0.685184715405199
-3.098092834570209
-4.894348068817021
-4.743696399407231
1.769378847213976
4.076959286714977
0.225188318859950
1.933352279079323
-0.678919675772482
-2.587620975987562
-0.941287131403980
-1.056527360656315
-0.301230897777194
-1.474273014476074
-0.305893676635861
0.393366149305816
1.050276305356127
-5.404631592104333
0.111804593188564
2.030612434261787
7.887550524500884
1.097499720869615
3.465772883979741
7.930558490614343
1.630974881893098
-1.442517529532421
2.610601188739283
-3.689001426071628
1.346697894709177
2.915803221543332
0.068027943675794
0.004102921972663
-0.089469222714916
-3.232168915968832
0.695894015581196
0.875435052725315
0.335858113391275
-0.251540280078742
5.824490888184465
-2.487642541221493
-2.325344348668468
-0.279260523318408
-5.183369439408081
2.529468414043623
-0.171415582589766
-1.145926088948933
1.560760275255717
1.242728016691096
-0.725777799634815
-3.840054520477566
-4.730892932410124
-0.732775603455689
-3.335070502861682
5.694284249226541
-3.558058889991704
0.213996040676855
-2.966643596273966
2.931142805763544
-1.721368738426674
-0.655647130463452
1.293943433297743
2.219127474590684
0.168176778041071
-2.108416653797443
-0.425238057392581
1.223664448504399
-1.101351597449391
-1.577033349572531
-5.270059975121366
-3.736696669722798
0.005203519326983
-3.942434426396842
0.142650459433715
0.448926962248900
-0.850394945749874
-0.056195450038014
-2.442491473673878
3.400607309490627
-2.223330480204709
-5.595557539779484
4.137113663026665
-3.512968137034842
-0.784380626465064
1.055689810604059
5.367611601967303
1.839161926463002
3.003865778643191
1.427262432876415
-2.447950811683008
0.959135847100655
-5.302834048697679
-5.477361996602491
4.792074785681415
2.761428649052584
1.930663577702311
-3.472340636932943
-2.301757416052964
-2.690463051728678
-0.357886049476521
-3.903426767208327
-2.533485492847125
0.095407241375526
0.410760186465179
0.940465726704238
5.258032780707549
2.131486106106581
-1.070785829405072
-0.564200943291346
4.736275219258225
0.361849685049388
1.983044112212388
-5.150905227718954
1.719908984384909
-0.626411612378927
3.586623476968203
-3.732795473607681
-2.261154369774314
-0.039699996921349
-1.131133585357922
-3.075588038528114
-1.432534240128895
0.292378908823342
1.439599477904578
-3.358647800720363
3.936849774396733
-0.850219437151885
1.076018527352847
-2.179442561904501
-0.525697437105807
-3.377478099026389
0.581632574752092
-1.627205364969039
-1.730620786334551
2.518098218348073
-1.217556919596697
-2.389093279413835
0.803784881348878
0.518161517940211
4.115032013081280
-1.735970695676399
-0.196509134316672
1.225705925871081
1.316823748292832
-5.488109787626879
2.697077314237535
-2.202986232586363
-1.519369798699759
0.324328332848231
-2.710665514675592
-1.952946379624947
-2.639376948707373
-0.469043947106102
-2.639006358783247
3.046388413866306
-0.787888267098624
0.489470678797657
-3.423543418058234
-0.163921173371691
1.905883860461190
2.374509258917529
0.015106311311361
-0.869362843858291
-0.829130255833252
-2.598378858166797
0.904864957876367
-1.503257635760926
0.092118908952556
-2.778975608337440
-0.143634513538263
1.527690648590813
0.138741738919630
7.110108865286848
-2.373260079258405
1.415733561250161
0.235804548016834
-4.268615673482303
-2.413527327940706
-7.493043221669581
1.070907867278106
-2.809844806982660
-2.958555568594910
2.146295111415766
-3.524140281992871
-0.458710110220416
-4.783098870800275
2.748778193592316
-0.924600117608229
2.547917732378788
2.149703921902834
-0.377246680477466
-3.991879791261198
-1.259388933537872
-1.431733801261078
-3.261737906372310
1.482386141185450
0.226398619792300
-3.304767924929674
-1.649534558711645
0.522452248763879
2.544377080457017
1.866052937075156
-1.210586360500030
3.474082713033690
0.392787797575633
2.659274630513019
1.190765133983618
0.380579751333263
-1.234006113636985
5.825537654467457
0.086330839144345
-3.786697174760565
-1.359945174867393
-0.275895561697760
-3.317958843609542
-6.547497824668948
-0.589245890204779
-2.748363148448550
6.027364535990031
2.453781960786197
4.646282642137634
0.687792899266676
-0.896729194320109
0.556671066094145
2.262478354926011
3.211407688484373
2.508005925281204
1.531492087390333
-0.197327517606662
-0.899116266428683
-4.526565043047682
0.180491240449942
-1.627391946897016
-0.158624591290542
0.854100394338583
-0.029749042141791
1.815700561899395
-0.866082945992052
1.648282084409229
-6.473553695801074
-3.166052059261960
0.368798946660291
6.894163643831789
-1.259050248022992
-3.215007198997962
3.675259743553463
-2.309418479561349
5.866836868955961
0.667920324276527
-6.693754797219388
-0.227078358094214
3.022619210645169
-4.227697425922818
-2.041157163522830
2.073499422012992
-2.845796692204373
3.303095732269524
-0.565839862870950
-1.295496696600355
-4.196152474288025
-3.410922928523537
0.992715753634081
1.410059292793548
0.090736066228817
-5.366031754711026
-1.517956559061416
6.033144540749616
-2.729257703977901
-7.412903112042156
4.918499489925403
1.608892821422109
-0.892020788034968
1.492135417899041
0.152034374501933
0.273038598082228
6.672129932878791
-1.990798705652956
1.766246276233587
-2.147844282743588
-3.161159224871379
0.172612251822335
-2.606619559621918
6.141974294555370
-3.393280334709316
-2.332574186929146
3.046471375397509
1.215939458571388
2.717980774731440
5.329175554478785
2.701815946522372
-0.848637335445356
-2.922466666303365
-3.450444079587053
3.611868658711063
-3.146525746250167
2.472567469145614
-2.163054179194211
3.773573601077636
3.547939941978377
-0.951381851037918
0.661179718994921
-1.195526644878368
1.803792896298238
-0.845364196399319
2.618071515953384
0.883069519973609
-1.342642671424730
-2.167357004679046
-0.880818757783048
-1.466729986582558
-4.813517719263730
3.527071624436735
2.922395447192384
1.422535654475818
-1.941256552536514
4.505679999763674
-2.475406191201578
-3.381492947371732
-2.784669226909525
2.926925914150621
-2.544546829124083
-3.919483186480585
7.035012742211053
3.068254773380195
-0.012378510983161
3.034869032641597
1.214939564571504
-2.431036863897353
-3.702906891612685
-0.386259909797493
-1.517341120885138
0.898722963286646
-4.374701261644735
-0.882627663226244
-6.042776776302956
-2.820916560679621
2.325539181037439
-1.048792353264916
0.267957687240823
-0.946178340113834
1.470478388589358
-1.435730715318480
-0.263146288380288
-0.270514536523550
-8.187103235418617
-5.272974173640428
3.999674818809778
1.708790631595242
1.258753880917702
1.300470367441627
-1.711536415601966
-0.417383197950029
6.002688489313250
-1.967946230280017
-4.071015214288138
0.139195672778577
-3.793964354160830
1.933451809420278
1.196536902513642
0.536246199401521
0.046033889499362
0.255110627419798
-5.991425594143347
0.033844483165963
-0.210491343937237
-5.886169846756549
-2.582182488607139
1.128024086009731
-5.034766069415650
3.538185965150265
-4.390609696180831
9.038613054765651
-1.538670860513442
-2.400071279202238
3.219381952882932
1.731036422902571
-4.202643997567659
-4.442309126114568
4.191193693799188
-3.225269688291906
5.281117538469188
-8.152497001636171
4.038118313725877
-3.823547864184502
2.080327404755568
1.447827352832834
-3.265147050513942
-3.232477185857151
-1.472153666322439
-2.480036730541757
-6.340017876821179
-4.020092724745217
-0.138322678961313
2.491872187527508
-1.716647464993840
2.120873713208226
5.062811017683268
-2.269179875566859
2.572701457988531
1.407034241116568
-5.697476222512400
1.673348394873542
2.997157171967702
2.084189216556668
4.410944481526816
-5.354112317515233
3.300492691681641
4.578626053514957
-4.391442876556320
6.346249351241779
1.591390326966220
0.160423123305460
-0.312458701297181
2.001637229317342
3.475751014985404
0.672066507594226
2.897368731899518
-0.712277769432249
2.526987960779233
-5.076117739958023
-2.160655076191676
-2.954736929350045
-2.164021221676375
-4.442956850279756
-1.396913505962032
-3.610028874938960
-3.312051121456028
1.191850957094870
6.184570533754948
-0.152701565242715
-1.192196602269166
3.522801674156623
1.075598658056778
-2.084636345348397
3.067425009847644
2.402355831723257
2.389810103320919
-0.642811811505464
4.627370678239071
2.513991915992469
-1.167861003580373
-2.472496812488540
-1.318775367997827
-2.170033812705197
4.075280426863698
1.021650377187922
1.396112724262228
-1.520974499578711
-3.490377848818335
-0.582038377469447
-1.622073555115345
4.152594922411603
-0.909153464665802
0.953232615079755
1.976987251518699
-9.025563873825618
-1.500089477925913
0.851257762973410
3.737301209037885
-2.222063606975003
-3.491347368268987
2.471897591932251
4.904885886592778
4.463464316706957
2.144322941407398
2.133566957433390
-0.304604195876797
5.546409843031428
1.663832344553661
-0.738928704223977
1.256442751902488
0.233321217328293
-0.422549391965049
-5.594242801024377
-1.944568871573890
1.602604724900478
3.642076121977035
2.623526375372743
3.160594152899254
-3.363012059763516
-3.059935085596170
-3.956545417248625
-2.994452257951519
1.522728341797038
-0.943795132897748
-0.346533866259229
-2.199527369710198
0.639186782002365
-5.142242234320263
4.355382220416829
0.380676346848475
0.985532568862125
2.072352548086692
1.738864655985036
2.709430400288846
0.755950372788135
-1.904521487283520
-3.736499949530309
1.542972228165840
-0.465611737543453
5.048103782032306
-3.160093522758373
4.833680143628539
-0.353977960824141
5.993298812597704
-2.079109977868985
-4.536263185347623
-0.936205037674601
2.030145966673268
0.915141476204135
5.218335634289287
3.210062580306490
-0.149793290640052
-2.086319259768935
0.620619792413904
3.786325565844592
-2.109158512970300
-1.102830671978095
0.600661606157172
4.594906488481040
1.704157148900370
-3.840093348195307
6.659678864316051
-1.025041733386829
5.951602214951541
1.339651791218669
-1.388426499066392
2.812153034312313
-1.654667002094975
3.197777835644782
-2.741141183029371
5.493728193645492
-4.064372296767761
0.423865757398932
3.271232241727424
-0.494082483423111
5.606174405658458
-0.810659553843513
-3.721541871573224
-1.401856784917182
1.332191003697676
8.507935796676913
-5.040947688863761
2.680109550605850
-1.067186092287697
-3.197928491414920
-1.562166552163226
-0.096015117824959
-4.058556028931052
8.442072418847069
0.340169326514130
-0.884745237082871
-3.282757387983531
4.605600333484967
-0.965120222678690
-0.791285550129528
0.040166975112879
3.540954576392799
1.758267991404023
-0.420938928417898
-1.153501947732056
-0.658202922903422
-0.991154777090958
-0.204087919297333
1.924172120700036
1.103183098000482
0.932694084603974
-2.782790094610868
-2.989226596915148
-0.121317603069689
0.766242504784008
0.261000251927997
-3.797353820238532
4.829704948484752
3.553443144509283
-0.755055981151190
1.011891223498200
-1.192143120072880
-2.414372901467013
-1.111059417564474
2.658698637262003
-1.659892761160774
-0.809277749690645
2.221850182565393
-4.058883858042782
-2.489985228291075
2.332726027685328
1.474374215522772
3.589103512508915
0.914286104944471
0.967059949386275
-1.450279920211480
2.655167051632069
-1.960528673023020
-1.983638055636471
-0.844112936766924
0.143009254927002
0.432042167597512
-2.639040717978926
-0.468599259940645
-2.633307419637835
-1.206311749525159
0.702255027475430
-7.030844387590728
-0.949896116812225
-0.576655698188919
-2.340533385739859
0.305739434083582
1.312289912173123
-1.747121542332685
0.923121235469612
-0.306343259849198
4.535095961253761
1.191450089009487
-4.245748374636134
4.446443321736406
-0.451543138070530
-2.551783011172108
0.235778741372435
-0.139001650237295
0.774236567563212
-0.144493397786947
0.644023109781551
1.065823717612493
-3.098737593773490
-0.156890762470954
5.829069073769282
-0.678790427883739
0.768602929663712
1.797610611850818
0.310183912863251
-1.910601674193255
2.090618146741993
1.305844340616935
-0.667670506876211
-4.125402355394771
-0.814820240254899
1.080206874230858
-1.673160540183737
2.115793287135551
1.884529581877111
-3.458815405916995
0.405972870899126
-0.669252771038601
6.238626579608692
0.474176927194640
-6.294504677299805
0.561127955669773
0.169529041112903
4.469975860199963
-1.292473301629772
-1.594726595530600
-1.818693743541413
-0.455013655081085
-3.811840126484870
-2.856989748367698
-1.353540214093882
2.008076418165061
-1.334420550077126
2.315547388568719
3.761559364750402
1.186214561230472
-1.934654125340481
1.972292538936772
-0.378134629875767
-2.615966976119871
3.253711984936721
4.921479476579287
5.658063282791033
-2.615210106840931
0.962486645637750
2.616411338791183
1.708685763980621
1.981107550269181
3.091762536136752
-3.786107908637699
-0.647887269257279
-0.215692398144415
-0.497991427443811
2.408620975249546
2.288473309433819
-0.685364694801825
-3.711545855244487
1.942503048163881
1.733186152312244
0.973028045163815
3.153105721664409
1.128787890288550
0.152650690357978
0.886018793596803
4.013769830221317
3.351308382756329
-1.840952707776927
-1.308333759212625
-2.419660273487301
0.656881588993554
-3.197572948032578
-1.845628999356789
0.455372734870630
2.826830072760993
-0.374728801256682
-4.830591609302647
1.141600868017264
-1.693714529751372
1.380521888554750
5.919876566322525
-1.395375078173368
-3.253636380238764
-0.562525759377872
-0.954704274789009
0.595650754947156
4.389710251278303
0.059299909872706
-0.480362610849627
4.275769833974118
1.831086962569010
0.013849320039737
-6.616383331575522
-2.348717367256719
-5.715247414453840
4.016123675144439
-1.665985785418541
-1.631607299564077
3.462146379617210
-3.084863630195185
-1.764165135517193
2.807110716721020
-7.205766382863373
-0.466531353425724
2.409615147051255
-3.818265314288670
-1.804353238223635
3.110956900089030
0.500621840110074
-1.281113368230227
1.709545189282151
1.731604685972702
-4.922789663123076
0.390605741879444
2.399276642729760
9.005443376448962
1.280223528843503
2.311148977310634
-3.839635561696437
7.497631569048639
-3.857731027451948
-3.324524645657495
-5.911513397072685
-2.136508269822336
2.323193572651128
-4.124700644619985
3.532073105210177
-2.255967870302439
-2.505123508233903
4.439967848868258
1.127428289801796
-0.229462151726370
-1.175896809143636
-0.837591861588033
-4.845079405633697
-1.782491429447082
0.656594715342897
-0.730867672210364
-1.024927967545246
2.614365796134908
5.075039194502387
2.763710747316197
1.264940506245306
-1.690487037408951
-3.688886159312374
-0.744524932866915
-1.477758637536906
5.269942566066613
-5.003558327859516
-3.896014930989112
0.381388877174766
0.256960258392703
0.138015231258541
1.191027434753857
-1.406956189178337
2.189372222431803
-2.316862191091617
-0.504656043901425
2.550147858703396
1.855991600717237
-0.016110213004995
-3.234569081394997
-1.749327067349409
5.785516691289744
2.629311514207339
-2.521415900654780
-3.657621972628871
-4.502995513061815
0.518342297136445
-0.310684247161579
-0.035683466373504
-4.824105998184692
-2.554462440718065
-1.878846486124429
7.837976430915521
0.927632770979271
0.992948314462314
-5.922798934903124
5.166891329352238
1.238071213153883
5.754787868539427
-1.305456757955952
-2.252786556641197
-1.561247877592596
2.275165299484392
1.571148918614841
0.369656567015675
0.288629420917464
0.715950167023195
-4.471715568794483
-1.377942000924976
-2.335600306798299
1.542964871294964
-3.005495776216519
0.117061661174881
-0.238416331491772
0.739561991125969
0.762332729663420
0.915311700064972
1.178052101748823
-1.025469950660215
-0.235054369093006
2.682132472681602
0.025935606276188
1.869604680092297
4.688028253832534
-0.085734150746978
-4.375578304630242
2.443928221940037
-4.456574692683229
-2.103089102520921
2.210737126917777
0.572435316338767
-2.269082237538524
0.350985532001396
0.330886382861178
-2.057857817335296
-1.251027915317673
2.070006210192983
2.831677490643722
-4.575136025329619
1.185956555184137
2.877898968464255
0.728027200044809
-2.732529762171202
5.791818772155942
-5.141399873302300
-0.487813306198159
2.694348304580863
0.442890350414880
2.171827754093258
-5.886599430309823
-1.818878073044993
-1.254103120386281
3.831871580987095
-0.551122809506970
-2.640876897125562
1.044496074766295
-1.505423274350459
0.792659022120661
1.946109121995298
-1.581421861961770
-3.017782958859166
0.010442659628871
-4.129219684055024
-2.353127838429234
2.186939579814418
-2.686680188325474
-2.610613986205668
1.404291965578676
5.970253692886704
-3.067852663189289
3.656231027068734
-0.716433589106121
-4.019263062293030
2.934697204720524
-4.164270981225468
-2.035978166134190
-0.887309647862091
-3.757712552932053
0.370379198848633
-3.385159235680431
-5.224382276653920
5.604277053697466
1.917234815652507
1.397207970338709
4.719779986877100
-7.520220221578214
0.362950318546299
0.109428221159253
-2.739085372386177
1.077353998388695
2.898849210900787
1.849540880136271
0.674791606631846
1.588087289858195
1.064196243997790
2.464791540934951
0.818041163792720
2.903778763526750
-2.785998535532090
-6.106096516831084
-2.319438514328962
-3.224871369654390
0.884603030423798
-7.396953323205758
4.888462110442359
7.374119363293851
1.284628843528609
2.945839990974969
1.979195522496568
-0.400739969290535
-2.974689065968882
-11.605864484523394
-0.038829192176077
4.367655569764590
-3.134667370956679
-0.826125165376608
2.724626155664572
-3.918277503010388
4.135553704405073
0.435350324242752
6.659275180025928
-5.038411648803083
1.626929229760150
5.902031123197577
3.367092209732049
-1.172407791452276
-1.661344021478794
-5.181712628818715
-3.377999416866907
5.127823348184077
-0.503878839518740
4.649426697372688
1.910070771053445
1.029829709269696
-0.553773609133460
-0.939217899739070
0.928345885587895
-1.753858947940595
-0.691933085180421
-0.888220118368018
0.543957005903571
6.237675594239060
1.654533824115622
0.908069848587883
0.832312639238487
2.448524136689361
-6.006774664000855
-1.180340303039356
0.082173747484605
0.166680809989515
-1.919641619948365
-2.140175351652731
-2.158839917832907
-1.370086671611128
2.885332473578982
0.449476688739511
-5.837625589711938
-0.746447360034199
-4.107849178325072
0.119372070972528
-4.379183101307289
-1.912101534635767
3.851755551171037
1.092052659550198
3.305688586670010
0.809680251595154
-0.896228051445384
2.108837563729362
-5.660284519517869
-7.043754727236148
-1.422650348955424
0.940236779296285
-0.137482235549400
-1.220224706673815
-0.101339604253716
3.045782585504785
2.779654274621985
-6.215443692851708
-0.452348003914425
-1.997515010381700
2.333944322243469
4.865083034767702
2.936171037497435
-0.826126702940411
-0.094863284067968
-3.101405592036778
-5.431414851463331
2.108605953449286
-5.680857970724093
1.654358059713017
2.555935928422475
0.793077346929283
-3.460346946751558
-1.018641357597497
1.711595500510916
0.997753623236092
3.155839746626628
3.779276224399090
6.656608083257807
0.150616879855600
2.395322074057777
-5.674629746551319
4.299751164732553
-2.836135894786452
0.079681314240952
6.753866165053403
-0.966349289064454
1.578258479562101
-1.953569560932895
1.459596827675490
-1.527788991245160
4.766531146160971
1.890554114804423
0.664697589071776
2.100119184222912
1.361520073743339
5.286216331839438
4.619055194717544
-1.008537977355162
0.258387273432277
3.832440433223081
4.559110623870106
1.358797296984339
5.376772915975756
-0.231299757616627
-2.046573765319986
-0.474209640242143
-1.920134922536025
-1.556455808431476
-5.592994800996756
2.347417146640014
-3.381155749767926
-0.513448196454930
-1.542484379038612
-0.011255536282716
-4.319044421108307
-5.777638290660764
6.261228139947820
-2.096010164232291
-1.042799272350559
-1.784585638902161
2.422219776412950
-3.028427909073353
-1.926915171543039
1.576384357849092
-1.936500866523145
3.989957043728078
1.863445121680968
0.471280092891164
-2.724558375772378
-6.769535486728307
-0.477873543517405
-5.523871297490670
-3.839396247059242
1.917387322096120
-7.474927333063586
-4.076997534953895
-0.875511359127946
-2.828856344789012
4.057002557006727
1.876202082815333
0.794133331129794
1.993157201133900
-3.463876248686817
-3.379553147644505
0.123335801606677
1.829644982196651
2.834581035878909
2.724898373635077
1.942448108327049
0.976196650912005
7.502112209791230
2.991785609372912
4.021103546584278
-4.024067683514949
3.691657982214777
-1.904397348822760
1.362948448301631
-8.266396114459571
0.380046816192867
2.385477934263433
-6.264706238881073
-1.942971597780933
3.188281886597061
-0.593882134725508
1.249212245703980
-3.107095060241152
-4.176934918454243
-3.117907639732554
-0.110869712343472
1.212258758887548
-1.221944861443130
-0.204168628615247
0.873512748001802
1.532024775351563
1.433453738675555
-5.598430800860561
-1.850152818401956
2.408130914774745
-3.026600880550350
4.958929541427299
2.532171995093043
5.263856486376862
0.960889833565655
5.252612583550076
-1.790486977298196
-4.310317914417112
2.228571380555353
-3.369972037482429
-1.907476463934439
2.188236122164947
-1.094060907684887
3.927033470002690
2.060988377281620
0.332186648388629
-1.847625013252026
2.270082110499248
-1.359979489161427
-0.332162273861111
0.319473478944245
0.927734812223347
0.906219419639966
-1.415744985419934
-0.898068355995644
-2.182087129492123
-3.449539516186833
-1.936951396515938
3.659324326937405
-0.099883627587059
-0.039482874516122
-4.957417843137788
-4.804055840000326
-4.082113046932975
-0.934842517870563
0.999041587770459
5.849620821949191
-0.568847328484030
3.252364419788847
-3.147465059433348
-3.826645068079526
0.165899218190017
1.302146014723534
2.220802340986385
0.842619958425287
1.387721893757984
1.090281296167573
-2.505070652886226
-4.402061959028041
-3.535265838237001
-2.576998157633264
0.489056544761501
1.472843964355163
-6.147170624508247
1.174015884908864
1.323313686411373
-3.707714030138023
1.862197424741624
-2.028327920369260
-0.564764406686912
0.954687516431199
-0.452369322200531
0.825091759501892
-3.340809355880284
1.487996018129824
-3.337053563003912
-3.283420246893824
7.620197979816139
1.995301805020049
-0.602991438985829
-1.922653046547338
-2.258061977426235
-1.305872468275915
7.335313716687718
-0.068996782306846
4.436934511761979
-4.740875217951623
-1.214981557050565
-3.763799858778122
-7.300038938173055
-0.598913970594937
-1.251609968941177
-2.006851346487283
2.184638747519339
-2.682747724399682
0.649066111575354
-0.252529607510232
1.309940114432851
2.426203779885141
2.317065534756403
2.727376823110776
-1.051577243224020
-0.311498322277265
1.555510617578245
-1.439234457838920
4.090392876079687
-1.861171969132454
2.479535751902162
0.438286711794849
1.733420204906454
5.860891593956648
2.697652988984313
3.995604200724097
-7.393140570680001
2.464328901683049
-1.986842903726403
1.013386134176562
0.156805473621094
-1.207887849459862
-5.980634577877006
1.719193756922583
-3.726601168520766
0.228736179019116
-0.749834920864523
-1.651283630763322
-3.188310757529075
-2.576213036033579
-3.082996013580158
0.702830386498448
-3.877376019744845
-1.574012478333892
1.594524648611535
-1.702109798843835
3.490567049269667
-0.240943361971109
-4.041173734303021
-2.238243222051925
3.001795628366938
3.685625743223635
0.824092977286918
0.263583290482021
0.861691758132681
0.235540304503462
-1.188424194586528
-4.431654080682781
-2.285959357944899
4.814490386676892
-0.281600006633398
2.398117605013279
0.304929725551690
-2.111240838622511
1.891966096237321
-0.463519014614143
-1.019851344558130
-3.801864982614448
-0.858428870350200
-0.645761278736285
-3.858629862821351
0.781895285423400
5.725299759612185
4.721308125108482
-3.217128637379717
-1.131483580023657
1.209359636032343
3.325852216783508
3.513588302815047
-0.877462759526503
-3.347946289084192
1.635608224753254
0.763554022700682
-4.424855979364096
-4.246243506572896
-3.545881751502057
0.595244496273969
3.879261606084361
0.873485790915662
-3.864745875981441
1.275069955120360
0.335414349306142
1.085114562604805
-2.291647653131234
-1.070407753882354
2.907905449479436
2.710720455650741
-1.941196735936009
-2.520057741178674
2.316786321566741
2.240252274541809
3.037334987085420
-1.755160179729804
1.484298945594437
-7.101428436029133
1.350182280179256
2.624906737261655
2.991900645789317
1.285572940226295
-1.958951664616162
-2.301714235586269
-0.108507128848893
0.348592852688411
-3.318597008914133
-0.703776001446739
1.446457785421464
3.550195852643167
2.341303443781876
2.980401919921244
0.542084428699808
-2.523546897001026
2.573961849598331
-3.063362514356864
-3.350378114269835
-0.658989280275659
-1.085691133317103
1.592878021440080
5.781529890755509
7.650437078062164
-3.935047851049575
5.275207748765132
-4.288400703494085
0.486472374409799
-2.323550932978562
-1.520680922148077
2.041095247974351
-2.988878863366182
-0.867324792840540
4.934830858712369
0.172172239694805
8.060381899775997
-1.262620541886827
-0.493435634626290
-1.202497225573677
0.196001759780371
-0.313037600149309
-0.639067137480604
-1.978295368626115
-1.807331891188824
-2.796531351278628
2.286576786052943
-0.578221711253685
-0.885413156914487
-0.273760061699921
7.949487342545358
-6.889018014090635
1.492782334495663
0.057799501598180
-0.304243859674719
0.153542679638510
1.580520724652173
2.276586773538567
-0.015192370487190
-2.073655989909495
-1.513041424138285
0.156469628707992
-6.360087264594893
-2.423107161772858
-6.225966267164164
-0.370614855267046
-1.665083299656172
-0.995568279244533
-1.447293601577019
3.772250791539667
-0.626578888459774
-0.904664061835904
3.434117126587583
3.288465154968371
-1.013621670777153
0.928400001197320
-1.519321707158159
0.414693892368214
1.772213829888889
0.752739300947280
2.114105474827291
-1.874535802810988
-0.237662442018422
-4.499135611562667
-1.561002588637674
0.202245640232077
0.548426749946210
0.217624052096226
-2.077495162708288
-1.313561011292382
-1.225547666096062
0.013911680137539
-4.904423066360796
1.877140266598959
-2.113786782666539
2.192233545244434
1.751816981798177
-3.230255889733205
-1.177029647541379
-2.146281066273489
0.499275427495958
-0.596362846045691
-3.557401683373142
1.313427711542444
-1.506233898681822
-3.826515784915694
3.082135835356751
8.045890607103130
-0.300235893741507
-2.512722531997342
-2.161482245723060
-1.229522860563453
1.325008178082116
0.616387779298236
-3.283137154661288
3.319569135216156
2.074626857319639
-0.007920898822259
4.952168232551696
3.218253121131147
-5.519078478101292
-0.212166774589262
-4.593919468048514
2.258277501534678
-1.082960839665089
-0.304635162446002
4.510502827622851
2.491420996053990
2.016587356015032
4.250214202743431
-2.529651749270940
-0.539375492362471
1.257280206044622
0.211299212745278
-2.908211222208153
1.706211746109499
-1.746601670336703
-0.882137817832591
-2.690840188374971
-1.306323803299159
-5.689880325982380
2.375326242255244
-1.965807830015296
4.291362348205982
-1.394798616912695
-5.798936593131804
1.894035664603006
2.180163555038388
-1.430142347083922
3.709825448212138
-1.233011302333674
0.459130499289737
0.430744527282203
-2.492712170636098
3.942256551264516
1.142169535885986
1.781913993897861
3.162442614524724
1.133532196321127
2.458070439621602
-1.570871676363553
-0.774844040490242
-1.380082671596228
5.968406893652427
-1.801819481044938
2.917971354363281
-1.997618986186783
0.974387281789977
-5.845830570847752
0.071733342735783
-1.990529561277524
2.486049748335162
5.099399945652666
-3.046642204286309
-5.119638436282384
-1.275924608503691
-1.723272921652088
0.575267377962695
-0.940466539999182
-0.852099436610644
-3.023226350495519
-0.765481966083946
1.505979222022822
-0.151008315906735
-0.583847582118504
6.987622119013874
-3.796733001263704
-1.998341966565534
-1.020835539223682
-2.329452919232228
2.600369295290929
1.356897907411343
-0.343773721451512
0.538278455046243
-1.973395415732920
-1.524895869883707
0.876994165287515
2.781969819993856
-0.077791661293441
-5.951322029002412
-0.663918741258753
-3.310210543948926
4.687672270214248
2.976264992595191
-2.173616036223974
-1.363504298386368
3.269374481829361
4.042100326506100
0.541620335885776
-3.101073193024765
-1.431790979272713
3.785887483738540
-1.556706958769896
-2.985609845805612
-0.607410206285486
3.404253541994272
-0.377616290715367
-2.504940607678114
1.928236411139557
-1.091962459325506
-7.506342886709542
0.764040426140598
-1.515413687707161
-0.866094126270209
2.859240512172949
-4.362405365817900
-1.393292747948903
-2.496229110457381
-2.398431635647246
-0.461868328808524
-1.471943664576179
0.676295001056286
-0.231643851494500
1.650414791807914
-0.144359838174891
1.263581622600180
0.732991018967378
-0.088642990370966
-4.045947642348814
-4.703805296229179
1.245573120293862
2.966350205061626
2.043446011412428
-3.369987422721151
-1.339193361785700
-3.125467480491084
-4.438244034016401
-1.901938183899236
-0.498768200805584
-0.551392432053922
3.901453623241204
-0.207458926057448
0.206447339972860
-1.204906302036617
0.396946667324225
-0.811946068127295
1.965819165699995
3.938321294343027
3.469928312861060
0.495211930888819
-2.585244380860668
-0.478250047980100
0.409391501766482
0.689865031805383
4.455485637813434
0.638066503901845
2.848787542107453
1.739949797046394
2.110684210484575
1.724952723930201
2.313091555380002
-1.811103243271774
2.644594245894308
-4.627623697744337
-1.754042001984371
-1.882341600364478
-0.527240792008432
-0.212723006440369
4.048827592342815
-1.347799123035476
-1.138626429069787
7.264463475405088
2.871366486275131
-2.722654399661297
0.832258129607499
-2.870526755277004
1.921328743574972
2.933432583779835
-0.116599996574454
-4.695325200589118
-5.238898751140573
0.602520119725963
6.480939090031482
4.860793639041463
1.120520366920265
0.142832761421923
3.718345264001587
0.446072496390343
-3.707118244581891
-1.703555266569789
3.579792069725550
2.131122808341594
1.432128258351806
2.376610446940776
-3.205436656919681
5.560825673079891
-0.461573270455856
1.756551305309532
2.427718887223992
0.673364684543827
-6.544478554061022
0.744197518177458
0.289959154382282
-2.584377112134731
0.909469123807213
-2.616345471279093
-1.092161792631861
0.242975378581936
-1.225548339537139
-2.549355769541046
-2.527873375538155
4.328490745913174
1.100939454122484
-0.844228201903840
3.313142286078540
2.991487255406768
0.582935660251414
0.434240761191370
3.680356429366581
3.112877101630395
-1.508972749869421
-1.346066187946050
1.337008185165939
-1.846131800955222
0.038991889956778
2.227266026844505
0.956528711471473
1.337344855257129
3.575677681665933
-4.140487031156628
3.562262101651116
3.836172899441389
-3.271863376223640
0.024780656122220
-3.893530054634126
3.104562307739037
4.221476376838604
1.683639156872590
0.754685118258934
2.556881547260322
1.336407517043469
0.102189668814263
-5.447767944158618
-7.304889720844152
1.061801474599609
1.391052954940950
0.183742723129558
3.491086393768621
0.585720171142349
0.832377665633478
-3.883527619690818
2.531000383662446
5.705081071427248
0.049551075047292
4.720531676568339
0.727687244875138
1.237751452730084
-1.998143285200368
-2.134057951664518
-1.549550973202243
-0.342725237219181
2.092274623629151
-2.987026154711858
-3.296333166762255
-1.914581039961100
-0.852648447387855
-3.583366889436907
-0.832361952814649
-4.984011836526835
-2.249196912312983
4.127615458814885
4.062091799041488
2.762497021761386
1.003385634910529
-0.932047089232082
-1.446972139412434
2.315984736234114
3.981918569810248
1.142493529216721
4.129112846042227
-4.734314065710951
2.294071255210456
1.747078934770631
-2.039475686424022
-0.132861287934233
-0.614408700059745
-2.905874992104648
-2.294730675841386
0.619262910793125
2.382168102279083
3.855955709872281
-4.392643339881528
0.010292757659616
-4.201834199805243
1.477007086746098
-3.384345088071553
2.078155836930156
-4.339371822079763
0.537514403290392
-0.310051271355788
4.612304765579489
-2.722677946124018
-0.969796091257318
0.781951864806774
6.972756407746092
0.137903051003250
2.537334908662200
5.151498890543071
0.005010666696703
-3.862057401262340
2.649700537477055
2.314824440042371
1.968731751479568
2.760692346780435
1.113348935837327
2.123064454903619
-6.825726387836688
0.324697240132435
-1.390095768032903
-3.904029197831182
-3.293080087985825
-0.303992153997461
3.053884854610387
-2.490799772634288
-4.874396513272147
2.481951695333664
-2.391819387262183
-2.531282503836699
3.211300962870442
4.624848115677214
-0.519199939756972
3.423061070490245
2.539229408550335
-1.042205556304052
4.084819044465005
-0.026455950706989
3.606968871926039
2.649326408386590
-2.357750053651054
-4.048507998635738
0.312892112304290
-1.628291413051824
2.105171622302766
2.934599912480639
-1.618675674746116
5.026903838683022
0.159761500126865
-1.478562911880725
4.314159735100448
9.327676061058442
8.575043231613028
4.748117936104091
2.828268402329953
-0.397386320692663
1.294713053453225
3.236226138146439
2.547125038712095
-1.753147022793625
-0.725224597402743
0.848373589665759
-3.200122527883728
-2.635313706248737
1.510272495253209
5.355376079611563
-2.082638771799291
-1.039348723979734
-1.269255331064528
1.308807160748410
1.960172870480472
2.242979811080233
-3.022097916181136
0.688245118528931
4.983387463000699
1.525462401021559
5.347740559748849
-4.438628013910875
-5.687043414279528
0.757190803736203
-1.269403472391219
-1.257601330977724
-1.275479206139665
-2.941624766940218
-0.342366635892132
0.222913497036153
-4.715228683013001
0.263134700484925
-1.398050878551412
-0.292244673743816
-1.387410989205200
-1.339864244082104
2.001545064360036
2.883633797620488
0.297715992729057
3.418860808292890
-1.302104744307438
3.268541019907425
-3.736680936751372
-4.848721328540164
3.628607808070781
-3.223996892366185
2.746669176951428
0.847167463930002
-4.270890718680925
-0.910228750011982
-0.561450447722741
-3.445512348304320
3.548765754453921
-4.546289783398095
0.063124391841917
3.105691537111309
-2.272246485869066
2.559171862650937
0.299844353902295
-1.867037168200174
0.063970069825866
-2.163849402421003
-3.431958173063603
0.947787263675696
1.299985120301983
1.377709155422469
-1.278947024589802
6.716690751163443
-0.864020830433861
1.231441574618219
3.823248090249258
0.809880312117897
7.639308885338034
-3.139346949751767
4.677087859386443
-0.156436895042138
1.172594198173484
-0.411028653063877
3.244324544423840
-2.333043702926964
-0.887297416100794
0.005556368759782
0.318725732285079
-4.332126748637237
2.236838338570443
-3.646475927961722
2.617073067845342
-4.014063343839239
-3.649568493539342
-2.476361107594064
-3.896347175568352
-1.770868907233409
-3.983518234107593
-1.083154197418021
3.017172678018662
2.037706276281107
3.036026315470512
-0.084084624134021
-2.373061981736123
-0.622447975357179
-0.099280502709734
-3.722862680243819
3.771559990401183
5.048593850495286
0.183599874702843
-0.325384766656935
-1.969578647061647
0.219574735059154
-4.647542516709148
1.647990189976672
2.288019984320528
1.544164410230232
3.247992290354009
-2.045647987160459
6.182992604669717
-1.642375854799376
1.690602845886612
0.370219850815581
3.500555666154822
-4.804088823791945
-4.248761487672032
-4.845452586079990
-0.439754623381840
2.701824369083291
3.065549120713881
4.415805165978567
3.233727931215831
-4.102749256109490
-0.398129922564633
-2.046054200433566
0.377101336662207
-4.055919178275668
-1.148740048118998
0.158258753666179
0.731417028062958
-0.179923148298920
-0.399851741179120
0.775252975518784
-0.581487363932239
-1.531698577893035
-3.984769066129231
-5.115581962082199
2.335043370806313
1.815199128891581
3.256555715198473
-4.993631649137194
2.003388256748571
1.371125285533459
-2.176309249162224
0.387029552113253
0.658155818628970
-0.426015811059130
-0.377967865434886
1.776414393795543
-0.119091322675292
1.443192393989130
1.925930968724833
2.298480964935934
2.336530682450099
-1.279852934967952
-3.491209059471081
6.752502223008716
-3.928950932747152
-0.896359147708437
3.684283163513650
-2.291946765477050
-2.835485334973865
-0.132036882477798
-1.724671366400116
5.126543431371924
2.381366448942437
-2.112046684153579
-1.480603098976416
-0.084412506865397
5.118338918073722
4.487317943378974
6.179880400916298
-0.522135632015684
-1.606423972064956
2.692469696741350
1.035573830067190
1.135113112981899
0.084279727344042
-4.043603405060262
-0.799659924739342
-0.101082215409074
2.210372930898052
-3.313490550971466
-1.930824141747028
0.612374362924358
0.995160175179823
-1.326894270004485
0.104745536919190
-2.822763644004775
2.210492798521680
1.134740810730061
-2.722131707850522
-1.829049464912709
-3.396405655681136
-2.058122921366647
-3.740573722236724
-0.310979200441717
4.019621611606649
-0.397953689629624
-0.525147310045983
-5.228284301374644
-2.162514850671649
1.385899129155069
-1.449960312599138
-1.204886714139874
-1.301444143285800
0.594322649353635
-5.151360882853577
-2.594866180427584
-4.745303656934630
1.348732774728380
1.602665892333344
1.929132692781946
-0.113379879944272
-5.914532413198939
1.510914677932601
-3.306478640946719
-1.162929600103880
0.836764491150950
1.739379983260476
-0.102354144303665
-1.316332574796424
4.952680166742613
0.621086009569448
-1.683000401555193
1.061097458897358
-1.640924095581671
2.235495489656790
-0.143016640554430
0.482094264363566
0.880933187507629
-0.836893620436418
1.412258953383805
0.074883308383649
1.984497039170917
-2.406994014978560
0.476068702265792
0.255116453605749
-0.614420920837793
-6.429198601164093
-0.326859015887882
-0.739843580373904
-4.085003069320563
0.483199156753088
2.244900161264633
1.454415538822285
2.218782867229598
-3.377612580554855
-0.002571473001618
-0.791288931921062
0.056155955544093
-2.182264478907260
2.741689188161953
-4.236895429486888
-1.189032669986725
-6.324272028164261
0.165080960278679
-1.050036811205311
-3.639492924795101
6.776577607587472
0.506690629274880
2.487684876757316
0.138144653388081
-2.670113069382270
0.464618007134346
0.808408305925796
3.921073690528972
-0.006966476761424
4.547088126433471
1.647590737834867
0.162854218281196
2.145190677095193
-0.848317263577633
3.358893356852117
-0.479052281149517
-1.584413561794740
1.751883757607054
-0.764730547981895
5.109085860136609
2.397317774650086
0.226637190039286
1.407492123094183
1.445903949990944
2.904659384298460
-0.322583045257766
-0.673344158441906
-8.872579150344437
-4.292086415910821
-2.000898973096640
-1.274445726674440
-2.031308537526975
1.009184012073948
2.084464219859001
-2.707255741175394
-1.244896865663162
1.227385954841215
6.428871550255396
-0.241787427738493
-1.637593734717856
-0.532685897288076
-2.303266931304148
0.877924203672047
2.811866634741111
0.465539630329449
3.695091977142728
-5.549451217620680
0.169938714927493
6.572611019420795
-1.225022999682261
1.117406214057127
1.698312911348333
1.229906908761769
1.176688696333289
-2.779308253247932
-1.467683555874862
-1.479763539000559
-1.278956462693001
-0.891123167384264
-3.050759593798940
-0.135652910687703
-2.446403785302840
-3.663273031858757
0.591315989071081
-0.265260106619612
2.429340037539617
1.938634075281878
3.464813257160361
8.565660243812673
3.447986724239943
-0.247407436701556
-2.836755868272054
2.480644838319731
-3.193303801084495
-0.698854842800574
-0.678057447871418
-1.258233139548906
-0.339365777573158
2.568440444228948
-1.112066667006311
-6.049352526863758
4.566616625801834
-4.022717860453467
-2.808971135079115
2.227192132002106
-1.251354386799960
-0.807121096700233
-4.278822931853845
1.984619219577796
1.436163663256997
-3.864551627988563
-6.807020891828835
-2.333068632299290
1.775815078234587
5.541853405540260
2.454326196403838
-4.706182389139789
-3.690440224263903
1.733758357214134
1.117573177694177
4.117776934497831
-2.018084919969244
4.105759081399593
1.968937584821482
-1.324950041746373
-4.761772131720496
2.597352314764399
-4.281547691715472
-0.763387968462744
0.140342871697916
-0.299189613291722
0.975128760643499
-1.244162403390760
-1.002823593628830
-1.156194545212722
-0.812878455805149
0.438211463217590
-1.596327753013115
3.365501953870002
-2.864722408862838
-0.611999047649950
-1.151397250927440
2.418420002749452
2.625824542766429
3.027935594868967
-3.287670097827268
-2.991754998967012
-2.890971896793874
-5.098186976715937
-6.159306776631914
3.542679645026326
-1.519426823441101
2.777781256218358
-0.327437521218891
0.660161872605019
-2.610765858414353
-2.196470781211352
3.563771903742277
-2.327657292025634
-2.380791296419210
0.829183782267397
4.860236228658763
-1.348813206899638
-4.504496873967029
-0.209819432975475
-4.122608539628996
-1.599606849651913
-2.648976197525589
-1.128199973140224
1.558505567478499
5.162394456324332
-0.847655166332081
-0.590577728346449
-3.824960706805091
-6.018649905506006
8.618378176966678
1.149796387529216
-1.448229845726210
-3.948495909120769
-0.828871668882713
-2.786409319030500
-0.247200933325376
1.345492788644679
2.240870545835103
-2.371177341214488
3.971074991248511
4.238854779027962
-3.890663847014454
-4.021137902463424
-2.775231437569893
-0.641917949714000
-1.137800819459561
-4.185430076899237
2.202968165616590
-1.859840767158212
5.017102891957934
-4.441512714284893
-0.398200328242159
-0.333110678078228
3.056466719746135
-0.494235057087109
0.199531432877269
-5.375000695426338
2.393746135547431
-3.650730378861107
5.576493747917080
3.012269513399890
1.845441721277374
-1.994214146029437
2.125583325988089
-1.012299305866661
-4.465202405689926
1.550782078998494
-2.060861927319462
-5.684724630886255
3.186174288642071
1.493062109192553
-0.897597162822843
0.085614353029786
0.478040308650657
0.461340781276404
1.999545071849224
2.896565221926264
5.060621846371602
-0.199483935405143
1.350975860110181
-0.039926833394371
-1.397908011801280
-4.363728458967529
-5.826481914923794
-2.541894762700662
0.070415400434228
-5.689579819952566
-1.385501670915759
-0.659850007291093
2.490276609820949
-1.119364205055144
2.055983061370683
-0.609701332665625
-6.026454135119662
-3.002889797693061
-0.973981439607077
1.365529689628326
3.606453687501359
-2.396772138999272
-2.116478836246356
-1.433601406084864
-3.080638005924433
1.950122436807248
-0.523188179841299
0.751278413417665
4.962166177582995
-0.100784961515085
6.131693838067693
-8.799902991493445
1.062400670639282
0.414336938933954
-1.260896121792632
-3.156641154022267
0.222167739824355
-0.483807719416527
-3.774706225882202
2.209217870172044
-1.198140074571090
5.817622343366015
3.917017195444294
-2.088265266396312
1.163180703561230
-6.048925459673577
4.618919114065990
3.742482261070974
-1.726522002863057
1.707233242478840
-6.682874405646679
-4.774871196578322
-0.610840628213541
2.101231865152959
0.372713296609152
4.363841765809682
-4.336175635008772
-0.231044413484601
0.726789293457891
1.289331215784715
-4.612613758420959
3.817090845865243
-7.499232240782266
-3.334929485630827
2.519873336100878
-0.499358387881292
0.092857223051630
1.841234608330427
2.269826549076209
-2.566120797602805
-0.351003822513733
4.114039259613442
-7.531210731493871
4.971417087641882
-1.814258222034568
-3.752076171400313
-0.880646231144980
-0.500064324614693
1.047115304205971
1.309007976551037
3.592738513400013
-2.170796974242367
1.713688486434426
4.532084178336812
0.811180714190234
1.276743213684658
-1.349966194542804
2.105701911762919
-2.127851702313507
-2.621237888043591
-0.438104940974874
-1.843223536804267
1.459400708403330
-6.060553490573819
-2.136717667131114
2.599744384965119
-2.097902226320429
-1.399111349976438
-0.359388662786578
-0.299316092976040
0.973010919347323
5.380699502671027
-4.483507335010361
1.128953532207545
-2.041138470613006
2.334868907167078
3.630901994307448
-5.119038500368580
1.421294756620078
1.455106645438878
3.784053220754753
4.681718432969842
-2.383760612569870
-2.529717100350968
-6.110401448638679
-2.507817039254371
3.154789328794844
-3.443313773582220
0.388835408912028
-4.539704234000278
1.687470998616737
1.971326168349368
2.152905313836675
4.425645999793782
6.717959688326705
-1.124363000088385
-0.014538939879547
-8.478402507547910
0.665077289281782
4.794001947748657
4.611913902256515
0.548595953811751
3.707878941797541
0.334038432687249
3.212101964073681
2.271054403816715
2.032175244522485
3.703855151607178
2.167160187843701
4.120065648348461
3.499125577774663
6.438616336619572
2.798823020095822
-0.169040409285439
-2.458157941877163
-3.460610795799774
-1.095319964731829
-2.553317190863229
6.816815598352234
-3.566349269678172
-6.239570758314904
-1.689954485034883
3.923435880896041
0.157484963937390
0.810643812073328
-4.458314019604204
-2.913383259680383
4.640560546208548
-1.167177739127567
1.353642890487849
-1.216241021233397
2.295807173245971
5.451917908747166
0.695148892993562
3.479875946898745
-2.608411336939324
1.869946889885930
0.297896117167488
5.242882236603483
-2.952079846751888
2.221795803276639
1.780422004201948
6.918055895342571
0.920113970549636
2.649343728655840
0.680010640786951
1.225912396161761
-0.921029129623133
-5.717321625126913
2.749173713525507
-2.354378816137659
2.094049115247384
1.109285972680258
7.019603240590642
-3.709406035323831
0.698067261316721
-2.012635238102607
8.183574082223769
1.275241964947366
-0.640156207150705
1.282870392642470
2.016458805806607
2.070014401888025
1.549538034226990
0.643229918243100
2.787566772047687
0.574477234798317
-4.823855139389950
4.246889417035304
-3.648628033607547
-0.834893400664121
-2.554548098122009
0.774860115706962
-1.620595530905447
-2.843421611763945
-2.970342471114814
1.902109362679894
-3.136716665101720
-0.867517148390210
2.346749875111617
3.993781419177418
-4.376901847526946
0.533849047774337
1.110907790096155
3.389794887593053
-2.755699818028426
2.827432247986525
-4.630760415943930
-0.875498236833037
-4.247462025424538
5.335311566879135
1.691586290879351
-0.398272227108307
4.131191545188247
-1.187825844129442
5.190341528623312
-4.112191246367981
-2.960819122669160
-0.338708790144861
1.332404446173487
-5.037900782574323
0.196031861659436
4.009844850556080
-4.055586136602645
5.335083650781269
-6.175119779880419
-0.616662853881554
-4.099854630619423
-1.415957844890266
-1.764267044115203
-7.042257776255754
-0.679035958674312
0.971112178990769
3.336224616220734
-1.494237627242927
-0.576139979911398
-3.798623110043447
-3.068655183709879
-0.563299117885986
-2.979718844304837
-0.320252077554861
3.243801259404729
0.509272058287771
5.027929095084647
5.081214471119185
0.150231046212003
2.391534939641893
2.009070229525289
6.198944510511078
0.534285089817341
-0.725280413056497
1.157822355900674
2.248018811878131
2.656891216346301
1.133971439726519
6.629466140447835
-2.372549244499949
-4.973862404012546
0.493611712047414
0.471573202456806
-2.878870056828342
-1.591036973607169
-7.933864201376575
-4.135690528800990
-2.475669640460338
-3.245095693736749
-1.071874671496778
4.333864584417429
4.152040416095224
-4.451996840542805
3.324431107042699
1.651533734917571
-0.611116421539249
2.615388374573225
0.398719859306792
-0.312322005370698
-2.639879435982888
-2.296384979931231
-0.717397163493773
2.440873221839365
0.472447249949733
6.737986908891220
1.324226948303264
0.425099342169681
4.009731337369990
-1.139314247490395
-0.200696300302475
-1.642708008062244
0.165088566135519
-2.859850241961037
4.903811626718223
3.186607824059205
-7.894663487884497
-3.371855539542594
-3.214481409035367
1.233075902836274
4.022895573434939
4.235224498749834
-0.828453801109280
2.867800627193535
-0.277591535620865
0.808990735610163
-1.209591670326251
2.731970163196727
-0.762585858590872
-4.136133248666129
0.330968288791449
4.541268723464424
1.030383107312417
-4.432892541084129
-3.066128492320622
-0.685673267291531
3.278353245300598
1.820137893084230
-3.904379548136925
-0.153675512884007
0.405731952399787
-0.097708782008697
-0.328610757249398
-0.677170251778944
-1.547197717509065
0.080211652071870
2.663123749013349
3.764394296842899
-2.770706291222509
0.643446463994515
3.182860646213219
-0.687685095805565
4.674050269022890
2.190669123304353
2.112374929024125
-4.225917508378558
-1.892889397428050
-1.947898248145337
-2.295136195543753
6.244012113846107
-4.706126277427612
-1.407773409266584
2.055711042278208
4.947414607620592
2.853739673119496
0.905622673359988
-6.221248850614995
-0.278199548547479
-3.453289283812089
-1.595572116446725
-4.938570455006623
-0.478751482318573
-5.107299716344643
3.879351198257080
-0.773007776548728
-1.358599394737143
-2.691078878267494
0.094618412945073
1.638836444550415
-0.783023464610068
-2.437570907546283
-4.516194661854367
0.737200406140224
0.877083870798721
0.884461994892508
-3.553662491466955
3.255920594733178
3.954807015878119
-1.552425367520649
3.324815901404027
1.081411785236121
5.267841028516035
4.161560986920304
-2.633383966599298
6.063035760011757
3.077210102608728
-1.644004344843059
-0.661961280015428
-1.625454399131046
3.137555795588664
-1.029773294092115
1.599189925207679
-0.779774888222615
-2.058733043956898
-4.050251155320425
-5.525010695125147
2.349442682286626
2.473081314477712
1.046462313621717
0.111654642154539
0.375204925748643
0.764263200087449
-0.840225865303938
0.523216957157205
3.553683933095482
7.051807525410065
-0.869637590595462
-0.014021374560728
-5.245993458163740
0.665206717196960
-0.720279610843958
1.638768454709570
-2.043700335402087
0.372983737185611
-2.190386647187044
0.993415609472646
0.643202086256664
1.094088419952477
3.552638573962203
-3.049251666453535
0.846631966400520
-3.164432565479865
0.280398067054137
3.505640087772234
0.201486715790644
0.614521873199195
4.888304359922794
-1.843351409556447
-2.762611067522936
5.339277203766579
-1.205658490701739
-3.527787431266080
1.765549069709344
-3.178523221207314
1.727733043967529
4.900038673280284
4.835648695430861
-2.153397618248313
-4.054967084317073
-4.180731286177343
-0.466114302653193
-2.772121144946551
5.096723240350000
4.148449265855347
-4.717127217740058
1.998784949756788
-1.299037173818836
-3.005981751775168
3.824616034429753
5.755427434224610
0.696979957558640
1.919306912865424
-2.559491204306783
-6.264379261998035
0.670810332367728
2.367177652488110
0.230584917686323
-5.247287831013120
0.810331977064037
0.125687133287513
2.320990650726453
-1.065054176847851
1.411063478338714
1.395976922481442
-1.494883204480954
2.329996596181346
2.734785258976425
3.106196854670261
3.965191285757350
0.065703005241595
1.139458705851302
-3.084869569730269
1.303018803541422
5.603245566708009
-3.224293136349403
3.507096045725132
-2.629849979084506
-2.040040135294807
-3.023266518273970
-2.979525066531281
1.843214639638908
-4.354614321008405
-7.230475356414146
0.503781980657164
4.334614909030759
1.799781147145116
0.543759498418537
3.813155315070997
-1.356990741784899
2.864042319221761
4.845368072846401
1.231151444383446
7.610358983097069
-2.618436426652493
-4.928733408407891
-0.785084564137966
-0.877336405476228
0.630962377863871
0.331522089544180
1.090365609144005
0.934672351918742
3.949772986217189
-1.908705639155056
0.278647844642660
3.767417088149210
2.075494207728174
1.271115953822870
0.985572197159963
-5.131042335311816
1.412536895786860
-3.640680456906596
1.632115332782345
-1.872814817812961
2.413172403205207
2.177932407270981
0.110949858880098
1.669552235678120
2.441337411915242
1.742039167368290
-1.100702110214557
8.298886801023093
1.695034665697107
-4.639996515389804
-4.687252807527844
-3.514826392508370
-0.079423906660510
-3.884179019742145
-1.959155437717930
-1.145230352749369
2.892069774991062
2.197846342165241
-5.062101610923270
-3.087717355054575
-0.529771041321943
-0.508093262146838
2.734707258728199
1.716465562660284
-0.686855013994965
0.868330462550216
-2.426550369008109
0.116870214620959
1.038835872058706
-3.207691772594861
-3.297491057701779
0.761760721921993
3.222519312919841
-6.412712457703615
2.288662957699454
-3.349778181638852
-2.378558608064394
1.071575340122408
-3.791268560902582
3.690916654640587
0.670782456781185
0.539106401534465
2.238089703217146
-0.796787226756058
-2.832100054945053
2.087456664308408
-1.552223382371829
-0.207843927159797
2.184844007588843
3.658108290760762
1.462681265015811
1.142100893111349
0.927192383485247
-0.791429895386874
2.429800134916999
-3.475255916171165
1.483322953966019
1.656552635505701
0.717530086400041
4.674449251038470
0.140414387563238
3.504076174456871
0.809775704701103
-2.354981087815893
-2.513730776620080
1.033693293653282
4.061009596150013
0.419937819907200
-2.143008438172605
-4.585983893106592
0.722242626788303
3.783898161486948
0.190702554618295
0.243740151707086
-1.157167327791076
0.350979573986785
-3.550603973101745
1.035796524517354
5.331187961634041
-0.337160387787397
-1.789450001630484
-0.549775567896591
-4.245294132984253
-7.979438976091886
-2.586130772393973
1.066140210922254
1.831686673326383
-1.680144538229692
-1.651589990968539
2.761203845116058
-1.062827198016031
-3.186342959524143
-3.888349027516123
-1.258851787292121
1.298335547771682
0.828999657169264
0.715424022983073
0.594481077223286
-2.108002493923631
0.128474983137692
-1.018344678179432
2.258727782546498
-0.395394911995183
-0.000655570760081
-3.366990013630467
1.209301163432676
4.693186611940551
-3.444709261049804
0.346256381405901
-1.999273525823694
0.051548912110661
-1.186764354385479
-3.425605766546823
2.160692921553464
-0.410500891507034
-2.283195457119742
-0.321984377381443
1.058996587406510
-3.795386611619108
-3.043813715734507
1.127419833029941
-0.512244618428522
-0.298336087529708
-0.191626127261994
-1.633696885398357
2.494671493684807
-0.298838021000016
-2.963448418340191
0.461726129977583
4.634752866129110
1.276410657834291
1.310299822386985
2.517069135477975
0.342054675532224
1.012269949242743
0.980068957730514
0.748622349639158
-0.812536100244198
-3.251052196547376
2.791303733906221
0.514364310469746
-0.804216809543211
1.088633195272463
-2.011164759284871
0.214645889375478
-4.422558581604616
2.597588618193024
-0.796520098561345
1.189182687849272
-2.086888331423844
-0.537896296171133
-4.266666546355674
-3.193268052061121
1.299276305930934
6.128449330117940
-2.944235712847035
-1.706832180153848
-3.295435898412388
0.129821670744823
-2.008497444066960
2.361244909417390
-0.332898102493035
1.835171533448565
4.633699430858417
1.165482662090175
-2.318950251473814
-3.968380569589990
1.586371438198432
4.266068808570042
0.729438738185172
-1.308860069942653
-2.084880247268639
-8.006021041614611
4.531079736009079
0.304080226696365
-4.242151779793474
-2.606170224770945
-4.210882383215777
1.737746016530347
-1.161631102490199
7.160348169099046
0.455963971755949
-4.020952626659284
2.639051002230921
-4.034647527154541
-5.479104809797963
3.369509676941108
-2.531724422078165
3.306996718870935
1.305607418801796
0.842957297265852
-5.137572277095748
6.761725704226539
-4.521541362664919
3.002970918299660
1.669587022240580
-0.243077461797371
3.860788830598377
-4.632973534488103
-2.057440884993597
6.382425632052422
2.280874046636889
-2.015109995868460
3.841557607364016
2.897446941962568
-0.451390691607280
-0.961746444935547
3.607173639762808
1.824940213501266
1.313657520510372
0.857457874180932
-2.510245954115001
0.847221359351147
-1.817775738288158
-0.285333018488353
-0.357180317864000
-1.155272456163701
0.971747339081390
1.093877406623712
-1.287234462304865
-2.032344403489903
-6.523013939846292
1.069105406615692
7.880479464072773
-2.201860511779807
0.424445443151194
1.159326228823186
-1.506075737303117
-4.377445321259873
5.760243630956154
1.747833837168172
-2.223193512202781
3.400629113314261
-1.055638768891399
-0.283706467556010
0.551320688081958
-0.604468649372326
4.416249679213939
0.132381670810389
-5.890896982818289
3.840507080904853
-4.690607242388889
-3.843420429331215
2.375998145340620
1.787790037274188
2.832263072801020
-2.371322025728414
-2.170667242216473
-1.324058242450923
2.976918433134432
1.722525583408039
1.364002274540354
0.128185458444368
3.217685652215308
3.515112505752991
-0.225067244512217
1.207790553661760
-0.263056206613772
-3.033649354727275
2.632584534437249
-0.701732940018688
-1.951909029141121
5.649655321831705
3.185010431547708
5.017838844509677
-1.187784595751405
0.340995654519408
-0.119183477268817
-1.743819579306055
-5.960401007466473
1.782104504861028
2.267806127702425
1.169773662136117
-0.444388751556584
1.661994352886475
-2.070162881737652
-2.641963507015905
-2.698364163222040
1.560244357593568
7.874825659822204
-5.496176311900886
0.222196820236095
1.639230602153539
-4.184593790341596
-1.285128413596035
2.110443987495347
-0.126023400033378
-1.290399092874223
0.040089028108785
2.834110028233209
-1.575054914139082
0.662990898810909
-4.057213052457960
0.616073490835955
-1.606802541309476
-1.775197166699320
-0.035003712187887
3.543598127990323
-1.150099541809430
-2.257430539743996
1.520553143742100
4.194419846397287
1.897234445974252
-2.398046526565622
-7.326037944748538
3.135073300561634
-4.119945026529814
-2.059023700068275
-2.545565436341966
-3.976201961926620
-1.279842187162101
4.649406611079113
-3.772397433390550
3.533872960488610
0.681985314853831
2.337568144595155
2.552613131414264
-2.582748886684636
-3.105501330996309
4.571218547480482
1.594506803391879
0.090405486577223
-0.872685691933666
2.216785089694112
-3.814445556652413
-0.192605284711461
-0.226235198935031
0.230876298138084
3.149256269366783
1.553534677096030
-0.889946045924815
-1.697317066430530
-0.569055765941171
1.379544102097382
1.965442199882018
-3.260317461701977
-2.618188426417969
-5.321730698237687
-5.257957918436806
-3.049370667196639
1.018274232643223
-3.509683483910252
0.447839859260437
-5.082556140139038
-3.102746239107868
-4.554159410274659
3.999804267743660
1.207852451009732
5.239662967434618
-0.204192552042598
-0.940832898949748
-0.329723003338388
-1.785471489495345
-4.160124102446135
-2.286543923268325
-3.558136697344247
-5.084542944441697
-1.701386774014718
-4.481750116427998
0.563766216797768
1.628935811196605
5.615871929596249
-0.767266271839217
0.285341261657274
1.654886303518031
1.969012874831084
-3.582854086469265
4.747462943199038
4.227498170159867
-0.949800185708716
1.271487584423423
-1.038498062500690
1.735746551903133
-0.406020111096657
-0.566651418183223
1.655135093460604
3.895252999540868
2.541981182500008
5.934253007561280
-3.616340880447969
-5.681012873374872
2.217106582032337
1.749599377091831
-2.690415819473113
-2.623297879710501
-0.534441977653738
0.470631956482017
2.806207867980047
-0.330051833834843
-1.354239202173105
0.296106471945961
6.342630658653575
5.817275407687984
1.438441186665135
-0.124139455247439
-0.993356176125915
2.833594213996768
1.023940320369025
1.641722587202120
0.328448232974707
-0.759446943526649
2.118820940845723
1.404648991181855
-5.506355534513189
1.508116468040894
4.872597680900850
0.892492518868138
0.457971463702916
1.736900022914351
5.995594343368728
3.376664091311962
-3.862837395352405
0.743616126581115
0.792199917307191
-5.991368231852470
-5.836615073541028
0.179661329814377
4.918499557250278
3.227815266500031
-4.061457494207408
0.217270512107819
-0.926324943341930
6.792253545077128
5.853283368517794
-3.930082461537601
0.424261176336355
0.616669710664856
-2.241644704322973
0.743377091608574
-2.469038448680400
1.648229512820892
4.601729929786864
2.155792100304174
1.374120910069748
6.218643911958708
2.885315904167282
-3.555719879057866
-0.622061505558482
3.778083277064937
1.330436352180811
3.087619278453498
-0.843016256734286
3.325762108862785
2.194483937856446
1.544361187576575
-4.770407224383524
-0.468121369505472
1.875690607956805
2.112637393144177
0.454930320940000
-1.004304658030340
-3.715585845729337
2.262692366236784
-5.956872781692737
1.843447809060688
-1.197035555998452
1.563184954720333
5.788095143801560
-2.021400973445755
-0.986773649678565
1.934655120758552
1.089256119121643
-1.678055295611450
3.507198864771921
-1.085283600164798
-3.407522154092290
1.647786809636809
0.370999607390653
-0.460742715011469
0.521400602324527
0.835856790668557
-7.011442188279239
4.988436448882040
-6.625233265443762
-1.134029197053772
-3.268462558640018
-0.467901880122012
3.471704452317819
-6.230134245527981
-3.690135844763107
-1.759607685440079
-3.581656126528034
3.543716644677451
-2.541638464898820
-4.654442144678311
0.951854005055170
-2.250940409857286
0.783117834834540
-1.665638409461221
-5.771332594943702
0.040528561175572
-6.149002620958384
5.276496448810823
4.167187767851892
-0.276053821520227
-4.965578222430871
1.564336878247288
1.656245173220827
-1.962731099184886
-1.808457669585831
-2.200899020093246
-0.877364655359914
3.174942201329009
-0.536667265553232
-0.379770934466694
-4.444128633995379
0.044236244490410
0.875220020106949
-0.932103598082574
1.737760612157540
-0.940320175700921
5.281673145756515
-2.683229579264947
-2.877364658407900
-1.905483355535340
-1.798293123120882
5.151444818418214
-0.647259845296883
0.794857351021704
2.618249497007042
-0.297135108967904
-6.283690423255824
5.212537148364602
